id,label
A5009027337,artificial intelligence
A5079098245,artificial intelligence
A5028089542,artificial intelligence
A5038199341,artificial intelligence
A5016137188,artificial intelligence
A5045551068,machine learning
A5034957233,programming language
A5078909305,artificial intelligence
A5045016749,artificial intelligence
A5036593483,artificial intelligence
A5070023776,data science
A5017031238,machine learning
A5069856068,machine learning
A5073896055,artificial intelligence
A5080143897,machine learning
A5060631616,artificial intelligence
A5070095367,artificial intelligence
A5017652322,artificial intelligence
A5077267552,artificial intelligence
A5006989512,artificial intelligence
A5017908221,artificial intelligence
A5085709919,artificial intelligence
A5007830129,artificial intelligence
A5001763022,artificial intelligence
A5023706999,artificial intelligence
A5016073964,artificial intelligence
A5082776956,machine learning
A5056339289,knowledge management
A5010097254,artificial intelligence
A5055416007,artificial intelligence
A5001052072,artificial intelligence
A5082429225,artificial intelligence
A5049312755,artificial intelligence
A5074093929,artificial intelligence
A5022860483,machine learning
A5047269552,artificial intelligence
A5091500375,artificial intelligence
A5021292869,artificial intelligence
A5027686108,artificial intelligence
A5031896681,programming language
A5014293815,programming language
A5037237895,artificial intelligence
A5012703845,artificial intelligence
A5082354765,artificial intelligence
A5037804822,artificial intelligence
A5024803432,artificial intelligence
A5043211393,artificial intelligence
A5007922392,programming language
A5037339239,data mining
A5052922425,artificial intelligence
A5030543825,artificial intelligence
A5046992958,artificial intelligence
A5074486419,artificial intelligence
A5031002895,artificial intelligence
A5032997049,artificial intelligence
A5016794035,artificial intelligence
A5042544900,operating system
A5046096141,natural language processing
A5028329886,artificial intelligence
A5091272738,artificial intelligence
A5004857788,data mining
A5089065417,programming language
A5079226639,machine learning
A5032231503,operating system
A5081839926,artificial intelligence
A5060026407,data science
A5039132898,artificial intelligence
A5036930517,artificial intelligence
A5065172367,artificial intelligence
A5000975435,artificial intelligence
A5085432173,artificial intelligence
A5058475882,artificial intelligence
A5033473979,natural language processing
A5043585155,artificial intelligence
A5059447967,artificial intelligence
A5008608861,multimedia
A5060859546,artificial intelligence
A5001499305,artificial intelligence
A5062247805,computer security
A5047787744,artificial intelligence
A5035627933,artificial intelligence
A5074815650,artificial intelligence
A5028939608,artificial intelligence
A5070868769,artificial intelligence
A5018293076,artificial intelligence
A5040469982,artificial intelligence
A5031996018,machine learning
A5081397718,artificial intelligence
A5039457944,artificial intelligence
A5085618063,machine learning
A5061617652,artificial intelligence
A5042646536,artificial intelligence
A5061655577,artificial intelligence
A5063028120,natural language processing
A5068894876,computer security
A5053890837,artificial intelligence
A5051522702,artificial intelligence
A5016132786,artificial intelligence
A5044228364,artificial intelligence
A5004666840,artificial intelligence
A5084306737,artificial intelligence
A5066960775,artificial intelligence
A5068882233,artificial intelligence
A5015647255,operating system
A5051588553,artificial intelligence
A5046971896,artificial intelligence
A5047871627,artificial intelligence
A5039563504,artificial intelligence
A5024300982,artificial intelligence
A5015067771,artificial intelligence
A5046337437,artificial intelligence
A5039687135,artificial intelligence
A5009505287,operating system
A5042833743,artificial intelligence
A5017474506,artificial intelligence
A5011775237,artificial intelligence
A5049184990,artificial intelligence
A5066535902,programming language
A5031869815,artificial intelligence
A5014667779,artificial intelligence
A5044940414,artificial intelligence
A5003799782,artificial intelligence
A5083767132,artificial intelligence
A5031910872,machine learning
A5059723521,machine learning
A5035248263,artificial intelligence
A5079252402,artificial intelligence
A5033094253,operating system
A5089260563,artificial intelligence
A5017764759,artificial intelligence
A5035860204,artificial intelligence
A5012809314,artificial intelligence
A5085327004,artificial intelligence
A5087112265,world wide web
A5087470453,artificial intelligence
A5065729711,operating system
A5053508392,artificial intelligence
A5002347804,artificial intelligence
A5034078369,artificial intelligence
A5060050845,artificial intelligence
A5036740267,operating system
A5066069494,operating system
A5080144598,operating system
A5039781735,artificial intelligence
A5049049580,artificial intelligence
A5082805490,artificial intelligence
A5046734130,natural language processing
A5046605498,artificial intelligence
A5054776685,artificial intelligence
A5048650003,artificial intelligence
A5023718023,artificial intelligence
A5044817499,machine learning
A5022886322,programming language
A5051879845,computer vision
A5083242590,artificial intelligence
A5072558035,artificial intelligence
A5016606943,artificial intelligence
A5053064852,artificial intelligence
A5047580007,artificial intelligence
A5087638723,artificial intelligence
A5061846947,natural language processing
A5028793301,artificial intelligence
A5032119888,artificial intelligence
A5021346979,world wide web
A5053938061,world wide web
A5050099046,world wide web
A5007201391,artificial intelligence
A5081318069,programming language
A5027629530,artificial intelligence
A5007287967,artificial intelligence
A5085067496,programming language
A5063313173,artificial intelligence
A5056086147,artificial intelligence
A5070093758,artificial intelligence
A5036503167,artificial intelligence
A5089923187,artificial intelligence
A5082946919,artificial intelligence
A5017042977,artificial intelligence
A5030936455,artificial intelligence
A5019559411,artificial intelligence
A5015728115,operating system
A5005279285,artificial intelligence
A5024815120,natural language processing
A5045603108,artificial intelligence
A5048236318,artificial intelligence
A5090683554,world wide web
A5044946197,artificial intelligence
A5039107676,machine learning
A5084566253,artificial intelligence
A5027303084,data science
A5077554326,data science
A5010519712,artificial intelligence
A5012141433,artificial intelligence
A5064383410,artificial intelligence
A5028799485,artificial intelligence
A5038132985,artificial intelligence
A5052772501,artificial intelligence
A5062946437,artificial intelligence
A5017716310,artificial intelligence
A5016330764,artificial intelligence
A5031138348,artificial intelligence
A5010606032,artificial intelligence
A5076464455,artificial intelligence
A5038228433,artificial intelligence
A5056253282,artificial intelligence
A5005650700,artificial intelligence
A5027464929,artificial intelligence
A5036922218,machine learning
A5017600653,machine learning
A5042488865,programming language
A5074751992,machine learning
A5062077940,artificial intelligence
A5067046312,artificial intelligence
A5010434536,artificial intelligence
A5089608099,computer network
A5030789783,operating system
A5043742139,artificial intelligence
A5043758494,artificial intelligence
A5022617601,operating system
A5050466935,artificial intelligence
A5042872489,machine learning
A5001189952,programming language
A5069094205,artificial intelligence
A5013078154,artificial intelligence
A5049829177,artificial intelligence
A5039205000,artificial intelligence
A5088135807,artificial intelligence
A5021111688,theoretical computer science
A5039901252,artificial intelligence
A5029215323,artificial intelligence
A5042645593,artificial intelligence
A5013198945,artificial intelligence
A5040845666,artificial intelligence
A5078043213,artificial intelligence
A5057612518,machine learning
A5023550580,machine learning
A5012720814,artificial intelligence
A5030821429,machine learning
A5076498667,artificial intelligence
A5082464861,artificial intelligence
A5077747165,artificial intelligence
A5080691948,artificial intelligence
A5087542455,artificial intelligence
A5024959395,artificial intelligence
A5045748246,artificial intelligence
A5085656370,programming language
A5016315238,artificial intelligence
A5014155376,artificial intelligence
A5012308850,artificial intelligence
A5061346888,programming language
A5082471864,operating system
A5044165385,artificial intelligence
A5080868349,artificial intelligence
A5080393680,artificial intelligence
A5009771192,natural language processing
A5008557898,data science
A5015220542,machine learning
A5091711243,artificial intelligence
A5028184409,operating system
A5018599588,operating system
A5064342876,artificial intelligence
A5026180361,operating system
A5056969631,artificial intelligence
A5004048723,artificial intelligence
A5085619360,machine learning
A5083141026,artificial intelligence
A5082181724,machine learning
A5005273293,machine learning
A5036875173,machine learning
A5057920673,machine learning
A5084652023,machine learning
A5062358756,machine learning
A5079405118,machine learning
A5012572227,machine learning
A5067324209,machine learning
A5066351389,artificial intelligence
A5047695560,operating system
A5058307363,artificial intelligence
A5024384625,operating system
A5056420801,artificial intelligence
A5053629394,artificial intelligence
A5015587020,artificial intelligence
A5052686664,data mining
A5004213897,data mining
A5018851970,artificial intelligence
A5090666420,artificial intelligence
A5035908112,artificial intelligence
A5047922190,world wide web
A5042913858,artificial intelligence
A5016713725,artificial intelligence
A5062547360,artificial intelligence
A5065716990,operating system
A5056512471,operating system
A5041140653,artificial intelligence
A5063336422,artificial intelligence
A5014654464,artificial intelligence
A5008583848,artificial intelligence
A5037384838,artificial intelligence
A5018712863,artificial intelligence
A5001915865,computer vision
A5016028290,computer vision
A5072178993,artificial intelligence
A5007894431,computer vision
A5059102819,artificial intelligence
A5061837862,artificial intelligence
A5011692142,artificial intelligence
A5050213001,machine learning
A5081305138,artificial intelligence
A5067597688,artificial intelligence
A5004206574,artificial intelligence
A5083511107,operating system
A5039553919,artificial intelligence
A5007171832,artificial intelligence
A5089713497,artificial intelligence
A5010560354,artificial intelligence
A5045802198,artificial intelligence
A5046249714,artificial intelligence
A5016246712,artificial intelligence
A5009299240,artificial intelligence
A5032965630,artificial intelligence
A5047360962,artificial intelligence
A5034939930,artificial intelligence
A5064869431,artificial intelligence
A5049250210,artificial intelligence
A5043371053,artificial intelligence
A5009938209,data science
A5084837357,artificial intelligence
A5023729638,artificial intelligence
A5082942970,operating system
A5068573637,artificial intelligence
A5091671626,artificial intelligence
A5073923543,database
A5081706559,artificial intelligence
A5069192725,artificial intelligence
A5074753684,machine learning
A5055008398,operating system
A5071047366,artificial intelligence
A5068626745,artificial intelligence
A5034657358,artificial intelligence
A5069573186,artificial intelligence
A5079193770,artificial intelligence
A5069501244,artificial intelligence
A5033874315,artificial intelligence
A5010522483,artificial intelligence
A5034094338,artificial intelligence
A5052603906,artificial intelligence
A5075901752,artificial intelligence
A5006658471,artificial intelligence
A5003253553,artificial intelligence
A5032997589,artificial intelligence
A5032886673,artificial intelligence
A5030485362,artificial intelligence
A5050671822,artificial intelligence
A5041403630,artificial intelligence
A5048421483,artificial intelligence
A5006734834,artificial intelligence
A5048325407,artificial intelligence
A5069577168,artificial intelligence
A5039610520,artificial intelligence
A5011290120,artificial intelligence
A5049986671,machine learning
A5051056050,machine learning
A5050627433,artificial intelligence
A5058918990,artificial intelligence
A5057217204,artificial intelligence
A5022485637,artificial intelligence
A5001270995,artificial intelligence
A5064149356,artificial intelligence
A5047709045,artificial intelligence
A5005504727,artificial intelligence
A5060706588,computer network
A5047825950,computer network
A5048608411,operating system
A5091908304,data mining
A5014655114,natural language processing
A5057455578,artificial intelligence
A5084377510,artificial intelligence
A5064586240,artificial intelligence
A5066983455,artificial intelligence
A5063307502,artificial intelligence
A5082955124,artificial intelligence
A5060011738,artificial intelligence
A5056212950,artificial intelligence
A5085197012,artificial intelligence
A5036375893,artificial intelligence
A5011975016,artificial intelligence
A5003039500,artificial intelligence
A5019973225,artificial intelligence
A5030925160,artificial intelligence
A5004967317,artificial intelligence
A5086510898,artificial intelligence
A5037620729,artificial intelligence
A5007400998,machine learning
A5037457090,artificial intelligence
A5000062069,machine learning
A5072027236,artificial intelligence
A5037102800,artificial intelligence
A5030551100,programming language
A5005707351,knowledge management
A5016484525,artificial intelligence
A5073095019,artificial intelligence
A5022095958,artificial intelligence
A5076204770,world wide web
A5072789298,artificial intelligence
A5000506517,artificial intelligence
A5044091222,artificial intelligence
A5086009293,artificial intelligence
A5064295920,artificial intelligence
A5013370088,artificial intelligence
A5078478639,artificial intelligence
A5070660412,artificial intelligence
A5041874420,artificial intelligence
A5037853382,natural language processing
A5070083527,operating system
A5083611404,operating system
A5043809260,artificial intelligence
A5071906892,artificial intelligence
A5016375683,artificial intelligence
A5016399094,artificial intelligence
A5008843158,artificial intelligence
A5089112142,artificial intelligence
A5002842866,artificial intelligence
A5050987183,artificial intelligence
A5054952724,artificial intelligence
A5059351460,artificial intelligence
A5059853805,artificial intelligence
A5052730753,machine learning
A5026062446,artificial intelligence
A5054922583,artificial intelligence
A5088742665,artificial intelligence
A5042237070,computer vision
A5023539744,artificial intelligence
A5071917259,artificial intelligence
A5000787690,computer network
A5010851725,artificial intelligence
A5048973462,operating system
A5073633386,artificial intelligence
A5050691990,artificial intelligence
A5005058553,artificial intelligence
A5036840301,artificial intelligence
A5066844292,computer vision
A5027417114,artificial intelligence
A5027850521,operating system
A5015278961,artificial intelligence
A5029060737,machine learning
A5067555843,machine learning
A5070194221,machine learning
A5063265782,operating system
A5086695777,computer security
A5058262411,artificial intelligence
A5041877336,operating system
A5005837856,artificial intelligence
A5025058941,artificial intelligence
A5017922679,artificial intelligence
A5018732292,computer security
A5004116961,world wide web
A5065878227,artificial intelligence
A5050636888,artificial intelligence
A5088760121,artificial intelligence
A5027550691,artificial intelligence
A5058939368,computer network
A5082179994,computer vision
A5003982643,artificial intelligence
A5058029021,artificial intelligence
A5027453687,artificial intelligence
A5055446583,artificial intelligence
A5049066010,artificial intelligence
A5090320352,artificial intelligence
A5012275958,artificial intelligence
A5061536058,artificial intelligence
A5067657214,machine learning
A5025106447,machine learning
A5089327351,machine learning
A5007361429,machine learning
A5006710481,artificial intelligence
A5061319881,information retrieval
A5048658341,artificial intelligence
A5005074165,theoretical computer science
A5086422507,artificial intelligence
A5002250184,artificial intelligence
A5043098453,artificial intelligence
A5046448314,artificial intelligence
A5040568269,artificial intelligence
A5009056549,artificial intelligence
A5026597269,operating system
A5080942074,artificial intelligence
A5034253968,artificial intelligence
A5040935964,artificial intelligence
A5027711778,artificial intelligence
A5090751288,computer security
A5066391548,artificial intelligence
A5000624422,operating system
A5061682032,artificial intelligence
A5039180428,artificial intelligence
A5055660110,world wide web
A5068768998,artificial intelligence
A5061908942,artificial intelligence
A5070025333,artificial intelligence
A5050410653,artificial intelligence
A5039810279,operating system
A5024581998,artificial intelligence
A5044989555,artificial intelligence
A5004181940,computer security
A5066098595,computer security
A5035107880,programming language
A5039019347,programming language
A5090842450,artificial intelligence
A5089609598,machine learning
A5084296874,programming language
A5078508874,artificial intelligence
A5029763803,machine learning
A5041711577,artificial intelligence
A5030391938,artificial intelligence
A5008484068,artificial intelligence
A5062345880,artificial intelligence
A5063184621,artificial intelligence
A5068831718,artificial intelligence
A5067688847,artificial intelligence
A5018926238,artificial intelligence
A5062453217,artificial intelligence
A5057105042,artificial intelligence
A5079112003,artificial intelligence
A5088177576,artificial intelligence
A5081589852,computer network
A5002154840,artificial intelligence
A5032586510,artificial intelligence
A5069211289,multimedia
A5080965007,machine learning
A5032578396,machine learning
A5057538550,data mining
A5022699013,artificial intelligence
A5078452051,artificial intelligence
A5071681891,artificial intelligence
A5065040154,artificial intelligence
A5074216056,artificial intelligence
A5024107541,machine learning
A5059963141,data mining
A5090934117,database
A5063639597,knowledge management
A5035919267,operating system
A5091266202,operating system
A5021590359,artificial intelligence
A5072729126,artificial intelligence
A5041813158,artificial intelligence
A5007237462,artificial intelligence
A5042916844,operating system
A5085867312,artificial intelligence
A5060656142,artificial intelligence
A5062036284,operating system
A5016547705,artificial intelligence
A5044129236,artificial intelligence
A5084937471,operating system
A5010612676,artificial intelligence
A5042423207,artificial intelligence
A5079450474,artificial intelligence
A5007814653,artificial intelligence
A5021590630,operating system
A5007992576,operating system
A5022649488,computer network
A5085560176,operating system
A5042460024,operating system
A5052800617,programming language
A5077817630,artificial intelligence
A5071931582,artificial intelligence
A5002294199,artificial intelligence
A5086950980,artificial intelligence
A5037622959,artificial intelligence
A5016865616,artificial intelligence
A5070049696,artificial intelligence
A5060999492,artificial intelligence
A5049700514,artificial intelligence
A5043408232,artificial intelligence
A5072826445,artificial intelligence
A5075826136,artificial intelligence
A5003200620,computer network
A5052671825,computer network
A5047680302,computer network
A5087391093,computer vision
A5082325811,artificial intelligence
A5029291290,artificial intelligence
A5063684561,artificial intelligence
A5032919897,artificial intelligence
A5034036320,artificial intelligence
A5023864111,artificial intelligence
A5026495223,machine learning
A5019922184,artificial intelligence
A5034893368,artificial intelligence
A5020249507,artificial intelligence
A5023384568,artificial intelligence
A5035867976,artificial intelligence
A5053341177,artificial intelligence
A5033686677,computer vision
A5079307189,artificial intelligence
A5035088568,artificial intelligence
A5090197833,machine learning
A5052922969,artificial intelligence
A5049548326,artificial intelligence
A5059882053,programming language
A5027797605,artificial intelligence
A5038000226,artificial intelligence
A5061734257,operating system
A5068484674,artificial intelligence
A5012403326,data science
A5089947531,artificial intelligence
A5034957065,artificial intelligence
A5091323624,artificial intelligence
A5002099862,artificial intelligence
A5028574557,artificial intelligence
A5075668011,artificial intelligence
A5027317977,artificial intelligence
A5089444805,artificial intelligence
A5042584066,artificial intelligence
A5055689400,artificial intelligence
A5078340555,artificial intelligence
A5017873450,knowledge management
A5045767808,knowledge management
A5008897549,knowledge management
A5064523330,database
A5070327607,artificial intelligence
A5023183404,artificial intelligence
A5077971248,artificial intelligence
A5036405267,artificial intelligence
A5081327275,operating system
A5004886061,speech recognition
A5081406386,speech recognition
A5086526935,knowledge management
A5046532358,artificial intelligence
A5034635671,artificial intelligence
A5004186327,computer vision
A5026815378,artificial intelligence
A5070711650,operating system
A5025241006,machine learning
A5063912131,machine learning
A5015876786,machine learning
A5033228504,computer vision
A5079293684,artificial intelligence
A5009674136,artificial intelligence
A5004783243,artificial intelligence
A5023138124,artificial intelligence
A5009085292,artificial intelligence
A5070995194,artificial intelligence
A5035342520,artificial intelligence
A5022559166,artificial intelligence
A5014135635,artificial intelligence
A5088842870,artificial intelligence
A5084333271,artificial intelligence
A5025662485,artificial intelligence
A5082032269,artificial intelligence
A5032746152,artificial intelligence
A5000268019,artificial intelligence
A5017132748,artificial intelligence
A5066778920,artificial intelligence
A5019419996,artificial intelligence
A5039464384,artificial intelligence
A5049606008,artificial intelligence
A5073839838,artificial intelligence
A5003941679,artificial intelligence
A5050154865,artificial intelligence
A5086545515,artificial intelligence
A5041395889,artificial intelligence
A5026990034,artificial intelligence
A5002528182,artificial intelligence
A5014379074,machine learning
A5049923911,machine learning
A5078874851,artificial intelligence
A5005125538,computer network
A5040147387,computer network
A5088384986,operating system
A5079782678,data science
A5020801861,machine learning
A5059826957,machine learning
A5050728900,artificial intelligence
A5037451902,artificial intelligence
A5073285394,artificial intelligence
A5009196125,programming language
A5050739558,operating system
A5077264510,artificial intelligence
A5085542421,artificial intelligence
A5053906818,artificial intelligence
A5005741469,artificial intelligence
A5065221860,artificial intelligence
A5072797821,operating system
A5020629689,machine learning
A5068761857,artificial intelligence
A5040911847,artificial intelligence
A5082842381,artificial intelligence
A5073971388,natural language processing
A5054979488,natural language processing
A5003200373,natural language processing
A5002544391,artificial intelligence
A5004580149,artificial intelligence
A5012720554,computer network
A5025649497,artificial intelligence
A5073568638,artificial intelligence
A5010766325,artificial intelligence
A5063764379,artificial intelligence
A5048667897,artificial intelligence
A5073529648,artificial intelligence
A5054917794,artificial intelligence
A5068504294,artificial intelligence
A5062033062,artificial intelligence
A5009747442,database
A5062756898,operating system
A5066621471,artificial intelligence
A5086558126,programming language
A5032132302,world wide web
A5060779928,data science
A5029999345,operating system
A5065664393,artificial intelligence
A5000179526,artificial intelligence
A5066462569,artificial intelligence
A5084563518,artificial intelligence
A5010807110,programming language
A5080364245,operating system
A5036373073,artificial intelligence
A5032158234,machine learning
A5080367267,artificial intelligence
A5072912301,machine learning
A5054607181,artificial intelligence
A5062215861,artificial intelligence
A5086053075,artificial intelligence
A5064070864,artificial intelligence
A5070661537,artificial intelligence
A5049078134,artificial intelligence
A5048113718,artificial intelligence
A5055256443,operating system
A5056690478,artificial intelligence
A5034642813,artificial intelligence
A5012243761,theoretical computer science
A5074947894,artificial intelligence
A5035799727,artificial intelligence
A5039640316,artificial intelligence
A5031522109,artificial intelligence
A5019942520,artificial intelligence
A5070391903,artificial intelligence
A5052955169,artificial intelligence
A5059196385,artificial intelligence
A5043026526,artificial intelligence
A5048560390,artificial intelligence
A5023882029,artificial intelligence
A5042417199,artificial intelligence
A5015868116,artificial intelligence
A5086003466,artificial intelligence
A5075301188,operating system
A5015370317,data science
A5081589234,artificial intelligence
A5067610354,artificial intelligence
A5044233387,artificial intelligence
A5038514283,artificial intelligence
A5021226854,artificial intelligence
A5027063601,artificial intelligence
A5004913523,machine learning
A5077910569,artificial intelligence
A5037929966,computer security
A5059337980,artificial intelligence
A5024386765,artificial intelligence
A5025074757,artificial intelligence
A5008462886,artificial intelligence
A5029269241,operating system
A5032086117,programming language
A5066095735,artificial intelligence
A5000039831,computer vision
A5085011444,artificial intelligence
A5014236544,artificial intelligence
A5054225034,artificial intelligence
A5011466065,artificial intelligence
A5019489166,operating system
A5006166354,artificial intelligence
A5034089074,operating system
A5085634615,artificial intelligence
A5083573588,artificial intelligence
A5078328333,artificial intelligence
A5047168561,operating system
A5051641702,artificial intelligence
A5021872235,data science
A5021677581,data science
A5002389217,machine learning
A5055163091,operating system
A5062305704,artificial intelligence
A5036684787,artificial intelligence
A5080861830,artificial intelligence
A5077138123,operating system
A5073524725,world wide web
A5090641820,artificial intelligence
A5069242941,artificial intelligence
A5025122566,artificial intelligence
A5005403451,artificial intelligence
A5024005463,artificial intelligence
A5002855938,artificial intelligence
A5006717690,artificial intelligence
A5049638450,artificial intelligence
A5030131254,artificial intelligence
A5026415911,artificial intelligence
A5001771133,artificial intelligence
A5037242988,programming language
A5001422310,information retrieval
A5024909557,artificial intelligence
A5027119999,artificial intelligence
A5046805836,artificial intelligence
A5024781859,natural language processing
A5008279485,artificial intelligence
A5025302097,artificial intelligence
A5046407584,artificial intelligence
A5038564949,artificial intelligence
A5046239434,operating system
A5011449891,artificial intelligence
A5038522605,data mining
A5074540538,artificial intelligence
A5060878462,theoretical computer science
A5051850054,machine learning
A5030433880,artificial intelligence
A5003031729,artificial intelligence
A5070988819,programming language
A5020539256,artificial intelligence
A5053155811,artificial intelligence
A5043114412,artificial intelligence
A5043945029,artificial intelligence
A5019391650,operating system
A5035737339,computer network
A5031821299,programming language
A5017065683,artificial intelligence
A5029144226,artificial intelligence
A5040706121,machine learning
A5062770206,machine learning
A5077896617,machine learning
A5075248464,artificial intelligence
A5001173593,machine learning
A5001365101,computer security
A5033267761,artificial intelligence
A5005175756,operating system
A5044161924,world wide web
A5056883446,programming language
A5007027176,artificial intelligence
A5083617435,artificial intelligence
A5036995215,artificial intelligence
A5035193180,operating system
A5054092600,machine learning
A5036373241,artificial intelligence
A5073951888,computer security
A5023617868,artificial intelligence
A5035856213,artificial intelligence
A5047679407,artificial intelligence
A5067286417,machine learning
A5012697857,world wide web
A5048945622,artificial intelligence
A5062641378,artificial intelligence
A5029854353,operating system
A5037020023,knowledge management
A5073535390,artificial intelligence
A5076987779,computer security
A5014362364,artificial intelligence
A5036876854,machine learning
A5062598192,artificial intelligence
A5036573895,artificial intelligence
A5003001715,operating system
A5077663448,artificial intelligence
A5019808431,artificial intelligence
A5064137095,artificial intelligence
A5000874360,programming language
A5077008561,artificial intelligence
A5057437879,artificial intelligence
A5072523018,artificial intelligence
A5076605128,artificial intelligence
A5001739714,artificial intelligence
A5091459774,artificial intelligence
A5073317294,artificial intelligence
A5082802791,artificial intelligence
A5015883703,operating system
A5011468493,operating system
A5087572406,artificial intelligence
A5090118631,artificial intelligence
A5085577015,operating system
A5074059793,operating system
A5010637807,machine learning
A5020179436,operating system
A5070663772,operating system
A5025918292,theoretical computer science
A5027491673,world wide web
A5060943622,operating system
A5079167062,operating system
A5023681135,artificial intelligence
A5002807220,artificial intelligence
A5057807898,artificial intelligence
A5070393786,computer network
A5044138533,computer network
A5058252389,computer network
A5044964238,artificial intelligence
A5088353529,artificial intelligence
A5088400471,artificial intelligence
A5083214460,artificial intelligence
A5000637036,artificial intelligence
A5080044649,artificial intelligence
A5055355687,programming language
A5034695211,programming language
A5018750754,artificial intelligence
A5070827675,artificial intelligence
A5076324559,operating system
A5052375102,artificial intelligence
A5037374393,artificial intelligence
A5069086233,library science
A5000728948,artificial intelligence
A5059225875,artificial intelligence
A5051297830,artificial intelligence
A5061440337,artificial intelligence
A5033718682,artificial intelligence
A5017356611,artificial intelligence
A5059180387,artificial intelligence
A5078814310,artificial intelligence
A5007521335,operating system
A5038276420,artificial intelligence
A5083324292,operating system
A5081942889,artificial intelligence
A5080409343,operating system
A5008445326,data science
A5053424176,machine learning
A5064231378,artificial intelligence
A5029260213,artificial intelligence
A5023095072,artificial intelligence
A5077630267,artificial intelligence
A5032634346,artificial intelligence
A5018349566,artificial intelligence
A5066171121,artificial intelligence
A5067680521,artificial intelligence
A5005916659,artificial intelligence
A5006664659,artificial intelligence
A5001091619,information retrieval
A5046044890,operating system
A5033582512,world wide web
A5022176859,artificial intelligence
A5078525741,artificial intelligence
A5047517734,artificial intelligence
A5066753639,computer network
A5042936176,artificial intelligence
A5027785359,artificial intelligence
A5067950570,artificial intelligence
A5071758245,artificial intelligence
A5056262105,natural language processing
A5027057380,artificial intelligence
A5038122533,world wide web
A5045778917,artificial intelligence
A5086791812,artificial intelligence
A5074270481,artificial intelligence
A5032778798,artificial intelligence
A5032241029,artificial intelligence
A5080272127,artificial intelligence
A5044149688,artificial intelligence
A5032706099,artificial intelligence
A5019717997,artificial intelligence
A5000355426,artificial intelligence
A5059313873,artificial intelligence
A5049446003,artificial intelligence
A5037470010,artificial intelligence
A5013560471,artificial intelligence
A5031692714,artificial intelligence
A5050337915,operating system
A5059171581,machine learning
A5060778711,operating system
A5033777007,artificial intelligence
A5022473701,computer security
A5065335369,artificial intelligence
A5006712350,artificial intelligence
A5057014407,operating system
A5030673462,artificial intelligence
A5042824121,artificial intelligence
A5028513376,artificial intelligence
A5022020359,artificial intelligence
A5026850320,machine learning
A5044399096,computer security
A5015908369,artificial intelligence
A5053513652,computer security
A5089102147,computer security
A5025097632,computer security
A5075957528,artificial intelligence
A5012986483,artificial intelligence
A5080240262,data science
A5051733068,artificial intelligence
A5075334970,artificial intelligence
A5070896564,artificial intelligence
A5021752135,programming language
A5015126506,machine learning
A5086261260,programming language
A5049616413,artificial intelligence
A5053432028,artificial intelligence
A5069136633,artificial intelligence
A5081169504,artificial intelligence
A5033425045,natural language processing
A5015956396,natural language processing
A5051946879,artificial intelligence
A5025745894,artificial intelligence
A5043084209,artificial intelligence
A5011959346,artificial intelligence
A5064355276,computer security
A5043499130,operating system
A5083435816,computer security
A5086109092,machine learning
A5063231461,machine learning
A5064585036,machine learning
A5038171181,artificial intelligence
A5072673405,artificial intelligence
A5083099005,artificial intelligence
A5078474241,artificial intelligence
A5043681427,artificial intelligence
A5037970252,programming language
A5043744703,artificial intelligence
A5078761250,artificial intelligence
A5020832986,artificial intelligence
A5088796666,artificial intelligence
A5090724883,operating system
A5083390916,operating system
A5033753132,artificial intelligence
A5077536927,artificial intelligence
A5064048318,artificial intelligence
A5036171512,artificial intelligence
A5001242576,artificial intelligence
A5037175344,artificial intelligence
A5035270195,artificial intelligence
A5075513915,artificial intelligence
A5049605606,artificial intelligence
A5017581901,artificial intelligence
A5016249688,programming language
A5048758163,operating system
A5059602361,artificial intelligence
A5090107273,artificial intelligence
A5053234630,artificial intelligence
A5080800965,computer network
A5074371899,artificial intelligence
A5062945520,artificial intelligence
A5069062966,artificial intelligence
A5039009058,artificial intelligence
A5071765665,information retrieval
A5061739921,programming language
A5078601310,world wide web
A5003531216,machine learning
A5058001962,machine learning
A5066882379,operating system
A5039043086,multimedia
A5059751712,artificial intelligence
A5024999273,artificial intelligence
A5081225059,operating system
A5089812166,artificial intelligence
A5023652725,artificial intelligence
A5091037833,artificial intelligence
A5031290861,computer security
A5017145937,world wide web
A5032671971,artificial intelligence
A5053155252,artificial intelligence
A5005258575,artificial intelligence
A5070517688,artificial intelligence
A5052050736,knowledge management
A5000991072,knowledge management
A5041730641,artificial intelligence
A5085942072,artificial intelligence
A5042394011,artificial intelligence
A5051056050,machine learning
A5026685411,artificial intelligence
A5030446424,artificial intelligence
A5001770010,artificial intelligence
A5055594838,artificial intelligence
A5062103852,artificial intelligence
A5026028393,artificial intelligence
A5052744028,artificial intelligence
A5069590205,artificial intelligence
A5068664074,artificial intelligence
A5012210701,artificial intelligence
A5032499810,artificial intelligence
A5031797939,artificial intelligence
A5087093169,artificial intelligence
A5058662444,artificial intelligence
A5006271882,artificial intelligence
A5071282606,artificial intelligence
A5043116097,artificial intelligence
A5020057271,artificial intelligence
A5025435257,artificial intelligence
A5016080427,artificial intelligence
A5018840266,artificial intelligence
A5025555145,artificial intelligence
A5021969767,artificial intelligence
A5041191772,programming language
A5031835546,artificial intelligence
A5039659947,artificial intelligence
A5018700487,programming language
A5072689210,artificial intelligence
A5044747365,artificial intelligence
A5076780322,computer security
A5050745579,artificial intelligence
A5076337822,artificial intelligence
A5005656326,artificial intelligence
A5006599181,machine learning
A5074226700,artificial intelligence
A5071924020,artificial intelligence
A5007393222,artificial intelligence
A5012980516,machine learning
A5054998387,artificial intelligence
A5056543056,artificial intelligence
A5030935001,artificial intelligence
A5041866046,artificial intelligence
A5049498129,artificial intelligence
A5040894926,artificial intelligence
A5079587319,artificial intelligence
A5072104268,world wide web
A5039732648,machine learning
A5084171221,artificial intelligence
A5044332089,library science
A5031401755,machine learning
A5014799100,artificial intelligence
A5061061546,artificial intelligence
A5058502832,world wide web
A5071908018,artificial intelligence
A5004307805,operating system
A5059886784,artificial intelligence
A5022594665,artificial intelligence
A5078659661,machine learning
A5078176771,artificial intelligence
A5067631932,operating system
A5036777432,artificial intelligence
A5005720687,artificial intelligence
A5054258238,artificial intelligence
A5054924244,artificial intelligence
A5066161993,database
A5039341855,artificial intelligence
A5056651599,artificial intelligence
A5048260722,library science
A5091756520,artificial intelligence
A5030419884,programming language
A5022822400,artificial intelligence
A5011558517,artificial intelligence
A5032784865,computer security
A5050663897,artificial intelligence
A5031342394,artificial intelligence
A5038976846,artificial intelligence
A5081576052,programming language
A5063708250,data mining
A5070728314,world wide web
A5022262073,artificial intelligence
A5019187286,artificial intelligence
A5022718926,artificial intelligence
A5077575411,world wide web
A5056251421,operating system
A5042694477,artificial intelligence
A5066180497,speech recognition
A5089758511,artificial intelligence
A5051230082,artificial intelligence
A5039489255,artificial intelligence
A5039128929,operating system
A5042857459,artificial intelligence
A5070060702,artificial intelligence
A5051297402,artificial intelligence
A5043674709,machine learning
A5058368955,programming language
A5004850710,programming language
A5085293486,programming language
A5052099956,computer network
A5051444342,artificial intelligence
A5001276604,operating system
A5071478953,artificial intelligence
A5040315727,artificial intelligence
A5063233199,artificial intelligence
A5074727563,artificial intelligence
A5037831741,artificial intelligence
A5065073668,artificial intelligence
A5047831795,artificial intelligence
A5054987322,artificial intelligence
A5055314556,artificial intelligence
A5065815764,artificial intelligence
A5008755580,artificial intelligence
A5005339839,artificial intelligence
A5086535593,artificial intelligence
A5058396473,artificial intelligence
A5065505847,artificial intelligence
A5007242502,artificial intelligence
A5064700461,artificial intelligence
A5061879658,artificial intelligence
A5076475743,artificial intelligence
A5088241503,artificial intelligence
A5059245460,artificial intelligence
A5004433252,artificial intelligence
A5015975636,artificial intelligence
A5004491725,artificial intelligence
A5074740068,artificial intelligence
A5066973798,artificial intelligence
A5049580247,artificial intelligence
A5038041060,artificial intelligence
A5042893723,artificial intelligence
A5004960011,artificial intelligence
A5026515643,artificial intelligence
A5076270155,artificial intelligence
A5067603088,machine learning
A5050286338,artificial intelligence
A5050012170,artificial intelligence
A5001124548,artificial intelligence
A5011754510,artificial intelligence
A5049846164,artificial intelligence
A5010594548,artificial intelligence
A5060313861,operating system
A5003674186,artificial intelligence
A5004072574,operating system
A5022543590,artificial intelligence
A5049410873,artificial intelligence
A5013723473,artificial intelligence
A5010235946,computer security
A5041685067,artificial intelligence
A5017841865,artificial intelligence
A5033985539,artificial intelligence
A5020878841,artificial intelligence
A5007639805,artificial intelligence
A5010705375,operating system
A5071123956,artificial intelligence
A5083343621,artificial intelligence
A5006125158,artificial intelligence
A5000907177,artificial intelligence
A5028120832,multimedia
A5014215318,artificial intelligence
A5028155146,artificial intelligence
A5057247807,artificial intelligence
A5058475600,machine learning
A5037636060,artificial intelligence
A5038584158,artificial intelligence
A5008598171,artificial intelligence
A5010367674,artificial intelligence
A5013870008,operating system
A5019907526,computer network
A5047576329,computer security
A5031115969,artificial intelligence
A5091262078,artificial intelligence
A5028936264,artificial intelligence
A5053781299,operating system
A5003086301,artificial intelligence
A5047871549,operating system
A5063116316,operating system
A5008260426,operating system
A5029746953,operating system
A5060686448,operating system
A5079988028,operating system
A5084256353,operating system
A5035822841,operating system
A5061429955,operating system
A5082509016,artificial intelligence
A5001185980,artificial intelligence
A5067610915,operating system
A5014495113,artificial intelligence
A5019597653,artificial intelligence
A5073619925,artificial intelligence
A5018014670,artificial intelligence
A5011033516,world wide web
A5090506206,machine learning
A5073605485,machine learning
A5044025100,artificial intelligence
A5010597745,artificial intelligence
A5004831479,artificial intelligence
A5071548729,artificial intelligence
A5060091515,computer hardware
A5032562568,world wide web
A5061227594,artificial intelligence
A5055252458,artificial intelligence
A5035207753,artificial intelligence
A5075906727,artificial intelligence
A5063249982,artificial intelligence
A5016466584,artificial intelligence
A5077268900,artificial intelligence
A5002204160,computer vision
A5057554474,artificial intelligence
A5005967060,programming language
A5038325926,operating system
A5060806484,programming language
A5055883574,computer security
A5024909213,artificial intelligence
A5017892838,artificial intelligence
A5080276914,artificial intelligence
A5068751690,artificial intelligence
A5054865304,artificial intelligence
A5085126018,artificial intelligence
A5057794930,machine learning
A5040136820,artificial intelligence
A5066684090,artificial intelligence
A5049896579,artificial intelligence
A5004565086,artificial intelligence
A5018318136,artificial intelligence
A5035681709,artificial intelligence
A5089554340,artificial intelligence
A5043670176,artificial intelligence
A5046098033,artificial intelligence
A5048247068,artificial intelligence
A5051331359,artificial intelligence
A5076394591,natural language processing
A5071592295,artificial intelligence
A5071092440,programming language
A5028234987,artificial intelligence
A5032241746,artificial intelligence
A5016451627,programming language
A5030699864,artificial intelligence
A5061884304,artificial intelligence
A5086308371,artificial intelligence
A5020600362,artificial intelligence
A5028605138,operating system
A5056618593,operating system
A5020769867,artificial intelligence
A5006580822,artificial intelligence
A5023028608,artificial intelligence
A5002571252,artificial intelligence
A5059156106,artificial intelligence
A5022193251,artificial intelligence
A5007809905,machine learning
A5064525032,artificial intelligence
A5026121933,artificial intelligence
A5031863772,artificial intelligence
A5066979057,artificial intelligence
A5086392501,artificial intelligence
A5065148077,artificial intelligence
A5031940626,information retrieval
A5031439294,artificial intelligence
A5009236677,operating system
A5015129861,operating system
A5058678073,artificial intelligence
A5051517962,artificial intelligence
A5035304721,artificial intelligence
A5047363954,world wide web
A5017675199,programming language
A5032580070,machine learning
A5066154345,artificial intelligence
A5065138538,artificial intelligence
A5043472203,artificial intelligence
A5062776546,multimedia
A5056296476,artificial intelligence
A5046190658,artificial intelligence
A5083862531,artificial intelligence
A5079673409,computer vision
A5090267006,computer security
A5089659001,artificial intelligence
A5011009931,artificial intelligence
A5056324053,information retrieval
A5049783208,artificial intelligence
A5005278470,artificial intelligence
A5043042273,artificial intelligence
A5008896099,artificial intelligence
A5076843626,artificial intelligence
A5050589444,computer vision
A5059038746,artificial intelligence
A5072934668,artificial intelligence
A5087189799,natural language processing
A5060244353,artificial intelligence
A5077953037,artificial intelligence
A5030749351,programming language
A5047664773,artificial intelligence
A5040391431,machine learning
A5055283040,artificial intelligence
A5046852526,artificial intelligence
A5024708104,artificial intelligence
A5018438088,artificial intelligence
A5089425067,artificial intelligence
A5068604294,artificial intelligence
A5045370832,world wide web
A5034248834,world wide web
A5077082060,machine learning
A5085074493,artificial intelligence
A5041591830,artificial intelligence
A5087680636,artificial intelligence
A5024554540,artificial intelligence
A5078321754,artificial intelligence
A5060132124,data mining
A5065751714,artificial intelligence
A5046011595,natural language processing
A5063368737,artificial intelligence
A5022129791,artificial intelligence
A5003087073,artificial intelligence
A5045200694,artificial intelligence
A5019533639,artificial intelligence
A5041102285,artificial intelligence
A5036184770,artificial intelligence
A5045554497,artificial intelligence
A5047071972,artificial intelligence
A5063317976,knowledge management
A5049828378,artificial intelligence
A5078581234,internet privacy
A5000580267,operating system
A5050419536,machine learning
A5073520045,operating system
A5070424516,machine learning
A5022840676,artificial intelligence
A5003180965,computer security
A5057839774,computer security
A5048743034,computer security
A5064649404,computer security
A5085675866,programming language
A5080443010,data science
A5078729568,artificial intelligence
A5064937361,artificial intelligence
A5076073427,artificial intelligence
A5090180638,artificial intelligence
A5005376765,artificial intelligence
A5012543243,artificial intelligence
A5014413697,artificial intelligence
A5019693703,machine learning
A5010578654,artificial intelligence
A5016258462,artificial intelligence
A5033986386,artificial intelligence
A5076890403,artificial intelligence
A5068195954,artificial intelligence
A5045819127,artificial intelligence
A5009430788,artificial intelligence
A5025996185,artificial intelligence
A5016945377,artificial intelligence
A5017235648,programming language
A5033071006,machine learning
A5066547725,artificial intelligence
A5010972337,artificial intelligence
A5033061833,artificial intelligence
A5090535601,artificial intelligence
A5004011403,artificial intelligence
A5026607511,artificial intelligence
A5054351014,artificial intelligence
A5029376687,computer vision
A5048238798,artificial intelligence
A5070337913,artificial intelligence
A5084207051,machine learning
A5088651272,artificial intelligence
A5051787571,artificial intelligence
A5056120976,artificial intelligence
A5002146004,artificial intelligence
A5024199099,world wide web
A5059338634,computer network
A5054788284,operating system
A5066541430,operating system
A5047096845,artificial intelligence
A5015302853,artificial intelligence
A5043903704,programming language
A5029942290,computer vision
A5021958904,computer security
A5047074817,artificial intelligence
A5078159829,artificial intelligence
A5049251656,artificial intelligence
A5006657610,machine learning
A5040120960,artificial intelligence
A5010473826,artificial intelligence
A5075435196,artificial intelligence
A5073239212,artificial intelligence
A5076087744,artificial intelligence
A5059040421,artificial intelligence
A5055762132,artificial intelligence
A5031706392,programming language
A5028595842,operating system
A5043414194,artificial intelligence
A5035992651,artificial intelligence
A5032878892,artificial intelligence
A5046472188,artificial intelligence
A5073679218,artificial intelligence
A5051942370,computer vision
A5018207993,artificial intelligence
A5043258522,artificial intelligence
A5030773387,operating system
A5021357444,artificial intelligence
A5062159741,natural language processing
A5073589234,programming language
A5031705516,machine learning
A5073967505,information retrieval
A5016717153,operating system
A5055166649,artificial intelligence
A5010058559,artificial intelligence
A5073956678,artificial intelligence
A5080901387,artificial intelligence
A5048831718,artificial intelligence
A5021742266,artificial intelligence
A5084015848,programming language
A5062424191,artificial intelligence
A5071483672,artificial intelligence
A5022537740,artificial intelligence
A5009310543,artificial intelligence
A5073156550,artificial intelligence
A5035249544,artificial intelligence
A5037420527,artificial intelligence
A5091616977,artificial intelligence
A5013182705,artificial intelligence
A5041055145,computer security
A5030016107,artificial intelligence
A5032077769,natural language processing
A5005815334,artificial intelligence
A5034279244,artificial intelligence
A5070734452,artificial intelligence
A5003044729,computer vision
A5070470270,artificial intelligence
A5072886993,artificial intelligence
A5058948943,artificial intelligence
A5026176583,operating system
A5080709604,artificial intelligence
A5060198976,artificial intelligence
A5012199979,artificial intelligence
A5016407219,programming language
A5052258870,machine learning
A5049986549,artificial intelligence
A5004311028,computer vision
A5050720523,operating system
A5049158053,operating system
A5064204574,computer security
A5034900636,artificial intelligence
A5042417097,artificial intelligence
A5044236058,artificial intelligence
A5008214065,artificial intelligence
A5058861950,artificial intelligence
A5033585021,artificial intelligence
A5018051274,artificial intelligence
A5000924049,artificial intelligence
A5075302608,operating system
A5014706265,artificial intelligence
A5078678738,artificial intelligence
A5047567173,operating system
A5055814180,operating system
A5037643513,artificial intelligence
A5090199406,machine learning
A5081786718,operating system
A5000457341,artificial intelligence
A5065748495,database
A5048552375,artificial intelligence
A5063652162,artificial intelligence
A5038437071,operating system
A5007255618,operating system
A5063760399,machine learning
A5025917688,operating system
A5021084634,artificial intelligence
A5044242329,operating system
A5051254575,artificial intelligence
A5015332870,computer vision
A5011494919,natural language processing
A5069255366,artificial intelligence
A5007777790,world wide web
A5065056581,artificial intelligence
A5084644420,artificial intelligence
A5006320257,artificial intelligence
A5001713925,artificial intelligence
A5022941193,machine learning
A5015181388,artificial intelligence
A5073592501,artificial intelligence
A5016135987,artificial intelligence
A5045740283,artificial intelligence
A5057307167,artificial intelligence
A5057620433,artificial intelligence
A5024926572,computer security
A5039120890,computer security
A5016780175,artificial intelligence
A5038421917,artificial intelligence
A5031895959,data science
A5016798703,artificial intelligence
A5059925222,data science
A5065553523,computer vision
A5036501911,artificial intelligence
A5039402094,artificial intelligence
A5008694652,artificial intelligence
A5059698576,artificial intelligence
A5016736772,programming language
A5068362474,artificial intelligence
A5081349938,artificial intelligence
A5082617377,programming language
A5053795584,artificial intelligence
A5085427211,computer vision
A5062088583,artificial intelligence
A5030158771,artificial intelligence
A5003780747,artificial intelligence
A5065665579,operating system
A5083888702,operating system
A5084629040,multimedia
A5009806341,artificial intelligence
A5091782158,artificial intelligence
A5090167516,artificial intelligence
A5085170627,artificial intelligence
A5080350689,artificial intelligence
A5087944559,artificial intelligence
A5017397719,artificial intelligence
A5083549815,artificial intelligence
A5041370597,artificial intelligence
A5007393797,artificial intelligence
A5055688717,artificial intelligence
A5070709628,artificial intelligence
A5059483439,computer network
A5023739887,artificial intelligence
A5083706779,artificial intelligence
A5008309486,data mining
A5072152949,artificial intelligence
A5031880355,artificial intelligence
A5002913065,operating system
A5040301558,artificial intelligence
A5015440501,artificial intelligence
A5052352119,artificial intelligence
A5035417484,artificial intelligence
A5068447696,operating system
A5021788449,artificial intelligence
A5012221966,artificial intelligence
A5008196853,computer network
A5003105685,operating system
A5075722117,artificial intelligence
A5084589881,knowledge management
A5002135733,knowledge management
A5055996291,artificial intelligence
A5017175344,artificial intelligence
A5052511809,artificial intelligence
A5070260526,operating system
A5005151737,artificial intelligence
A5041801887,artificial intelligence
A5014438135,artificial intelligence
A5086689025,artificial intelligence
A5075394907,artificial intelligence
A5063307080,artificial intelligence
A5084786308,data science
A5072696337,artificial intelligence
A5020781131,artificial intelligence
A5058341815,artificial intelligence
A5040098270,artificial intelligence
A5083763432,artificial intelligence
A5072383024,machine learning
A5028165274,artificial intelligence
A5039109795,machine learning
A5077853351,operating system
A5043350556,artificial intelligence
A5090936531,artificial intelligence
A5039533501,artificial intelligence
A5024495208,computer network
A5083252662,artificial intelligence
A5010506204,natural language processing
A5013833021,natural language processing
A5066946108,artificial intelligence
A5012368267,artificial intelligence
A5085903884,artificial intelligence
A5089808068,artificial intelligence
A5076711458,artificial intelligence
A5048428891,machine learning
A5023078404,machine learning
A5041272001,artificial intelligence
A5078241489,programming language
A5041232755,artificial intelligence
A5015673023,operating system
A5051565479,computer vision
A5084035589,artificial intelligence
A5084955075,artificial intelligence
A5087163822,artificial intelligence
A5042594650,artificial intelligence
A5089121883,artificial intelligence
A5047087184,operating system
A5090783742,artificial intelligence
A5033783997,world wide web
A5012738272,operating system
A5047189052,artificial intelligence
A5036187468,artificial intelligence
A5065559600,artificial intelligence
A5015354859,artificial intelligence
A5042993096,machine learning
A5065087920,artificial intelligence
A5043316923,artificial intelligence
A5031380599,artificial intelligence
A5000442608,artificial intelligence
A5008608144,artificial intelligence
A5015634640,operating system
A5000538661,operating system
A5038754220,artificial intelligence
A5091763785,knowledge management
A5038037619,artificial intelligence
A5051782396,artificial intelligence
A5089589491,artificial intelligence
A5049308431,knowledge management
A5016489216,artificial intelligence
A5033422078,artificial intelligence
A5063408427,artificial intelligence
A5037843564,artificial intelligence
A5081090445,programming language
A5086573997,artificial intelligence
A5000632512,artificial intelligence
A5051512822,artificial intelligence
A5079171037,artificial intelligence
A5044232674,machine learning
A5052315816,artificial intelligence
A5088539840,artificial intelligence
A5065682719,artificial intelligence
A5089479529,artificial intelligence
A5028727536,artificial intelligence
A5059317886,machine learning
A5012799323,machine learning
A5004998484,artificial intelligence
A5050370239,artificial intelligence
A5067067102,artificial intelligence
A5027563415,artificial intelligence
A5035031795,operating system
A5030517819,artificial intelligence
A5010470394,artificial intelligence
A5051886815,artificial intelligence
A5090632526,artificial intelligence
A5037506373,artificial intelligence
A5083777501,programming language
A5004455999,artificial intelligence
A5005968265,data science
A5010279125,artificial intelligence
A5075051974,artificial intelligence
A5029281241,machine learning
A5048145278,artificial intelligence
A5053661846,artificial intelligence
A5042858034,artificial intelligence
A5083548477,artificial intelligence
A5036960755,machine learning
A5052268164,machine learning
A5091180862,artificial intelligence
A5051627642,machine learning
A5018594944,artificial intelligence
A5040241426,computer security
A5023518835,programming language
A5011977189,artificial intelligence
A5062807811,artificial intelligence
A5004160730,artificial intelligence
A5059466958,artificial intelligence
A5015577064,artificial intelligence
A5007653465,operating system
A5032898501,artificial intelligence
A5009707749,machine learning
A5088461366,artificial intelligence
A5052729092,multimedia
A5040125978,operating system
A5087343702,operating system
A5016595609,artificial intelligence
A5009383125,artificial intelligence
A5040335377,artificial intelligence
A5040124819,artificial intelligence
A5065912071,artificial intelligence
A5089756532,artificial intelligence
A5039003215,artificial intelligence
A5066870045,artificial intelligence
A5058435585,artificial intelligence
A5060520629,artificial intelligence
A5024141690,artificial intelligence
A5044672764,artificial intelligence
A5040542771,artificial intelligence
A5065588377,artificial intelligence
A5034078220,artificial intelligence
A5085491407,data mining
A5076628907,artificial intelligence
A5051323256,artificial intelligence
A5001981242,artificial intelligence
A5030509986,artificial intelligence
A5034204425,artificial intelligence
A5043174840,operating system
A5010746519,artificial intelligence
A5068239690,world wide web
A5063815769,artificial intelligence
A5044566270,computer network
A5062090450,knowledge management
A5049583553,artificial intelligence
A5083068075,artificial intelligence
A5020005266,artificial intelligence
A5052369892,artificial intelligence
A5074260760,artificial intelligence
A5009633977,artificial intelligence
A5002340602,world wide web
A5070842573,world wide web
A5041024203,artificial intelligence
A5000541179,artificial intelligence
A5059728494,artificial intelligence
A5080513377,artificial intelligence
A5023502749,artificial intelligence
A5036954210,artificial intelligence
A5076352077,artificial intelligence
A5018236254,artificial intelligence
A5014816172,artificial intelligence
A5064240230,artificial intelligence
A5040883056,operating system
A5006618176,machine learning
A5002791096,operating system
A5068584095,artificial intelligence
A5085392023,artificial intelligence
A5056666039,operating system
A5063795467,operating system
A5051155194,operating system
A5019771257,operating system
A5025795123,operating system
A5023309372,operating system
A5056823448,operating system
A5019353050,operating system
A5060406837,operating system
A5046757661,operating system
A5037332330,operating system
A5028554483,operating system
A5065802613,operating system
A5039110156,operating system
A5055961987,operating system
A5045939352,operating system
A5062930016,operating system
A5073446227,operating system
A5018828493,operating system
A5042142708,operating system
A5001352986,operating system
A5042307069,operating system
A5073108683,machine learning
A5009024151,operating system
A5080110419,operating system
A5031169447,artificial intelligence
A5057717738,natural language processing
A5042659370,artificial intelligence
A5002723662,artificial intelligence
A5086031723,world wide web
A5033380454,artificial intelligence
A5074735450,artificial intelligence
A5039296097,artificial intelligence
A5091624917,artificial intelligence
A5050794175,machine learning
A5031973142,machine learning
A5082092061,machine learning
A5057662113,artificial intelligence
A5070510377,artificial intelligence
A5038745720,artificial intelligence
A5057153992,artificial intelligence
A5014057082,machine learning
A5079682233,machine learning
A5063979916,artificial intelligence
A5021047078,machine learning
A5024743047,artificial intelligence
A5075881050,artificial intelligence
A5032584936,artificial intelligence
A5059388034,artificial intelligence
A5011895267,operating system
A5064725681,artificial intelligence
A5064673249,artificial intelligence
A5018903380,artificial intelligence
A5054836950,operating system
A5076086712,artificial intelligence
A5081933546,artificial intelligence
A5054012901,operating system
A5083806955,artificial intelligence
A5028851523,artificial intelligence
A5049776247,operating system
A5059481106,artificial intelligence
A5002855381,artificial intelligence
A5059465063,world wide web
A5071558457,artificial intelligence
A5081201440,artificial intelligence
A5066309467,artificial intelligence
A5029004019,artificial intelligence
A5025664310,artificial intelligence
A5068508206,operating system
A5054864048,machine learning
A5038011648,artificial intelligence
A5046313198,artificial intelligence
A5083230928,artificial intelligence
A5065539231,artificial intelligence
A5021864301,machine learning
A5004695687,artificial intelligence
A5083307694,artificial intelligence
A5002722147,artificial intelligence
A5032097813,artificial intelligence
A5052312851,artificial intelligence
A5042797493,artificial intelligence
A5033280983,world wide web
A5084740363,operating system
A5009175421,artificial intelligence
A5045091443,artificial intelligence
A5015470269,world wide web
A5041317183,artificial intelligence
A5027930053,artificial intelligence
A5073609666,artificial intelligence
A5040144876,artificial intelligence
A5084838391,artificial intelligence
A5060839136,artificial intelligence
A5024302358,machine learning
A5062293121,machine learning
A5052903366,operating system
A5023588208,artificial intelligence
A5079020436,artificial intelligence
A5024768539,computer network
A5031420826,artificial intelligence
A5061272351,artificial intelligence
A5025278582,operating system
A5028897862,operating system
A5011239043,artificial intelligence
A5072514843,multimedia
A5086756229,artificial intelligence
A5031515386,artificial intelligence
A5043968381,artificial intelligence
A5023197969,artificial intelligence
A5052983001,machine learning
A5060257108,artificial intelligence
A5085022758,artificial intelligence
A5082786719,artificial intelligence
A5025170442,internet privacy
A5015462607,artificial intelligence
A5027164381,artificial intelligence
A5067092357,speech recognition
A5051277497,artificial intelligence
A5045296087,artificial intelligence
A5004904353,artificial intelligence
A5091284431,artificial intelligence
A5037887671,artificial intelligence
A5017137122,artificial intelligence
A5085875711,artificial intelligence
A5085014203,machine learning
A5018107351,machine learning
A5082586707,artificial intelligence
A5054080229,library science
A5089195978,artificial intelligence
A5046375974,artificial intelligence
A5004593636,artificial intelligence
A5056599026,artificial intelligence
A5035695000,artificial intelligence
A5082879481,world wide web
A5012725714,operating system
A5045643150,operating system
A5069371064,artificial intelligence
A5047143042,artificial intelligence
A5034411178,artificial intelligence
A5029120809,artificial intelligence
A5001629576,artificial intelligence
A5001598938,operating system
A5070125836,operating system
A5047356363,artificial intelligence
A5004890947,multimedia
A5041001438,operating system
A5084754913,world wide web
A5036738140,artificial intelligence
A5086298554,artificial intelligence
A5064660738,artificial intelligence
A5009557816,machine learning
A5035359467,machine learning
A5073888022,artificial intelligence
A5084151956,machine learning
A5085711335,machine learning
A5046161436,artificial intelligence
A5043414998,artificial intelligence
A5053252363,artificial intelligence
A5058616015,artificial intelligence
A5084521237,artificial intelligence
A5018985787,artificial intelligence
A5086183383,artificial intelligence
A5026253873,multimedia
A5046056268,artificial intelligence
A5014518612,artificial intelligence
A5022101559,artificial intelligence
A5079397804,artificial intelligence
A5003075933,machine learning
A5061027668,machine learning
A5043201525,artificial intelligence
A5065228901,operating system
A5026255242,artificial intelligence
A5090881698,artificial intelligence
A5090195152,artificial intelligence
A5079304625,artificial intelligence
A5016488397,artificial intelligence
A5069105806,artificial intelligence
A5022093897,artificial intelligence
A5005337570,programming language
A5074273491,artificial intelligence
A5030334885,artificial intelligence
A5074851678,artificial intelligence
A5032690182,artificial intelligence
A5016868576,multimedia
A5072315990,artificial intelligence
A5074737251,artificial intelligence
A5038031162,operating system
A5006667813,world wide web
A5056391284,artificial intelligence
A5016367496,world wide web
A5019540386,world wide web
A5070109368,artificial intelligence
A5089722750,artificial intelligence
A5006753992,artificial intelligence
A5007180465,data science
A5089620851,artificial intelligence
A5081811734,operating system
A5037850373,artificial intelligence
A5026426825,artificial intelligence
A5071607720,computer security
A5038619371,computer security
A5013059521,computer security
A5037225064,artificial intelligence
A5000948367,artificial intelligence
A5086261425,artificial intelligence
A5016448118,artificial intelligence
A5014722493,artificial intelligence
A5030879015,artificial intelligence
A5016742319,artificial intelligence
A5089111917,information retrieval
A5038804417,artificial intelligence
A5007020545,operating system
A5043782050,data mining
A5067610507,machine learning
A5078205498,artificial intelligence
A5077662377,artificial intelligence
A5065332583,artificial intelligence
A5004183276,machine learning
A5075715324,machine learning
A5020485335,artificial intelligence
A5045725228,artificial intelligence
A5057307339,artificial intelligence
A5073405038,computer vision
A5027352850,programming language
A5018489699,artificial intelligence
A5034154377,computer security
A5046881273,world wide web
A5058701648,operating system
A5021669741,natural language processing
A5011521815,artificial intelligence
A5085942198,multimedia
A5036243132,operating system
A5046289188,operating system
A5021446916,artificial intelligence
A5011170416,operating system
A5032629854,operating system
A5033056152,operating system
A5073331351,computer security
A5081854836,artificial intelligence
A5061699360,artificial intelligence
A5075892407,artificial intelligence
A5010463698,artificial intelligence
A5039686801,artificial intelligence
A5015701007,artificial intelligence
A5046460748,artificial intelligence
A5005508600,artificial intelligence
A5024679496,artificial intelligence
A5051383328,programming language
A5037098324,computer vision
A5021558563,artificial intelligence
A5023349874,computer vision
A5026809096,machine learning
A5071274975,operating system
A5063154944,artificial intelligence
A5052565793,artificial intelligence
A5056126237,artificial intelligence
A5045365746,operating system
A5078716166,operating system
A5071455933,artificial intelligence
A5036380208,artificial intelligence
A5072826092,artificial intelligence
A5027216424,artificial intelligence
A5026575568,artificial intelligence
A5001312896,artificial intelligence
A5087689086,artificial intelligence
A5060108348,artificial intelligence
A5073008404,knowledge management
A5009689439,artificial intelligence
A5062612313,artificial intelligence
A5081713573,machine learning
A5067146138,theoretical computer science
A5033876832,machine learning
A5047662217,artificial intelligence
A5078986867,artificial intelligence
A5055840642,artificial intelligence
A5074121956,machine learning
A5053803861,artificial intelligence
A5030064573,artificial intelligence
A5016396474,speech recognition
A5002823332,multimedia
A5028308431,multimedia
A5020682058,artificial intelligence
A5011939964,artificial intelligence
A5031886656,artificial intelligence
A5015191397,artificial intelligence
A5053065124,artificial intelligence
A5014311808,artificial intelligence
A5045849115,operating system
A5041269918,artificial intelligence
A5005207362,artificial intelligence
A5082836130,artificial intelligence
A5037694284,artificial intelligence
A5082372625,artificial intelligence
A5089880114,multimedia
A5079814348,world wide web
A5023307700,machine learning
A5054451143,machine learning
A5066134934,machine learning
A5047090755,programming language
A5013230909,artificial intelligence
A5014236188,artificial intelligence
A5008346348,natural language processing
A5053265699,computer network
A5067415908,natural language processing
A5044966226,multimedia
A5025652541,artificial intelligence
A5027935398,artificial intelligence
A5035300094,artificial intelligence
A5015811252,artificial intelligence
A5048991574,artificial intelligence
A5048566899,artificial intelligence
A5057202218,artificial intelligence
A5084644113,programming language
A5074768327,operating system
A5024901904,operating system
A5009910914,operating system
A5007782265,operating system
A5000693383,artificial intelligence
A5062380176,artificial intelligence
A5044149802,artificial intelligence
A5025547740,artificial intelligence
A5086696969,artificial intelligence
A5020629788,artificial intelligence
A5062917114,machine learning
A5088978244,artificial intelligence
A5065610193,artificial intelligence
A5085580685,artificial intelligence
A5059643851,multimedia
A5091376101,artificial intelligence
A5064876632,operating system
A5090919612,machine learning
A5068049138,artificial intelligence
A5089591271,machine learning
A5043962386,machine learning
A5067090141,artificial intelligence
A5054671036,world wide web
A5065058581,machine learning
A5054026337,machine learning
A5057792892,programming language
A5041520103,machine learning
A5003889213,artificial intelligence
A5029477698,database
A5064839018,programming language
A5000852304,programming language
A5031002895,artificial intelligence
A5004655124,operating system
A5009379305,artificial intelligence
A5007124393,artificial intelligence
A5036129923,operating system
A5058536471,operating system
A5031884293,artificial intelligence
A5035179935,database
A5061694501,operating system
A5034930946,artificial intelligence
A5006966951,artificial intelligence
A5027852213,artificial intelligence
A5029804422,artificial intelligence
A5091193777,operating system
A5013715271,artificial intelligence
A5073683931,machine learning
A5050869595,artificial intelligence
A5014097508,artificial intelligence
A5049321721,artificial intelligence
A5023465449,theoretical computer science
A5082645155,world wide web
A5033809712,artificial intelligence
A5055798150,artificial intelligence
A5057145250,artificial intelligence
A5041749093,artificial intelligence
A5057517320,artificial intelligence
A5033651710,natural language processing
A5007342359,artificial intelligence
A5036473782,artificial intelligence
A5010344275,programming language
A5045655705,world wide web
A5036219119,artificial intelligence
A5026601861,programming language
A5072948963,programming language
A5090939243,artificial intelligence
A5045331325,artificial intelligence
A5031686114,machine learning
A5007042240,machine learning
A5046211758,artificial intelligence
A5019668231,artificial intelligence
A5047005599,natural language processing
A5058073639,operating system
A5062942647,natural language processing
A5021570324,artificial intelligence
A5085949625,artificial intelligence
A5045838331,artificial intelligence
A5034901180,machine learning
A5035806301,artificial intelligence
A5039105124,artificial intelligence
A5074182981,artificial intelligence
A5012848022,artificial intelligence
A5090236645,operating system
A5026337027,artificial intelligence
A5019652929,operating system
A5029334273,computer security
A5079404294,operating system
A5070735330,operating system
A5065080078,artificial intelligence
A5083689159,artificial intelligence
A5006425141,artificial intelligence
A5072576656,computer security
A5076587308,artificial intelligence
A5000581203,artificial intelligence
A5070377827,artificial intelligence
A5048497029,artificial intelligence
A5021009984,world wide web
A5034241456,operating system
A5030756029,artificial intelligence
A5021515016,artificial intelligence
A5003281791,artificial intelligence
A5011265764,artificial intelligence
A5021401221,artificial intelligence
A5075593701,programming language
A5077171923,artificial intelligence
A5073646552,artificial intelligence
A5005876655,artificial intelligence
A5000511292,artificial intelligence
A5066097652,artificial intelligence
A5088321674,artificial intelligence
A5023642370,artificial intelligence
A5040578359,artificial intelligence
A5087578556,artificial intelligence
A5069852778,programming language
A5088640338,artificial intelligence
A5065231618,multimedia
A5014082493,machine learning
A5083254496,data science
A5077681143,artificial intelligence
A5073069826,artificial intelligence
A5025307528,artificial intelligence
A5043366646,machine learning
A5077280105,artificial intelligence
A5057846313,database
A5015957275,operating system
A5039561102,machine learning
A5041437377,machine learning
A5023348795,machine learning
A5038823226,machine learning
A5067635815,machine learning
A5052305923,artificial intelligence
A5061563791,artificial intelligence
A5027220301,machine learning
A5078186819,artificial intelligence
A5066664813,artificial intelligence
A5000156602,artificial intelligence
A5047311472,artificial intelligence
A5039843499,artificial intelligence
A5008705418,artificial intelligence
A5050000325,artificial intelligence
A5074302219,artificial intelligence
A5039742633,artificial intelligence
A5028913629,artificial intelligence
A5076966410,artificial intelligence
A5090699610,artificial intelligence
A5001593829,artificial intelligence
A5020538412,artificial intelligence
A5011577033,artificial intelligence
A5042873191,artificial intelligence
A5006298360,computer security
A5076005357,artificial intelligence
A5058463178,computer vision
A5040326170,artificial intelligence
A5076994539,artificial intelligence
A5042663855,artificial intelligence
A5071333197,artificial intelligence
A5009187703,artificial intelligence
A5000985289,artificial intelligence
A5014307031,programming language
A5079111287,artificial intelligence
A5015241517,artificial intelligence
A5080779586,artificial intelligence
A5030563924,artificial intelligence
A5087320223,artificial intelligence
A5064569064,artificial intelligence
A5049027776,artificial intelligence
A5046776544,artificial intelligence
A5057892890,artificial intelligence
A5048461435,world wide web
A5065518531,artificial intelligence
A5015057910,artificial intelligence
A5064879107,artificial intelligence
A5035843414,machine learning
A5072482402,artificial intelligence
A5047438065,artificial intelligence
A5029671916,artificial intelligence
A5080646275,artificial intelligence
A5019332856,artificial intelligence
A5065941595,artificial intelligence
A5037525251,machine learning
A5017138589,machine learning
A5078268065,artificial intelligence
A5058443586,natural language processing
A5048791982,natural language processing
A5011400610,artificial intelligence
A5068011331,operating system
A5063560415,programming language
A5008192297,knowledge management
A5018820179,artificial intelligence
A5005892878,multimedia
A5031616277,world wide web
A5055121943,programming language
A5075606209,artificial intelligence
A5079022438,knowledge management
A5004829176,knowledge management
A5014501729,artificial intelligence
A5039754402,machine learning
A5031154137,artificial intelligence
A5063254028,artificial intelligence
A5060980218,artificial intelligence
A5055562417,artificial intelligence
A5011765777,artificial intelligence
A5013174025,programming language
A5003462454,operating system
A5029519980,operating system
A5028716893,artificial intelligence
A5088121563,artificial intelligence
A5007774911,operating system
A5052886544,artificial intelligence
A5048422260,knowledge management
A5028356071,artificial intelligence
A5086149089,machine learning
A5009402582,machine learning
A5086585008,artificial intelligence
A5068608368,artificial intelligence
A5057422723,artificial intelligence
A5058423073,artificial intelligence
A5072305924,programming language
A5044725301,artificial intelligence
A5048747275,programming language
A5084058235,programming language
A5064883977,programming language
A5079512613,programming language
A5057593896,artificial intelligence
A5072438110,artificial intelligence
A5056479939,artificial intelligence
A5024831674,natural language processing
A5036404618,artificial intelligence
A5043777501,artificial intelligence
A5041720834,computer vision
A5015525872,artificial intelligence
A5049298442,artificial intelligence
A5045405133,machine learning
A5081818004,artificial intelligence
A5080103406,artificial intelligence
A5065417380,artificial intelligence
A5091802290,artificial intelligence
A5070704114,programming language
A5027922959,data mining
A5068043486,artificial intelligence
A5035004248,programming language
A5043021465,operating system
A5081264468,operating system
A5072463614,artificial intelligence
A5088949442,artificial intelligence
A5047144831,artificial intelligence
A5070122459,artificial intelligence
A5057528939,artificial intelligence
A5023679578,artificial intelligence
A5035612059,artificial intelligence
A5046246429,artificial intelligence
A5049538665,artificial intelligence
A5029093819,computer security
A5041416082,machine learning
A5055664643,machine learning
A5036092293,artificial intelligence
A5058535837,artificial intelligence
A5078209312,artificial intelligence
A5034379072,machine learning
A5049235940,machine learning
A5034789696,artificial intelligence
A5076159734,artificial intelligence
A5062134955,artificial intelligence
A5029409129,artificial intelligence
A5064600777,artificial intelligence
A5003397676,machine learning
A5033345276,operating system
A5037136350,artificial intelligence
A5011017632,operating system
A5047030842,computer security
A5017195907,operating system
A5070798371,artificial intelligence
A5082299571,artificial intelligence
A5064195823,artificial intelligence
A5011972289,natural language processing
A5089059096,artificial intelligence
A5071679581,computer security
A5006463391,operating system
A5022599477,computer security
A5050471041,computer security
A5005196486,computer security
A5090963347,artificial intelligence
A5084435647,computer security
A5079730833,computer security
A5052866036,computer security
A5050574506,computer security
A5030081176,computer security
A5001320617,operating system
A5032477316,computer security
A5064074036,artificial intelligence
A5070196203,artificial intelligence
A5018564849,artificial intelligence
A5070836406,artificial intelligence
A5008456520,artificial intelligence
A5046154127,machine learning
A5073750332,artificial intelligence
A5068783500,artificial intelligence
A5082399973,programming language
A5024962400,operating system
A5049889776,operating system
A5005954536,artificial intelligence
A5054768016,operating system
A5010136138,operating system
A5028881802,operating system
A5090124545,artificial intelligence
A5005027207,programming language
A5043799147,programming language
A5029542014,programming language
A5065913689,programming language
A5039550904,computer vision
A5068654125,computer vision
A5025282885,operating system
A5057395668,machine learning
A5014898803,machine learning
A5051246200,artificial intelligence
A5013258471,artificial intelligence
A5083499604,artificial intelligence
A5015416147,computer network
A5012184379,computer network
A5059943288,artificial intelligence
A5010266029,artificial intelligence
A5039589482,artificial intelligence
A5078202868,artificial intelligence
A5069351964,artificial intelligence
A5039826589,artificial intelligence
A5005278894,artificial intelligence
A5025779226,knowledge management
A5016838632,artificial intelligence
A5069222308,artificial intelligence
A5003042086,artificial intelligence
A5065855656,computer network
A5081683515,operating system
A5043965502,operating system
A5009789209,operating system
A5036191283,programming language
A5090703799,knowledge management
A5066263742,machine learning
A5003735157,machine learning
A5009026163,artificial intelligence
A5067298045,artificial intelligence
A5018262388,programming language
A5075614509,operating system
A5028732400,artificial intelligence
A5044873992,artificial intelligence
A5034520309,machine learning
A5039030171,artificial intelligence
A5081834237,data mining
A5068297347,machine learning
A5015560753,machine learning
A5040901825,artificial intelligence
A5036981256,artificial intelligence
A5064168819,artificial intelligence
A5068749470,machine learning
A5076625682,artificial intelligence
A5083651030,artificial intelligence
A5015167229,operating system
A5064678215,artificial intelligence
A5031987100,natural language processing
A5070570604,computer vision
A5047049726,operating system
A5053283292,machine learning
A5021296755,multimedia
A5023905699,multimedia
A5047366796,artificial intelligence
A5083198886,artificial intelligence
A5059086962,artificial intelligence
A5018636103,programming language
A5086574183,artificial intelligence
A5019984108,artificial intelligence
A5018901173,computer vision
A5026452327,artificial intelligence
A5064108965,artificial intelligence
A5079704928,artificial intelligence
A5017923995,artificial intelligence
A5014174145,artificial intelligence
A5004648823,computer security
A5034745115,multimedia
A5059860381,artificial intelligence
A5039345236,artificial intelligence
A5030060415,artificial intelligence
A5035727875,artificial intelligence
A5084426593,operating system
A5085867827,knowledge management
A5015120449,machine learning
A5028831759,artificial intelligence
A5081288899,operating system
A5069586858,machine learning
A5023258928,artificial intelligence
A5010866913,knowledge management
A5044182405,world wide web
A5086852996,artificial intelligence
A5038646439,artificial intelligence
A5035818649,artificial intelligence
A5013067294,artificial intelligence
A5021862093,artificial intelligence
A5017993930,artificial intelligence
A5086026837,artificial intelligence
A5066799557,artificial intelligence
A5084074039,computer network
A5050825638,artificial intelligence
A5083167770,computer security
A5055597521,artificial intelligence
A5076523743,programming language
A5059462584,artificial intelligence
A5065530392,operating system
A5022368866,world wide web
A5066961918,data science
A5074230812,data science
A5052636056,artificial intelligence
A5042875971,operating system
A5000746813,programming language
A5007328321,operating system
A5004215141,machine learning
A5050352562,artificial intelligence
A5073328355,programming language
A5077797185,operating system
A5005774507,data science
A5051092068,machine learning
A5009412920,machine learning
A5066424237,computer security
A5069525082,computer network
A5002214859,computer network
A5007786841,computer network
A5071300337,artificial intelligence
A5091433150,artificial intelligence
A5069771827,multimedia
A5082344846,operating system
A5073468099,artificial intelligence
A5041318525,artificial intelligence
A5030558411,artificial intelligence
A5069912951,artificial intelligence
A5029491972,operating system
A5084474211,artificial intelligence
A5065079382,artificial intelligence
A5022164566,artificial intelligence
A5090549590,world wide web
A5024201764,computer security
A5001755097,operating system
A5057700615,operating system
A5043672014,artificial intelligence
A5043140393,operating system
A5018025640,knowledge management
A5046292037,library science
A5067298964,library science
A5003764733,library science
A5075678426,library science
A5065670073,artificial intelligence
A5063444970,library science
A5078684923,computer vision
A5085326280,computer vision
A5047361949,computer vision
A5055092072,computer vision
A5072930623,computer vision
A5067473751,library science
A5007381094,computer vision
A5059145704,library science
A5029438936,operating system
A5010182547,artificial intelligence
A5002419105,artificial intelligence
A5071151961,library science
A5076053477,artificial intelligence
A5006073812,artificial intelligence
A5064840804,artificial intelligence
A5067941557,machine learning
A5069536590,operating system
A5008278074,programming language
A5086501425,data science
A5066862657,artificial intelligence
A5009001583,operating system
A5075263037,data mining
A5020627397,operating system
A5024000651,data science
A5070260542,machine learning
A5043010060,library science
A5045640881,operating system
A5059095513,machine learning
A5053171112,artificial intelligence
A5042413006,computer network
A5021578712,computer network
A5089110297,artificial intelligence
A5033318800,artificial intelligence
A5026289517,world wide web
A5069927701,artificial intelligence
A5043334632,artificial intelligence
A5074064530,artificial intelligence
A5031319659,artificial intelligence
A5040557952,artificial intelligence
A5015892347,artificial intelligence
A5001558853,artificial intelligence
A5053974902,artificial intelligence
A5066100883,artificial intelligence
A5004537036,artificial intelligence
A5038178483,artificial intelligence
A5010740665,artificial intelligence
A5000247474,artificial intelligence
A5065407989,artificial intelligence
A5065110242,machine learning
A5035829033,artificial intelligence
A5091641595,artificial intelligence
A5061293202,artificial intelligence
A5035666218,artificial intelligence
A5044418028,artificial intelligence
A5033966208,artificial intelligence
A5088229382,artificial intelligence
A5070124724,programming language
A5069353228,programming language
A5078031491,programming language
A5007782819,programming language
A5014511587,artificial intelligence
A5065659717,artificial intelligence
A5075167588,artificial intelligence
A5010117264,artificial intelligence
A5030015858,artificial intelligence
A5034138501,artificial intelligence
A5059766027,knowledge management
A5073470546,computer security
A5002694692,artificial intelligence
A5045545018,operating system
A5006613562,operating system
A5038713740,artificial intelligence
A5000842958,artificial intelligence
A5026643917,computer network
A5073249271,artificial intelligence
A5052380142,operating system
A5051661615,artificial intelligence
A5017981726,knowledge management
A5073339011,artificial intelligence
A5031870530,artificial intelligence
A5050216642,artificial intelligence
A5058027565,machine learning
A5038096249,artificial intelligence
A5021696227,artificial intelligence
A5077395641,artificial intelligence
A5048214969,artificial intelligence
A5052855339,artificial intelligence
A5036381501,artificial intelligence
A5017785610,programming language
A5029945932,data science
A5031321219,artificial intelligence
A5086647344,artificial intelligence
A5064713691,artificial intelligence
A5020122668,artificial intelligence
A5057436325,artificial intelligence
A5041511949,artificial intelligence
A5062278926,artificial intelligence
A5048794271,artificial intelligence
A5089127853,artificial intelligence
A5008884264,artificial intelligence
A5041273245,artificial intelligence
A5022077342,operating system
A5028604593,artificial intelligence
A5067887830,artificial intelligence
A5075696701,artificial intelligence
A5037235254,artificial intelligence
A5044161230,artificial intelligence
A5022012925,artificial intelligence
A5025684900,computer vision
A5053496940,computer vision
A5051149289,artificial intelligence
A5042341446,artificial intelligence
A5021025872,artificial intelligence
A5055641802,artificial intelligence
A5075278584,artificial intelligence
A5003469648,world wide web
A5070208947,programming language
A5068699319,artificial intelligence
A5001721723,speech recognition
A5010299587,artificial intelligence
A5048036610,artificial intelligence
A5066120732,operating system
A5076089493,operating system
A5030577536,programming language
A5042345984,artificial intelligence
A5028104689,artificial intelligence
A5076100136,computer security
A5078297750,artificial intelligence
A5030954389,computer security
A5072967825,information retrieval
A5029906183,data mining
A5084453804,machine learning
A5024851698,artificial intelligence
A5024592017,artificial intelligence
A5004772359,machine learning
A5021771514,machine learning
A5003515443,computer architecture
A5067660681,operating system
A5066742449,artificial intelligence
A5063493626,programming language
A5012795773,natural language processing
A5090325982,natural language processing
A5049604166,artificial intelligence
A5090602204,machine learning
A5026391344,artificial intelligence
A5036880809,artificial intelligence
A5089831646,artificial intelligence
A5017473749,artificial intelligence
A5059720343,world wide web
A5073925867,artificial intelligence
A5020649203,artificial intelligence
A5084804121,artificial intelligence
A5065413313,artificial intelligence
A5023370414,operating system
A5023044105,machine learning
A5036712857,multimedia
A5041058725,artificial intelligence
A5054977221,data science
A5000863863,data science
A5026068954,data science
A5019993814,data science
A5019494994,machine learning
A5054256492,machine learning
A5025443239,artificial intelligence
A5033235547,machine learning
A5002445340,machine learning
A5046867584,artificial intelligence
A5004412345,computer security
A5008626224,machine learning
A5073721997,artificial intelligence
A5018329469,artificial intelligence
A5047941947,artificial intelligence
A5006954528,natural language processing
A5081911812,artificial intelligence
A5042048981,artificial intelligence
A5056076257,artificial intelligence
A5006723843,artificial intelligence
A5082576793,artificial intelligence
A5089263719,artificial intelligence
A5059340793,artificial intelligence
A5070815490,machine learning
A5006975104,machine learning
A5090657067,artificial intelligence
A5055687358,artificial intelligence
A5043347335,artificial intelligence
A5053134485,programming language
A5081801388,artificial intelligence
A5087459652,artificial intelligence
A5076371436,artificial intelligence
A5020085415,programming language
A5018497176,programming language
A5079917233,artificial intelligence
A5044171839,artificial intelligence
A5049747850,multimedia
A5026978593,machine learning
A5038352672,artificial intelligence
A5042552767,operating system
A5024331725,artificial intelligence
A5034936171,artificial intelligence
A5090767474,artificial intelligence
A5049828153,natural language processing
A5036047595,artificial intelligence
A5017810911,artificial intelligence
A5078908478,artificial intelligence
A5079545397,computer vision
A5049869228,artificial intelligence
A5089548776,artificial intelligence
A5090974026,programming language
A5034009786,programming language
A5050150232,computer network
A5058867237,programming language
A5091541133,artificial intelligence
A5088264677,operating system
A5038150463,machine learning
A5035200732,artificial intelligence
A5039655443,artificial intelligence
A5050701720,artificial intelligence
A5066357741,artificial intelligence
A5076546160,artificial intelligence
A5065535908,artificial intelligence
A5001215167,artificial intelligence
A5082964883,operating system
A5008473374,computer vision
A5071658857,artificial intelligence
A5003788084,operating system
A5026194672,computer vision
A5034035589,artificial intelligence
A5043990930,programming language
A5068922552,artificial intelligence
A5049335972,knowledge management
A5029001932,artificial intelligence
A5064027625,multimedia
A5053472123,machine learning
A5077391080,multimedia
A5087421133,natural language processing
A5000193182,programming language
A5012906113,artificial intelligence
A5067538994,artificial intelligence
A5055789823,programming language
A5068359435,artificial intelligence
A5052382685,data science
A5019191413,artificial intelligence
A5003011391,artificial intelligence
A5044540605,programming language
A5057523671,artificial intelligence
A5083193567,artificial intelligence
A5048354076,artificial intelligence
A5032594738,natural language processing
A5008499885,operating system
A5080727549,artificial intelligence
A5058133910,artificial intelligence
A5005944620,operating system
A5016765555,artificial intelligence
A5089128173,data science
A5054158657,data science
A5086696141,data science
A5071988838,operating system
A5012218115,operating system
A5082571235,operating system
A5087814029,programming language
A5050959554,artificial intelligence
A5063882377,artificial intelligence
A5019203630,machine learning
A5030392253,artificial intelligence
A5001588690,artificial intelligence
A5081582513,artificial intelligence
A5036529804,artificial intelligence
A5069316372,artificial intelligence
A5049729222,programming language
A5042364837,programming language
A5037267181,operating system
A5027986177,artificial intelligence
A5072509385,natural language processing
A5068597007,natural language processing
A5040119256,machine learning
A5053457946,speech recognition
A5036439001,speech recognition
A5044834406,artificial intelligence
A5081409262,artificial intelligence
A5013221359,artificial intelligence
A5064003451,artificial intelligence
A5052002697,artificial intelligence
A5071670255,machine learning
A5019340007,artificial intelligence
A5075252209,operating system
A5005672922,artificial intelligence
A5067567133,artificial intelligence
A5039100910,machine learning
A5076892344,machine learning
A5006151902,artificial intelligence
A5006849736,artificial intelligence
A5069146844,operating system
A5010351436,operating system
A5014376522,multimedia
A5037039029,artificial intelligence
A5058256009,programming language
A5064853743,machine learning
A5000751233,artificial intelligence
A5001510203,artificial intelligence
A5086501723,artificial intelligence
A5003029746,knowledge management
A5091165056,artificial intelligence
A5035674196,operating system
A5071176650,natural language processing
A5005472695,natural language processing
A5091760571,artificial intelligence
A5035908989,computer vision
A5048193471,computer vision
A5046910432,machine learning
A5089963747,artificial intelligence
A5074079533,artificial intelligence
A5028950795,artificial intelligence
A5041689611,artificial intelligence
A5033082835,machine learning
A5011366566,artificial intelligence
A5003211562,artificial intelligence
A5016327160,machine learning
A5058533050,artificial intelligence
A5043908497,artificial intelligence
A5091739743,machine learning
A5082156315,machine learning
A5024866488,artificial intelligence
A5037931913,artificial intelligence
A5070349528,artificial intelligence
A5026213093,artificial intelligence
A5080452629,operating system
A5028915502,artificial intelligence
A5069174154,theoretical computer science
A5087408512,artificial intelligence
A5010304115,artificial intelligence
A5069866117,artificial intelligence
A5043775350,artificial intelligence
A5036873933,artificial intelligence
A5024024516,artificial intelligence
A5071797615,artificial intelligence
A5004663239,artificial intelligence
A5001321475,artificial intelligence
A5017093934,machine learning
A5015829118,machine learning
A5047196019,artificial intelligence
A5045025939,artificial intelligence
A5012685850,operating system
A5063114477,world wide web
A5091290216,computer vision
A5046909216,artificial intelligence
A5069813871,data science
A5077351737,multimedia
A5045721021,data science
A5080171014,data science
A5054529234,data mining
A5004082765,data mining
A5028574240,data mining
A5026422324,artificial intelligence
A5062030044,artificial intelligence
A5045232866,artificial intelligence
A5050457226,machine learning
A5009542976,operating system
A5048917702,artificial intelligence
A5047468364,artificial intelligence
A5040135655,artificial intelligence
A5091472410,artificial intelligence
A5056337970,artificial intelligence
A5081194528,artificial intelligence
A5023167307,artificial intelligence
A5031318875,operating system
A5060318703,machine learning
A5086738494,artificial intelligence
A5076206064,artificial intelligence
A5065078688,operating system
A5005196305,knowledge management
A5006318006,operating system
A5032678374,artificial intelligence
A5018438235,artificial intelligence
A5090486705,artificial intelligence
A5053453035,artificial intelligence
A5044124101,artificial intelligence
A5070405267,artificial intelligence
A5000822429,artificial intelligence
A5007165423,artificial intelligence
A5006934439,artificial intelligence
A5010545314,artificial intelligence
A5053302516,data science
A5039937802,artificial intelligence
A5091888580,artificial intelligence
A5058705058,artificial intelligence
A5004998505,artificial intelligence
A5043679982,artificial intelligence
A5089873168,multimedia
A5044673068,artificial intelligence
A5086849321,machine learning
A5036652880,artificial intelligence
A5008474318,artificial intelligence
A5024074640,artificial intelligence
A5008284379,multimedia
A5019189450,computer network
A5036943385,artificial intelligence
A5004212293,data mining
A5007001727,operating system
A5067710720,artificial intelligence
A5081656100,artificial intelligence
A5064791159,artificial intelligence
A5088948389,artificial intelligence
A5052478128,database
A5019338801,artificial intelligence
A5083896155,artificial intelligence
A5063396155,artificial intelligence
A5051646378,data science
A5035711995,computer vision
A5089626668,artificial intelligence
A5087416457,artificial intelligence
A5020023244,computer network
A5033485482,artificial intelligence
A5063053513,computer security
A5091366413,artificial intelligence
A5010913076,artificial intelligence
A5049532227,operating system
A5043965201,artificial intelligence
A5062860667,machine learning
A5017040421,artificial intelligence
A5080658307,artificial intelligence
A5078541942,artificial intelligence
A5086962046,machine learning
A5068383974,artificial intelligence
A5001920839,artificial intelligence
A5057325316,artificial intelligence
A5051950964,machine learning
A5040603988,machine learning
A5074016320,programming language
A5084786630,artificial intelligence
A5073741399,database
A5026897945,operating system
A5012356899,data science
A5043837983,data science
A5006044061,data science
A5036609068,data science
A5072649231,data science
A5050667910,data science
A5058807538,data science
A5060109778,knowledge management
A5020422819,data science
A5006450150,data science
A5037181918,data science
A5077112344,data science
A5020857740,data science
A5065533998,data science
A5013685403,data science
A5041231488,machine learning
A5024255338,internet privacy
A5082179587,artificial intelligence
A5047650605,artificial intelligence
A5070272319,artificial intelligence
A5034977135,knowledge management
A5067083720,knowledge management
A5073056289,artificial intelligence
A5045948109,data science
A5083093163,data science
A5014812483,data science
A5011284189,operating system
A5014593823,artificial intelligence
A5021833829,speech recognition
A5085690211,machine learning
A5061434389,artificial intelligence
A5024837930,artificial intelligence
A5074137280,artificial intelligence
A5004662442,machine learning
A5010212151,artificial intelligence
A5023720119,machine learning
A5068272767,artificial intelligence
A5055554063,operating system
A5041396966,machine learning
A5033807547,data mining
A5048466428,artificial intelligence
A5073158087,artificial intelligence
A5067575272,operating system
A5065778060,artificial intelligence
A5037496312,artificial intelligence
A5014637904,artificial intelligence
A5045106939,artificial intelligence
A5025651569,artificial intelligence
A5024556694,operating system
A5033415643,operating system
A5061219359,machine learning
A5015293541,artificial intelligence
A5058119825,programming language
A5041364229,artificial intelligence
A5034840085,artificial intelligence
A5036662934,artificial intelligence
A5071026235,artificial intelligence
A5090298788,data science
A5054853336,data science
A5045767979,data science
A5040357517,computer security
A5063901262,machine learning
A5064303786,artificial intelligence
A5078655771,artificial intelligence
A5050195077,artificial intelligence
A5075313558,artificial intelligence
A5089879542,machine learning
A5085529760,artificial intelligence
A5081140857,artificial intelligence
A5089923412,world wide web
A5067805105,artificial intelligence
A5047055476,artificial intelligence
A5064291738,artificial intelligence
A5021171051,computer network
A5064215194,knowledge management
A5000232165,artificial intelligence
A5063225038,artificial intelligence
A5063819833,computer network
A5044343389,artificial intelligence
A5020296455,artificial intelligence
A5021821470,artificial intelligence
A5008368726,artificial intelligence
A5015155189,artificial intelligence
A5088189729,data science
A5085934809,artificial intelligence
A5035606969,world wide web
A5002483423,artificial intelligence
A5035725943,operating system
A5027842808,artificial intelligence
A5055457460,artificial intelligence
A5032364210,artificial intelligence
A5040465604,artificial intelligence
A5038279684,artificial intelligence
A5067583517,artificial intelligence
A5019295590,artificial intelligence
A5015899966,computer network
A5046098995,artificial intelligence
A5057769087,database
A5060914810,artificial intelligence
A5011767817,machine learning
A5046340868,machine learning
A5039122546,machine learning
A5045061940,machine learning
A5004047751,machine learning
A5057383193,artificial intelligence
A5014668662,machine learning
A5049446420,artificial intelligence
A5044932577,operating system
A5081936968,artificial intelligence
A5019481683,artificial intelligence
A5031513400,artificial intelligence
A5011547542,machine learning
A5051434667,machine learning
A5019032050,machine learning
A5089959851,machine learning
A5010744521,artificial intelligence
A5017011224,machine learning
A5050226622,machine learning
A5012444406,artificial intelligence
A5021566328,artificial intelligence
A5012613384,operating system
A5087461406,operating system
A5035498698,operating system
A5037912334,machine learning
A5068453499,artificial intelligence
A5019656463,artificial intelligence
A5045264540,knowledge management
A5003170646,artificial intelligence
A5003162062,machine learning
A5006624704,artificial intelligence
A5070430729,knowledge management
A5068163438,artificial intelligence
A5000998768,machine learning
A5085345108,artificial intelligence
A5078920453,knowledge management
A5062933551,machine learning
A5038617538,artificial intelligence
A5086102671,knowledge management
A5005156221,knowledge management
A5054751762,natural language processing
A5002141572,artificial intelligence
A5073019324,natural language processing
A5078770458,operating system
A5000057690,artificial intelligence
A5005405969,multimedia
A5091516036,computer vision
A5002409198,artificial intelligence
A5040536367,machine learning
A5059932574,database
A5020286157,artificial intelligence
A5064213257,operating system
A5027145481,data science
A5022897274,artificial intelligence
A5010335625,operating system
A5012865019,artificial intelligence
A5080487074,artificial intelligence
A5046288066,machine learning
A5065993811,machine learning
A5069954080,machine learning
A5026063666,computer network
A5077252010,multimedia
A5021884973,machine learning
A5041965663,artificial intelligence
A5029669301,operating system
A5063521409,artificial intelligence
A5038628385,operating system
A5033593550,computer security
A5047146666,operating system
A5073529736,artificial intelligence
A5089882720,machine learning
A5039598830,operating system
A5002462532,artificial intelligence
A5081141392,artificial intelligence
A5032155095,computer security
A5004910797,artificial intelligence
A5022903591,artificial intelligence
A5035017825,operating system
A5065076014,artificial intelligence
A5063739872,artificial intelligence
A5076504939,artificial intelligence
A5081491178,artificial intelligence
A5047114006,artificial intelligence
A5061378476,computer network
A5023412948,operating system
A5087307494,operating system
A5005567981,operating system
A5008577492,artificial intelligence
A5076902429,knowledge management
A5053909656,artificial intelligence
A5065617607,artificial intelligence
A5064568676,artificial intelligence
A5025818350,artificial intelligence
A5065436865,artificial intelligence
A5028330911,artificial intelligence
A5080396989,world wide web
A5040995180,artificial intelligence
A5076741093,artificial intelligence
A5028868546,computer vision
A5008935039,computer vision
A5069946938,multimedia
A5036511057,artificial intelligence
A5072177550,artificial intelligence
A5077870972,programming language
A5038098472,artificial intelligence
A5045252723,machine learning
A5040831225,artificial intelligence
A5058247868,artificial intelligence
A5044047608,machine learning
A5034571906,artificial intelligence
A5021035595,artificial intelligence
A5040931253,computer vision
A5011061459,artificial intelligence
A5052045932,artificial intelligence
A5058439058,artificial intelligence
A5035437542,machine learning
A5003513302,computer vision
A5030697098,artificial intelligence
A5062532138,machine learning
A5010207413,machine learning
A5058145168,artificial intelligence
A5042458441,artificial intelligence
A5046490122,artificial intelligence
A5063073348,artificial intelligence
A5037424541,machine learning
A5061871203,machine learning
A5047605634,artificial intelligence
A5059229116,artificial intelligence
A5053131261,artificial intelligence
A5000541391,artificial intelligence
A5064581182,artificial intelligence
A5062472186,artificial intelligence
A5012467527,database
A5050503150,artificial intelligence
A5010969320,operating system
A5000322730,artificial intelligence
A5077785558,artificial intelligence
A5037865389,artificial intelligence
A5040556896,artificial intelligence
A5014212320,artificial intelligence
A5019623215,machine learning
A5007248485,artificial intelligence
A5062718839,artificial intelligence
A5076368629,artificial intelligence
A5014849100,operating system
A5025180699,knowledge management
A5051701924,knowledge management
A5000015851,machine learning
A5024490832,machine learning
A5007675965,operating system
A5046949276,artificial intelligence
A5050230872,programming language
A5033278623,database
A5020413888,machine learning
A5079952387,artificial intelligence
A5059387514,artificial intelligence
A5087880464,artificial intelligence
A5076137162,artificial intelligence
A5038128036,machine learning
A5089334740,artificial intelligence
A5089430209,database
A5027277913,artificial intelligence
A5085882871,world wide web
A5012677217,multimedia
A5042452680,artificial intelligence
A5044215986,natural language processing
A5004573956,artificial intelligence
A5016119686,operating system
A5089058343,operating system
A5005255840,programming language
A5080657744,artificial intelligence
A5081299564,multimedia
A5080897773,natural language processing
A5057618800,machine learning
A5057428477,theoretical computer science
A5018046405,programming language
A5060267690,programming language
A5002950978,machine learning
A5020325442,artificial intelligence
A5002394773,artificial intelligence
A5078883230,machine learning
A5011291239,computer security
A5038850707,operating system
A5024920838,operating system
A5010781223,artificial intelligence
A5005985934,artificial intelligence
A5085988299,computer security
A5057707592,artificial intelligence
A5074500104,machine learning
A5005159199,computer network
A5048627701,computer security
A5013568878,computer vision
A5037798546,artificial intelligence
A5003160148,natural language processing
A5013136747,artificial intelligence
A5076646419,artificial intelligence
A5088515045,operating system
A5037943235,artificial intelligence
A5012178332,operating system
A5008968464,artificial intelligence
A5034549174,machine learning
A5049655659,artificial intelligence
A5083191304,data science
A5026879203,data science
A5078858649,data science
A5067832572,multimedia
A5009445872,data science
A5040966457,multimedia
A5019221446,data science
A5027867792,data science
A5090632363,data science
A5048587628,data science
A5076042575,world wide web
A5041960992,computer security
A5032410455,computer security
A5022710004,artificial intelligence
A5016399094,artificial intelligence
A5069599012,operating system
A5063673674,operating system
A5081819615,machine learning
A5067700559,internet privacy
A5049685244,machine learning
A5019066037,artificial intelligence
A5087372334,artificial intelligence
A5062761439,machine learning
A5062809163,artificial intelligence
A5082803450,artificial intelligence
A5037975948,artificial intelligence
A5056560091,artificial intelligence
A5051951815,computer security
A5089486619,machine learning
A5063919743,artificial intelligence
A5022772090,operating system
A5003063986,operating system
A5082319905,artificial intelligence
A5054913174,artificial intelligence
A5062966387,artificial intelligence
A5061980073,machine learning
A5059799105,operating system
A5089722326,operating system
A5058018557,information retrieval
A5076918526,knowledge management
A5071868397,artificial intelligence
A5083293682,operating system
A5023299508,artificial intelligence
A5043788810,artificial intelligence
A5003385886,artificial intelligence
A5018158794,programming language
A5020743857,artificial intelligence
A5057465654,artificial intelligence
A5022457839,computer vision
A5085914001,artificial intelligence
A5015574228,artificial intelligence
A5022562495,artificial intelligence
A5007535711,operating system
A5071909659,artificial intelligence
A5033172098,operating system
A5026034227,computer network
A5026769143,artificial intelligence
A5024936393,artificial intelligence
A5003633056,machine learning
A5028546190,artificial intelligence
A5090209944,artificial intelligence
A5015004334,artificial intelligence
A5082031528,artificial intelligence
A5039386249,artificial intelligence
A5087006588,programming language
A5084990230,artificial intelligence
A5017839928,artificial intelligence
A5027060017,artificial intelligence
A5027141730,artificial intelligence
A5075184378,multimedia
A5024946453,artificial intelligence
A5091709601,artificial intelligence
A5003531526,artificial intelligence
A5032314008,knowledge management
A5071819311,artificial intelligence
A5076197062,artificial intelligence
A5045079699,operating system
A5053221351,operating system
A5066497802,machine learning
A5005779128,artificial intelligence
A5012752271,artificial intelligence
A5028036155,machine learning
A5085648936,speech recognition
A5030778793,artificial intelligence
A5014801571,artificial intelligence
A5001475880,operating system
A5091198094,artificial intelligence
A5002479265,computer security
A5087760469,operating system
A5034076717,artificial intelligence
A5026615921,machine learning
A5042626544,machine learning
A5061848511,artificial intelligence
A5026786490,artificial intelligence
A5065543748,operating system
A5025865534,artificial intelligence
A5003799889,artificial intelligence
A5068903124,computer security
A5065224866,computer vision
A5090028076,operating system
A5035362591,computer vision
A5005093546,artificial intelligence
A5020632511,database
A5048423101,world wide web
A5001586321,artificial intelligence
A5060137850,computer vision
A5021517996,operating system
A5074978271,operating system
A5009403778,knowledge management
A5024991602,machine learning
A5012364552,world wide web
A5067376987,library science
A5074415127,machine learning
A5024050046,library science
A5004480546,artificial intelligence
A5001278932,library science
A5078650916,library science
A5083678661,artificial intelligence
A5014442960,operating system
A5016819431,computer security
A5079301443,computer security
A5016998195,information retrieval
A5070207956,computer security
A5059478860,artificial intelligence
A5059631574,artificial intelligence
A5064522333,artificial intelligence
A5068741386,operating system
A5074952248,machine learning
A5027338332,computer vision
A5023796874,operating system
A5069212677,world wide web
A5005031316,artificial intelligence
A5011911779,artificial intelligence
A5044240602,artificial intelligence
A5016617341,machine learning
A5027722484,data science
A5046790681,information retrieval
A5084338403,operating system
A5025644995,operating system
A5005405734,artificial intelligence
A5076339603,artificial intelligence
A5091773422,operating system
A5022933629,artificial intelligence
A5045925927,artificial intelligence
A5048111219,artificial intelligence
A5041107015,artificial intelligence
A5002956126,machine learning
A5091062664,artificial intelligence
A5000058426,artificial intelligence
A5049573335,artificial intelligence
A5055827082,artificial intelligence
A5058993668,artificial intelligence
A5089699378,speech recognition
A5031438752,artificial intelligence
A5036016825,artificial intelligence
A5036948482,artificial intelligence
A5070895158,machine learning
A5073575849,data science
A5068721800,artificial intelligence
A5015500851,data science
A5002066282,data science
A5055344615,data science
A5072939928,database
A5042233659,data science
A5084847301,data science
A5057793543,data science
A5068960070,data science
A5008505691,data science
A5001102664,data science
A5074076863,database
A5011917488,data science
A5005425656,data science
A5087270962,data science
A5089763287,operating system
A5081462604,artificial intelligence
A5040726295,artificial intelligence
A5091523198,machine learning
A5060812270,programming language
A5001234124,data science
A5034910433,data science
A5087673192,artificial intelligence
A5065254514,multimedia
A5028137676,artificial intelligence
A5083195842,artificial intelligence
A5024394052,artificial intelligence
A5017779668,artificial intelligence
A5004620971,natural language processing
A5053978441,natural language processing
A5006701092,machine learning
A5057279765,artificial intelligence
A5089657268,artificial intelligence
A5064109870,artificial intelligence
A5053712480,artificial intelligence
A5059756675,computer vision
A5006433776,artificial intelligence
A5088656842,artificial intelligence
A5061650181,knowledge management
A5006740564,artificial intelligence
A5082681779,artificial intelligence
A5020947068,artificial intelligence
A5073903451,artificial intelligence
A5037823063,artificial intelligence
A5035508615,artificial intelligence
A5027210744,artificial intelligence
A5017357612,knowledge management
A5011106857,artificial intelligence
A5059861198,knowledge management
A5058336272,knowledge management
A5070515519,artificial intelligence
A5082630089,artificial intelligence
A5044181565,machine learning
A5021406727,machine learning
A5018628439,computer network
A5055168551,operating system
A5001731891,computer network
A5059045027,computer security
A5032917378,artificial intelligence
A5068404805,artificial intelligence
A5013409315,natural language processing
A5089787459,artificial intelligence
A5025497438,artificial intelligence
A5089959591,artificial intelligence
A5012155596,operating system
A5020629662,operating system
A5046506611,multimedia
A5026513562,multimedia
A5035807592,operating system
A5072954901,machine learning
A5012389938,machine learning
A5029728794,artificial intelligence
A5001400401,computer network
A5080268176,operating system
A5031030325,artificial intelligence
A5082365220,artificial intelligence
A5053043725,artificial intelligence
A5021184817,artificial intelligence
A5021408371,natural language processing
A5068659604,artificial intelligence
A5068994132,operating system
A5066494201,artificial intelligence
A5009282894,computer network
A5001050259,computer network
A5073461342,computer vision
A5013397287,artificial intelligence
A5029611591,computer security
A5016243061,artificial intelligence
A5051603011,multimedia
A5047019142,data mining
A5006795730,artificial intelligence
A5051971484,operating system
A5089788678,artificial intelligence
A5066573046,artificial intelligence
A5054788636,artificial intelligence
A5036899571,artificial intelligence
A5033345045,machine learning
A5020002154,operating system
A5027838620,operating system
A5059972883,artificial intelligence
A5030838567,artificial intelligence
A5005493342,artificial intelligence
A5015032563,artificial intelligence
A5078106467,data science
A5074677421,library science
A5029002996,data science
A5079960248,artificial intelligence
A5030486135,library science
A5022166328,data science
A5010644038,data science
A5041297027,data science
A5036573386,data science
A5045783220,data science
A5021429824,artificial intelligence
A5090881571,data science
A5050885963,artificial intelligence
A5089545440,data science
A5041476341,data science
A5056571102,artificial intelligence
A5062677104,library science
A5016324072,data science
A5023120245,data science
A5091536796,data science
A5039583602,data science
A5074540143,data science
A5054596570,data science
A5010407079,data science
A5023663449,data science
A5034993308,data science
A5075308713,machine learning
A5054921280,data science
A5036088795,data science
A5047326447,data science
A5021775918,data science
A5035035190,data science
A5040250958,operating system
A5030211128,artificial intelligence
A5059668032,artificial intelligence
A5023258418,artificial intelligence
A5091564488,artificial intelligence
A5024112187,artificial intelligence
A5041479215,artificial intelligence
A5024756989,world wide web
A5056446217,artificial intelligence
A5017202349,programming language
A5078061212,artificial intelligence
A5009911024,artificial intelligence
A5073493514,machine learning
A5021670104,machine learning
A5008918571,artificial intelligence
A5065143546,artificial intelligence
A5055375825,operating system
A5008199244,artificial intelligence
A5053892764,artificial intelligence
A5070206012,artificial intelligence
A5036218382,knowledge management
A5041129423,machine learning
A5072164248,artificial intelligence
A5008061172,computer security
A5059104479,computer security
A5008749688,knowledge management
A5065820629,programming language
A5027141199,programming language
A5017671713,operating system
A5073954294,artificial intelligence
A5058695238,artificial intelligence
A5036909475,artificial intelligence
A5070991802,computer vision
A5014794185,computer vision
A5010374553,computer vision
A5005773574,computer vision
A5017813302,computer network
A5010303851,computer vision
A5016016490,computer vision
A5076037662,computer vision
A5000231809,artificial intelligence
A5068129773,computer vision
A5028514377,artificial intelligence
A5008150310,computer vision
A5080079534,programming language
A5001003088,artificial intelligence
A5075462759,artificial intelligence
A5072352828,artificial intelligence
A5088494085,operating system
A5000223219,artificial intelligence
A5091182020,operating system
A5068341719,operating system
A5044838226,theoretical computer science
A5064060241,artificial intelligence
A5088819989,computer network
A5037952871,machine learning
A5031326009,artificial intelligence
A5080534655,artificial intelligence
A5069073950,multimedia
A5025954465,machine learning
A5025536392,operating system
A5082602345,computer network
A5081387612,computer network
A5026019092,artificial intelligence
A5007813649,artificial intelligence
A5017288503,artificial intelligence
A5031745578,artificial intelligence
A5030809546,artificial intelligence
A5082299599,computer vision
A5008463521,artificial intelligence
A5073952707,computer security
A5084413042,operating system
A5032880330,artificial intelligence
A5087420515,machine learning
A5034415763,machine learning
A5069892226,machine learning
A5077836952,machine learning
A5090743355,machine learning
A5057150027,machine learning
A5026019027,machine learning
A5046992773,machine learning
A5064205712,artificial intelligence
A5038794787,artificial intelligence
A5017785507,artificial intelligence
A5009005286,artificial intelligence
A5022533933,artificial intelligence
A5016009971,artificial intelligence
A5055136256,natural language processing
A5041343203,artificial intelligence
A5048557075,artificial intelligence
A5002023471,artificial intelligence
A5035446220,artificial intelligence
A5057381913,natural language processing
A5077011861,artificial intelligence
A5068073661,artificial intelligence
A5022595592,artificial intelligence
A5037128649,data science
A5030044147,artificial intelligence
A5050579122,artificial intelligence
A5051931301,operating system
A5027886471,operating system
A5076494044,artificial intelligence
A5011442232,operating system
A5058339107,artificial intelligence
A5046729396,operating system
A5026573330,computer security
A5001633349,artificial intelligence
A5071624591,operating system
A5073630959,operating system
A5042307666,artificial intelligence
A5047706385,operating system
A5075311785,artificial intelligence
A5000983039,artificial intelligence
A5000457620,artificial intelligence
A5006576758,natural language processing
A5077465296,computer security
A5059077090,operating system
A5056071907,world wide web
A5029349148,computer vision
A5014021940,information retrieval
A5014574034,artificial intelligence
A5035682506,artificial intelligence
A5051182263,data science
A5038841192,data science
A5022835920,data science
A5030838413,computer vision
A5003431438,computer vision
A5047759693,computer vision
A5015284101,operating system
A5019168266,artificial intelligence
A5028051414,natural language processing
A5045112530,artificial intelligence
A5077679547,artificial intelligence
A5060474046,multimedia
A5049004212,artificial intelligence
A5008164172,artificial intelligence
A5073018684,artificial intelligence
A5055473751,artificial intelligence
A5046754850,artificial intelligence
A5064621861,artificial intelligence
A5008503406,artificial intelligence
A5040673729,artificial intelligence
A5041305483,artificial intelligence
A5011424690,operating system
A5089915003,speech recognition
A5023828120,artificial intelligence
A5051232682,programming language
A5049902148,programming language
A5006522437,programming language
A5020819380,programming language
A5020811854,natural language processing
A5006171517,artificial intelligence
A5003019848,machine learning
A5049635189,machine learning
A5061396792,artificial intelligence
A5043977717,artificial intelligence
A5042572110,artificial intelligence
A5053808050,artificial intelligence
A5072673984,machine learning
A5038841039,artificial intelligence
A5042759246,artificial intelligence
A5017558953,artificial intelligence
A5068974354,computer network
A5029152967,machine learning
A5027822736,artificial intelligence
A5062347059,artificial intelligence
A5025428118,operating system
A5004630888,artificial intelligence
A5012694079,knowledge management
A5088624221,artificial intelligence
A5064627349,artificial intelligence
A5022275634,machine learning
A5037749886,operating system
A5043839779,computer vision
A5042740560,computer vision
A5026533848,computer vision
A5089436940,computer vision
A5078313144,computer vision
A5051545102,computer vision
A5065188956,artificial intelligence
A5037516391,computer vision
A5037695598,artificial intelligence
A5061825015,operating system
A5012129922,artificial intelligence
A5057486834,database
A5086840347,artificial intelligence
A5083297504,programming language
A5030058706,world wide web
A5071218634,artificial intelligence
A5036732043,artificial intelligence
A5069824701,database
A5009106258,database
A5053184142,artificial intelligence
A5041039016,machine learning
A5081687689,machine learning
A5011757387,knowledge management
A5042068959,artificial intelligence
A5037921616,artificial intelligence
A5025681380,artificial intelligence
A5002822715,artificial intelligence
A5062788021,artificial intelligence
A5064451296,artificial intelligence
A5087620881,artificial intelligence
A5047720335,machine learning
A5035430461,machine learning
A5072002399,operating system
A5035993853,database
A5057981936,machine learning
A5064226390,operating system
A5021180789,operating system
A5056637422,data mining
A5088463133,artificial intelligence
A5036675440,machine learning
A5052020619,knowledge management
A5037759536,multimedia
A5050458961,artificial intelligence
A5031929045,operating system
A5055397718,artificial intelligence
A5084422764,artificial intelligence
A5040337866,artificial intelligence
A5087365847,operating system
A5010310886,machine learning
A5018770643,computer vision
A5060035070,artificial intelligence
A5039646665,computer vision
A5065726016,artificial intelligence
A5023976633,computer vision
A5023707966,artificial intelligence
A5031512949,artificial intelligence
A5014815210,artificial intelligence
A5064536788,artificial intelligence
A5001512799,artificial intelligence
A5076795282,artificial intelligence
A5044508133,artificial intelligence
A5089359404,artificial intelligence
A5084217038,artificial intelligence
A5070945384,artificial intelligence
A5019091282,artificial intelligence
A5049431681,artificial intelligence
A5063242852,artificial intelligence
A5079640568,artificial intelligence
A5042632410,artificial intelligence
A5087612642,artificial intelligence
A5040575694,operating system
A5000496733,computer vision
A5071223167,artificial intelligence
A5011302867,artificial intelligence
A5070532428,operating system
A5049843656,computer security
A5012634053,artificial intelligence
A5083465824,artificial intelligence
A5045243632,machine learning
A5049307814,artificial intelligence
A5064165909,operating system
A5075382131,artificial intelligence
A5005139027,artificial intelligence
A5029180968,artificial intelligence
A5077714259,machine learning
A5036420255,multimedia
A5041633515,multimedia
A5002493141,multimedia
A5037542917,multimedia
A5037314603,artificial intelligence
A5035895421,artificial intelligence
A5084713182,data science
A5045959475,artificial intelligence
A5022049451,operating system
A5016194780,machine learning
A5015022943,programming language
A5088645577,data science
A5032613722,artificial intelligence
A5037122155,artificial intelligence
A5045155778,machine learning
A5054436314,machine learning
A5035675158,machine learning
A5035316500,artificial intelligence
A5072759190,artificial intelligence
A5087641993,artificial intelligence
A5025239159,artificial intelligence
A5055892736,artificial intelligence
A5043936028,machine learning
A5058404678,machine learning
A5071372072,artificial intelligence
A5059823596,artificial intelligence
A5020702739,information retrieval
A5041090414,artificial intelligence
A5005923583,artificial intelligence
A5083297323,theoretical computer science
A5063683092,theoretical computer science
A5001537219,artificial intelligence
A5036075504,machine learning
A5005448213,artificial intelligence
A5077185026,artificial intelligence
A5066884842,computer security
A5049059629,operating system
A5088769699,world wide web
A5081335610,artificial intelligence
A5091241236,operating system
A5075891312,multimedia
A5067870613,artificial intelligence
A5001444744,artificial intelligence
A5065295796,artificial intelligence
A5030052314,programming language
A5035876453,machine learning
A5027197011,operating system
A5065809496,operating system
A5057066503,operating system
A5087403779,operating system
A5033250520,operating system
A5041314304,operating system
A5032085931,operating system
A5043345329,operating system
A5070612411,artificial intelligence
A5025683296,artificial intelligence
A5052895288,artificial intelligence
A5078222344,artificial intelligence
A5038872313,artificial intelligence
A5055909074,artificial intelligence
A5048039077,artificial intelligence
A5001417518,world wide web
A5039613151,knowledge management
A5072652415,artificial intelligence
A5009005230,artificial intelligence
A5033443706,artificial intelligence
A5042862316,artificial intelligence
A5064309226,artificial intelligence
A5078324452,artificial intelligence
A5090502306,natural language processing
A5029091872,artificial intelligence
A5033162115,operating system
A5034684900,artificial intelligence
A5028033014,artificial intelligence
A5033275018,artificial intelligence
A5091201289,artificial intelligence
A5013284184,operating system
A5040165854,operating system
A5033549006,database
A5026571629,artificial intelligence
A5079255577,artificial intelligence
A5077582032,computer network
A5041882597,programming language
A5001315900,data science
A5088611836,artificial intelligence
A5060574132,knowledge management
A5014726514,artificial intelligence
A5020680203,artificial intelligence
A5036933590,artificial intelligence
A5034208059,operating system
A5059803956,artificial intelligence
A5035123841,artificial intelligence
A5028769144,artificial intelligence
A5047210684,theoretical computer science
A5028112274,knowledge management
A5010214908,artificial intelligence
A5091614921,artificial intelligence
A5059367515,operating system
A5067642720,operating system
A5060316501,artificial intelligence
A5072749112,artificial intelligence
A5078806505,artificial intelligence
A5012922603,artificial intelligence
A5073309945,programming language
A5049576113,artificial intelligence
A5064517871,artificial intelligence
A5028841942,operating system
A5017401910,artificial intelligence
A5059485943,world wide web
A5073522019,artificial intelligence
A5070471257,machine learning
A5018884989,machine learning
A5067277760,multimedia
A5021744271,multimedia
A5036452567,artificial intelligence
A5043521025,artificial intelligence
A5064079216,machine learning
A5071221510,operating system
A5023400284,artificial intelligence
A5045262749,machine learning
A5048862771,artificial intelligence
A5081695777,artificial intelligence
A5090620117,library science
A5059267110,artificial intelligence
A5029770755,machine learning
A5078169403,artificial intelligence
A5068085473,artificial intelligence
A5081406315,natural language processing
A5014321225,computer network
A5045672176,multimedia
A5040365868,programming language
A5042956973,artificial intelligence
A5038301709,machine learning
A5070054935,computer vision
A5070826275,artificial intelligence
A5079040569,machine learning
A5075716299,computer security
A5057375203,machine learning
A5049824840,artificial intelligence
A5055141678,data science
A5027161272,data science
A5089206407,artificial intelligence
A5010893695,machine learning
A5002368076,artificial intelligence
A5050424953,multimedia
A5030498265,artificial intelligence
A5048047967,artificial intelligence
A5084120663,machine learning
A5016315589,machine learning
A5048993786,machine learning
A5048881265,machine learning
A5054358677,database
A5078961629,artificial intelligence
A5022185101,multimedia
A5068483933,artificial intelligence
A5046024097,operating system
A5024962589,world wide web
A5020211877,world wide web
A5060098355,knowledge management
A5008670767,operating system
A5063211655,world wide web
A5027231751,artificial intelligence
A5032239716,artificial intelligence
A5020312535,artificial intelligence
A5065429282,operating system
A5051641523,artificial intelligence
A5070859687,computer security
A5087502169,data science
A5025397790,artificial intelligence
A5001739163,artificial intelligence
A5076690954,artificial intelligence
A5042628188,artificial intelligence
A5027979635,artificial intelligence
A5073873531,artificial intelligence
A5011004429,artificial intelligence
A5076875507,artificial intelligence
A5080339218,artificial intelligence
A5041818045,artificial intelligence
A5016315777,artificial intelligence
A5029223524,artificial intelligence
A5044348746,artificial intelligence
A5075574586,artificial intelligence
A5023345062,artificial intelligence
A5059039217,artificial intelligence
A5078355121,artificial intelligence
A5008477678,artificial intelligence
A5053439927,artificial intelligence
A5041152289,artificial intelligence
A5073063936,operating system
A5091733460,artificial intelligence
A5032954059,programming language
A5016405947,database
A5007057565,artificial intelligence
A5035262421,artificial intelligence
A5039528419,programming language
A5012725444,artificial intelligence
A5045360354,artificial intelligence
A5002492997,artificial intelligence
A5078682625,artificial intelligence
A5029854012,data science
A5020851893,artificial intelligence
A5010991422,operating system
A5083161912,database
A5005830995,artificial intelligence
A5026761119,operating system
A5075906166,artificial intelligence
A5029812058,operating system
A5016470692,computer security
A5064965685,data science
A5051577982,data science
A5070680912,data science
A5067877766,data science
A5055592431,data science
A5055471676,computer vision
A5043959034,artificial intelligence
A5089798583,artificial intelligence
A5064572676,operating system
A5028467275,artificial intelligence
A5075347297,operating system
A5045441877,operating system
A5074208572,artificial intelligence
A5067841070,programming language
A5072774427,artificial intelligence
A5023276766,operating system
A5081087697,artificial intelligence
A5029465111,machine learning
A5002051179,artificial intelligence
A5053891912,artificial intelligence
A5001198019,artificial intelligence
A5048144073,artificial intelligence
A5065957545,artificial intelligence
A5023355960,operating system
A5039086295,operating system
A5058993623,operating system
A5032112040,artificial intelligence
A5081279983,database
A5015505615,database
A5015809692,computer vision
A5001776489,computer vision
A5007437323,computer vision
A5054694693,artificial intelligence
A5038755219,computer security
A5070183796,computer vision
A5064579181,computer vision
A5054349784,artificial intelligence
A5063103567,computer vision
A5016540820,computer vision
A5085101348,computer vision
A5044611564,computer network
A5000147676,computer vision
A5080862840,computer vision
A5052236029,computer vision
A5006891506,computer vision
A5032495633,computer vision
A5032811380,artificial intelligence
A5018231646,artificial intelligence
A5052630971,artificial intelligence
A5059885970,operating system
A5060287208,artificial intelligence
A5030194016,artificial intelligence
A5025321657,machine learning
A5007836692,artificial intelligence
A5026139768,artificial intelligence
A5053859240,artificial intelligence
A5087343966,multimedia
A5043091790,artificial intelligence
A5069708122,knowledge management
A5061557902,artificial intelligence
A5002825965,knowledge management
A5046686745,machine learning
A5075762173,artificial intelligence
A5033268203,knowledge management
A5016067606,artificial intelligence
A5051522866,artificial intelligence
A5002405916,artificial intelligence
A5005375361,artificial intelligence
A5082721937,artificial intelligence
A5008508778,artificial intelligence
A5046038767,artificial intelligence
A5046077655,artificial intelligence
A5080253747,artificial intelligence
A5081323851,artificial intelligence
A5085590370,artificial intelligence
A5080421284,artificial intelligence
A5039373429,artificial intelligence
A5023568103,artificial intelligence
A5076322755,artificial intelligence
A5020850598,operating system
A5070845773,artificial intelligence
A5084666867,artificial intelligence
A5013354847,artificial intelligence
A5076259556,artificial intelligence
A5001124952,artificial intelligence
A5079321533,machine learning
A5087726704,machine learning
A5057217745,machine learning
A5044880947,artificial intelligence
A5017981647,artificial intelligence
A5007030914,artificial intelligence
A5002356861,knowledge management
A5011441620,knowledge management
A5075783150,knowledge management
A5076603389,knowledge management
A5091232593,knowledge management
A5065160848,knowledge management
A5022911380,knowledge management
A5073788313,knowledge management
A5065045559,knowledge management
A5013748491,knowledge management
A5029672353,machine learning
A5013949094,machine learning
A5021804141,machine learning
A5016925841,machine learning
A5019375557,machine learning
A5057451811,artificial intelligence
A5020081565,computer vision
A5020524914,computer vision
A5018426764,computer vision
A5042483591,artificial intelligence
A5069863336,natural language processing
A5081589298,artificial intelligence
A5060792527,artificial intelligence
A5000626064,artificial intelligence
A5072256853,machine learning
A5039092039,computer security
A5022509823,artificial intelligence
A5017846232,machine learning
A5076307665,artificial intelligence
A5020642697,machine learning
A5051536816,database
A5018970859,artificial intelligence
A5047545398,artificial intelligence
A5066851412,machine learning
A5071458554,artificial intelligence
A5060924942,artificial intelligence
A5032202233,artificial intelligence
A5064582387,computer security
A5023097257,multimedia
A5036522852,artificial intelligence
A5048441223,artificial intelligence
A5024026339,artificial intelligence
A5053370786,artificial intelligence
A5061693687,artificial intelligence
A5003994096,artificial intelligence
A5028454261,internet privacy
A5071387350,operating system
A5081780135,artificial intelligence
A5022725672,artificial intelligence
A5082219323,artificial intelligence
A5019401800,natural language processing
A5005160651,artificial intelligence
A5011201862,artificial intelligence
A5000758809,multimedia
A5055926411,artificial intelligence
A5043163197,artificial intelligence
A5090507199,artificial intelligence
A5051710833,artificial intelligence
A5045523514,artificial intelligence
A5038006932,artificial intelligence
A5052362530,artificial intelligence
A5045276928,artificial intelligence
A5078477644,artificial intelligence
A5039313547,artificial intelligence
A5066887666,artificial intelligence
A5008779866,artificial intelligence
A5021420035,artificial intelligence
A5054358438,artificial intelligence
A5001197700,machine learning
A5027300904,artificial intelligence
A5010170836,machine learning
A5043371007,machine learning
A5080584890,artificial intelligence
A5053219620,artificial intelligence
A5028185334,multimedia
A5024706998,artificial intelligence
A5062590656,data science
A5079528743,knowledge management
A5047688110,world wide web
A5023389483,data science
A5080583512,data science
A5017391357,data science
A5010656962,data science
A5090494761,artificial intelligence
A5036031567,artificial intelligence
A5012722763,artificial intelligence
A5075261175,artificial intelligence
A5081263940,operating system
A5027631864,computer security
A5074793461,artificial intelligence
A5081045720,artificial intelligence
A5042968831,artificial intelligence
A5081892468,artificial intelligence
A5004705404,artificial intelligence
A5036620672,artificial intelligence
A5023693482,machine learning
A5025517633,artificial intelligence
A5062355386,machine learning
A5070576368,artificial intelligence
A5075074862,artificial intelligence
A5048808707,artificial intelligence
A5007020267,machine learning
A5054423333,programming language
A5019790831,artificial intelligence
A5086184460,operating system
A5064237093,artificial intelligence
A5074812408,artificial intelligence
A5037258994,artificial intelligence
A5042756510,artificial intelligence
A5013017858,database
A5062470557,machine learning
A5057819241,database
A5061294964,artificial intelligence
A5088056423,operating system
A5038303910,machine learning
A5058763138,operating system
A5035945106,machine learning
A5089527287,programming language
A5072869049,artificial intelligence
A5002322091,artificial intelligence
A5087993837,artificial intelligence
A5035524518,artificial intelligence
A5003581663,artificial intelligence
A5022536484,artificial intelligence
A5035188278,artificial intelligence
A5073256902,artificial intelligence
A5082620366,artificial intelligence
A5054766340,artificial intelligence
A5062749726,computer vision
A5041481200,artificial intelligence
A5069224106,operating system
A5056256865,computer hardware
A5061827291,artificial intelligence
A5067137116,data science
A5075909126,artificial intelligence
A5003730821,artificial intelligence
A5075624633,artificial intelligence
A5046825884,computer vision
A5074216915,computer vision
A5075072257,artificial intelligence
A5076062154,artificial intelligence
A5048192009,computer vision
A5069788935,computer vision
A5045134294,artificial intelligence
A5013219278,artificial intelligence
A5091841785,machine learning
A5057779408,database
A5077791783,database
A5005077032,computer vision
A5058372253,computer vision
A5083288581,computer vision
A5083820692,machine learning
A5004209265,computer security
A5087092192,natural language processing
A5068872460,artificial intelligence
A5083299860,artificial intelligence
A5046728156,computer network
A5034164853,programming language
A5000495329,artificial intelligence
A5064560178,artificial intelligence
A5066278291,artificial intelligence
A5087288927,artificial intelligence
A5049067289,computer vision
A5044693108,operating system
A5072504074,artificial intelligence
A5084022068,artificial intelligence
A5070571073,artificial intelligence
A5054847131,artificial intelligence
A5003267472,natural language processing
A5016628075,artificial intelligence
A5032673633,natural language processing
A5026756017,natural language processing
A5067461124,artificial intelligence
A5055477224,natural language processing
A5076154096,natural language processing
A5057463002,natural language processing
A5074161691,artificial intelligence
A5091274925,operating system
A5003436299,artificial intelligence
A5005657734,artificial intelligence
A5084834971,artificial intelligence
A5002372576,artificial intelligence
A5004788238,artificial intelligence
A5083368958,artificial intelligence
A5057870704,operating system
A5075982623,operating system
A5072137882,programming language
A5072977400,programming language
A5082751082,operating system
A5011240775,machine learning
A5031629428,machine learning
A5035226116,operating system
A5029344924,operating system
A5068297588,artificial intelligence
A5047400832,artificial intelligence
A5064769848,artificial intelligence
A5018389729,machine learning
A5089080834,database
A5066127035,database
A5054133069,artificial intelligence
A5033503222,artificial intelligence
A5049227778,world wide web
A5056344229,artificial intelligence
A5022322545,artificial intelligence
A5036662090,artificial intelligence
A5057731201,artificial intelligence
A5050063399,artificial intelligence
A5080466811,knowledge management
A5013055603,programming language
A5083269530,operating system
A5019762038,artificial intelligence
A5064818350,artificial intelligence
A5026654948,artificial intelligence
A5028459456,artificial intelligence
A5084580637,machine learning
A5085583761,artificial intelligence
A5026461882,knowledge management
A5030646218,operating system
A5061589828,operating system
A5020609129,artificial intelligence
A5013684663,computer network
A5008993224,artificial intelligence
A5016398197,artificial intelligence
A5025441468,artificial intelligence
A5080268592,artificial intelligence
A5044109494,artificial intelligence
A5007114615,artificial intelligence
A5001494118,artificial intelligence
A5030088050,artificial intelligence
A5041169322,artificial intelligence
A5029045409,artificial intelligence
A5052613977,computer security
A5012411827,computer security
A5010789167,machine learning
A5033714709,machine learning
A5051717915,machine learning
A5056624697,artificial intelligence
A5011963229,artificial intelligence
A5084477919,artificial intelligence
A5040343411,artificial intelligence
A5022221149,speech recognition
A5074698656,world wide web
A5061181605,artificial intelligence
A5055990328,artificial intelligence
A5043510439,data science
A5018955809,artificial intelligence
A5027133129,knowledge management
A5057874024,multimedia
A5051770259,artificial intelligence
A5041284007,artificial intelligence
A5049501108,artificial intelligence
A5077986724,artificial intelligence
A5058134775,artificial intelligence
A5056949028,artificial intelligence
A5086692411,artificial intelligence
A5083424224,computer vision
A5062626027,computer network
A5046185595,artificial intelligence
A5031928229,artificial intelligence
A5037300156,machine learning
A5026047921,natural language processing
A5078640796,natural language processing
A5012112934,computer vision
A5064194723,data mining
A5039179326,data mining
A5007539307,artificial intelligence
A5053047768,artificial intelligence
A5050632678,artificial intelligence
A5087747771,operating system
A5033770251,artificial intelligence
A5070087769,information retrieval
A5044874061,artificial intelligence
A5063122221,artificial intelligence
A5049613948,programming language
A5064297795,artificial intelligence
A5036652100,artificial intelligence
A5012624479,machine learning
A5029327187,world wide web
A5032995621,artificial intelligence
A5069159297,world wide web
A5033410863,artificial intelligence
A5079479658,artificial intelligence
A5062265479,artificial intelligence
A5016073810,artificial intelligence
A5079689448,artificial intelligence
A5070311873,artificial intelligence
A5074990328,machine learning
A5017910402,artificial intelligence
A5076292365,artificial intelligence
A5030995906,artificial intelligence
A5019699926,artificial intelligence
A5015435363,artificial intelligence
A5012327305,artificial intelligence
A5026337102,operating system
A5040552536,artificial intelligence
A5046463152,computer network
A5064849919,machine learning
A5049974756,operating system
A5026187965,artificial intelligence
A5023901085,artificial intelligence
A5027974999,artificial intelligence
A5078494492,machine learning
A5029321323,artificial intelligence
A5084335662,computer vision
A5046572706,artificial intelligence
A5042351913,database
A5081865065,machine learning
A5076868054,multimedia
A5059384233,database
A5025630415,artificial intelligence
A5031695011,database
A5042210961,artificial intelligence
A5072467034,machine learning
A5065975369,artificial intelligence
A5017843507,artificial intelligence
A5014430969,knowledge management
A5022937380,knowledge management
A5082312359,natural language processing
A5030916605,internet privacy
A5053453500,artificial intelligence
A5045513405,data science
A5077778073,multimedia
A5062974432,artificial intelligence
A5067060900,artificial intelligence
A5049539336,artificial intelligence
A5012406342,artificial intelligence
A5020578518,artificial intelligence
A5022491121,artificial intelligence
A5053484004,artificial intelligence
A5025891766,artificial intelligence
A5068608218,artificial intelligence
A5066799187,artificial intelligence
A5058468231,machine learning
A5072640757,artificial intelligence
A5059447545,artificial intelligence
A5072434673,programming language
A5086391323,operating system
A5033022623,artificial intelligence
A5060621251,artificial intelligence
A5051297329,artificial intelligence
A5019831483,artificial intelligence
A5009919646,artificial intelligence
A5049065173,artificial intelligence
A5061828516,artificial intelligence
A5002335439,artificial intelligence
A5039326461,artificial intelligence
A5017181523,artificial intelligence
A5035655422,artificial intelligence
A5023292624,artificial intelligence
A5055915541,computer vision
A5001944693,artificial intelligence
A5019862473,artificial intelligence
A5031562446,operating system
A5084220255,operating system
A5048876124,machine learning
A5065905115,machine learning
A5062498719,machine learning
A5068663267,computer vision
A5080000953,machine learning
A5064267107,artificial intelligence
A5050431501,data science
A5077213658,artificial intelligence
A5073868327,multimedia
A5088043874,multimedia
A5048933560,artificial intelligence
A5054494157,multimedia
A5015318654,artificial intelligence
A5091636463,machine learning
A5071473719,artificial intelligence
A5041324718,artificial intelligence
A5049404336,artificial intelligence
A5036553930,artificial intelligence
A5019626706,artificial intelligence
A5029712431,artificial intelligence
A5051527350,artificial intelligence
A5012046955,computer security
A5075024109,artificial intelligence
A5071287072,artificial intelligence
A5059306499,operating system
A5076192388,artificial intelligence
A5053519705,artificial intelligence
A5000738444,programming language
A5015745621,artificial intelligence
A5069269485,machine learning
A5052062369,computer security
A5047509840,machine learning
A5048817674,machine learning
A5073869313,artificial intelligence
A5067608481,computer vision
A5068609612,machine learning
A5068665759,artificial intelligence
A5008552456,computer vision
A5041750849,artificial intelligence
A5053154245,data science
A5072187647,natural language processing
A5089729082,artificial intelligence
A5090350675,artificial intelligence
A5049813927,artificial intelligence
A5042113548,artificial intelligence
A5054773493,artificial intelligence
A5013637341,artificial intelligence
A5015684836,information retrieval
A5018715298,information retrieval
A5076192958,artificial intelligence
A5003716089,artificial intelligence
A5006822225,artificial intelligence
A5045174601,data mining
A5019091548,machine learning
A5073526545,information retrieval
A5021985676,artificial intelligence
A5022085350,world wide web
A5000326339,artificial intelligence
A5046190366,artificial intelligence
A5076957705,information retrieval
A5054311014,information retrieval
A5064610790,machine learning
A5026752792,information retrieval
A5006156324,information retrieval
A5071894884,artificial intelligence
A5010094282,internet privacy
A5026025555,artificial intelligence
A5045638990,artificial intelligence
A5087306226,artificial intelligence
A5047617325,computer network
A5086003651,computer network
A5013649154,natural language processing
A5076177386,artificial intelligence
A5041896662,artificial intelligence
A5004322016,operating system
A5084816098,artificial intelligence
A5022439875,artificial intelligence
A5090816162,artificial intelligence
A5068770220,artificial intelligence
A5024882989,machine learning
A5073646553,machine learning
A5082393813,world wide web
A5059069927,operating system
A5032618330,machine learning
A5057242256,artificial intelligence
A5015234444,artificial intelligence
A5077839282,artificial intelligence
A5085753044,world wide web
A5075933472,artificial intelligence
A5027269321,computer vision
A5051807932,artificial intelligence
A5086910573,artificial intelligence
A5073818070,artificial intelligence
A5017599308,world wide web
A5039551297,computer security
A5055983666,artificial intelligence
A5019466280,artificial intelligence
A5029638955,natural language processing
A5031108297,natural language processing
A5076723837,artificial intelligence
A5057476940,data science
A5076330818,artificial intelligence
A5069503654,artificial intelligence
A5047559976,artificial intelligence
A5021285113,artificial intelligence
A5037079622,artificial intelligence
A5073251342,artificial intelligence
A5044790106,artificial intelligence
A5061324089,artificial intelligence
A5008172411,library science
A5060018814,machine learning
A5024160125,knowledge management
A5076811550,knowledge management
A5041531941,artificial intelligence
A5017973337,computer vision
A5022936435,computer vision
A5042488915,computer vision
A5068858286,computer vision
A5085312381,computer vision
A5077654276,computer security
A5064339184,data science
A5023322023,operating system
A5025902878,artificial intelligence
A5017364044,artificial intelligence
A5016899033,artificial intelligence
A5088560163,artificial intelligence
A5011764709,artificial intelligence
A5055719679,artificial intelligence
A5037054850,computer network
A5081187548,artificial intelligence
A5078299090,artificial intelligence
A5040197484,machine learning
A5079707778,machine learning
A5089753073,machine learning
A5056297982,artificial intelligence
A5038502187,data mining
A5041083354,programming language
A5054177966,machine learning
A5044689489,artificial intelligence
A5015402167,artificial intelligence
A5000632644,artificial intelligence
A5008228864,data science
A5042569660,natural language processing
A5058140320,artificial intelligence
A5009382583,artificial intelligence
A5063219013,artificial intelligence
A5079178897,world wide web
A5014130456,operating system
A5003888744,operating system
A5069430853,artificial intelligence
A5070818360,computer vision
A5075314083,artificial intelligence
A5059825959,artificial intelligence
A5004705547,artificial intelligence
A5036175686,artificial intelligence
A5088216194,artificial intelligence
A5090466927,machine learning
A5020760374,artificial intelligence
A5082761102,programming language
A5034598116,artificial intelligence
A5069749526,operating system
A5032277694,computer network
A5076250405,artificial intelligence
A5079451755,artificial intelligence
A5012907604,operating system
A5054015236,artificial intelligence
A5040847892,artificial intelligence
A5023982643,data science
A5002661723,artificial intelligence
A5016345745,artificial intelligence
A5036964208,artificial intelligence
A5051421956,artificial intelligence
A5061457273,data science
A5071474601,data science
A5000458499,data science
A5015039645,data science
A5001820242,artificial intelligence
A5071500118,data science
A5023415910,operating system
A5045002167,artificial intelligence
A5024774718,artificial intelligence
A5004902033,multimedia
A5090070137,operating system
A5084958201,artificial intelligence
A5049195766,machine learning
A5037761563,artificial intelligence
A5062786685,computer security
A5007970140,artificial intelligence
A5030709763,world wide web
A5084696173,world wide web
A5039736443,computer network
A5033320953,data science
A5063337671,artificial intelligence
A5080019599,artificial intelligence
A5027308226,artificial intelligence
A5073152746,artificial intelligence
A5043910633,artificial intelligence
A5027251616,artificial intelligence
A5044470378,artificial intelligence
A5018976041,artificial intelligence
A5033795271,artificial intelligence
A5072298345,artificial intelligence
A5019436543,artificial intelligence
A5020257116,artificial intelligence
A5090621538,machine learning
A5019287525,artificial intelligence
A5026492466,artificial intelligence
A5043569238,machine learning
A5037004216,information retrieval
A5056480178,artificial intelligence
A5047256071,artificial intelligence
A5025296931,artificial intelligence
A5053656527,artificial intelligence
A5072712347,artificial intelligence
A5026770450,operating system
A5064452080,artificial intelligence
A5044524264,world wide web
A5013958949,artificial intelligence
A5029804153,operating system
A5021360989,world wide web
A5063947704,operating system
A5087768446,multimedia
A5087677666,computer security
A5086627251,theoretical computer science
A5043885374,operating system
A5032055040,artificial intelligence
A5069487468,artificial intelligence
A5059026046,artificial intelligence
A5042689635,multimedia
A5013723003,artificial intelligence
A5083742409,multimedia
A5023156166,operating system
A5053441787,artificial intelligence
A5043934410,programming language
A5080064511,computer security
A5009605341,programming language
A5009454818,machine learning
A5076682633,programming language
A5082846082,natural language processing
A5044614919,natural language processing
A5053743883,natural language processing
A5073481605,machine learning
A5055111984,artificial intelligence
A5041044626,artificial intelligence
A5055077728,machine learning
A5054278005,computer security
A5068794894,machine learning
A5012679937,machine learning
A5079875785,artificial intelligence
A5034117304,programming language
A5010462669,programming language
A5022265260,programming language
A5030396913,programming language
A5000579736,operating system
A5013876598,programming language
A5078550638,programming language
A5025196149,machine learning
A5011439998,machine learning
A5048057594,computer network
A5078889751,operating system
A5080855361,artificial intelligence
A5038399173,operating system
A5032239142,operating system
A5075658282,world wide web
A5017623428,data science
A5057674986,artificial intelligence
A5060910522,artificial intelligence
A5068643781,artificial intelligence
A5087317151,artificial intelligence
A5065309220,data science
A5023956644,data science
A5000729724,artificial intelligence
A5089991316,artificial intelligence
A5023607358,artificial intelligence
A5028661410,artificial intelligence
A5043378003,artificial intelligence
A5085536816,knowledge management
A5065975371,knowledge management
A5056386988,computer vision
A5055287301,artificial intelligence
A5072692556,artificial intelligence
A5012485228,artificial intelligence
A5088997653,artificial intelligence
A5007286007,artificial intelligence
A5020986496,artificial intelligence
A5074847953,artificial intelligence
A5070872588,artificial intelligence
A5038448350,artificial intelligence
A5005885438,computer network
A5041675012,operating system
A5061631773,artificial intelligence
A5055172844,natural language processing
A5076130972,artificial intelligence
A5054789141,artificial intelligence
A5013771586,artificial intelligence
A5046807261,artificial intelligence
A5083591735,artificial intelligence
A5060556706,artificial intelligence
A5029334145,artificial intelligence
A5081455901,artificial intelligence
A5008949994,artificial intelligence
A5002947923,artificial intelligence
A5088823199,artificial intelligence
A5042438173,artificial intelligence
A5026321844,artificial intelligence
A5068019419,operating system
A5064136287,operating system
A5075046931,artificial intelligence
A5029702386,artificial intelligence
A5010550929,artificial intelligence
A5040298130,artificial intelligence
A5015666309,artificial intelligence
A5060589724,artificial intelligence
A5054701243,operating system
A5075976469,data science
A5059216612,artificial intelligence
A5037400441,artificial intelligence
A5045869528,artificial intelligence
A5050431669,artificial intelligence
A5015086577,artificial intelligence
A5015092734,artificial intelligence
A5061915609,artificial intelligence
A5076389260,artificial intelligence
A5059628697,programming language
A5072984614,artificial intelligence
A5042113474,artificial intelligence
A5060743876,artificial intelligence
A5018729334,artificial intelligence
A5002322874,artificial intelligence
A5034901562,artificial intelligence
A5008122101,artificial intelligence
A5079130287,artificial intelligence
A5008740510,machine learning
A5042050677,artificial intelligence
A5057859690,artificial intelligence
A5029908092,artificial intelligence
A5018301758,artificial intelligence
A5049119811,artificial intelligence
A5001989498,artificial intelligence
A5051781135,data science
A5018591333,artificial intelligence
A5039515472,operating system
A5034543991,artificial intelligence
A5008211251,artificial intelligence
A5030274190,artificial intelligence
A5069400101,natural language processing
A5014572381,artificial intelligence
A5090630624,artificial intelligence
A5045735258,artificial intelligence
A5030396613,computer vision
A5055717338,machine learning
A5029337495,machine learning
A5015191505,data mining
A5060871714,programming language
A5027384216,artificial intelligence
A5046711959,artificial intelligence
A5010960506,programming language
A5058808272,multimedia
A5008517596,artificial intelligence
A5000813701,world wide web
A5015742012,operating system
A5089868302,artificial intelligence
A5076735683,artificial intelligence
A5079041273,multimedia
A5037378460,operating system
A5031388579,artificial intelligence
A5026971062,operating system
A5068591174,operating system
A5001659208,artificial intelligence
A5079337472,artificial intelligence
A5022785992,artificial intelligence
A5026873448,machine learning
A5036929864,machine learning
A5048208600,artificial intelligence
A5090071529,artificial intelligence
A5041855932,artificial intelligence
A5056257612,operating system
A5018083511,world wide web
A5036402783,artificial intelligence
A5048038528,computer vision
A5013220803,programming language
A5023498919,programming language
A5078238140,artificial intelligence
A5072714893,world wide web
A5052154530,programming language
A5023172358,artificial intelligence
A5047458650,artificial intelligence
A5028652972,machine learning
A5058090583,artificial intelligence
A5019809127,artificial intelligence
A5021005657,artificial intelligence
A5085370379,database
A5036277144,world wide web
A5083911741,data science
A5067062326,artificial intelligence
A5024802719,artificial intelligence
A5083888377,multimedia
A5070027851,natural language processing
A5025403828,natural language processing
A5079353601,knowledge management
A5001896432,artificial intelligence
A5038219325,artificial intelligence
A5091127487,operating system
A5008192758,operating system
A5085034198,operating system
A5053822658,operating system
A5074877434,computer vision
A5020758859,artificial intelligence
A5075714773,artificial intelligence
A5018206410,theoretical computer science
A5030729311,artificial intelligence
A5052125071,artificial intelligence
A5039167459,artificial intelligence
A5087729896,machine learning
A5064388012,operating system
A5040470873,machine learning
A5047212870,machine learning
A5058323326,artificial intelligence
A5009378471,operating system
A5067758248,data mining
A5018345920,artificial intelligence
A5015550807,artificial intelligence
A5012666972,multimedia
A5010017817,library science
A5037271099,programming language
A5073614259,artificial intelligence
A5019063847,artificial intelligence
A5059249051,artificial intelligence
A5073310646,computer vision
A5000247223,artificial intelligence
A5063368827,information retrieval
A5057077584,artificial intelligence
A5081501592,artificial intelligence
A5060743057,artificial intelligence
A5014273469,artificial intelligence
A5029342915,artificial intelligence
A5074364552,artificial intelligence
A5035034730,database
A5023682609,artificial intelligence
A5010236948,artificial intelligence
A5019973220,data science
A5061265712,data science
A5054972208,data science
A5083782829,data science
A5041525365,data science
A5086391245,data science
A5078262996,data science
A5054894259,artificial intelligence
A5080953522,artificial intelligence
A5023547977,artificial intelligence
A5033551115,data science
A5027798938,data science
A5077833912,data science
A5086384395,data science
A5022801040,data science
A5041046766,data science
A5026056952,artificial intelligence
A5040661266,artificial intelligence
A5085302003,machine learning
A5057731203,artificial intelligence
A5005427753,artificial intelligence
A5010998870,operating system
A5028324163,artificial intelligence
A5077817294,artificial intelligence
A5014541330,artificial intelligence
A5019762150,artificial intelligence
A5063130631,machine learning
A5034064110,machine learning
A5082184769,machine learning
A5002519933,machine learning
A5081339472,artificial intelligence
A5037463093,database
A5083613070,artificial intelligence
A5028083857,artificial intelligence
A5050627287,artificial intelligence
A5000242314,data science
A5057714087,data science
A5026416628,data science
A5010947275,data science
A5031253481,data science
A5055162493,data science
A5079265192,data science
A5051891110,data science
A5007402160,artificial intelligence
A5072305384,artificial intelligence
A5030769399,artificial intelligence
A5041937837,data science
A5018704162,data science
A5075208769,data science
A5010449200,data science
A5021064981,data science
A5005119496,data science
A5078711775,data science
A5021931836,data science
A5075625239,data science
A5036820370,data science
A5061773933,data science
A5085093079,data science
A5015696052,data science
A5061861102,data science
A5069417134,operating system
A5085913460,artificial intelligence
A5003623415,artificial intelligence
A5037812841,artificial intelligence
A5078078639,artificial intelligence
A5072284219,artificial intelligence
A5054528221,computer vision
A5081522195,artificial intelligence
A5040590971,machine learning
A5041244978,machine learning
A5072044668,artificial intelligence
A5015886081,data science
A5038412572,data science
A5070449918,data science
A5056887429,data science
A5027589011,data science
A5040421632,data science
A5032971432,data science
A5032029429,artificial intelligence
A5072210007,data science
A5008219218,data science
A5037813332,data science
A5068299519,data science
A5013105023,data science
A5049697302,data science
A5084717691,data science
A5081967679,data science
A5045660042,data science
A5047710706,operating system
A5056507114,data science
A5018858796,machine learning
A5004297717,data science
A5048457660,data science
A5021692568,world wide web
A5053526478,data science
A5060079671,data science
A5034954388,data science
A5019160778,data science
A5020946997,operating system
A5036487810,operating system
A5074080649,artificial intelligence
A5069967489,artificial intelligence
A5088430496,artificial intelligence
A5045898815,artificial intelligence
A5064186465,artificial intelligence
A5080031269,artificial intelligence
A5060243505,artificial intelligence
A5017896714,artificial intelligence
A5020330914,artificial intelligence
A5023750515,artificial intelligence
A5083233594,artificial intelligence
A5065353498,artificial intelligence
A5049165244,machine learning
A5003255279,artificial intelligence
A5038472132,multimedia
A5011076740,artificial intelligence
A5046370637,artificial intelligence
A5045978751,world wide web
A5015404484,operating system
A5050688169,operating system
A5005844253,world wide web
A5053984451,data mining
A5037103764,data mining
A5017614195,data mining
A5073699642,world wide web
A5051459358,operating system
A5058153832,machine learning
A5041122815,machine learning
A5088058697,operating system
A5063078026,machine learning
A5010304171,machine learning
A5026049277,machine learning
A5071795315,machine learning
A5066544811,machine learning
A5049063991,machine learning
A5089518800,machine learning
A5012113057,machine learning
A5017852829,machine learning
A5003695482,machine learning
A5028629800,machine learning
A5044559488,machine learning
A5058495354,machine learning
A5019624781,machine learning
A5015375782,machine learning
A5016500915,machine learning
A5024765954,machine learning
A5020411215,machine learning
A5082954531,machine learning
A5012414812,machine learning
A5085515488,machine learning
A5074783471,machine learning
A5023733016,machine learning
A5084167920,machine learning
A5028672283,machine learning
A5020423656,machine learning
A5029832298,machine learning
A5062066613,machine learning
A5054983918,artificial intelligence
A5070301358,machine learning
A5052343288,machine learning
A5009985361,machine learning
A5034998648,machine learning
A5044428192,machine learning
A5089234464,machine learning
A5083521844,machine learning
A5041243287,artificial intelligence
A5055356681,machine learning
A5005069615,machine learning
A5085317891,machine learning
A5029887735,machine learning
A5041294444,information retrieval
A5067707026,world wide web
A5019842178,natural language processing
A5026988679,artificial intelligence
A5021839147,natural language processing
A5014394467,artificial intelligence
A5040463511,programming language
A5017776974,programming language
A5017752962,programming language
A5042146924,programming language
A5066277213,programming language
A5040658472,programming language
A5011085340,artificial intelligence
A5067532367,artificial intelligence
A5006183071,artificial intelligence
A5012440129,data science
A5013172462,data science
A5032328085,data science
A5060315373,computer vision
A5027146928,artificial intelligence
A5074625888,library science
A5062508896,artificial intelligence
A5004195226,artificial intelligence
A5042552170,data science
A5043989022,information retrieval
A5068065546,artificial intelligence
A5084471742,artificial intelligence
A5085908375,operating system
A5014684476,information retrieval
A5005142900,artificial intelligence
A5053604201,artificial intelligence
A5046919832,knowledge management
A5000388340,computer security
A5084889074,computer security
A5007333139,artificial intelligence
A5018230304,operating system
A5062871132,natural language processing
A5062901299,natural language processing
A5026701176,natural language processing
A5013000704,natural language processing
A5038338684,artificial intelligence
A5042664128,artificial intelligence
A5034991014,artificial intelligence
A5013017598,knowledge management
A5069838140,artificial intelligence
A5025648560,knowledge management
A5045269319,machine learning
A5083742327,machine learning
A5007750839,machine learning
A5022751131,artificial intelligence
A5076397337,computer vision
A5039156343,artificial intelligence
A5061331375,world wide web
A5072564476,artificial intelligence
A5043769076,data science
