author_id,institution_id
A5004271128,I1291425158
A5086198262,I70931966
A5031185465,I70931966
A5077097325,I63966007
A5042195176,I114395901
A5005018540,I169381384
A5011572373,I865915315
A5033311124,I153976015
A5001676164,I153976015
A5091435927,I2800006345
A5074590042,I88973175
A5062823200,I87216513
A5025067440,I95457486
A5053340099,I127077003
A5025946191,I35440088
A5070281692,I204250578
A5037697344,I27837315
A5053183805,I4210098480
A5064759122,I21669347
A5038199341,I24768866
A5041191852,I145847075
A5077011518,I157674565
A5034587660,I83019370
A5055776312,I20089843
A5028919793,I1174212
A5031682567,I201448701
A5045744709,I97018004
A5027340494,I97018004
A5010866308,I859038795
A5065857248,I181233156
A5004788089,I185261750
A5034709081,I4210154879
A5036183004,I4210154879
A5072247317,I4210118560
A5028004665,I4210118560
A5026451495,I2800274787
A5026240645,I4577782
A5060511349,I40120149
A5082698816,I4577782
A5042747460,I92446798
A5078871393,I78577930
A5090921348,I173304897
A5078909305,I173304897
A5021241636,I175051016
A5005717519,I71715416
A5054879396,I184840846
A5045016749,I173304897
A5057168176,I71267560
A5002127148,I4210135521
A5013941262,I4210135521
A5044005697,I4210135521
A5037357727,I135117807
A5028476919,I13955877
A5088047776,I185261750
A5011476402,I137902535
A5015126561,I121797337
A5038379562,I95457486
A5017031238,I154425047
A5069856068,I154425047
A5075651762,I861853513
A5046073654,I1311968801
A5015166903,I5023651
A5027489992,I5023651
A5079926596,I5023651
A5001087292,I1291425158
A5080591144,I5023651
A5051247445,I4210126360
A5045901848,I177881444
A5083295077,I4210126360
A5032839569,I4210126360
A5001022750,I185443292
A5076063841,I40246663
A5062717648,I2802668162
A5046711023,I95674353
A5083872718,I4210158291
A5074754590,I1291425158
A5028919793,I1174212
A5031682567,I201448701
A5045744709,I97018004
A5027340494,I97018004
A5027706684,I166337079
A5059033705,I166337079
A5000619566,I39063666
A5035023688,I4210135521
A5012922872,I4210134673
A5023198874,I130769515
A5044005697,I4210135521
A5038185516,I4210089144
A5084686808,I66946132
A5051900532,I7863295
A5002904166,I28407311
A5051936919,I132053463
A5029988698,I904495901
A5020788047,I4210103330
A5009442525,I1327163397
A5088572875,I2800747041
A5063041566,I95457486
A5066373250,I44925452
A5086450084,I2799593479
A5021982925,I200332995
A5017263427,I84009706
A5011489869,I1290206253
A5081501272,I165932596
A5078861665,I189196454
A5072029181,I197854408
A5077267552,I57206974
A5024065815,I1291425158
A5087368991,I4210087596
A5006989512,I205783295
A5071512605,I4210118560
A5089300300,I79619799
A5031233699,I31746571
A5084654812,I4210156878
A5078910343,I20382870
A5058550942,I1290206253
A5090549112,I4210135640
A5045723090,I4210135640
A5001763022,I2800173700
A5023706999,I47508984
A5016073964,I42894916
A5004623767,I114027177
A5043998799,I111088046
A5055416007,I170239107
A5080395937,I201799495
A5062933986,I885143765
A5049691461,I150589677
A5001052072,I13955877
A5067434821,I3129906510
A5045974590,I3129906510
A5045351279,I4210166226
A5057548987,I41156924
A5083304312,I865915315
A5082429225,I99542240
A5044141636,I1307098950
A5055035329,I8078737
A5028773395,I162608824
A5002087412,I129604602
A5052365500,I24354313
A5089476207,I201448701
A5029587656,I94509681
A5049846480,I137902535
A5022635877,I1336096307
A5017316228,I137902535
A5049312755,I79576946
A5019265966,I170897317
A5056808390,I865915315
A5057817239,I78577930
A5007049648,I57206974
A5036855560,I2799593479
A5074093929,I78577930
A5022860483,I57206974
A5047269552,I9927081
A5064525703,I79510175
A5003388968,I178535277
A5061612178,I178535277
A5063206976,I181343428
A5052571923,I135310074
A5030154315,I1305444813
A5018392096,I123387679
A5041342597,I131729948
A5034432097,I4210164937
A5081725635,I94234084
A5083863746,I118118575
A5012019960,I114531698
A5074701441,I98251732
A5064699160,I1291425158
A5077608032,I1291425158
A5035617528,I2800817003
A5061429095,I98381234
A5003032696,I20089843
A5039153937,I1291425158
A5034877995,I1291425158
A5031896681,I39555362
A5077952586,I130701444
A5059817205,I4210096112
A5027001546,I51556381
A5058755355,I201448701
A5036231132,I1291425158
A5015542293,I1291425158
A5016244525,I1291425158
A5014824446,I74973139
A5078160983,I1291425158
A5010613767,I201448701
A5003518978,I2800817003
A5089153368,I5124864
A5069872293,I170201317
A5071599724,I1291425158
A5033286190,I135310074
A5073756389,I5124864
A5059310658,I36258959
A5067441201,I74973139
A5005152458,I74973139
A5048916516,I1291425158
A5005219368,I2800817003
A5063273639,I36258959
A5091266570,I1291425158
A5004857863,I1291425158
A5044972281,I20089843
A5058849006,I1291425158
A5082414223,I118347636
A5003322209,I97018004
A5014293815,I1291425158
A5010145630,I1291425158
A5071710055,I1291425158
A5023495279,I63966007
A5019426968,I95457486
A5032224643,I1291425158
A5045519627,I5124864
A5001128596,I205783295
A5085885345,I1291425158
A5006851333,I97018004
A5022815450,I63966007
A5050613147,I74973139
A5078394535,I150468666
A5037237895,I1291425158
A5018143257,I200769079
A5065795593,I1291425158
A5064069283,I172675005
A5064111411,I1291425158
A5078843430,I192455894
A5001711159,I86987016
A5059036901,I2799323385
A5017416513,I241749
A5025558202,I4210102208
A5083090794,I123387679
A5037339239,I4210164937
A5052922425,I1291425158
A5030543825,I1316064682
A5018676117,I4210110652
A5042263650,I4210110652
A5004111307,I136848882
A5049652955,I4210110652
A5083182987,I4210110652
A5046992958,I47508984
A5088876922,I27577105
A5066939801,I4210110810
A5063989536,I204250578
A5054275598,I173911158
A5052018166,I87216513
A5086554574,I27837315
A5001200543,I4210144795
A5003756290,I4210137929
A5041089506,I74973139
A5069386158,I98251732
A5032456310,I63966007
A5074486419,I15766117
A5086178969,I138549579
A5020579305,I169173203
A5012657462,I4210089144
A5034510935,I27837315
A5050040144,I4210153103
A5014758289,I27837315
A5031002895,I161046081
A5032997049,I12834331
A5088817813,I142263535
A5008209934,I2800173700
A5023330178,I79619799
A5046096141,I11317958
A5054926685,I201448701
A5036994172,I85507684
A5017180654,I118590987
A5079814512,I4210144839
A5029902840,I114432678
A5041778059,I79156528
A5057916222,I155093810
A5002085979,I185103710
A5036127371,I177725633
A5012655817,I42894916
A5049303874,I177877127
A5009750573,I177877127
A5030688697,I1343180700
A5078518595,I157725225
A5025956941,I55732556
A5080970505,I12356871
A5008441213,I9617848
A5039739707,I52179390
A5087785022,I154130895
A5001483226,I1326498283
A5022060377,I4210091279
A5032231503,I1333512998
A5081839926,I1293631320
A5060026407,I40347166
A5023994037,I61641377
A5055191887,I141595442
A5036930517,I172901346
A5065172367,I79510175
A5053336381,I40120149
A5087837333,I118347636
A5076259865,I4210164937
A5040001436,I193223587
A5062653961,I201448701
A5083450863,I201448701
A5016544515,I24227732
A5059447967,I79619799
A5019041750,I122266389
A5008608861,I154570441
A5016922139,I133731052
A5060859546,I55240360
A5081053092,I2799376586
A5021934149,I174458059
A5018293076,I36258959
A5065949038,I4210107233
A5012509957,I178535277
A5038669899,I200719446
A5087192873,I182980787
A5006329036,I13955877
A5083681758,I170486558
A5048533217,I4210153468
A5055132321,I1290206253
A5031996018,I61544103
A5004990697,I40120149
A5025840344,I4210129108
A5004914839,I130701444
A5017914184,I36234482
A5026639060,I111088046
A5048424631,I192619145
A5046883483,I88830068
A5015993066,I4210096112
A5069123141,I42014448
A5003445562,I189268942
A5042331786,I189268942
A5047270197,I97018004
A5074816094,I99464096
A5042646536,I97018004
A5057413048,I130828816
A5051522702,I4210122684
A5033007233,I4210104545
A5015400817,I7597260
A5045224142,I55521800
A5016132786,I135388327
A5004666840,I4264650
A5084306737,I135388327
A5066960775,I200769079
A5015647255,I172675005
A5082812716,I91481961
A5071224574,I115475287
A5081019368,I2802287952
A5058488295,I200719446
A5032651215,I33213144
A5062653961,I201448701
A5082429225,I4210137370
A5073412670,I126744593
A5024893012,I39854758
A5045523675,I4210139312
A5039563504,I110002522
A5015942198,I4210159153
A5048544465,I205783295
A5000141065,I151746483
A5068741709,I130701444
A5025189765,I95674353
A5015460788,I95674353
A5055086415,I75917431
A5080743153,I69737025
A5027039195,I28290843
A5004885984,I52099693
A5037257043,I28290843
A5055514112,I71920554
A5046342507,I93860229
A5016342533,I93860229
A5060268098,I141810926
A5008878885,I51601045
A5034416673,I4210146698
A5021110395,I130828816
A5046337437,I165932596
A5004084740,I9842412
A5031586533,I47720641
A5040405791,I9842412
A5082529659,I47720641
A5020862612,I47720641
A5042833743,I95457486
A5044050863,I136806742
A5029261812,I1311688040
A5032142322,I161127581
A5000893315,I67415387
A5067950037,I1342477950
A5012808924,I17974374
A5031869815,I193700539
A5049438854,I2251713219
A5008635373,I886710535
A5084849908,I71715416
A5090232242,I921990950
A5028089542,I4210114115
A5076590286,I4210114115
A5028518494,I157725225
A5077883199,I157725225
A5081784013,I62916508
A5076518905,I62916508
A5038175231,I169199633
A5045745451,I184558857
A5029473053,I55240360
A5067323219,I92178344
A5043967016,I43922553
A5028943908,I1341030882
A5087112265,I174216632
A5015991677,I861853513
A5063078131,I9842412
A5071587979,I151746483
A5024008270,I75381157
A5074020902,I530967
A5080529550,I5023651
A5071530636,I153473198
A5024765386,I118574674
A5037613074,I111979921
A5077775500,I151295451
A5032531969,I86519309
A5078078596,I170486558
A5023084705,I88447708
A5071471344,I919208787
A5089027398,I65181880
A5005425134,I12870472
A5006499420,I40120149
A5090203902,I157485424
A5002347804,I1343551460
A5060050845,I16097986
A5069702292,I189196454
A5045745957,I16391192
A5013018127,I36672615
A5006052956,I161318765
A5079098245,I52357470
A5039781735,I64663401
A5049049580,I4210138412
A5030370339,I57201433
A5030551743,I57201433
A5070777118,I138689650
A5002320060,I138689650
A5048595728,I138689650
A5046605498,I111979921
A5054776685,I111979921
A5048650003,I111979921
A5023718023,I79576946
A5065533636,I41156924
A5022886322,I97018004
A5030373048,I19820366
A5081366032,I28407311
A5057526407,I173304897
A5019802248,I50357001
A5090720315,I183067930
A5051879845,I4210135521
A5083242590,I1351752
A5072558035,I4210135521
A5016606943,I4210135521
A5052828309,I114616248
A5002759219,I201448701
A5040156274,I74973139
A5000463496,I97018004
A5033712392,I97018004
A5013912726,I97018004
A5026961968,I97018004
A5068326377,I97018004
A5086206346,I40120149
A5065418639,I174306211
A5027628686,I185261750
A5061845817,I4432739
A5052189277,I20581793
A5080482528,I45129253
A5006633956,I165690674
A5048490462,I20581793
A5033589597,I149851306
A5040613543,I4210109128
A5047580007,I67009956
A5031160941,I67009956
A5023019774,I198945027
A5076891153,I189712700
A5078255358,I53964585
A5024362147,I5124864
A5018874659,I62318514
A5090319741,I142263535
A5064180238,I4210127762
A5087638723,I169521973
A5038199341,I4210103918
A5046825099,I170486558
A5038897190,I35440088
A5068505467,I35440088
A5013512298,I4210143738
A5001254143,I35440088
A5079357056,I165932596
A5072203134,I165932596
A5010696459,I119241673
A5034088489,I1326498283
A5051247445,I4210126360
A5036222248,I1326498283
A5032387890,I4210146268
A5024458121,I885383172
A5071916159,I885383172
A5037201286,I135388327
A5041142359,I180437899
A5020702999,I166337079
A5075172069,I174216632
A5086117892,I174216632
A5079436055,I44260953
A5055124162,I170897317
A5053775104,I171892758
A5084879190,I125749732
A5065517665,I108103353
A5022313579,I136199984
A5053217291,I91136226
A5065368839,I91136226
A5091411181,I1283613182
A5021346979,I4210119109
A5053938061,I4210119109
A5050099046,I4210119109
A5088674607,I96673099
A5013018127,I36672615
A5055065964,I86501945
A5017097014,I4210140283
A5088235131,I861853513
A5018468601,I141596103
A5078265147,I184942183
A5017245116,I1326498283
A5056086147,I20121455
A5070093758,I114090438
A5036503167,I188760350
A5089923187,I255234318
A5004774385,I107077323
A5019524943,I1284598098
A5003489427,I201448701
A5079723268,I201448701
A5083565969,I16292982
A5009000710,I4210139030
A5059560924,I4210094966
A5030936455,I4210094966
A5090067023,I145894827
A5059926999,I92008406
A5043000577,I157725225
A5067089715,I157725225
A5026850687,I97188460
A5088868657,I162577319
A5019891741,I181391015
A5037312962,I181391015
A5084187981,I114845381
A5020620391,I114493937
A5065170124,I114493937
A5029463428,I40120149
A5052534111,I19648265
A5017232974,I99464096
A5002041772,I111979921
A5038976962,I12912129
A5024815120,I70931966
A5010742103,I190082696
A5013449870,I190082696
A5090683554,I165799507
A5044946197,I1326498283
A5004246117,I98285908
A5004690613,I21370196
A5084566253,I55732556
A5053172504,I55732556
A5072579371,I55732556
A5036817746,I55732556
A5081115472,I55732556
A5061775910,I66946132
A5020310993,I54459138
A5052500447,I4210087166
A5009036246,I139264467
A5039480864,I67415387
A5011872726,I67415387
A5064911702,I204778367
A5044692320,I204778367
A5007852895,I2613432
A5038897476,I184597095
A5034486931,I177477856
A5007311789,I92614990
A5010561682,I141568987
A5053906377,I201448701
A5049270107,I859038795
A5064383410,I39824353
A5028799485,I39824353
A5038132985,I39824353
A5052772501,I39824353
A5062946437,I182212641
A5017716310,I107257983
A5016330764,I7495430
A5010606032,I33800924
A5076464455,I157066012
A5038228433,I157066012
A5006360335,I157066012
A5066568193,I145872427
A5087017723,I145872427
A5038235574,I145872427
A5074794877,I145872427
A5029864546,I60053951
A5009257418,I111088046
A5029829322,I170201317
A5073988999,I97018004
A5045744709,I97018004
A5086349901,I35440088
A5006278133,I135140700
A5001254143,I35440088
A5070754732,I86987016
A5004122832,I169199633
A5077605824,I185261750
A5015253912,I74973139
A5029499294,I63966007
A5037978750,I4210089003
A5056084685,I40120149
A5083522214,I138689650
A5074197492,I1174212
A5069740130,I34352273
A5044836472,I34352273
A5013513157,I4210161616
A5036922218,I153718931
A5017600653,I40434647
A5062896565,I33434090
A5017327826,I39555362
A5085640653,I205892228
A5089324504,I78650965
A5062077940,I57206974
A5007118592,I889458895
A5068493592,I179450942
A5062015657,I137902535
A5081925619,I2800906181
A5018319213,I2800906181
A5036320427,I27837315
A5056360019,I174878644
A5040205022,I78577930
A5077692655,I27837315
A5043638067,I4210138206
A5027648225,I25974101
A5000105184,I114457229
A5086748879,I25974101
A5038638081,I90183372
A5088552753,I177477856
A5062112110,I876193797
A5044388139,I876193797
A5090763434,I201448701
A5046605498,I111979921
A5054776685,I111979921
A5048650003,I111979921
A5089608099,I20231570
A5030789783,I44461941
A5081925619,I2800906181
A5018319213,I2800906181
A5049942833,I129877168
A5022617601,I169541294
A5040606176,I185261750
A5074155401,I185261750
A5047293748,I185261750
A5001328562,I31512782
A5068601055,I31512782
A5050466935,I47720641
A5042872489,I47720641
A5001189952,I47720641
A5082293980,I95793202
A5013078154,I95793202
A5009940169,I95793202
A5064569017,I95793202
A5029344996,I60158472
A5082538217,I60158472
A5071383424,I133999245
A5009215869,I83041322
A5045798295,I63966007
A5040659853,I137230718
A5032615847,I55732556
A5047183527,I106118109
A5061917565,I4210096112
A5052117463,I4210098188
A5039205000,I41549804
A5021111688,I41549804
A5080014791,I114017466
A5048239546,I114017466
A5039918909,I32625721
A5044266844,I59361560
A5026530058,I28257850
A5071865916,I102502594
A5065659844,I177877127
A5068059152,I4210135709
A5036851432,I170897317
A5080284872,I123338534
A5025249509,I114457229
A5077231672,I97565354
A5057612518,I123185442
A5023550580,I169333911
A5001356995,I63966007
A5000669585,I55732556
A5034547685,I114027177
A5065617837,I169645620
A5045016749,I173304897
A5002562252,I53110688
A5006779580,I3018837529
A5091486233,I32597200
A5036473274,I53110688
A5015748504,I3018837529
A5081322718,I32597200
A5078421102,I181679659
A5055416007,I2613432
A5013269574,I162148367
A5015831139,I118501908
A5032059462,I118501908
A5005702955,I66752286
A5061496529,I66752286
A5078402251,I212119943
A5004080101,I136446963
A5063851579,I136446963
A5059918485,I98285908
A5069762345,I21740220
A5076158905,I21740220
A5067468354,I137902535
A5077116838,I63966007
A5085872076,I20089843
A5045748246,I127255534
A5085656370,I4577782
A5016315238,I47508984
A5007146500,I212119943
A5032913022,I28407311
A5050596022,I4210141323
A5025411656,I136040515
A5074171666,I169108374
A5060546670,I169108374
A5065492693,I145311948
A5047675974,I157286207
A5017366543,I157485424
A5037959765,I121797337
A5060785708,I58077936
A5037494040,I124121301
A5038908084,I88491126
A5065808505,I122274158
A5027926451,I24193003
A5044165385,I4210153482
A5051203631,I141962983
A5068364542,I56590836
A5048862815,I121820613
A5076950139,I121820613
A5053311080,I189158971
A5034000581,I122411786
A5015708841,I122411786
A5051700680,I165799507
A5010278056,I181565077
A5013663929,I87445476
A5026168075,I4210150892
A5036337528,I107639228
A5012391118,I153718931
A5060011918,I153718931
A5016144868,I4210149433
A5008557898,I91136226
A5044785782,I108290504
A5085811977,I4210140283
A5015220542,I94658018
A5048821900,I167576493
A5032775389,I4210151799
A5078473649,I16391192
A5000937401,I114027177
A5049312755,I79576946
A5075085472,I25217355
A5066287429,I93860229
A5039988381,I169381384
A5064342876,I4210145362
A5056969631,I76777374
A5004048723,I33586908
A5074553752,I98677209
A5048179939,I7882870
A5074020697,I881427289
A5018084803,I1306339040
A5089934056,I4210151758
A5084826813,I9617848
A5082181724,I169108374
A5005273293,I4577782
A5036875173,I4654613
A5057920673,I130828816
A5084652023,I260719752
A5062358756,I124055696
A5079405118,I298625061
A5012572227,I138689650
A5066351389,I63966007
A5047695560,I63966007
A5058307363,I63966007
A5024384625,I4210127875
A5058275190,I89312276
A5070028115,I30771326
A5056420801,I2800173700
A5091078914,I168719708
A5079475072,I168719708
A5081056634,I114531698
A5029334337,I52357470
A5019817936,I52357470
A5051063040,I206945453
A5043579355,I96268669
A5053906377,I201448701
A5056034943,I201448701
A5011176205,I97018004
A5017990990,I161318765
A5062433915,I185103710
A5053629394,I36788626
A5061163693,I118564535
A5016380950,I63072094
A5089332324,I63072094
A5057166510,I137853757
A5020686179,I4210159451
A5045101158,I123044942
A5089259664,I185103710
A5024326128,I183067930
A5072774939,I51556381
A5024161281,I45129253
A5048773916,I44713367
A5023894377,I1280414376
A5051649145,I57298602
A5070942254,I822440
A5000975435,I67357951
A5054053101,I202697423
A5071010012,I118564535
A5035908112,I108403487
A5047922190,I45129253
A5042913858,I45129253
A5016713725,I45129253
A5062547360,I45129253
A5056976720,I200777214
A5084886581,I193700539
A5027213700,I99464096
A5053726723,I204730241
A5090038927,I916541031
A5040745708,I193181351
A5076158905,I4210097172
A5027629530,I4210125045
A5007287967,I4210125045
A5090973753,I138898306
A5043409810,I161318765
A5002367171,I161318765
A5082997975,I151746483
A5030647281,I151746483
A5000474356,I4210114115
A5063667378,I44461941
A5016900183,I173911158
A5044217809,I865915315
A5085924325,I113456305
A5075877563,I67415387
A5004387574,I106165777
A5021253350,I36399199
A5067177193,I163340411
A5001111807,I4210090857
A5064132416,I31746571
A5050257808,I168635309
A5016075210,I102134673
A5076353369,I47251452
A5048853113,I4210145819
A5027303084,I4210142348
A5067230761,I76766440
A5029634933,I2803209242
A5027426452,I162577319
A5040429744,I130701444
A5008583848,I88060688
A5021273410,I58028834
A5024635859,I86987016
A5088559180,I37696226
A5055727966,I37696226
A5025626208,I172675005
A5077054199,I37696226
A5069543375,I157485424
A5045098894,I157485424
A5067125253,I40347166
A5056293251,I31746571
A5042705320,I31746571
A5000296607,I31746571
A5044573423,I56435720
A5065458044,I4210085935
A5012267742,I31746571
A5040056625,I31746571
A5065903280,I110002522
A5002914704,I15807432
A5044073163,I112524849
A5061151468,I168719708
A5081305138,I1334704838
A5029112800,I46305939
A5007758815,I130929987
A5084565333,I130929987
A5007171832,I82880672
A5075999338,I36258959
A5089713497,I4210138903
A5010560354,I173304897
A5063606425,I2799593479
A5024732230,I32597200
A5047846625,I66867065
A5071999427,I66867065
A5080497628,I66867065
A5015090325,I66867065
A5008287867,I59361560
A5045802198,I83816512
A5015993565,I17301866
A5046249714,I3045169105
A5016246712,I106165777
A5009299240,I157773358
A5032965630,I87650153
A5047360962,I203899302
A5034939930,I203899302
A5064869431,I203899302
A5049250210,I169864488
A5043371053,I182023848
A5022595755,I52574355
A5076256836,I4210100577
A5026781113,I150589677
A5020756135,I168635309
A5035194938,I168635309
A5077554384,I99043593
A5052362009,I165779595
A5007680672,I68891433
A5035866142,I154130895
A5028996052,I59270414
A5032236864,I4210129961
A5084837357,I874792244
A5000566608,I25846049
A5054322944,I46247651
A5023729638,I45129253
A5041798588,I66752286
A5045881566,I45129253
A5031387492,I1334329717
A5023212550,I1285402005
A5083263818,I69768126
A5050552881,I4210157510
A5011553620,I157725225
A5081706559,I56590836
A5025173961,I181401687
A5063155550,I33213144
A5054882691,I887064364
A5068804090,I205783295
A5041082456,I5681781
A5071047366,I9842412
A5068626745,I78978612
A5084641325,I63772739
A5004273646,I63772739
A5061246161,I137056471
A5003626250,I103356709
A5045825380,I170726198
A5005286828,I4210123805
A5011572373,I865915315
A5033311124,I153976015
A5001676164,I153976015
A5090259408,I2250653659
A5069596903,I177725633
A5016869251,I177725633
A5030799206,I53110688
A5014319066,I53110688
A5021609168,I4921948
A5049903935,I4921948
A5082329552,I63966007
A5014088772,I63966007
A5032997589,I124055696
A5032886673,I51556381
A5030485362,I63966007
A5050671822,I63966007
A5012374633,I176453806
A5064734272,I4210111807
A5046113582,I5561750
A5066682425,I88060688
A5059641282,I5561750
A5048325407,I130701444
A5069577168,I4210116141
A5039553919,I205783295
A5039610520,I4210127358
A5009138721,I149672521
A5009129607,I63525965
A5077876566,I4210113297
A5051056050,I4210150647
A5067789332,I197220011
A5087111199,I39854758
A5003626250,I170726198
A5046773162,I68891433
A5055606001,I189590672
A5029291566,I32971472
A5032379766,I82880672
A5083874423,I57093077
A5087628687,I57093077
A5020702999,I166337079
A5049467216,I174306211
A5002930599,I122411786
A5022485637,I111088046
A5047709045,I71052956
A5005504727,I130828816
A5047825950,I22299242
A5029523168,I63525965
A5034420112,I173911158
A5084771659,I139264467
A5051380291,I157725225
A5006190733,I185443292
A5089260563,I145311948
A5071518229,I98805295
A5057024015,I98358874
A5009276619,I98805295
A5027520495,I132976966
A5064525703,I67415387
A5010097254,I91045830
A5063673084,I58956616
A5090776261,I45084792
A5077559088,I108103353
A5073860353,I108103353
A5065951085,I108103353
A5057293895,I45084792
A5063261588,I162030827
A5074144018,I162030827
A5036812254,I83816512
A5075230989,I55143463
A5066677397,I9360294
A5040099871,I141596103
A5084702945,I169173203
A5029403661,I184558857
A5023082537,I899635006
A5015764128,I9360294
A5039414480,I184942183
A5007123356,I141596103
A5022301074,I83816512
A5015037215,I47508984
A5046935235,I47508984
A5047694866,I55143463
A5016342119,I141596103
A5018073225,I2279609970
A5062197219,I2279609970
A5082474473,I897542642
A5027259197,I71267560
A5052161872,I71267560
A5058265964,I71267560
A5091292625,I103635307
A5007454642,I2800403580
A5029864546,I60053951
A5088286793,I4210156930
A5073639920,I60053951
A5031517902,I2800387288
A5010134341,I2800387288
A5028256522,I142263535
A5077401595,I67415387
A5020620391,I114493937
A5084187981,I114845381
A5054848365,I4210133257
A5082955124,I1320404931
A5000975435,I1288043984
A5047913100,I11957088
A5020392160,I4210124484
A5045593473,I4210107720
A5041909571,I1326498283
A5089996104,I4210100433
A5060372031,I4210093736
A5066621495,I4210124484
A5006624933,I9927081
A5003039500,I114457229
A5023595778,I150744194
A5048424631,I4210120485
A5004584284,I125839683
A5056373616,I2800817003
A5056238988,I244572783
A5059919967,I155173764
A5031263620,I164936912
A5061275811,I164936912
A5038612499,I165932596
A5072768866,I165932596
A5089404640,I165932596
A5062535545,I140172145
A5061775910,I66946132
A5087793102,I118347636
A5071032850,I4210118299
A5052442286,I4210115480
A5056296840,I1303474014
A5034087841,I204250578
A5004967317,I3125470973
A5066819954,I4210130445
A5034088489,I1326498283
A5051247445,I4210126360
A5036222248,I4210106545
A5028800814,I205783295
A5024660370,I98559091
A5076792725,I181391015
A5070067140,I9617848
A5008108577,I9617848
A5005908452,I219193219
A5043441302,I900890020
A5086510898,I56590836
A5047580007,I67009956
A5037620729,I67009956
A5000062069,I140172145
A5072027236,I192455969
A5030506701,I45438204
A5074543641,I45438204
A5029702945,I160856358
A5032861159,I4210143894
A5062351587,I107672454
A5052745577,I16835326
A5038997077,I130828816
A5074617957,I10902133
A5030551100,I34771391
A5024626195,I142024983
A5032043599,I240666556
A5045415159,I83259278
A5006203581,I83259278
A5014758459,I240666556
A5036915320,I240666556
A5028555421,I240666556
A5014913261,I179331831
A5073095019,I128277893
A5012622155,I124227911
A5058797212,I79510175
A5088813478,I204250578
A5024102780,I59433898
A5059698647,I97009856
A5029754134,I204983213
A5059514204,I183935753
A5072789298,I204983213
A5018184772,I151727225
A5054505916,I151727225
A5070560728,I149768937
A5038755734,I7597260
A5044512769,I7597260
A5000834169,I7597260
A5000506517,I193181351
A5087453456,I193181351
A5056251028,I193181351
A5031912015,I45084792
A5058104501,I162868743
A5068605992,I24943067
A5076622154,I162868743
A5090743228,I52357470
A5032945266,I887064364
A5051768325,I204250578
A5028047738,I4210153325
A5044091222,I83816512
A5086009293,I83816512
A5064295920,I127077003
A5013370088,I47508984
A5005663679,I33213144
A5067731925,I4210096112
A5045065209,I162290304
A5041874420,I241749
A5008097602,I162290304
A5079838421,I162290304
A5001270995,I172780181
A5025438346,I11923345
A5010336521,I4210116506
A5085040644,I187398979
A5017381278,I95457486
A5060874303,I1291425158
A5078824132,I165779595
A5050279286,I95457486
A5068865569,I181401687
A5076701363,I41156924
A5077569089,I41156924
A5051439492,I41156924
A5030730297,I99043593
A5066130528,I24027795
A5007517435,I24027795
A5039630596,I39586589
A5057260089,I63772739
A5089112142,I174306211
A5002842866,I174306211
A5050987183,I174306211
A5054952724,I174306211
A5015067771,I59361560
A5021937615,I59361560
A5059853805,I58610484
A5071376063,I49663120
A5026658144,I891191580
A5040052770,I891191580
A5044438667,I176453806
A5025655965,I195460627
A5081017623,I141595442
A5083743189,I141595442
A5067049988,I4210121047
A5026062446,I163770644
A5000513247,I136259955
A5046365943,I136259955
A5082650907,I6030618
A5072647800,I17937529
A5020482673,I17937529
A5041176403,I17937529
A5029228546,I112756935
A5088137293,I17937529
A5027292126,I17937529
A5039132898,I170201317
A5070125884,I1174212
A5060213761,I1174212
A5071375822,I878454856
A5030762120,I207123951
A5028638153,I182534213
A5079499583,I1325072066
A5024333004,I106118109
A5047023326,I52669646
A5026494242,I177802217
A5053073638,I114457229
A5052212231,I2405095
A5088128094,I83019370
A5071917259,I116953780
A5000787690,I116953780
A5050691990,I162868743
A5005058553,I162868743
A5036840301,I162868743
A5027417114,I5023651
A5027850521,I188760350
A5047484294,I193662353
A5048872043,I183067930
A5001980782,I17301866
A5063265782,I4210130889
A5086695777,I4210130889
A5003596925,I130769515
A5015995542,I44265643
A5067907907,I4210119712
A5083207864,I74801974
A5089350226,I137534880
A5006047082,I137534880
A5005837856,I66083562
A5037617317,I111979921
A5090773374,I114027177
A5023246618,I49332381
A5053523021,I5124864
A5070275369,I5124864
A5052102014,I110757952
A5047225984,I5124864
A5085117832,I5124864
A5010742103,I190082696
A5013449870,I190082696
A5016330265,I22299242
A5016970525,I887064364
A5004135554,I887064364
A5032411541,I4210145583
A5090822920,I2898391981
A5081402157,I4210121047
A5056692594,I40120149
A5004116961,I43439940
A5071609442,I40120149
A5091226142,I43439940
A5063668258,I9617848
A5036860260,I9617848
A5088185533,I9617848
A5057571751,I9617848
A5058666503,I4654613
A5082528518,I63966007
A5055360778,I137902535
A5004116271,I106165777
A5086178969,I138549579
A5020579305,I142476485
A5039140022,I142476485
A5027550691,I35440088
A5058262411,I197173980
A5074141887,I3025081897
A5023988425,I94658018
A5005183383,I1303474014
A5021215761,I1303474014
A5063896405,I1303474014
A5090603070,I1303474014
A5076006629,I1303474014
A5020756135,I168635309
A5035194938,I168635309
A5003982643,I39534123
A5058029021,I82880672
A5027453687,I139660479
A5023756735,I887054487
A5002692390,I75951250
A5001995018,I168719708
A5057002364,I35440088
A5082073329,I20529979
A5003252390,I132369690
A5069233924,I27357992
A5049066010,I219193219
A5088327337,I4210109053
A5026132957,I197854408
A5045023760,I205783295
A5007171832,I82880672
A5061536058,I92403157
A5078345967,I174306211
A5030748781,I98358874
A5037959766,I202376891
A5012457650,I4210120100
A5062846089,I206573129
A5047233371,I1290206253
A5037066465,I1290206253
A5054850777,I1291425158
A5069524542,I126638653
A5028932552,I91045830
A5041121124,I91045830
A5003564833,I4210096867
A5067657214,I4210092536
A5025106447,I29920723
A5089327351,I94722563
A5007361429,I94722563
A5006710481,I94722563
A5061319881,I201448701
A5048658341,I97699614
A5080143897,I1334329717
A5051235308,I173029219
A5035215084,I165799507
A5061267204,I464993
A5034724154,I60053951
A5017764759,I2799323385
A5086422507,I111950717
A5090666420,I876193797
A5002250184,I99065089
A5043098453,I2250653659
A5046448314,I99065089
A5034097062,I103163165
A5071168106,I103163165
A5075780861,I103163165
A5024066584,I118347636
A5079147959,I161593684
A5026597269,I24227732
A5043199495,I47720641
A5016980595,I4210138186
A5033670308,I151746483
A5056079279,I204250578
A5011141557,I158842170
A5077039199,I98461037
A5031707583,I98461037
A5050498350,I4210124763
A5061023296,I122534668
A5034253968,I122534668
A5081534736,I182534213
A5070046659,I151746483
A5087628767,I1336375059
A5038125761,I114457229
A5079870557,I909854389
A5057469037,I4210112098
A5005228053,I149704539
A5043464306,I141591182
A5061775910,I66946132
A5028741991,I176838256
A5079658034,I60053951
A5015963600,I60053951
A5090287187,I60053951
A5015585417,I98358874
A5089101522,I98358874
A5091040294,I240666556
A5045721867,I99065089
A5009539513,I161318765
A5048204602,I201448701
A5035906875,I4210149433
A5083938142,I118501908
A5076796430,I67900169
A5045997631,I67900169
A5025869535,I67900169
A5027512257,I143302722
A5062756194,I76130692
A5019624328,I76130692
A5087409178,I76130692
A5001274499,I859038795
A5055554865,I155173764
A5090567392,I51601045
A5002189299,I60488453
A5009930587,I27599042
A5018138946,I124055696
A5014866912,I241749
A5014855689,I1291425158
A5031067940,I4210117282
A5090751288,I68695296
A5066391548,I68695296
A5000624422,I36721946
A5039180428,I4665924
A5068768998,I14243506
A5061908942,I148366613
A5050687235,I99043593
A5058729018,I78650965
A5080921001,I18014758
A5025665306,I99043593
A5047924976,I36258959
A5017848668,I177725633
A5062896251,I84218800
A5016047570,I161593684
A5030159286,I118347636
A5080276145,I145872427
A5054482827,I145872427
A5028908560,I145872427
A5052015648,I130438778
A5063069231,I68891433
A5066130528,I24027795
A5073678932,I93320256
A5077330113,I99464096
A5001193136,I99464096
A5081225515,I99464096
A5027742316,I56590836
A5017894606,I204465549
A5075972955,I169521973
A5002969533,I55732556
A5063924433,I66946132
A5010139816,I57995698
A5070694496,I909854389
A5038795110,I33849332
A5009384804,I16038530
A5034889779,I16038530
A5063229067,I172675005
A5036010787,I16038530
A5026873916,I45129253
A5001719039,I45129253
A5085366537,I180825142
A5066026428,I4210109712
A5061021795,I223822909
A5089482942,I205640436
A5035625381,I205640436
A5018313288,I4210145583
A5004057129,I4210145583
A5091513740,I93396115
A5044244385,I40527276
A5057625030,I150589677
A5069985968,I40527276
A5056788018,I4210105615
A5001092290,I82880672
A5082792511,I150744194
A5023085223,I94234084
A5090487464,I4210163172
A5020947774,I4210107233
A5004498198,I1288214837
A5088027169,I4068193
A5080524011,I13955877
A5003308778,I15766117
A5011664630,I15766117
A5021595667,I208333798
A5065184308,I31151848
A5027705027,I31151848
A5045617522,I31151848
A5081589852,I216286881
A5000856508,I170726198
A5055416007,I170726198
A5061593701,I114017466
A5015993565,I177918364
A5004965117,I97018004
A5002154840,I50760025
A5032586510,I200769079
A5022846477,I137902535
A5057538550,I4210144576
A5022699013,I4210144576
A5078452051,I4210144576
A5071681891,I180825142
A5065040154,I39555362
A5074216056,I4210144576
A5024107541,I138006243
A5072980637,I186272606
A5077860299,I149461666
A5006259564,I62916508
A5045798295,I63966007
A5079362815,I121883995
A5091259315,I121883995
A5060558756,I82495205
A5090934117,I4210115519
A5007446175,I169108374
A5030647388,I145847075
A5063639597,I887064364
A5035919267,I180726961
A5091266202,I172675005
A5000620878,I20581793
A5024300982,I39422238
A5081038628,I160262251
A5015745975,I530967
A5044258528,I12859529
A5020117895,I103163165
A5045719394,I103163165
A5024921109,I63772739
A5024972825,I102134673
A5079596403,I2801562428
A5089079121,I1288043984
A5030427578,I170979836
A5001565730,I170979836
A5044129236,I114395901
A5066762178,I4210144289
A5089236260,I91136226
A5021952588,I91136226
A5018976680,I45129253
A5032983456,I81365321
A5002496535,I59270414
A5050256142,I4210139749
A5081935227,I913958620
A5014096646,I4210137740
A5031464037,I165932596
A5038657258,I165932596
A5060942351,I161548249
A5080876617,I161548249
A5084937471,I113508548
A5054988467,I113428412
A5083819212,I4210144062
A5054869562,I27577105
A5072139180,I88060688
A5045388427,I4210116091
A5074594320,I165526535
A5034192756,I4210139398
A5029155705,I36399199
A5053903265,I39706905
A5087564128,I165779595
A5012899448,I163161326
A5080231752,I14243506
A5050729402,I14243506
A5046665687,I14243506
A5039006120,I40347166
A5000506517,I193181351
A5079450474,I193181351
A5007814653,I193181351
A5061181768,I4210131883
A5037648350,I79889768
A5021590630,I201799495
A5083511107,I106245021
A5007992576,I114017466
A5091266202,I172675005
A5022649488,I848706
A5085560176,I114017466
A5042460024,I157773358
A5015278961,I205783295
A5071931582,I2252078561
A5007851872,I4210157430
A5040001106,I2800817003
A5002662383,I90183372
A5048060386,I90183372
A5003402537,I4210119109
A5059460348,I111088046
A5070049696,I2800826735
A5070125884,I2800817003
A5060213761,I2800817003
A5057548987,I41156924
A5091017313,I4210108547
A5022485637,I111088046
A5003200620,I82497590
A5074408924,I885507782
A5024949339,I205746353
A5010944499,I6750721
A5020587578,I22299242
A5076121553,I58610484
A5007936316,I66946132
A5082325811,I186903577
A5032919897,I140275651
A5087542455,I67900169
A5085821552,I17974374
A5074102447,I4210161954
A5063077252,I114395901
A5034620242,I81365321
A5054109049,I170658231
A5041368759,I145286018
A5041070091,I4210107233
A5054581943,I430192
A5084318285,I99065089
A5050701255,I99065089
A5031121989,I865915315
A5028581860,I99464096
A5023788914,I84884186
A5012600744,I138801177
A5070582509,I32389192
A5090562336,I4210085935
A5016082884,I177725633
A5012367814,I57201433
A5005575421,I129043915
A5037039482,I129043915
A5089173037,I2801851002
A5058389135,I2801851002
A5088853105,I4210156213
A5043327132,I2801851002
A5026496503,I2801851002
A5079320411,I17974374
A5051209043,I181391015
A5029550725,I2802612298
A5018565944,I185641255
A5063914122,I41341903
A5006376848,I185641255
A5037167523,I185261750
A5003499139,I4210113276
A5073451815,I4210113276
A5042180955,I4210113276
A5016478385,I173755004
A5014813782,I153473198
A5043069455,I153473198
A5086445784,I14243506
A5005002693,I162577319
A5026495223,I127591826
A5043889695,I91203450
A5085421841,I52099693
A5043667154,I205783295
A5039781735,I64663401
A5034893368,I1313323035
A5053341177,I204250578
A5033686677,I204250578
A5079307189,I204250578
A5035088568,I79765343
A5068484674,I241749
A5012403326,I97018004
A5049496911,I94588446
A5004555174,I119004910
A5053783271,I21370196
A5017873450,I4210092681
A5045767808,I4210092681
A5008897549,I4210092681
A5046768475,I52135307
A5063375767,I2802368776
A5001322437,I4210150146
A5036024217,I4210124380
A5039596455,I2802368776
A5025702108,I4210112027
A5039280570,I2802042752
A5046024267,I4210160223
A5036369387,I52135307
A5069488538,I2996127693
A5061496318,I52135307
A5048250441,I4210150146
A5019968945,I52135307
A5048344653,I116067653
A5058144931,I4210108547
A5036568372,I4210108547
A5025686476,I99464096
A5034738514,I4577782
A5013698523,I136259955
A5072744508,I74801974
A5025354167,I2801333002
A5020217603,I36258959
A5086373411,I63072094
A5076742472,I66946132
A5024633466,I168719708
A5074413224,I168719708
A5029713004,I99065089
A5008409828,I63772739
A5036405267,I35928602
A5026132957,I197854408
A5029060737,I95674353
A5070194221,I132053463
A5040763929,I4210107720
A5024036401,I71999127
A5021197146,I114845381
A5023911868,I71637028
A5061807602,I155173764
A5082286181,I155173764
A5026062446,I163770644
A5000513247,I136259955
A5046365943,I136259955
A5053327046,I111979921
A5080590199,I94658018
A5051170737,I207399273
A5044183000,I63966007
A5058839771,I84884186
A5090103863,I84884186
A5011926448,I84884186
A5077398892,I59433898
A5090048784,I56590836
A5033019082,I59433898
A5067046621,I162714631
A5002458434,I162714631
A5004832857,I162714631
A5061698384,I162714631
A5011169535,I2800559042
A5028313094,I277688954
A5089297277,I34771391
A5015058244,I121934306
A5052157244,I98389781
A5002842122,I64295750
A5037432395,I90425906
A5067476738,I4210115515
A5076298605,I242486142
A5082500819,I5124864
A5010221865,I165339363
A5008380362,I114457229
A5005898699,I31746571
A5027710558,I31746571
A5000296607,I185203018
A5044573423,I56435720
A5012267742,I31746571
A5040056625,I31746571
A5083918255,I72951846
A5031730766,I153901656
A5064800801,I4210104163
A5032480831,I4210104163
A5004942120,I4210104163
A5090232242,I921990950
A5008375520,I921990950
A5067261120,I131651094
A5073951597,I6498739
A5000766463,I2801245514
A5025255782,I95457486
A5049812527,I95457486
A5004921249,I95457486
A5061575875,I94951947
A5051522114,I94951947
A5081322718,I32597200
A5045190581,I100930933
A5005077196,I100930933
A5058730535,I45129253
A5071736895,I184558857
A5071983422,I82880672
A5006081005,I82880672
A5020476861,I83816512
A5051383936,I263417816
A5077133596,I165682329
A5073901040,I74885063
A5085321115,I187531555
A5025816352,I2801333002
A5020248423,I123044942
A5009674136,I71920554
A5004783243,I71920554
A5023138124,I71920554
A5009085292,I71920554
A5027042740,I201841394
A5079617707,I130769515
A5075724243,I1323121030
A5070995194,I822440
A5005837856,I66083562
A5035342520,I162030827
A5022559166,I4210152351
A5035627933,I196972281
A5073839838,I99041443
A5003941679,I4210115447
A5050154865,I124261462
A5086545515,I182212641
A5062077940,I9224756
A5041395889,I9224756
A5067046312,I57206974
A5026990034,I91045830
A5002528182,I63966007
A5014379074,I161318765
A5049923911,I95457486
A5078874851,I63772739
A5028519943,I913958620
A5073988999,I97018004
A5045744709,I97018004
A5006524000,I126601174
A5062784800,I126601174
A5025048437,I87216513
A5040639891,I87216513
A5019610791,I78577930
A5029760958,I95457486
A5045015100,I250520410
A5031896681,I39555362
A5009196125,I200769079
A5059063960,I181647926
A5030306558,I592451
A5007585090,I5124864
A5025816352,I219193219
A5028994376,I168864056
A5071227555,I75390827
A5085477174,I47508984
A5077264510,I51601045
A5011801033,I4210113610
A5089418748,I4210155201
A5085542421,I121797337
A5004048459,I3123212020
A5055771849,I3123212020
A5054389106,I146552867
A5041091856,I172675005
A5060723344,I172675005
A5020629689,I22265921
A5010721126,I2802236040
A5046627623,I2802236040
A5076016306,I118347636
A5066445402,I165779595
A5055757002,I183935753
A5060165491,I190082696
A5012138072,I52357470
A5002077138,I170239107
A5086786635,I103163165
A5004533209,I35440088
A5030117787,I110002522
A5090048784,I56590836
A5077398892,I59433898
A5019007054,I56590836
A5033019082,I59433898
A5091291266,I43439940
A5032415790,I93860229
A5006809009,I93860229
A5054994026,I93860229
A5063028120,I16835326
A5039248013,I173664879
A5024400994,I4210118730
A5090320352,I173664879
A5012275958,I4210118730
A5047867327,I1322731696
A5061612178,I61152923
A5060208989,I292141241
A5048480750,I179093154
A5090043416,I1288214837
A5080630773,I1288214837
A5028422125,I19989617
A5067046621,I162714631
A5004832857,I162714631
A5061698384,I162714631
A5002458434,I162714631
A5062401089,I4210092849
A5067835338,I59649739
A5073568638,I24185976
A5058798782,I111088046
A5001871147,I887054487
A5070352738,I253188195
A5047800576,I63966007
A5016017870,I63966007
A5031423617,I121748325
A5025774015,I4210157430
A5034078369,I4210157430
A5059305507,I4210157430
A5020881876,I1339065421
A5058823326,I4210163363
A5089630219,I24185976
A5038798689,I39333907
A5091536303,I39333907
A5044496582,I183067930
A5081525335,I2800262456
A5048574995,I204250578
A5060602998,I129043915
A5062903761,I9842412
A5000151104,I1456306
A5002076661,I128993996
A5059128927,I80143920
A5073230596,I1456306
A5056018684,I177064439
A5089382518,I134560555
A5014115283,I136806742
A5038799336,I21741975
A5058448163,I3923682
A5070024779,I3923682
A5029587382,I4210092870
A5053589381,I3923682
A5063451263,I122534668
A5034876222,I6498739
A5061769343,I118347636
A5038886027,I56085075
A5053153176,I4092182
A5069604107,I36258959
A5058999081,I170897317
A5076819534,I86695891
A5032752009,I139759216
A5005072193,I99065089
A5055696539,I100930933
A5023732780,I100930933
A5064468056,I159176309
A5062033062,I74973139
A5066983455,I202483615
A5009747442,I202483615
A5062756898,I91045830
A5066621471,I4210142440
A5020310463,I119939252
A5058200403,I2801851002
A5080367267,I91357014
A5072912301,I162827531
A5049078134,I98461037
A5074947894,I43439940
A5035799727,I134113660
A5039640316,I43439940
A5031522109,I134113660
A5019942520,I2801144803
A5043026526,I904495901
A5053007340,I93860229
A5042417199,I149461666
A5015868116,I149461666
A5074294896,I166337079
A5057148868,I4210129154
A5038119641,I4210138412
A5065352983,I18014758
A5017220106,I241749
A5044233387,I135310074
A5038514283,I102913810
A5072069162,I102913810
A5021226854,I102913810
A5027063601,I51569856
A5021657351,I864159182
A5071019184,I16097986
A5078026673,I66943878
A5021247547,I138801177
A5025074757,I188884621
A5008462886,I177697070
A5082805490,I63072094
A5043151017,I43267033
A5024620954,I154264771
A5082006408,I43267033
A5081095676,I84475105
A5045078233,I90281761
A5061752593,I90281761
A5065694652,I169333911
A5061699800,I107720978
A5054742942,I90281761
A5032086117,I16391192
A5066095735,I197251160
A5089332324,I63072094
A5077282492,I137902535
A5043699777,I165799507
A5027317977,I5681781
A5031492664,I5681781
A5085082332,I179245896
A5077451853,I1322829787
A5019010192,I4210107233
A5005771535,I4210107233
A5027532022,I145311948
A5089260563,I4210107233
A5053899885,I184942183
A5024405571,I184942183
A5011466065,I930072361
A5025663548,I930072361
A5006730304,I930072361
A5019489166,I149704539
A5056808390,I865915315
A5084973562,I122140584
A5041534154,I4210108453
A5088223980,I101993903
A5051314849,I24027795
A5014061575,I95457486
A5032630898,I33434090
A5074101738,I7882870
A5083472752,I172675005
A5045487634,I39343248
A5074782993,I124246371
A5053328508,I56490300
A5055416007,I188329596
A5008432065,I25217355
A5010035758,I889458895
A5056828139,I25217355
A5024376647,I180629606
A5060051494,I51532219
A5060006615,I17866349
A5025308299,I134085113
A5034089074,I130701444
A5077058928,I83019370
A5057583165,I83019370
A5035571048,I83019370
A5063490873,I83019370
A5008103968,I83019370
A5054526951,I137902535
A5072730926,I75027704
A5037790703,I162720556
A5066614231,I74796645
A5083573588,I59270414
A5082955124,I1320404931
A5084550608,I1320404931
A5091541952,I4210105737
A5084340576,I59270414
A5054901394,I172675005
A5074934997,I172675005
A5062211930,I12093191
A5059317875,I45129253
A5019499716,I118501908
A5035049338,I63634437
A5091141642,I63634437
A5080689214,I4064826
A5034720507,I4210110863
A5076464455,I39824353
A5038228433,I123044942
A5006360335,I4210144804
A5066568193,I145872427
A5087017723,I145872427
A5038235574,I145872427
A5074794877,I145872427
A5011855821,I4210160811
A5021102755,I46305939
A5079123162,I46305939
A5081475465,I46305939
A5089639500,I165799507
A5018153533,I192396691
A5015981050,I55143463
A5080720267,I55143463
A5044489348,I102134673
A5017741651,I9842412
A5035513985,I51556381
A5052491056,I9842412
A5012892619,I4210136070
A5086340700,I116953780
A5055917015,I881766915
A5000937401,I114027177
A5062305704,I204983213
A5036684787,I204983213
A5068626745,I5681781
A5000975435,I876193797
A5011947087,I123534392
A5034385365,I39587148
A5077138123,I103635307
A5090641820,I36234482
A5069242941,I4210150289
A5025122566,I4210150289
A5085634615,I8961855
A5005403451,I91203450
A5024005463,I57825437
A5006717690,I102134673
A5049638450,I151746483
A5046249714,I3045169105
A5016246712,I106165777
A5024909557,I269685040
A5027119999,I36258959
A5046805836,I95457486
A5011449891,I64185308
A5074540538,I12708293
A5060878462,I12708293
A5051850054,I12708293
A5030433880,I12708293
A5003031729,I12708293
A5011052188,I204778367
A5017050975,I76835614
A5070988819,I40347166
A5053155811,I3006985408
A5043114412,I4210156583
A5043945029,I2279609970
A5026161106,I133837150
A5047222739,I4210090724
A5084095026,I95674353
A5063782677,I68368234
A5011197437,I68368234
A5024323175,I68368234
A5056658934,I68368234
A5074455901,I157725225
A5034372799,I40120149
A5008584000,I887968799
A5035737339,I177725633
A5031821299,I97018004
A5017065683,I54009628
A5004090723,I176453806
A5029144226,I31746571
A5012275958,I4210118730
A5024400994,I4210134596
A5090320352,I4210118730
A5067230761,I76766440
A5032392889,I4210089144
A5038934826,I4210089144
A5075081444,I2801633153
A5040706121,I149672521
A5062770206,I155660961
A5077896617,I149672521
A5091543149,I103163165
A5036357902,I39422238
A5001365101,I881427289
A5029060737,I95674353
A5067555843,I95674353
A5070194221,I132053463
A5078043213,I202697423
A5033267761,I4210135124
A5043383832,I188884621
A5025074757,I188884621
A5049580392,I74788687
A5086664114,I102149020
A5085216249,I83328411
A5019789320,I113409471
A5029470579,I113409471
A5044678024,I90610280
A5031749850,I177725633
A5013355577,I111236770
A5025002723,I82904351
A5079927813,I82904351
A5033194602,I82904351
A5081691897,I82904351
A5007692904,I82904351
A5016999419,I82904351
A5078989577,I57206974
A5084466158,I2699952
A5044266023,I183067930
A5032873361,I135237710
A5009502564,I3923682
A5079869034,I100887729
A5073297794,I100887729
A5010329554,I251424209
A5057607650,I4210155236
A5078364973,I2799411422
A5064549823,I29920723
A5064830080,I179093154
A5061287527,I2738703131
A5070781274,I4210122877
A5076827456,I173911158
A5019834944,I4210117005
A5076171972,I4210117005
A5039929397,I39586589
A5006604913,I7882870
A5025794971,I7882870
A5018474051,I55712492
A5002076661,I128993996
A5025987638,I126520041
A5050171153,I55712492
A5072904558,I197854408
A5088753497,I876193797
A5017610833,I876193797
A5059529586,I2802772015
A5065100828,I162827531
A5069487278,I56590836
A5078139667,I173089394
A5012200905,I4210157430
A5075040909,I4210157430
A5059809107,I908025542
A5085517911,I908025542
A5055768874,I80849659
A5032284977,I1301968116
A5055086464,I4405392
A5074754590,I1291425158
A5038755734,I4210117195
A5081056211,I4210117195
A5036100755,I100930933
A5033918541,I55538621
A5051490672,I59028903
A5016461312,I4210106585
A5091711243,I24185976
A5032739404,I185854337
A5086909487,I201324441
A5069030030,I205783295
A5037020023,I202963720
A5015382568,I202963720
A5028592528,I102134673
A5036876854,I97553796
A5062598192,I4210141526
A5066091706,I170201317
A5019808431,I155419210
A5089713497,I4210138903
A5064137095,I4210098966
A5000874360,I197220011
A5077008561,I102134673
A5013005333,I184942183
A5034647327,I4210085887
A5085978840,I4210085887
A5067803328,I4210085887
A5020817426,I4210085887
A5019338743,I4210091279
A5033087190,I153845743
A5072523018,I125839683
A5076605128,I125839683
A5001739714,I125839683
A5091459774,I125839683
A5067020437,I91357014
A5043040471,I91357014
A5034269796,I192455969
A5061617652,I79189158
A5023681135,I1320481043
A5002807220,I121883995
A5070393786,I1311688040
A5044138533,I205274468
A5058252389,I4577782
A5044964238,I861853513
A5088353529,I861853513
A5088400471,I861853513
A5085011444,I74413500
A5080044649,I83558840
A5084837357,I9360294
A5018750754,I118347636
A5044975418,I204824540
A5063089732,I32971472
A5048250441,I4210150146
A5046768475,I52135307
A5001322437,I4210150146
A5026122976,I951315
A5091784081,I4210134959
A5070576727,I173911158
A5069086233,I197025333
A5045680211,I162714631
A5040402369,I36893310
A5082234532,I36893310
A5052519095,I126596746
A5014114139,I212119943
A5072360498,I185261750
A5047552450,I185492890
A5026459143,I116067653
A5045155917,I4210161656
A5055769904,I4210161656
A5023650696,I62318514
A5051629581,I4210092021
A5044695992,I200576644
A5021553205,I12315562
A5085099465,I170230895
A5017356611,I68368234
A5031670705,I177605424
A5034534839,I46305939
A5081942889,I102248843
A5063700558,I109147379
A5026290532,I98358874
A5036019279,I123387679
A5045048407,I102134673
A5083090794,I123387679
A5049312755,I79576946
A5029260213,I185261750
A5023095072,I141945490
A5042645593,I100445878
A5032634346,I1902872
A5018349566,I19820366
A5016547705,I197251160
A5066171121,I4210152724
A5067680521,I122346577
A5005916659,I194019607
A5006664659,I122346577
A5001091619,I4210156054
A5016222651,I891191580
A5075432056,I891191580
A5041199606,I891191580
A5022176859,I891191580
A5037344297,I891191580
A5071495561,I136199984
A5080105972,I119474363
A5001117250,I192756129
A5009128577,I126820664
A5049437648,I151746483
A5053028480,I143288331
A5047517734,I11923345
A5042936176,I88814501
A5015675169,I4210110792
A5010973698,I4210154879
A5003992978,I1298590031
A5015129790,I197274945
A5001472309,I204824540
A5022359423,I92614990
A5064867241,I37553959
A5059555932,I84884186
A5014926679,I183638586
A5017339070,I183638586
A5083304312,I4210164862
A5057680944,I4577782
A5042183747,I4210105201
A5009171844,I82880672
A5060964999,I82880672
A5087835107,I926574661
A5026318525,I4210090401
A5002984390,I168635309
A5067068847,I4210097418
A5043945029,I4210115519
A5033650912,I2799787213
A5036687211,I4210095684
A5012345633,I124246371
A5088424005,I5444425
A5056652166,I71966907
A5001120804,I2801613365
A5027680628,I55732556
A5009000710,I4210139030
A5030936455,I145894827
A5080541933,I124261462
A5008743721,I24676775
A5061095576,I24676775
A5006052956,I161318765
A5019681057,I4210137611
A5084993547,I185443292
A5034203731,I8204097
A5007498387,I223532165
A5039639484,I58077936
A5062757270,I133731052
A5001234997,I55633929
A5072396493,I130238516
A5037306695,I4210153546
A5074875493,I36672615
A5042248436,I4210153546
A5010170972,I66862912
A5001570784,I1174212
A5084281668,I33213144
A5086791812,I26437253
A5079992885,I114457229
A5076388751,I154757721
A5020413756,I174458059
A5044394722,I160606119
A5034739083,I889458895
A5050289117,I106165777
A5046679226,I106165777
A5061617070,I16097986
A5043945029,I4210131745
A5071959897,I142740786
A5044149688,I154130895
A5032706099,I3130511786
A5019717997,I151903974
A5000355426,I64956957
A5030938279,I190249584
A5016047570,I161593684
A5070757521,I241749
A5009639508,I4210145818
A5038291268,I185261750
A5031692714,I122534668
A5034253968,I122534668
A5024734094,I2800773360
A5091893294,I177567560
A5050337915,I4210120471
A5059171581,I4210120471
A5056512471,I4210120471
A5060778711,I4210120471
A5065716990,I4210120471
A5042824121,I17145004
A5028513376,I20230540
A5022020359,I20230540
A5021752135,I133731052
A5086261260,I16391192
A5031896681,I39555362
A5009196125,I200769079
A5053432028,I36258959
A5018293076,I36258959
A5070988819,I40347166
A5026042163,I4210132957
A5001404194,I154570441
A5083980731,I24603500
A5026512168,I204512498
A5043102587,I95457486
A5042604128,I82495205
A5033802529,I201448701
A5072252688,I1311060795
A5065352983,I18014758
A5001768471,I60158472
A5009338966,I86519309
A5034657358,I4092182
A5064355276,I4210167190
A5043499130,I145847075
A5083435816,I4210167190
A5033473979,I203172682
A5061846947,I203172682
A5048831506,I173911158
A5086109092,I22265921
A5063231461,I148366613
A5064585036,I156216236
A5020629689,I173093425
A5090458959,I1850255
A5035342633,I102335020
A5084949004,I189590672
A5043744703,I8087733
A5078761250,I4210104963
A5077729027,I141197729
A5009828854,I4210156451
A5059883724,I36234482
A5046532358,I4210156583
A5088796666,I4210089617
A5090724883,I4210092303
A5005397448,I62088572
A5030188718,I102607778
A5078386058,I102607778
A5035270195,I189712700
A5013078154,I182212641
A5075513915,I2799859273
A5049605606,I2799859273
A5016249688,I83809506
A5048758163,I66946132
A5036701781,I1299319934
A5057467969,I1299319934
A5014105098,I2277624104
A5032467032,I2277624104
A5042624882,I2277624104
A5044316613,I2277624104
A5013247320,I2277624104
A5019170728,I2277624104
A5089657515,I157507598
A5071691539,I181391015
A5065312379,I157507598
A5012275958,I4210118730
A5076621570,I111575329
A5014815513,I142608572
A5053176440,I157507598
A5068858971,I157507598
A5065919029,I79884896
A5010419481,I55732556
A5043777246,I55732556
A5077134613,I39555362
A5066882379,I170013655
A5084213178,I36672615
A5090729968,I36672615
A5059751712,I45129253
A5014964450,I4210108303
A5083102952,I181046868
A5080362214,I4210108303
A5005365069,I12832649
A5053165719,I107672454
A5075795132,I161318765
A5019959002,I204778367
A5013088513,I97018004
A5057827968,I4210114115
A5052998135,I196486160
A5075411702,I196486160
A5074152408,I5124864
A5062662924,I71209653
A5000808371,I2800920820
A5082357282,I79576946
A5007273054,I83816512
A5081784013,I62916508
A5076518905,I62916508
A5071409020,I91712215
A5088469315,I76903346
A5060859546,I52357470
A5089812166,I99682543
A5039827669,I25112270
A5004116961,I43439940
A5037807611,I1327095140
A5057260089,I63772739
A5020284420,I5561750
A5050227787,I5561750
A5058712739,I102335020
A5057618925,I102335020
A5074926422,I102335020
A5089754029,I76130692
A5023946047,I43439940
A5061204419,I76130692
A5079914721,I123044942
A5071498028,I123044942
A5045101158,I123044942
A5060284292,I183935753
A5056251028,I98461037
A5048229843,I83863532
A5024823282,I83863532
A5023918239,I141596103
A5087104455,I83863532
A5014643856,I47508984
A5014046423,I201448701
A5047196177,I4210129575
A5024067855,I111112146
A5029548157,I39854758
A5015129790,I197274945
A5001472309,I204824540
A5080092678,I204824540
A5011208990,I44925452
A5068905728,I197274945
A5049756010,I4210107720
A5089476776,I143002897
A5043060302,I186354981
A5069432042,I33256026
A5024184433,I145722265
A5068531236,I33256026
A5087825639,I4210094879
A5040323322,I92403157
A5086572718,I4210094879
A5049949859,I150807315
A5020235233,I31746571
A5062137932,I31746571
A5036079119,I31746571
A5082975553,I74656192
A5066876742,I188538660
A5031754189,I147554453
A5052050736,I83558840
A5000991072,I4210135670
A5010806251,I9579091
A5031854085,I4210110792
A5029107586,I4210110792
A5006617173,I122411786
A5049986671,I4210091119
A5051056050,I2802928900
A5072181180,I130828816
A5008406974,I127339247
A5054013683,I125839683
A5087596327,I2802939634
A5041924377,I4210109800
A5051533204,I4210111188
A5070858823,I4210111188
A5087599384,I102134673
A5019280525,I1323121030
A5009932489,I177477856
A5058182410,I177477856
A5054395599,I177477856
A5034486931,I177477856
A5085698418,I149704539
A5051297830,I149704539
A5015011245,I149704539
A5032158234,I99464096
A5077565006,I158842170
A5058331326,I55913730
A5001770010,I157492648
A5055594838,I59361560
A5061944412,I55732556
A5057163859,I142263535
A5090142469,I55732556
A5009979787,I111088046
A5027632777,I23923803
A5057131034,I86695891
A5019265966,I170897317
A5023943374,I55741626
A5039018205,I67031392
A5037883062,I67031392
A5013602621,I98251732
A5056394412,I138164181
A5021477680,I2799950915
A5087997739,I81365321
A5026658144,I891191580
A5088568415,I174458059
A5078910758,I137902535
A5075172069,I121847817
A5086117892,I121847817
A5015768486,I22716965
A5039854312,I2972652528
A5012777796,I35440088
A5062103852,I1328775524
A5026028393,I216852786
A5069590205,I4210162190
A5068664074,I4210162190
A5012210701,I4210162190
A5050221886,I1324220350
A5047988825,I33213144
A5028287123,I4210101327
A5013169538,I27837315
A5032499810,I181369854
A5031797939,I181369854
A5087093169,I181369854
A5058662444,I181369854
A5006271882,I3124059619
A5071282606,I3124059619
A5043116097,I3124059619
A5020057271,I148798404
A5071582618,I4210148195
A5025435257,I111088046
A5006360335,I277688954
A5027728817,I4210144655
A5019265966,I138689650
A5031835546,I4210112471
A5062453217,I4210112471
A5018926238,I4210112471
A5072689210,I98358874
A5044747365,I98358874
A5076780322,I98358874
A5050745579,I2801380234
A5076337822,I98358874
A5054998387,I4210105079
A5056543056,I4210101034
A5030935001,I88060688
A5072104268,I205640436
A5039732648,I880766802
A5084171221,I2800173700
A5044332089,I107949126
A5014066075,I158248296
A5001523712,I176861719
A5036944228,I11750234
A5008824437,I158248296
A5061061546,I4210128676
A5078659661,I185523456
A5008583848,I88060688
A5014654464,I88060688
A5005720687,I4210104735
A5054258238,I4210104735
A5083240643,I4210148684
A5035737339,I177725633
A5031821299,I97018004
A5072080783,I39333907
A5051532910,I15991598
A5046046339,I9927081
A5000911721,I9927081
A5037354101,I8204097
A5053906377,I201448701
A5049695343,I174216632
A5035553646,I80281795
A5032811590,I223532165
A5030419884,I51556381
A5069942717,I200420086
A5050663897,I36258959
A5090537015,I204778367
A5028102780,I70983195
A5019170728,I138689650
A5085542421,I121797337
A5060169206,I4210134673
A5065624271,I6030618
A5003762688,I39422238
A5045251213,I59036183
A5031342394,I12449238
A5038976846,I4210100019
A5012061956,I84218800
A5078677430,I90303723
A5063708250,I184656255
A5070728314,I4210136150
A5022262073,I7876267
A5019187286,I122228004
A5022718926,I122228004
A5079112003,I4092182
A5077575411,I4210136150
A5056251421,I7876267
A5042694477,I122228004
A5089758511,I4210142254
A5004453915,I4210167018
A5080836593,I16391192
A5006710481,I94722563
A5064235058,I16391192
A5039489255,I113508548
A5039128929,I219193219
A5066720988,I62853816
A5091556790,I241749
A5042857459,I63966007
A5070060702,I64189192
A5051297402,I68891433
A5043674709,I57206974
A5058368955,I177880774
A5040515096,I114493937
A5068923033,I102401767
A5065815764,I39553462
A5008755580,I39553462
A5005339839,I60053951
A5046933025,I28407311
A5065505847,I71792333
A5087074070,I4210136249
A5023590573,I1327714866
A5009128577,I4577782
A5049437648,I151746483
A5053028480,I143288331
A5047144042,I143288331
A5050428872,I74973139
A5063978613,I184558857
A5035540038,I102322142
A5009027337,I102322142
A5081894427,I139290333
A5067599928,I173304897
A5024501121,I4210142780
A5006872667,I4210119349
A5067319166,I154864474
A5035915560,I154864474
A5080994838,I172901346
A5015220542,I94658018
A5080433490,I121883995
A5075793654,I161318765
A5061952215,I165525304
A5072656355,I165525304
A5032088712,I40347166
A5004869543,I142263535
A5063307502,I877506347
A5002385420,I118501908
A5050865451,I4210096574
A5004960011,I118501908
A5083458209,I125989756
A5086336877,I118501908
A5003446912,I4210150146
A5026157285,I159176309
A5050062467,I33213144
A5057469037,I118501908
A5091141987,I86420138
A5032103649,I4210133906
A5083763815,I71267560
A5054827321,I122346577
A5048285002,I114027177
A5044115765,I146655781
A5069162147,I172675005
A5068488260,I139024713
A5089182744,I139024713
A5078403818,I76130692
A5026570735,I76130692
A5052804438,I71838634
A5020101419,I201799495
A5016990607,I86420138
A5091717294,I100005738
A5040169214,I929597975
A5029400333,I74973139
A5057616298,I141641110
A5004206574,I201799495
A5010331685,I201799495
A5035460662,I86467917
A5015993066,I102322142
A5037460388,I45129253
A5048820381,I21370196
A5067950570,I55741626
A5083131059,I14894300
A5054814598,I139759216
A5031448696,I46597724
A5083723615,I9360294
A5053291467,I111236770
A5061499121,I4210142027
A5047896814,I121797337
A5040691261,I180297670
A5090455145,I180297670
A5059584746,I3133083760
A5091756520,I889458895
A5009862837,I180740530
A5009820805,I4210166639
A5087298067,I913958620
A5003579441,I57206974
A5043134112,I20121455
A5051220559,I20121455
A5005158034,I20121455
A5073740769,I20121455
A5066913199,I40434647
A5003563648,I48825208
A5039785567,I40434647
A5089396802,I11912373
A5060960665,I162290304
A5060883307,I110079840
A5088673875,I193662353
A5062662924,I71209653
A5082357282,I79576946
A5040534841,I183067930
A5089451267,I72769676
A5011889143,I175532246
A5082955124,I1320404931
A5021609011,I51205905
A5030124671,I4210107233
A5028919793,I2800817003
A5054665011,I4210106879
A5023619833,I80543232
A5029298879,I151746483
A5033006881,I151746483
A5021211836,I45204951
A5041660039,I131077856
A5004084740,I9842412
A5007506428,I76569877
A5051895369,I9842412
A5008138587,I4210159565
A5063257752,I169351748
A5022994461,I36399199
A5069014785,I36399199
A5088765569,I36399199
A5083864231,I130769515
A5067580558,I1306409833
A5091534378,I123387679
A5042663603,I111088046
A5025881868,I64427410
A5019539533,I157725225
A5080276145,I145872427
A5054482827,I145872427
A5028908560,I145872427
A5052015648,I130438778
A5052408909,I162030827
A5065923724,I126596746
A5075661874,I165779595
A5041685067,I66083562
A5067954492,I44563897
A5074160516,I4210155549
A5020878841,I4210093282
A5007639805,I4210093282
A5076541589,I162148367
A5042276212,I98251732
A5017873450,I149213910
A5045767808,I149213910
A5008897549,I149213910
A5013309071,I40120149
A5058475600,I22299242
A5019559411,I165799507
A5015728115,I110200422
A5072710973,I19648265
A5037636060,I201448701
A5038584158,I47508984
A5084330621,I91045830
A5019907526,I4210120238
A5031115969,I4210090124
A5080409343,I4210157510
A5082942970,I4210157510
A5000975435,I1288043984
A5091262078,I16285277
A5061429955,I155125381
A5001185980,I4210117042
A5067610915,I93251985
A5019597653,I154338468
A5073619925,I154338468
A5018014670,I154338468
A5076270155,I87547150
A5011033516,I25217355
A5071887541,I4210096458
A5000779521,I4210096458
A5032103649,I4210155236
A5071838215,I71267560
A5042103095,I14243506
A5071548729,I102134673
A5049756010,I4210089144
A5089476776,I4210114274
A5060091515,I102134673
A5061227594,I111088046
A5055252458,I157725225
A5035207753,I111088046
A5075906727,I111088046
A5014370955,I15517640
A5073678932,I93320256
A5060972706,I1321014770
A5073425319,I168719708
A5083275560,I129604602
A5059192402,I79891267
A5029745850,I19923696
A5086617771,I19923696
A5058135087,I32592955
A5069775408,I255234318
A5044062929,I4654613
A5032139438,I87097829
A5012096611,I3122695212
A5042875545,I3122695212
A5066237365,I36258959
A5050205557,I157725225
A5088817604,I33434090
A5010248533,I1174212
A5048906141,I74973139
A5050342525,I95457486
A5037697344,I27837315
A5041383246,I145311948
A5069193029,I223532165
A5071296935,I130701444
A5049231295,I8078737
A5084684313,I131249849
A5032562243,I186143895
A5077367921,I1174212
A5002511102,I125839683
A5052327236,I172675005
A5054865304,I59411706
A5039368667,I51601045
A5020893740,I64663401
A5068959831,I21250087
A5035651349,I4210088322
A5090819693,I169381384
A5014088092,I3132279224
A5086499806,I5023651
A5018809288,I108403487
A5064830080,I179093154
A5019559482,I47508984
A5020679005,I28290843
A5029695395,I47508984
A5033366097,I71824836
A5088737112,I71675930
A5023624578,I1290206253
A5052940722,I32625721
A5026590666,I76130692
A5081784013,I62916508
A5076518905,I62916508
A5011288866,I62916508
A5015168828,I62916508
A5055029056,I172675005
A5005744892,I4210160287
A5057794930,I4210091642
A5040136820,I4210115519
A5066684090,I4210167018
A5032787307,I145894827
A5022977818,I4210111500
A5076255987,I4210111500
A5043670176,I39063666
A5046098033,I39063666
A5045809433,I39063666
A5048247068,I39063666
A5073346538,I61641377
A5032995335,I61641377
A5019155460,I36258959
A5009958418,I110757952
A5081458703,I110757952
A5029413905,I25217355
A5010609038,I4210101176
A5070617834,I17866349
A5064834866,I60158472
A5028605138,I60158472
A5081909889,I28022161
A5090198147,I29891158
A5056618593,I165932596
A5020769867,I165932596
A5006580822,I165932596
A5060675384,I98702875
A5069696839,I102516824
A5042327650,I3130807960
A5066130528,I24027795
A5080269427,I24027795
A5038514283,I157696592
A5021226854,I102913810
A5007809905,I82724352
A5027063601,I51569856
A5042006491,I68368234
A5072568988,I62916508
A5048940719,I62916508
A5028572624,I35440088
A5043917822,I141945490
A5083186192,I122274158
A5049128033,I13955877
A5090303125,I13955877
A5000893315,I67415387
A5049606008,I67415387
A5078385889,I204983213
A5004565086,I4210116924
A5028079160,I28290843
A5071227510,I28290843
A5044490167,I28290843
A5049225160,I1326498283
A5018663904,I1326498283
A5053476692,I822440
A5015611475,I125749732
A5044129236,I114395901
A5015129861,I51826884
A5058678073,I100296615
A5089651010,I145847075
A5060094648,I4654613
A5055300903,I39694355
A5052226311,I154570441
A5016611250,I22465464
A5061448936,I179161674
A5077890878,I2799352476
A5018556916,I56590836
A5033622150,I250757736
A5056776038,I154130895
A5067743538,I1310145890
A5062747197,I1309849503
A5056296476,I19820366
A5029442409,I66867065
A5081957575,I119664326
A5070898273,I4210096398
A5091063664,I11983389
A5052998135,I196486160
A5085835894,I68891433
A5024148539,I68891433
A5046190658,I39586589
A5005846844,I5561750
A5019906616,I110200422
A5054182560,I175532246
A5003904999,I129604602
A5086085795,I863896202
A5049986671,I2802928900
A5011206838,I4210109712
A5071006566,I79576946
A5043872748,I4210109712
A5000620878,I20581793
A5058240042,I4210164862
A5022116002,I4210164862
A5049402680,I4210164862
A5008926581,I102502594
A5006184530,I33213144
A5057569553,I76569877
A5079673409,I4210117220
A5076270155,I87547150
A5012703845,I169521973
A5021145070,I145894827
A5011009931,I3125347698
A5059803186,I3125347698
A5032965630,I87650153
A5063459196,I6750721
A5007348120,I6750721
A5024996300,I52357470
A5035388566,I27837315
A5067610354,I181233156
A5019335128,I3132087064
A5016082545,I193181351
A5004660453,I3132087064
A5079739010,I97750245
A5069324527,I97750245
A5037823412,I4210145899
A5043378483,I4210116723
A5059698359,I11123151
A5021369488,I4068193
A5064219307,I4068193
A5018289828,I170253739
A5060759028,I4210094297
A5033139813,I36258959
A5016139627,I4210094297
A5082706216,I4210099749
A5053881527,I31512782
A5015929028,I2699952
A5047113585,I31512782
A5035866142,I130828816
A5088723765,I196699116
A5001297995,I20529979
A5016825334,I146399215
A5027432011,I40120149
A5052731721,I31746571
A5027710558,I31746571
A5000893315,I67415387
A5008111431,I32597200
A5021949996,I32597200
A5055326890,I32597200
A5089467132,I32597200
A5061051545,I32597200
A5001314520,I32597200
A5051784384,I32597200
A5081489339,I79510175
A5089332324,I63072094
A5057542856,I94624287
A5047812798,I94624287
A5015734523,I4210101327
A5088696952,I4210101327
A5072229733,I4210101327
A5049041437,I4210101327
A5053595098,I1330665745
A5001740984,I118501908
A5006713963,I118501908
A5079992660,I118501908
A5077872101,I16835326
A5071635853,I1343180700
A5031765586,I16733864
A5091290326,I47508984
A5055489209,I155837530
A5047652595,I6498739
A5085924003,I98365261
A5031442575,I180825142
A5070533996,I98358874
A5050745579,I143804889
A5072934668,I4210138135
A5045670674,I168635309
A5087987376,I154130895
A5008191922,I27837315
A5077328267,I141945490
A5048375359,I56590836
A5067840437,I114090438
A5058774217,I5444425
A5060291820,I114395901
A5069068878,I170239107
A5025097632,I45438204
A5044217809,I4210164862
A5085924325,I113456305
A5059460348,I111088046
A5091288250,I103390050
A5053338117,I2800403580
A5085428364,I9300472
A5022590563,I79891267
A5037179493,I177725633
A5059159928,I74973139
A5073846453,I1321296531
A5039264502,I27639287
A5066888888,I27639287
A5070191750,I4575257
A5060921040,I4210164862
A5060596453,I4210164862
A5070745825,I121797337
A5081860562,I168864056
A5052240751,I887054487
A5066521241,I22299242
A5076239112,I22299242
A5043222605,I99490713
A5081036659,I92403157
A5031762854,I99065089
A5089042848,I168719708
A5020822497,I88467170
A5003238722,I99065089
A5021591252,I178232147
A5039745529,I102134673
A5075740003,I98389781
A5047033264,I42014448
A5066130528,I24027795
A5040323322,I92403157
A5087825639,I4210094879
A5050500595,I92403157
A5035114603,I119635470
A5085030338,I126596746
A5039627791,I193223587
A5036297916,I4210094675
A5043820740,I153718931
A5008348191,I153718931
A5040391431,I67415387
A5037231681,I82951845
A5007500988,I82951845
A5033883733,I1303474014
A5067434821,I3129906510
A5055326119,I24027795
A5024463145,I24027795
A5038798689,I39333907
A5053413465,I39333907
A5040594814,I39333907
A5006705415,I183067930
A5067900602,I97009856
A5013219172,I9224756
A5051741024,I99464096
A5078644151,I4210087817
A5064693902,I4210087817
A5064821404,I4210087817
A5065624271,I6030618
A5060169206,I4210134673
A5086846102,I76198965
A5015144461,I139894009
A5065817999,I18014758
A5078655936,I4210150370
A5038634610,I179311214
A5065472011,I155660961
A5001853454,I179311214
A5081786269,I179311214
A5077089622,I179311214
A5034248834,I39586589
A5085074493,I158842170
A5000865491,I99412970
A5060252891,I185523456
A5091350284,I172675005
A5081589852,I216286881
A5007171832,I92403157
A5063368737,I82880672
A5067680521,I122346577
A5005916659,I194019607
A5006664659,I122346577
A5001091619,I4210156054
A5019533639,I1334415907
A5045748246,I127255534
A5000580267,I8977528
A5050419536,I8977528
A5073520045,I47720641
A5070424516,I47720641
A5071931582,I2252078561
A5022840676,I118892805
A5078729568,I86122600
A5064937361,I887968799
A5076073427,I71052956
A5012543243,I3133055985
A5014413697,I51601045
A5019693703,I110675161
A5016258462,I1290206253
A5033986386,I98285908
A5076890403,I73613424
A5068195954,I135598925
A5045819127,I75917431
A5009430788,I57930482
A5025996185,I57930482
A5059276420,I55143463
A5001417775,I135310074
A5002456113,I168719708
A5048102462,I130828816
A5030370971,I80606768
A5023539329,I130701444
A5038825611,I130701444
A5000893315,I67415387
A5021015886,I67031392
A5036734067,I67415387
A5033632230,I4210101898
A5037199084,I876193797
A5056408999,I205490536
A5052442286,I4210115480
A5035065085,I4210115480
A5049723273,I158842170
A5077483649,I158842170
A5089489798,I158842170
A5004758745,I149672521
A5072189850,I891191580
A5053926423,I149672521
A5047988825,I33213144
A5024330637,I199417121
A5055724940,I60419261
A5089051829,I155781252
A5063089732,I32971472
A5018086865,I165143802
A5056120976,I166928557
A5031109686,I166928557
A5017534262,I2800173700
A5061143931,I865915315
A5010249054,I865915315
A5067248258,I60053951
A5063976769,I168974976
A5084420184,I2801239119
A5072025025,I2801239119
A5029912524,I74973139
A5058427055,I121980950
A5072471679,I1306409833
A5061041118,I74775410
A5051776087,I27837315
A5015773823,I43439940
A5056461537,I165690674
A5067298498,I4210132203
A5000846525,I169541294
A5056651394,I200763008
A5024687679,I200763008
A5044083224,I135310074
A5012870568,I95457486
A5058251552,I110166357
A5005081662,I36258959
A5052782939,I4210122744
A5085856054,I4210122744
A5007341331,I205703379
A5080836593,I16391192
A5006710481,I94722563
A5064235058,I16391192
A5062268595,I8961855
A5050718141,I8961855
A5033773480,I8961855
A5078633907,I8961855
A5087995658,I8961855
A5005585461,I26538001
A5010357390,I116953780
A5055987663,I116953780
A5021958904,I124261462
A5045569119,I59411706
A5069154267,I4210145708
A5007155759,I530967
A5036137202,I93396115
A5006247402,I48379061
A5025698353,I176861719
A5084828937,I157417397
A5000093016,I21491767
A5011193598,I193223587
A5050141762,I193223587
A5078959213,I114724429
A5073239212,I159389169
A5032586510,I50760025
A5080882119,I67357951
A5001408456,I115715567
A5039114708,I67357951
A5059019660,I4210111909
A5076087744,I178535277
A5059040421,I114017466
A5055762132,I114017466
A5008749412,I48566637
A5044129236,I114395901
A5046472188,I4210165038
A5054581392,I27765905
A5036184500,I1336910626
A5018251081,I1118541
A5048991827,I191972202
A5031951532,I164861460
A5061259545,I4210132604
A5029914254,I205703379
A5031928873,I165799507
A5056256429,I13955877
A5090303125,I13955877
A5080440807,I95457486
A5027965041,I135310074
A5034366344,I859038795
A5014998669,I859038795
A5084213178,I78577930
A5069927794,I193662353
A5043258522,I184999862
A5030773387,I184999862
A5018252940,I197251160
A5054060194,I145311948
A5042805707,I86519309
A5077953037,I141945490
A5064633247,I4405392
A5020836373,I241749
A5001898958,I241749
A5018876311,I241749
A5089905348,I57206974
A5042646187,I130343225
A5023095716,I170897317
A5010833372,I170897317
A5065297366,I189158943
A5073589234,I102335020
A5061578813,I40120149
A5025331881,I66809481
A5082653655,I66809481
A5071532539,I4210091777
A5042338229,I43439940
A5024916657,I160993911
A5057236809,I160993911
A5030503109,I98677209
A5077974517,I91136226
A5089894318,I147699246
A5089921353,I4210138323
A5063200309,I198089087
A5012199683,I94509681
A5026639060,I111088046
A5052817033,I170239107
A5042277242,I180923762
A5002880106,I4210131180
A5047222739,I4210090724
A5012374633,I176453806
A5035310641,I91136226
A5036384310,I91136226
A5001616788,I4210115485
A5001969781,I39422238
A5086829278,I66514158
A5042286369,I148178115
A5018871735,I52357470
A5062428729,I166337079
A5029968032,I170215575
A5061253990,I170215575
A5033200783,I170215575
A5024483459,I4210104252
A5014547271,I119004910
A5036763862,I192756129
A5048831718,I4210122310
A5002216594,I1339579626
A5028128671,I44852757
A5041435494,I52977244
A5068072924,I138006243
A5084015848,I4210117220
A5008622179,I143302722
A5085724874,I71052956
A5090988827,I4210107233
A5065315909,I143302722
A5078348621,I193700539
A5089226693,I103635307
A5030571651,I62916508
A5033513648,I86987016
A5011290120,I118118575
A5076826398,I6289922
A5044556342,I184597095
A5020328989,I102322142
A5048713792,I102322142
A5015419380,I102322142
A5044868045,I4210117220
A5038480602,I865915315
A5047196657,I193531525
A5021809690,I114027177
A5000937401,I114027177
A5025877936,I2801851002
A5025051687,I161318765
A5072587042,I161318765
A5031484166,I4210165912
A5051468325,I4210165912
A5070848718,I4210165912
A5051235308,I4210165912
A5053217373,I24603500
A5052519095,I126596746
A5024123067,I198012923
A5052571923,I135310074
A5002821905,I170486558
A5075720299,I170979836
A5070182534,I165779595
A5070383646,I98358874
A5057282687,I24185976
A5025987638,I126520041
A5018474051,I55712492
A5088791566,I159948400
A5036087185,I32589535
A5071019230,I205835726
A5056798292,I132359460
A5024835047,I132359460
A5079293684,I37987034
A5054214970,I37987034
A5064529820,I2801841909
A5013182705,I118347636
A5000163896,I1850255
A5031278336,I891191580
A5043080973,I4210149655
A5077879451,I161593684
A5000700306,I130343225
A5005012613,I161593684
A5064077634,I97018004
A5041273484,I25757504
A5055069190,I1290206253
A5065423139,I19908199
A5012518928,I57206974
A5053898210,I71422933
A5035355100,I181565077
A5000856953,I4210105737
A5052840306,I1320404931
A5082955124,I1320404931
A5033693858,I904495901
A5085060723,I139264467
A5088952968,I123900574
A5034663047,I130769515
A5050087146,I169381384
A5008199122,I40347166
A5032467047,I181401687
A5065525613,I183638586
A5026361868,I99043593
A5006238145,I76130692
A5014150958,I168719708
A5070689971,I35364215
A5048848307,I177877127
A5017213156,I177877127
A5020514606,I177877127
A5009750573,I177877127
A5077953037,I141945490
A5028919793,I4210123985
A5059375615,I79619799
A5050085003,I17301866
A5049100391,I4210128818
A5052003560,I1327163397
A5061181545,I180825142
A5005815334,I4210157858
A5034279244,I44563897
A5015489617,I865915315
A5001738258,I200284239
A5068851817,I28006308
A5072641170,I134113660
A5043380578,I134113660
A5076595826,I134113660
A5077137296,I134113660
A5024717956,I74796645
A5022659812,I134113660
A5087718805,I165862685
A5027942291,I100532134
A5062585774,I14243506
A5006834833,I16733864
A5010562729,I25846049
A5024010395,I77501641
A5083449995,I4210136087
A5059081790,I158012942
A5012120519,I76130692
A5004135399,I99065089
A5088817813,I142263535
A5008209934,I1340918713
A5065797206,I126460647
A5032073050,I2801333002
A5038912417,I60559429
A5043680165,I161318765
A5064747944,I121797337
A5066062789,I121797337
A5017997662,I40527276
A5051753781,I40527276
A5070470270,I891191580
A5072886993,I891191580
A5058948943,I891191580
A5034738514,I4577782
A5013698523,I136259955
A5072744508,I74801974
A5016407219,I36788626
A5047787744,I185492890
A5035627933,I32597200
A5074815650,I20121455
A5070868769,I592451
A5083150749,I60858718
A5087861219,I165779595
A5022581623,I106969075
A5021679744,I8606887
A5070680556,I91807558
A5042087981,I102134673
A5069875065,I187531555
A5025978995,I184886455
A5050720523,I28407311
A5033802529,I201448701
A5072252688,I1311060795
A5037704684,I177909021
A5016387967,I17974374
A5090816690,I17974374
A5041145702,I177909021
A5059349806,I887064364
A5005136840,I145872427
A5022781127,I223822909
A5024815120,I70931966
A5005922530,I39804081
A5014706265,I17442442
A5046941095,I43439940
A5040391431,I98461037
A5084924744,I28290843
A5047567173,I204250578
A5055814180,I204250578
A5048552375,I1289243028
A5032231503,I1282105669
A5063652162,I4210147622
A5087470453,I1343871089
A5038437071,I200870766
A5007255618,I200870766
A5063760399,I200870766
A5025917688,I200870766
A5021084634,I32062511
A5044242329,I9617848
A5051254575,I8165072
A5033071660,I118315836
A5069255366,I4210120485
A5061536058,I92403157
A5001713925,I55215948
A5005417132,I64189192
A5017638706,I18014758
A5005404030,I35440088
A5016135987,I76903346
A5045740283,I119004910
A5057307167,I125839683
A5031895959,I4210144479
A5016798703,I4210144479
A5059925222,I4210144479
A5065553523,I4210095660
A5059698576,I88060688
A5016736772,I118091203
A5081349938,I118091203
A5005059260,I4210121350
A5045700177,I4210121350
A5082617377,I108468826
A5053795584,I108468826
A5085427211,I108468826
A5004181940,I4210156583
A5039019347,I1292875679
A5090842450,I142476485
A5089303042,I4210105651
A5002913065,I45084792
A5040301558,I130701444
A5015440501,I130701444
A5017065683,I54009628
A5001800500,I130828816
A5088457398,I35364215
A5056135811,I141596103
A5001428487,I880766802
A5035417484,I12379730
A5068447696,I91044093
A5028605138,I60158472
A5021788449,I5023651
A5012221966,I27837315
A5008196853,I125467818
A5032787307,I145894827
A5006312325,I145894827
A5064908609,I145894827
A5050431536,I68368234
A5084589881,I45084792
A5002135733,I51532219
A5067743538,I1310145890
A5055996291,I76903346
A5022771914,I4210089617
A5051314400,I4210089617
A5080926469,I4210089617
A5002232506,I4210145784
A5004785656,I52357470
A5054436417,I4210091029
A5081132655,I102134673
A5033355107,I82880672
A5085607757,I96733725
A5005847333,I17145004
A5061379171,I60158472
A5007428307,I4210156759
A5047431609,I21370196
A5017619650,I223532165
A5061607174,I87216513
A5070988360,I87216513
A5045797802,I1306601404
A5052803333,I4210085887
A5034647327,I4210085887
A5064914434,I4210085887
A5086633120,I4210085887
A5002146004,I162346809
A5024959395,I2801841909
A5033037866,I111112146
A5000766463,I6498739
A5059964264,I162148367
A5065352983,I18014758
A5017220106,I241749
A5063307080,I98285908
A5071084962,I102134673
A5004790787,I26604189
A5037387407,I4210123919
A5021609168,I4921948
A5029042665,I113940042
A5003500454,I4921948
A5019730263,I37796252
A5085147057,I11923345
A5063239904,I43439940
A5087059077,I4210155549
A5057331261,I4210119856
A5058816575,I5728261
A5013025849,I154757721
A5013635993,I147962203
A5041338608,I178535277
A5041330697,I75390827
A5049560739,I20231570
A5007202295,I9842412
A5080014014,I92403157
A5074109337,I99065089
A5084035589,I4210142254
A5089758511,I4210142254
A5054103414,I165799507
A5017137055,I14243506
A5017343541,I27483092
A5019071696,I176453806
A5059789320,I176453806
A5087567209,I50357001
A5020180533,I50357001
A5079529855,I25355098
A5059638694,I72951846
A5045182133,I94624287
A5014530665,I119888943
A5078219606,I102322142
A5018237224,I141568987
A5022295744,I51716468
A5042237070,I134085113
A5032077769,I161046081
A5034290462,I126307644
A5017283339,I46597724
A5079087277,I4210100283
A5057426644,I4210100283
A5015200121,I1303474014
A5028418850,I45129253
A5006670993,I190497903
A5067908150,I4210119061
A5026457502,I154570441
A5038329998,I172675005
A5056442083,I172675005
A5087906790,I4210096308
A5077476379,I9617848
A5003462506,I4210166865
A5059268103,I861853513
A5000146915,I4210166865
A5005538846,I39063666
A5090783742,I169541294
A5040082909,I88060688
A5012738272,I3125743391
A5015354859,I2801227569
A5042993096,I115715567
A5049986549,I151903974
A5032060676,I4210106479
A5032150969,I4210106479
A5005307040,I4210106479
A5048361904,I4210103279
A5065100828,I132153292
A5051782396,I31528381
A5089589491,I31528381
A5049367654,I83019370
A5050970535,I31512782
A5000542434,I188538660
A5032168348,I161127581
A5087925546,I86987016
A5049308431,I98677209
A5045098894,I157485424
A5051618450,I244572783
A5032706099,I3130511786
A5036792516,I205640436
A5000355426,I64956957
A5077074252,I166416128
A5036683370,I24603500
A5033422078,I168893459
A5037843564,I206895457
A5014088772,I63966007
A5051512822,I56590836
A5034657358,I202276237
A5064355276,I25485817
A5043499130,I145847075
A5083435816,I4210167190
A5054717936,I205783295
A5059317886,I59553526
A5012799323,I67900169
A5018819214,I196829312
A5081179020,I4210087407
A5080279749,I114457229
A5038100799,I204553293
A5030517819,I142415962
A5069590205,I4210162190
A5059227346,I204553293
A5068664074,I4210162190
A5056217038,I204553293
A5084865620,I66752286
A5051886815,I96733725
A5090632526,I4068193
A5037506373,I45204951
A5015789964,I24830596
A5051940611,I162714631
A5047382437,I84218800
A5082832007,I99041443
A5047725314,I162714631
A5073341075,I55732556
A5074371899,I55732556
A5027196976,I9360294
A5056262479,I9360294
A5007029060,I87216513
A5084679040,I99065089
A5045286703,I88189429
A5034823602,I119664326
A5005746244,I73417466
A5014139163,I23923803
A5010279125,I160856358
A5075051974,I1343871089
A5029281241,I51556381
A5048145278,I1308548392
A5087470453,I1308548392
A5053661846,I33308869
A5028538506,I1323276237
A5062556210,I169521973
A5006855775,I184942183
A5088889627,I174878644
A5084613538,I174878644
A5063054763,I174878644
A5009199280,I913481162
A5029584957,I41156924
A5029127674,I4210140958
A5077914755,I223532165
A5050150088,I4210134943
A5060995156,I86519309
A5071941451,I2801851002
A5010399238,I4210108719
A5012703845,I169521973
A5076780054,I4210126846
A5046224413,I4210126846
A5070622144,I68368234
A5081866316,I4210111875
A5076436751,I4210111875
A5023518835,I83041322
A5057579567,I4210113003
A5038053428,I130828816
A5090916324,I157591606
A5015466370,I79891267
A5051362804,I141641110
A5014128981,I141641110
A5072071553,I165951966
A5089607178,I102134673
A5051508511,I4210100046
A5080181390,I32597200
A5076508187,I4210100046
A5017560763,I32597200
A5069466172,I922237871
A5009771549,I145872427
A5009667479,I4210162168
A5071257904,I204250578
A5074506453,I4210127327
A5036701781,I4210127327
A5064339565,I161165907
A5086489064,I102134673
A5056512425,I4210106479
A5033449241,I170239107
A5075930827,I83558840
A5055416007,I170239107
A5046153744,I165556055
A5036511259,I150744194
A5003674186,I4210126197
A5044821240,I35440088
A5031013029,I165779595
A5047241375,I98285908
A5016115576,I154130895
A5003347359,I180726961
A5046294611,I51158804
A5066162700,I207073550
A5000355675,I17301866
A5050680939,I21370196
A5061154995,I184597095
A5084500643,I2738703131
A5035496450,I86501945
A5061118449,I41870
A5064472777,I168719708
A5069072807,I123534392
A5035536258,I368840534
A5036405267,I35928602
A5066297980,I100066346
A5054083146,I138164181
A5016632535,I118564535
A5004326276,I2800048442
A5010814462,I202963720
A5001309771,I1342911587
A5021688917,I1342911587
A5017704096,I27577105
A5049986671,I4210091119
A5051056050,I2802928900
A5064002639,I4210163794
A5027156159,I4210163794
A5039480864,I67415387
A5016380950,I63072094
A5016214321,I522815984
A5044706022,I177605424
A5035604098,I4210117220
A5011208990,I44925452
A5074074791,I4210128676
A5026789951,I43439940
A5015129790,I197274945
A5068905728,I197274945
A5083621117,I197274945
A5043794259,I5124864
A5067771039,I5124864
A5088211841,I5124864
A5046940335,I170979836
A5040232003,I159129438
A5056141272,I123387679
A5053700476,I4210119109
A5047894197,I4210087851
A5021099747,I202524275
A5059746962,I173012211
A5081832457,I55732556
A5064208829,I4210114212
A5044695992,I200576644
A5068787013,I4210095297
A5062128948,I4210136160
A5001755544,I4210136160
A5052976346,I2801333002
A5019016245,I185261750
A5012701585,I185261750
A5045809433,I39063666
A5065327980,I135310074
A5041486421,I169381384
A5069043950,I150312865
A5061520245,I36893310
A5002407510,I4322298
A5048119697,I99682543
A5057994995,I177969490
A5005028714,I162714631
A5091038046,I99464096
A5072152949,I2801227569
A5087334854,I99464096
A5077105620,I4210109156
A5007989062,I530967
A5088553678,I170201317
A5029643590,I191240316
A5087469578,I191240316
A5081653507,I191240316
A5085822620,I188703460
A5021741190,I592451
A5086834753,I63190737
A5046327941,I138006243
A5068366252,I121934306
A5053594805,I102322142
A5034657358,I4092182
A5064355276,I4210167190
A5043499130,I145847075
A5083435816,I4210167190
A5076838978,I4210143998
A5076419208,I195740183
A5067017529,I195740183
A5084154943,I195740183
A5078535021,I79817857
A5069322561,I45084792
A5008787905,I87216513
A5049422969,I137902535
A5009324770,I14243506
A5011357293,I162868743
A5071092440,I204337017
A5053354039,I160993911
A5062575571,I146461966
A5016244048,I196829312
A5059505353,I95674353
A5003864635,I887064364
A5067934930,I4210113003
A5080291510,I4210113003
A5009311799,I11701301
A5045503480,I70983195
A5073880065,I202697423
A5038237158,I42934936
A5077865215,I4210110242
A5062603804,I165932596
A5069275810,I120156002
A5051639778,I60587646
A5025307084,I87354575
A5075878748,I245364917
A5003799782,I154425047
A5090973753,I138898306
A5058051179,I896114043
A5082419153,I859038795
A5086723654,I4210118730
A5076628907,I4210118730
A5012275958,I4210118730
A5090320352,I4210118730
A5001301383,I4210126868
A5081988111,I165525304
A5041908906,I31746571
A5064715052,I154570441
A5082028602,I4210164233
A5066168365,I2914622271
A5006440045,I302410947
A5025686476,I99464096
A5063203268,I68581759
A5082935992,I154570441
A5026686113,I4210166017
A5021724057,I4210116875
A5014463806,I94626330
A5066932450,I4210089509
A5091438547,I62916508
A5016923663,I4210095242
A5088389954,I98358874
A5031572202,I3129975082
A5080435987,I3129975082
A5045707834,I170897317
A5023788914,I84884186
A5068110218,I111483173
A5037175476,I92446798
A5030159286,I118347636
A5045032489,I27357992
A5039819154,I80143920
A5031555166,I155173764
A5048579847,I74656192
A5041951909,I98677209
A5046608587,I165779595
A5034204425,I4210087136
A5012156289,I4210087136
A5052745577,I16835326
A5041147074,I162714631
A5036326453,I76835614
A5022649669,I4210101327
A5062345880,I89455037
A5069963289,I200432940
A5046980164,I79620101
A5032439452,I182627622
A5064156499,I4210157548
A5046588386,I63966007
A5088006732,I52099693
A5017233630,I4210130445
A5005096130,I4210143253
A5062704227,I52099693
A5088096263,I82724352
A5084180560,I146399215
A5056327046,I98298690
A5040700878,I146399215
A5032202052,I1283103587
A5001788144,I174025329
A5081751699,I4210097418
A5007994353,I4210115519
A5037910592,I909854389
A5050451604,I34771391
A5050399847,I4210121626
A5003896730,I4210149021
A5053205646,I2801952686
A5041526805,I2802928900
A5016111265,I4210107233
A5086682030,I240344557
A5014140235,I99464096
A5044434024,I102134673
A5047191996,I1292875679
A5068239690,I63634437
A5070226189,I4210095051
A5020474429,I57093077
A5076576641,I57093077
A5005228053,I114017466
A5034348483,I57093077
A5051406984,I114017466
A5026295377,I23874457
A5047208473,I56590836
A5020493508,I102134673
A5081510302,I69072986
A5083732517,I7863295
A5070841724,I4210129810
A5057100747,I4210138592
A5019148232,I110002522
A5008835229,I158949172
A5065311952,I158949172
A5047622238,I158949172
A5012622155,I124227911
A5041873075,I206777745
A5091711243,I24185976
A5001971648,I4210120717
A5030087124,I103406327
A5048899939,I4210110242
A5084431277,I3130035786
A5050308357,I141596103
A5028648657,I141596103
A5067608608,I86519309
A5089934056,I4210151758
A5084826813,I9617848
A5077267552,I57206974
A5044566270,I880766802
A5062167852,I174167972
A5080048573,I5023651
A5064160495,I4210162168
A5061061546,I4210128676
A5055210685,I102134673
A5049583553,I4210116758
A5029479248,I99464096
A5051531853,I4210139483
A5062428729,I166337079
A5024740669,I4210095457
A5072435341,I2972652528
A5019597653,I154338468
A5047536846,I2972652528
A5012156289,I4210087136
A5019789320,I185492890
A5076120553,I154130895
A5038816870,I134694890
A5038254582,I91712215
A5030657709,I171892758
A5086489846,I4210100283
A5037096002,I4210118258
A5018311859,I4210152518
A5069890042,I4210142348
A5051743487,I83259278
A5053745515,I154425047
A5073278035,I83259278
A5032449102,I83259278
A5015676987,I11983389
A5035432679,I97018004
A5029674397,I135310074
A5026590666,I76130692
A5086542918,I4210165912
A5019971124,I4210165912
A5074260760,I891191580
A5037350907,I149910238
A5009633977,I116953780
A5039377622,I863896202
A5012359252,I932239252
A5009211375,I161046081
A5041024203,I122964287
A5055732608,I102134673
A5005504727,I130828816
A5055882886,I142910587
A5045447396,I4210115485
A5042164206,I113508548
A5046409551,I102134673
A5029063875,I1329325741
A5014673075,I172446870
A5080075106,I1329325741
A5023171177,I4210150171
A5063829545,I35839044
A5084269811,I49278261
A5086175214,I6498739
A5006861461,I4210134997
A5048054957,I4210087295
A5027656404,I4210136402
A5038811224,I4210136402
A5039504792,I1291425158
A5040883056,I4210117785
A5087523543,I3019848993
A5002791096,I34771391
A5035433556,I102134673
A5008359376,I74776132
A5009693719,I60587646
A5067333473,I4210156312
A5072493587,I60587646
A5075820550,I165779595
A5002723662,I66752286
A5086031723,I60858718
A5065682719,I592451
A5074735450,I4210119410
A5039296097,I119004910
A5091624917,I119004910
A5050794175,I119004910
A5031973142,I119004910
A5082092061,I119004910
A5017783286,I37696226
A5091825389,I102134673
A5070510377,I206945453
A5038745720,I206945453
A5057153992,I161548249
A5038228433,I157066012
A5075881050,I4210155092
A5032584936,I44504214
A5059388034,I44504214
A5048821808,I4210104059
A5054836950,I82951845
A5076086712,I52207611
A5081933546,I185163786
A5054012901,I82951845
A5090934117,I1326498283
A5083806955,I204465549
A5066309467,I4210126640
A5029004019,I4210088668
A5025664310,I79510175
A5061267204,I130194489
A5083307694,I36234482
A5002722147,I174306211
A5032097813,I2801301638
A5027930053,I4210142539
A5073609666,I4210142539
A5065912071,I39586589
A5040144876,I4210142539
A5084838391,I4210142539
A5060839136,I44504214
A5078662697,I121345201
A5089994873,I121345201
A5016238730,I186995768
A5074424402,I861853513
A5005401455,I138549579
A5039383474,I223822909
A5086756229,I686019
A5031515386,I686019
A5043968381,I686019
A5023197969,I686019
A5060257108,I139024713
A5063979916,I4210112150
A5085022758,I4210129579
A5038228433,I2799803557
A5076464455,I68368234
A5082786719,I4210094879
A5025170442,I4210099338
A5014923315,I2801613365
A5057369600,I174878644
A5037887671,I3129336391
A5017137122,I76130692
A5035695000,I28221208
A5082879481,I205783295
A5045643150,I1290206253
A5069371064,I4210105042
A5047143042,I4210105042
A5070125836,I45756140
A5084754913,I530967
A5036738140,I4210130905
A5086298554,I188760350
A5064660738,I530967
A5026253873,I165735259
A5046056268,I15009632
A5027067436,I1850255
A5065228901,I4432739
A5026255242,I200650556
A5090881698,I881766915
A5090195152,I241749
A5079304625,I47508984
A5016488397,I47720641
A5005337570,I3129553732
A5035695000,I28221208
A5037913256,I173304897
A5041813158,I4210120555
A5041389182,I160993911
A5057313323,I82951845
A5055170991,I3019441195
A5029857529,I2800173700
A5046476267,I116953780
A5016204649,I116953780
A5036228775,I153718931
A5074164532,I153718931
A5036405267,I35928602
A5016742319,I2802236040
A5041504603,I4210162662
A5031424417,I129604602
A5062341746,I206945453
A5059439673,I8204097
A5027441338,I185443292
A5085709286,I116067653
A5043108758,I4210162062
A5072322964,I116067653
A5019071696,I176453806
A5059789320,I176453806
A5078205498,I43480833
A5077662377,I26999989
A5065332583,I26805570
A5004183276,I43480833
A5075715324,I197572798
A5030483392,I86725329
A5010478919,I204250578
A5038452656,I4210164937
A5055576104,I57206974
A5003819403,I57206974
A5005072193,I99065089
A5016488771,I66946132
A5027352850,I897549280
A5018489699,I183935753
A5034154377,I1308906816
A5046881273,I111088046
A5058701648,I141596103
A5053421619,I124227911
A5030785658,I182534213
A5038134940,I94624287
A5068862331,I196355604
A5039106106,I196355604
A5084384951,I4210090912
A5041121124,I2801613365
A5032201822,I75256744
A5037963323,I93860229
A5015891605,I123387679
A5053489712,I27837315
A5053561890,I158842170
A5033055511,I158842170
A5040242807,I158842170
A5024058808,I5681781
A5024909557,I269685040
A5014677580,I141596103
A5008043360,I28257850
A5072667046,I170215575
A5043446520,I170215575
A5081854836,I102064193
A5078127997,I39422238
A5089999978,I14243506
A5024574294,I24648388
A5062152363,I4210105908
A5031405372,I2801619622
A5014936252,I161318765
A5021827617,I36258959
A5081541767,I2801851002
A5012644755,I157485424
A5018655903,I4210165339
A5046605612,I172675005
A5046685617,I82880672
A5063550211,I165932596
A5026685411,I165932596
A5017945055,I178232147
A5071297288,I4210112150
A5049580392,I74788687
A5046653466,I9360294
A5030966496,I36234482
A5068846810,I36020712
A5068150910,I60053951
A5006722575,I158333966
A5091390489,I70348806
A5079216025,I165779595
A5079337546,I861853513
A5030112128,I4210117005
A5047583756,I173063890
A5083502978,I173063890
A5049264037,I4210099416
A5021558563,I290598920
A5010221865,I2801119739
A5049172904,I2801119739
A5090006996,I900890020
A5087687861,I430192
A5071274975,I211070993
A5063154944,I24768866
A5015514948,I200650556
A5069979525,I4577782
A5057153302,I146399215
A5082740280,I4210088687
A5083875852,I4210108118
A5019913562,I241749
A5045365746,I219193219
A5078716166,I4210138624
A5052018441,I63098007
A5046532358,I141595442
A5088796666,I4210089617
A5055916038,I4210110792
A5039793075,I4210117005
A5017375713,I174306211
A5086062922,I93860229
A5089174118,I223464139
A5031334842,I157943965
A5029020038,I16391192
A5079293684,I14894300
A5001312896,I37987034
A5087689086,I37987034
A5060108348,I4210165736
A5073008404,I112862951
A5061249763,I4210117005
A5053183805,I4210101123
A5089492666,I1289461252
A5070039223,I59270414
A5067146138,I2802148964
A5047662217,I69356397
A5055840642,I170726198
A5074121956,I4210124557
A5053803861,I4210124557
A5051193434,I4210110242
A5031580796,I189158943
A5087939869,I4210112559
A5030064573,I10660446
A5018783162,I96036126
A5047228466,I83019370
A5002385420,I118501908
A5050865451,I4210105350
A5083458209,I125989756
A5086336877,I118501908
A5003446912,I4210150146
A5026157285,I159176309
A5050062467,I33213144
A5091141987,I86420138
A5042576292,I57206974
A5017042977,I16292982
A5007606917,I16292982
A5060021216,I185241533
A5008411897,I174458059
A5091293032,I110360157
A5033021795,I154338468
A5047503590,I68368234
A5083056452,I130828816
A5016380950,I63072094
A5002734812,I24943067
A5045456583,I135117807
A5037816423,I874609350
A5026453313,I3006985408
A5053065124,I90965887
A5014311808,I848706
A5053239704,I126527374
A5041269918,I189210763
A5005207362,I189210763
A5082836130,I189210763
A5037694284,I189210763
A5045298378,I4575257
A5047521597,I2800187215
A5036820265,I119060216
A5057512440,I4076070
A5030710823,I880551032
A5054051440,I4210131147
A5047090755,I71578702
A5050863922,I142444530
A5042115100,I129043915
A5063897224,I32943570
A5055550697,I4210166017
A5004818798,I4210150889
A5043622802,I4210166017
A5029344441,I157485424
A5066168365,I2914622271
A5003378212,I302410947
A5082234532,I36893310
A5087600087,I172446870
A5025652541,I137469784
A5042968751,I59433898
A5039793075,I4210117005
A5062022811,I4210110792
A5022872779,I8087733
A5002007044,I40120149
A5018692762,I4210103330
A5021257434,I899635006
A5047477249,I55732556
A5074371899,I55732556
A5062027666,I74786994
A5052673631,I100066346
A5023911324,I1282311441
A5026453313,I3006985408
A5053476692,I141945490
A5015611475,I125749732
A5014057564,I2802499160
A5087026860,I34771391
A5080217489,I51101395
A5089501629,I173304897
A5048566899,I4210094304
A5084644113,I94509681
A5064427879,I17389662
A5044129236,I114395901
A5010049388,I121934306
A5000375474,I4210164937
A5034089074,I130701444
A5074768327,I130701444
A5024901904,I4210127875
A5009910914,I4210127875
A5007782265,I130701444
A5000693383,I166337079
A5062380176,I166337079
A5044149802,I166337079
A5077267552,I57206974
A5025547740,I57206974
A5022272025,I134940468
A5010392760,I134940468
A5026420819,I153551853
A5017843837,I116953780
A5069872217,I116953780
A5036734067,I67415387
A5019473133,I173911158
A5056774275,I173911158
A5004737962,I130769515
A5041502445,I1291425158
A5039500313,I157725225
A5019539533,I157725225
A5066945625,I155781252
A5026188630,I170201317
A5070306914,I156087764
A5069589954,I102322142
A5015554622,I102322142
A5090746453,I34250744
A5090099811,I20431382
A5020629788,I71302355
A5001888939,I192455969
A5044729293,I192455969
A5017874234,I192455969
A5074754590,I1291425158
A5010923592,I12912129
A5085640653,I205892228
A5091465977,I4210103826
A5002223818,I9842412
A5007551325,I9842412
A5035025031,I9842412
A5024180947,I52357470
A5042820708,I40347166
A5041748843,I197251160
A5054180832,I4577782
A5091123189,I2800016483
A5037750618,I2800016483
A5000097075,I203172682
A5023649059,I28638086
A5033023363,I200744771
A5012986483,I200650556
A5001663157,I200650556
A5077516522,I195460627
A5047233371,I1290206253
A5069354508,I1290206253
A5026109848,I1290206253
A5055132321,I1290206253
A5013853949,I204337017
A5082208331,I180519160
A5000699198,I47720641
A5061919044,I108468826
A5088094619,I47720641
A5086650097,I130701444
A5090919612,I96673099
A5057936560,I61152923
A5045004853,I197251160
A5062246198,I197251160
A5006758809,I39422238
A5022142267,I118353179
A5025248878,I122411786
A5013158304,I4210152463
A5077460655,I122411786
A5022089911,I4210135317
A5091171451,I185523456
A5029322547,I119003972
A5019317182,I861853513
A5048376958,I861853513
A5070743360,I874055015
A5078123101,I86501945
A5043433515,I1293612202
A5086597089,I63548447
A5086109964,I87653560
A5003680174,I63548447
A5022162897,I150589677
A5078350461,I63548447
A5082620134,I63548447
A5014987200,I63548447
A5003778700,I63548447
A5082638094,I150589677
A5056246453,I13469542
A5024361328,I181391015
A5049319155,I157674565
A5025337981,I157674565
A5072082268,I1324840837
A5046752980,I3133181027
A5067046312,I90965887
A5050392733,I951315
A5031640367,I951315
A5053479158,I4210094675
A5032439452,I4210124102
A5075002350,I897549280
A5064650373,I4210164937
A5049999565,I4210164937
A5054544784,I4210164937
A5065058581,I97098773
A5054026337,I97098773
A5020864045,I913958620
A5068640380,I4210164862
A5061927874,I71209653
A5002676649,I4210164862
A5067023473,I4210096134
A5063969623,I4210096134
A5058462867,I193662353
A5041151162,I1291425158
A5026788167,I141945490
A5078348621,I193700539
A5003889213,I99043593
A5074481639,I1344076864
A5057534575,I20382870
A5056983902,I63072094
A5071711311,I63072094
A5017138940,I4210152705
A5070296128,I177463362
A5082193927,I177463362
A5044345436,I118118575
A5075671918,I4210151791
A5022886322,I97018004
A5078570390,I20231570
A5064867241,I37553959
A5004090723,I176453806
A5003590196,I4210135132
A5020992691,I4210135132
A5030953392,I69737025
A5036129923,I69737025
A5058536471,I146399215
A5079543720,I135598925
A5048202050,I181647926
A5042967567,I16609230
A5086407819,I52357470
A5070798925,I99464096
A5004800558,I160993911
A5013447033,I4210116091
A5006595915,I4210116091
A5053246831,I4210118730
A5090320352,I4210118730
A5076628907,I4210118730
A5071155673,I44461941
A5059517520,I13955877
A5007551882,I4210117220
A5039346080,I150638750
A5003875445,I135140700
A5037636074,I200332995
A5075630183,I143396566
A5003254265,I55931168
A5001844250,I185261750
A5088737112,I71675930
A5021235658,I79891267
A5077937551,I4210117220
A5048486979,I63966007
A5019922169,I192396691
A5061694501,I2801333002
A5038692973,I45438204
A5011308665,I32971472
A5013881137,I153718931
A5028943536,I63772739
A5023638199,I4210115445
A5042746008,I39063666
A5086917813,I169108374
A5058974544,I193700539
A5040041217,I141641110
A5057616298,I141641110
A5034277208,I9617848
A5090016405,I4210112925
A5091193777,I92507152
A5061061546,I4210128676
A5062894420,I119942284
A5086060956,I39470171
A5055416007,I170239107
A5006490095,I195460627
A5085188232,I195460627
A5005612047,I195460627
A5004435229,I4210156266
A5084089292,I87216513
A5001072898,I78577930
A5074093929,I78577930
A5051571027,I8204097
A5054528917,I44461941
A5041199606,I4210133201
A5002571252,I4210091512
A5081114810,I108468826
A5042746008,I39063666
A5076346273,I165799507
A5005530463,I102149020
A5066888888,I170201317
A5013460936,I137902535
A5053860294,I97018004
A5041588398,I4210114266
A5041564618,I56590836
A5041874420,I241749
A5030730297,I4210095662
A5006746248,I48430043
A5032881268,I1325784139
A5009297196,I55732556
A5000669585,I55732556
A5065617837,I169645620
A5034547685,I114027177
A5089514202,I34771391
A5085867312,I63072094
A5012682692,I125904092
A5072659945,I189731429
A5007172071,I57206974
A5046574640,I1327992077
A5035904208,I129604602
A5042467582,I183935753
A5049845313,I183935753
A5091445163,I891191580
A5049216983,I161318765
A5089220913,I181647926
A5009564706,I181647926
A5074757034,I35870678
A5058183307,I4210100400
A5038183997,I154425047
A5001549651,I193700539
A5000229744,I4210164862
A5083304312,I4210164862
A5013096348,I55732556
A5026557746,I55732556
A5036218196,I55732556
A5027485931,I3019441195
A5060700933,I4210124189
A5012372361,I84884186
A5078861665,I189196454
A5005513118,I120158604
A5070560728,I94596887
A5026850687,I97188460
A5048305243,I130828816
A5017129044,I2802928900
A5059494163,I28407311
A5024476526,I4210153365
A5011562999,I4210153365
A5041655293,I97553796
A5088746380,I168719708
A5011132889,I121748325
A5079380722,I4210128771
A5091350284,I172675005
A5053505976,I59361560
A5008201587,I4210093587
A5049980825,I1291425158
A5013245112,I2252078561
A5059655101,I142606810
A5003276418,I185571130
A5006145895,I114457229
A5085088187,I2800875726
A5076766601,I204743663
A5044584294,I204743663
A5000618048,I4210112527
A5014631662,I4210112527
A5079833473,I186903577
A5089589896,I876193797
A5089302640,I184886455
A5034443098,I1331384533
A5062564633,I4210123877
A5079465943,I4577782
A5086132081,I4210118730
A5090320352,I4210118730
A5012275958,I4210118730
A5000885553,I55521800
A5079881929,I173089394
A5011508990,I56081889
A5030467047,I74899385
A5067307112,I205490536
A5023185369,I188538660
A5086274478,I63525965
A5087920354,I92446798
A5036509639,I31746571
A5040322057,I4210107233
A5048453813,I114027177
A5057625730,I91136226
A5036233252,I57206974
A5017817794,I57206974
A5074590042,I88973175
A5009699658,I4210155236
A5006840555,I4210117484
A5042394011,I76130692
A5088964037,I4210140484
A5090104266,I57206974
A5045303041,I2801333002
A5005315004,I2919942780
A5003312902,I2919942780
A5027542699,I154130895
A5043554743,I154130895
A5024036401,I71999127
A5063310531,I144852770
A5029535063,I1283026217
A5044636781,I51532219
A5069949633,I4210145896
A5026275444,I4210109224
A5085335307,I4210109224
A5008051893,I2801658355
A5085163349,I2801658355
A5074326342,I185103710
A5009257418,I170897317
A5018565944,I185641255
A5063914122,I185641255
A5085422836,I118271192
A5029639206,I3018771216
A5022212660,I61937129
A5077340927,I56007636
A5069949281,I188760350
A5058581622,I4210143601
A5065542478,I108468826
A5049106602,I202697423
A5047046643,I202697423
A5078887910,I205703379
A5068955281,I155781252
A5009359917,I169333911
A5077271345,I169333911
A5073001343,I169333911
A5064331350,I52357470
A5032993700,I4210115900
A5036607482,I155660961
A5056371786,I4210115900
A5089897150,I126307644
A5029344441,I157485424
A5054882631,I1343180700
A5051124210,I4210098480
A5085008668,I94951947
A5051522114,I94951947
A5062883576,I188884621
A5033457120,I2800249161
A5022615156,I188884621
A5027930488,I165733156
A5054285669,I60342839
A5009555575,I105925353
A5004165504,I4210164656
A5059885535,I16285277
A5050008389,I4210095633
A5032384002,I99069390
A5077028946,I865915315
A5034899973,I77501641
A5050940974,I201202376
A5008992519,I211738395
A5029486852,I4210099865
A5085624007,I4210099865
A5059386185,I38260057
A5033916270,I168537998
A5017745566,I86519309
A5051746616,I52357470
A5013823763,I27639287
A5072206499,I149460656
A5090763434,I201448701
A5022582888,I84340266
A5032821983,I1286959531
A5018920322,I1286959531
A5091763785,I129043915
A5058541397,I152899642
A5025965914,I142809039
A5055305869,I100887729
A5033064422,I115863807
A5054550312,I140172145
A5081440698,I56590836
A5080503589,I153718931
A5033166309,I61544103
A5028745514,I16292982
A5010813937,I142934699
A5086991086,I52357470
A5055783879,I162608824
A5035337020,I158842170
A5044733478,I240042149
A5031752065,I240042149
A5084142782,I150729083
A5043887593,I181565077
A5009847987,I181565077
A5070901859,I4210117220
A5043313665,I71422933
A5086268677,I129604602
A5020562078,I129604602
A5071539131,I125395653
A5041436882,I4210137222
A5021045772,I1293487830
A5025079893,I87547150
A5090935546,I88694374
A5011135250,I114616248
A5024602195,I186903577
A5007692329,I26437253
A5081510302,I69072986
A5088011202,I41156924
A5069964901,I99043593
A5046551328,I102134673
A5075601831,I168635309
A5068571624,I157725225
A5026295377,I23874457
A5011244209,I130828816
A5037088308,I59897056
A5048234263,I145894827
A5006858710,I9927081
A5083835630,I1339579626
A5018487984,I1339579626
A5072227224,I4210101327
A5072632015,I4210087843
A5084845503,I98365261
A5069613225,I36090812
A5038024192,I889458895
A5008662310,I4210090231
A5049180240,I4210160263
A5027176766,I223532165
A5046907784,I4210126868
A5075056951,I924760719
A5038271432,I40120149
A5003762688,I39422238
A5007587082,I147527907
A5000460595,I147527907
A5028574146,I147527907
A5067952740,I1327163397
A5091290326,I47508984
A5078120478,I145847075
A5056281498,I135598925
A5011377962,I165339363
A5001322159,I26538001
A5027926451,I144291393
A5079073940,I1331727996
A5021935717,I4210134534
A5075720299,I170979836
A5039234542,I4210128975
A5090967587,I88081825
A5019620378,I8961855
A5070353517,I8961855
A5003721574,I20382870
A5039974136,I1313079697
A5019155460,I36258959
A5044462684,I198488067
A5091219949,I55633929
A5014807074,I1320404931
A5082955124,I1320404931
A5000856953,I4210105737
A5027296523,I177725633
A5031423617,I121748325
A5002555209,I230495080
A5065053049,I1341640284
A5060082596,I4210112285
A5080577288,I4210103063
A5054239976,I4210100019
A5058905092,I74775410
A5004469718,I165143802
A5017984102,I102134673
A5035133890,I185163786
A5040805703,I86613570
A5083781406,I139894009
A5047970292,I139894009
A5006949802,I106165777
A5080624394,I4210089636
A5004311434,I4210089636
A5012587871,I171210897
A5019668231,I204337017
A5040733135,I1319597252
A5089384016,I4210163771
A5074060437,I98227222
A5030149703,I3017851245
A5020954487,I158012942
A5039918256,I24676775
A5030929146,I189158943
A5029342918,I57825437
A5062896251,I84218800
A5032903292,I118501908
A5063808461,I118501908
A5057562290,I118501908
A5052606001,I118501908
A5059813447,I28407311
A5046696167,I165779595
A5080202311,I110002522
A5027166029,I86519309
A5065095363,I86519309
A5004951814,I86519309
A5082978586,I143302722
A5014333753,I141596103
A5038912795,I203339264
A5056621893,I203339264
A5080624394,I203339264
A5034901180,I163151358
A5035806301,I163151358
A5074182981,I48912391
A5012848022,I48912391
A5090236645,I48912391
A5070313477,I1308683654
A5005198579,I67009956
A5080199045,I67009956
A5064590970,I165932596
A5066709254,I4210145724
A5079152917,I54459138
A5076454480,I54459138
A5029571111,I177721651
A5051059716,I54459138
A5049059264,I102134673
A5014452770,I3006985408
A5036485959,I3006985408
A5076926812,I64189192
A5077787241,I86519309
A5066674084,I204778367
A5075893390,I102134673
A5089603217,I132976966
A5065912928,I138211613
A5072377971,I151746483
A5040633710,I74801974
A5051336665,I97018004
A5076587308,I92614990
A5003756290,I4210137929
A5025400322,I4210110652
A5024316694,I2802236040
A5022687238,I2802236040
A5049180880,I2802236040
A5023349874,I83740829
A5020766468,I66809481
A5087210524,I4210106647
A5070377827,I86519309
A5046536366,I4210149001
A5041039488,I99464096
A5070045410,I1280536761
A5033395722,I1280536761
A5049791941,I165143802
A5026047614,I165143802
A5017873450,I149213910
A5021009984,I149213910
A5008897549,I149213910
A5017877623,I88459447
A5023689823,I76569877
A5050663897,I36258959
A5045554497,I165932596
A5066373250,I44925452
A5036287213,I25217355
A5032612210,I60158472
A5038816870,I134694890
A5022300272,I102134673
A5055433807,I4210132036
A5015313855,I4210115447
A5055871472,I32597200
A5088321674,I172675005
A5088640338,I16269868
A5058584634,I4432739
A5078935826,I204337017
A5042237070,I134085113
A5041047826,I4210100283
A5061061546,I4210128676
A5085816625,I99464096
A5000156602,I102134673
A5063307502,I877506347
A5047311472,I205158640
A5041799942,I51101395
A5089837621,I212119943
A5050000325,I102322142
A5051946879,I169381384
A5039742633,I31746571
A5076966410,I204275683
A5090699610,I204275683
A5034078369,I4210157430
A5001593829,I204275683
A5020538412,I204275683
A5042873191,I20089843
A5040326170,I142078773
A5076994539,I8488066
A5071333197,I102117144
A5009187703,I102117144
A5017474506,I11793825
A5000985289,I159247623
A5014307031,I130438778
A5079111287,I129801699
A5072482402,I8679417
A5047438065,I177725633
A5005151737,I172675005
A5029671916,I84653119
A5080646275,I187400657
A5019332856,I177567560
A5065941595,I185523456
A5058443586,I70931966
A5048791982,I129902397
A5031553118,I201719341
A5053629394,I79576946
A5007652754,I106165777
A5009299240,I157773358
A5014501729,I102134673
A5039754402,I68784830
A5003462454,I2803209242
A5029519980,I2803209242
A5053795584,I108468826
A5082617377,I108468826
A5088121563,I108468826
A5016375683,I39422238
A5068015318,I4210145899
A5017478454,I4210087931
A5009343703,I4210143490
A5017274120,I121883995
A5017426974,I2277624104
A5052550722,I73417466
A5076794723,I4210134421
A5086206346,I4210143490
A5051641702,I102134673
A5049996493,I4210110242
A5072438110,I2800355730
A5038582366,I189196454
A5081305410,I55769427
A5060016795,I170201317
A5003523497,I2800817003
A5034377613,I136199984
A5020701488,I223532165
A5034476137,I124055696
A5032886673,I51556381
A5056479939,I4210139825
A5024831674,I21491767
A5080544237,I1335578998
A5014008069,I184565670
A5032376498,I159176309
A5012221966,I126820664
A5011950025,I1297971548
A5049298442,I125839683
A5081818004,I102134673
A5051782396,I31528381
A5089589491,I31528381
A5051174276,I158842170
A5024010407,I158842170
A5048439332,I158842170
A5032361483,I158842170
A5005815334,I4210157858
A5034279244,I44563897
A5049235940,I202697423
A5012974143,I157725225
A5010099253,I4210115485
A5062795932,I4210153575
A5064600777,I4210147894
A5047030842,I125839683
A5017195907,I99065089
A5014857454,I45084792
A5070196203,I135428043
A5032629854,I913481162
A5065913689,I94624287
A5057395668,I40120149
A5014898803,I40120149
A5013258471,I102134673
A5055996291,I76903346
A5087967629,I186903577
A5059943288,I161593684
A5010266029,I1344076864
A5085785893,I44461941
A5008560262,I44461941
A5063667378,I44461941
A5039826589,I4210130473
A5021570324,I858936495
A5043674709,I57206974
A5058368955,I177880774
A5008537902,I41725924
A5067298045,I9341345
A5023504637,I4210153869
A5028870837,I36399199
A5029541965,I7454413
A5036981256,I138689650
A5027935398,I4210121707
A5075900406,I4210108100
A5076504951,I4210108100
A5045420930,I169335092
A5014174145,I4210089985
A5068043486,I157725225
A5033056152,I196829312
A5035940683,I130769515
A5007160462,I4210087863
A5035818649,I4210089144
A5043258522,I184999862
A5021862093,I26415053
A5017993930,I20231570
A5066109793,I94234084
A5087028802,I59270414
A5002919229,I1309849503
A5075464350,I48615539
A5025731495,I48615539
A5004215141,I29300151
A5067743538,I1310145890
A5042206408,I69094615
A5060551543,I185261750
A5082344846,I83816512
A5041318525,I7876267
A5044152002,I45084792
A5058021214,I4210126337
A5059576212,I4210117220
A5090549590,I4210087817
A5033783997,I4210087817
A5062641378,I102149020
A5049140310,I1335369389
A5008349283,I5681781
A5027777990,I4210147956
A5060417049,I139759216
A5002250184,I99065089
A5012930542,I99065089
A5051805730,I139759216
A5046448314,I99065089
A5055174523,I231622532
A5050985764,I4210143973
A5090458959,I1850255
A5088813478,I204250578
A5079639609,I128589980
A5033069219,I102134673
A5011757745,I174216632
A5063612469,I1291425158
A5090747366,I4210112527
A5083026381,I4210112527
A5039929397,I4210112527
A5006966951,I39586589
A5039742693,I102134673
A5025331216,I15057530
A5000232046,I15057530
A5070966718,I145847075
A5015182248,I180923762
A5032168348,I161127581
A5048403488,I76903346
A5020372476,I205640436
A5061603682,I150589677
A5065659717,I4210127387
A5075167588,I4210127387
A5010117264,I4210127387
A5030015858,I4210127387
A5034138501,I4210127387
A5061319881,I201448701
A5076259865,I1290206253
A5011116979,I891191580
A5062748514,I4210117220
A5022670457,I4210147972
A5031371771,I188884621
A5039570133,I4076070
A5040829874,I172574986
A5042195176,I114395901
A5004206574,I201799495
A5008456610,I192455969
A5045713200,I50357001
A5022419670,I90803817
A5044304787,I35961687
A5057103962,I332011152
A5055210685,I102134673
A5007124393,I88773910
A5016766272,I4210120242
A5027164381,I138876546
A5008866731,I138876546
A5003504954,I98358874
A5018395060,I125839683
A5069783522,I4210112331
A5029410939,I94518387
A5056543056,I4210101034
A5077395641,I79765343
A5055592276,I1289461252
A5042918332,I71999127
A5067565879,I169381384
A5082242689,I181369854
A5017524660,I31512782
A5027334214,I100066346
A5015080938,I31512782
A5005081662,I36258959
A5068736638,I82880672
A5043213265,I82880672
A5013091675,I185261750
A5060655916,I185261750
A5050376064,I1351752
A5017962362,I160993911
A5059401126,I32062511
A5090575787,I32062511
A5090506185,I91136226
A5070443737,I102134673
A5013727792,I63966007
A5088555568,I35440088
A5006247481,I197323543
A5055668668,I142476485
A5050500830,I169108374
A5017349031,I38335241
A5040245429,I38335241
A5050900227,I38335241
A5049583553,I4210115568
A5083862531,I1326498283
A5054225034,I25974101
A5062278926,I121797337
A5046971896,I2799323385
A5061465385,I142078773
A5034901180,I163151358
A5012035215,I33849332
A5031861840,I4210143550
A5003591216,I204778367
A5068138818,I204778367
A5066960754,I4577782
A5053411141,I123443094
A5054281917,I164790352
A5056861824,I1283236314
A5055510228,I4210134642
A5030697225,I126231945
A5046645515,I114017466
A5013096348,I55732556
A5022077342,I130799901
A5047066399,I102134673
A5030742237,I93396115
A5027503712,I129604602
A5022468649,I90745801
A5076586224,I117965899
A5022813752,I4210115088
A5012433970,I47996466
A5043151017,I43267033
A5024620954,I154264771
A5082006408,I43267033
A5077044361,I118564535
A5065232917,I115592961
A5047952246,I63920570
A5084650151,I219193219
A5068442192,I206935292
A5038692973,I45438204
A5003469648,I4210139483
A5070208947,I223532165
A5023762919,I95674353
A5068699319,I155765044
A5001721723,I157725225
A5013182705,I118347636
A5010299587,I184565670
A5048036610,I4577782
A5053345854,I83467386
A5064567419,I151746483
A5037686951,I21250087
A5007479295,I160993911
A5027261841,I2801009184
A5085161160,I52099693
A5026668088,I18014758
A5058962719,I151746483
A5071274975,I211070993
A5063154944,I24768866
A5076089493,I179420787
A5030577536,I157227730
A5042345984,I33096239
A5028104689,I33096239
A5076100136,I96679780
A5078297750,I33585257
A5030954389,I96679780
A5041167419,I35364215
A5019189873,I4210093282
A5088761477,I4210093282
A5012735016,I4210093282
A5071682189,I305801656
A5056179227,I4210115519
A5038372194,I83259278
A5023652725,I177877127
A5053584642,I66946132
A5062027901,I2801613365
A5006381876,I152869788
A5034899973,I77501641
A5069173618,I152869788
A5019300933,I151903974
A5030687097,I4210104430
A5021901258,I4210117005
A5021116704,I95457486
A5060914065,I95457486
A5049255296,I66752286
A5017778040,I1326498283
A5057629608,I102322142
A5004473490,I1327163397
A5029906183,I195731000
A5046226629,I182212641
A5048394879,I79619799
A5084453804,I1285402005
A5024592017,I74885063
A5047893446,I130701444
A5057515348,I125749732
A5025474694,I4210143826
A5066608996,I78577930
A5016407219,I36788626
A5038388152,I4210121988
A5081413639,I51216347
A5067690517,I891191580
A5049604166,I83916355
A5034657358,I202276237
A5064355276,I25485817
A5043499130,I145847075
A5083435816,I4210167190
A5058816575,I5728261
A5013025849,I154757721
A5013635993,I147962203
A5041338608,I178535277
A5026391344,I86613570
A5089831646,I9617848
A5017473749,I9617848
A5074670449,I125839683
A5042488360,I125839683
A5047471512,I125839683
A5078842606,I200769079
A5084804121,I192455969
A5071082834,I4210112333
A5034443098,I117965899
A5062564633,I4210125872
A5065413313,I4210117195
A5005605270,I56085075
A5052246884,I56085075
A5053780228,I56085075
A5053960744,I56085075
A5033281973,I56085075
A5023370414,I99939339
A5048075490,I4210145724
A5037219548,I4210145724
A5066709254,I4210145724
A5041058725,I4210160793
A5035759666,I4210152518
A5064641470,I4210145724
A5046825469,I169521973
A5047893446,I130701444
A5057515348,I125749732
A5025474694,I4210143826
A5066608996,I78577930
A5075640143,I203847022
A5040820339,I4210104430
A5059908590,I4210115222
A5025443239,I4210115222
A5087584625,I9617848
A5007446175,I169108374
A5019291210,I897542642
A5001469539,I39063666
A5073115503,I71422933
A5059851427,I39063666
A5043945029,I4210131745
A5077239665,I4210087915
A5077132751,I82951845
A5032503212,I875944469
A5081911812,I39555362
A5005035621,I878213199
A5022870004,I878213199
A5064462116,I41549804
A5007817577,I154338468
A5059340793,I4076070
A5044733478,I240042149
A5031752065,I240042149
A5084142782,I150729083
A5089475466,I4210115519
A5066096051,I4210115519
A5070815490,I121797337
A5076698164,I139024713
A5081713573,I126307644
A5090657067,I95457486
A5006601383,I4210092536
A5042590363,I79510175
A5038138844,I54459138
A5000416781,I226560621
A5061644462,I7597260
A5058278042,I2279609970
A5043727516,I42934936
A5049220804,I204465549
A5012457596,I25112270
A5024354228,I4210158379
A5036108068,I22956069
A5080930077,I26415053
A5001138910,I185261750
A5015751405,I185261750
A5057702802,I185261750
A5019552564,I166337079
A5051313364,I1174212
A5047065550,I166337079
A5063307080,I98285908
A5063924205,I82951845
A5000865868,I4210096973
A5078909773,I157773358
A5027033026,I55732556
A5043347335,I113508548
A5048566899,I4210094304
A5053134485,I1280536761
A5087459652,I4210121838
A5029260213,I185261750
A5023095072,I141945490
A5042645593,I100445878
A5032634346,I1902872
A5018349566,I19820366
A5016547705,I197251160
A5066171121,I4210152724
A5055510607,I16365422
A5046472188,I4210165038
A5006705632,I16365422
A5064365898,I36258959
A5022465917,I4210114212
A5043606036,I67415387
A5078800069,I172675005
A5037145281,I65734018
A5053651798,I204250578
A5076371436,I182980787
A5020085415,I182980787
A5018497176,I182980787
A5021051196,I5847235
A5076371436,I182980787
A5020085415,I182980787
A5018497176,I182980787
A5079917233,I182980787
A5069264027,I17974374
A5061671556,I151746483
A5089730660,I9842412
A5042838912,I9842412
A5015129861,I51826884
A5029585707,I1290463931
A5050580025,I64295750
A5017270303,I64295750
A5086990384,I152815399
A5013880410,I68891433
A5054129711,I4210116741
A5054273103,I68891433
A5037739037,I68891433
A5086242686,I154549908
A5022634842,I162868743
A5004194238,I66946132
A5055174523,I231622532
A5027251474,I231622532
A5037008295,I1299907687
A5035339575,I93860229
A5009058591,I104588304
A5037831741,I148366613
A5072743620,I39470171
A5035687887,I4210151642
A5061268084,I4210151642
A5012825407,I33213144
A5059630076,I33213144
A5048092912,I33213144
A5074371899,I55732556
A5015220542,I94658018
A5051503916,I68956291
A5027057380,I161103922
A5009408707,I1174212
A5019539533,I157725225
A5013395769,I4210150894
A5018380170,I223532165
A5003811106,I4210150894
A5044171839,I4210115349
A5083037952,I4210096066
A5054887637,I4210159397
A5055065964,I86501945
A5037617317,I111979921
A5048478950,I55521800
A5084592859,I117965899
A5002028400,I102248843
A5040918016,I40347166
A5075821104,I40347166
A5042565578,I193223587
A5018996307,I928334797
A5050724493,I51441396
A5041283241,I105818395
A5058121841,I105818395
A5027192132,I111979921
A5066698936,I153267046
A5014266194,I153267046
A5082094513,I106959904
A5033823653,I106959904
A5080476673,I82880672
A5017471254,I57825437
A5031149136,I182712176
A5091286205,I10091056
A5087624087,I189109744
A5035620121,I61641377
A5052695908,I2799443121
A5003738785,I4210099236
A5033810127,I4210134325
A5083195984,I203899302
A5017271086,I203899302
A5034939930,I203899302
A5047360962,I876193797
A5076156857,I122140584
A5080782923,I80143920
A5076112933,I108688024
A5065773428,I177477856
A5040855571,I129604602
A5077045399,I59270414
A5076516445,I24676775
A5027587068,I32971472
A5021226854,I69356397
A5038514283,I157696592
A5038352672,I102913810
A5079542002,I69356397
A5085255934,I102913810
A5011996408,I102913810
A5038845399,I161104310
A5052825919,I35440088
A5025969261,I172675005
A5084585443,I76130692
A5054550312,I107639228
A5014475776,I165932596
A5022634842,I162868743
A5086061408,I174306211
A5077314259,I174306211
A5045115467,I32366509
A5072204452,I200332995
A5044129236,I114395901
A5004337763,I114395901
A5052924902,I107672454
A5006710857,I126820664
A5090308918,I201646274
A5049828153,I40347166
A5011195704,I4210118560
A5022176859,I891191580
A5075369704,I45204951
A5087340443,I45204951
A5055479421,I45204951
A5063669642,I45204951
A5059657954,I56590836
A5034647295,I57093077
A5043089463,I39555362
A5060651495,I114027177
A5058652387,I98358874
A5035473818,I28407311
A5001974756,I80046288
A5086175489,I68916915
A5009645913,I68916915
A5090974026,I74973139
A5034009786,I4210162091
A5067181588,I192268740
A5045715820,I192268740
A5057697626,I192268740
A5017590625,I2613432
A5050150232,I2799863703
A5078899575,I71052956
A5020852163,I2802391510
A5089103033,I11701301
A5026874866,I76214153
A5031543991,I165779595
A5045418207,I4210092499
A5091231351,I45129253
A5061226694,I2831913
A5036014169,I145325580
A5009036656,I2802335433
A5056674547,I9842412
A5042094990,I4210133528
A5038886057,I63072094
A5047027364,I63072094
A5035206323,I63072094
A5052246884,I4210115445
A5060979528,I102134673
A5080207250,I4210155167
A5023046494,I4210155167
A5090559862,I145608581
A5084126663,I98381234
A5010721126,I2802236040
A5046627623,I2802236040
A5079829556,I4210137033
A5068329396,I4210137033
A5056166838,I106994412
A5077593563,I186903577
A5019693702,I4210137750
A5043258522,I269685040
A5015197258,I185523456
A5015961883,I39343248
A5026100801,I86695891
A5035375371,I110263422
A5049264037,I4210099416
A5046261613,I141649380
A5021818135,I86987016
A5051172974,I185492890
A5074887428,I4210094304
A5074789049,I4210094794
A5012912368,I170239107
A5050590358,I4210137189
A5090193930,I4210137189
A5047583756,I173063890
A5083502978,I173063890
A5079269443,I100005738
A5014257175,I130769515
A5071010012,I118564535
A5023330662,I16292982
A5056326785,I4210114212
A5088353529,I861853513
A5044964238,I861853513
A5001499140,I861853513
A5076546160,I99542240
A5090368430,I108403487
A5023109012,I66083562
A5063233199,I130701444
A5073750332,I5561750
A5074593755,I32943570
A5056557145,I153976015
A5044903173,I99464096
A5064609702,I3006985408
A5057495107,I94722563
A5057406790,I173304897
A5091717294,I100005738
A5082560401,I176279760
A5024119243,I57206974
A5079006965,I170239107
A5004477448,I180825142
A5080839754,I4210107233
A5070334650,I4210146847
A5035667542,I2800717037
A5022229760,I90812881
A5045569719,I1343180700
A5042872250,I66752286
A5021901258,I4210117005
A5039742693,I4210142254
A5043476218,I4210136805
A5043681457,I4210118258
A5047858962,I14314212
A5050360160,I201448701
A5018744589,I59553526
A5072274730,I58956616
A5046980468,I58956616
A5070733709,I917184967
A5052018441,I63098007
A5026936665,I189712700
A5005278470,I161593684
A5026629742,I90267481
A5043799147,I26092322
A5015392285,I8087733
A5076019499,I137902535
A5020265216,I4210117220
A5024711955,I887968799
A5036372456,I887968799
A5078958201,I889458895
A5035638470,I40193446
A5007099158,I152532586
A5036430047,I139787848
A5054970331,I79576946
A5042146835,I4210121589
A5090011368,I4210106879
A5052742919,I154425047
A5053639209,I1344076864
A5078012656,I170201317
A5089219568,I5023651
A5053159926,I121847817
A5022195537,I204824540
A5050928648,I57093077
A5026456188,I57093077
A5001042282,I193662353
A5088908386,I889458895
A5010260222,I859038795
A5017267579,I102179633
A5065644084,I178574317
A5040606176,I185261750
A5024614463,I1344076864
A5010271431,I114090438
A5053472123,I4210117220
A5089098731,I2613432
A5083447060,I63772739
A5063624812,I124113063
A5003849672,I4210095662
A5055540340,I2799497666
A5076421509,I2802519937
A5014002036,I916357946
A5091190338,I916357946
A5061145211,I916357946
A5063747619,I1340728805
A5035606772,I204465549
A5033477639,I153648349
A5056049315,I124055696
A5054769060,I4210153877
A5079950161,I4210120584
A5088433351,I204778367
A5026565671,I45129253
A5017419190,I4210117220
A5082266272,I12912129
A5011320969,I17626003
A5013315393,I1306601404
A5082984424,I20089843
A5070727113,I136722135
A5071463063,I189712700
A5012529463,I189712700
A5003377833,I189712700
A5080503589,I153718931
A5048228585,I8692664
A5087620365,I4210166946
A5085062328,I4210099467
A5043350807,I4210142254
A5075117757,I118501908
A5012329093,I149460656
A5072851919,I2801155571
A5024143397,I4210107233
A5031582273,I138006243
A5070328894,I201448701
A5027171279,I193223587
A5082230753,I106165777
A5038148603,I1902872
A5051332325,I16365422
A5086865721,I16365422
A5009660665,I16365422
A5047380225,I4210114212
A5022465917,I4210114212
A5042150057,I75971999
A5075764191,I4210120471
A5039725515,I154130895
A5034443098,I1331384533
A5089610879,I186903577
A5058100326,I135310074
A5056956875,I165799507
A5087176374,I165799507
A5087987376,I4210136087
A5037083521,I63772739
A5006879957,I126231945
A5054592564,I4210117220
A5087562048,I170979836
A5017043673,I1294671590
A5000210772,I170979836
A5016001919,I1294671590
A5043105133,I170979836
A5041978666,I1294671590
A5010923592,I12912129
A5058754609,I4210140143
A5062207754,I4210119712
A5027630744,I27837315
A5036547135,I151746483
A5078760410,I4210101327
A5061427447,I32597200
A5083465360,I12607205
A5030470214,I32597200
A5043583629,I201841394
A5041095414,I4210092271
A5002665378,I73142707
A5000704870,I73142707
A5075136463,I74973139
A5075541016,I91203450
A5036956115,I201841394
A5047858962,I98285908
A5011847974,I185261750
A5064587606,I193775966
A5061093480,I865915315
A5077279120,I172675005
A5010504078,I172675005
A5083498592,I4210164339
A5001838464,I91712215
A5012227292,I16733864
A5055017686,I39586589
A5066682122,I20581793
A5059340994,I4210117220
A5062063850,I12912129
A5060579853,I4210107233
A5025104937,I52357470
A5023199568,I4210094220
A5013671216,I118501908
A5082422947,I4210117220
A5067298498,I138925566
A5090167348,I26092322
A5037449634,I26092322
A5001416780,I312958679
A5021257502,I26092322
A5072920325,I26092322
A5071260695,I204778367
A5022285159,I2799962816
A5034312342,I130238516
A5039155472,I4210117220
A5069868868,I4210109712
A5043872748,I4210109712
A5068940052,I173212132
A5088002294,I169521973
A5037841475,I87216513
A5044618645,I97018004
A5054890347,I114027177
A5020949525,I143302722
A5030697947,I2801120396
A5075175655,I4210116741
A5043258717,I4210116741
A5077843387,I170486558
A5077640348,I1325886976
A5042885686,I185261750
A5079390960,I183935753
A5070013751,I1326498283
A5050027169,I154130895
A5048027462,I79619799
A5090781607,I4210116091
A5047566304,I79619799
A5091141987,I592451
A5070384328,I4210108303
A5038859022,I82951845
A5080474496,I57206974
A5066291615,I118347636
A5006652905,I4210100359
A5074887428,I204730241
A5045845692,I67031392
A5028645862,I166337079
A5089770558,I4210117220
A5052382685,I4210101866
A5003011391,I4210101866
A5081049776,I145872427
A5067231523,I864159182
A5084735388,I106118109
A5073869637,I4210115196
A5086416584,I4210139825
A5045010118,I4665924
A5068395409,I102401767
A5066689336,I4210108118
A5077079119,I95457486
A5041169953,I24676775
A5046242168,I4210106479
A5081471583,I119003972
A5074887428,I4210094304
A5090732704,I121883995
A5039945857,I121883995
A5070807320,I4210163794
A5018663904,I4210163794
A5058577754,I43729321
A5064867241,I37553959
A5071542297,I143302722
A5085942072,I174458059
A5052196347,I204983213
A5033411601,I204983213
A5036670654,I125687163
A5043002718,I4210101494
A5009134869,I4575257
A5048095564,I76835614
A5064586878,I51226738
A5039599845,I76835614
A5010033061,I30771326
A5090380495,I45204951
A5047319643,I4210137033
A5091744010,I45204951
A5013631723,I129801699
A5010315281,I114017466
A5063451263,I122534668
A5050682685,I4210087796
A5037583341,I4210145164
A5080727549,I182534213
A5043638391,I52099693
A5051249034,I1302485747
A5085932391,I4210119109
A5063682104,I12003341
A5038749016,I5023651
A5032685263,I47508984
A5003253553,I4210126779
A5091409910,I136199984
A5020523405,I47508984
A5020701488,I223532165
A5033988758,I922845939
A5002543602,I922845939
A5034476137,I124055696
A5025877936,I205783295
A5032886673,I223532165
A5080254367,I4210152724
A5032997589,I124055696
A5020329050,I1280232793
A5050961647,I3133182661
A5091322523,I165779595
A5058133910,I57206974
A5020723861,I8679417
A5044297291,I111483173
A5063906196,I1877545
A5020403076,I161593684
A5060879844,I4210117220
A5062043545,I175327997
A5056425006,I897549280
A5023610771,I4210153594
A5063962763,I51158804
A5031365886,I4210117220
A5029165669,I67031392
A5009310227,I76835614
A5001512244,I4210117220
A5012155992,I149704539
A5019489166,I149704539
A5013061967,I149704539
A5073947849,I87216513
A5065833288,I31746571
A5019587718,I98358874
A5088348597,I200650556
A5002394922,I200650556
A5071922620,I200650556
A5052682036,I2801851002
A5033632230,I4210101898
A5089392019,I4210137033
A5050965057,I4210090377
A5056851929,I131221577
A5020352214,I118501908
A5003058253,I118501908
A5045410186,I185492890
A5037107679,I76835614
A5010729082,I241749
A5045127387,I63966007
A5048448258,I45084792
A5072036204,I80046288
A5012641249,I100887729
A5089831978,I4210121988
A5090819329,I887968799
A5058368955,I177880774
A5005595654,I4210122476
A5028242808,I4210100083
A5056605626,I86467917
A5088547412,I40347166
A5026649428,I4210119130
A5018091748,I891191580
A5085060529,I82951845
A5045432421,I4210110140
A5061427447,I32597200
A5066363875,I155781252
A5034725807,I4210087583
A5021909605,I87216513
A5081824706,I87216513
A5081924837,I4210117220
A5045402204,I142904861
A5069256488,I88189429
A5072331470,I11701301
A5037660521,I17301866
A5000558231,I4210119464
A5080343005,I173888879
A5062992527,I909854389
A5090195152,I98805295
A5037708137,I98805295
A5016585506,I4210100046
A5072765215,I82497590
A5029561912,I82497590
A5026937925,I82497590
A5018132799,I82497590
A5050425004,I188329596
A5041615708,I114017466
A5069745169,I188329596
A5073553544,I4210121838
A5003251439,I4210095777
A5012828752,I4210157007
A5074549228,I124357947
A5007773115,I121820613
A5082765640,I114017466
A5032391112,I114017466
A5040589990,I100930933
A5016655218,I100930933
A5045190581,I100930933
A5079473592,I87354575
A5089334775,I193054373
A5079416432,I87354575
A5064456444,I199702508
A5054250222,I29698356
A5085941561,I189712700
A5061006709,I130828816
A5037778920,I4210117220
A5076510440,I4210109128
A5017817794,I57206974
A5061163795,I159176309
A5041230534,I204337017
A5005310933,I157725225
A5012031147,I56590836
A5071060187,I31746571
A5078605314,I37461747
A5067690517,I122285577
A5042618752,I887064364
A5083104345,I887064364
A5086010541,I887064364
A5056352759,I4210152658
A5009649999,I4210152658
A5060550722,I19880235
A5018183368,I19880235
A5021187796,I241749
A5029034465,I24027795
A5041987043,I24027795
A5054803850,I24027795
A5051437720,I28290843
A5038445455,I18014758
A5080042065,I18014758
A5008201596,I18014758
A5064325570,I18014758
A5009453538,I157725225
A5010514636,I157725225
A5008763970,I4210119109
A5042833743,I95457486
A5044050863,I136806742
A5013315393,I1306601404
A5034188830,I103531236
A5077831333,I1291453478
A5013645161,I62916508
A5036036960,I204337017
A5041557301,I72816309
A5024487443,I210043505
A5002274852,I210043505
A5027347555,I210043505
A5057294126,I142263535
A5071847978,I110002522
A5053889460,I98704320
A5061229826,I51532219
A5018447003,I51532219
A5088394978,I51532219
A5053696609,I4210117220
A5018237224,I141568987
A5048753927,I177877127
A5039834507,I4210122332
A5029499569,I2801649442
A5019203630,I102134673
A5077330113,I27780798
A5001193136,I27780798
A5081225515,I27780798
A5063621558,I138006243
A5074887428,I4210094304
A5082548671,I165932596
A5047213634,I165932596
A5078936954,I165932596
A5029953622,I141810926
A5081908723,I108192572
A5062583998,I114832834
A5039563504,I110002522
A5037786810,I63966007
A5044078921,I63966007
A5069909551,I145311948
A5007264873,I37696226
A5060729470,I110325482
A5005774676,I47508984
A5036281885,I47508984
A5017018298,I110002522
A5021493216,I71209653
A5073967877,I4210095782
A5079413812,I4210140678
A5040511727,I74801974
A5051822671,I4210145164
A5079390960,I183935753
A5017342485,I4210159854
A5065352683,I58956616
A5025446551,I186667990
A5061903937,I904495901
A5074919383,I4210107233
A5029392229,I135388327
A5034120372,I135388327
A5022595755,I52574355
A5076256836,I4210100577
A5026643932,I859038795
A5026072601,I859038795
A5040483828,I859038795
A5070470547,I859038795
A5032995111,I4210117220
A5050227787,I5561750
A5075541177,I5561750
A5083066821,I163205636
A5010984242,I66867065
A5039617569,I79891267
A5081036622,I79891267
A5026122018,I2801619622
A5053053957,I1311308879
A5091908304,I102322142
A5082383510,I8488066
A5069590205,I4210162190
A5064369361,I204553293
A5068664074,I4210162190
A5056217038,I204553293
A5050112394,I86519309
A5089197093,I4210112925
A5047148711,I185103710
A5059914505,I79576946
A5058662537,I170897317
A5071672056,I160993911
A5037064832,I160993911
A5001588690,I160993911
A5020809586,I1343871089
A5016313864,I91136226
A5069821895,I76835614
A5080262886,I51235708
A5032943807,I76835614
A5065754816,I169541294
A5052472773,I20231570
A5018667469,I78577930
A5019678801,I3130035786
A5065968760,I4210090724
A5012060246,I3130035786
A5089421014,I4210090724
A5037816255,I20089843
A5006150251,I1287240670
A5002088981,I91136226
A5035160608,I4210137033
A5043871498,I4210137033
A5043484752,I3130035786
A5028665407,I3130035786
A5061229826,I51532219
A5018447003,I51532219
A5001308079,I143804889
A5088394978,I51532219
A5083357151,I190082696
A5004113668,I190082696
A5074426382,I4210098964
A5000074040,I4210098964
A5068729286,I40347166
A5086643947,I40347166
A5056965955,I170897317
A5027324518,I170897317
A5011950780,I4210091341
A5056078914,I170897317
A5018497995,I76130692
A5083872718,I39804081
A5046739023,I3020615197
A5003133775,I3020615197
A5081062619,I3020615197
A5084926427,I4210092473
A5004125713,I4210092473
A5013746205,I130217899
A5037914359,I4210117220
A5038138844,I1344076864
A5082477337,I162827531
A5079521911,I4210121838
A5082333026,I877506347
A5083864231,I130769515
A5016419576,I2801884250
A5049729222,I2613432
A5056108735,I126307644
A5030101234,I36443711
A5004660959,I4210117450
A5078471429,I4210117450
A5042196702,I204250578
A5071851669,I4210130445
A5085369152,I184840846
A5014154580,I4210159667
A5059934493,I126345244
A5042364837,I142740786
A5024742008,I102518490
A5066130528,I24027795
A5082402937,I193181351
A5084001911,I33213144
A5049055839,I126345244
A5044674880,I139322472
A5067597688,I193181351
A5070568314,I138006243
A5003360050,I4210107233
A5049634011,I46247651
A5034898680,I4210104343
A5051531853,I4210139483
A5037335239,I4210124239
A5005153278,I86519309
A5015186395,I86519309
A5043201304,I86519309
A5034220928,I2800403580
A5088746356,I4210092499
A5032633292,I27837315
A5074130561,I78715868
A5082471864,I4164984
A5018516368,I3005327000
A5084261733,I4210145164
A5076245263,I4210091976
A5007121098,I39586589
A5091753072,I4210134378
A5038695446,I56590836
A5089846623,I162714631
A5027986177,I78037679
A5072509385,I78037679
A5068597007,I71052956
A5019150262,I71052956
A5084949004,I189590672
A5046260517,I63098007
A5037667633,I185261750
A5056055322,I2799341351
A5061804138,I2799341351
A5064867241,I37553959
A5017745566,I86519309
A5032787307,I145894827
A5063626140,I202697423
A5062043545,I175327997
A5042927466,I74973139
A5052623072,I66946132
A5035337020,I158842170
A5046933025,I4210103231
A5015548774,I98957242
A5039659770,I98957242
A5041000166,I56590836
A5064399695,I156220630
A5045129894,I157725225
A5054038504,I1286329397
A5046298752,I138006243
A5052772433,I118501908
A5049747850,I1306409833
A5020485335,I1319660883
A5048698192,I161371597
A5001986172,I161371597
A5005117665,I161371597
A5073604834,I186903577
A5018144910,I186903577
A5077132751,I82951845
A5014591918,I102322142
A5019777096,I137853757
A5022137187,I91277730
A5054051440,I91277730
A5051550649,I2801424531
A5058334237,I2801424531
A5008763383,I230915877
A5013019993,I230915877
A5076089493,I179420787
A5062043545,I175327997
A5032503212,I875944469
A5077512722,I4210149433
A5029166882,I98358874
A5062194044,I26437253
A5079069598,I2802236040
A5081510302,I69072986
A5065215128,I135140700
A5020865241,I70983195
A5007913012,I65837984
A5085229882,I4210107233
A5084087393,I138006243
A5007796791,I4210099416
A5038297843,I131077856
A5020482984,I83740829
A5005873873,I4210108118
A5003274850,I4210140439
A5022463458,I2800717037
A5006580423,I63072094
A5048219277,I91045830
A5005635869,I55732556
A5027778188,I91045830
A5023422322,I2800024560
A5004960813,I4210106479
A5084306663,I152650591
A5012040294,I4210113003
A5003728153,I1325886976
A5014030663,I1312240494
A5077587036,I118501908
A5013042865,I1299907687
A5040250564,I4210106889
A5063232741,I100930933
A5085055899,I4210162610
A5027961582,I4210162610
A5038638156,I3132460479
A5048630082,I5400463
A5028177734,I45204951
A5083385244,I4210126882
A5054281325,I149460656
A5061323303,I35870678
A5034196834,I177233841
A5003059745,I204824540
A5000846525,I169541294
A5042276212,I98251732
A5030571810,I98435010
A5079646776,I67256668
A5014873401,I98435010
A5007781745,I4210087136
A5040261980,I119004910
A5062503870,I4210118730
A5076628907,I4210118730
A5012275958,I4210118730
A5035093292,I77501641
A5084354737,I94349332
A5064669606,I100296615
A5046257126,I24571045
A5040604289,I24571045
A5013145254,I4210128819
A5061775910,I66946132
A5016858335,I121058860
A5015352504,I32597200
A5066546939,I138689650
A5044784002,I32597200
A5016185241,I32597200
A5091568769,I102134673
A5020931358,I78880903
A5079271501,I78880903
A5015673839,I4210090971
A5048806553,I98285908
A5068775552,I37461747
A5036805347,I4210117220
A5034160482,I7882870
A5045445174,I79510175
A5041346094,I876193797
A5008154038,I58782413
A5075252209,I195460627
A5070750659,I119003972
A5063031245,I11701301
A5000570251,I11701301
A5090237309,I115212828
A5090988827,I4210107233
A5065315909,I143302722
A5065174335,I165932596
A5010313058,I63135867
A5049583553,I4210116758
A5084251444,I100930933
A5084111561,I100930933
A5063216766,I4210127643
A5020482984,I83740829
A5048619902,I204337017
A5059621036,I44461941
A5053289080,I3132460479
A5056982344,I4210118158
A5059466123,I20581793
A5083312728,I188538660
A5036789938,I4210095211
A5035681709,I7882870
A5000975317,I3141906898
A5063227743,I4210108100
A5056892202,I4210108100
A5035908722,I43439940
A5030114446,I19722
A5080038836,I174015415
A5003276418,I185571130
A5055029056,I172675005
A5058251651,I12524447
A5005528176,I4210130157
A5003112988,I44504214
A5067057512,I51504820
A5016249688,I83809506
A5048758163,I66946132
A5039580125,I4210134699
A5019489166,I149704539
A5025097632,I45438204
A5011307478,I170897317
A5071392881,I114660634
A5083644654,I51195161
A5061249763,I4210117005
A5048302669,I4210156583
A5091335565,I4210134114
A5082046316,I4210156583
A5027619089,I4210156583
A5051885442,I4210156583
A5057246186,I102134673
A5086689035,I28221208
A5083548477,I169381384
A5036960755,I169381384
A5062882766,I94624287
A5055364864,I159176309
A5087350663,I40527276
A5023160093,I135768898
A5067727119,I45084792
A5084374680,I66943878
A5045251213,I59036183
A5006627628,I113456305
A5032025029,I99041443
A5047827833,I4210163771
A5077729027,I141197729
A5088308988,I204778367
A5002305347,I204778367
A5065980941,I204778367
A5004993070,I204778367
A5061804138,I2799341351
A5033538827,I184999862
A5029218215,I184999862
A5011899729,I46305939
A5063206552,I182083151
A5063455689,I2802176441
A5085544204,I184999862
A5065820302,I102134673
A5058800952,I185852735
A5080269427,I24027795
A5066130528,I24027795
A5020150122,I4210114212
A5058915300,I4210114212
A5028169927,I6498739
A5005478807,I6498739
A5069319868,I4210107451
A5039318171,I170979836
A5002871993,I56858762
A5026859436,I56858762
A5024633466,I168719708
A5082021344,I15823474
A5086501723,I4210117220
A5013744245,I885383172
A5084949004,I189590672
A5032607998,I102134673
A5079771987,I4210117220
A5052344955,I39660569
A5066048713,I4210092499
A5048711005,I865915315
A5070399019,I21193070
A5078485305,I21193070
A5047118636,I204465549
A5077231004,I4210087136
A5038909431,I102134673
A5065946536,I84884186
A5039608991,I13955877
A5009115835,I928460267
A5010804093,I40963666
A5059642629,I8765205
A5044389040,I187293425
A5052703085,I47508984
A5069432042,I33256026
A5024184433,I145722265
A5068531236,I33256026
A5078760410,I4210101327
A5049491141,I9617848
A5025408765,I9617848
A5086948169,I9617848
A5057571751,I9617848
A5016347476,I9617848
A5083521045,I9617848
A5083766345,I4210103046
A5064912243,I4210124956
A5015822694,I4210114274
A5074079533,I909854389
A5067702470,I4210164656
A5086555187,I133837150
A5046732485,I1335578998
A5054687784,I133837150
A5055651722,I114218197
A5017251198,I177738480
A5071193114,I4210124956
A5027428789,I162868743
A5087659689,I162868743
A5062053942,I4210145761
A5090942522,I69737025
A5016622553,I69737025
A5070897176,I69737025
A5037095518,I69737025
A5037797188,I69737025
A5086126814,I111455621
A5054774293,I4210131537
A5009057782,I7882870
A5078866129,I4210092499
A5017374564,I114017466
A5031055852,I138537684
A5066935641,I7876267
A5070921568,I4210150889
A5040160899,I4210152518
A5002452272,I4210152518
A5071772272,I201448701
A5078861665,I189196454
A5061710683,I102179633
A5086829278,I66514158
A5081784013,I62916508
A5076518905,I62916508
A5011288866,I62916508
A5015168828,I62916508
A5068465714,I151746483
A5020470831,I151746483
A5080684526,I4210094909
A5017108237,I137534880
A5087180937,I172675005
A5080684526,I4210094909
A5047050571,I137534880
A5062753174,I4210139483
A5084386176,I4210130944
A5011845909,I102134673
A5045438558,I905292528
A5057988033,I905292528
A5051444342,I63772739
A5005585461,I26538001
A5005093725,I4210112925
A5043514474,I77079311
A5091244241,I2613432
A5072067836,I122411786
A5024866488,I82284825
A5037931913,I82284825
A5070349528,I125839683
A5067969499,I102134673
A5072857797,I5124864
A5041352323,I165932596
A5084753587,I2800006345
A5091171451,I185523456
A5036879976,I36090812
A5061808800,I2799833051
A5051106548,I102134673
A5028915502,I3132909779
A5069174154,I129774422
A5072524799,I16835326
A5012857374,I84884186
A5011037821,I84884186
A5081794070,I84884186
A5002254524,I84884186
A5011085987,I2802617771
A5024946758,I155381812
A5087408512,I66867065
A5082964883,I66867065
A5016717153,I66867065
A5041269918,I189210763
A5010304115,I189210763
A5082836130,I189210763
A5037694284,I189210763
A5043775350,I110166357
A5004967932,I193615760
A5024395125,I1325072066
A5047340145,I158438070
A5070215581,I154130895
A5083314541,I36243813
A5033697529,I102179633
A5017093934,I2801613365
A5015829118,I2801613365
A5051531853,I4210139483
A5006338234,I4210119991
A5029490987,I4210119991
A5003890036,I133837150
A5060877237,I19820366
A5040326170,I19820366
A5056287221,I63072094
A5082802691,I19820366
A5045025939,I63072094
A5063114477,I87354575
A5057420103,I86501945
A5022269446,I184565670
A5037121744,I5124864
A5048175000,I5124864
A5089148668,I5124864
A5024362147,I5124864
A5083821830,I5124864
A5084949004,I189590672
A5044305037,I55732556
A5013230954,I190082696
A5077895764,I189158943
A5005925953,I74801974
A5029539615,I108403487
A5011224328,I67031392
A5038684006,I153718931
A5023720327,I4210152761
A5011388533,I4210087817
A5037543382,I4210166741
A5046899369,I4210087817
A5003021117,I4210087817
A5050869595,I13511017
A5048547269,I172982924
A5033692358,I205051169
A5088231786,I119439378
A5025088388,I119439378
A5027837299,I74801974
A5005521874,I4210124956
A5041758596,I4210149706
A5052639456,I4210110752
A5084944799,I4210124956
A5048917702,I4210121707
A5047468364,I124055696
A5022117243,I145311948
A5081194528,I66752286
A5023167307,I204824540
A5031318875,I204824540
A5060318703,I204824540
A5086738494,I3131578490
A5017877623,I88459447
A5059351460,I63772739
A5032993700,I4210115900
A5038699091,I4210116974
A5026816299,I4210116974
A5045770650,I4210116974
A5015940608,I4210116974
A5043498688,I4210116974
A5018911577,I149704539
A5053313174,I149704539
A5025745894,I173304897
A5043084209,I173304897
A5065078688,I4210127731
A5082471864,I4210090971
A5085060529,I82951845
A5083933910,I4210131264
A5042309515,I4210131264
A5077570468,I33213144
A5001636587,I124357947
A5055072173,I4210091592
A5031313030,I60587646
A5003067491,I172901346
A5029188594,I172901346
A5047168130,I4210160483
A5077447924,I4210160483
A5000822429,I4141589
A5006934439,I169541294
A5010545314,I205401836
A5007529185,I172675005
A5054513302,I172675005
A5009458853,I92039331
A5087471989,I4210093078
A5065182890,I158937107
A5074594397,I4210087136
A5039937802,I39063666
A5046098033,I39063666
A5048247068,I39063666
A5043670176,I39063666
A5091888580,I39063666
A5045650669,I169541294
A5011307781,I4210101327
A5075503289,I344703621
A5085493425,I100930933
A5057713317,I100930933
A5048498009,I100930933
A5082652858,I182212641
A5079239707,I10535382
A5058687773,I162868743
A5040600525,I43579087
A5070235175,I177156846
A5087599833,I2800102766
A5016407219,I36788626
A5013920359,I32597200
A5007001727,I64295750
A5047432041,I102134673
A5019338801,I4210107733
A5083896155,I4210107733
A5018249711,I138801177
A5029804422,I71966907
A5045235248,I4210099960
A5006242646,I4210096164
A5022621183,I4210096164
A5041430435,I196486018
A5029144226,I31746571
A5004886061,I4210107233
A5081406386,I63966007
A5090539557,I172675005
A5072772215,I24676775
A5075142320,I24676775
A5043965201,I99065089
A5085534724,I193662353
A5084924744,I28290843
A5005268944,I2279609970
A5086962046,I52357470
A5059403671,I4210167018
A5005807229,I89095802
A5050370265,I885392262
A5011529695,I145286018
A5044185510,I8975392
A5006613812,I17353258
A5019172273,I169877490
A5021558563,I290598920
A5018231294,I4210108719
A5014118555,I4210108719
A5030347468,I4210088824
A5021211836,I4210088824
A5010519712,I204250578
A5058475882,I67357951
A5040603988,I67357951
A5074016320,I67357951
A5084786630,I67357951
A5047650605,I102134673
A5058883700,I204337017
A5019717058,I63966007
A5044488112,I170239107
A5086535593,I4210107233
A5036290844,I4210093049
A5055762226,I4210150315
A5020494867,I4210150315
A5048466428,I55732556
A5073158087,I55732556
A5013585339,I153718931
A5024556694,I144889574
A5061219359,I117942362
A5034840085,I1341640284
A5036662934,I1341640284
A5071026235,I1341640284
A5088794758,I174458059
A5087909840,I4210143894
A5011698013,I4210166223
A5085529760,I141568987
A5081140857,I11331106
A5083864231,I130769515
A5047168561,I102134673
A5009588248,I102134673
A5044932577,I132118926
A5060837952,I186903577
A5012444406,I4210092162
A5078920453,I4210141869
A5086102671,I90326151
A5005156221,I90326151
A5000057690,I191429286
A5010335625,I79576946
A5048552375,I1289243028
A5032231503,I1282105669
A5063652162,I4210147622
A5087470453,I1343871089
A5038437071,I200870766
A5007255618,I200870766
A5063760399,I200870766
A5025917688,I200870766
A5046571160,I130769515
A5036707796,I130769515
A5072934668,I4210138135
A5062041438,I47508984
A5090287644,I184597095
A5017870557,I2277624104
A5058838804,I74788687
A5040001719,I4210143258
A5058668148,I3019848993
A5047114006,I154130895
A5071483672,I32597200
A5022537740,I1292875679
A5009310543,I149213910
A5032077769,I161046081
A5080396989,I15059493
A5076902388,I102134673
A5076741093,I166337079
A5036511057,I11986463
A5000852304,I161318765
A5047605634,I66862912
A5053131261,I201106796
A5052301997,I184942183
A5007248485,I102134673
A5033033856,I71838634
A5050230872,I170897317
A5084937471,I113508548
A5044388139,I130343225
A5090516089,I197323543
A5089430209,I196829312
A5070451506,I153151563
A5069512650,I4210117220
A5030577536,I157227730
A5031836934,I205783295
A5034621834,I4210128819
A5050410171,I157485424
A5059013717,I36258959
A5042345984,I33096239
A5028104689,I33096239
A5079098245,I52357470
A5039781735,I64663401
A5068699319,I155765044
A5005985934,I67256668
A5063268230,I4210158089
A5042169965,I182534213
A5011466629,I99977706
A5074500104,I59738393
A5009316832,I4210153777
A5034372518,I4210144804
A5067391190,I205349734
A5008968464,I102134673
A5077008561,I102134673
A5067146138,I2802148964
A5081819615,I102134673
A5049604166,I83916355
A5044147747,I98358874
A5082803450,I127077003
A5037975948,I111088046
A5056560091,I40120149
A5053134485,I1280536761
A5070711650,I79510175
A5058018557,I79510175
A5076918526,I177463362
A5071868397,I163151358
A5003469648,I4210139483
A5008125122,I66108857
A5064822688,I2801333002
A5018464968,I193531525
A5023638199,I4210115445
A5060840397,I4210124062
A5013230909,I4210124062
A5022457839,I4210165912
A5038138844,I54459138
A5000416781,I133837150
A5004565086,I180726961
A5085914001,I4210116924
A5026769143,I250520410
A5024936393,I102134673
A5090209944,I160993911
A5015004334,I160993911
A5001588690,I160993911
A5069788604,I70983195
A5046606347,I70983195
A5027060017,I4210163363
A5073568638,I24185976
A5022077342,I130799901
A5023638199,I4210115445
A5087567209,I50357001
A5020180533,I50357001
A5076197062,I93860229
A5053225136,I59725666
A5031964906,I59725666
A5014478452,I891191580
A5052111624,I59725666
A5019358769,I107707843
A5021255849,I107707843
A5028036155,I197882922
A5085648936,I174216632
A5026615921,I55732556
A5020629788,I180910786
A5048423101,I71637028
A5008706600,I4210137154
A5009403778,I85283370
A5031169447,I187494767
A5005405734,I4210127141
A5061206076,I115715567
A5055326119,I24027795
A5022933629,I30002821
A5090657067,I95457486
A5084949004,I189590672
A5034910433,I4210127392
A5024945500,I125956826
A5027313836,I44461941
A5089657268,I159176309
A5048599491,I880766802
A5088656842,I56435720
A5061650181,I913958620
A5040883056,I4210117785
A5015332851,I4210089412
A5063793631,I4210165760
A5082630089,I86467917
A5019309075,I178535277
A5013409315,I4210086768
A5089959591,I110002522
A5056488578,I4210117220
A5000975435,I4210157510
A5059865486,I913958620
A5066494201,I80046288
A5048036610,I4577782
A5016243061,I4210134673
A5036899571,I153338809
A5038712987,I151746483
A5006966951,I223464139
A5024112187,I102607778
A5024756989,I124055696
A5009911024,I110200422
A5045990809,I4210096345
A5021670104,I133984924
A5019973225,I865915315
A5030925160,I7877124
A5017671713,I82571370
A5034936246,I91277730
A5052151922,I4210164339
A5035270195,I189712700
A5013078154,I4210087266
A5089756532,I4210124929
A5080079534,I107077323
A5001003088,I107077323
A5075462759,I4210127055
A5031326009,I4210109276
A5090718285,I118501908
A5017288503,I16038530
A5045410589,I190632392
A5009005286,I43439940
A5002445340,I79161377
A5068073661,I1330855593
A5089831646,I9617848
A5017473749,I9617848
A5037803714,I6498739
A5033949551,I154549908
A5001633349,I41832843
A5051508511,I4210100046
A5080181390,I32597200
A5076508187,I4210100046
A5041332968,I2799803557
A5069466172,I148297040
A5060902414,I2801109035
A5014873867,I141883831
A5000983039,I4210127875
A5000457620,I102134673
A5077465296,I100930933
A5059077090,I31746571
A5043739234,I4210110242
A5045112530,I121883995
A5077679547,I130828816
A5066532082,I4210125269
A5060918291,I126345244
A5049194708,I4210088951
A5085060299,I106965489
A5019203630,I102134673
A5007445956,I45084792
A5036418930,I177738480
A5070208947,I223532165
A5040892472,I4210134114
A5046653466,I9360294
A5017042977,I16292982
A5007606917,I16292982
A5017388383,I116953780
A5040046265,I4210102085
A5084143622,I4210102085
A5053184142,I102134673
A5077625109,I1328614147
A5042068959,I181369854
A5037921616,I4210153902
A5025681380,I181369854
A5002822715,I4210153902
A5062788021,I4210153902
A5064451296,I4210153902
A5032499810,I181369854
A5068230098,I4210116128
A5052020619,I87216513
A5037759536,I141595442
A5033473979,I203172682
A5009771192,I203172682
A5061846947,I203172682
A5063242852,I67031392
A5087612642,I102134673
A5029029594,I4210167018
A5035274820,I4210152422
A5020857714,I204983213
A5029475307,I204983213
A5062756194,I204983213
A5009310227,I129604602
A5069292182,I4210089144
A5018958964,I116292333
A5084644113,I94509681
A5055892736,I4210166782
A5052803333,I4210085887
A5034647327,I4210085887
A5064914434,I4210085887
A5086633120,I4210085887
A5036936081,I52357470
A5090090567,I130769515
A5016448118,I184999862
A5005448213,I184999862
A5004655124,I184999862
A5077185026,I184999862
A5066884842,I184999862
A5049059629,I184999862
A5043258522,I184999862
A5081335610,I184999862
A5091241236,I184999862
A5075891312,I184999862
A5067870613,I184999862
A5001444744,I184999862
A5065295796,I184999862
A5030052314,I184999862
A5034290462,I126307644
A5078222344,I4210087863
A5038872313,I4210087863
A5001417518,I75689368
A5004292285,I32597200
A5038509770,I56590836
A5091201289,I4210107233
A5022813752,I4210115088
A5060574132,I165779595
A5027210829,I135140700
A5058290707,I135140700
A5046907706,I135140700
A5077737512,I135140700
A5011066754,I135140700
A5088455497,I135140700
A5029092355,I135140700
A5027761977,I135140700
A5005985934,I67256668
A5023858915,I169768744
A5082181724,I169108374
A5005273293,I4577782
A5036875173,I4654613
A5057920673,I130828816
A5084652023,I4210166020
A5062358756,I124055696
A5079405118,I4577782
A5012572227,I138689650
A5067277760,I166825849
A5021744271,I166825849
A5044711688,I84884186
A5018660127,I229116131
A5055594838,I157492648
A5001770010,I157492648
A5014321225,I102134673
A5057375203,I15766328
A5049824840,I91712215
A5000956371,I151934421
A5037020023,I202963720
A5062612313,I202963720
A5087347697,I140887281
A5073063936,I4210119275
A5032954059,I177605424
A5012725444,I4210125514
A5022840676,I118892805
A5052821522,I118892805
A5002492997,I149461666
A5078682625,I149461666
A5088557829,I68368234
A5010294234,I205571821
A5040345337,I255234318
A5035956980,I8078737
A5007836692,I102064193
A5026139768,I102064193
A5032359389,I90281761
A5048831718,I4210122310
A5075762173,I4210125693
A5045286703,I4210108522
A5048629954,I157725225
A5051522866,I4210112993
A5044880947,I1351752
A5059225875,I56435720
A5016925841,I137867983
A5019375557,I4210145724
A5057451811,I82880672
A5018246603,I1118541
A5088201292,I162346809
A5021956516,I70931966
A5022509823,I14243506
A5017846232,I2801549625
A5029906183,I195731000
A5076586224,I117965899
A5017984102,I102134673
A5067610354,I181233156
A5009220389,I44852757
A5036583267,I1334329717
A5075292468,I1334329717
A5034694502,I874386039
A5091023010,I120691247
A5006140273,I41641357
A5042576292,I57206974
A5072763073,I155781252
A5051371497,I150314799
A5059088347,I4210117220
A5052362530,I166846921
A5087731727,I4210119716
A5068015318,I887968799
A5059660958,I105094715
A5067743538,I1310145890
A5002919229,I1309849503
A5023019774,I198945027
A5076891153,I189712700
A5048758245,I51556381
A5067715723,I1299907687
A5027309456,I63190737
A5003098656,I102134673
A5007741379,I91203450
A5007001727,I64295750
A5089527287,I4210101866
A5072869049,I4210101866
A5003581663,I4210164862
A5014695494,I16835326
A5014936252,I161318765
A5062351587,I107672454
A5075624633,I4210116128
A5081541767,I136199984
A5068173624,I107639228
A5019944973,I11701301
A5022547481,I72816309
A5084022068,I153976015
A5070571073,I25607154
A5054847131,I150744194
A5003267472,I146399215
A5016628075,I133984924
A5032673633,I114531698
A5055477224,I184597095
A5076154096,I4210117430
A5057463002,I85283370
A5057870704,I1306339040
A5072137882,I149213910
A5010043275,I69356397
A5054647648,I102134673
A5028740097,I114090438
A5025652541,I137469784
A5043918247,I59270414
A5033376903,I4210142533
A5005067818,I881427289
A5029260213,I185261750
A5023095072,I141945490
A5042645593,I4210117005
A5032634346,I1902872
A5018349566,I19820366
A5016547705,I197251160
A5042645593,I100445878
A5008993224,I19820366
A5066171121,I1314596251
A5046354308,I1343180700
A5070544233,I108688024
A5018438088,I5681781
A5043145803,I108688024
A5019041324,I76369901
A5091633719,I76369901
A5048422260,I49663120
A5013120793,I47508984
A5090549590,I4210128818
A5033783997,I4210128818
A5062641378,I102149020
A5017534262,I45129253
A5043510439,I155660961
A5054717936,I205783295
A5045539382,I165932596
A5090419459,I147554453
A5079154791,I1306409833
A5066305082,I165932596
A5033632230,I4210101898
A5050749326,I21250087
A5012486505,I20231570
A5086692411,I861853513
A5073730375,I11983389
A5084734006,I924572780
A5079112987,I4210124522
A5053615321,I48018076
A5056120976,I166928557
A5046185595,I70900168
A5029819514,I204831749
A5073568638,I24185976
A5003298449,I158842170
A5044443092,I27357992
A5052762681,I180726961
A5039320939,I60158472
A5056005713,I174306211
A5016122387,I26437253
A5013016113,I52669646
A5066520538,I52669646
A5027497109,I5023651
A5030931245,I205349734
A5079271436,I205349734
A5046998490,I205349734
A5055208450,I205349734
A5019913562,I241749
A5028592528,I102134673
A5074141887,I3025081897
A5034725807,I4210165735
A5050692107,I191972202
A5054189628,I79619799
A5060362716,I887064364
A5035553646,I80281795
A5023762919,I95674353
A5060102543,I184759092
A5075459877,I142263535
A5061143931,I865915315
A5010249054,I865915315
A5009718393,I117222138
A5030419884,I51556381
A5028933270,I102134673
A5042351913,I4210105216
A5025630415,I62921916
A5042210961,I62921916
A5064488080,I63135867
A5075148100,I241749
A5075292468,I874386039
A5034694502,I874386039
A5039729076,I171048554
A5088975098,I4210125075
A5050708144,I171048554
A5006166354,I184597095
A5072640757,I122991210
A5059447545,I122991210
A5083252662,I9360294
A5072434673,I83467386
A5086391323,I83467386
A5014293815,I83467386
A5001568677,I113428412
A5034647327,I4210085887
A5052803333,I4210085887
A5061416981,I3132714249
A5043776219,I3132714249
A5050870916,I3132714249
A5059766027,I118501908
A5042604128,I82495205
A5081848578,I2800365227
A5052475314,I62396329
A5079957387,I4654613
A5089575155,I150744194
A5016011886,I45084792
A5044152002,I45084792
A5016049438,I42775652
A5054389106,I146552867
A5088400668,I130769515
A5036683370,I24603500
A5024066584,I118347636
A5079147959,I161593684
A5000837692,I157674215
A5027324773,I157674215
A5090400959,I6498739
A5006631854,I102134673
A5064002639,I4210163794
A5027156159,I4210163794
A5090440513,I4210145818
A5089686987,I184886455
A5051297402,I68891433
A5048361564,I68891433
A5080985746,I160606119
A5007176508,I63966007
A5064002639,I4210163794
A5027156159,I4210163794
A5082214951,I4210094675
A5062111910,I4210114212
A5076192388,I15477984
A5067118505,I63966007
A5070860872,I905225518
A5037816423,I874609350
A5033942292,I102134673
A5080230535,I174015415
A5050981515,I2968483793
A5017161396,I4210153122
A5003471263,I204778367
A5026309239,I204778367
A5001888977,I193662353
A5074003372,I39422238
A5014341354,I102134673
A5046677038,I204778367
A5033818740,I204778367
A5055633179,I204778367
A5020019569,I204778367
A5055194079,I3039010084
A5005047709,I4210121988
A5027269321,I4210117220
A5059055671,I51556381
A5015509335,I51556381
A5045629957,I51556381
A5001788611,I10874241
A5029461718,I102134673
A5006649203,I114395901
A5027567742,I86519309
A5055732608,I102134673
A5035731144,I177477856
A5025012438,I177477856
A5000004709,I177477856
A5060200216,I177477856
A5089089696,I48071105
A5048174498,I88830068
A5055983666,I4210098364
A5019466280,I186354981
A5031108297,I68891433
A5075640143,I118892805
A5064341381,I174306211
A5006688577,I205746353
A5001384764,I71999127
A5051478544,I71999127
A5001980782,I17301866
A5018086865,I165143802
A5075250374,I21370196
A5074409158,I21370196
A5078968973,I21370196
A5081112273,I21370196
A5061050264,I21370196
A5041054091,I21370196
A5056415454,I21370196
A5052731721,I31746571
A5081224781,I130701444
A5054768123,I91136226
A5032769801,I4210121552
A5089994873,I121345201
A5057422723,I58918642
A5022255518,I921716337
A5049695343,I174216632
A5059967616,I14243506
A5059829687,I90610280
A5089202968,I158842170
A5089285362,I63098007
A5056224599,I4210087408
A5050271502,I73417466
A5032248436,I1291425158
A5064608039,I1291425158
A5037200145,I1291425158
A5000115067,I1291425158
A5022465917,I4210114212
A5052242583,I4210114212
A5013096348,I55732556
A5038836690,I76569877
A5004705547,I4210094675
A5071345719,I32062511
A5057586476,I3019848993
A5075482342,I202963720
A5033280983,I4210114863
A5010637610,I4210117220
A5030384112,I111979921
A5031389904,I4210118730
A5086954366,I4210118730
A5000429349,I6498739
A5082129894,I6498739
A5076912911,I153648349
A5002680245,I200744771
A5079554685,I97018004
A5079761829,I4210149261
A5053779211,I2799652382
A5082535573,I897542642
A5048669520,I65837984
A5036719135,I123565023
A5052131229,I123565023
A5069326301,I189590672
A5058681619,I189590672
A5010390337,I103635307
A5012703845,I136446963
A5070988819,I40347166
A5053131261,I201106796
A5025665306,I99043593
A5084863607,I151201029
A5020328816,I12524447
A5010461684,I47251452
A5040083195,I4210118730
A5069136207,I4210118730
A5049304554,I100930933
A5058774217,I202524275
A5012713624,I70936203
A5064149782,I23923803
A5045125851,I40120149
A5048290652,I124601658
A5082936216,I102134673
A5063541070,I79272384
A5079236889,I180437899
A5021152068,I79576946
A5025539382,I33459947
A5065526646,I162030827
A5008757230,I11983389
A5052719504,I85283370
A5045841076,I107470533
A5029804153,I63525965
A5013809751,I241749
A5028354383,I241749
A5070468573,I4210116730
A5026556469,I104946051
A5047181220,I17056963
A5049092755,I41802502
A5061021614,I2801488757
A5062257326,I130217899
A5070058788,I102134673
A5050501609,I130194489
A5029506183,I203951103
A5023379719,I4210137929
A5057504273,I4210137929
A5089124822,I879689382
A5018427613,I22128151
A5008156697,I4210111500
A5006360335,I67311998
A5064002639,I4210163794
A5027156159,I4210163794
A5088621425,I102134673
A5057027658,I157725225
A5006012039,I204983213
A5026898193,I204983213
A5051234799,I204983213
A5029754134,I204983213
A5000965220,I4210152289
A5018563086,I102134673
A5003521155,I3132075091
A5075419705,I222202552
A5032721001,I78974044
A5091683104,I45084792
A5081393897,I123387679
A5036019279,I123387679
A5045048407,I102134673
A5083090794,I123387679
A5075459877,I142263535
A5048625402,I2898391981
A5027282397,I38335241
A5040245429,I38335241
A5082836366,I38335241
A5086393524,I111599522
A5071164168,I111599522
A5091802290,I111599522
A5020702999,I166337079
A5015301645,I102134673
A5041626389,I82951845
A5015896033,I1326116301
A5034292557,I1326116301
A5068643781,I4210130254
A5087317151,I4210130254
A5051608927,I32971472
A5085228028,I102134673
A5051250530,I29955533
A5000751233,I197323543
A5032679417,I63966007
A5001831672,I40120149
A5075722123,I42894916
A5049398785,I4210150358
A5060763533,I124055696
A5066680347,I179097149
A5033198799,I91136226
A5042745853,I35345632
A5005866826,I193700539
A5045680211,I162714631
A5049632527,I180857899
A5085798332,I102134673
A5064002639,I4210163794
A5027156159,I4210163794
A5019007054,I143804889
A5056654254,I197854408
A5027476344,I76777374
A5063436957,I197854408
A5064136287,I186771145
A5000864714,I164861460
A5020892291,I4210132326
A5018971298,I2801105518
A5037739037,I68891433
A5079139740,I4210131288
A5061283138,I4210131288
A5022487957,I174216632
A5040125976,I4210138624
A5083463175,I4210156003
A5022835083,I142444530
A5086208264,I149461666
A5048480522,I45084792
A5085518112,I102134673
A5005337570,I3129553732
A5039480864,I67415387
A5035138204,I9224756
A5063068637,I9224756
A5008528194,I174878644
A5037299085,I102134673
A5008814570,I149461666
A5026767648,I190249584
A5014875283,I190249584
A5024770025,I190249584
A5022776935,I102134673
A5012713624,I70936203
A5021901258,I4210117005
A5039742693,I4210142254
A5043476218,I4210136805
A5048758245,I51556381
A5024610782,I71052956
A5019595376,I102134673
A5056892202,I4210108100
A5013016113,I52669646
A5066520538,I52669646
A5088869045,I4210094304
A5048174498,I88830068
A5011543481,I129862065
A5000856953,I4210105737
A5009951245,I4210089144
A5074751992,I16292982
A5017042977,I16292982
A5028740097,I114090438
A5046662602,I71437568
A5066130528,I24027795
A5039742693,I4210142254
A5021901258,I4210117005
A5011521692,I4210139483
A5032407315,I4210118258
A5008517596,I9360294
A5014629760,I177477856
A5000813701,I4210115196
A5015742012,I52418104
A5004960011,I118501908
A5024774718,I78650965
A5006030692,I4210125634
A5038699091,I4210116974
A5026816299,I4210116974
A5045770650,I4210116974
A5015940608,I4210116974
A5043498688,I4210116974
A5053469140,I2801030728
A5021901258,I4210165258
A5039742693,I4210142254
A5043476218,I4210144804
A5036652880,I4210100283
A5059351460,I63772739
A5067973166,I102134673
A5074146457,I161045824
A5016444176,I161045824
A5047555554,I161045824
A5087594003,I102134673
A5077394010,I4210104545
A5077611663,I4210104545
A5029359976,I4210104545
A5064183268,I139660479
A5021498391,I4210121988
A5068370580,I202524275
A5019696245,I102134673
A5030929146,I189158943
A5079877931,I4210131065
A5039563504,I110002522
A5019041324,I76369901
A5091633719,I76369901
A5004563431,I2803198
A5008613359,I2803198
A5071274975,I211070993
A5084505122,I71209653
A5066494201,I80046288
A5063114477,I87354575
A5033860263,I35440088
A5062357883,I20231570
A5041232755,I35440088
A5087347697,I140887281
A5066532337,I102134673
A5056179227,I4210115519
A5038372194,I83259278
A5030781096,I129604602
A5029270525,I99464096
A5037894047,I50357001
A5083180838,I2801227569
A5035086666,I193181351
A5018486397,I18167132
A5016503737,I106542073
A5053566937,I106542073
A5067655368,I106542073
A5037816423,I874609350
A5078223990,I142617266
A5050888090,I142617266
A5077832285,I231025917
A5088869045,I4210094304
A5089831646,I9617848
A5017473749,I9617848
A5079680538,I64295750
A5068596594,I102134673
A5007391698,I4210158291
A5089339704,I4210158291
A5088702266,I181369854
A5007171832,I82880672
A5007222661,I100633361
A5056447198,I921716337
A5048831651,I59433898
A5064660687,I921716337
A5030687097,I4210104430
A5021901258,I4210117005
A5038954351,I102134673
A5007218954,I2799391333
A5014495067,I38335241
A5008643048,I102134673
A5049724157,I153267046
A5060685870,I106165777
A5041873139,I183935753
A5003582833,I4210140880
A5056462970,I4210140880
A5076226851,I4210140880
A5020871436,I183935753
A5046030036,I183935753
A5019237984,I67061984
A5016864296,I173888879
A5047875943,I121748325
A5082377531,I88060688
A5057674986,I142934699
A5030033846,I4210119109
A5066777143,I4068193
A5083774363,I4068193
A5082146561,I4068193
A5028886391,I4210134114
A5007715386,I4210134114
A5080861942,I4210094675
A5026392908,I180437899
A5038147203,I172675005
A5072073374,I172675005
A5082785688,I99464096
A5063482304,I97565354
A5041689611,I4210085887
A5008993849,I4210115303
A5057674986,I142934699
A5009692837,I4210124956
A5027219664,I91450128
A5004282593,I143413998
A5011870640,I143413998
A5008993849,I4210115303
A5057674986,I142934699
A5067643590,I4210101898
A5057674986,I142934699
A5080861942,I4210094675
A5048475132,I917168660
A5081357662,I4210126779
A5022658803,I102064193
A5006137186,I102064193
A5075615461,I114112103
A5058475600,I105296287
A5057674986,I142934699
A5085929621,I122964287
A5016826957,I100930933
A5065058581,I97098773
A5054026337,I97098773
A5089868302,I141596103
A5008474318,I4210105705
A5090071529,I4210150244
A5006966951,I223464139
A5058678073,I100296615
A5041689611,I4210085887
A5035816930,I4210137929
A5056257612,I141596103
A5081334025,I31746571
A5018083511,I14396692
A5016407219,I36788626
A5048075490,I4210145724
A5052898223,I4210101698
A5037219548,I4210145724
A5066709254,I4210145724
A5040499361,I4210101698
A5035188278,I125839683
A5073256902,I125839683
A5045795555,I430641
A5000432642,I123044942
A5056569092,I876193797
A5008218695,I1282311441
A5017093934,I2801613365
A5015829118,I2801613365
A5040136820,I4210115519
A5066684090,I4210167018
A5020920051,I200432940
A5058816832,I200432940
A5043499130,I97750245
A5016574855,I4210101698
A5048075490,I4210145724
A5037219548,I4210145724
A5066709254,I4210145724
A5040720506,I4210101698
A5088241503,I193662353
A5074887428,I4210094304
A5006652905,I1292974536
A5053889460,I98704320
A5067062326,I75951250
A5087532463,I1343180700
A5038181926,I4210156869
A5035188278,I125839683
A5073256902,I125839683
A5028016065,I4210087493
A5076464455,I39824353
A5013715271,I897542642
A5022710004,I45155027
A5022840676,I141596103
A5052821522,I141596103
A5028177734,I45204951
A5076927567,I204250578
A5012406342,I51556381
A5043499130,I97750245
A5024556694,I144889574
A5010058559,I59746437
A5058323326,I69740276
A5009378471,I255234318
A5067758248,I21370196
A5015550807,I91045830
A5009911041,I25217355
A5037271099,I106542073
A5049507162,I4210115519
A5000851572,I4210166268
A5059608759,I4210122744
A5088271064,I4210097418
A5047893446,I130701444
A5032056508,I125749732
A5025474694,I4210143826
A5066608996,I78577930
A5083194558,I97750245
A5024556694,I144889574
A5047893446,I130701444
A5057515348,I125749732
A5025474694,I4210143826
A5066608996,I78577930
A5021520315,I129043915
A5022459394,I129043915
A5088665937,I4210148060
A5058768233,I194028371
A5032928854,I4210148195
A5027581501,I3124969661
A5035695000,I4210117005
A5057731203,I86467917
A5005427753,I205640436
A5010998870,I2799600842
A5018887199,I203474044
A5021491998,I203474044
A5016944686,I4210103207
A5031672975,I203474044
A5040777773,I145722265
A5000851902,I55732556
A5051857079,I55732556
A5081115472,I55732556
A5008473374,I16391192
A5090657067,I95457486
A5090440513,I4210145818
A5043945029,I4210115519
A5041627571,I36448004
A5036473782,I87424562
A5053981414,I217663830
A5012444406,I4210092162
A5050841896,I160856358
A5028898755,I66108857
A5017670243,I94734805
A5077625109,I1328614147
A5013488024,I157286207
A5048698192,I161371597
A5001986172,I161371597
A5005117665,I161371597
A5045447396,I4210113150
A5020729884,I60053951
A5036677589,I4210143738
A5086764360,I130238516
A5084069506,I887968799
A5012221320,I4210143803
A5026013696,I4210130160
A5048543932,I45204951
A5047664773,I171543936
A5043347335,I392282
A5048448258,I45084792
A5016174489,I176453806
A5054710928,I211738395
A5050279461,I53964585
A5087675371,I4210129773
A5069319868,I4210107451
A5039318171,I170979836
A5047895060,I197465736
A5086022540,I131729948
A5090657067,I95457486
A5078659142,I145325580
A5091397108,I887968799
A5090657067,I95457486
A5080187138,I91277730
A5088241503,I887064364
A5081848578,I2800365227
A5052475314,I62396329
A5079957387,I4654613
A5004393034,I142108993
A5000100573,I142108993
A5009138721,I149672521
A5042026379,I32971472
A5084006380,I102134673
A5013959907,I169108374
A5056069735,I49663120
A5076802775,I49663120
A5027492662,I169108374
A5007219843,I128046966
A5062964343,I1285119806
A5051841315,I109705148
A5065041240,I4210106796
A5076570969,I32592955
A5068036546,I1322124587
A5025012064,I79272384
A5057674986,I142934699
A5021491737,I1351752
A5085639025,I121883995
A5018775815,I174058017
A5030691900,I186246823
A5082943929,I126231945
A5035993068,I874055015
A5046140979,I874055015
A5068292674,I4210129023
A5055072173,I4210091592
A5045447418,I25112270
A5036763862,I192756129
A5033268203,I143804889
A5015104663,I4210134356
A5053042574,I1314596251
A5060576521,I21449261
A5038843295,I83019370
A5004738943,I121934306
A5023502749,I204983213
A5059728494,I204983213
A5024674359,I204983213
A5000541179,I204983213
A5029754134,I204983213
A5037668386,I52099693
A5044949020,I4210127875
A5085985351,I181647926
A5014269289,I2614128279
A5070914351,I154425047
A5057437879,I119217307
A5083701620,I887064364
A5042858264,I45129253
A5003469648,I4210139483
A5060576521,I21449261
A5028639654,I94624287
A5048105169,I47508984
A5071205744,I154338468
A5076270155,I87547150
A5080031269,I87547150
A5060243505,I192396691
A5003255279,I149919469
A5076270155,I87547150
A5015808667,I63098007
A5019193550,I63098007
A5011076740,I10824318
A5046370637,I110200422
A5045978751,I110200422
A5049335972,I164936912
A5065054480,I60065076
A5003640789,I126345244
A5085487073,I60065076
A5003469648,I4210139483
A5018149079,I44461941
A5044940827,I193700539
A5081357662,I4210126779
A5022658803,I102064193
A5006137186,I102064193
A5067643590,I4210101898
A5014827780,I91712215
A5057674986,I142934699
A5024703801,I188538660
A5067609002,I188538660
A5046665823,I188538660
A5049398785,I4210150358
A5060763533,I124055696
A5066680347,I179097149
A5013266148,I143002897
A5061469691,I91136226
A5042745853,I35345632
A5005866826,I193700539
A5038096249,I135310074
A5067228330,I4210138704
A5030109986,I4210151160
A5040374672,I4210115584
A5064887259,I3133099055
A5000813701,I4210115196
A5015742012,I52418104
A5078147241,I13469542
A5009305087,I13469542
A5082535573,I897542642
A5046630253,I71267560
A5083440261,I4210088668
A5086441180,I4210126640
A5088235676,I71715416
A5014987643,I4210113342
A5003849047,I165339363
A5077899424,I47151758
A5047932202,I4210165805
A5077254831,I2799535048
A5025565543,I4210165805
A5026536318,I4210165805
A5016618286,I2738703131
A5051697772,I28221208
A5037332948,I2802330208
A5088738795,I2802330208
A5048379980,I4210136798
A5072739193,I4210136798
A5012292616,I4210107720
A5031572520,I2738703131
A5013190596,I2738703131
A5041146664,I4210140930
A5028754666,I4210140930
A5039584836,I2801356230
A5068543892,I4210107720
A5074885928,I4210107720
A5071655967,I4210107720
A5043327775,I4210089144
A5062906790,I4210089144
A5012748071,I7454413
A5056588536,I4210136798
A5060690216,I4210136798
A5019192130,I4210140930
A5039217965,I4210112067
A5066835422,I95583923
A5040561508,I2801356230
A5059439673,I206945453
A5080510693,I2801356230
A5002747181,I4210089144
A5040324682,I19370010
A5056965097,I2801356230
A5041326453,I4210140930
A5022828632,I4210140930
A5023833979,I4210148559
A5073373203,I4210148559
A5075497720,I4210127572
A5068365822,I4210148559
A5049170646,I4210148559
A5041322005,I4210148559
A5049170646,I4210089144
A5057674986,I142934699
A5070041767,I4210089655
A5090062144,I4210089655
A5012906070,I98805295
A5054103414,I165799507
A5004705547,I4210094675
A5001568677,I113428412
A5034647327,I4210085887
A5052803333,I4210085887
A5058153832,I99464096
A5088058697,I99464096
A5026049277,I99464096
A5071795315,I99464096
A5003695482,I99464096
A5085515488,I99464096
A5020423656,I99464096
A5054983918,I99464096
A5052343288,I99464096
A5041243287,I99464096
A5085317891,I99464096
A5038096249,I135310074
A5057674986,I142934699
A5001771133,I94624287
A5019842178,I4210139825
A5036503167,I188760350
A5070093758,I114090438
A5026988679,I33256026
A5021839147,I255234318
A5089923187,I255234318
A5014394467,I189196454
A5040463511,I170201317
A5017776974,I4210116506
A5017752962,I1305343817
A5042146924,I1297288678
A5066277213,I4210139985
A5040658472,I173911158
A5011085340,I2801333002
A5067532367,I63190737
A5006183071,I103635307
A5003469648,I4210139483
A5067950570,I55741626
A5076192388,I15477984
A5074625888,I78768387
A5062508896,I4210090537
A5004195226,I4210090537
A5042552170,I56435720
A5016925841,I137867983
A5019375557,I4210145724
A5057451811,I82880672
A5043989022,I4210101866
A5084471742,I4210152422
A5071931582,I2252078561
A5068239690,I63634437
A5085908375,I134560555
A5014684476,I138689650
A5005142900,I4210087136
A5053604201,I4210087136
A5036652880,I4210100283
A5018230304,I4210089617
A5055983666,I4210098364
A5019466280,I186354981
A5031108297,I68891433
A5004191261,I60053951
A5075313163,I134560555
A5053947754,I60053951
A5060385239,I7882870
A5043623018,I79189158
A5091166133,I55913730
A5074731089,I878454856
A5041243287,I99464096
A5037987949,I99464096
A5066680347,I179097149
A5061469691,I91136226
A5003469648,I4210139483
A5060082596,I4210112285
A5080577288,I4210103063
A5054239976,I4210100019
A5070041767,I4210089655
A5090062144,I4210089655
A5002185269,I56435720
A5008743721,I24676775
A5021649700,I4210100404
A5053988311,I4210107411
A5059403671,I4210167018
A5024556694,I144889574
A5010058559,I21370196
A5012135966,I4210139124
A5055172844,I4210139124
A5060333745,I4210089144
A5038228433,I157066012
A5081591999,I1282311441
A5051508511,I4210100046
A5076508187,I4210100046
A5041332968,I2799803557
A5069466172,I148297040
A5060902414,I2801109035
A5014873867,I141883831
A5047963487,I59807433
A5087689916,I31595395
A5064669606,I100296615
A5090741987,I4210124102
A5062901299,I4210115900
A5045260328,I203172682
A5050101853,I203172682
A5073261976,I203172682
A5079589122,I203172682
A5044141437,I203172682
A5064133173,I142974352
A5020791896,I881427289
A5026919456,I51195161
A5066945728,I142822886
A5042138405,I114531698
A5031703549,I4210129721
A5060498232,I112859197
A5023694897,I875944469
A5057237492,I55124831
A5069121941,I4210160465
A5081570627,I44504214
A5088653883,I44504214
A5024556694,I144889574
A5058323326,I69740276
A5012189192,I180941496
A5042534092,I4210151816
A5090982699,I102134673
A5064600777,I28407311
A5034469128,I51216347
A5024342437,I82951845
A5086445784,I14243506
A5055314785,I82951845
A5073803020,I4210134128
A5059691207,I179647637
A5090292269,I179647637
A5047254436,I179647637
A5007202295,I4210165339
A5022992033,I145286018
A5038976203,I84218800
A5085195634,I145286018
A5041238460,I202502355
A5067976836,I4210132107
A5024631382,I40053085
A5038338684,I16609230
A5042664128,I151746483
A5034991014,I16609230
A5035936080,I4210142348
A5077232157,I158842170
A5003126186,I151746483
A5045565571,I125839683
A5082115266,I3006985408
A5042489127,I59270414
A5044686680,I4210116740
A5049583553,I113456305
A5029479248,I99464096
A5051531853,I4210139483
A5007347603,I83642850
A5032210804,I4210150146
A5034269497,I142263535
A5060023482,I188801361
A5053661674,I2898391981
A5059847817,I16391192
A5068188588,I16391192
A5019760928,I4210146074
A5051442365,I173888879
A5013803109,I145487455
A5000604608,I67900169
A5019773814,I4210112433
A5066238119,I149461666
A5082535573,I26437253
A5075949977,I897542642
A5010610487,I26437253
A5025841244,I26437253
A5075933701,I124227911
A5070244456,I913140155
A5039065211,I26437253
A5050326510,I151746483
A5028561811,I4210118101
A5065850107,I151746483
A5082535573,I897542642
A5059371010,I151746483
A5088510930,I21642278
A5015057910,I133738476
A5031933061,I119003972
A5049986671,I4210091119
A5051056050,I2802928900
A5055677857,I102134673
A5064996021,I145894827
A5049426113,I145894827
A5053228252,I51504820
A5050567865,I9842412
A5030274894,I192455969
A5007401571,I9842412
A5061275811,I164936912
A5050336403,I150729083
A5040462263,I186246823
A5010855691,I110166357
A5018703681,I146773158
A5076006520,I143413998
A5017093934,I2801613365
A5015829118,I2801613365
A5075271121,I4210115519
A5019923976,I4210115519
A5083081513,I4210155016
A5031115969,I59361560
A5008334023,I26538001
A5031390248,I4210126619
A5017093934,I2801613365
A5019248564,I78577930
A5053236389,I4210145309
A5039970666,I4210103597
A5052246884,I4210115445
A5057560797,I124055696
A5079763185,I4210115519
A5082471157,I138006243
A5090552509,I4210086158
A5036763862,I889315371
A5057150812,I4068193
A5064720940,I3131550300
A5082929344,I4210121906
A5016007997,I146416000
A5077151661,I4210102957
A5082870145,I4210102957
A5042153476,I98389781
A5075740003,I98389781
A5036646258,I4210116002
A5089475466,I4210115519
A5066096051,I4210115519
A5085191745,I165779595
A5077231004,I4210087136
A5015920101,I4210122305
A5007054746,I4210122305
A5086573660,I4210110792
A5087089729,I4210116740
A5018707945,I100296615
A5016198475,I4210094675
A5005275845,I4210114212
A5026275444,I4210109224
A5085335307,I4210109224
A5008051893,I2801658355
A5085163349,I2801658355
A5003469648,I4210139483
A5024074640,I169381384
A5019760928,I4210146074
A5074887428,I4210094304
A5035522197,I4210131745
A5033178923,I4210088387
A5083523340,I223532165
A5003584200,I57206974
A5014118555,I4210122476
A5075318719,I4210122476
A5043989022,I4210101866
A5009022005,I19648265
A5037053980,I2801537753
A5003032765,I4210104197
A5075902303,I4210104197
A5038913522,I4210104197
A5020054788,I4210115485
A5025840344,I4210129108
A5004914839,I130701444
A5014629760,I177477856
A5012758634,I4210145724
A5003029875,I32597200
A5047154781,I4210100762
A5044453604,I4210093196
A5088884307,I4210093196
A5055489124,I4210093196
A5032829313,I160727737
A5073005938,I4210089617
A5028386277,I4210089617
A5053613060,I142899784
A5024074640,I169381384
A5056179227,I4210115519
A5038372194,I83259278
A5056079279,I204250578
A5078781803,I4210116740
A5032210804,I4210150146
A5051508511,I4210100046
A5076508187,I4210100046
A5069466172,I922237871
A5036503167,I188760350
A5070093758,I114090438
A5089923187,I255234318
A5091474891,I926574661
A5066680347,I179097149
A5061469691,I91136226
A5052246884,I4210115445
A5014906860,I4210131315
A5028391099,I4210112333
A5072237165,I4210131315
A5058651667,I171048554
A5012042569,I4210100433
A5037107679,I76835614
A5074588447,I123900574
A5051784384,I32597200
A5054933494,I848706
A5077257372,I4210140143
A5000531931,I76835614
A5056615388,I39534123
A5075660600,I4210101314
A5073899356,I4210089617
A5027962058,I125749732
A5064239794,I2801333002
A5010047975,I4210118226
A5081814474,I204136569
A5037166380,I4210132107
A5085235281,I4210109813
A5078404504,I107639228
A5007123290,I86519309
A5089983776,I79891267
A5068643465,I125839683
A5063196700,I125839683
A5008718829,I125839683
A5031667486,I4210089655
A5014604100,I4210089655
A5070041767,I4210089655
A5061819639,I99682543
A5057620937,I4210152658
A5088329728,I4210152658
A5013780852,I4210104430
A5041387017,I99682543
A5017093934,I2801613365
A5015829118,I2801613365
A5000083284,I4210134114
A5053823442,I4210134847
A5018230304,I4210089617
A5053443627,I1662191
A5025840344,I4210129108
A5004914839,I130701444
A5014830457,I102134673
A5067643590,I4210101898
A5053131261,I201106796
A5041711577,I51195161
A5084300718,I55215948
A5065100828,I162827531
A5091609490,I55215948
A5062598192,I97553796
A5014906860,I4210131315
A5028391099,I4210112333
A5072237165,I4210131315
A5058651667,I171048554
A5078147241,I13469542
A5009305087,I13469542
A5082535573,I897542642
A5046630253,I71267560
A5013756042,I120691247
A5023638199,I4210115445
A5024074640,I169381384
A5042746008,I39063666
A5061987807,I75390827
A5051508511,I4210100046
A5076508187,I4210100046
A5069466172,I922237871
A5040900494,I158123994
A5030138295,I922474255
A5076269668,I22465464
A5088634729,I352274
A5001872371,I4210127953
A5040331640,I190249584
A5084575366,I4092182
A5043933501,I4210127953
A5037531073,I4210091440
A5016547705,I197251160
A5029564431,I197251160
A5000506517,I193181351
A5043724767,I193181351
A5084568389,I193181351
A5032291825,I55547365
A5059762554,I4210088809
A5069681638,I33162209
A5048887908,I4210108167
A5065635061,I41775361
A5077394320,I55547365
A5089916092,I158248296
A5082743088,I204881574
A5023880784,I115475287
A5051439492,I41156924
A5051536816,I129774422
A5018663904,I19894307
A5051371191,I56067802
A5077264814,I4210094618
A5037464371,I204553293
A5070039497,I102134673
A5076902903,I4210114766
A5065995328,I4210114766
A5069931149,I4210114766
A5042676602,I102134673
A5051805730,I139759216
A5060417049,I139759216
A5074731089,I878454856
A5041243287,I99464096
A5037987949,I99464096
A5026049277,I99464096
A5051508511,I4210100046
A5076508187,I4210100046
A5069466172,I922237871
A5090459863,I137265193
A5046388029,I74885063
A5067756783,I74885063
A5000950022,I74973139
A5074197492,I1174212
A5023772121,I63920570
A5072774939,I51556381
A5014524270,I36399199
A5071317221,I9842412
A5052909822,I74872605
A5037742943,I76130692
A5075706813,I76130692
A5022437507,I4210164098
A5049794636,I170897317
A5043744703,I8087733
A5000852304,I161318765
A5091153175,I5124864
A5015918473,I172901346
A5077028946,I865915315
A5051508511,I4210100046
A5076508187,I4210100046
A5041332968,I2799803557
A5069466172,I148297040
A5060902414,I2801109035
A5014873867,I141883831
A5062808804,I290407205
A5041317031,I4210145126
A5058648644,I39333907
A5054429473,I39333907
A5012216401,I183067930
A5065964368,I47508984
A5070050188,I14243506
A5042251906,I177725633
A5006020989,I182980787
A5089612078,I138689650
A5030303318,I4210100283
A5086489846,I4210100283
A5054323140,I4210100283
A5039448568,I4210100283
A5084841425,I119004910
A5044575628,I4210134249
A5021189595,I4210134249
A5090036050,I4210165912
A5036868977,I142899784
A5059106198,I2799491702
A5062603092,I141883831
A5005608617,I141883831
A5063937090,I141883831
A5074043119,I4210104872
A5021318666,I74969885
A5051775576,I4210162777
A5088421834,I4210094909
A5074855142,I4210094909
A5080684526,I137534880
A5064899958,I4210135186
A5017063207,I4210117998
A5080506704,I4210104872
A5054482000,I74969885
A5044871979,I904090387
A5053839132,I4210155769
A5020671839,I154099455
A5055072173,I4210091592
A5090031819,I12834331
A5026436576,I125839683
A5047751087,I122140584
A5042509798,I122140584
A5081715462,I84218800
A5009164482,I4210116924
A5085737109,I55215948
A5086513981,I97565354
A5051128033,I191208505
A5091077877,I122228004
A5081603363,I153718931
A5088568415,I174458059
A5078910758,I137902535
A5018293076,I36258959
A5061205700,I165932596
A5034869155,I173288447
A5046460155,I183533211
A5042022332,I45084792
A5078015739,I151746483
A5029702945,I160856358
A5038514283,I157696592
A5021226854,I69356397
A5027063601,I51569856
A5014071998,I139322472
A5038352672,I102913810
A5030503109,I98677209
A5000736647,I154425047
A5013968002,I2803050950
A5027144414,I167360494
A5069339219,I131249849
A5015201403,I158248296
A5078071076,I158248296
A5087451137,I40034438
A5018293076,I36258959
A5090891133,I58610484
A5026250667,I4210155201
A5056113267,I2800710378
A5031523805,I129774422
A5027451557,I24676775
A5002095656,I24676775
A5085820919,I161593684
A5046231667,I4210121988
A5079483929,I82284825
A5065925589,I82284825
A5001264416,I154757721
A5011944925,I54459138
A5008306743,I157392197
A5061340818,I26072440
A5026458226,I102134673
A5077694201,I102134673
A5010283953,I4210144925
A5045929873,I154099455
A5046695988,I143302722
A5047433672,I4210098116
A5018219517,I4210098116
A5083242778,I122725048
A5046231667,I4210121988
A5057105042,I39343248
A5079006873,I102134673
A5024549341,I37796252
A5085117395,I92403157
A5060494556,I37796252
A5076199370,I102134673
A5064180238,I39555362
A5052247363,I43439940
A5020377758,I4210134697
A5017594367,I4210161954
A5016500348,I4210106879
A5023928504,I90425906
A5008369837,I90425906
A5008369188,I91277730
A5025586090,I44852757
A5084479139,I204778367
A5042518197,I204778367
A5006247366,I159176309
A5041522926,I99065089
A5050750282,I93860229
A5061561391,I157725225
A5082410723,I4210091866
A5046231667,I4210121988
A5075834747,I1288043984
A5049801369,I49332381
A5076270155,I87547150
A5042145194,I9224756
A5086566321,I51216347
A5043499130,I145847075
A5076321711,I154570441
A5003774789,I122147150
A5002927216,I4210150889
A5074382075,I91083438
A5079588173,I91083438
A5012153542,I9617848
A5013105637,I47720641
A5065569192,I96636082
A5048919378,I102134673
A5027492662,I169108374
A5033061949,I111599522
A5078975428,I143868143
A5085001366,I111599522
A5028730873,I212119943
A5064997871,I67031392
A5029384695,I212119943
A5083229405,I212119943
A5050700493,I4210129773
A5041232919,I130828816
A5079692543,I173911158
A5080596920,I51556381
A5055895817,I51556381
A5008616263,I51556381
A5074242042,I51556381
A5091103447,I5124864
A5077604183,I159176309
A5006902577,I4210141454
A5018540993,I23277345
A5005506314,I4210141454
A5055072173,I4210091592
A5082612236,I204136569
A5059273559,I152238500
A5076619123,I157485424
A5078570390,I205237279
A5067164243,I66867065
A5084886312,I66867065
A5025413633,I66867065
A5005228053,I114017466
A5060670677,I68368234
A5087721245,I59361560
A5040031875,I31721044
A5035011592,I4061448
A5033880574,I121797337
A5091103447,I5124864
A5022848392,I165932596
A5070328257,I90546491
A5057105042,I39343248
A5002932153,I98677209
A5047580007,I67009956
A5022433543,I67009956
A5028587584,I2800301432
A5086780327,I4210129039
A5026716441,I3130511786
A5032706099,I3130511786
A5074100333,I142208455
A5079220797,I180726961
A5000717022,I4210094264
A5083939984,I189712700
A5047667618,I72677176
A5059000010,I4210156902
A5042249115,I19833938
A5043498106,I114017466
A5034521535,I114017466
A5051406984,I114017466
A5039052318,I201448701
A5086788251,I185261750
A5076872458,I59897056
A5051508511,I4210100046
A5076508187,I4210100046
A5069466172,I922237871
A5056728597,I135237710
A5049482611,I76569877
A5088557829,I68368234
A5035243277,I68368234
A5090411877,I58956616
A5062429950,I58956616
A5038022020,I900159353
A5002798481,I170726198
A5003671509,I58956616
A5024916657,I160993911
A5051508511,I4210100046
A5076508187,I4210100046
A5041332968,I2799803557
A5069466172,I148297040
A5060902414,I2801109035
A5014873867,I141883831
A5010074487,I156087764
A5057089451,I156087764
A5042249115,I19833938
A5027125253,I4210160733
A5087697082,I4210160733
A5044139676,I102134673
A5037855900,I116953780
A5008939878,I27357992
A5080320023,I27357992
A5002737786,I154570441
A5091103447,I5124864
A5045036423,I95746587
A5050001967,I4210133642
A5074034743,I2279609970
A5014155376,I111398093
A5083185604,I56934997
A5083222672,I6469544
A5088182718,I4210130476
A5090252826,I84392919
A5018996307,I928334797
A5083877664,I3020488725
A5050079048,I55547365
A5002339270,I141945490
A5045839835,I94658018
A5062643597,I158842170
A5087967463,I126520041
A5001671734,I41198531
A5073454381,I114017466
A5038329998,I172675005
A5000582423,I188329596
A5071300236,I4210120471
A5060551593,I4210120471
A5006433776,I4210120471
A5056512471,I4210120471
A5065716990,I4210120471
A5060778711,I4210120471
A5087089729,I4210116740
A5018707945,I100296615
A5068338482,I124113063
A5063377472,I1314135232
A5086818749,I24245652
A5061423020,I75027704
A5039426918,I75027704
A5048292724,I75027704
A5009283160,I186354981
A5082330879,I103320735
A5029335413,I2800173700
A5046231667,I4210121988
A5050012170,I929597975
A5076337994,I887064364
A5088266860,I12093191
A5036742614,I4210143137
A5061198599,I102134673
A5088525737,I102134673
A5033813017,I4210100046
A5076508187,I4210100046
A5041332968,I2799803557
A5069466172,I148297040
A5060902414,I2801109035
A5014873867,I141883831
A5013239951,I52066220
A5084063693,I52354020
A5048711005,I4210151833
A5081380037,I16609230
A5053837143,I16609230
A5087089729,I4210116740
A5018707945,I100296615
A5091104541,I27837315
A5071926892,I189196454
A5017330607,I189196454
A5026807509,I189196454
A5042848117,I189196454
A5075873122,I202697423
A5075863431,I41156924
A5034291270,I2801518579
A5062585774,I14243506
A5012589797,I7888777
A5010788642,I7888777
A5078582601,I102134673
A5020085889,I146655781
A5048979254,I146655781
A5074225885,I23923803
A5016939864,I90610280
A5026108139,I78037679
A5041937020,I78037679
A5064348917,I78037679
A5012589797,I7888777
A5010788642,I7888777
A5082066723,I113940042
A5068120408,I57093077
A5033355107,I82880672
A5071128556,I82880672
A5003602842,I82880672
A5041152085,I153267046
A5046231667,I4210121988
A5037556070,I166088655
A5027381652,I166088655
A5029461718,I102134673
A5081790588,I102134673
A5084165113,I4210133459
A5080585838,I186272606
A5038859708,I2801919071
A5028250365,I79891267
A5036396315,I121797337
