id,name,ror,country-code,type
I21669347,Atlantic University,https://ror.org/04ykrg907,US,education
I2800274787,"Fraunhofer Institute for Telecommunications, Heinrich Hertz Institute",https://ror.org/02tbr6331,DE,facility
I1311968801,Corporation for National Research Initiatives,https://ror.org/02jdkag88,US,nonprofit
I40246663,Chinese Academy of Engineering,https://ror.org/00z3yke57,CN,other
I2802668162,United Services Automobile Association,https://ror.org/00ymj2634,US,other
I2800747041,Korea Aerospace Research Institute,https://ror.org/037pqnq23,KR,government
I84009706,École Nationale de la Statistique et de l'Administration Économique,https://ror.org/01fz7mn40,FR,education
I885143765,ABB (Switzerland),https://ror.org/00ks5vt51,CH,company
I1305444813,Capital One (United States),https://ror.org/00svp7168,US,company
I4210102208,Xsens (Netherlands),https://ror.org/0190g0e24,NL,company
I1316064682,LinkedIn (United States),https://ror.org/02fyxhe35,US,company
I136848882,Optech (Canada),https://ror.org/03njz2k95,CA,company
I4210153103,Marcus (United States),https://ror.org/04rcck644,US,company
I11317958,Seattle Pacific University,https://ror.org/02gzbg991,US,education
I114432678,Tafila Technical University,https://ror.org/04jzmk773,JO,education
I1333512998,United States Census Bureau,https://ror.org/01qn7cs15,US,government
I1293631320,American Institutes for Research,https://ror.org/00490n048,US,nonprofit
I4210122684,Sony Computer Science Laboratories,https://ror.org/02nc46417,JP,facility
I4264650,Islamic University of Science and Technology,https://ror.org/02kdtt649,IN,education
I91481961,Mills College,https://ror.org/01ynb8e46,US,education
I4210139312,Optimal Synthesis (United States),https://ror.org/03a3x6z66,US,company
I4210159153,MEMX (United States),https://ror.org/04ksf9y74,US,company
I4210146698,Haiphong Private University,https://ror.org/04gb9ay54,VN,education
I1342477950,Central Bank of Brazil,https://ror.org/01h7jse56,BR,other
I2251713219,NTT (Japan),https://ror.org/00berct97,JP,company
I886710535,DeciBel Research (United States),https://ror.org/00farq383,US,company
I55240360,Yeungnam University,https://ror.org/05yc6p159,KR,education
I75381157,Wilfrid Laurier University,https://ror.org/00fn7gb05,CA,education
I88447708,Kentucky State University,https://ror.org/05xh8jn56,US,education
I4210103918,Institute of Biophysics and Biomedical Engineering,https://ror.org/01dxqkr82,BG,facility
I4210146268,Abergavenny Museum,https://ror.org/04bfhdd88,GB,archive
I1284598098,King Abdulaziz City for Science and Technology,https://ror.org/05tdz6m39,SA,facility
I4210087166,Max Planck Institute for Ornithology,https://ror.org/00178eg98,DE,facility
I7495430,Idiap Research Institute,https://ror.org/05932h694,CH,facility
I179450942,Anatolia College,https://ror.org/04cchyf16,GR,education
I4210153468,Microsoft (Canada),https://ror.org/04xhxg104,CA,company
I2800906181,St. Petersburg Department of Steklov Institute of Mathematics,https://ror.org/030h9s280,RU,facility
I137230718,Ingenieurgesellschaft Auto und Verkehr (Germany),https://ror.org/00j4h9q86,DE,company
I4210098188,Laboratori Guglielmo Marconi (Italy),https://ror.org/01r3vad87,IT,company
I3018837529,Central University of Las Villas,https://ror.org/01cdy6h50,CU,education
I181679659,Shanghai University of Finance and Economics,https://ror.org/00wtvfq62,CN,education
I4210141323,DM-STAT (United States),https://ror.org/036gzc033,US,company
I24193003,Ricoh (Japan),https://ror.org/02h4myp42,JP,company
I4210151799,Siemens Healthcare (United States),https://ror.org/054962n91,US,company
I89312276,Plymouth State University,https://ror.org/00fpz4c36,US,education
I96268669,Okan University,https://ror.org/054d5vq03,TR,education
I4210159451,Kodak (United States),https://ror.org/04rn3ph18,US,company
I57298602,Alcorn State University,https://ror.org/00dr54257,US,education
I916541031,University of Colima,https://ror.org/04znxe670,MX,education
I4210125045,Princeton Satellite Systems (United States),https://ror.org/02ma2ny91,US,company
I4210090857,Schlumberger (United States),https://ror.org/009m79n22,US,company
I4210150892,Western Norway University of Applied Sciences,https://ror.org/05phns765,NO,education
I4210145819,Art and Design University of Cluj-Napoca,https://ror.org/04gbk4749,RO,education
I1334704838,Transport Canada,https://ror.org/0238rs311,CA,government
I169864488,Abubakar Tafawa Balewa University,https://ror.org/019vfke14,NG,education
I4210129961,IBM (India),https://ror.org/034ahpr11,IN,company
I69768126,Hull York Medical School,https://ror.org/0003e4m70,GB,education
I4210123805,Instituto de Aeronáutica e Espaço,https://ror.org/025n1fp68,BR,other
I4210116141,Marin Community Foundation,https://ror.org/02cx4j151,US,nonprofit
I4210127358,AID Atlanta,https://ror.org/02b2x6q12,US,nonprofit
I4210113297,Google (United Kingdom),https://ror.org/024bc3e07,GB,company
I4210150647,Public Health Service of Amsterdam,https://ror.org/042jn4x95,NL,healthcare
I4210156930,Earth and Space Research,https://ror.org/055mfda29,US,nonprofit
I4210093736,Visual Solutions (Norway),https://ror.org/00fxawc57,NO,company
I187398979,Favaloro University,https://ror.org/05s004555,AR,education
I207123951,New Mexico Institute of Mining and Technology,https://ror.org/005p9kw61,US,education
I4210130889,Islamic Azad University Shabestar,https://ror.org/03b49d241,IR,education
I44265643,Rowan University,https://ror.org/049v69k10,US,education
I4210121047,Institute of Mathematical Machines and Systems Problems,https://ror.org/034m0w958,UA,facility
I197173980,Southeastern Louisiana University,https://ror.org/0531xck41,US,education
I4210109053,Alaska Fisheries Science Center,https://ror.org/01h7fye62,US,government
I202376891,Sarhad University of Science and Information Technology,https://ror.org/04dx2y384,PK,education
I4210120100,FATA University,https://ror.org/02tm1xq35,PK,education
I126638653,South Texas College,https://ror.org/03038ad20,US,education
I97699614,Abu Dhabi National Oil (United Arab Emirates),https://ror.org/010e8pt90,AE,company
I124121301,Lucian Blaga University of Sibiu,https://ror.org/026gdz537,RO,education
I24227732,University of Applied Sciences Ravensburg-Weingarten,https://ror.org/00s4rmz74,DE,education
I4210138186,Wuhan National Laboratory for Optoelectronics,https://ror.org/03c9ncn37,CN,facility
I4210124763,National Instruments (United States),https://ror.org/026exqw73,US,company
I1336375059,Goethe Institute,https://ror.org/05g6zgq36,GB,nonprofit
I4210112098,National University,https://ror.org/01zjrck77,US,education
I98559091,Rzeszów University,https://ror.org/03pfsnq21,PL,education
I27599042,Xi'an Polytechnic University,https://ror.org/03442p831,CN,education
I4210117282,Hanby Environmental (United States),https://ror.org/02mdvw277,US,company
I68695296,"Indian Institute of Information Technology and Management, Kerala",https://ror.org/02w9cdh50,IN,education
I103356709,Óbuda University,https://ror.org/00ax71d21,HU,education
I4210145583,Bioengineering Center,https://ror.org/04f0ydx59,RU,facility
I4210105615,Central Institute of Mental Health,https://ror.org/01hynnt93,DE,healthcare
I4210163172,Environmental Earth Sciences,https://ror.org/04rnwed46,AU,other
I177918364,Providence University,https://ror.org/03fcpsq87,TW,education
I4210094966,Marwadi Education Foundation,https://ror.org/00my7df95,IN,education
I4210144576,Fraunhofer Institute for Intelligent Analysis and Information Systems,https://ror.org/04nc32781,DE,facility
I160262251,Thompson Rivers University,https://ror.org/01v9wj339,CA,education
I4210124484,Directorate-General for Interpretation,https://ror.org/03728bb41,BE,government
I4210144795,Institut Für Angewandte Kulturforschung,https://ror.org/04dmgcf89,DE,nonprofit
I2801562428,Alenia Aermacchi,https://ror.org/05mmh5r64,IT,company
I4210139749,Engineering Arts (United States),https://ror.org/04g1y2z78,US,company
I165526535,Royal College of Art,https://ror.org/01egahc47,GB,education
I4210139398,Pflugerville Independent School District,https://ror.org/04tpen147,US,education
I39706905,German University of Technology,https://ror.org/055hq4920,OM,education
I163161326,Neumann University,https://ror.org/02sak2w47,US,education
I79889768,Federal University of Alagoas,https://ror.org/00dna7t83,BR,education
I2800826735,Grand Egyptian Museum,https://ror.org/05f9b5v38,EG,archive
I885507782,East West University,https://ror.org/05p0tzt32,BD,education
I4210085935,IBM Research - Almaden,https://ror.org/005w8dd04,US,facility
I4210156213,American Rock Mechanics Association,https://ror.org/05vfrxy92,US,nonprofit
I41341903,Saint Ambrose University,https://ror.org/0405thq08,US,education
I4210113276,Cox & Company (United States),https://ror.org/0230prd66,US,company
I173755004,Universidad Michoacana de San Nicolás de Hidalgo,https://ror.org/00z0kq074,MX,education
I94588446,Hongik University,https://ror.org/00egdv862,KR,education
I2802368776,Central Economics and Mathematics Institute,https://ror.org/02n937p61,RU,facility
I4210124380,Kemerovo Cardiology Center,https://ror.org/03gnxmx77,RU,healthcare
I4210112027,State Academic University of Humanities,https://ror.org/01bqs3h57,RU,education
I2802042752,University High School,https://ror.org/01a51dp76,US,education
I4210160223,Gymnasium am Münsterplatz,https://ror.org/052xrhc79,CH,education
I2996127693,Lyceum College,https://ror.org/037zdfv74,ZA,education
I123338534,University of Eastern Piedmont Amadeo Avogadro,https://ror.org/04387x656,IT,education
I2800559042,Riverview Hospital,https://ror.org/05cwpz219,CA,healthcare
I4210115515,Nanyang Institute of Technology,https://ror.org/0203c2755,CN,education
I242486142,Windesheim University of Applied Sciences,https://ror.org/04zmc0e16,NL,education
I185203018,King Saud bin Abdulaziz University for Health Sciences,https://ror.org/0149jvn88,SA,education
I2801245514,Central Institute of Indian Languages,https://ror.org/02zww6317,IN,education
I165682329,Guru Nanak Dev University,https://ror.org/05ghzpa93,IN,education
I196972281,Imec the Netherlands,https://ror.org/01ezq2j76,NL,facility
I126601174,Tezpur University,https://ror.org/005x56091,IN,education
I4210113610,Westford Academy,https://ror.org/01wag9e37,US,education
I173664879,Autonomous University of Baja California,https://ror.org/05xwcq167,MX,education
I1322731696,Centraal Bureau voor de Statistiek,https://ror.org/0408v4c28,NL,other
I292141241,Munich School of Philosophy,https://ror.org/02kqy4228,DE,education
I19989617,Paine College,https://ror.org/00hveka38,US,education
I4210092849,New Covenant International,https://ror.org/00h4cmb88,US,education
I4210092681,Antwerp Management School,https://ror.org/00hm4a331,BE,education
I202483615,Igor Sikorsky Kyiv Polytechnic Institute,https://ror.org/00syn5v21,UA,education
I4210142440,College Station Medical Center,https://ror.org/04663jx74,US,healthcare
I4210152351,Max Planck Institute for Evolutionary Biology,https://ror.org/0534re684,DE,facility
I2801144803,Pulkovo Observatory,https://ror.org/05m4hh157,RU,facility
I137056471,Nanjing University of Finance and Economics,https://ror.org/031y8am81,CN,education
I4210097172,Colegio de Postgraduados,https://ror.org/00qfnf017,MX,education
I1322829787,SIL International,https://ror.org/00d57b563,US,nonprofit
I4210108453,Cultural Heritage Agency of Netherlands,https://ror.org/01rxwr703,NL,archive
I101993903,Namibia University of Science and Technology,https://ror.org/03gg1ey66,,education
I180629606,University of Dubrovnik,https://ror.org/05yptqp13,HR,education
I4064826,University of San Andrés,https://ror.org/04f7h3b65,AR,education
I4210110863,Medical Lake School District,https://ror.org/019zpgk48,US,education
I4210160811,National Informatics Centre,https://ror.org/055nd7x53,IN,other
I4210136070,Shanghai Institute of Disaster Prevention and Relief,https://ror.org/04jfg7g12,CN,facility
I39587148,Wichita State University,https://ror.org/00c4e7y75,US,education
I4210150289,Institut für Automatisierung und Informatik,https://ror.org/048f4bh03,DE,facility
I4210134596,Universidad de Tijuana,https://ror.org/03qzc6q48,MX,education
I2801633153,Isle of Wight NHS Trust,https://ror.org/013aa1717,GB,healthcare
I4210135124,Institute of Social and Preventive Medicine,https://ror.org/038esz880,CH,facility
I83328411,State University of New York at Potsdam,https://ror.org/032qgrc76,US,education
I113409471,Kumoh National Institute of Technology,https://ror.org/05dkjfz60,KR,education
I82904351,University of Santo Tomas,https://ror.org/00d25af97,PH,education
I29920723,Moldova State University,https://ror.org/0475kvb92,MD,education
I4210122877,Institute of Linguistics,https://ror.org/033px5146,RU,facility
I2802772015,IITB-Monash Research Academy,https://ror.org/02r3nf527,IN,education
I908025542,Polytechnic José Antonio Echeverría,https://ror.org/0573cnq15,CU,education
I80849659,National Institute for Space Research,https://ror.org/04xbn6x09,BR,facility
I1301968116,MEF University,https://ror.org/05jz51y94,TR,education
I55538621,China Jiliang University,https://ror.org/05v1y0t93,CN,education
I4210106585,Quchan University of Advanced Technology,https://ror.org/01bt5mj78,IR,education
I185854337,Chicago Institute for Psychoanalysis,https://ror.org/01fh23w56,US,nonprofit
I4210138903,Qaemshahr Islamic Azad University,https://ror.org/03y0dv989,IR,education
I4210098966,Islamic Azad University Rasht Branch,https://ror.org/0151gh112,IR,education
I197220011,Qazvin Islamic Azad University,https://ror.org/023kjn321,IR,education
I1320481043,European Union,https://ror.org/019w4f821,BE,government
I1307098950,Salk Institute for Biological Studies,https://ror.org/03xez1567,US,nonprofit
I197025333,National University of La Pampa,https://ror.org/02c21vy68,AR,education
I4210161656,André Revuz Didactics Laboratory,https://ror.org/053p8kg34,FR,facility
I4210092021,Weierstrass Institute for Applied Analysis and Stochastics,https://ror.org/00h1x4t21,DE,facility
I109147379,NXP (Netherlands),https://ror.org/059be4e97,NL,company
I464993,Barkatullah University,https://ror.org/02ax13658,IN,education
I4210154879,KIST Medical College,https://ror.org/04zz3m093,NP,education
I4210105201,Nokia (Ireland),https://ror.org/01dcaj468,IE,company
I4210135640,Biometry and Evolutionary Biology Laboratory,https://ror.org/03skt0t88,FR,facility
I4210153546,Flatiron Health (United States),https://ror.org/0508h6p74,US,company
I64185308,University of Wisconsin–Oshkosh,https://ror.org/05w22af52,US,education
I2800773360,German Federal Archives,https://ror.org/02wbjm117,DE,archive
I112524849,Yamagata University,https://ror.org/00xy44n04,JP,education
I177881444,Pomona College,https://ror.org/0074grg94,US,education
I4210156451,Nashville Oncology Associates,https://ror.org/05syrg433,US,other
I4210092303,Polytechnic Institute of Bragança,https://ror.org/00prsav78,PT,education
I62088572,University of Bielsko-Biała,https://ror.org/01ew38b77,PL,education
I2799859273,Ostfalia University of Applied Sciences,https://ror.org/01bk10867,DE,education
I1299319934,Rijksmuseum,https://ror.org/006wjwp03,NL,archive
I4210114115,IBM Research - Thomas J. Watson Research Center,https://ror.org/0265w5591,US,facility
I2800920820,Istituto Universitario di Studi Superiori di Pavia,https://ror.org/0290wsh42,IT,education
I1327095140,Office for National Statistics,https://ror.org/021fhft25,GB,government
I4210129575,Institute for Conflict Research,https://ror.org/03z50sg96,GB,nonprofit
I4210135670,Amsterdam University of the Arts,https://ror.org/04dde1554,NL,education
I9579091,Indian Institute of Technology Mandi,https://ror.org/05r9r2f34,IN,education
I4210109800,Primary Source,https://ror.org/01x3s6v81,US,nonprofit
I22716965,National Geophysical Research Institute,https://ror.org/03dy10t98,IN,facility
I216852786,École Centrale Paris,https://ror.org/00v0y5771,FR,education
I4210166226,Institut Fourier,https://ror.org/05rwrfh97,FR,facility
I1324220350,Lakshmibai National Institute of Physical Education,https://ror.org/0272csn50,IN,education
I4210144655,SurgOne Foregut Institute,https://ror.org/04z0cdx68,US,healthcare
I4210112471,Istanbul University Cerrahpaşa,https://ror.org/01dzn5f42,TR,education
I2801380234,University of South-Eastern Norway,https://ror.org/05ecg5h20,NO,education
I4210105079,Universidad Don Bosco,https://ror.org/01k8z5j70,SV,education
I11750234,University of Science and Culture,https://ror.org/048e0p659,IR,education
I4210148684,Fraunhofer Institute for Integrated Systems and Device Technology,https://ror.org/04q5rka56,DE,facility
I78978612,Yangzhou University,https://ror.org/03tqb8s11,CN,education
I59649739,Jiangxi University of Finance and Economics,https://ror.org/03efmyj29,CN,education
I200420086,IULM University,https://ror.org/04pp4xq32,IT,education
I90303723,Scientific Council for Government Policy,https://ror.org/054zz9x25,NL,government
I184656255,University of Liechtenstein,https://ror.org/01qjrx392,LI,education
I4210136150,L3S Research Center,https://ror.org/039t4wk02,DE,facility
I114493937,Creighton University,https://ror.org/05wf30g94,US,education
I39553462,National University of San Juan,https://ror.org/02rsnav77,AR,education
I71792333,University of Detroit Mercy,https://ror.org/0037qsh65,US,education
I4210136249,University of Applied Sciences Upper Austria,https://ror.org/03jqp6d56,AT,education
I143288331,Hasso Plattner Institute,https://ror.org/058rn5r42,DE,facility
I139290333,British Geological Survey,https://ror.org/04a7gbp98,GB,government
I4210142780,Turin Polytechnic University,https://ror.org/042xrxv40,UZ,education
I4210119349,Karlsruhe University of Education,https://ror.org/01t1kq612,DE,education
I4210096574,Institute of Mathematics and Mechanics,https://ror.org/00ab5b586,AZ,facility
I4210142027,GlobalFoundries (Germany),https://ror.org/045jad561,DE,company
I180297670,RTI International,https://ror.org/052tfza37,US,nonprofit
I3133083760,Sanda University,https://ror.org/00tp01q71,CN,education
I180740530,National Committee for Quality Assurance,https://ror.org/00sqdq844,US,nonprofit
I11912373,Micron (United States),https://ror.org/02fv52296,US,company
I110079840,University of Hohenheim,https://ror.org/00b1c9541,DE,education
I72769676,Gautam Buddha University,https://ror.org/026cfwd52,IN,education
I169351748,Bengbu Medical College,https://ror.org/01f8qvj05,CN,education
I64427410,Hong Kong Shue Yan University,https://ror.org/023t8mt09,CN,education
I4210117042,Ministry of Health of the Russian Federation,https://ror.org/01p8ehb87,RU,government
I93251985,Irkutsk State University,https://ror.org/01j99nc54,RU,education
I4210096458,Applied Research (United States),https://ror.org/00qw43163,US,company
I15517640,Shri Venkateshwara University,https://ror.org/00xh8va68,IN,education
I93320256,University of Tampa,https://ror.org/007h1g065,US,education
I1321014770,Association for Computing Machinery,https://ror.org/03wsadn68,US,nonprofit
I87097829,University of North Carolina at Asheville,https://ror.org/017c6at71,US,education
I4210131883,Brazilian Society of Computational and Applied Mathematics,https://ror.org/03kcw4w74,BR,other
I2802612298,The Wallace H. Coulter Department of Biomedical Engineering,https://ror.org/02j15s898,US,education
I4210137611,Centre for Social Sciences,https://ror.org/0492k9x16,HU,facility
I4210091642,Population and Development Center,https://ror.org/002yg6s88,FR,facility
I88491126,Bucharest University of Economic Studies,https://ror.org/04yvncj21,RO,education
I110757952,Slovak University of Technology in Bratislava,https://ror.org/0561ghm58,SK,education
I4210101176,IRT M2P,https://ror.org/0199zgv94,FR,facility
I3130807960,Diamond Harbour Women's University,https://ror.org/04xt0wn96,IN,education
I156216236,Qassim University,https://ror.org/01wsfe280,SA,education
I4210145362,Institute of Technology Management,https://ror.org/03c4qaa56,IN,facility
I39694355,Hunter College,https://ror.org/00g2xk477,US,education
I179161674,Technological Educational Institute of Central Greece,https://ror.org/03ed9w591,GR,education
I2799352476,Cleveland Institute of Art,https://ror.org/05grkcd68,US,education
I250757736,Baranov Central Institute of Aviation Motor Development,https://ror.org/00r2t6515,RU,facility
I4210096398,Fraunhofer Institute for Production Technology IPT,https://ror.org/00t0rcy29,DE,facility
I196486160,National Institute of Technology Agartala,https://ror.org/03swyrn62,IN,education
I6750721,University of Montana,https://ror.org/0078xmk34,US,education
I3132087064,Autonomous University of Carmen,https://ror.org/01npab275,MX,education
I4210116723,Robotics Research (United States),https://ror.org/020w2fr77,US,company
I170253739,Singidunum University,https://ror.org/017v7rz39,RS,education
I4210094297,Laboratory of Theoretical Biochemistry,https://ror.org/00nvjgv40,FR,facility
I4210099749,Institute of Pharmacology and Structural Biology,https://ror.org/016zvc994,FR,facility
I20529979,University of Electro-Communications,https://ror.org/02x73b849,JP,education
I5444425,Macalester College,https://ror.org/04fceqm38,US,education
I103390050,Ryukoku University,https://ror.org/012tqgb57,JP,education
I42014448,Sardar Vallabhbhai National Institute of Technology Surat,https://ror.org/02y394t43,IN,education
I71824836,Swiss Federal Laboratories for Materials Science and Technology,https://ror.org/02x681a42,CH,facility
I3129906510,Coleg Gwent,https://ror.org/041f45z81,GB,education
I97009856,Bohai University,https://ror.org/01kdzej58,CN,education
I6030618,Seikei University,https://ror.org/03ptaj492,JP,education
I4210137370,Institute of Mathematics,https://ror.org/04hrrh248,PL,facility
I4210150370,Boeing (United States),https://ror.org/04sm5zn07,US,company
I179311214,Gulf University for Science & Technology,https://ror.org/04d9rzd67,KW,education
I99412970,"Schools of Visual Arts, The Royal Danish Academy of Fine Arts",https://ror.org/02xz41712,DK,education
I930072361,Tun Hussein Onn University of Malaysia,https://ror.org/01c5wha71,MY,education
I127255534,Open Text (Canada),https://ror.org/00hjkzk85,CA,company
I86122600,Numerical Algorithms Group (United Kingdom),https://ror.org/04pcnys31,GB,company
I75917431,Nara Institute of Science and Technology,https://ror.org/05bhada84,JP,education
I44713367,Capital Fund Management (France),https://ror.org/01kpwv903,FR,company
I4210161616,Maastro Clinic,https://ror.org/059wkzj26,NL,healthcare
I4210115480,Escuela Colombiana de Ingenieria Julio Garavito,https://ror.org/01nxen694,CO,education
I170230895,Warsaw University of Life Sciences,https://ror.org/05srvzs48,PL,education
I60419261,Peace Research Institute,https://ror.org/04dx54y73,NO,other
I168974976,University of La Rioja,https://ror.org/0553yr311,ES,education
I4210132203,Ewha Womans University Medical Center,https://ror.org/03exgrk66,KR,healthcare
I4210145708,Ashford Hospital,https://ror.org/0436f0775,GB,healthcare
I4210111909,Nevşehir Hacı Bektaş Veli University,https://ror.org/019jds967,TR,education
I162720556,Karadeniz Technical University,https://ror.org/03z8fyr40,TR,education
I1336910626,Children's Hospital of Los Angeles,https://ror.org/00412ts95,US,healthcare
I4210132604,Centre Hospitalier Régional Universitaire de Brest,https://ror.org/03evbwn87,FR,healthcare
I2799787213,Alma Mater Europaea,https://ror.org/028a67802,SI,education
I43922553,Wuhan University of Science and Technology,https://ror.org/00e4hrk88,CN,education
I4210091777,Women's Aid Organisation,https://ror.org/00fefjp46,MY,nonprofit
I147699246,Bingöl University,https://ror.org/03hx84x94,TR,education
I4210138323,BioAxis DNA Research Centre (India),https://ror.org/0400tr590,IN,company
I4210131180,Design Intelligence (United States),https://ror.org/02kg10n19,US,company
I148178115,Technical University of Civil Engineering of Bucharest,https://ror.org/03d187f57,RO,education
I52977244,Insper,https://ror.org/02nmavx05,BR,education
I32589535,Technical University of Malaysia Malacca,https://ror.org/01xb6rs26,MY,education
I205835726,System Planning Corporation (United States),https://ror.org/00a3n8178,US,company
I132359460,University of Burdwan,https://ror.org/05cyd8v32,IN,education
I4210123985,Southall Environmental Associates (United States),https://ror.org/02r7rkw80,US,company
I192619145,University of the Witwatersrand,https://ror.org/03rp50x72,ZA,education
I165862685,"St George's, University of London",https://ror.org/040f08y74,GB,education
I4210111188,Universidade Paulista,https://ror.org/020v13m88,BR,education
I1340918713,University College London Hospitals NHS Foundation Trust,https://ror.org/042fqyp44,GB,healthcare
I106969075,Idaho State University,https://ror.org/0162z8b04,US,education
I8606887,Grand Valley State University,https://ror.org/001m1hv61,US,education
I1311060795,National Science Foundation,https://ror.org/021nxhr62,US,government
I4210138412,Inria research centre Lille - Nord Europe,https://ror.org/04eej9726,FR,facility
I168864056,Bilkent University,https://ror.org/02vh8a032,TR,education
I118315836,TERI University,https://ror.org/03rh3e906,IN,education
I4210139030,Samsung (India),https://ror.org/04cpx2569,IN,company
I4210133906,Institute of Marine Engineering,https://ror.org/02qnx8e75,IT,education
I4210120485,Academy of Mathematics and Systems Science,https://ror.org/02jkmyk67,CN,facility
I4210095660,Shandong Freshwater Fisheries Research Institute,https://ror.org/00s3xpq12,CN,facility
I4210144479,Ministry of Agriculture,https://ror.org/049wftm75,CZ,government
I4210121350,University of San Agustin,https://ror.org/02hda4733,PH,education
I4210145784,IBM Research - Ireland,https://ror.org/04jnxr720,IE,facility
I176838256,Pontifícia Universidade Católica do Paraná,https://ror.org/02x1vjk79,BR,education
I4210156759,Cybid (Poland),https://ror.org/043xx4m81,PL,company
I2801841909,Portuguese Army,https://ror.org/03qc03t81,PT,government
I4210118299,Institute for Biomedicine,https://ror.org/02hsggv49,IT,facility
I4210111807,Center for Research in Molecular Medicine and Chronic Diseases,https://ror.org/0280bnq76,ES,facility
I177909021,Federal University of São Carlos,https://ror.org/00qdc6m37,BR,education
I26604189,Shiv Nadar University,https://ror.org/05aqahr97,IN,education
I4210123919,Forum for the Future,https://ror.org/02w38qn81,GB,nonprofit
I20230540,University of Miskolc,https://ror.org/038g7dk46,HU,education
I119888943,Gonzaga University,https://ror.org/03ze70h02,US,education
I51716468,International Burch University,https://ror.org/040cm8d21,BA,education
I1303474014,Defence Science and Technology Group,https://ror.org/05ddrvt52,AU,nonprofit
I4210096308,Institute of Materials for Electronics and Magnetism,https://ror.org/00z8ws214,IT,facility
I4210103279,IBM Research - India,https://ror.org/014wt7r80,IN,facility
I64956957,Aurel Vlaicu University of Arad,https://ror.org/05w5rsy15,RO,education
I168893459,University of Allahabad,https://ror.org/03vrx7m55,IN,education
I4210087407,Indonesian Pediatric Society,https://ror.org/00zrhqg94,ID,other
I142415962,Beijing Institute of Education,https://ror.org/03aefdx31,CN,facility
I1334415907,University Medical Center Groningen,https://ror.org/03cv38k47,NL,healthcare
I4210166865,Institute of Cognitive Sciences and Technologies,https://ror.org/05w9g2j85,IT,facility
I33308869,Southern New Hampshire University,https://ror.org/04t718460,US,education
I1323276237,Florida A&M University - Florida State University College of Engineering,https://ror.org/01v4tq883,US,education
I112756935,Mannheim University of Applied Sciences,https://ror.org/04p61dj41,DE,education
I175051016,Universidad Publica de Navarra,https://ror.org/02z0cah89,ES,education
I4210140958,Ann Arbor Center for Independent Living,https://ror.org/045pcya52,US,nonprofit
I21741975,Changshu Institute of Technology,https://ror.org/05g6ben79,CN,education
I24830596,Hertie School,https://ror.org/0473a4773,DE,education
I2800262456,"Swiss Federal Institute for Forest, Snow and Landscape Research",https://ror.org/04bs5yc70,CH,facility
I4210126846,Information Technology Laboratory,https://ror.org/0440c3437,US,government
I4210111875,Max Planck Institute for the Physics of Complex Systems,https://ror.org/01bf9rw71,DE,facility
I83041322,Brooklyn College,https://ror.org/019k4jq75,US,education
I157591606,University of Malawi,https://ror.org/04vtx5s55,MW,education
I161165907,Southeast Missouri State University,https://ror.org/010n41y16,US,education
I4210126197,KES International,https://ror.org/0394aqe83,GB,nonprofit
I207073550,Ono Academic College,https://ror.org/02td5wn81,IL,education
I41870,Military Institute of Engineering,https://ror.org/03veakt65,BR,education
I123534392,University of North Texas,https://ror.org/00v97ad02,US,education
I2800048442,Center for International Environmental Law,https://ror.org/01sr4q713,US,nonprofit
I4210087851,Sunnyvale Public Library,https://ror.org/006afd344,US,archive
I173012211,Loyola University New Orleans,https://ror.org/051f75a52,US,education
I200576644,HRL Laboratories (United States),https://ror.org/05p7te762,US,company
I4210136160,Tecnologia Energia Ambiente Materiali (Italy),https://ror.org/04ej2a140,IT,company
I150312865,Institute for Development and Research in Banking Technology,https://ror.org/00ta0g865,IN,government
I36721946,Kuwait University,https://ror.org/021e5j056,KW,education
I4210143998,Robinson Brothers (United Kingdom),https://ror.org/03v8ncw80,GB,company
I4210144062,Consorzio Roma Ricerche,https://ror.org/03jvpn714,IT,nonprofit
I146461966,Becton Dickinson (United States),https://ror.org/048vrgr14,US,company
I201324441,University of Ferrara,https://ror.org/041zkgm14,IT,education
I896114043,Edward Via College of Osteopathic Medicine,https://ror.org/00sda2672,US,education
I4210164233,Health & Life (Taiwan),https://ror.org/05nnz8429,TW,company
I68581759,China Academy of Launch Vehicle Technology,https://ror.org/012z62f48,CN,facility
I4210116875,AstraZeneca (Brazil),https://ror.org/026m9xy48,BR,company
I4210095242,Netherlands eScience Center,https://ror.org/00rbjv475,NL,nonprofit
I3129975082,Sami Shamoon College of Engineering,https://ror.org/011aa4g29,IL,education
I89455037,Sheridan College,https://ror.org/05jdsfp91,CA,education
I79620101,University of Arkansas for Medical Sciences,https://ror.org/00xcryt71,US,education
I4210157548,Isles International University,https://ror.org/057cchs06,IE,education
I98298690,I-Shou University,https://ror.org/04d7e4m76,TW,education
I1283103587,AT&T (United States),https://ror.org/02bbd5539,US,company
I4210149021,CS Diagnostics,https://ror.org/04dqgsa85,DE,facility
I240344557,University College Lillebaelt,https://ror.org/04dj1na10,DK,education
I4210095051,Quantum Gravity Research,https://ror.org/00r80fz20,US,facility
I31151848,Technical University of Sofia,https://ror.org/052prhs50,BG,education
I4210138592,AIA (Spain),https://ror.org/04hnwym70,ES,company
I158949172,Curtin University Sarawak,https://ror.org/024fm2y42,MY,education
I206777745,Nanjing Audit University,https://ror.org/04zj2bd87,CN,education
I4210120717,Faculty of Public Health,https://ror.org/01zqv1s26,GB,nonprofit
I103406327,Western Carolina University,https://ror.org/010h78f45,US,education
I4210151758,Fundació Universitat-Empresa de les Illes Balears,https://ror.org/04r79j859,ES,education
I4210162168,Health and Human Development (2HD) Research Network,https://ror.org/05asga947,CM,other
I4210095457,Physiotherapy New Zealand,https://ror.org/00wry3a77,NZ,other
I2972652528,University of Applied Sciences and Arts Northwestern Switzerland,https://ror.org/04mq2g308,CH,education
I4210138206,Institut de Mathématiques de Marseille,https://ror.org/042h2y225,FR,facility
I102516824,University of Technology of Compiègne,https://ror.org/04y5kwa70,FR,education
I1336096307,United States Department of Agriculture,https://ror.org/01na82s61,US,government
I1329325741,Philips (Finland),https://ror.org/01g4jev56,FI,company
I4210150171,New Light Industries (United States),https://ror.org/04tsj5e88,US,company
I35839044,Assam Agricultural University,https://ror.org/05836pk12,IN,education
I4210134997,Corporación Tecnológica Industrial Colombiana,https://ror.org/03p37s713,CO,education
I4210087295,Centre Tecnologic De Telecomunicacions De Catalunya,https://ror.org/001cwea56,ES,nonprofit
I4210136402,Tekniker,https://ror.org/033vryh36,ES,nonprofit
I74776132,Sevastopol National Technical University,https://ror.org/053mxw461,UA,education
I4210156312,BioVendor (Czechia),https://ror.org/05etrt910,CZ,company
I4210119410,Institute of Fundamental Technological Research,https://ror.org/03fs4aq04,PL,facility
I4210155092,"Czech Academy of Sciences, Institute of Computer Science",https://ror.org/0496n6574,CZ,facility
I4210104059,Cultura,https://ror.org/01gjnzx46,MX,government
I2801301638,Rambam Health Care Campus,https://ror.org/01fm87m50,IL,healthcare
I4210142539,Guangdong Institute of Intelligent Manufacturing,https://ror.org/049jpjz09,CN,facility
I88467170,University of Évry Val d'Essonne,https://ror.org/00e96v939,FR,education
I138549579,Scuola Internazionale Superiore di Studi Avanzati,https://ror.org/004fze387,IT,education
I4210129579,National Engineering Laboratory of Deep Learning Technology and Application,https://ror.org/03z8p5796,CN,facility
I4210099338,CNI College,https://ror.org/01262d760,US,education
I3129336391,International School of Law and Business,https://ror.org/01x1jeh78,LT,education
I4210105042,Friedrich Miescher Institute,https://ror.org/01bmjkv45,CH,facility
I45756140,Hanoi University of Industry,https://ror.org/05hhz4s12,VN,education
I15009632,Fuji Xerox (Japan),https://ror.org/02w528w58,JP,company
I4210106545,Research Centre Inria Sophia Antipolis - Méditerranée,https://ror.org/01nzkaw91,FR,government
I4210120555,Korean German Language and Literature Society,https://ror.org/023wbge51,KR,other
I88814501,Institut National des Sciences Appliquées de Rouen,https://ror.org/020ws7586,FR,education
I4210162662,Digital Equipment (Germany),https://ror.org/047vmzn25,DE,company
I185443292,Wayne State University,https://ror.org/01070mq45,US,education
I11923345,Wrocław University of Science and Technology,https://ror.org/008fyn775,PL,education
I116067653,University of Rome Tor Vergata,https://ror.org/02p77k626,IT,education
I4210162062,Istituto di Analisi dei Sistemi ed Informatica Antonio Ruberti,https://ror.org/054ye0e45,IT,facility
I43480833,Kyambogo University,https://ror.org/01wb6tr49,UG,education
I26805570,Jomo Kenyatta University of Agriculture and Technology,https://ror.org/015h5sy57,KE,education
I86725329,Hitachi Global Storage Technologies (United States),https://ror.org/02q0s1x22,US,company
I1308906816,NortonLifeLock (United States),https://ror.org/0449t3a80,US,company
I4210090912,Institute of Strength Physics and Materials Science,https://ror.org/00f4mz521,RU,facility
I12832649,Gachon University,https://ror.org/03ryywt80,KR,education
I119939252,Indraprastha Institute of Information Technology Delhi,https://ror.org/03vfp4g33,IN,education
I4210105908,Hydrosolutions (Switzerland),https://ror.org/01jbagx41,CH,company
I8977528,Dr. Hari Singh Gour University,https://ror.org/01xapxe37,IN,education
I2801952686,Erasmus MC,https://ror.org/018906e22,NL,healthcare
I4210159565,SAIC Motor (China),https://ror.org/051b9ta18,CN,company
I192455894,University of Nova Gorica,https://ror.org/00mw0tw28,SI,education
I151295451,University of Perpignan,https://ror.org/03am2jy38,FR,education
I36020712,Sonora Institute of Technology,https://ror.org/01v10fv91,MX,education
I2801119739,Accademia di Belle Arti di Palermo,https://ror.org/03en4zh39,IT,education
I430192,Appalachian State University,https://ror.org/051m4vc48,US,education
I1330665745,Energy Institute,https://ror.org/03fgcf430,GB,other
I157943965,Holon Institute of Technology,https://ror.org/02prqh017,IL,education
I4210165736,Hanshan Normal University,https://ror.org/05tqaz865,CN,education
I4210101123,Robotiq (Canada),https://ror.org/0160sy147,CA,company
I79884896,University of Illinois at Springfield,https://ror.org/0126qma51,US,education
I207399273,Utsunomiya University,https://ror.org/05bx1gz93,JP,education
I4210112559,McCann Associates (United States),https://ror.org/01svjmt78,US,company
I4210105350,Institute of Mathematics and Mechanics,https://ror.org/029fhmb28,RU,facility
I185241533,Clayton State University,https://ror.org/00t47w971,US,education
I2800187215,Korean Intellectual Property Office,https://ror.org/05btn9560,KR,government
I119060216,Hankyong National University,https://ror.org/0031nsg68,KR,education
I880551032,Gandhigram Rural Institute,https://ror.org/01abtgj51,IN,education
I4210131147,SRM University,https://ror.org/037skf023,IN,education
I2914622271,Jai Prakash Vishwavidyalaya,https://ror.org/012rxev91,IN,education
I27483092,University of Perugia,https://ror.org/00x27da85,IT,education
I1308548392,Santa Fe Institute,https://ror.org/01arysc35,US,nonprofit
I84475105,Embry–Riddle Aeronautical University,https://ror.org/010jskt71,US,education
I74786994,Kitware (United States),https://ror.org/02s2acn37,US,company
I2802499160,IMDEA Networks,https://ror.org/04mm9fg30,ES,facility
I12708293,SIB Swiss Institute of Bioinformatics,https://ror.org/002n09z45,CH,nonprofit
I4210104963,Complexe de Recherche Interprofessionnel en Aérothermochimie,https://ror.org/01k1ngp50,FR,facility
I1323121030,Bialystok University of Technology,https://ror.org/02bzfsy61,PL,education
I134940468,Institute for Scientific Interchange,https://ror.org/00te2x188,IT,facility
I153551853,UniCredit (Italy),https://ror.org/00fgmmg43,IT,company
I128277893,Bahçeşehir University,https://ror.org/00yze4d93,TR,education
I111112146,Tallinn University of Technology,https://ror.org/0443cwa12,EE,education
I251424209,University of Girona,https://ror.org/01xdxns91,ES,education
I34250744,University of Łódź,https://ror.org/05cq64r17,PL,education
I20431382,University of Erfurt,https://ror.org/03606hw36,DE,education
I2801239119,Australian Regenerative Medicine Institute,https://ror.org/02qa5kg76,AU,facility
I118574674,Jiangsu Normal University,https://ror.org/051hvcm98,CN,education
I71302355,Universidad de Montevideo,https://ror.org/05w626e73,UY,education
I205892228,Berlin School of Economics and Law,https://ror.org/03rkmps36,DE,education
I4210103826,St. Petersburg Institute for Informatics and Automation,https://ror.org/01ccb9w37,RU,facility
I4210090401,Quantum Group (United States),https://ror.org/00dkdd931,US,company
I2800016483,British Library,https://ror.org/05dhe8b71,GB,archive
I28638086,Vancouver Island University,https://ror.org/033wcvv61,CA,education
I21740220,International Maize and Wheat Improvement Center,https://ror.org/03gvhpa76,MX,nonprofit
I4210152463,TE Laboratories (Ireland),https://ror.org/05th81a29,IE,company
I4210135317,General Motors (Poland),https://ror.org/03n3nz506,PL,company
I1293612202,Toyota Motor Corporation (Switzerland),https://ror.org/05p0pbv75,CH,company
I87653560,VTT Technical Research Centre of Finland,https://ror.org/04b181w54,FI,nonprofit
I1324840837,Hewlett-Packard (United States),https://ror.org/059rn9488,US,company
I3133181027,Luxembourg School of Business,https://ror.org/0096z2k33,LU,education
I54009628,University of Bayreuth,https://ror.org/0234wmv40,DE,education
I79156528,Universiti Tenaga Nasional,https://ror.org/03kxdn807,MY,education
I4210096134,Universidade Politecnica,https://ror.org/00tnfjj44,MZ,education
I4210126360,Inria Saclay - Île-de-France Research Centre,https://ror.org/0315e5x55,FR,government
I4210152705,Universidad Blas Pascal,https://ror.org/04z80e107,AR,education
I2799411422,Center for Discrete Mathematics and Theoretical Computer Science,https://ror.org/00k551w06,US,facility
I4210135132,Cambridge University Press,https://ror.org/03jsdjx34,GB,company
I150638750,Keene State College,https://ror.org/04c1gbz02,US,education
I55931168,Cukurova University,https://ror.org/05wxkj555,TR,education
I3122695212,Polytechnic University of Timişoara,https://ror.org/02v91gy68,RO,education
I4210096867,Laboratoire Psychologie de la Perception,https://ror.org/00sxqh512,FR,facility
I119942284,Missouri State University,https://ror.org/01d2sez20,US,education
I122274158,Dalarna University,https://ror.org/000hdh770,SE,education
I4210156266,Max Planck Institute for Nuclear Physics,https://ror.org/052d0h423,DE,nonprofit
I4210133201,Media Design School,https://ror.org/03cybp342,NZ,education
I4210091512,Institute of Applied Science and Intelligent Systems,https://ror.org/00be3zh53,IT,facility
I4210114266,Golden Valley Agricultural Research Trust,https://ror.org/02ekmsz98,ZM,government
I130929987,University of Mons,https://ror.org/02qnnz951,BE,education
I4210129154,Centre Val de Loire,https://ror.org/03ntmtb29,FR,facility
I48430043,Institut National des Sciences Appliquées de Lyon,https://ror.org/050jn9y42,FR,education
I1325784139,Yahoo (United Kingdom),https://ror.org/038p3gq39,GB,company
I125904092,Shenyang Aerospace University,https://ror.org/02423gm04,CN,education
I1327992077,Open Society Foundations,https://ror.org/00qnfvz68,US,nonprofit
I120158604,Kunsan National University,https://ror.org/02yj55q56,KR,education
I4210135521,Max Planck Institute for Intelligent Systems,https://ror.org/04fq9j139,DE,facility
I94596887,Université Laval,https://ror.org/04sjchr03,CA,education
I4210093587,Técnicas y Servicios de Ingeniería (Spain),https://ror.org/00gwcs664,ES,company
I2800875726,Fritz Haber Institute of the Max Planck Society,https://ror.org/03k9qs827,DE,facility
I204743663,University of Mysore,https://ror.org/012bxv356,IN,education
I3125347698,Babeș-Bolyai University,https://ror.org/02rmd1t30,RO,education
I4210123877,Centre Hospitalier de Troyes,https://ror.org/02vm0aw48,FR,healthcare
I56081889,Mendel University in Brno,https://ror.org/058aeep47,CZ,education
I158333966,Technical University of Cluj-Napoca,https://ror.org/03r8nwp71,RO,education
I205490536,Dongguk University,https://ror.org/057q6n778,KR,education
I88973175,Eckerd College,https://ror.org/04d4qrf43,US,education
I4210117484,Institute for Research on Population and Social Policies,https://ror.org/01n1ayq61,IT,facility
I4210140484,Human Resources Research Organization,https://ror.org/03xey5e12,US,nonprofit
I2919942780,Sage Gateshead,https://ror.org/05hk9ey90,GB,other
I144852770,The King's College,https://ror.org/051j50p12,US,education
I1283026217,Home Office,https://ror.org/00y81cg83,GB,government
I4210145896,Ministry of Security and Justice,https://ror.org/04nzhmg91,NL,government
I185641255,Virginia Military Institute,https://ror.org/01ngnm118,US,education
I118271192,Western Digital (Japan),https://ror.org/0521k5n17,JP,company
I4210143601,Decision Systems (United States),https://ror.org/0434dpa13,US,company
I133999245,"University of Nevada, Las Vegas",https://ror.org/0406gha72,US,education
I181046868,BI Norwegian Business School,https://ror.org/03ez40v33,NO,education
I2800249161,Military University of Technology in Warsaw,https://ror.org/05fct5h31,PL,education
I105925353,Concordia University Wisconsin,https://ror.org/04k83g518,US,education
I4210095633,General Department of Preventive Medicine,https://ror.org/00ntrnw83,VN,government
I99069390,Metropolitan State University,https://ror.org/056rp9e47,US,education
I201202376,B. J. Medical College & Sassoon Hospital,https://ror.org/00bchtj94,IN,education
I119664326,University of Wolverhampton,https://ror.org/01k2y1055,GB,education
I38260057,In-Q-Tel,https://ror.org/02qp5k481,US,nonprofit
I168537998,Eli Lilly (United States),https://ror.org/01qat3289,US,company
I27639287,Northeastern Illinois University,https://ror.org/04edns687,US,education
I152899642,Johnson C. Smith University,https://ror.org/00s3z8519,US,education
I24354313,University of Buenos Aires,https://ror.org/0081fs513,AR,education
I115863807,Baker College,https://ror.org/003rdc798,US,education
I125395653,Oakland Community College,https://ror.org/03nsh5473,US,education
I4210137222,University Vascular Associates,https://ror.org/0432s1v23,US,education
I88694374,Marshall University,https://ror.org/02erqft81,US,education
I114616248,Penza State University,https://ror.org/056r5vk88,RU,education
I23874457,Health Resources and Services Administration,https://ror.org/0121dpf30,US,government
I1339579626,Online Computer Library Center,https://ror.org/02nv42w72,US,nonprofit
I4210087843,Food Research Institute,https://ror.org/0024cws33,SK,government
I4210090231,Krasnoyarsk State Medical University,https://ror.org/00b0jb681,RU,education
I4210160263,Institute of Psychology,https://ror.org/05kvjc571,RU,facility
I924760719,University of North Georgia,https://ror.org/001pe5g24,US,education
I147527907,Technical University of Varna,https://ror.org/03zrwm897,BG,education
I144291393,Data Storage Institute,https://ror.org/03k5xes38,SG,facility
I1331727996,Alfred P. Sloan Foundation,https://ror.org/052csg198,US,nonprofit
I4210134534,National Institute of Allergy and Infectious Diseases,https://ror.org/043z4tv69,US,facility
I4210128975,Moscow Institute of Modern Business,https://ror.org/02erjps28,RU,education
I88081825,Empire State College,https://ror.org/03sg2bq51,US,education
I1313079697,Southwest University of Political Science & Law,https://ror.org/02pz16m08,CN,education
I1320404931,C. U. Shah University,https://ror.org/04rt7n757,IN,education
I139894009,University of Bradford,https://ror.org/00vs8d940,GB,education
I4210089636,"Entrepôts, Représentation et Ingénierie des Connaissances",https://ror.org/009frb846,FR,facility
I114724429,Central University of Punjab,https://ror.org/02kknsa06,IN,education
I171210897,Aligarh Muslim University,https://ror.org/03kw9gc02,IN,education
I107257983,Darmstadt University of Applied Sciences,https://ror.org/047wbd030,DE,education
I98227222,China National Petroleum Corporation (China),https://ror.org/05269d038,CN,company
I3017851245,Polish-Japanese Academy of Information Technology,https://ror.org/01v542j61,PL,education
I35928602,Kyung Hee University,https://ror.org/01zqcg218,KR,education
I1308683654,Executive Office of the President,https://ror.org/00bws1855,US,government
I177721651,Oakland University,https://ror.org/01ythxj32,US,education
I4210156054,Athena Research and Innovation Center In Information Communication & Knowledge Technologies,https://ror.org/0576by029,GR,facility
I118091203,CEU San Pablo University,https://ror.org/00tvate34,ES,education
I132976966,Danube University Krems,https://ror.org/03ef4a036,AT,education
I92614990,Tokyo University of Agriculture and Technology,https://ror.org/00qg0kr10,JP,education
I4210110652,RIKEN,https://ror.org/01sjwvz98,JP,facility
I4210106647,Expedia Group (United States),https://ror.org/01sh85g09,US,company
I4210149001,ElSohly Laboratories (United States),https://ror.org/04c1def54,US,company
I134694890,Russian University of Transport,https://ror.org/05gba0366,RU,education
I4210132036,Universidad Simón Bolívar,https://ror.org/02njbw696,CO,education
I4210115447,Places For People,https://ror.org/036nzz613,US,nonprofit
I11123151,Northwest Missouri State University,https://ror.org/05maved80,US,education
I134113660,University of Nevada Reno,https://ror.org/01keh0577,US,education
I4210128676,Human Computer Interaction (Switzerland),https://ror.org/036dv6j71,CH,company
I205158640,University of Skövde,https://ror.org/051mrsz47,SE,education
I204275683,Satbayev University,https://ror.org/020cpsb96,KZ,education
I4210157430,V. A. Trapeznikov Institute of Control Sciences,https://ror.org/05f3yt521,RU,facility
I84653119,Academia Sinica,https://ror.org/05bxb3784,TW,facility
I177567560,Douglas College,https://ror.org/03wze7d53,CA,education
I201719341,Daito Bunka University,https://ror.org/05cw8ax51,JP,education
I2803209242,University of California System,https://ror.org/00pjdza24,US,education
I4210145899,Westfälische Hochschule,https://ror.org/04p7ekn23,DE,education
I4210087931,Institute for Security Studies,https://ror.org/004zjze34,KE,nonprofit
I4210143490,Computing Center,https://ror.org/0557kgc34,RU,facility
I4210134421,INTRASOFT International (Luxembourg),https://ror.org/02zn9x324,LU,company
I2800355730,Ethics and Public Policy Center,https://ror.org/00bn59524,US,other
I55769427,Indiana University – Purdue University Indianapolis,https://ror.org/05gxnyn08,US,education
I1297971548,International Computer Science Institute,https://ror.org/01ewh7m12,US,nonprofit
I31528381,National Institute of Chemical Physics and Biophysics,https://ror.org/03eqd4a41,EE,facility
I4210157858,Saint Louis University,https://ror.org/04k7nem08,PH,education
I4210153575,Istituto di Biometeorologia,https://ror.org/05m1yqp60,IT,facility
I4210147894,Institute of Research and Innovation,https://ror.org/04nqadf13,FR,facility
I75256744,Tennessee State University,https://ror.org/01fpczx89,US,education
I858936495,ZHAW Zurich University of Applied Sciences,https://ror.org/05pmsvm27,CH,education
I41725924,Muroran Institute of Technology,https://ror.org/04rymkk69,JP,education
I4210153869,Huaiyin Institute of Technology,https://ror.org/0555ezg60,CN,education
I20382870,Missouri University of Science and Technology,https://ror.org/00scwqd12,US,education
I198488067,Tinbergen Institute,https://ror.org/054xxtt73,NL,education
I29300151,Bank of Mexico,https://ror.org/02xp9d883,MX,other
I69094615,Universidad San Francisco de Quito,https://ror.org/01r2c3v86,EC,education
I51101395,Pantheon-Sorbonne University,https://ror.org/002t25c44,FR,education
I4405392,Boğaziçi University,https://ror.org/03z9tma90,TR,education
I4210120238,PowerChina (China),https://ror.org/01varr368,CN,company
I83816512,University of Genoa,https://ror.org/0107c5v14,IT,education
I4210126337,"University of Campania ""Luigi Vanvitelli""",https://ror.org/02kqnpp86,IT,education
I1335369389,Riyadh Armed Forces Hospital,https://ror.org/00mtny680,SA,healthcare
I4210147956,Sabre Engineering (United States),https://ror.org/03vhsyq48,US,company
I4210143973,University of Global Health Equity,https://ror.org/04c8tz716,RW,education
I128589980,NHTV Breda University of Applied Sciences,https://ror.org/04mfj5474,NL,education
I199417121,Catholic University of Eichstätt-Ingolstadt,https://ror.org/00mx91s63,DE,education
I80543232,K.N.Toosi University of Technology,https://ror.org/0433abe34,IR,education
I4210112527,Luxembourg Institute of Science and Technology,https://ror.org/01t178j62,LU,education
I4210127387,Siberian Branch of the Russian Academy of Sciences,https://ror.org/02frkq021,RU,government
I4210147972,MKS Instruments (Japan),https://ror.org/03wfqxa90,JP,company
I35961687,University of Antioquia,https://ror.org/03bp5hc83,CO,education
I332011152,District University of Bogotá,https://ror.org/02jsxd428,CO,education
I88773910,Intuit (United States),https://ror.org/049mrbr98,US,company
I4210120242,British University Vietnam,https://ror.org/01vtndz62,VN,education
I4210112331,Sysnav (France),https://ror.org/02191ha15,FR,company
I94518387,Hanoi University of Science and Technology,https://ror.org/04nyv3z04,VN,education
I1289461252,Indian Space Research Organisation,https://ror.org/00cwrns71,IN,government
I99490713,Stetson University,https://ror.org/01efrfk30,US,education
I12449238,University of Orléans,https://ror.org/014zrew76,FR,education
I126460647,Federal University Foundation of Rio Grande,https://ror.org/05hpfkn88,BR,education
I4210115568,Community Research and Development Information Service,https://ror.org/02nc61e46,BE,government
I170658231,Osnabrück University,https://ror.org/04qmmjx98,DE,education
I4210143550,Taylor's University,https://ror.org/0498pcx51,MY,education
I1283236314,Thales (Portugal),https://ror.org/051w1mx35,PT,company
I4210134642,Lac Hong University,https://ror.org/03nypmk85,VN,education
I165690674,Oregon Health & Science University,https://ror.org/009avj582,US,education
I47996466,University of Warmia and Mazury in Olsztyn,https://ror.org/05s4feg49,PL,education
I43267033,Quinnipiac University,https://ror.org/00mpz5a50,US,education
I154264771,Central Connecticut State University,https://ror.org/054gzqw08,US,education
I4210137740,South Australian Health and Medical Research Institute,https://ror.org/03e3kts03,AU,healthcare
I4210166017,Institut de Mathématiques de Bordeaux,https://ror.org/05m3r1b84,FR,facility
I919208787,Louisiana Tech University,https://ror.org/04q9esz89,US,education
I2799376586,The Scarborough Hospital,https://ror.org/04pzgb662,CA,healthcare
I305801656,Wroclaw University of Economics and Business,https://ror.org/013sm1c65,PL,education
I172574986,Kaunas University of Technology,https://ror.org/01me6gb93,LT,education
I155837530,National Institute of Technology Durgapur,https://ror.org/04ds0jm32,IN,education
I1342911587,Oracle (United States),https://ror.org/006c77m33,US,company
I1285402005,World Trade Organization,https://ror.org/03cqs4n40,CH,government
I196355604,National Research Tomsk State University,https://ror.org/02he2nc27,RU,education
I4210088687,Université Ibn Zohr,https://ror.org/006sgpv47,MA,education
I25485817,St. Pölten University of Applied Sciences,https://ror.org/039a2re55,AT,education
I4210167190,SBA Research,https://ror.org/05nny6x17,AT,facility
I147962203,Democritus University of Thrace,https://ror.org/03bfqnx40,GR,education
I86613570,Panamerican University,https://ror.org/01n1q0h77,MX,education
I4210125872,EPF - Graduate School of Engineering,https://ror.org/03dg0f179,FR,education
I4210117195,Institute for Computer Science and Control,https://ror.org/0249v7n71,HU,facility
I99939339,Brookhaven College,https://ror.org/04z1g6718,US,education
I4210115222,Advanced Numerical Research and Analysis Group,https://ror.org/02a61vy29,IN,facility
I4076070,Bharathidasan University,https://ror.org/02w7vnb60,IN,education
I240042149,Abdelmalek Essaâdi University,https://ror.org/03c4shz64,MA,education
I126744593,"University of Maryland, Baltimore",https://ror.org/04rq5mt64,US,education
I4210092536,Institute for Problems in Mechanics,https://ror.org/00nj22y86,RU,facility
I42934936,Dublin City University,https://ror.org/04a1a1e81,IE,education
I135117807,Université de Sherbrooke,https://ror.org/00kybxq39,CA,education
I4210096973,University Surgical Associates,https://ror.org/00sx7n004,US,healthcare
I4210112150,Institute of Automation,https://ror.org/022c3hy66,CN,facility
I65734018,American University of Nigeria,https://ror.org/02kv8bx48,NG,education
I51826884,University of Kocaeli,https://ror.org/0411seq30,TR,education
I1290463931,Southwest Research Institute,https://ror.org/03tghng59,US,nonprofit
I231622532,ORT Braude College,https://ror.org/004af2v94,IL,education
I190497903,Laboratory for Analysis and Architecture of Systems,https://ror.org/03vcm6439,FR,facility
I188703460,DNV GL (Norway),https://ror.org/04c235406,NO,company
I28257850,London South Bank University,https://ror.org/02vwnat91,GB,education
I100532134,Claude Bernard University Lyon 1,https://ror.org/029brtt94,FR,education
I119635470,University of Las Palmas de Gran Canaria,https://ror.org/01teme464,ES,education
I4210151642,Henan Provincial Institute of Cultural Heritage and Archaeology,https://ror.org/05vtc2x84,CN,archive
I175532246,University of Eastern Finland,https://ror.org/00cyydd11,FI,education
I173093425,Chang Gung University,https://ror.org/00d80zx46,TW,education
I141591182,University of Aizu,https://ror.org/02pg0e883,JP,education
I4210150894,Jacobs (United States),https://ror.org/05pmj3x43,US,company
I4210115349,Ion Exchange (India),https://ror.org/028x2z366,IN,company
I4210096066,Open Knowledge (United Kingdom),https://ror.org/00thqng93,GB,company
I138898306,Interdisciplinary Center Herzliya,https://ror.org/01px5cv07,IL,nonprofit
I4210159397,Technological Educational Institute of Epirus,https://ror.org/04brn7x66,GR,education
I1283613182,Federal University of Technology – Paraná,https://ror.org/002v2kq79,BR,education
I4210130905,Unitelma Sapienza University,https://ror.org/04dfrdm61,IT,education
I51441396,"Bauhaus University, Weimar",https://ror.org/033bb5z47,DE,education
I105818395,University of Kashan,https://ror.org/015zmr509,IR,education
I106959904,Florida Institute of Technology,https://ror.org/04atsbb87,US,education
I182712176,Montanuniversität Leoben,https://ror.org/02fhfw393,AT,education
I10091056,Kanazawa University,https://ror.org/02hwp6a56,JP,education
I189109744,Indian Institute of Technology Dhanbad,https://ror.org/013v3cc28,IN,education
I2799443121,Pontifical University of John Paul II in Kraków,https://ror.org/0583g9182,PL,education
I4210099236,Kootenay Association for Science & Technology,https://ror.org/011pv9p44,CA,nonprofit
I4210134325,Missoula County Public Schools,https://ror.org/03h362x79,US,education
I96733725,Shanghai Maritime University,https://ror.org/04z7qrj66,CN,education
I25355098,Chang'an University,https://ror.org/05mxya461,CN,education
I112862951,University of Messina,https://ror.org/05ctdxz19,IT,education
I161104310,Zeppelin University,https://ror.org/05tbp1g38,DE,education
I186995768,University of Cassino and Southern Lazio,https://ror.org/04nxkaq16,IT,education
I159247623,Mansoura University,https://ror.org/01k8vtd75,EG,education
I61544103,London Business School,https://ror.org/001c2sn75,GB,education
I1328775524,Zhejiang Sci-Tech University,https://ror.org/03893we55,CN,education
I4210092870,Jiaxing University,https://ror.org/00j2a7k55,CN,education
I126820664,Vassar College,https://ror.org/022x6qg61,US,education
I201646274,Saint Peter's University,https://ror.org/00cv1e222,US,education
I3019441195,Département de Mathématiques,https://ror.org/03ab0zs98,FR,facility
I68916915,University of Gabès,https://ror.org/022efad20,TN,education
I4210162091,Bellbrook Labs (United States),https://ror.org/05eewjw07,US,company
I192268740,University of Algiers Benyoucef Benkhedda,https://ror.org/011r6gp69,DZ,education
I2799863703,Kennedy Space Center,https://ror.org/03kjpzv42,US,facility
I2802391510,European Centre for Nature Conservation,https://ror.org/0315hq159,NL,nonprofit
I2831913,Bank of Latvia,https://ror.org/000cf1839,LV,other
I164790352,Universidade do Estado de Santa Catarina,https://ror.org/03ztsbk67,BR,education
I4210133528,Leibniz University of Applied Sciences,https://ror.org/03eqwj662,DE,education
I4210155167,Itaúsa (Brazil),https://ror.org/05bs2v013,BR,company
I98381234,University of Oulu,https://ror.org/03yj89h83,FI,education
I174167972,British Columbia Institute of Technology,https://ror.org/01p65pg69,CA,education
I4210137750,UC Irvine Health,https://ror.org/03fgher32,US,healthcare
I269685040,Koszalin University of Technology,https://ror.org/00x6dk626,PL,education
I110263422,University West,https://ror.org/0257kt353,SE,education
I179245896,Simmons University,https://ror.org/04mbfgm16,US,education
I4210094794,Melexis (Belgium),https://ror.org/00vwbk234,BE,company
I173063890,University of Applied Sciences Utrecht,https://ror.org/028z9kw20,NL,education
I951315,Graduate Institute of International and Development Studies,https://ror.org/007ygn379,CH,education
I32943570,Helsinki Institute for Information Technology,https://ror.org/05kph4940,FI,facility
I176279760,University of Phoenix,https://ror.org/01j0n2h15,US,education
I4210146847,North Carolina Exploring Cultural Heritage Online,https://ror.org/05g5fwv52,US,archive
I90812881,Steinbeis University Berlin,https://ror.org/03efsge90,DE,education
I120156002,Boise State University,https://ror.org/02e3zdp86,US,education
I14314212,Osaka University of Economics,https://ror.org/04g11bp59,JP,education
I136259955,Toyohashi University of Technology,https://ror.org/04ezg6d83,JP,education
I138211613,Austrian Academy of Sciences,https://ror.org/03anc3s24,AT,government
I141649380,Western Michigan University,https://ror.org/04j198w64,US,education
I40193446,University Ferhat Abbas of Setif,https://ror.org/02rzqza52,DZ,education
I208333798,University of Missouri–St. Louis,https://ror.org/037cnag11,US,education
I152532586,CFA Institute,https://ror.org/04v9v0986,US,nonprofit
I139787848,Capital University,https://ror.org/00jy9e726,US,education
I253188195,Deenbandhu Chhotu Ram University of Science and Technology,https://ror.org/05gnvg690,IN,education
I121847817,"The Graduate Center, CUNY",https://ror.org/00awd9g61,US,education
I878213199,Savitribai Phule Pune University,https://ror.org/044g6d731,IN,education
I4210127327,Institute of Developmental Physiology,https://ror.org/035rr9c26,RU,facility
I2799497666,NHS Ayrshire and Arran,https://ror.org/03kq24308,GB,healthcare
I71675930,Frankfurt School of Finance & Management,https://ror.org/05gxyna29,DE,education
I916357946,Sri Sivasubramaniya Nadar College of Engineering,https://ror.org/054psm803,IN,
I1340728805,Ifo Institute for Economic Research,https://ror.org/045495t75,DE,facility
I8961855,Universidad Nacional Autónoma de México,https://ror.org/01tmp8f25,MX,education
I4210153877,Microsystems (United Kingdom),https://ror.org/04pvywd96,GB,company
I4210120584,Polytechnic University,https://ror.org/02f0psx94,JP,education
I136722135,Claremont Graduate University,https://ror.org/0157pnt69,US,education
I4210099467,Science Approach (United States),https://ror.org/00hr74637,US,company
I163770644,Okayama University,https://ror.org/02pc6pc55,JP,education
I4210136087,West Midlands Deanery,https://ror.org/03svd7w08,GB,healthcare
I61937129,Jackson State University,https://ror.org/01ecnnp60,US,education
I4210119712,Max Planck Institute for Mathematics,https://ror.org/02dh8ja68,DE,facility
I4210092271,Agence Nationale pour l'Emploi,https://ror.org/00dxjhh32,FR,government
I4210094220,The Society of Korean Performance Art and Culture,https://ror.org/00hy0ds89,KR,other
I312958679,National University of Science and Technology,https://ror.org/02kesvt12,ZW,education
I2799962816,University of Maine School of Law,https://ror.org/04625j688,US,education
I189158971,United States Naval Academy,https://ror.org/00znex860,US,education
I4210109712,Max Planck Institute for Informatics,https://ror.org/01w19ak89,DE,facility
I2801120396,Boeing (Australia),https://ror.org/0346ase89,AU,company
I4210116741,Innopolis University,https://ror.org/02b7jh107,RU,education
I4210108303,Circle Solutions,https://ror.org/01tcbxg35,US,company
I4210100359,Ford Motor Company (France),https://ror.org/018mdm506,FR,company
I864159182,University of Silesia,https://ror.org/0104rcc94,PL,education
I102401767,University of Arkansas at Little Rock,https://ror.org/04fttyv97,US,education
I3123212020,Universidad Politécnica de Cartagena,https://ror.org/02k5kx966,ES,education
I75971999,Centre for Science and Environment,https://ror.org/053e12g40,IN,nonprofit
I4210100400,Northwestern University,https://ror.org/00m6w7z96,PH,education
I169645620,Institut Pascal,https://ror.org/03vgfxd91,FR,facility
I43729321,National College of Business Administration and Economics,https://ror.org/02my4wj17,PK,education
I4210101494,Wolaita Sodo University,https://ror.org/0106a2j17,ET,education
I51226738,Dong-A University,https://ror.org/03qvtpc38,KR,education
I30771326,Italian Institute of Technology,https://ror.org/042t93s57,IT,facility
I4210087796,Istituto di Ricerche Economiche e Sociali,https://ror.org/003fmz167,IT,education
I1302485747,Verizon (United States),https://ror.org/02vdyxx64,US,company
I1319597252,Center for Global Development,https://ror.org/0068yvd12,US,nonprofit
I216286881,Botswana International University of Science and Technology,https://ror.org/04cr2sq58,BW,education
I922845939,Philadelphia University,https://ror.org/03zzmyz63,US,education
I161548249,Bangor University,https://ror.org/006jb1a24,GB,education
I1280232793,World Intellectual Property Organization,https://ror.org/04anve402,CH,government
I1877545,Caritas Institute of Higher Education,https://ror.org/01wcz2f33,CN,education
I4210153594,Society for Cardiovascular Angiography and Interventions,https://ror.org/04bsc0v25,US,nonprofit
I108468826,Stevens Institute of Technology,https://ror.org/02z43xh36,US,education
I4210090377,National Composites Centre,https://ror.org/00bpwbx65,GB,other
I4210089509,Institute for Urban and Regional Research,https://ror.org/009tscw31,AT,facility
I131221577,Bucknell University,https://ror.org/00fc1qt65,US,education
I177880774,Drew University,https://ror.org/04gds4h28,US,education
I4210100083,Centre d'Études Spatiales de la Biosphère,https://ror.org/01225hq90,FR,facility
I4210119130,Institute for Learning Innovation,https://ror.org/02krjt890,US,nonprofit
I4210110140,Natural Selection (United States),https://ror.org/024es8b17,US,company
I4210087583,Decision Dynamics (United States),https://ror.org/005qng483,US,company
I142904861,Hanoi Architectural University,https://ror.org/03c8sfz84,VN,education
I88189429,Danmarks Nationalbank,https://ror.org/01hh2jh68,DK,other
I174025329,University of the Sunshine Coast,https://ror.org/016gb9e15,AU,education
I4210124189,Netherlands Institute for the Study of Crime and Law Enforcement,https://ror.org/03124pm05,NL,facility
I4210095777,Centre de Recherche sur l'Information Scientifique et Technique,https://ror.org/01k1bte55,DZ,government
I4210157007,École Normale Supérieure de Tétouan,https://ror.org/04pry7b16,MA,education
I199702508,Al Jouf University,https://ror.org/02zsyt821,SA,education
I4210109128,Institute for Social Anthropology,https://ror.org/016d0n234,AT,facility
I136806742,Azerbaijan State Oil Academy,https://ror.org/05mmnns11,AZ,education
I210043505,North-Caucasus Federal University,https://ror.org/05g1k4d79,RU,education
I119474363,Canterbury Christ Church University,https://ror.org/0489ggv38,GB,education
I4210122332,Optical Sciences (United States),https://ror.org/03122yk49,US,company
I4210116091,"Department of Physics, Mathematics and Informatics",https://ror.org/023sm4k53,BY,facility
I2801649442,State University System of Florida,https://ror.org/05sqd3t97,US,education
I27780798,University of Copenhagen,https://ror.org/035b05819,DK,education
I141810926,Baruch College,https://ror.org/023qavy03,US,education
I110325482,Eastern Kentucky University,https://ror.org/012xks909,US,education
I4210095782,Prysmian Group (Italy),https://ror.org/01kh3en48,IT,company
I4210140678,Information Systems Laboratories (United States),https://ror.org/049k0qb06,US,company
I4210159854,Max Planck Institute of Molecular Cell Biology and Genetics,https://ror.org/05b8d3w18,DE,facility
I186667990,Neurosciences Institute,https://ror.org/0460vf117,US,nonprofit
I52574355,University of Bihać,https://ror.org/03y601s20,BA,education
I4210100577,Antalya Bilim University,https://ror.org/013sqra93,TR,education
I5561750,University of Bari Aldo Moro,https://ror.org/027ynra39,IT,education
I163205636,Tabriz University of Medical Sciences,https://ror.org/04krpx645,IR,education
I1311308879,The Conservation Fund,https://ror.org/04mxfzz97,US,nonprofit
I8488066,Chiba Institute of Technology,https://ror.org/00qwnam72,JP,education
I2801155571,Bishop Grosseteste University,https://ror.org/04kw8et29,GB,education
I108192572,HEC Montréal,https://ror.org/05ww3wq27,CA,education
I51235708,Universidade Federal do Espírito Santo,https://ror.org/05sxf4h28,BR,education
I4210090724,State Key Laboratory of Building Safety and Built Environment,https://ror.org/00g8d1q08,CN,facility
I1287240670,Fera Science (United Kingdom),https://ror.org/05299tt38,GB,company
I4210137033,Istituto di Matematica Applicata e Tecnologie Informatiche,https://ror.org/03m0n3c07,IT,education
I3130035786,University Ucinf,https://ror.org/02cs9pv18,CL,education
I51532219,University of Lincoln,https://ror.org/03yeq9x20,GB,education
I4210091341,Novartis (China),https://ror.org/00fxgea47,CN,company
I4210092473,IEEE France section,https://ror.org/00jqtf796,FR,other
I4210121838,Lorraine Research Laboratory in Computer Science and its Applications,https://ror.org/02vnf0c38,FR,facility
I877506347,Abertay University,https://ror.org/04mwwnx67,GB,education
I24648388,Bradley University,https://ror.org/04kmeaw70,US,education
I2801884250,British Broadcasting Corporation (United Kingdom),https://ror.org/01qepzr42,GB,government
I16285277,William & Mary,https://ror.org/03hsf0573,US,education
I103531236,Boston College,https://ror.org/02n2fzt79,US,education
I36443711,Magna Graecia University,https://ror.org/0530bdk91,IT,education
I16269868,Santa Clara University,https://ror.org/03ypqe447,US,education
I1286959531,United Nations,https://ror.org/006kxhp52,US,government
I4210159667,Pueblo of Zuni,https://ror.org/050xprb61,US,archive
I102518490,Cañada College,https://ror.org/01qqm4q52,US,education
I1288214837,United States Naval Research Laboratory,https://ror.org/04d23a975,US,facility
I71578702,University of Portland,https://ror.org/01q6pmm96,US,education
I110675161,Infosys (India),https://ror.org/03bs18y54,IN,company
I12870472,Birmingham City University,https://ror.org/00t67pt25,GB,education
I1341030882,Educational Testing Service,https://ror.org/03b5q4637,US,nonprofit
I4210104343,Radiation Oncology Institute,https://ror.org/019bz5n15,US,nonprofit
I4210124239,Shanghai Xiandai Architectural Design,https://ror.org/036xtjy06,CN,facility
I2799323385,Board of the Swiss Federal Institutes of Technology,https://ror.org/01rvn4p91,CH,government
I79765343,University of Vaasa,https://ror.org/03769b225,FI,education
I3005327000,Institute for Infocomm Research,https://ror.org/053rfa017,SG,facility
I4210145164,Scientific Methods (United States),https://ror.org/03eqf3910,US,company
I4210091976,Library of Birmingham,https://ror.org/00gh58f75,GB,archive
I4210134378,Canadian Bio-Systems (Canada),https://ror.org/04ne7ew72,CA,company
I37553959,University of Technology of Belfort-Montbéliard,https://ror.org/05bn3m307,FR,education
I118353179,DePaul University,https://ror.org/04xtx5t16,US,education
I4210103231,Institute for Environmental Management,https://ror.org/019ngyx76,US,nonprofit
I98957242,Kitami Institute of Technology,https://ror.org/05wks2t16,JP,education
I156220630,Westminster College - Utah,https://ror.org/059rnte75,US,education
I182627622,Université Sorbonne Nouvelle,https://ror.org/03z6jp965,FR,education
I1319660883,Technological Educational Institute of Western Greece,https://ror.org/01mymm084,GR,education
I2801424531,Government of West Bengal,https://ror.org/044jr0f96,IN,government
I230915877,American College of Greece,https://ror.org/03vkake80,GR,nonprofit
I102117144,Banasthali University,https://ror.org/05ycegt40,IN,education
I179420787,Indian Council of Agricultural Research,https://ror.org/04fw54a43,IN,government
I175327997,Savannah College of Art and Design,https://ror.org/04yhjzf92,US,education
I191240316,University of Hull,https://ror.org/04nkhwh30,GB,education
I4210132957,Graphic Science (United Kingdom),https://ror.org/042fkva46,GB,company
I4210149433,Institute for Complex Systems,https://ror.org/05rcgef49,IT,facility
I69072986,University of Mauritius,https://ror.org/05cyprz33,MU,education
I263417816,The Russian Presidential Academy of National Economy and Public Administration,https://ror.org/04xnm9a92,RU,government
I87650153,Emerson College,https://ror.org/011xz5b94,US,education
I4210140439,Digital Video (Italy),https://ror.org/04ge7a533,IT,company
I2800024560,German National Library of Economics,https://ror.org/03a96gc12,DE,facility
I4210106479,"Laboratoire d'Informatique, Signaux et Systèmes de Sophia Antipolis",https://ror.org/01215r597,FR,facility
I152650591,University of Cauca,https://ror.org/04fybn584,CO,education
I4210113003,Physical Sciences (United States),https://ror.org/021qvjc46,US,company
I1325886976,Siemens (Germany),https://ror.org/059mq0909,DE,company
I8165072,Federal University of Itajubá,https://ror.org/00235nr42,BR,education
I123443094,State University of Maringá,https://ror.org/04bqqa360,BR,education
I1344076864,Center for Applied Linguistics,https://ror.org/020pekv35,US,nonprofit
I1312240494,British Film Institute,https://ror.org/04qg9vz18,GB,nonprofit
I27765905,North-West University,https://ror.org/010f1sq29,ZA,education
I4210162610,Grantmakers for Effective Organizations,https://ror.org/0501kzx55,US,nonprofit
I5400463,Ghulam Ishaq Khan Institute of Engineering Sciences and Technology,https://ror.org/01sb6ek09,PK,education
I4210126882,The Association of Comparative Study of World Literature,https://ror.org/02ce9zg48,KR,other
I4210095662,Faculty of Media,https://ror.org/00s8r8p14,SI,education
I98435010,Lviv Polytechnic National University,https://ror.org/0542q3127,UA,education
I4210091279,Paris 13 University,https://ror.org/0199hds37,FR,education
I77501641,University of Kalyani,https://ror.org/03v783k16,IN,education
I94349332,Serampore College,https://ror.org/04kn1c182,IN,education
I24571045,University of North Dakota,https://ror.org/04a5szx83,US,education
I121058860,Dickinson College,https://ror.org/02ydh7m84,US,education
I15991598,Konan University,https://ror.org/059b5pb30,JP,education
I78880903,University of Huelva,https://ror.org/03a1kt624,ES,education
I20121455,Bielefeld University,https://ror.org/02hpadn98,DE,education
I4210098964,Toulouse Mathematics Institute,https://ror.org/014vp6c30,FR,facility
I2799593479,Education Scotland,https://ror.org/05yapj268,GB,government
I115212828,Beijing Language and Culture University,https://ror.org/03te2zs36,CN,education
I5728261,University of Sunderland,https://ror.org/04p55hr04,GB,education
I4210116758,Knowledge Foundation,https://ror.org/02cbq7e25,SE,nonprofit
I4210127643,OncoGenex Pharmaceuticals (United States),https://ror.org/03bjgk257,US,company
I83740829,School of Visual Arts,https://ror.org/0437v2m88,US,education
I76198965,Friedrich Schiller University Jena,https://ror.org/05qpz1x62,DE,education
I3132460479,Royal College of Speech and Language Therapists,https://ror.org/02ft9z011,GB,education
I4210118158,Russian Economic University after G.V. Plekhanov,https://ror.org/02etsyv71,UZ,education
I4210095211,Health Education England,https://ror.org/00scx1h10,GB,government
I3141906898,Asia University,https://ror.org/01cyq8n55,JP,education
I19722,Ateneo de Manila University,https://ror.org/053kevk63,PH,education
I24768866,Bulgarian Academy of Sciences,https://ror.org/01x8hew03,BG,government
I178574317,Mie University,https://ror.org/01529vy56,JP,education
I124246371,York St John University,https://ror.org/00z5fkj61,GB,education
I83809506,University of South Alabama,https://ror.org/01s7b5y08,US,education
I4210134699,Signosis,https://ror.org/03x8kjj16,BE,company
I114660634,Benedictine University,https://ror.org/053fh2363,US,education
I40434647,Université Paris Nanterre,https://ror.org/013bkhk48,FR,education
I4210156583,Computer Science Department,https://ror.org/05g1zjw44,FR,facility
I4210103330,École Normale Supérieure,https://ror.org/01dp7jr64,BI,education
I61152923,Cabot (United States),https://ror.org/00ag9jk61,US,company
I19908199,National Center for Supercomputing Applications,https://ror.org/03g9ch715,BG,facility
I66943878,De Montfort University,https://ror.org/0312pnr83,GB,education
I59036183,Naval War College,https://ror.org/01hehsy63,US,education
I4210134959,Faculty of Design,https://ror.org/04bw0hg47,SI,education
I4210163771,Tableau Software (United States),https://ror.org/053v5e348,US,company
I141197729,Northcentral University,https://ror.org/04xf6c905,US,education
I4210141526,University of Pitesti,https://ror.org/058b16x44,RO,education
I2799341351,Manchester Grammar School,https://ror.org/05mh8bc44,GB,education
I46305939,University of Zielona Góra,https://ror.org/04fzm7v55,PL,education
I2802176441,Basque Center for Applied Mathematics,https://ror.org/03b21sh32,ES,education
I56858762,Universidad Nacional del Sur,https://ror.org/028crwz56,AR,education
I4210089003,Max Planck Institute for Psycholinguistics,https://ror.org/00671me87,NL,facility
I137853757,Howard University,https://ror.org/05gt1vc06,US,education
I1306601404,Science and Technology Policy Institute,https://ror.org/00s147322,KR,facility
I39660569,Colgate University,https://ror.org/05d23ve83,US,education
I1290206253,Microsoft (United States),https://ror.org/00d0nc645,US,company
I92008406,University of Stavanger,https://ror.org/02qte9q33,NO,education
I928460267,Independence University,https://ror.org/054phan86,US,education
I187293425,University of Ostrava,https://ror.org/00pyqav47,CZ,education
I12356871,Télécom Paris,https://ror.org/01naq7912,FR,education
I4210103046,International Research Center on Environment and Development,https://ror.org/01b436806,FR,facility
I44563897,Artois University,https://ror.org/053x9s498,FR,education
I92507152,John Jay College of Criminal Justice,https://ror.org/01p9rc392,US,education
I4210105651,Laboratoire Traitement du Signal et de l'Image,https://ror.org/01f1amm71,FR,facility
I4210117450,Federico II University Hospital,https://ror.org/02jr6tp70,IT,healthcare
I4210164656,V.I. Vernadsky Crimean Federal University,https://ror.org/05erbjx97,UA,education
I1335578998,Florida Institute for Human and Machine Cognition,https://ror.org/02napvw46,US,nonprofit
I1339065421,Defence Science and Technology Laboratory,https://ror.org/04jswqb94,GB,government
I111455621,"Queens College, CUNY",https://ror.org/03v8adn41,US,education
I138537684,Gauhati University,https://ror.org/01ppj9r51,IN,education
I7876267,Open University in the Netherlands,https://ror.org/018dfmf50,NL,education
I4210152518,Laboratoire d'Informatique Gaspard-Monge,https://ror.org/04t50yk91,FR,facility
I4210096112,Rutgers Sexual and Reproductive Health and Rights,https://ror.org/00rcvgx40,NL,other
I111236770,University of Vermont,https://ror.org/0155zta11,US,education
I3020615197,Institute of Service and Entrepreneurship of DGTU,https://ror.org/01rzj1953,RU,education
I4210130944,HeartFlow (United States),https://ror.org/0301tkm88,US,company
I142476485,École Polytechnique,https://ror.org/05hy3tk52,FR,education
I905292528,International Council for Open and Distance Education,https://ror.org/04se47j24,NO,nonprofit
I39804081,Sorbonne University,https://ror.org/02en5vm52,FR,education
I77079311,Wonkwang University,https://ror.org/006776986,KR,education
I186143895,Lehigh University,https://ror.org/012afjb06,US,education
I122411786,California Institute of Technology,https://ror.org/05dxps055,US,education
I56007636,Keele University,https://ror.org/00340yn33,GB,education
I205703379,Institut Mines-Télécom,https://ror.org/025vp2923,FR,facility
I94951947,University of Westminster,https://ror.org/04ycpbx82,GB,education
I36090812,Netaji Subhas University of Technology,https://ror.org/01fczmh85,IN,education
I2799833051,Arkansas Department of Education,https://ror.org/049te4f25,US,government
I3132909779,Grace Bible College,https://ror.org/04cas5j33,US,education
I2802617771,Health Alliance International,https://ror.org/022c13n15,US,nonprofit
I155381812,University of Trás-os-Montes and Alto Douro,https://ror.org/03qc8vh97,PT,education
I260719752,Scotland's Rural College,https://ror.org/044e2ja82,GB,education
I193615760,Dokuz Eylül University,https://ror.org/00dbd8b73,TR,education
I158438070,University of La Laguna,https://ror.org/01r9z8p25,ES,education
I201799495,Middle East Technical University,https://ror.org/014weej12,TR,education
I4210137189,Center for Interdisciplinary Studies,https://ror.org/03whr7s66,IN,facility
I17389662,University of Nicosia,https://ror.org/04v18t651,CY,education
I4210119991,Laboratoire Informatique d'Avignon,https://ror.org/02n399288,FR,facility
I33586908,Pandit Deendayal Petroleum University,https://ror.org/02nsv5p42,IN,education
I122285577,University of Humanistic Studies,https://ror.org/04w5ec154,NL,education
I4210104735,Sandia National Laboratories,https://ror.org/01apwpt12,US,facility
I203339264,University of Lyon System,https://ror.org/01rk35k63,FR,education
I4210152761,Nintendo (United States),https://ror.org/042cj6q83,US,company
I1294671590,French National Centre for Scientific Research,https://ror.org/02feahw73,FR,government
I140275651,University of Pannonia,https://ror.org/03y5egs41,HU,education
I172982924,University College of Medical Sciences,https://ror.org/01h3fm945,IN,education
I4210149706,New College,https://ror.org/05ab3fa41,GB,education
I3131578490,English and Foreign Languages University,https://ror.org/04mzg6j57,IN,education
I88459447,Novay,https://ror.org/00266dp40,NL,nonprofit
I4210090971,Southeast University,https://ror.org/00cf0ab87,BD,education
I2802287952,Naval Surface Warfare Center,https://ror.org/03d4ecn10,US,facility
I33434090,University of Massachusetts Boston,https://ror.org/04ydmy275,US,education
I9300472,Bournemouth University,https://ror.org/05wwcw481,GB,education
I4210131264,Laboratoire de l'Atmosphère et des Cyclones,https://ror.org/03wsemq03,FR,facility
I16733864,National Taiwan University,https://ror.org/05bqach95,TW,education
I60587646,Brno University of Technology,https://ror.org/03613d656,CZ,education
I4210160483,Russian State University of Justice,https://ror.org/05b2mvq54,RU,education
I4141589,National University of Rosario,https://ror.org/02tphfq59,AR,education
I126527374,Peoples' Friendship University of Russia,https://ror.org/02dn9h927,RU,education
I92039331,Theodor Bilharz Research Institute,https://ror.org/04d4dr544,EG,facility
I4210093078,Jiangsu Institute of Parasitic Diseases,https://ror.org/01d176154,CN,facility
I48615539,Université Félix Houphouët-Boigny,https://ror.org/03haqmz43,CI,education
I158937107,Swiss Tropical and Public Health Institute,https://ror.org/03adhka07,CH,facility
I128993996,University of South Wales,https://ror.org/02mzn7s88,GB,education
I4210101327,Twin Cities Orthopedics,https://ror.org/01en4s460,US,healthcare
I39586589,Swansea University,https://ror.org/053fq8t95,GB,education
I74899385,Central Queensland University,https://ror.org/023q4bk22,AU,education
I344703621,Iğdır Üniversitesi,https://ror.org/05jstgx72,TR,education
I182212641,University of Salzburg,https://ror.org/05gs8cd61,AT,education
I56490300,Siberian State Aerospace University,https://ror.org/05r50mj29,RU,education
I177156846,South Dakota State University,https://ror.org/015jmes13,US,education
I2800102766,Idaho National Laboratory,https://ror.org/00ty2a548,US,facility
I135428043,Cisco Systems (United States),https://ror.org/03yt1ez60,US,company
I172446870,University of Cagliari,https://ror.org/003109y17,IT,education
I170486558,Pompeu Fabra University,https://ror.org/04n0g0b29,ES,education
I98702875,Université de Caen Normandie,https://ror.org/051kpcy16,FR,education
I4210119061,Toulouse Institute of Computer Science Research,https://ror.org/01rx4qw44,FR,facility
I138801177,University of Ulster,https://ror.org/01yp9g959,GB,education
I4210112925,Max Planck Institute for Biological Cybernetics,https://ror.org/026nmvv73,DE,facility
I71966907,University of Northern Colorado,https://ror.org/016bysn57,US,education
I4210099960,Systems Control (United States),https://ror.org/014tted12,US,company
I4210096164,Crimean State Engineering Pedagogical University,https://ror.org/00y47bm46,UA,education
I196486018,Orenburg State University,https://ror.org/05b0f8e85,RU,education
I142608572,Prince Sattam Bin Abdulaziz University,https://ror.org/04jt46d36,SA,education
I89095802,Central University of Gujarat,https://ror.org/04y3rfg91,IN,education
I8975392,Osmania University,https://ror.org/030sjb889,IN,education
I17353258,B.M.S. College of Engineering,https://ror.org/02g4pvf45,IN,
I135388327,University of Kashmir,https://ror.org/032xfst36,IN,education
I290598920,"California State University, Dominguez Hills",https://ror.org/04pyvbw03,US,education
I78715868,University of Arkansas at Fayetteville,https://ror.org/05jbt9m15,US,education
I205051169,Kingston University,https://ror.org/05bbqza97,GB,education
I4210108719,EP Analytics (United States),https://ror.org/020emvx88,US,company
I4210088824,Informatica (South Korea),https://ror.org/006pcz623,KR,company
I4210093049,Leibniz Institute for Resilience Research,https://ror.org/00q5t0010,DE,facility
I4210150315,Ministry of Defence of the Russian Federation,https://ror.org/03ngg2631,RU,government
I117942362,Western Illinois University,https://ror.org/02sshz518,US,education
I298625061,Swedish University of Agricultural Sciences,https://ror.org/02yy8x990,SE,education
I4210166223,Sciences Cognitives et Sciences Affectives,https://ror.org/05rqwc876,FR,facility
I11331106,Okinawa Prefectural College of Nursing,https://ror.org/04gz2h231,JP,education
I94234084,Indian Institute of Technology Kanpur,https://ror.org/05pjsgx75,IN,education
I102502594,Northern Illinois University,https://ror.org/012wxa772,US,education
I85507684,Yarmouk University,https://ror.org/004mbaj56,JO,education
I4210166946,Imaging Center,https://ror.org/05hsqsk33,US,healthcare
I132118926,Austrian Institute of Technology,https://ror.org/04knbh022,AT,facility
I4210106889,Science Communication Institute,https://ror.org/01m52ey02,US,nonprofit
I4210141869,Universitas Semarang,https://ror.org/050adtn77,ID,education
I155093810,University of Idaho,https://ror.org/03hbp5t65,US,education
I191429286,Sam Houston State University,https://ror.org/00yh3cz06,US,education
I4210147622,Groupe d'Analyse et de Théorie Economique Lyon St Etienne,https://ror.org/042fmc481,FR,facility
I1343871089,Los Alamos National Laboratory,https://ror.org/01e41cf67,US,facility
I200870766,Brookhaven National Laboratory,https://ror.org/02ex6cf31,US,facility
I4210138135,Northrop Grumman (Germany),https://ror.org/043wc6127,DE,company
I26999989,University of the Free State,https://ror.org/009xwd568,ZA,education
I2277624104,Fondazione Bruno Kessler,https://ror.org/01j33xk10,IT,facility
I4210143258,SBS CyberSecurity (United States),https://ror.org/0572r3k48,US,company
I161046081,University of Freiburg,https://ror.org/0245cg223,DE,education
I15059493,İzmir University of Economics,https://ror.org/04hjr4202,TR,education
I4210092499,Center Point,https://ror.org/002eet613,US,other
I113508548,Albany State University,https://ror.org/01vme4277,US,education
I153151563,Harrisburg University of Science and Technology,https://ror.org/02g0s4z48,US,education
I4210128819,Institute of Electrical Engineering,https://ror.org/033js6g46,CN,facility
I7597260,Hungarian Academy of Sciences,https://ror.org/02ks8qq67,HU,government
I106118109,Eötvös Loránd University,https://ror.org/01jsq2704,HU,education
I33096239,National Dong Hwa University,https://ror.org/00mng9617,TW,education
I64663401,Center for Scientific Research and Higher Education at Ensenada,https://ror.org/04znhwb73,MX,facility
I4210158089,National Academy of Educational Sciences of Ukraine,https://ror.org/05h1pdj54,UA,nonprofit
I99977706,FH Aachen,https://ror.org/04tqgg260,DE,education
I59738393,Gaziantep University,https://ror.org/020vvc407,TR,education
I4210153777,International Data Group (Sweden),https://ror.org/059pfgk41,SE,company
I40963666,Central China Normal University,https://ror.org/03x1jna21,CN,education
I2802148964,Istituto Nazionale di Alta Matematica Francesco Severi,https://ror.org/01vx64p53,IT,nonprofit
I127339247,California State University System,https://ror.org/020qm1538,US,education
I83916355,Rabindra Bharati University,https://ror.org/059pxp552,IN,education
I2405095,University of Guayaquil,https://ror.org/047kyg834,EC,education
I82497590,Auburn University,https://ror.org/02v80fc35,US,education
I4210108547,EarthTech International (United States),https://ror.org/01mjdf856,US,company
I127077003,IMT School for Advanced Studies Lucca,https://ror.org/035gh3a49,IT,education
I177463362,University of West London,https://ror.org/03e5mzp60,GB,education
I4210124062,Tübitak National Metrology Institute,https://ror.org/02zcjdk53,TR,facility
I250520410,Prairie View A&M University,https://ror.org/0449kf092,US,education
I84340266,WHU – Otto Beisheim School of Management,https://ror.org/01yhahq71,DE,education
I130799901,University of St. Thomas - Texas,https://ror.org/02pkt3s45,US,education
I59725666,University of Reggio Calabria,https://ror.org/041sz8d87,IT,education
I107707843,Roskilde University,https://ror.org/014axpa37,DK,education
I197882922,International Institute for Population Sciences,https://ror.org/0178xk096,IN,education
I180910786,University of the Republic,https://ror.org/030bbe882,UY,education
I4210137154,Cambridge College,https://ror.org/036qj5r13,US,education
I4210127141,French National Institute for Industrial Environment and Risks,https://ror.org/034yrjf77,FR,facility
I30002821,Manhattanville College,https://ror.org/05qhdx204,US,education
I4210127392,Gisat (Czechia),https://ror.org/02g3bbd17,CZ,company
I4210118560,Max Planck Institute for Evolutionary Anthropology,https://ror.org/02a33b393,DE,facility
I880766802,Graduate School USA,https://ror.org/04n835f38,US,education
I57995698,Paris School of Economics,https://ror.org/01qtp1053,FR,education
I4210117785,Trialog (France),https://ror.org/027xpc035,FR,company
I230495080,University of Limerick,https://ror.org/00a0n9e72,IE,education
I4210089412,Applied Optimization (United States),https://ror.org/004b0n253,US,company
I4210165760,College of Accounting,https://ror.org/01e5pnf26,SI,education
I4210086768,Max Planck Institute for Empirical Aesthetics,https://ror.org/000rdbk18,DE,facility
I177697070,Yuri Gagarin State Technical University of Saratov,https://ror.org/01qn0gc28,RU,education
I4210157510,Smt. Kashibai Navale Medical College and General hospital,https://ror.org/05kqjh845,IN,education
I165525304,Edge Hill University,https://ror.org/028ndzd53,GB,education
I149460656,University College London,https://ror.org/02jx3x895,GB,education
I4210134673,The Institute of Statistical Mathematics,https://ror.org/03jcejr58,JP,facility
I153338809,Regent University,https://ror.org/00jhyq802,US,education
I4210096345,City University,https://ror.org/00r1j9q42,BD,education
I4210130473,Thinfilm (Sweden),https://ror.org/02vywq223,SE,company
I4210124929,Helmholtz Centre for Infection Research,https://ror.org/03d0p2685,DE,facility
I4210124557,Pacific Northwest Research Station,https://ror.org/02s42ys89,US,government
I107077323,Worcester Polytechnic Institute,https://ror.org/05ejpqr48,US,education
I4210127055,Athinoula A. Martinos Center for Biomedical Imaging,https://ror.org/032q5ym94,US,facility
I39470171,University of Ontario Institute of Technology,https://ror.org/016zre027,CA,education
I94626330,University of Bamberg,https://ror.org/01c1w6d29,DE,education
I49278261,Assam University,https://ror.org/0535c1v66,IN,education
I79161377,Punjabi University,https://ror.org/00xdn8y92,IN,education
I4210095684,Max Planck Institute for the Study of Religious and Ethnic Diversity,https://ror.org/0080y7t67,DE,education
I154549908,Indian Institute of Technology Jodhpur,https://ror.org/03yacj906,IN,education
I41832843,University of Tabriz,https://ror.org/01papkj44,IR,education
I4210110752,Laboratoire de Psychologie Cognitive,https://ror.org/01rf5x574,FR,facility
I4210110242,Digital Science (United States),https://ror.org/020h4b682,US,company
I12003341,National University of Science and Technology,https://ror.org/019vsm959,RU,education
I4210125269,RED Consulting (Norway),https://ror.org/038ny6229,NO,company
I4210088951,Synopsys (United States),https://ror.org/013by2m91,US,company
I106965489,United States Army Medical Command,https://ror.org/04vrzee53,US,government
I177738480,Japan Advanced Institute of Science and Technology,https://ror.org/03frj4r98,JP,education
I81365321,Old Dominion University,https://ror.org/04zjtrb98,US,education
I16038530,Aberystwyth University,https://ror.org/015m2p889,GB,education
I71422933,Sheffield Hallam University,https://ror.org/019wt1929,GB,education
I4210102085,Laboratoire d'Électrotechnique et d'Électronique de Puissance de Lille,https://ror.org/0186z1m53,FR,facility
I68784830,University of Tirana,https://ror.org/03g9v2404,AL,education
I4210153902,Siemens Healthcare (Germany),https://ror.org/0449c4c15,DE,company
I4210149655,Institute of Criminology,https://ror.org/04nqnb117,SI,facility
I889458895,University of Hong Kong,https://ror.org/02zhqgq86,CN,education
I116292333,National Graduate Institute for Policy Studies,https://ror.org/03gz5xp73,JP,education
I94509681,Technische Universität Braunschweig,https://ror.org/010nsgg66,DE,education
I4210166782,Virginia Tech Services,https://ror.org/05xr5sw33,US,nonprofit
I74656192,University of Göttingen,https://ror.org/01y9bpm73,DE,education
I4210115088,Państwowa Wyższa Szkoła Zawodowa w Nysie,https://ror.org/029mfc453,PL,education
I67256668,Kharkiv Polytechnic Institute,https://ror.org/00yp5c433,UA,education
I86420138,Indiana State University,https://ror.org/00f8man71,US,education
I169768744,Norwich University,https://ror.org/04we7d902,US,education
I4210166020,Ecosystem Sciences,https://ror.org/05mbqa235,AU,facility
I166825849,Tampere University,https://ror.org/033003e23,FI,education
I229116131,Northern Marianas College,https://ror.org/042zqcx93,US,education
I198012923,Staffordshire University,https://ror.org/00d6k8y35,GB,education
I151934421,University of Northern British Columbia,https://ror.org/025wzwv46,CA,education
I178535277,University of the West of England,https://ror.org/02nwg5t34,GB,education
I4210119275,358 (Finland),https://ror.org/02abp7362,FI,company
I4210087863,Les Afriques dans le Monde,https://ror.org/00721wn77,FR,facility
I205571821,Ibero American University,https://ror.org/05vss7635,MX,education
I177233841,"Vietnam National University, Hanoi",https://ror.org/02jmfj006,VN,education
I90281761,National Aviation University,https://ror.org/01f74x078,UA,education
I4210122310,Innovation Research Center,https://ror.org/02sdeme12,US,facility
I4210125693,Simulation Technologies (United States),https://ror.org/02ypd5h61,US,company
I4210108522,National Centre for Product Design and Development Research,https://ror.org/02jqwk197,GB,facility
I4210112993,Sino-Danish Centre for Education and Research,https://ror.org/020gjh112,CN,facility
I162346809,Institut National des Langues et Civilisations Orientales,https://ror.org/023zg8w32,FR,education
I195731000,Versailles Saint-Quentin-en-Yvelines University,https://ror.org/03mkjjy25,FR,education
I181233156,University of Oregon,https://ror.org/0293rh119,US,education
I180519160,Copenhagen Business School,https://ror.org/04sppb023,DK,education
I4210140283,Cambridge Econometrics (United Kingdom),https://ror.org/03gcet659,GB,company
I1334329717,World Bank,https://ror.org/00ae7jd04,US,other
I100887729,Andhra University,https://ror.org/049skhf47,IN,education
I150314799,International Food Policy Research Institute,https://ror.org/03pxz9p87,US,nonprofit
I132053463,Université Libre de Bruxelles,https://ror.org/01r9htc13,BE,education
I166846921,Liaoning Shihua University,https://ror.org/00k6c4h29,CN,education
I4210119716,Netherlands Defence Academy,https://ror.org/02dnvjf04,NL,facility
I157417397,Bowling Green State University,https://ror.org/00ay7va13,US,education
I105094715,National Institute of Technology Kurukshetra,https://ror.org/04909p852,IN,education
I1310145890,International Monetary Fund,https://ror.org/05m4rmw09,US,other
I55633929,World Bank Group,https://ror.org/02md09461,US,other
I184565670,Georgetown University,https://ror.org/05vzafd60,US,education
I2801619622,Public and Science,https://ror.org/015jn0h55,SE,nonprofit
I1299907687,Bloomberg (United States),https://ror.org/02rdpzb15,US,company
I4210164862,Artificial Intelligence in Medicine (Canada),https://ror.org/05p590m36,CA,company
I16835326,University of St Andrews,https://ror.org/02wn5qz54,GB,education
I1282105669,Argonne National Laboratory,https://ror.org/05gvnxz63,US,facility
I179093154,University of New Hampshire at Manchester,https://ror.org/04pvpk743,US,education
I4210116128,Languages and Cultures of Sub-Saharan Africa,https://ror.org/024mt9310,FR,facility
I61641377,Polytechnic University of Bucharest,https://ror.org/0558j5q12,RO,education
I170239107,University of South Australia,https://ror.org/01p93h210,AU,education
I8679417,Open University of Hong Kong,https://ror.org/0349bsm71,CN,education
I25607154,Juraj Dobrila University of Pula,https://ror.org/006ks2460,HR,education
I4210117430,National Institute for Japanese Language and Linguistics,https://ror.org/02caqc891,JP,other
I1306339040,Ericsson (Sweden),https://ror.org/05a7rhx54,SE,company
I137469784,Miltenyi Biotec (Germany),https://ror.org/00qhe6a56,DE,company
I4210142533,"Hearing, Speech & Deaf Center",https://ror.org/049ae8f38,US,nonprofit
I189731429,Wellesley College,https://ror.org/01srpnj69,US,education
I197274945,Nagoya Institute of Technology,https://ror.org/055yf1005,JP,education
I193054373,University of Redlands,https://ror.org/02hfyct53,US,education
I4210095297,MIT University,https://ror.org/00v140q16,MK,education
I206895457,University of Siegen,https://ror.org/02azyry73,DE,education
I169333911,Gdańsk University of Technology,https://ror.org/006x4sc24,PL,education
I4210128818,Institute of Software,https://ror.org/033dfsn42,CN,facility
I102149020,University of North Carolina at Charlotte,https://ror.org/04dawnj30,US,education
I155660961,University of Turku,https://ror.org/05vghhr25,FI,education
I147554453,University of Bedfordshire,https://ror.org/0400avk24,GB,education
I1306409833,Adobe Systems (United States),https://ror.org/059tvcg64,US,company
I170013655,Isfahan University of Technology,https://ror.org/00af3sa43,IR,education
I924572780,Praxis,https://ror.org/00b8kjk28,EE,nonprofit
I4210124522,Institute for Computational Linguistics “A. Zampolli”,https://ror.org/028g3pe33,IT,facility
I48018076,Christ University,https://ror.org/022tv9y30,IN,education
I27577105,University College Cork,https://ror.org/03265fv13,IE,education
I200719446,Vanderbilt University,https://ror.org/02vm5rt34,US,education
I102179633,New School,https://ror.org/02tvcev59,US,education
I57825437,University of Neuchâtel,https://ror.org/00vasag41,CH,education
I123185442,Reykjavík University,https://ror.org/05d2kyx68,IS,education
I3025081897,Göteborgs Stads,https://ror.org/03nd75281,SE,other
I4210165735,Dasman Diabetes Institute,https://ror.org/05tppc012,KW,education
I107949126,University of Lethbridge,https://ror.org/044j76961,CA,education
I184759092,Lafayette College,https://ror.org/036n0x007,US,education
I2802335433,Aarhus University Hospital,https://ror.org/040r8fr65,DK,healthcare
I4210105216,Thermo Fisher Scientific (Japan),https://ror.org/00wg75m45,JP,company
I62921916,Federal Rural University of Pernambuco,https://ror.org/02ksmb993,BR,education
I874386039,National University of La Plata,https://ror.org/01tjs6929,AR,education
I4210125075,Fédération française de cardiologie,https://ror.org/039w1jh10,FR,nonprofit
I83467386,IT University of Copenhagen,https://ror.org/02309jg23,DK,education
I897549280,Hologic (Germany),https://ror.org/007zn4n28,DE,company
I3132714249,Borneo Tarakan University,https://ror.org/031jjng67,ID,education
I82495205,University of Alabama in Huntsville,https://ror.org/02zsxwr40,US,education
I42775652,Link Campus University,https://ror.org/035mh1293,IT,education
I146552867,University of Puget Sound,https://ror.org/042drmv40,US,education
I24603500,University of Massachusetts Amherst,https://ror.org/0072zz521,US,education
I2802236040,University of Colorado System,https://ror.org/00jc20583,US,education
I184886455,Maersk (Denmark),https://ror.org/046gbzb64,DK,company
I173089394,ITMO University,https://ror.org/04txgxn49,RU,education
I187531555,Lund University,https://ror.org/012a77v79,SE,education
I4210098480,Vivant (United States),https://ror.org/00xsmqz41,US,company
I4210127731,Canberra (United Kingdom),https://ror.org/03dnk5950,GB,company
I82571370,GLA University,https://ror.org/05fnxgv12,IN,education
I90326151,EDHEC Business School,https://ror.org/05q7a8a02,FR,education
I36672615,Courant Institute of Mathematical Sciences,https://ror.org/037tm7f56,US,education
I174015415,Morpho (United States),https://ror.org/05q5em355,US,company
I2968483793,Visma (Norway),https://ror.org/04e9sck44,NO,company
I4210153122,Delos Clinical,https://ror.org/04t5pq748,ES,healthcare
I150589677,Tampere University of Applied Sciences,https://ror.org/00bwtjf83,FI,education
I3039010084,Tamedia (Switzerland),https://ror.org/00bfx7n30,CH,company
I59411706,Adam Mickiewicz University in Poznań,https://ror.org/04g6bbq64,PL,education
I104588304,University of Szczecin,https://ror.org/05vmz5070,PL,education
I48071105,Anstalt für Verbrennungskraftmaschinen List,https://ror.org/01bydex26,AT,company
I169335092,University of North Carolina at Greensboro,https://ror.org/04fnxsj42,US,education
I35364215,Naval Postgraduate School,https://ror.org/033yfkj90,US,education
I118892805,University of Lisbon,https://ror.org/01c27hj86,PT,education
I71999127,University of Barcelona,https://ror.org/021018s57,ES,education
I17301866,University of Alabama,https://ror.org/03xrrjk67,US,education
I4210121552,Elecnor (Spain),https://ror.org/02jygec53,ES,company
I686019,AGH University of Science and Technology,https://ror.org/00bas1c41,PL,education
I58918642,Sofia University,https://ror.org/02jv3k292,BG,education
I4210087408,Centro de Tecnologías Físicas y de la Información Leonardo Torres Quevedo,https://ror.org/00zsy6110,ES,facility
I70348806,Polytechnic University of Hauts-de-France,https://ror.org/02ezch769,FR,education
I32062511,Heriot-Watt University,https://ror.org/04mghma93,GB,education
I202963720,University of St. Gallen,https://ror.org/0561a3s31,CH,education
I4210114863,Fraunhofer Center for Applied Research on Supply Chain Services,https://ror.org/0263r2546,DE,facility
I4210117220,Barro Colorado Island,https://ror.org/02f4ya153,PA,facility
I6498739,Indian Statistical Institute,https://ror.org/00q2w1j53,IN,education
I200744771,ZHAW Zurich University of Applied Sciences,https://ror.org/05pmsvm27,CH,education
I4210149261,Pacific University,https://ror.org/059z5w858,US,education
I2799652382,Saskatchewan Polytechnic,https://ror.org/01e8w7w36,CA,education
I189590672,Kansas State University,https://ror.org/05p1j8758,US,education
I136446963,Okayama University of Science,https://ror.org/05aevyc10,JP,education
I4210108118,"Laboratoire d'Informatique, du Traitement de l'Information et des Systèmes",https://ror.org/01f1vfy95,FR,facility
I111483173,King University,https://ror.org/01evb6z23,US,education
I12524447,Seton Hall University,https://ror.org/007tn5k56,US,education
I4210134943,"Max Planck Institute for the Study of Crime, Security and Law",https://ror.org/04a8rd767,DE,facility
I4210118730,Instituto Tecnológico de Tijuana,https://ror.org/03dga7879,MX,education
I177605424,Amherst College,https://ror.org/028vqfs63,US,education
I4210166741,University of Klagenfurt,https://ror.org/05q9m0937,AT,education
I124601658,University of Parma,https://ror.org/02k7wn190,IT,education
I85283370,Senshu University,https://ror.org/03jzxkg37,JP,education
I63525965,Western Sydney University,https://ror.org/03t52dk35,AU,education
I4210116730,Universitätsmedizin Göttingen,https://ror.org/021ft0n22,DE,healthcare
I17056963,The University of Kitakyushu,https://ror.org/03mfefw72,JP,education
I41802502,Kanagawa University,https://ror.org/02j6c0d67,JP,education
I2801488757,South Ukrainian National Pedagogical University named after K. D. Ushynsky,https://ror.org/05wvagp91,UA,education
I130343225,Universiti Putra Malaysia,https://ror.org/02e91jd64,MY,education
I195740183,University of Moratuwa,https://ror.org/0491f5305,LK,education
I22128151,University of Derby,https://ror.org/02yhrrk59,GB,education
I4210111500,"Fraunhofer Institute of Optronics, System Technologies and Image Exploitation",https://ror.org/01zx97922,DE,facility
I67311998,European Organization for Nuclear Research,https://ror.org/01ggx4157,CH,facility
I66752286,University of Milano-Bicocca,https://ror.org/01ynf4891,IT,education
I153901656,University of North Carolina Wilmington,https://ror.org/02t0qr014,US,education
I4210152289,Institute of Social Sciences,https://ror.org/046chmz66,RU,facility
I3132075091,Károli Gáspár University of the Reformed Church in Hungary,https://ror.org/03efbq855,HU,education
I222202552,Pedagogical and Technological University of Colombia,https://ror.org/04vdmbk59,CO,education
I78974044,East China University of Political Science and Law,https://ror.org/01d1erx18,CN,education
I123387679,Uppsala University,https://ror.org/048a87296,SE,education
I184597095,National Institute of Informatics,https://ror.org/04ksd4g47,JP,facility
I2801549625,Kuwait Institute for Scientific Research,https://ror.org/041tgg678,KW,government
I183638586,Parthenope University of Naples,https://ror.org/05pcv4v03,IT,education
I1326116301,Natural England,https://ror.org/00r66pz14,GB,government
I4210130254,Institut Clément Ader,https://ror.org/040smqw14,FR,facility
I4210129810,Computational Sciences (United States),https://ror.org/03spzdh62,US,company
I29955533,Center for Information Technology,https://ror.org/03jh5a977,US,facility
I42894916,Data61,https://ror.org/03q397159,AU,other
I1292875679,Commonwealth Scientific and Industrial Research Organisation,https://ror.org/03qn8fb07,AU,government
I3133182661,Institute for Social Research,https://ror.org/03egy0233,HR,education
I180857899,Pfizer (United States),https://ror.org/01xdqrp08,US,company
I108403487,Warsaw University of Technology,https://ror.org/00y0xnp53,PL,education
I197854408,University of Malta,https://ror.org/03a62bv60,MT,education
I76777374,Central University of Rajasthan,https://ror.org/056y7zx62,IN,education
I186771145,Covenant University,https://ror.org/00frr1n84,NG,education
I4210132326,Techno India Group (India),https://ror.org/03zx8g717,IN,company
I2801105518,Confederation of Indian Industry,https://ror.org/04hrmb987,IN,nonprofit
I4210131288,National Engineering School of Tunis,https://ror.org/03b1zjt31,TN,education
I125687163,City College of New York,https://ror.org/00wmhkr98,US,education
I4210156003,Biota Pharmaceuticals (United States),https://ror.org/05bk0hn37,US,company
I142444530,University of Trieste,https://ror.org/02n742c10,IT,education
I3129553732,Togliatti State University,https://ror.org/03e2ja558,RU,education
I48912391,Istanbul Technical University,https://ror.org/059636586,TR,education
I2800403580,University of Minnesota System,https://ror.org/03grvy078,US,education
I169199633,Aston University,https://ror.org/05j0ve876,GB,education
I184942183,University of Oslo,https://ror.org/01xtthb56,NO,education
I70936203,Aurora University,https://ror.org/027487t94,US,education
I4210136805,Laboratory of Fundamental and Applied Computer Science of Tours,https://ror.org/03r938j26,FR,facility
I51205905,Kedge Business School,https://ror.org/00wk3s644,FR,education
I4210108100,Fuzzy Systems Institute,https://ror.org/01ykj2t23,JP,other
I1327163397,State University of New York,https://ror.org/01q1z8k08,US,education
I99043593,Macquarie University,https://ror.org/01sf06y89,AU,education
I52669646,Western Washington University,https://ror.org/05wn7r715,US,education
I129862065,Government Medical College,https://ror.org/007fenw03,IN,education
I4210105737,Atmiya University,https://ror.org/01cj5hx77,IN,education
I71437568,Universidade de Pernambuco,https://ror.org/00gtcbp88,BR,education
I52135307,Kemerovo State University,https://ror.org/036yvre49,RU,education
I83863532,Polytechnic Institute of Porto,https://ror.org/04988re48,PT,education
I22956069,National Institute of Advanced Studies,https://ror.org/012wm5r19,IN,education
I153976015,University of Ljubljana,https://ror.org/05njb9z20,SI,education
I4210125634,Sphere Medical (United Kingdom),https://ror.org/02tkzjy36,GB,company
I153845743,Moscow Institute of Physics and Technology,https://ror.org/00v0z9322,RU,education
I4210165258,Laboratoire d'informatique de Nantes Atlantique,https://ror.org/05487pd16,FR,facility
I4210142254,Laboratoire Bordelais de Recherche en Informatique,https://ror.org/03adqg323,FR,facility
I206573129,Islamia College University,https://ror.org/02p2c1595,PK,education
I4210104545,Seville Institute of Microelectronics,https://ror.org/01mqtzm43,ES,facility
I155765044,University of Hildesheim,https://ror.org/02f9det96,DE,education
I19923696,Østfold University College,https://ror.org/04gf7fp41,NO,education
I86695891,Australian Catholic University,https://ror.org/04cxm4j25,AU,education
I4210131065,Penza State University of Architecture and Construction,https://ror.org/03kh0v816,RU,education
I211070993,University of National and World Economy,https://ror.org/017ph0934,BG,education
I187494767,Syiah Kuala University,https://ror.org/05v4dza81,ID,education
I82724352,Universiti Teknologi MARA,https://ror.org/05n8tts92,MY,education
I4164984,International Islamic University Malaysia,https://ror.org/03s9hs139,MY,education
I71209653,Bocconi University,https://ror.org/05crjpb27,IT,education
I80046288,Walden University,https://ror.org/02qp2hh41,US,education
I87354575,National Chengchi University,https://ror.org/03rqk8h36,TW,education
I173029219,Multimedia University,https://ror.org/04zrbnc33,MY,education
I50357001,Carlos III University of Madrid,https://ror.org/03ths8210,ES,education
I18167132,Universidade Presbiteriana Mackenzie,https://ror.org/006nc8n95,BR,education
I57201433,Università della Svizzera italiana,https://ror.org/03c4atk17,CH,education
I1850255,University of Basel,https://ror.org/02s6k3f65,CH,education
I167576493,Colorado School of Mines,https://ror.org/04raf6v53,US,education
I110002522,University of Essex,https://ror.org/02nkf1q06,GB,education
I142617266,University of Crete,https://ror.org/00dr28g20,GR,education
I231025917,Hellenic Open University,https://ror.org/02kq26x23,GR,education
I204730241,Université Paris Cité,https://ror.org/05f82e368,FR,education
I1327714866,Federal Bureau of Investigation,https://ror.org/00ta5r839,US,government
I118590987,Northern Border University,https://ror.org/03j9tzj20,SA,education
I181369854,University of Erlangen-Nuremberg,https://ror.org/00f7hpc57,DE,education
I136040515,University of Deusto,https://ror.org/00ne6sr39,ES,education
I100633361,University of Massachusetts Dartmouth,https://ror.org/00fzmm222,US,education
I36243813,Universidad Nacional de Colombia,https://ror.org/059yx9a68,CO,education
I29891158,University of Sharjah,https://ror.org/00engpz63,AE,education
I8078737,Clemson University,https://ror.org/037s24f05,US,education
I2799391333,Centro de Investigaciones en Optica,https://ror.org/00q8h8k29,MX,facility
I38335241,National Institute of Technology Raipur,https://ror.org/02y553197,IN,education
I106165777,University of Central Florida,https://ror.org/036nfer12,US,education
I121820613,Louisiana State University,https://ror.org/05ect4e57,US,education
I206935292,Shaqra University,https://ror.org/05hawb687,SA,education
I183935753,King's College London,https://ror.org/0220mzb33,GB,education
I4210140880,Cefriel,https://ror.org/046bfkz44,IT,nonprofit
I67061984,Norwegian Institute for Air Research,https://ror.org/00q7d9z06,NO,nonprofit
I121748325,Universidad Complutense de Madrid,https://ror.org/02p0gd045,ES,education
I71838634,San Francisco State University,https://ror.org/05ykr0121,US,education
I4210124956,Grenoble Images Parole Signal Automatique,https://ror.org/02wrme198,FR,facility
I91450128,Jazan University,https://ror.org/02bjnq803,SA,education
I4210110810,Ecolab (United States),https://ror.org/02029yx61,US,company
I917168660,Montana Tech of the University of Montana,https://ror.org/03ttqt747,US,education
I114112103,Leibniz University Hannover,https://ror.org/0304hq317,DE,education
I105296287,Kurume University,https://ror.org/057xtrt18,JP,education
I122964287,National Institute of Technology Tiruchirappalli,https://ror.org/047x65e68,IN,education
I100930933,University College Dublin,https://ror.org/05m7pjf47,IE,education
I97098773,Webster University,https://ror.org/01x8j4206,US,education
I4210105705,Ingegneria dei Sistemi (United Kingdom),https://ror.org/01chs2347,GB,company
I4210150244,Centre de Robotique Intégrée d'Ile de France,https://ror.org/05denqv03,FR,facility
I63772739,Florida Atlantic University,https://ror.org/05p8w6387,US,education
I2801851002,Harvard University Press,https://ror.org/006v7bf86,US,other
I14396692,Tokyo University of Information Sciences,https://ror.org/044bdx604,JP,education
I430641,United States Air Force Academy,https://ror.org/0055d0g64,US,government
I58782413,Maharaja Sriram Chandra Bhanja Deo University,https://ror.org/05rap1m08,IN,education
I200432940,Allameh Tabataba'i University,https://ror.org/02cc4gc68,IR,education
I4210163794,Data Management (Italy),https://ror.org/017j5za44,IT,company
I37696226,University of Maribor,https://ror.org/01d5jce07,SI,education
I4210101698,Advanced Systems Laboratory,https://ror.org/0179ktw44,IN,facility
I198089087,Ball State University,https://ror.org/00k6tx165,US,education
I70983195,Syracuse University,https://ror.org/025r5qe02,US,education
I1343180700,Intel (United States),https://ror.org/01ek73717,US,company
I4210156869,Piedmont University,https://ror.org/05x1g5662,US,education
I4210137929,Lamsade,https://ror.org/03pnp1a74,FR,facility
I4210087493,National Institute of Measurement and Testing Technology,https://ror.org/002qybp75,CN,facility
I39824353,"National Institute of Astrophysics, Optics and Electronics",https://ror.org/00bpmmc63,MX,facility
I45155027,Technische Hochschule Mittelhessen,https://ror.org/02qdc9985,DE,education
I121345201,Instituto de Engenharia de Sistemas e Computadores Investigação e Desenvolvimento,https://ror.org/04mqy3p58,PT,nonprofit
I59746437,Open University of Cyprus,https://ror.org/033sm2k57,CY,education
I25217355,University of Pavia,https://ror.org/00s6t1f81,IT,education
I4210166268,Syngenta (China),https://ror.org/05q054h21,CN,company
I4210122744,Institute of Theoretical and Applied Informatics,https://ror.org/037p52j25,PL,facility
I40527276,Universität der Bundeswehr München,https://ror.org/05kkv3f82,DE,education
I97750245,Software (Spain),https://ror.org/02ethns06,ES,company
I4210143826,Institut National des Sciences Appliquées Centre Val de Loire,https://ror.org/03y0qc033,FR,education
I129043915,University of Udine,https://ror.org/05ht0mh31,IT,education
I4210148060,Université de Saida Dr.Moulay Tahar,https://ror.org/03mwqca46,DZ,education
I194028371,University of Regina,https://ror.org/03dzc0485,CA,education
I4210148195,Concordia University,https://ror.org/04dwckp88,US,education
I3124969661,Université des Sciences et de la Technologie d'Oran Mohamed Boudiaf,https://ror.org/02nbj1r55,DZ,education
I4210117005,Laboratoire des Sciences du Numérique de Nantes,https://ror.org/02snf8m58,FR,facility
I66809481,Southern Cross University,https://ror.org/001xkv632,AU,education
I118347636,Australian National University,https://ror.org/019wvm592,AU,education
I2799600842,Durham Technical Community College,https://ror.org/03fm7wh60,US,education
I203474044,"National Centre of Scientific Research ""Demokritos""",https://ror.org/038jp4m40,GR,facility
I4210103207,Friction Stir Link (United States),https://ror.org/00sz7mx24,US,company
I145722265,University of Thessaly,https://ror.org/04v4g9h31,GR,education
I4210145818,Yale-NUS College,https://ror.org/04g9wch13,SG,education
I60488453,Middlesex University,https://ror.org/01rv4p989,GB,education
I36448004,Shaheed Zulfiqar Ali Bhutto Institute of Science and Technology,https://ror.org/05yfc2w21,PK,education
I87424562,Ithaca College,https://ror.org/01kw1gj07,US,education
I217663830,Kuban State Technological University,https://ror.org/050w9j879,RU,education
I4210092162,General Electric (Israel),https://ror.org/00fymn751,IL,company
I66108857,Gallaudet University,https://ror.org/02b9aym09,US,education
I94734805,Bryan College,https://ror.org/01bgnmj50,US,education
I1291453478,Esan University,https://ror.org/05dm6rc87,PE,education
I1328614147,California Department of Transportation,https://ror.org/04d46jp54,US,government
I157286207,"National University of Ireland, Maynooth",https://ror.org/048nfjm95,IE,education
I161371597,Universiti of Malaysia Sabah,https://ror.org/040v70252,MY,education
I4210113150,Laboratoire Interdisciplinaire de Physique,https://ror.org/023n9q531,FR,facility
I4210143738,Universidad de Los Andes,https://ror.org/04pqpvr75,BO,education
I4210143803,Moscow Humanitarian Economic Institute,https://ror.org/04hsm1w74,RU,education
I4210130160,Universidade do Vale do Paraíba,https://ror.org/02gt27w49,BR,education
I45204951,University of Calabria,https://ror.org/02rc97e94,IT,education
I392282,"University at Albany, State University of New York",https://ror.org/012zs8222,US,education
I211738395,Financial University,https://ror.org/01hnrbb29,RU,education
I53964585,Weizmann Institute of Science,https://ror.org/0316ej306,IL,education
I4210107451,Universidad Loyola,https://ror.org/01wfnf418,BO,education
I170979836,Jadavpur University,https://ror.org/02af4h012,IN,education
I131729948,University of Salerno,https://ror.org/0192m2k53,IT,education
I145325580,Deloitte (United States),https://ror.org/03xkm6e60,US,company
I39854758,Auckland University of Technology,https://ror.org/01zvqw119,NZ,education
I62396329,University of Rouen,https://ror.org/03nhjew95,FR,education
I142108993,Southwest University,https://ror.org/01kj4z117,CN,education
I149672521,Federation University,https://ror.org/05qbzwv83,AU,education
I10660446,Kunming University of Science and Technology,https://ror.org/00xyeez13,CN,education
I49663120,University of Quebec,https://ror.org/010gxg263,CA,education
I169877490,University of Mumbai,https://ror.org/032hdk172,IN,education
I4921948,Pusan National University,https://ror.org/01an57a31,KR,education
I2800006345,Leiden University Medical Center,https://ror.org/05xvt9f17,NL,healthcare
I128046966,Istituto Affari Internazionali,https://ror.org/028a36g75,IT,nonprofit
I162290304,Sant'Anna School of Advanced Studies,https://ror.org/025602r80,IT,education
I1285119806,Heart Rhythm Society,https://ror.org/035m9ft70,US,other
I162608824,University of Sussex,https://ror.org/00ayhx656,GB,education
I109705148,European University of Tirana,https://ror.org/05r7c5x85,AL,education
I177064439,University of Burgundy,https://ror.org/03k1bsr36,FR,education
I204831749,Southwestern University of Finance and Economics,https://ror.org/04ewct822,CN,education
I1322124587,Booz Allen Hamilton (United States),https://ror.org/051rcp357,US,company
I79272384,"University of Maryland, Baltimore County",https://ror.org/02qskvh78,US,education
I157674565,University of Liège,https://ror.org/00afp2z80,BE,education
I150807315,Guangxi University,https://ror.org/02c9qn167,CN,education
I1351752,Koç University,https://ror.org/00jzwgz36,TR,education
I63135867,University of Cincinnati,https://ror.org/01e3m7079,US,education
I219193219,Purdue University West Lafayette,https://ror.org/02dqehb95,US,education
I174058017,Bangladesh Institute of Development Studies,https://ror.org/04x31hn39,BD,facility
I126231945,Queen's University Belfast,https://ror.org/00hswnk62,GB,education
I874055015,Teesside University,https://ror.org/03z28gk75,GB,education
I63072094,University of Portsmouth,https://ror.org/03ykbk197,GB,education
I176861719,University of Shahrood,https://ror.org/00yqvtm78,IR,education
I4210129023,Las Vegas Institute,https://ror.org/038tp0t62,US,education
I197465736,North Eastern Hill University,https://ror.org/055m2tx54,IN,education
I4210144804,Laboratoire de Recherche en Informatique,https://ror.org/04e3ktk27,FR,facility
I25112270,Federal University of Pernambuco,https://ror.org/047908t24,BR,education
I4210134356,Laboratoire Génie Industriel,https://ror.org/0455wwj08,FR,facility
I1314596251,Allen Institute for Brain Science,https://ror.org/00dcv1019,US,facility
I4210152724,Institut du Cerveau,https://ror.org/050gn5214,FR,facility
I4210127875,Nvidia (United States),https://ror.org/03jdj4y14,US,company
I2614128279,Dalle Molle Institute for Artificial Intelligence Research,https://ror.org/013355g38,CH,facility
I1313323035,Russian Academy of Sciences,https://ror.org/05qrfxd25,RU,government
I59433898,Brunel University London,https://ror.org/00dn4t376,GB,education
I909854389,London School of Economics and Political Science,https://ror.org/0090zs177,GB,education
I119217307,Opole University of Technology,https://ror.org/05sj5k538,PL,education
I50760025,Hangzhou Dianzi University,https://ror.org/0576gt767,CN,education
I879689382,Metropolitan State University of Denver,https://ror.org/03mnxwj46,US,education
I76369901,Beloit College,https://ror.org/009yr1d55,US,education
I885383172,National University of Malaysia,https://ror.org/00bw8d226,MY,education
I21449261,Masaryk University,https://ror.org/02j46qs45,CZ,education
I121883995,Johannes Kepler University of Linz,https://ror.org/052r2xn60,AT,education
I4210158379,Johann Radon Institute for Computational and Applied Mathematics,https://ror.org/05a94k872,AT,facility
I192396691,University of New Orleans,https://ror.org/034mtvk83,US,education
I149919469,California Polytechnic State University,https://ror.org/001gpfp45,US,education
I63098007,Liverpool John Moores University,https://ror.org/04zfme737,GB,education
I10824318,Universidade Federal de Ouro Preto,https://ror.org/056s65p46,BR,education
I60065076,Pacific Lutheran University,https://ror.org/01vh5nd96,US,education
I126345244,Portland State University,https://ror.org/00yn2fy02,US,education
I15057530,University of Bordeaux,https://ror.org/057qpr032,FR,education
I48825208,Paris 8 University,https://ror.org/04wez5e68,FR,education
I125956826,Arkansas State University,https://ror.org/006pyvd89,US,education
I102064193,University of Siena,https://ror.org/01tevnk56,IT,education
I4210150358,Institute for Intelligent Systems and Robotics,https://ror.org/05neq8668,FR,facility
I35345632,Institut de Recherche et Coordination Acoustique Musique,https://ror.org/0121jnt59,FR,education
I193700539,Tilburg University,https://ror.org/04b8v1s79,NL,education
I4210138704,Centre de Recherche en Acquisition et Traitement de l'Image pour la Santé,https://ror.org/03smk3872,FR,facility
I4210151160,Grenoble Institute of Neurosciences,https://ror.org/04as3rk94,FR,facility
I4210115584,Sacred Heart College,https://ror.org/02pttbd79,IN,education
I3133099055,Kamdhenu University,https://ror.org/02k3mav14,IN,education
I4210115196,Laboratoire d’Informatique Fondamentale de Marseille,https://ror.org/022my8t07,FR,facility
I52418104,Federal University of Paraná,https://ror.org/05syd6y78,BR,education
I4210126640,Instituto de Filosofía,https://ror.org/031y0e568,ES,facility
I71715416,Universidade Federal do ABC,https://ror.org/028kg9j04,BR,education
I4210113342,Systems Engineering Society of China,https://ror.org/024pse488,CN,other
I165339363,University of Oviedo,https://ror.org/006gksa02,ES,education
I4210165805,Plastic Omnium (France),https://ror.org/05np4h792,FR,company
I2799535048,Centre National d'Études Spatiales,https://ror.org/04h1h0y33,FR,government
I2738703131,Atomic Energy and Alternative Energies Commission,https://ror.org/00jjx8s55,FR,government
I28221208,Institut National des Sciences Appliquées de Rennes,https://ror.org/04xaa4j22,FR,education
I2802330208,Statistics Belgium,https://ror.org/0246a9012,BE,government
I4210136798,Capgemini (France),https://ror.org/03qx9tc91,FR,company
I4210140930,Thales (France),https://ror.org/04emwm605,FR,company
I2802519937,Institut de Recherche en Informatique et Systèmes Aléatoires,https://ror.org/00myn0z94,FR,education
I7454413,École Centrale de Lille,https://ror.org/01x441g73,FR,education
I4210112067,IBM (France),https://ror.org/02wnbr922,FR,company
I19370010,Orange (France),https://ror.org/035j0tq82,FR,company
I4210127572,IMT Atlantique,https://ror.org/030hj3061,FR,education
I98805295,University of the Aegean,https://ror.org/03zsp3p94,GR,education
I113428412,École Normale Supérieure de Lyon,https://ror.org/04zmssz18,FR,education
I4210085887,Laboratoire Hubert Curien,https://ror.org/0028p8r67,FR,facility
I4210152422,University of Toulouse-Jean Jaurès,https://ror.org/04ezk3x31,FR,education
I4210139825,"Bases, Corpus, Langage",https://ror.org/03mmb0d82,FR,facility
I3133055985,Westlake University,https://ror.org/05hfa4n20,CN,education
I33256026,German Research Centre for Artificial Intelligence,https://ror.org/01ayc5b57,DE,nonprofit
I4210116506,Wyoming Department of Education,https://ror.org/02abxwv41,US,government
I4210139985,Medicover,https://ror.org/03zrqt452,DE,healthcare
I63190737,"University at Buffalo, State University of New York",https://ror.org/01y64my43,US,education
I55741626,Technical University of Crete,https://ror.org/03f8bz564,GR,education
I78768387,University of Prishtina,https://ror.org/05t3p2g92,XK,education
I4210090537,Infor (Netherlands),https://ror.org/00cp8tk34,NL,company
I137867983,Central University of Finance and Economics,https://ror.org/008e3hf02,CN,education
I2252078561,Meta (Israel),https://ror.org/02388em19,IL,company
I134560555,Université Toulouse III - Paul Sabatier,https://ror.org/02v6kpv12,FR,education
I4210098364,Institute for Language and Speech Processing,https://ror.org/00z24kr14,GR,nonprofit
I171892758,Forschungszentrum Jülich,https://ror.org/02nv7yv05,DE,facility
I9341345,University of Lübeck,https://ror.org/00t3r8h32,DE,education
I79189158,University of Castilla-La Mancha,https://ror.org/05r78ng12,ES,education
I55913730,Bangkok University,https://ror.org/002qeva03,TH,education
I4210099416,"Laboratory of Computing, Modelling and Optimization of the Systems",https://ror.org/00t3fpp34,FR,facility
I4210100019,Institut de l'Environnement et Recherches Agricoles,https://ror.org/018zj0h25,BF,facility
I56435720,Université Paris Dauphine-PSL,https://ror.org/052bz7812,FR,education
I4210107411,Institute of Sugar Beet,https://ror.org/01mdqc612,CN,facility
I4210167018,Interaction Design (United Kingdom),https://ror.org/03qfyes53,GB,company
I157066012,Gleason (United States),https://ror.org/03bw04561,US,company
I1282311441,Lawrence Livermore National Laboratory,https://ror.org/041nk4h53,US,facility
I59807433,University of Lille Nord de France,https://ror.org/03btvgn05,FR,education
I4210143894,"Laboratoire d'Automatique, Génie Informatique et Signal",https://ror.org/04wez4p43,FR,facility
I3125743391,China University of Geosciences,https://ror.org/04q6c7p66,CN,education
I4210124102,Mondes Iranien et Indien,https://ror.org/02n9cps64,FR,facility
I4210100404,Agroecology,https://ror.org/00mkad321,FR,facility
I142974352,National Sun Yat-sen University,https://ror.org/00mjawt10,TW,education
I4210160287,Laboratoire de Linguistique et Didactique des Langues Etrangères et Maternelles,https://ror.org/05588ks88,FR,facility
I4665924,University of Rostock,https://ror.org/03zdwsf69,DE,education
I17937529,German Cancer Research Center,https://ror.org/04cdgtt98,DE,facility
I80606768,University of Extremadura,https://ror.org/0174shg90,ES,education
I190082696,Durham University,https://ror.org/01v29qb04,GB,education
I28290843,University of Surrey,https://ror.org/00ks66431,GB,education
I86467917,James Cook University,https://ror.org/04gsp2c11,AU,education
I111575329,Bharathiar University,https://ror.org/04fht8c22,IN,education
I142822886,Asahi University,https://ror.org/05epcpp46,JP,education
I4210129721,Directorate General of Training,https://ror.org/03qe16108,IN,government
I112859197,University of Camerino,https://ror.org/0005w8d69,IT,education
I55124831,"J.C. Bose University of Science & Technology, YMCA",https://ror.org/014jqnm52,IN,education
I1293487830,Geisinger Medical Center,https://ror.org/03j9npf54,US,healthcare
I4210160465,Université Constantine 2,https://ror.org/056mctw68,DZ,education
I4210125514,Université Djillali Liabes,https://ror.org/0378szg41,DZ,education
I144889574,University of Pau and Pays de l'Adour,https://ror.org/01frn9647,FR,education
I69740276,Tokyo Metropolitan University,https://ror.org/00ws30h19,JP,education
I4210151816,Equipe de recherche de Lyon en Sciences de l'Information et de la Communication,https://ror.org/04y24xj84,FR,facility
I4210134128,Universitas Ekasakti,https://ror.org/03nhjhr13,ID,education
I99041443,Mississippi State University,https://ror.org/0432jq872,US,education
I2699952,Pontifical Catholic University of Rio de Janeiro,https://ror.org/01dg47b60,BR,education
I179647637,Universidad Autónoma del Estado de México,https://ror.org/0079gpv38,MX,education
I4210165339,Ningbo Institute of Industrial Technology,https://ror.org/05nqg3g04,CN,facility
I202502355,Singapore Polytechnic,https://ror.org/05pxcn248,SG,education
I40053085,Australian Defence Force Academy,https://ror.org/02j5s7g39,AU,education
I4210142348,Max Planck Institute for the History of Science,https://ror.org/0492sjc74,DE,facility
I3006985408,Jožef Stefan Institute,https://ror.org/05060sz93,SI,facility
I3923682,Soochow University,https://ror.org/05t8y2r12,CN,education
I59270414,Indian Institute of Science Bangalore,https://ror.org/04dese585,IN,education
I83642850,Tokyo International University,https://ror.org/01g9ekh39,JP,education
I90803817,Universidad del Rosario,https://ror.org/0108mwc04,CO,education
I188801361,Cégep de Sherbrooke,https://ror.org/01nywkf82,CA,education
I74788687,Comenius University Bratislava,https://ror.org/0587ef340,SK,education
I43579087,University of Wisconsin–Milwaukee,https://ror.org/031q21x57,US,education
I67900169,Chung-Ang University,https://ror.org/01r024a98,KR,education
I4210156878,V.M. Glushkov Institute of Cybernetics,https://ror.org/05xmg2z40,UA,facility
I149851306,National Academy of Sciences of Ukraine,https://ror.org/00je4t102,UA,government
I4210112433,St. Joseph Dental College,https://ror.org/02333k624,IN,healthcare
I11986463,Università Iuav di Venezia,https://ror.org/01e6ksd91,IT,education
I124227911,Ben-Gurion University of the Negev,https://ror.org/05tkyf982,IL,education
I913140155,Offenburg University of Applied Sciences,https://ror.org/03zh5eq96,DE,education
I4210118101,SoftBank Robotics (France),https://ror.org/02msvh720,FR,company
I4210091119,Albert Schweitzer Ziekenhuis,https://ror.org/00e8ykd54,NL,healthcare
I2802928900,Academic Medical Center,https://ror.org/03t4gr691,NL,healthcare
I90183372,University of Lorraine,https://ror.org/04vfs2w97,FR,education
I4210088322,Centre de Gestion Scientifique,https://ror.org/003y0kg83,FR,facility
I106994412,Sinopec (China),https://ror.org/0161q6d74,CN,company
I55521800,Goldsmiths University of London,https://ror.org/01khx4a30,GB,education
I203899302,Universiti Teknologi Petronas,https://ror.org/048g2sh07,MY,education
I182023848,Petronas (Malaysia),https://ror.org/02tc7rm90,MY,company
I51504820,San Jose State University,https://ror.org/04qyvz380,US,education
I164936912,The University of Texas at El Paso,https://ror.org/04d5vba33,US,education
I69737025,University of Chile,https://ror.org/047gc3g35,CL,education
I4210115900,"Laboratoire Cognition, Langues, Langage, Ergonomie",https://ror.org/029cj5595,FR,facility
I32592955,Ludwigsburg University of Education,https://ror.org/02j0n6s98,DE,education
I150729083,University of Brasília,https://ror.org/02xfp8v59,BR,education
I186246823,University of Lucknow,https://ror.org/03bdeag60,IN,education
I191972202,Amity University,https://ror.org/02n9z0v62,IN,education
I154338468,University of Fribourg,https://ror.org/022fs9h90,CH,education
I94624287,University of Twente,https://ror.org/006hf6230,NL,education
I65837984,Kobe University,https://ror.org/03tgsfw79,JP,education
I4210148559,National Institute of Advanced Technologies of Brittany,https://ror.org/059n54003,FR,education
I95583923,Direction Générale de l'Armement,https://ror.org/04wsqd844,FR,government
I107470533,Tamkang University,https://ror.org/04tft4718,TW,education
I146773158,Qingdao Agricultural University,https://ror.org/051qwcj72,CN,education
I88060688,Technical University of Madrid,https://ror.org/03n6nwv02,ES,education
I63634437,Autonomous University of Madrid,https://ror.org/01cby8j38,ES,education
I2801009184,Luther University,https://ror.org/015dhy417,KR,education
I193223587,University of Trento,https://ror.org/05trd4x28,IT,education
I202524275,Smith College,https://ror.org/0497crr92,US,education
I4210155016,International Charter School,https://ror.org/01n18pd19,US,education
I26538001,San Diego State University,https://ror.org/0264fdx42,US,education
I4210126619,Instituto Politécnico de Tomar,https://ror.org/03gsfpp62,PT,education
I73142707,Athens University of Economics and Business,https://ror.org/03s262162,GR,education
I4210145309,Centre For Innovation And Development,https://ror.org/04zksj147,CZ,nonprofit
I874609350,Jean Moulin University Lyon 3,https://ror.org/05b5c0584,FR,education
I133738476,University of Massachusetts Lowell,https://ror.org/03hamhx47,US,education
I122346577,University of Modena and Reggio Emilia,https://ror.org/02d4c4y02,IT,education
I55143463,University of Turin,https://ror.org/048tbm396,IT,education
I4210103597,Unité de Recherche Agrosystèmes tropicaux,https://ror.org/00vxck708,FR,facility
I4210114274,Laboratoire d’Informatique et Systèmes,https://ror.org/0257sgk90,FR,facility
I4210119464,Quality and Reliability (Greece),https://ror.org/02f8mda22,GR,company
I195460627,University of Aberdeen,https://ror.org/016476m91,GB,education
I4210086158,Laboratoire Réactions et Génie des Procédés,https://ror.org/00p6sn362,FR,facility
I889315371,Agricultural & Applied Economics Association,https://ror.org/04e5cyn06,US,nonprofit
I4068193,University of Belgrade,https://ror.org/02qsmb048,RS,education
I3131550300,Toulouse 1 Capitole University,https://ror.org/0443n9e75,FR,education
I4210121906,Computer Processing and Analysis of the French Language,https://ror.org/02cy9g557,FR,facility
I98389781,Dhirubhai Ambani Institute of Information and Communication Technology,https://ror.org/02d5b7g69,IN,education
I4210116002,International Centre for Advanced Mediterranean Agronomic Studies,https://ror.org/02b1r3q86,ES,other
I4210118258,Centre d'Excellence en Technologies de l'Information et de la Communication,https://ror.org/02ma6j015,BE,nonprofit
I4210110792,Research Center for Automatic Control of Nancy,https://ror.org/022r5hc56,FR,facility
I165779595,University of Melbourne,https://ror.org/01ej9dk98,AU,education
I4210087136,"Savoirs, Textes, Langage",https://ror.org/003fs1j49,FR,facility
I4210122305,Descartes (Belgium),https://ror.org/02rrq8748,BE,company
I4210128771,Contextual Change (United States),https://ror.org/03bskcm82,US,company
I4210094675,Structures Formelles du Langage,https://ror.org/00nrven85,FR,facility
I4210109224,Institut de Planétologie et d'Astrophysique de Grenoble,https://ror.org/01kcrnc96,FR,facility
I2801658355,Office National d'Études et de Recherches Aérospatiales,https://ror.org/005y2ap84,FR,facility
I4210109156,Max Planck Institute for Astronomy,https://ror.org/01vhnrs90,DE,facility
I4210139483,"Groupe de Recherche en Informatique, Image, Automatique et Instrumentation de Caen",https://ror.org/043749971,FR,facility
I4210146074,"Analyse, Géométrie et Modélisation",https://ror.org/03qgt2624,FR,facility
I4210094304,Synapse Biomedical (United States),https://ror.org/00p5rpb50,US,company
I169173203,Délégation Paris 7,https://ror.org/00bw5n526,FR,government
I4210107233,Language Science (South Korea),https://ror.org/01h9v1373,KR,company
I131077856,Centre de Coopération Internationale en Recherche Agronomique pour le Développement,https://ror.org/05kpkpg04,FR,facility
I4210131745,Parallel Consulting (United States),https://ror.org/03cssbw37,US,company
I223532165,University of Utah,https://ror.org/03r0ha626,US,education
I4210101866,Informa (Italy),https://ror.org/017c2y429,IT,company
I19648265,Wright State University,https://ror.org/04qk6pt94,US,education
I4210131537,Montpellier Business School,https://ror.org/037tw3m02,FR,education
I2801537753,Eppendorf (Germany),https://ror.org/03wjwyj98,DE,company
I4210104197,Food Process Engineering and Microbiology,https://ror.org/01ky8b097,FR,facility
I4210115485,Laboratoire d'Informatique pour la Mécanique et les Sciences de l'Ingénieur,https://ror.org/01raq4x89,FR,facility
I1325072066,WiLAN (Canada),https://ror.org/051pbge72,CA,company
I17974374,Universidade de São Paulo,https://ror.org/036rp1748,BR,education
I1118541,University of East Anglia,https://ror.org/026k5mg93,GB,education
I2801030728,German Center for Integrative Biodiversity Research,https://ror.org/01jty7g66,DE,facility
I20089843,Princeton University,https://ror.org/00hx57361,US,education
I4210145724,Centre d'Etudes et De Recherche en Informatique et Communications,https://ror.org/044j5mm75,FR,facility
I4210100762,"State Institution ""Institute for Children and Adolescents Health Care at the National Academy of Medical Sciences of Ukraine""",https://ror.org/015x1jv94,UA,facility
I4210093196,Sirius University of Science and Technology,https://ror.org/00n51jg89,RU,education
I4210115519,Centre de Recherche en Informatique,https://ror.org/020cdve92,FR,facility
I83259278,Manouba University,https://ror.org/0503ejf32,TN,education
I188760350,Ollscoil na Gaillimhe – University of Galway,https://ror.org/03bea9k73,IE,education
I114090438,Goethe University Frankfurt,https://ror.org/04cvxnb49,DE,education
I926574661,Leipzig University,https://ror.org/03s7gtk40,DE,education
I125467818,Dakota State University,https://ror.org/016yv6y68,US,education
I125989756,Skolkovo Institute of Science and Technology,https://ror.org/03f9nc143,RU,education
I179097149,University of Carthage,https://ror.org/057x6za15,TN,education
I4210100433,Laboratoire de Psychologie et NeuroCognition,https://ror.org/014p6mg26,FR,facility
I913481162,Wageningen University & Research,https://ror.org/04qw24q55,NL,education
I2800387288,European Commission,https://ror.org/00k4n6c32,BE,government
I4210140143,Dynamic Systems (United States),https://ror.org/043vm9914,US,company
I39534123,Gwangju Institute of Science and Technology,https://ror.org/024kbgz78,KR,facility
I4210101314,SRM Dental College,https://ror.org/01bd1sf38,IN,education
I160727737,École des Mines de Douai,https://ror.org/05ate2e14,FR,education
I4210112285,Laboratoire de Biotechnologie de l'Environnement,https://ror.org/022m8c549,FR,facility
I26092322,Stellenbosch University,https://ror.org/05bk57929,ZA,education
I4210089617,"Laboratory of Industrial and Human Automation Control, Mechanical Engineering and Computer Science",https://ror.org/006z7v557,FR,facility
I125749732,Western University,https://ror.org/02grkyz14,CA,education
I2801333002,Purdue University System,https://ror.org/05p8z3f47,US,education
I4210118226,Mangalore Institute of Oncology,https://ror.org/01qg9v093,IN,healthcare
I4210132107,Laboratoire Génie et Matériaux Textiles,https://ror.org/038sy2k93,FR,facility
I4210088387,Heuristics and Diagnostics for Complex Systems,https://ror.org/0075hvk77,FR,facility
I4210109813,Institute for Advanced Architecture of Catalonia,https://ror.org/01ph4v684,ES,facility
I899635006,Grenoble Alpes University,https://ror.org/02rx3b187,FR,education
I4210089655,Laboratoire Matière Molle et Chimie,https://ror.org/007sc9r91,FR,facility
I4210152658,Active Technologies (Italy),https://ror.org/03zp7nb85,IT,company
I58028834,Universidade da Madeira,https://ror.org/0442zbe52,PT,education
I4210104430,Grenoble Computer Science Laboratory,https://ror.org/01c8rcg82,FR,facility
I1289243028,Oak Ridge National Laboratory,https://ror.org/01qz5mb56,US,facility
I193531525,George Washington University,https://ror.org/00y4zzh67,US,education
I1297288678,National Renewable Energy Laboratory,https://ror.org/036266993,US,facility
I4210134114,"Langues, Textes, Traitements Informatiques, Cognition",https://ror.org/03ms1y683,FR,facility
I4210134847,Instituto Tecnológico de Informática,https://ror.org/02s69db58,ES,nonprofit
I1662191,University of Puerto Rico at Río Piedras,https://ror.org/0453v4r20,US,education
I4210129108,Groupement de Recherche en Économie Quantitative d’Aix-Marseille,https://ror.org/02ek9wp67,FR,facility
I4210101898,GESIS - Leibniz-Institute for the Social Sciences,https://ror.org/018afyw53,DE,facility
I98461037,Tecnológico de Monterrey,https://ror.org/03ayjn504,MX,education
I190632392,Luleå University of Technology,https://ror.org/016st3p78,SE,education
I201106796,Buryat State University,https://ror.org/04rfsd440,RU,education
I51195161,EMLYON Business School,https://ror.org/009gmrj52,FR,education
I141595442,University of Bucharest,https://ror.org/02x2v6p15,RO,education
I33800924,Academy of Romanian Scientists,https://ror.org/04ybnj478,RO,facility
I162827531,Indian Institute of Technology Bombay,https://ror.org/02qyf5152,IN,education
I200650556,University of Agder,https://ror.org/03x297z98,NO,education
I4210131315,"Laboratoire de Mathématiques Analyse, Probabilités, Modélisation Orléans",https://ror.org/03d6rdf69,FR,facility
I4210112333,Institut de Mathématiques de Bourgogne,https://ror.org/021f0sa24,FR,facility
I120691247,University of Hagen,https://ror.org/04tkkr536,DE,education
I4210115445,Laboratoire Angevin de Recherche en Mathématiques,https://ror.org/036j0y719,FR,facility
I39063666,University of Catania,https://ror.org/03a64bh57,IT,education
I75390827,Beijing University of Chemical Technology,https://ror.org/00df5yc52,CN,education
I4210139124,Centre de Recherche sur la Langue et les Textes Basques,https://ror.org/03bj0v820,FR,facility
I352274,Deccan College Post Graduate and Research Institute,https://ror.org/049k6hp62,IN,education
I4210127953,Carinthia University of Applied Sciences,https://ror.org/036w00e23,AT,education
I4092182,Graz University of Technology,https://ror.org/00d7xrm67,AT,education
I185852735,University of Central Lancashire,https://ror.org/010jbqd54,GB,education
I4210091440,Trilateral Research & Consulting,https://ror.org/0023q4k34,GB,other
I193181351,University of Guadalajara,https://ror.org/043xj7k26,MX,education
I90745801,University of New England,https://ror.org/04r659a56,AU,education
I4210088809,Hormozgan University,https://ror.org/003jjq839,IR,education
I33162209,"Islamic Azad University, Lahijan Branch",https://ror.org/03dhqyc75,IR,education
I4210108167,Sadra Institute Of Higher Education,https://ror.org/01r4svf88,IR,education
I41775361,Islamic Azad University Central Tehran Branch,https://ror.org/03a11m818,IR,education
I25974101,University of Würzburg,https://ror.org/00fbnyb24,DE,education
I204881574,University of Pavol Jozef Šafárik,https://ror.org/039965637,SK,education
I197323543,Johannes Gutenberg University Mainz,https://ror.org/023b0x485,DE,education
I19894307,University of Montpellier,https://ror.org/051escj72,FR,education
I4210088668,"National Research Institute for Agriculture, Food and Environment",https://ror.org/003vg9w96,FR,government
I4210094618,CT Group Of Institutions,https://ror.org/00m02ap37,IN,education
I4210162190,"China University of Petroleum, East China",https://ror.org/05gbn2817,CN,education
I4210114766,Muscat College,https://ror.org/01zhpv322,OM,education
I878454856,Hasselt University,https://ror.org/04nbhqj75,BE,education
I141962983,Shanghai University of Engineering Sciences,https://ror.org/0557b9y08,CN,education
I245364917,University of Białystok,https://ror.org/01qaqcf60,PL,education
I4210087266,Institute of Computer Science,https://ror.org/003fvp964,PL,facility
I44504214,Czech Technical University in Prague,https://ror.org/03kqpb082,CZ,education
I16365422,Hefei University of Technology,https://ror.org/02czkny70,CN,education
I4210160793,Institute of Geographic Sciences and Natural Resources Research,https://ror.org/04t1cdb72,CN,facility
I114218197,Chinese Academy of Social Sciences,https://ror.org/05bxbmy32,CN,facility
I141568987,Hong Kong Baptist University,https://ror.org/0145fw131,CN,education
I255234318,Universidad de Zaragoza,https://ror.org/012a91z28,ES,education
I3132279224,Institut Supérieur de l'Électronique et du Numérique,https://ror.org/017h2rd72,FR,education
I100005738,Brigham Young University,https://ror.org/047rhhm47,US,education
I1280536761,Ames Research Center,https://ror.org/02acart68,US,facility
I63920570,Tennessee Technological University,https://ror.org/05drmrq39,US,education
I4210130445,Max Planck Institute for Human Cognitive and Brain Sciences,https://ror.org/0387jng26,DE,facility
I4210164098,Hannover Re (Germany),https://ror.org/05qc7pm63,DE,company
I8087733,University of Tübingen,https://ror.org/03a1kwz48,DE,education
I172901346,St Petersburg University,https://ror.org/023znxa73,RU,education
I4210158291,Laboratoire Jacques-Louis Lions,https://ror.org/04xmteb38,FR,facility
I290407205,Meenakshi Academy of Higher Education and Research,https://ror.org/04jdy5g59,IN,education
I39333907,Yanshan University,https://ror.org/02txfnf15,CN,education
I76835614,University of Missouri,https://ror.org/02ymw8z06,US,education
I1331384533,University of Hawaii System,https://ror.org/03tzaeb71,US,education
I93396115,The University of Notre Dame Australia,https://ror.org/02stey378,AU,education
I182980787,University of Dallas,https://ror.org/00v3ak792,US,education
I4210090124,National Technological Institute of Mexico,https://ror.org/00davry38,MX,government
I6289922,Universidade de Vigo,https://ror.org/05rdf8595,ES,education
I32366509,Silesian University in Opava,https://ror.org/02w4f2z17,CZ,education
I4210089144,Centre National de la Recherche Scientifique,https://ror.org/00675rp98,MA,government
I15766328,University of Lleida,https://ror.org/050c3cw24,ES,education
I4210100283,"Laboratoire des Sciences de l'Ingénieur, de l'Informatique et de l'Imagerie",https://ror.org/00k4e5n71,FR,facility
I204512498,University of Macau,https://ror.org/01r4q9n85,CN,education
I4210165912,Laboratoire Traitement et Communication de l’Information,https://ror.org/057er4c39,FR,facility
I142899784,University of Sfax,https://ror.org/04d4sd432,TN,education
I2799491702,Pushkin State Russian language Institute,https://ror.org/03hcakg70,RU,education
I3018771216,LMU Klinikum,https://ror.org/02jet3w32,DE,healthcare
I4210104872,Rostov State University of Economics,https://ror.org/01d1z8s73,RU,education
I74969885,Southern University,https://ror.org/05bg0c903,BD,education
I4210162777,Ulyanovsk State Agricultural Academy named after PA Stolypin,https://ror.org/05ssws785,RU,education
I4210094909,Surgut State University,https://ror.org/01gsr9f55,RU,education
I137534880,Southern Federal University,https://ror.org/01tv9ph92,RU,education
I4210135186,MIREA - Russian Technological University,https://ror.org/04qrtgy16,RU,education
I4210117998,Maine Farmland Trust,https://ror.org/02hkkqt25,US,nonprofit
I904090387,Global University,https://ror.org/04frhb927,LB,education
I4210155769,O2 Czech Republic (Czechia),https://ror.org/05dbs4128,CZ,company
I12834331,University of Wyoming,https://ror.org/01485tq96,US,education
I122140584,Federal University of Rio de Janeiro,https://ror.org/03490as77,BR,education
I193775966,Yonsei University,https://ror.org/01wjejq96,KR,education
I139024713,Guangdong University of Technology,https://ror.org/04azbjn80,CN,education
I4210166639,Dartmouth Hospital,https://ror.org/02j3qj605,GB,healthcare
I107672454,Dartmouth College,https://ror.org/049s0rh22,US,education
I84218800,"University of California, Davis",https://ror.org/05rrcem69,US,education
I12379730,Poznań University of Economics and Business,https://ror.org/0532c1x92,PL,education
I22465464,University of Münster,https://ror.org/00pd74e08,DE,education
I4210121589,Université Saint-Louis,https://ror.org/02ygek028,BE,education
I149461666,Ca' Foscari University of Venice,https://ror.org/04yzxz566,IT,education
I97565354,University of Lausanne,https://ror.org/019whta54,CH,education
I122228004,HTW Berlin - University of Applied Sciences,https://ror.org/01xzwj424,DE,education
I4210087817,Software (Germany),https://ror.org/004g36n56,DE,company
I80143920,Shandong University of Science and Technology,https://ror.org/04gtjhw98,CN,education
I115475287,Oklahoma State University,https://ror.org/01g9vbr38,US,education
I135140700,University of Bonn,https://ror.org/041nas322,DE,education
I173288447,Grinnell College,https://ror.org/04tmmky42,US,education
I66083562,Systems Research Institute,https://ror.org/0111cp837,PL,facility
I99542240,Polish Academy of Sciences,https://ror.org/01dr6c206,PL,government
I183533211,University of Wisconsin–Whitewater,https://ror.org/049hrzs50,US,education
I45084792,University of Florence,https://ror.org/04jr1s763,IT,education
I160856358,University of San Diego,https://ror.org/03jbbze48,US,education
I157696592,Universiti Malaysia Terengganu,https://ror.org/02474f074,MY,education
I69356397,Xi’an Jiaotong-Liverpool University,https://ror.org/03zmrmn05,CN,education
I51569856,Sultan Zainal Abidin University,https://ror.org/00bnk2e50,MY,education
I102248843,Vienna University of Economics and Business,https://ror.org/03yn8s215,AT,education
I2803050950,Danish Ministry of Defence,https://ror.org/02ncgfj77,DK,government
I4210087596,Qualcomm (United States),https://ror.org/002zrf773,US,company
I167360494,University of Wuppertal,https://ror.org/00613ak93,DE,education
I822440,Okanagan University College,https://ror.org/02mxmh518,CA,education
I1341640284,Centrum Wiskunde & Informatica,https://ror.org/00x7ekv49,NL,facility
I40034438,Rio de Janeiro State University,https://ror.org/0198v2949,BR,education
I15477984,James Hutton Institute,https://ror.org/03rzp5127,GB,nonprofit
I4210155201,Redmond Fire Department,https://ror.org/05d788x61,US,government
I5681781,University of Adelaide,https://ror.org/00892tw58,AU,education
I111979921,Northwestern University,https://ror.org/000e0be47,US,education
I11983389,Manchester Metropolitan University,https://ror.org/02hstj355,GB,education
I2800710378,Naval University of Engineering,https://ror.org/056vyez31,CN,education
I59028903,Ocean University of China,https://ror.org/04rdtx186,CN,education
I94722563,University of Jyväskylä,https://ror.org/05n3dz165,FI,education
I848706,Sungkyunkwan University,https://ror.org/04q78tk20,KR,education
I138925566,Ewha Womans University,https://ror.org/053fp5c05,KR,education
I157227730,University of East London,https://ror.org/057jrqr44,GB,education
I106245021,Çankaya University,https://ror.org/056wqre19,TR,education
I179331831,Taif University,https://ror.org/014g1a453,SA,education
I47251452,Wake Forest University,https://ror.org/0207ad724,US,education
I154757721,University of Piraeus,https://ror.org/02qs84g94,GR,education
I26072440,Indian Institute of Information Technology Allahabad,https://ror.org/03rgjt374,IN,education
I4210122476,UMR Territoires,https://ror.org/026tc4g97,FR,facility
I86987016,Royal Institute of Technology,https://ror.org/026vcq606,SE,education
I4210107720,CentraleSupélec,https://ror.org/019tcpt25,FR,facility
I2800365227,University of Paris-Est,https://ror.org/0268ecp52,FR,education
I4654613,University of Warsaw,https://ror.org/039bjqg32,PL,education
I1902872,EURECOM,https://ror.org/00sse7z02,FR,education
I2801356230,Thales (Australia),https://ror.org/00f7vya03,AU,company
I4210144925,Technological University Dublin,https://ror.org/04t0qbt32,IE,education
I205274468,Trinity College Dublin,https://ror.org/02tyrky19,IE,education
I4210153482,Changzhou University,https://ror.org/04ymgwq66,CN,education
I200769079,Hong Kong University of Science and Technology,https://ror.org/00q4vv597,CN,education
I4210098116,Vitalograph (Ireland),https://ror.org/00xgwej35,IE,company
I122725048,Simon Kuznets Kharkiv National University of Economics,https://ror.org/02anx2442,UA,education
I76214153,Lanzhou University,https://ror.org/01mkqqe32,CN,education
I4210114212,Laboratoire de Linguistique Formelle,https://ror.org/0223bz716,FR,facility
I29698356,HITEC University,https://ror.org/013d87239,PK,education
I73417466,Coventry University,https://ror.org/01tgmhj36,GB,education
I171048554,Centre de Recherche en Mathématiques de la Décision,https://ror.org/03s0gj002,FR,facility
I100445878,École Centrale de Nantes,https://ror.org/03nh7d505,FR,education
I43439940,University of Southampton,https://ror.org/01ryk1543,GB,education
I4210134697,Éco-Anthropologie,https://ror.org/03x0yny97,FR,facility
I82284825,Cranfield University,https://ror.org/05cncd958,GB,education
I4210106796,Polish University Abroad,https://ror.org/01etvnv23,GB,education
I90425906,South Asian University,https://ror.org/02kjyst95,IN,education
I44852757,Liverpool Hope University,https://ror.org/03ctjbj91,GB,education
I302410947,M S Ramaiah University of Applied Sciences,https://ror.org/02anh8x74,IN,education
I4210091866,Research and Technology Center of Energy,https://ror.org/00dyead60,TN,facility
I1288043984,Techno India University,https://ror.org/00v1y6t69,IN,education
I9360294,University of Bologna,https://ror.org/01111rn36,IT,education
I202276237,Medical University of Graz,https://ror.org/02n0bts35,AT,education
I49332381,University of Oklahoma Health Sciences Center,https://ror.org/0457zbj98,US,healthcare
I4210104252,Air Force Engineering University,https://ror.org/00seraz22,CN,education
I51216347,Anglia Ruskin University,https://ror.org/0009t4v78,GB,education
I122147150,Higher University of San Andrés,https://ror.org/00k4v9x79,BO,education
I4210150889,Center for MathematicaL studies and their Applications,https://ror.org/05pabaz56,FR,facility
I122266389,University of Nebraska at Omaha,https://ror.org/04yrkc140,US,education
I91083438,Fort Hays State University,https://ror.org/00rwzgx62,US,education
I4210155549,Laboratoire de Mathématiques,https://ror.org/05sd5r855,FR,facility
I4210102957,Département Mathématiques et Informatique Appliquées,https://ror.org/011emb038,FR,government
I4210093282,Institute of Robotics and Industrial Informatics,https://ror.org/00mcdyn90,ES,facility
I139322472,Universiti Sains Malaysia,https://ror.org/02rgb2k63,MY,education
I56085075,University of Tartu,https://ror.org/03z77qz90,EE,education
I96636082,Meijo University,https://ror.org/04h42fc75,JP,education
I169108374,University of the Basque Country,https://ror.org/000xsnr85,ES,education
I193662353,Utrecht University,https://ror.org/04pp8hn57,NL,education
I124055696,University of Copenhagen,https://ror.org/035b05819,DK,education
I129801699,University of Tasmania,https://ror.org/01nfmeh72,AU,education
I205640436,Curtin University,https://ror.org/02n415q13,AU,education
I177877127,University of Western Australia,https://ror.org/047272k79,AU,education
I153648349,University of Leicester,https://ror.org/04h699437,GB,education
I181565077,Georgia State University,https://ror.org/03qt6ba18,US,education
I114832834,Tulane University,https://ror.org/04vmvtb21,US,education
I7863295,Villanova University,https://ror.org/02g7kd627,US,education
I4210089985,Amazon (Germany),https://ror.org/00b9ktm87,DE,company
I2800817003,Southern California University for Professional Studies,https://ror.org/058zz0t50,US,education
I131249849,Oregon State University,https://ror.org/00ysfqy60,US,education
I4210164937,Microsoft Research (United Kingdom),https://ror.org/05k87vq12,GB,company
I117222138,Abu Dhabi University,https://ror.org/01r3kjq03,AE,education
I51556381,University of Virginia,https://ror.org/0153tk833,US,education
I87547150,Southern Illinois University Edwardsville,https://ror.org/04cqs5j56,US,education
I142910587,University of Salento,https://ror.org/03fc1k060,IT,education
I99682543,University of Minho,https://ror.org/037wpkx04,PT,education
I159176309,Universität Hamburg,https://ror.org/00g30e956,DE,education
I4210141454,Leibniz-Centre General Linguistics,https://ror.org/03wz9xk91,DE,facility
I23277345,Berlin-Brandenburg Academy of Sciences and Humanities,https://ror.org/05jgq9443,DE,education
I137265193,University of Chester,https://ror.org/01drpwb22,GB,education
I35870678,University of Northampton,https://ror.org/04jp2hx10,GB,education
I137902535,North Carolina State University,https://ror.org/04tj63d06,US,education
I4210091592,Théorie et Histoire des Arts et des Littératures de la Modernité,https://ror.org/00ca65425,FR,facility
I152238500,Chosun University,https://ror.org/01zt9a375,KR,education
I57930482,Hiroshima City University,https://ror.org/001et4e78,JP,education
I59361560,Instituto Politécnico Nacional,https://ror.org/059sp8j34,MX,education
I4061448,Universidad de Sonora,https://ror.org/00c32gy34,MX,education
I127591826,University of Dayton,https://ror.org/021v3qy27,US,education
I39422238,University of Illinois at Chicago,https://ror.org/02mpq6x41,US,education
I4210106879,Ohio University,https://ror.org/01jr3y717,US,education
I174216632,City University of New York,https://ror.org/00453a208,US,education
I166337079,Queen Mary University of London,https://ror.org/026zzn846,GB,education
I90546491,University of Limpopo,https://ror.org/017p87168,ZA,education
I68956291,Martin Luther University Halle-Wittenberg,https://ror.org/05gqaka33,DE,education
I8204097,Ludwig-Maximilians-Universität München,https://ror.org/05591te55,DE,education
I71637028,University of Brighton,https://ror.org/04kp2b655,GB,education
I157507598,Shenyang University of Technology,https://ror.org/00d7f8730,CN,education
I72816309,Drexel University,https://ror.org/04bdffz58,US,education
I12859529,University of Nairobi,https://ror.org/02y9nww90,KE,education
I67009956,Iran University of Science and Technology,https://ror.org/01jw2p796,IR,education
I169541294,Flinders University,https://ror.org/01kpzv902,AU,education
I56067802,University of Rennes,https://ror.org/015m7wh34,FR,education
I3019848993,Mines Saint-Étienne,https://ror.org/05a1dws80,FR,education
I4210129039,Transport Corporation of India (India),https://ror.org/03kb0fc56,IN,company
I142208455,Technical University of Ostrava,https://ror.org/05x8mcb75,CZ,education
I170201317,University of Pittsburgh,https://ror.org/01an3r305,US,education
I44925452,Özyeğin University,https://ror.org/01jjhfr75,TR,education
I4210094264,National Institute of Technical Teachers’ Training and Research,https://ror.org/00k8f0f41,IN,education
I189712700,University of Konstanz,https://ror.org/0546hnb39,DE,education
I72677176,Tripura University,https://ror.org/05xqycm14,IN,education
I4210156902,Maharaja Bir Bikram University,https://ror.org/05afd6695,IN,education
I4432739,University of Bergen,https://ror.org/03zga2b32,NO,education
I188538660,University of Colorado Boulder,https://ror.org/02ttsq026,US,education
I8765205,V. N. Karazin Kharkiv National University,https://ror.org/03ftejk10,UA,education
I59897056,"California State University, Long Beach",https://ror.org/0080fxk18,US,education
I126307644,University of Iowa,https://ror.org/036jqmy94,US,education
I145487455,Cairo University,https://ror.org/03q21mh05,EG,education
I41641357,Ege University,https://ror.org/02eaafc18,TR,education
I68368234,Center for Research and Advanced Studies of the National Polytechnic Institute,https://ror.org/009eqmr18,MX,facility
I900159353,Royal Conservatoire of Scotland,https://ror.org/037wqvd92,GB,education
I170726198,University of Novi Sad,https://ror.org/00xa57a59,RS,education
I8692664,University of Oklahoma,https://ror.org/02aqsxs83,US,education
I36893310,University of Hyderabad,https://ror.org/04a7rxb17,IN,education
I4210138624,University of Washington Bothell,https://ror.org/02ygzhr13,US,education
I156087764,"University of California, Merced",https://ror.org/00d9ah105,US,education
I19833938,Western New England University,https://ror.org/007cnf143,US,education
I130238516,University of Minnesota,https://ror.org/017zqws13,US,education
I4210160733,Academy of Hotel Management and Catering Industry,https://ror.org/05d9x2e07,PL,education
I154570441,"University of California, Santa Barbara",https://ror.org/02t274463,US,education
I92178344,Anhui University of Technology,https://ror.org/02qdtrq21,CN,education
I95746587,Cytel (United States),https://ror.org/01ftkxq60,US,company
I4210133642,IMT Lille Douai,https://ror.org/042rh9p26,FR,education
I111398093,Kozminski University,https://ror.org/033wpf256,PL,education
I180437899,University of Bremen,https://ror.org/04ers2y35,DE,education
I161593684,Stockholm University,https://ror.org/05f0yaq80,SE,education
I130217899,Åbo Akademi University,https://ror.org/029pk6x14,FI,education
I177969490,University of Southern Denmark,https://ror.org/03yrrjy16,DK,education
I129877168,Carl von Ossietzky University of Oldenburg,https://ror.org/033n9gh91,DE,education
I60858718,University of Aveiro,https://ror.org/00nt41z93,PT,education
I56934997,Changsha University of Science and Technology,https://ror.org/03yph8055,CN,education
I4210130476,Datta Meghe Institute of Medical Sciences,https://ror.org/02w7k5y22,IN,education
I84392919,Temple University,https://ror.org/00kx1jb78,US,education
I928334797,Semnan University,https://ror.org/029gksw03,IR,education
I3020488725,Vali Asr University of Rafsanjan,https://ror.org/056xnk046,IR,education
I55547365,Payame Noor University,https://ror.org/031699d98,IR,education
I37987034,Guangzhou University,https://ror.org/05ar8rn06,CN,education
I94658018,University of Memphis,https://ror.org/01cq23130,US,education
I1309849503,RAND Corporation,https://ror.org/00f2z7n96,US,nonprofit
I126520041,University of Science and Technology of China,https://ror.org/04c4dkn09,CN,education
I41198531,Nanjing University of Posts and Telecommunications,https://ror.org/043bpky34,CN,education
I223464139,Linnaeus University,https://ror.org/00j9qag85,SE,education
I145847075,TU Wien,https://ror.org/04d836q62,AT,education
I21250087,Charles University,https://ror.org/024d6js02,CZ,education
I4210099865,European University of Rome,https://ror.org/011at3t25,IT,education
I185492890,University of Canterbury,https://ror.org/03y7q9t39,NZ,education
I149704539,Deakin University,https://ror.org/02czsnj07,AU,education
I188329596,University of Canberra,https://ror.org/04s1nv328,AU,education
I4210120471,Instituto de Telecomunicações,https://ror.org/02ht4fk33,PT,nonprofit
I133731052,University of Helsinki,https://ror.org/040af2s02,FI,education
I70900168,Université Savoie Mont Blanc,https://ror.org/04gqg1a07,FR,education
I124113063,University of Scranton,https://ror.org/05xwb6v37,US,education
I197572798,Utah Valley University,https://ror.org/02rxpxc98,US,education
I24245652,Mindanao State University – Iligan Institute of Technology,https://ror.org/00qemyc07,PH,education
I1314135232,Nationwide Children's Hospital,https://ror.org/003rfsp33,US,healthcare
I75027704,University of Tennessee at Knoxville,https://ror.org/020f3ap87,US,education
I165143802,University of Queensland,https://ror.org/00rqy9422,AU,education
I12607205,University College Ghent,https://ror.org/00rs45z86,BE,education
I90267481,Umeå University,https://ror.org/05kb8h459,SE,education
I186354981,University of Passau,https://ror.org/05ydjnb78,DE,education
I530967,Toronto Metropolitan University,https://ror.org/05g13zd79,CA,education
I103320735,Catholic University of the Sacred Heart,https://ror.org/03h7r5v07,IT,education
I170215575,National University of Defense Technology,https://ror.org/05d2yfz11,CN,education
I887064364,University of Amsterdam,https://ror.org/04dkp9463,NL,education
I149910238,Kent State University,https://ror.org/049pfb863,US,education
I186903577,University of Luxembourg,https://ror.org/036x5ad56,LU,education
I12093191,University of Stirling,https://ror.org/045wgfr59,GB,education
I4210143137,University of Louisville Hospital,https://ror.org/04sq8k219,US,healthcare
I158012942,University of Richmond,https://ror.org/03y71xh61,US,education
I40347166,University of Chicago,https://ror.org/024mw5h28,US,education
I180825142,"City, University of London",https://ror.org/04489at23,GB,education
I913958620,Erasmus University Rotterdam,https://ror.org/057w15z03,NL,education
I158248296,Amirkabir University of Technology,https://ror.org/04gzbav43,IR,education
I48379061,Shahid Beheshti University,https://ror.org/0091vmj44,IR,education
I24027795,University of Johannesburg,https://ror.org/04z6c2n17,ZA,education
I204337017,Aarhus University,https://ror.org/01aj84f44,DK,education
I161127581,Fluminense Federal University,https://ror.org/02rjhbb08,BR,education
I52066220,Instituto Superior da Maia,https://ror.org/04f761z39,PT,facility
I117965899,University of Hawaiʻi at Mānoa,https://ror.org/01wspgy28,US,education
I59553526,Stony Brook University,https://ror.org/05qghxh33,US,education
I119439378,University of Verona,https://ror.org/039bp8j42,IT,education
I180923762,University of Cologne,https://ror.org/00rcxh774,DE,education
I4210151833,Amsterdam University Medical Centers,https://ror.org/05grdyy37,NL,healthcare
I71052956,University of Reading,https://ror.org/05v62cm79,GB,education
I4210116740,Laboratory of Computer Science and Automatic Control for Systems,https://ror.org/02b5vq778,FR,facility
I100296615,École Nationale de l’Aviation Civile,https://ror.org/022zdgq74,FR,education
I135237710,Zhejiang Normal University,https://ror.org/01vevwk45,CN,education
I47720641,Huazhong University of Science and Technology,https://ror.org/00p991c53,CN,education
I2801613365,Mitchell Institute,https://ror.org/03ds72003,US,nonprofit
I58077936,Romanian Academy,https://ror.org/0561n6946,RO,archive
I138164181,Alexandru Ioan Cuza University,https://ror.org/022kvet57,RO,education
I4210126868,University of Georgia,https://ror.org/02bjhwk41,GE,education
I146399215,University of Tsukuba,https://ror.org/02956yf07,JP,education
I159389169,Ningbo University of Technology,https://ror.org/037dym702,CN,education
I189196454,The University of Texas at Arlington,https://ror.org/019kgqr73,US,education
I41156924,Victoria University of Wellington,https://ror.org/0040r6f76,NZ,education
I2801518579,XinHua Hospital,https://ror.org/04dzvks42,CN,healthcare
I32389192,University of Alabama at Birmingham,https://ror.org/008s83205,US,education
I16391192,Tel Aviv University,https://ror.org/04mhzgx49,IL,education
I66514158,Hacettepe University,https://ror.org/04kwvgz42,TR,education
I4210091029,ABB (United States),https://ror.org/00cb06v13,US,company
I107639228,University of Notre Dame,https://ror.org/00mkhxb43,US,education
I14894300,Foshan University,https://ror.org/02xvvvp28,CN,education
I166928557,University of Monastir,https://ror.org/00nhtcg76,TN,education
I157725225,University of Illinois Urbana-Champaign,https://ror.org/047426m28,US,education
I97553796,University of Craiova,https://ror.org/03s251g81,RO,education
I182534213,University of Porto,https://ror.org/043pwc612,PT,education
I74796645,"Birla Institute of Technology and Science, Pilani",https://ror.org/001p3jz28,IN,education
I62916508,Technical University of Munich,https://ror.org/02kkvpp62,DE,education
I196829312,La Trobe University,https://ror.org/01rxfrp27,AU,education
I142078773,Shenyang Institute of Automation,https://ror.org/00ft6nj33,CN,facility
I881427289,University of Gothenburg,https://ror.org/01tm6cn81,SE,education
I146655781,University of Liverpool,https://ror.org/04xs57h96,GB,education
I32971472,Yale University,https://ror.org/03v76x132,US,education
I7888777,Petersburg State Transport University,https://ror.org/02fh3dt13,RU,education
I113940042,Shanghai University,https://ror.org/006teas31,CN,education
I57093077,Swinburne University of Technology,https://ror.org/031rekg67,AU,education
I184840846,Virginia Commonwealth University,https://ror.org/02nkdxk79,US,education
I4210121988,Film Independent,https://ror.org/036cy3843,US,nonprofit
I71267560,University of Naples Federico II,https://ror.org/05290cv24,IT,education
I166088655,Montclair State University,https://ror.org/01nxc2t48,US,education
I4210133459,Central Manufacturing Technology Institute,https://ror.org/03q1jsa36,IN,government
I186272606,Guangdong University of Foreign Studies,https://ror.org/00fhc9y79,CN,education
I203847022,Instituto Politécnico de Lisboa,https://ror.org/04ea70f07,PT,education
I60158472,Concordia University,https://ror.org/0420zvk78,CA,education
I72951846,Washington State University,https://ror.org/05dk0ce17,US,education
I865915315,Vrije Universiteit Amsterdam,https://ror.org/008xxew50,NL,education
I78650965,TU Dresden,https://ror.org/042aqky30,DE,education
I46597724,Poznań University of Technology,https://ror.org/00p7p3302,PL,education
I2801227569,Ghent University Hospital,https://ror.org/00xmkp704,BE,healthcare
I160606119,University of Tennessee Health Science Center,https://ror.org/0011qv509,US,education
I118564535,University of Bern,https://ror.org/02k7v4d05,CH,education
I202697423,University of Zurich,https://ror.org/02crff812,CH,education
I27357992,Dalian University of Technology,https://ror.org/023hj5876,CN,education
I188884621,Lodz University of Technology,https://ror.org/00s8fpf52,PL,education
I63548447,Lappeenranta-Lahti University of Technology,https://ror.org/0208vgz68,FI,education
I63966007,Massachusetts Institute of Technology,https://ror.org/042nb2s44,US,education
I185523456,University of Southern Queensland,https://ror.org/04sjbnx57,AU,education
I79576946,University of Pennsylvania,https://ror.org/00b30xv10,US,education
I64295750,Indian Institute of Technology Indore,https://ror.org/01hhf7w52,IN,education
I887054487,MathWorks (United States),https://ror.org/01n8qtk87,US,company
I37796252,Beijing University of Technology,https://ror.org/037b1pp87,CN,education
I103163165,Florida State University,https://ror.org/05g3dte14,US,education
I887968799,RWTH Aachen University,https://ror.org/04xfq0f34,DE,education
I161103922,Philipps University of Marburg,https://ror.org/01rdrb571,DE,education
I88830068,Shaanxi Normal University,https://ror.org/0170z8493,CN,education
I5124864,École Polytechnique Fédérale de Lausanne,https://ror.org/02s376052,CH,facility
I204250578,"University of California, Irvine",https://ror.org/04gyf1771,US,education
I173212132,Vilnius University,https://ror.org/03nadee84,LT,education
I190249584,Universität Innsbruck,https://ror.org/054pv6659,AT,education
I241749,University of Cambridge,https://ror.org/013meh722,GB,education
I2250653659,Tencent (China),https://ror.org/00hhjss72,CN,company
I153473198,North China Electric Power University,https://ror.org/04qr5t414,CN,education
I119004910,Silesian University of Technology,https://ror.org/02dyjk442,PL,education
I4210143253,Cognitive Neuroimaging Lab,https://ror.org/056wdpc91,FR,facility
I21491767,Aix-Marseille University,https://ror.org/035xkbk20,FR,education
I223822909,Heidelberg University,https://ror.org/038t36y30,DE,education
I91357014,Banaras Hindu University,https://ror.org/04cdn2797,IN,education
I83558840,Universidade Nova de Lisboa,https://ror.org/02xankh89,PT,education
I154099455,Shandong University,https://ror.org/0207yh398,CN,education
I204465549,Washington University in St. Louis,https://ror.org/01yc7t268,US,education
I4210121707,Institute of Linguistics,https://ror.org/02mrea437,CN,facility
I126596746,Jagiellonian University,https://ror.org/03bqmcz70,PL,education
I34352273,Maastricht University,https://ror.org/02jz4aj89,NL,education
I64189192,"International Institute of Information Technology, Hyderabad",https://ror.org/05f11g639,IN,education
I161045824,Avinashilingam University,https://ror.org/05dxzqa20,IN,education
I153267046,University of Kaiserslautern,https://ror.org/04zrf7b53,DE,education
I4210161954,Département d'Informatique,https://ror.org/05y6rqs46,FR,facility
I205401836,National Institute for Materials Science,https://ror.org/026v1ze26,JP,facility
I133984924,Doshisha University,https://ror.org/01fxdkm29,JP,education
I98285908,Osaka University,https://ror.org/035t8zc32,JP,education
I180941496,University of Hyogo,https://ror.org/0151bmh98,JP,education
I922474255,Tokushima University,https://ror.org/044vy1d05,JP,education
I135768898,Ritsumeikan University,https://ror.org/0197nmd03,JP,education
I4210153325,Institute of Mathematical Statistics,https://ror.org/043f04882,US,other
I205349734,Hokkaido University,https://ror.org/02e16g702,JP,education
I206945453,Paderborn University,https://ror.org/058kzsd48,DE,education
I31721044,Centro de Investigación y Docencia Económicas,https://ror.org/014zxe029,MX,facility
I17626003,University of Rhode Island,https://ror.org/013ckk937,US,education
I22265921,National Central University,https://ror.org/00944ve71,TW,education
I7877124,Charité - Universitätsmedizin Berlin,https://ror.org/001w7jn25,DE,healthcare
I121980950,Utah State University,https://ror.org/00h6set76,US,education
I130769515,Pennsylvania State University,https://ror.org/04p491231,US,education
I149213910,University of Antwerp,https://ror.org/008x57b05,BE,education
I157392197,Hashemite University,https://ror.org/04a1r5z94,JO,education
I87216513,Michigan State University,https://ror.org/05hs6h993,US,education
I4575257,Hanyang University,https://ror.org/046865y68,KR,education
I55712492,Zhejiang University of Technology,https://ror.org/02djqfd08,CN,education
I185163786,King Abdulaziz University,https://ror.org/02ma4wv74,SA,education
I196699116,Wuhan University of Technology,https://ror.org/03fe7t173,CN,education
I51601045,University of Bath,https://ror.org/002h8g185,GB,education
I4210163363,PLA Army Engineering University,https://ror.org/05mgp8x93,CN,education
I10535382,Chongqing University of Posts and Telecommunications,https://ror.org/03dgaqz26,CN,education
I9842412,Nanjing University of Aeronautics and Astronautics,https://ror.org/01scyh794,CN,education
I189210763,Yunnan University,https://ror.org/0040axw97,CN,education
I143868143,Anhui University,https://ror.org/05th6yx34,CN,education
I17442442,State Grid Corporation of China (China),https://ror.org/05twwhs70,CN,company
I15823474,Linyi University,https://ror.org/01knv0402,CN,education
I522815984,Robert Gordon University,https://ror.org/04f0qj703,GB,education
I74872605,China Southern Power Grid (China),https://ror.org/03hkh9419,CN,company
I181343428,University of Zagreb,https://ror.org/00mv6sv71,HR,education
I142740786,University of Louisville,https://ror.org/01ckdn478,US,education
I47151758,National University of Uzbekistan,https://ror.org/011647w73,UZ,education
I2800301432,IMS Unison University,https://ror.org/03efa8j75,IN,education
I16292982,National Institute of Technology Rourkela,https://ror.org/011gmn932,IN,education
I155125381,Galgotias University,https://ror.org/02w8ba206,IN,education
I33459947,Charotar University of Science and Technology,https://ror.org/0442pkv24,IN,education
I244572783,Symbiosis International University,https://ror.org/005r2ww51,IN,education
I74885063,Sharda University,https://ror.org/03b6ffh07,IN,education
I5847235,University of Petroleum and Energy Studies,https://ror.org/04q2jes40,IN,education
I3130511786,Institute of Infrastructure Technology Research and Management,https://ror.org/059me1x50,IN,education
I130701444,Georgia Institute of Technology,https://ror.org/01zkghx44,US,education
I368840534,University of Mississippi,https://ror.org/02teq1165,US,education
I90965887,SUNY Polytechnic Institute,https://ror.org/000fxgx19,US,education
I102607778,Cleveland State University,https://ror.org/002tx1f22,US,education
I155173764,Rochester Institute of Technology,https://ror.org/00v4yb702,US,education
I148366613,National Yang Ming Chiao Tung University,https://ror.org/00se2k293,TW,education
I142934699,"California State University, Fullerton",https://ror.org/02avqqw26,US,education
I155781252,University of South Carolina,https://ror.org/02b6qw903,US,education
I135310074,University of Wisconsin–Madison,https://ror.org/01y2jtd41,US,education
I4210164339,Oldham Council,https://ror.org/05cxzzq07,GB,government
I55215948,Tata Consultancy Services (India),https://ror.org/01b9n8m42,IN,company
I141945490,University of British Columbia,https://ror.org/03rmrcq20,CA,education
I25846049,National Tsing Hua University,https://ror.org/00zdnkx70,TW,education
I11957088,Michigan Technological University,https://ror.org/0036rpn28,US,education
I143302722,University of Kentucky,https://ror.org/02k3smh20,US,education
I859038795,Virginia Tech,https://ror.org/02smfhw86,US,education
I118118575,New Jersey Institute of Technology,https://ror.org/05e74xb87,US,education
I114395901,University of Nebraska–Lincoln,https://ror.org/043mer456,US,education
I21642278,Ningxia University,https://ror.org/04j7b2v61,CN,education
I12912129,Northeastern University,https://ror.org/04t5xt781,US,education
I863896202,Delhi Technological University,https://ror.org/01ztcvt22,IN,education
I132153292,Indian Institute of Technology Patna,https://ror.org/01ft5vz71,IN,education
I185571130,Al-Farabi Kazakh National University,https://ror.org/03q0vrn42,KZ,education
I1330855593,Vel Tech Rangarajan Dr. Sagunthala R&D Institute of Science and Technology,https://ror.org/05bc5bx80,IN,education
I24676775,Indian Institute of Technology Madras,https://ror.org/03v0r5n49,IN,facility
I138876546,Vels University,https://ror.org/00tscx035,IN,education
I33849332,University of Malaya,https://ror.org/00rzspn62,MY,education
I33585257,"Anna University, Chennai",https://ror.org/01qhf1r47,IN,education
I885392262,GITAM University,https://ror.org/0440p1d37,IN,education
I4210129773,Institute of Engineering,https://ror.org/03ny67e60,NP,education
I876193797,Vellore Institute of Technology University,https://ror.org/00qzypv28,IN,education
I875944469,Koneru Lakshmaiah Education Foundation,https://ror.org/02k949197,IN,education
I145286018,SRM Institute of Science and Technology,https://ror.org/050113w36,IN,education
I4210133257,KPR Institute of Engineering and Technology,https://ror.org/02q9f3a53,IN,education
I157674215,Presidency University,https://ror.org/04xgbph11,IN,education
I67357951,KIIT University,https://ror.org/00k8zt527,IN,education
I39343248,Humboldt-Universität zu Berlin,https://ror.org/01hcx6992,DE,education
I4210130157,Institute of Informatics and Telematics,https://ror.org/02gdcn153,IT,facility
I4210097418,Laboratoire des Signaux & Systèmes,https://ror.org/00skw9v43,FR,facility
I180726961,Shenzhen University,https://ror.org/01vy4gh70,CN,education
I139759216,Beijing University of Posts and Telecommunications,https://ror.org/04w9fbh59,CN,education
I1292974536,Ford Motor Company (United States),https://ror.org/00g2tkw06,US,company
I129902397,Dalhousie University,https://ror.org/01e6qks80,CA,education
I162714631,George Mason University,https://ror.org/02jqj7156,US,education
I4322298,Towson University,https://ror.org/044w7a341,US,education
I204136569,The Open University,https://ror.org/05mzfcs16,GB,education
I185103710,"University of California, Santa Cruz",https://ror.org/03s65by71,US,education
I35440088,ETH Zurich,https://ror.org/05a28rw58,CH,education
I21193070,Beijing Jiaotong University,https://ror.org/01yj56c84,CN,education
I152869788,Motilal Nehru National Institute of Technology,https://ror.org/04dp7tp96,IN,education
I91712215,Saarland University,https://ror.org/01jdpyv68,DE,education
I11793825,National Institute of Technology Patna,https://ror.org/056wyhh33,IN,education
I39555362,University of Warwick,https://ror.org/01a77tt86,GB,education
I4210127762,Coventry (United Kingdom),https://ror.org/030nd5313,GB,company
I151903974,National Institute Of Technology Silchar,https://ror.org/001ws2a36,IN,education
I200777214,National and Kapodistrian University of Athens,https://ror.org/04gnjpq42,GR,education
I4210144839,Hamad bin Khalifa University,https://ror.org/03eyq4y97,QA,education
I119241673,Indian Institute of Technology Ropar,https://ror.org/02qkhhn56,IN,education
I28022161,King Saud University,https://ror.org/02f81g417,SA,education
I204824540,University of Wollongong,https://ror.org/00jtmb277,AU,education
I3045169105,Southern University of Science and Technology,https://ror.org/049tv2d57,CN,education
I98365261,"Indian Institute of Engineering Science and Technology, Shibpur",https://ror.org/02ytfzr55,IN,education
I4210109276,National Institute of Technology Goa,https://ror.org/01vmfpj79,IN,education
I115715567,"Birla Institute of Technology, Mesra",https://ror.org/028vtqb15,IN,education
I68891433,Indian Institute of Technology Delhi,https://ror.org/049tgcd06,IN,education
I145894827,Indian Institute of Technology Kharagpur,https://ror.org/03w5sq511,IN,education
I143396566,Fırat University,https://ror.org/05teb7b63,TR,education
I184558857,Royal Holloway University of London,https://ror.org/04g2vpn86,GB,education
I74413500,University of Windsor,https://ror.org/01gw3d370,CA,education
I140172145,University of Connecticut,https://ror.org/02der9h97,US,education
I114845381,National Institute of Technology Calicut,https://ror.org/03yyd7552,IN,education
I212119943,University of Victoria,https://ror.org/04s5mat29,CA,education
I106542073,University of Calcutta,https://ror.org/01e7v7w47,IN,education
I102913810,Universiti Malaysia Pahang,https://ror.org/01704wp68,MY,education
I160993911,Queensland University of Technology,https://ror.org/03pnv4752,AU,education
I37461747,Wuhan University,https://ror.org/033vjfk17,CN,education
I204778367,Norwegian University of Science and Technology,https://ror.org/05xg72x27,NO,education
I92403157,University of Science and Technology Beijing,https://ror.org/02egmk993,CN,education
I1456306,North China University of Technology,https://ror.org/01nky7652,CN,education
I62318514,University of Duisburg-Essen,https://ror.org/04mz5ra38,DE,education
I60342839,Qatar University,https://ror.org/00yhnba62,QA,education
I203951103,Keio University,https://ror.org/02kn6nx58,JP,education
I74801974,The University of Tokyo,https://ror.org/057zh3y96,JP,education
I158123994,Toyo University,https://ror.org/059d6yn51,JP,education
I104946051,Nihon University,https://ror.org/05jk51a88,JP,education
I1298590031,Shizuoka University,https://ror.org/01w6wtk13,JP,education
I165735259,Gunma University,https://ror.org/046fm7598,JP,education
I15807432,Osaka Prefecture University,https://ror.org/02cf1je33,JP,education
I114531698,Tokyo Institute of Technology,https://ror.org/0112mx960,JP,education
I148798404,Tokyo University of Technology,https://ror.org/021a26605,JP,education
I1305343817,Texas Department of Transportation,https://ror.org/02ky21x08,US,government
I53110688,University of Córdoba,https://ror.org/05yc77b46,ES,education
I205746353,University of Dhaka,https://ror.org/05wv2vq37,BD,education
I187400657,South China Normal University,https://ror.org/01kq0pv72,CN,education
I28006308,Shandong Normal University,https://ror.org/01wy3h363,CN,education
I86501945,University of Delaware,https://ror.org/01sbq1a82,US,education
I153718931,University of Ottawa,https://ror.org/03c4mmv16,CA,education
I102322142,"Rutgers, The State University of New Jersey",https://ror.org/05vt9qd57,US,education
I171543936,Free University of Bozen-Bolzano,https://ror.org/012ajp527,IT,education
I67415387,Lancaster University,https://ror.org/04f2nsd36,GB,education
I921716337,Northeast Petroleum University,https://ror.org/03net5943,CN,education
I41549804,Vidyasagar University,https://ror.org/027jsza11,IN,education
I98704320,Icahn School of Medicine at Mount Sinai,https://ror.org/04a9tmd77,US,education
I181401687,American University,https://ror.org/052w4zt36,US,education
I130438778,Memorial University of Newfoundland,https://ror.org/04haebc03,CA,education
I201448701,University of Washington,https://ror.org/00cvxb145,US,education
I92446798,Colorado State University,https://ror.org/03k1gpj17,US,education
I4210150146,Moscow State University,https://ror.org/050a13t43,TJ,education
I19880235,Lomonosov Moscow State University,https://ror.org/010pmpe69,RU,education
I240666556,Imam Muhammad ibn Saud Islamic University,https://ror.org/05gxjyb39,SA,education
I140887281,Goa University,https://ror.org/030reqw53,IN,education
I130194489,University of Alicante,https://ror.org/05t8bcz72,ES,education
I136199984,Harvard University,https://ror.org/03vek6s52,US,education
I123900574,Pohang University of Science and Technology,https://ror.org/04xysgw12,KR,education
I48566637,Ulsan National Institute of Science and Technology,https://ror.org/017cjz748,KR,education
I2802939634,Chinese PLA General Hospital,https://ror.org/04gw3ra78,CN,healthcare
I200332995,TU Dortmund University,https://ror.org/01k97gp34,DE,education
I168719708,City University of Hong Kong,https://ror.org/03q8dnn23,CN,education
I24943067,Fudan University,https://ror.org/013q1eq08,CN,education
I932239252,SASTRA University,https://ror.org/032jk8892,IN,education
I154864474,National Taiwan University of Science and Technology,https://ror.org/00q09pe49,TW,education
I111599522,Jiangnan University,https://ror.org/04mkzax54,CN,education
I161318765,"University of California, Los Angeles",https://ror.org/046rm7j60,US,education
I174306211,Technion – Israel Institute of Technology,https://ror.org/03qryx823,IL,education
I96679780,Chuo University,https://ror.org/03qvqb743,JP,education
I2613432,University of South Florida,https://ror.org/032db5x82,US,education
I189268942,University of Alcalá,https://ror.org/04pmn0e78,ES,education
I165556055,Loyola University Maryland,https://ror.org/01by1wp65,US,education
I3125470973,Istanbul Medipol University,https://ror.org/037jwzz50,TR,education
I145608581,University of Miami,https://ror.org/02dgjyy92,US,education
I123565023,"Vietnam National University, Ho Chi Minh City",https://ror.org/00waaqh38,VN,education
I17145004,Northwestern Polytechnical University,https://ror.org/01y0j0j86,CN,education
I124261462,Oxford Brookes University,https://ror.org/04v2twj65,GB,education
I52207611,Al Baha University,https://ror.org/0403jak37,SA,education
I4210119856,Université Sultan Moulay Slimane,https://ror.org/02m8tb249,MA,education
I4210153365,Laboratoire de Mathématiques Jean Leray,https://ror.org/04g1hjn96,FR,facility
I97188460,Nantes Université,https://ror.org/03gnr7b55,FR,education
I177802217,University of Mannheim,https://ror.org/031bsb921,DE,education
I172780181,University of the Punjab,https://ror.org/011maz450,PK,education
I184999862,University of Salamanca,https://ror.org/02f40zc51,ES,education
I96036126,Kumamoto University,https://ror.org/02cgss904,JP,education
I113456305,Leuphana University of Lüneburg,https://ror.org/02w2y2t16,DE,education
I891191580,Aalborg University,https://ror.org/04m5j1k67,DK,education
I155419210,"Islamic Azad University, Science and Research Branch",https://ror.org/03187yj51,IR,education
I173888879,SINTEF,https://ror.org/01f677e56,NO,facility
I142606810,Pacific Northwest National Laboratory,https://ror.org/05h992307,US,facility
I141596103,University of Lisbon,https://ror.org/01c27hj86,PT,education
I110166357,University of Delhi,https://ror.org/04gzb2213,IN,education
I900890020,University of Palermo,https://ror.org/044k9ta02,IT,education
I138689650,University of Padua,https://ror.org/00240q980,IT,education
I6469544,City University of Macau,https://ror.org/04gpd4q15,CN,education
I151746483,University of Waterloo,https://ror.org/01aff2v68,CA,education
I78037679,UiT The Arctic University of Norway,https://ror.org/00wge5k78,NO,education
I200284239,University of Santiago de Compostela,https://ror.org/030eybx10,ES,education
I4210119109,Indiana University Bloomington,https://ror.org/02k40bc56,US,education
I181391015,Universidade Estadual de Campinas,https://ror.org/04wffgt70,BR,education
I881766915,Nanjing University,https://ror.org/01rxvg760,CN,education
I76766440,University of San Francisco,https://ror.org/029m7xn54,US,education
I25757504,China University of Mining and Technology,https://ror.org/01xt2dr21,CN,education
I66867065,East China Normal University,https://ror.org/02n96ep67,CN,education
I90610280,South China University of Technology,https://ror.org/0530pts50,CN,education
I157485424,Korea Advanced Institute of Science and Technology,https://ror.org/05apxxy63,KR,education
I592451,Indiana University,https://ror.org/01kg8sb98,US,education
I111088046,Boston University,https://ror.org/05qwgg493,US,education
I91807558,National Cheng Kung University,https://ror.org/01b8kcc49,TW,education
I205237279,Nankai University,https://ror.org/01y1kjr75,CN,education
I162030827,Thapar University,https://ror.org/00wdq3744,IN,education
I46247651,University of Manitoba,https://ror.org/02gfys938,CA,education
I129604602,University of Sydney,https://ror.org/0384j8v12,AU,education
I162148367,Pontificia Universidad Católica de Chile,https://ror.org/04teye511,CL,education
I57206974,New York University,https://ror.org/0190ak572,US,education
I132369690,Tianjin University of Science and Technology,https://ror.org/018rbtf37,CN,education
I139660479,Central South University,https://ror.org/00f1zfq44,CN,education
I4210145761,Shenzhen Institutes of Advanced Technology,https://ror.org/04gh4er46,CN,facility
I110200422,Universidade Federal de Minas Gerais,https://ror.org/0176yjw32,BR,education
I97018004,Stanford University,https://ror.org/00f54p054,US,education
I36258959,"University of California, San Diego",https://ror.org/0168r3w48,US,education
I24185976,Sichuan University,https://ror.org/011ashp19,CN,education
I32625721,University of Saskatchewan,https://ror.org/010x8gc63,CA,education
I143413998,Qingdao University of Science and Technology,https://ror.org/041j8js14,CN,education
I71920554,King Abdullah University of Science and Technology,https://ror.org/01q3tbs38,SA,education
I16609230,Hunan University,https://ror.org/05htk5m33,CN,education
I11701301,Griffith University,https://ror.org/02sc3r913,AU,education
I4210155236,National Research Council,https://ror.org/04zaypm56,IT,nonprofit
I204983213,Harbin Institute of Technology,https://ror.org/01yqg2h08,CN,education
I114457229,University of Geneva,https://ror.org/01swzsf04,CH,education
I162868743,Tianjin University,https://ror.org/012tb2g32,CN,education
I12315562,Texas Tech University,https://ror.org/0405mnx93,US,education
I96673099,Technical University of Denmark,https://ror.org/04qtj9h94,DK,education
I99065089,Tsinghua University,https://ror.org/03cve4549,CN,education
I4210107733,"Computer Science, Integrative Biology and Complex Systems",https://ror.org/01aqxgr98,FR,facility
I277688954,University of Paris-Saclay,https://ror.org/03xjwb503,FR,education
I2803198,Ho Polytechnic,https://ror.org/00j7bab93,GH,education
I4210165038,University of Chinese Academy of Sciences,https://ror.org/05qbk4x57,CN,education
I4210144289,Research Center for Eco-Environmental Sciences,https://ror.org/03rpsvy57,CN,facility
I26437253,Örebro University,https://ror.org/05kytsw45,SE,education
I103635307,"University of California, Riverside",https://ror.org/03nawhv43,US,education
I52179390,University of Waikato,https://ror.org/013fsnh78,NZ,education
I51158804,Massey University,https://ror.org/052czxv31,NZ,education
I67031392,Carleton University,https://ror.org/02qtvee93,CA,education
I17866349,Université de Toulouse,https://ror.org/004raaa70,FR,education
I62853816,Beijing University of Civil Engineering and Architecture,https://ror.org/02yj0p855,CN,education
I78577930,Columbia University,https://ror.org/00hj8s172,US,education
I226560621,"California State University, San Marcos",https://ror.org/01j8e0j24,US,education
I176453806,University of Potsdam,https://ror.org/03bnmw459,DE,education
I130828816,University of Leeds,https://ror.org/024mrxd33,GB,education
I168635309,University of Calgary,https://ror.org/03yjb2x39,CA,education
I192756129,University of Macedonia,https://ror.org/05fg6gr82,GR,education
I142024983,Prince Sultan University,https://ror.org/053mqrf26,SA,education
I154425047,University of Alberta,https://ror.org/0160cpw27,CA,education
I169381384,University of Groningen,https://ror.org/012p63287,NL,education
I111950717,Macau University of Science and Technology,https://ror.org/03jqs2n27,CN,education
I1311688040,Amazon (United States),https://ror.org/04mv4n011,US,company
I58610484,Seattle University,https://ror.org/02jqc0m91,US,education
I124357947,University of London,https://ror.org/04cw6st05,GB,education
I36234482,University of Bristol,https://ror.org/0524sp257,GB,education
I22299242,Kyoto University,https://ror.org/02kpeqv85,JP,education
I123044942,Autonomous University of Barcelona,https://ror.org/052g8jq94,ES,education
I2800173700,UCL Australia,https://ror.org/024atcf19,AU,education
I45129253,University College London,https://ror.org/02jx3x895,GB,education
I23923803,University of Exeter,https://ror.org/03yghzc09,GB,education
I83019370,Eindhoven University of Technology,https://ror.org/02c2kyt77,NL,education
I163340411,Hohai University,https://ror.org/01wd4xt90,CN,education
I145872427,Radboud University Nijmegen,https://ror.org/016xsfp80,NL,education
I897542642,University of Plymouth,https://ror.org/008n7pv89,GB,education
I159948400,Jinan University,https://ror.org/02xe5ns62,CN,education
I142809039,"Jawaharlal Nehru Technological University, Kakinada",https://ror.org/05s9t8c95,IN,education
I4210145126,Aditya Birla (India),https://ror.org/03pztks36,IN,company
I905225518,Shanghai University of International Business and Economics,https://ror.org/031t68441,CN,education
I75689368,Communication University of China,https://ror.org/04facbs33,CN,education
I200763008,University of Giessen,https://ror.org/033eqas34,DE,education
I7882870,University of Glasgow,https://ror.org/00vtgdb53,GB,education
I52099693,University of York,https://ror.org/04m01e293,GB,education
I110360157,Lovely Professional University,https://ror.org/00et6q107,IN,education
I173911158,Iowa State University,https://ror.org/04rswrd78,US,education
I52354020,University of Almería,https://ror.org/003d3xx08,ES,education
I9617848,Universitat Politècnica de Catalunya,https://ror.org/03mb6wj31,ES,education
I191208505,Xiamen University,https://ror.org/00mcjh785,CN,education
I204553293,"China University of Petroleum, Beijing",https://ror.org/041qf4r12,CN,education
I26415053,University of L'Aquila,https://ror.org/01j9p1r26,IT,education
I192455969,York University,https://ror.org/05fq50484,CA,education
I145311948,Johns Hopkins University,https://ror.org/00za53h95,US,education
I27837315,University of Michigan–Ann Arbor,https://ror.org/00jmfr291,US,education
I15766117,University of Graz,https://ror.org/01faaaf77,AT,education
I74973139,Carnegie Mellon University,https://ror.org/05x2bcf33,US,education
I4210116924,"Chinese University of Hong Kong, Shenzhen",https://ror.org/02d5ks197,CN,education
I33213144,University of Florida,https://ror.org/02y3ad647,US,education
I1280414376,United States Air Force Research Laboratory,https://ror.org/02e2egq70,US,facility
I2799950915,Wright-Patterson Air Force Base,https://ror.org/0097e1k27,US,other
I178232147,Guizhou University,https://ror.org/02wmsc916,CN,education
I102335020,Karlsruhe Institute of Technology,https://ror.org/04t3en479,DE,education
I58956616,Case Western Reserve University,https://ror.org/051fd9666,US,education
I4577782,Technical University of Berlin,https://ror.org/03v4gjf40,DE,education
I60053951,Universitat Politècnica de València,https://ror.org/01460j859,ES,education
I10902133,Jaume I University,https://ror.org/02ws1xc11,ES,education
I173304897,University of Granada,https://ror.org/04njjy449,ES,education
I16097986,University of Valencia,https://ror.org/043nxc105,ES,education
I9224756,Northeastern University,https://ror.org/03awzbc87,CN,education
I150744194,Waseda University,https://ror.org/00ntfnx83,JP,education
I108688024,Qingdao University,https://ror.org/021cj6z65,CN,education
I10874241,"Jawaharlal Nehru Technological University, Hyderabad",https://ror.org/002tchr49,IN,education
I82951845,RMIT University,https://ror.org/04ttjf776,AU,education
I151201029,National Scientific and Technical Research Council,https://ror.org/03cqe8w59,AR,government
I87445476,Xi'an Jiaotong University,https://ror.org/017zhmm22,CN,education
I141641110,Shivaji University,https://ror.org/01bsn4x02,IN,education
I44260953,Heinrich Heine University Düsseldorf,https://ror.org/024z2rq82,DE,education
I79817857,University of Guelph,https://ror.org/01r7awg59,CA,education
I152815399,Singapore University of Technology and Design,https://ror.org/05j6fvn87,SG,education
I198945027,Central European University,https://ror.org/02zx40v98,AT,education
I4210116974,Laboratory for Therapeutic Innovation,https://ror.org/02g4mxc89,FR,facility
I4210126779,Observatoire de la Côte d’Azur,https://ror.org/039fj2469,FR,facility
I201841394,Université Côte d'Azur,https://ror.org/019tgvf94,FR,education
I70931966,Université de Montréal,https://ror.org/0161xgx34,CA,education
I143002897,Université de Toulon,https://ror.org/02m9kbe37,FR,education
I1326498283,French Institute for Research in Computer Science and Automation,https://ror.org/02kvxyf05,FR,government
I4210115303,Synergy University,https://ror.org/028mtfb17,RU,education
I149768937,University of Namur,https://ror.org/03d1maw17,BE,education
I159129438,University of Quebec at Montreal,https://ror.org/002rjbv21,CA,education
I118501908,National Research University Higher School of Economics,https://ror.org/055f7t516,RU,education
I9927081,Aalto University,https://ror.org/020hwjq30,FI,education
I66862912,Chalmers University of Technology,https://ror.org/040wg7k59,SE,education
I177725633,Chinese University of Hong Kong,https://ror.org/00t33hh48,CN,education
I125839683,Beijing Institute of Technology,https://ror.org/01skt4w74,CN,education
I91203450,University of Haifa,https://ror.org/02f009v59,IL,education
I172675005,Nanyang Technological University,https://ror.org/02e7b5302,SG,education
I93860229,Politecnico di Milano,https://ror.org/01nffqt88,IT,education
I73613424,National Institute of Advanced Industrial Science and Technology,https://ror.org/01703db54,JP,government
I139264467,Seoul National University,https://ror.org/04h9pn542,KR,education
I122534668,Marche Polytechnic University,https://ror.org/00x69rs40,IT,education
I66946132,"University of Maryland, College Park",https://ror.org/047s2c258,US,education
I166416128,DEVCOM Army Research Laboratory,https://ror.org/011hc8f90,US,government
I95457486,"University of California, Berkeley",https://ror.org/01an7q238,US,education
I1291425158,Google (United States),https://ror.org/00njsd438,US,company
I98358874,Delft University of Technology,https://ror.org/02e2c7k09,NL,education
I861853513,Sapienza University of Rome,https://ror.org/02be6w209,IT,education
I108290504,University of Pisa,https://ror.org/03ad39j10,IT,education
I2898391981,German Aerospace Center,https://ror.org/04bwf3e34,DE,facility
I929597975,National University of Sciences and Technology,https://ror.org/03w2j5y17,PK,education
I32597200,Ghent University,https://ror.org/00cv9y106,BE,education
I91044093,Zayed University,https://ror.org/03snqfa66,AE,education
I174458059,National Technical University of Athens,https://ror.org/03cx6bg69,GR,education
I108103353,University of Valladolid,https://ror.org/01fvbaw18,ES,education
I177477856,Polytechnic University of Turin,https://ror.org/00bgk9508,IT,education
I129774422,University of Vienna,https://ror.org/03prydq77,AT,education
I205783295,Cornell University,https://ror.org/05bnh6r87,US,education
I95793202,Otto-von-Guericke University Magdeburg,https://ror.org/00ggpsq73,DE,education
I904495901,Ruhr University Bochum,https://ror.org/04tsk2644,DE,education
I91045830,Texas A&M University,https://ror.org/01f5ytq51,US,education
I138006243,University of Arizona,https://ror.org/03m2x1q45,US,education
I174878644,University of Patras,https://ror.org/017wvtq80,GR,education
I34771391,University of Cyprus,https://ror.org/02qjrjx09,CY,education
I169521973,University of New Mexico,https://ror.org/05fs6jp91,US,education
I163151358,Cyprus University of Technology,https://ror.org/05qt8tf94,CY,education
I194019607,University of Ioannina,https://ror.org/01qg3j183,GR,education
I4210135709,Industrial Systems Institute,https://ror.org/02sy6k521,GR,nonprofit
I55732556,Arizona State University,https://ror.org/03efmqc40,US,education
I31746571,UNSW Sydney,https://ror.org/03r8z3t63,AU,education
I21370196,Aristotle University of Thessaloniki,https://ror.org/02j61yw88,GR,education
I4210134249,Centre for Research and Technology Hellas,https://ror.org/03bndpq63,GR,facility
I102134673,Linköping University,https://ror.org/05ynxx418,SE,education
I14243506,Hong Kong Polytechnic University,https://ror.org/0030zas98,CN,education
I181647926,University of Strathclyde,https://ror.org/00n3w3b69,GB,education
I162577319,The University of Texas at Dallas,https://ror.org/049emcs32,US,education
I142263535,University of Nottingham,https://ror.org/01ee9ar58,GB,education
I31512782,Technical University of Darmstadt,https://ror.org/05n911h24,DE,education
I4210121626,Signal Processing (United States),https://ror.org/021gzyw51,US,company
I18014758,Simon Fraser University,https://ror.org/0213rcc28,CA,education
I2279609970,University of Lille,https://ror.org/02kzqn938,FR,education
I100066346,University of Stuttgart,https://ror.org/04vnq7t77,DE,education
I183067930,Shanghai Jiao Tong University,https://ror.org/0220qvk04,CN,education
I1286329397,United States Geological Survey,https://ror.org/035a68863,US,government
I157773358,Sun Yat-sen University,https://ror.org/0064kty71,CN,education
I917184967,Bank of China,https://ror.org/02mt4s337,CN,other
I119003972,Roma Tre University,https://ror.org/05vf0dg29,IT,education
I76903346,University of Coimbra,https://ror.org/04z8k9a98,PT,education
I4210103063,Département Environnement et Agronomie,https://ror.org/01e7wth34,FR,facility
I116953780,Tongji University,https://ror.org/03rc6as71,CN,education
I5023651,McGill University,https://ror.org/01pxwe438,CA,education
I135598925,Kyushu University,https://ror.org/00p4k0j84,JP,education
I4210094879,Shandong Institute of Automation,https://ror.org/00qdtba35,CN,facility
I19820366,Chinese Academy of Sciences,https://ror.org/034t30j35,CN,government
I151727225,Harbin Engineering University,https://ror.org/03x80pn82,CN,education
I3124059619,China University of Geosciences,https://ror.org/04gcegc37,CN,education
I74775410,Rice University,https://ror.org/008zs3103,US,education
I98677209,University of Edinburgh,https://ror.org/01nrxwf90,GB,education
I44461941,University of Houston,https://ror.org/048sx0r50,US,education
I75951250,Freie Universität Berlin,https://ror.org/046ak2485,DE,education
I115592961,Jiangsu University,https://ror.org/03jc41j30,CN,education
I134085113,King Fahd University of Petroleum and Minerals,https://ror.org/03yez3163,SA,education
I158842170,Chongqing University,https://ror.org/023rhb549,CN,education
I31595395,Chengdu University of Technology,https://ror.org/05pejbw21,CN,education
I98251732,McMaster University,https://ror.org/02fa3aq29,CA,education
I182083151,King Juan Carlos University,https://ror.org/01v5cv687,ES,education
I79510175,Cardiff University,https://ror.org/03kk7td41,GB,education
I56590836,Monash University,https://ror.org/02bfwt286,AU,education
I165799507,Rensselaer Polytechnic Institute,https://ror.org/01rtyzb94,US,education
I52357470,The Ohio State University,https://ror.org/00rs6vg23,US,education
I84884186,Newcastle University,https://ror.org/01kj2bm70,GB,education
I185261750,University of Toronto,https://ror.org/03dbr7087,CA,education
I45438204,The University of Texas at San Antonio,https://ror.org/01kd65564,US,education
I150468666,Emory University,https://ror.org/03czfpz43,US,education
I146416000,University of Kansas,https://ror.org/001tmjg57,US,education
I157492648,Autonomous University of Queretaro,https://ror.org/00v8fdc16,MX,education
I60559429,Nazarbayev University,https://ror.org/052bx8q98,KZ,education
I13955877,Bar-Ilan University,https://ror.org/03kgsv495,IL,education
I13511017,Texas State University,https://ror.org/05h9q1g27,US,education
I76130692,Zhejiang University,https://ror.org/00a2xv884,CN,education
I40120149,University of Oxford,https://ror.org/052gg0110,GB,education
I189158943,University of Milan,https://ror.org/00wjc7c48,IT,education
I13469542,Vrije Universiteit Brussel,https://ror.org/006e5kg04,BE,education
I65181880,Indian Institute of Technology Hyderabad,https://ror.org/01j4v3x97,IN,education
I1343551460,The University of Texas MD Anderson Cancer Center,https://ror.org/04twxam07,US,healthcare
I165951966,The University of Texas Health Science Center at San Antonio,https://ror.org/02f6dcw23,US,education
I121934306,Tufts University,https://ror.org/05wvpxv85,US,education
I1174212,University of Southern California,https://ror.org/03taz7m60,US,education
I20581793,University of Kent,https://ror.org/00xkeyj56,GB,education
I79619799,University of Birmingham,https://ror.org/03angcq70,GB,education
I4210151791,Genomics (United Kingdom),https://ror.org/053a6xa29,GB,company
I76569877,Southeast University,https://ror.org/04ct4d772,CN,education
I20231570,Peking University,https://ror.org/02v51f717,CN,education
I4210104163,Semeion Centro Ricerche di Scienze della Comunicazione,https://ror.org/01ac4hv54,IT,facility
I131651094,University of Denver,https://ror.org/04w7skc03,US,education
I921990950,University of Colorado Denver,https://ror.org/02hh7en24,US,education
I91136226,University of Sheffield,https://ror.org/05krs5044,GB,education
I170897317,Duke University,https://ror.org/00py81415,US,education
I122991210,Institute of Information Science and Technologies,https://ror.org/05kacka20,IT,facility
I82880672,Beihang University,https://ror.org/00wk2mp56,CN,education
I4210101034,Birla Institute of Technology and Science - Hyderabad Campus,https://ror.org/014ctt859,IN,education
I91277730,Maulana Azad National Institute of Technology,https://ror.org/026vtd268,IN,education
I36399199,Nanjing University of Science and Technology,https://ror.org/00xp9wg62,CN,education
I114027177,University of North Carolina at Chapel Hill,https://ror.org/0130frc33,US,education
I4210100046,Integra (United States),https://ror.org/00ynqbp15,US,company
I2799803557,Barcelona Supercomputing Center,https://ror.org/05sd8tv96,ES,facility
I148297040,Netherlands Organisation for Applied Scientific Research,https://ror.org/01bnjb948,NL,nonprofit
I2801109035,ARM (United Kingdom),https://ror.org/04mmhzs81,GB,company
I141883831,Instituto Nacional de Matemática Pura e Aplicada,https://ror.org/028caqe42,BR,facility
I47508984,Imperial College London,https://ror.org/041kmwe10,GB,education
I28407311,University of Manchester,https://ror.org/027m9bs27,GB,education
I99464096,KU Leuven,https://ror.org/05f950310,BE,education
I164861460,Manipal Academy of Higher Education,https://ror.org/02xzytt36,IN,education
I107720978,Ain Shams University,https://ror.org/00cb9w016,EG,education
I165733156,University of Georgia,https://ror.org/00te3t702,US,education
I4210087915,Massachusetts General Hospital,https://ror.org/002pd6e78,US,healthcare
I133837150,University of Huddersfield,https://ror.org/05t1h8f27,GB,education
I54459138,University of Salford,https://ror.org/01tmqtf75,GB,education
I86519309,The University of Texas at Austin,https://ror.org/00hj54h04,US,education
I154130895,University of Auckland,https://ror.org/03b94tp07,NZ,education
I80281795,University of Otago,https://ror.org/01jmxt844,NZ,education
I143804889,Loughborough University,https://ror.org/04vg4w365,GB,education
I922237871,Netherlands Institute for Radio Astronomy,https://ror.org/000k1q888,NL,other
I36788626,California University of Pennsylvania,https://ror.org/01spssf70,US,education
I95674353,Université Catholique de Louvain,https://ror.org/02495e989,BE,education
I2800717037,University of Florida Health,https://ror.org/04tk2gy88,US,education
I197251160,Hebrew University of Jerusalem,https://ror.org/03qxff017,IL,education
I165932596,National University of Singapore,https://ror.org/01tgyzw49,SG,education
I2801919071,University of Illinois System,https://ror.org/05e94g991,US,education
I79891267,Singapore Management University,https://ror.org/050qmg959,SG,education
I1321296531,National Institute of Standards and Technology,https://ror.org/05xpvk416,US,government
I114017466,University of Technology Sydney,https://ror.org/03f0f6041,AU,education
I874792244,European University Institute,https://ror.org/0031wrj91,IT,education
I121797337,Leiden University,https://ror.org/027bh9e22,NL,education
I203172682,Northern Arizona University,https://ror.org/0272j5188,US,education
