src,tgt,position
W2797148637,A5009027337,first
W2076808107,A5038199341,first
W1517236425,A5016137188,first
W1517236425,A5045551068,middle
W1517236425,A5034957233,last
W1566187042,A5036593483,first
W302960100,A5070023776,first
W4206530644,A5017031238,first
W4206530644,A5069856068,last
W3128452405,A5073896055,first
W319207661,A5060631616,first
W319207661,A5070095367,middle
W319207661,A5017652322,last
W2045721448,A5006989512,first
W2974922583,A5001763022,first
W2974922583,A5023706999,middle
W2974922583,A5016073964,last
W4241788966,A5082776956,first
W1499788862,A5082429225,first
W3014650038,A5074093929,first
W3014650038,A5022860483,middle
W3014650038,A5047269552,last
W132283521,A5021292869,first
W132283521,A5027686108,last
W2462494186,A5012703845,first
W2462494186,A5082354765,last
W1504807586,A5037804822,first
W2304387544,A5024803432,first
W2304387544,A5043211393,middle
W2304387544,A5007922392,last
W3011423189,A5037339239,first
W3011423189,A5052922425,middle
W3011423189,A5030543825,last
W3158801913,A5074486419,first
W2908974255,A5031002895,first
W2908974255,A5032997049,middle
W2908974255,A5016794035,last
W3025638325,A5042544900,first
W1725369365,A5046096141,first
W4285707174,A5028329886,first
W4229641819,A5091272738,first
W4229641819,A5004857788,middle
W4229641819,A5089065417,last
W1548850187,A5079226639,first
W1563281071,A5036930517,first
W1563281071,A5065172367,last
W1517040068,A5043585155,first
W1517040068,A5059447967,last
W4206599219,A5008608861,first
W3013682536,A5001499305,first
W3013682536,A5062247805,last
W4211164456,A5047787744,first
W4211164456,A5035627933,middle
W4211164456,A5074815650,middle
W4211164456,A5028939608,middle
W4211164456,A5070868769,last
W3047680358,A5040469982,last
W3014713798,A5031996018,first
W1558625765,A5055416007,first
W1558625765,A5039457944,last
W4206339157,A5061617652,first
W172918197,A5068894876,first
W2982753834,A5053890837,first
W2982753834,A5051522702,middle
W2953798723,A5016132786,first
W2953798723,A5044228364,middle
W2953798723,A5004666840,middle
W2953798723,A5084306737,last
W4285722492,A5066960775,first
W4285722492,A5068882233,middle
W4285722492,A5015647255,last
W1880408395,A5082429225,first
W4255293521,A5051588553,first
W4211264357,A5024300982,first
W1608767397,A5039687135,first
W1608767397,A5009505287,last
W2165452540,A5049184990,first
W2165452540,A5066535902,last
W4211189291,A5031869815,first
W1479946730,A5014667779,first
W1479946730,A5044940414,middle
W1479946730,A5003799782,last
W3083698325,A5031910872,first
W3083698325,A5059723521,middle
W3083698325,A5035248263,middle
W3083698325,A5079252402,last
W4248301280,A5033094253,first
W2757291580,A5089260563,first
W2972856971,A5035860204,first
W2972856971,A5012809314,middle
W2972856971,A5085327004,last
W3202421880,A5087112265,first
W1557615392,A5012703845,first
W2107111416,A5065729711,last
W4229498285,A5053508392,first
W135331729,A5010097254,first
W4247579952,A5060050845,last
W2345974524,A5036740267,first
W2345974524,A5066069494,middle
W2345974524,A5080144598,last
W4230148240,A5079098245,first
W4230148240,A5015067771,middle
W4230148240,A5039781735,middle
W4230148240,A5049049580,last
W2943731141,A5044817499,last
W4205910419,A5028089542,first
W2609532991,A5051879845,first
W2609532991,A5083242590,middle
W2609532991,A5072558035,middle
W2609532991,A5016606943,last
W2158441930,A5053064852,first
W2049120794,A5087638723,last
W4238345321,A5028793301,first
W4238345321,A5032119888,last
W3000677638,A5021346979,first
W3000677638,A5053938061,middle
W3000677638,A5050099046,last
W3097556849,A5091500375,first
W3097556849,A5085067496,middle
W3097556849,A5063313173,last
W4229779219,A5056086147,first
W4229779219,A5070093758,middle
W4229779219,A5036503167,middle
W4229779219,A5089923187,last
W4232619139,A5019559411,first
W4232619139,A5015728115,last
W3011842539,A5005279285,first
W4211070031,A5024815120,first
W4241513149,A5045603108,first
W4285068309,A5048236318,first
W4285068309,A5090683554,middle
W4285068309,A5044946197,last
W1989751368,A5039107676,first
W3043750934,A5027303084,first
W3043750934,A5077554326,last
W2988930737,A5064383410,first
W2988930737,A5028799485,middle
W2988930737,A5038132985,middle
W2988930737,A5052772501,last
W2997253974,A5062946437,first
W2997253974,A5017716310,middle
W2997253974,A5016330764,middle
W2997253974,A5031138348,last
W3037829719,A5010606032,first
W608975221,A5056253282,first
W608975221,A5005650700,last
W3039641802,A5036922218,first
W3039641802,A5017600653,last
W3111451084,A5042488865,first
W4230942370,A5046605498,first
W4230942370,A5054776685,middle
W4230942370,A5048650003,last
W4240278190,A5089608099,middle
W4240278190,A5030789783,last
W4253472262,A5043742139,first
W641581014,A5043758494,first
W2987087830,A5050466935,first
W2987087830,A5042872489,middle
W2987087830,A5001189952,last
W3008862071,A5049829177,first
W3094982498,A5039205000,first
W3094982498,A5088135807,middle
W3094982498,A5021111688,last
W615271462,A5039901252,last
W3008309411,A5057612518,first
W3008309411,A5023550580,last
W3125712865,A5012720814,first
W3125712865,A5030821429,middle
W4237579934,A5076498667,first
W4211072535,A5045748246,first
W4249571512,A5085656370,first
W4249571512,A5016315238,last
W4256386016,A5014155376,last
W4285579170,A5012308850,first
W4285579170,A5061346888,last
W3094683468,A5080868349,middle
W3094683468,A5080393680,last
W4247087589,A5007201391,first
W4256327235,A5033473979,first
W4256327235,A5009771192,middle
W4256327235,A5061846947,last
W3081224875,A5064342876,first
W3081224875,A5026180361,middle
W3081224875,A5056969631,middle
W3081224875,A5004048723,last
W4230688794,A5085619360,first
W4230731325,A5083141026,first
W4285716180,A5067324209,first
W4300171661,A5066351389,first
W4300171661,A5047695560,middle
W4300171661,A5058307363,middle
W4300171661,A5024384625,last
W4205301195,A5053629394,first
W4243830291,A5015587020,first
W4243830291,A5052686664,middle
W4243830291,A5004213897,middle
W4243830291,A5078909305,middle
W4243830291,A5045016749,last
W2970871582,A5035908112,first
W2994347082,A5047922190,first
W2994347082,A5042913858,middle
W2994347082,A5016713725,middle
W2994347082,A5062547360,middle
W4240186874,A5027629530,first
W4240186874,A5007287967,last
W3028414831,A5063336422,first
W3004492086,A5037384838,first
W3004492086,A5018712863,last
W3107879346,A5001915865,first
W3107879346,A5016028290,middle
W3107879346,A5072178993,middle
W3107879346,A5007894431,middle
W3107879346,A5059102819,middle
W3107879346,A5061837862,middle
W3107879346,A5011692142,middle
W4240655440,A5050213001,first
W1577069471,A5081305138,first
W2963015369,A5045802198,first
W3039880972,A5046249714,first
W3039880972,A5016246712,last
W4211035090,A5009299240,first
W4242978755,A5047360962,first
W4242978755,A5034939930,middle
W4242978755,A5064869431,middle
W4242978755,A5049250210,middle
W4242978755,A5043371053,last
W1542201362,A5009938209,first
W3200115717,A5068573637,first
W3200115717,A5091671626,last
W4205500834,A5073923543,first
W1494135142,A5081706559,first
W1494135142,A5069192725,last
W1608313057,A5074753684,last
W2013366460,A5055008398,first
W2982580633,A5079193770,first
W2982580633,A5069501244,middle
W2982580633,A5033874315,middle
W2982580633,A5010522483,middle
W2982580633,A5034094338,middle
W2982580633,A5052603906,middle
W2982580633,A5075901752,middle
W2982580633,A5006658471,last
W3006080578,A5003253553,first
W3006080578,A5032997589,middle
W3006080578,A5032886673,last
W3094098325,A5030485362,first
W3094098325,A5050671822,last
W4238067451,A5041403630,first
W4242571817,A5048421483,first
W4242571817,A5006734834,last
W4251857164,A5048325407,first
W4251857164,A5069577168,middle
W4251857164,A5039553919,middle
W4251857164,A5039610520,last
W2489774184,A5049986671,first
W2489774184,A5051056050,last
W3003482450,A5001270995,first
W3003482450,A5064149356,last
W3014368292,A5047709045,first
W3014368292,A5005504727,last
W3024733286,A5060706588,first
W3024733286,A5047825950,last
W3025987286,A5048608411,first
W4211185538,A5089260563,first
W4244568042,A5014655114,first
W2953534268,A5060011738,first
W2953534268,A5056212950,middle
W2953534268,A5085197012,last
W3025029543,A5036375893,first
W3025029543,A5011975016,last
W4211219615,A5003039500,first
W4241166696,A5019973225,first
W4241166696,A5030925160,last
W3008792152,A5086510898,first
W3016960193,A5047580007,first
W3016960193,A5037620729,last
W3084813481,A5007400998,first
W3084813481,A5037457090,last
W3104810051,A5000062069,first
W3104810051,A5072027236,last
W3206387271,A5037102800,first
W4233908264,A5030551100,first
W4243897094,A5016484525,first
W4256582955,A5022095958,first
W2994625392,A5044091222,first
W2994625392,A5086009293,middle
W2994625392,A5064295920,middle
W2994625392,A5013370088,last
W2999870015,A5078478639,first
W3008251678,A5070660412,first
W3100553906,A5037853382,first
W4211241391,A5016375683,first
W4240391021,A5016399094,first
W4240391021,A5008843158,last
W4293278643,A5089112142,first
W4293278643,A5002842866,middle
W4293278643,A5050987183,middle
W4293278643,A5054952724,last
W1579508495,A5059351460,first
W2953547501,A5071917259,first
W2953547501,A5000787690,last
W2964156458,A5091500375,first
W2964156458,A5085067496,last
W2994614708,A5011775237,first
W2994614708,A5048973462,middle
W2994614708,A5073633386,last
W3006129348,A5050691990,first
W3006129348,A5005058553,middle
W3006129348,A5036840301,last
W3036976227,A5066844292,first
W3088218728,A5027417114,first
W3164694879,A5027850521,first
W4211177483,A5015278961,first
W4240752441,A5063265782,first
W4240752441,A5086695777,middle
W10124311,A5041877336,first
W3049052318,A5065878227,first
W3049052318,A5050636888,middle
W3049052318,A5088760121,last
W3111763185,A5027550691,first
W3111763185,A5058262411,last
W3214040895,A5058939368,first
W3214040895,A5082179994,last
W4242165794,A5003982643,first
W4248204905,A5058029021,first
W4248204905,A5027453687,middle
W1665777146,A5055446583,first
W1665777146,A5081397718,last
W2971953133,A5067657214,first
W2971953133,A5025106447,middle
W2971953133,A5089327351,middle
W2971953133,A5007361429,middle
W2971953133,A5006710481,last
W2996022021,A5061319881,first
W3004327159,A5048658341,last
W3013458522,A5080143897,last
W3199933490,A5005074165,last
W4210953624,A5017764759,last
W4212902066,A5002250184,first
W4212902066,A5043098453,middle
W4212902066,A5046448314,last
W4239820485,A5040568269,middle
W4239820485,A5009056549,last
W4241559774,A5026597269,first
W4247574165,A5080942074,first
W2996343483,A5090751288,first
W2996343483,A5066391548,middle
W2996343483,A5000624422,last
W2998505465,A5061682032,first
W2998505465,A5039180428,last
W2999880003,A5055660110,first
W3039832962,A5068768998,first
W3039832962,A5061908942,last
W3091281486,A5070025333,first
W3091281486,A5050410653,middle
W3091281486,A5039810279,middle
W3091281486,A5024581998,last
W3094304950,A5044989555,first
W4205653883,A5004181940,first
W4205653883,A5066098595,middle
W4205653883,A5035107880,middle
W4205653883,A5039019347,middle
W4205653883,A5090842450,middle
W4231102169,A5089609598,first
W4239595007,A5084296874,last
W4320801214,A5041711577,first
W4320801214,A5030391938,last
W609311161,A5008484068,first
W647248237,A5062345880,first
W1492301563,A5063184621,first
W1492301563,A5068831718,last
W1533100094,A5067688847,last
W2954057675,A5002154840,middle
W2954057675,A5032586510,last
W2969346007,A5069211289,first
W3027298723,A5080965007,first
W3027298723,A5032578396,middle
W3081898781,A5057538550,first
W3081898781,A5022699013,middle
W3081898781,A5078452051,middle
W3081898781,A5071681891,middle
W3081898781,A5065040154,middle
W3081898781,A5074216056,last
W3089341454,A5024107541,last
W3109028521,A5029763803,first
W4234009670,A5090934117,first
W4241156961,A5063639597,first
W4242664031,A5035919267,middle
W4242664031,A5091266202,middle
W4243136612,A5021590359,last
W4243859638,A5072729126,first
W4243859638,A5041813158,last
W4249684472,A5042916844,first
W1945349345,A5062036284,first
W2954449363,A5000506517,first
W2954449363,A5079450474,middle
W2954449363,A5007814653,last
W2998292233,A5021590630,first
W2998292233,A5083511107,middle
W2998292233,A5004206574,last
W3012121718,A5007992576,first
W3012121718,A5091266202,middle
W3012121718,A5022649488,middle
W3012121718,A5085560176,middle
W3012121718,A5042460024,last
W3013506520,A5015278961,first
W3038050321,A5052800617,first
W3104479411,A5077817630,first
W3104479411,A5071931582,middle
W3104479411,A5002294199,last
W3127900374,A5086950980,first
W4233437428,A5037622959,first
W4233437428,A5016865616,last
W4237440866,A5070049696,first
W4238022420,A5060999492,first
W4247224274,A5075826136,first
W4285711131,A5022485637,first
W4292156518,A5003200620,first
W4292156518,A5052671825,middle
W4292156518,A5047680302,middle
W651286165,A5087391093,first
W2035441080,A5082325811,last
W2124603257,A5029291290,first
W2146084249,A5063684561,first
W2146084249,A5032919897,middle
W2146084249,A5087542455,last
W2749473036,A5034036320,first
W2749473036,A5023864111,last
W2978822634,A5019922184,first
W3005129064,A5039781735,first
W3006178122,A5023539744,first
W3014354713,A5034893368,first
W3021982876,A5020249507,first
W3021982876,A5023384568,middle
W3021982876,A5035867976,last
W3025261211,A5053341177,first
W3025261211,A5033686677,middle
W3025261211,A5079307189,middle
W3025261211,A5035088568,middle
W3030896911,A5090197833,last
W3036111623,A5052922969,first
W3036111623,A5049548326,last
W3093556890,A5059882053,first
W3100961571,A5027797605,first
W3100961571,A5038000226,middle
W3100961571,A5061734257,last
W3112738669,A5068484674,middle
W3112738669,A5012403326,middle
W3117040724,A5089947531,first
W3117040724,A5034957065,middle
W3117040724,A5091323624,middle
W3117040724,A5002099862,middle
W3117040724,A5028574557,middle
W3117040724,A5029215323,middle
W3117040724,A5075668011,middle
W3117040724,A5027317977,middle
W3117040724,A5089444805,middle
W3117040724,A5042584066,middle
W3117040724,A5055689400,middle
W3117040724,A5078340555,last
W3174640738,A5017873450,first
W3174640738,A5045767808,middle
W3174640738,A5008897549,last
W4214894498,A5064523330,first
W4235724205,A5023183404,first
W4235724205,A5077971248,last
W4245811697,A5081327275,first
W4248204088,A5004886061,first
W4248204088,A5081406386,last
W4254075933,A5086526935,first
W2955975957,A5009674136,first
W2955975957,A5004783243,middle
W2955975957,A5023138124,middle
W2955975957,A5009085292,last
W2981515357,A5070995194,first
W2981515357,A5005837856,middle
W2981515357,A5035342520,last
W2981814898,A5022559166,first
W2994495787,A5091908304,first
W2997785538,A5014135635,first
W2997785538,A5088842870,middle
W2997785538,A5084333271,middle
W2997785538,A5025662485,middle
W2997785538,A5082032269,middle
W2997785538,A5032746152,last
W3016259784,A5082464861,first
W3016259784,A5017132748,middle
W3016259784,A5077747165,middle
W3016259784,A5025058941,last
W3017034177,A5066778920,first
W3020564988,A5019419996,first
W3020564988,A5071047366,middle
W3020564988,A5039464384,middle
W3026800966,A5049606008,last
W3033437051,A5035627933,middle
W3033437051,A5073839838,middle
W3033437051,A5003941679,middle
W3033437051,A5050154865,middle
W3033437051,A5086545515,last
W3037221947,A5062077940,first
W3037221947,A5041395889,middle
W3037221947,A5067046312,last
W3085820219,A5026990034,first
W3089716856,A5002528182,first
W3089716856,A5014379074,middle
W3089716856,A5049923911,last
W3089887403,A5078874851,first
W3106513132,A5046337437,first
W3106513132,A5005125538,middle
W3106513132,A5040147387,middle
W3106513132,A5088384986,last
W3126756129,A5020801861,middle
W3202790327,A5050728900,first
W3202790327,A5037451902,middle
W3202790327,A5073285394,last
W4214495955,A5031896681,first
W4214495955,A5009196125,last
W4236093732,A5050739558,first
W4242075348,A5077264510,last
W4243655891,A5085542421,first
W4243830762,A5053906818,middle
W4249778824,A5005741469,first
W4249778824,A5065221860,last
W4250953941,A5072797821,first
W569053917,A5068761857,first
W1479671302,A5060859546,first
W1502374828,A5055416007,first
W1502374828,A5040911847,last
W1662349443,A5082842381,first
W1978245767,A5073971388,first
W1978245767,A5054979488,middle
W1978245767,A5003200373,middle
W1978245767,A5063028120,last
W2073698183,A5002544391,first
W2294644325,A5012720554,first
W2294644325,A5025649497,middle
W2950127042,A5062033062,first
W2956084502,A5066983455,first
W2956084502,A5009747442,last
W2956153508,A5062756898,first
W2956153508,A5066621471,last
W2977408235,A5086558126,first
W2996558393,A5029999345,first
W2996558393,A5013198945,middle
W2996558393,A5065664393,middle
W2996558393,A5000179526,middle
W3007902803,A5066462569,first
W3007902803,A5084563518,middle
W3007902803,A5010807110,middle
W3007902803,A5080364245,middle
W3007902803,A5036373073,last
W3011316788,A5032158234,first
W3011316788,A5023729638,middle
W3032205881,A5080367267,first
W3032205881,A5072912301,last
W3035326538,A5054607181,first
W3035326538,A5062215861,middle
W3035326538,A5086053075,middle
W3035326538,A5064070864,middle
W3035326538,A5070661537,middle
W3035326538,A5049078134,last
W3038150854,A5048113718,first
W3049627139,A5055256443,first
W3049627139,A5056690478,middle
W3049627139,A5034642813,middle
W3049627139,A5012243761,last
W3081655661,A5074947894,first
W3081655661,A5035799727,middle
W3081655661,A5039640316,middle
W3081655661,A5031522109,last
W3082272861,A5019942520,first
W3083707106,A5070391903,first
W3083707106,A5052955169,middle
W3083707106,A5059196385,last
W3090257985,A5043026526,first
W3097132272,A5091500375,first
W3097132272,A5048560390,middle
W3097132272,A5023882029,last
W3108874946,A5042417199,first
W3108874946,A5015868116,last
W3159047234,A5086003466,first
W3170700382,A5015370317,first
W3170700382,A5081589234,last
W4211050732,A5067610354,first
W4211126863,A5044233387,first
W4232024331,A5004913523,first
W4232024331,A5077910569,middle
W4232024331,A5037929966,middle
W4232024331,A5059337980,middle
W4232024331,A5024386765,last
W4239741344,A5025074757,first
W4239741344,A5008462886,last
W4241450292,A5082805490,first
W4247370645,A5088177576,first
W4251136770,A5029269241,first
W4251525635,A5032086117,middle
W4251525635,A5066095735,last
W622702749,A5000039831,first
W1749997144,A5014236544,first
W2798746517,A5078328333,first
W2918921333,A5055163091,first
W2955927086,A5062305704,first
W2955927086,A5036684787,middle
W2955927086,A5068626745,last
W3003619843,A5080861830,middle
W3005166843,A5077138123,last
W3007034882,A5073524725,last
W3007461147,A5090641820,first
W3008046258,A5069242941,first
W3008046258,A5025122566,middle
W3008046258,A5085634615,last
W3010797867,A5005403451,first
W3010797867,A5024005463,middle
W3010797867,A5002855938,middle
W3010797867,A5006717690,last
W3033071521,A5049638450,first
W3033509244,A5030131254,first
W3038767685,A5037242988,first
W3038767685,A5081318069,last
W3040080951,A5046249714,first
W3040080951,A5016246712,last
W3044374521,A5001422310,first
W3047022772,A5024909557,first
W3093225372,A5027119999,first
W3093225372,A5046805836,last
W3093987892,A5024781859,first
W3093987892,A5046734130,last
W3095641900,A5008279485,first
W3095641900,A5025302097,middle
W3095641900,A5046407584,middle
W3095641900,A5038564949,middle
W3095641900,A5046239434,last
W3099854276,A5011449891,first
W3105630034,A5038522605,first
W3109650979,A5074540538,first
W3109650979,A5060878462,middle
W3109650979,A5051850054,middle
W3109650979,A5030433880,middle
W3109650979,A5003031729,last
W3138024475,A5020539256,first
W3138024475,A5053155811,middle
W3138024475,A5043114412,middle
W3138024475,A5043945029,last
W3157834150,A5019391650,first
W4211014789,A5035737339,first
W4211014789,A5031821299,last
W4213261332,A5029144226,last
W4230819290,A5040706121,first
W4230819290,A5062770206,middle
W4230819290,A5077896617,last
W4236275069,A5075248464,first
W4237665057,A5001173593,first
W4238554498,A5032965630,first
W4239718065,A5001365101,first
W4241524180,A5029060737,first
W4241524180,A5067555843,middle
W4241524180,A5070194221,last
W4244848413,A5078043213,first
W4244848413,A5033267761,last
W4245206299,A5005175756,first
W4245206299,A5044161924,middle
W4247277209,A5056883446,first
W4255816075,A5035193180,first
W4255925811,A5054092600,first
W4255925811,A5036373241,last
W4285713416,A5073951888,middle
W1457595313,A5023617868,first
W1457595313,A5035856213,last
W2154664465,A5047679407,first
W2154664465,A5012703845,last
W2309842600,A5067286417,middle
W2309842600,A5012697857,middle
W2309842600,A5048945622,last
W2920567028,A5073535390,middle
W2920567028,A5076987779,middle
W2924412125,A5014362364,first
W2953736210,A5036876854,first
W2953736210,A5062598192,last
W2954503386,A5036573895,first
W2955866047,A5003001715,first
W2955866047,A5077663448,last
W2964014318,A5019808431,first
W2964014318,A5089713497,middle
W2964014318,A5064137095,middle
W2964014318,A5000874360,last
W2970402034,A5057437879,first
W2990057654,A5072523018,first
W2990057654,A5076605128,middle
W2990057654,A5001739714,middle
W2990057654,A5091459774,last
W2992026314,A5073317294,first
W2992026314,A5082802791,last
W2999388646,A5015883703,first
W2999388646,A5011468493,last
W3014704122,A5087572406,first
W3014704122,A5090118631,last
W3015654899,A5061617652,first
W3018934956,A5085577015,middle
W3025280063,A5074059793,middle
W3025280063,A5010637807,last
W3028381722,A5020179436,middle
W3029262414,A5070663772,first
W3029262414,A5025918292,middle
W3029262414,A5027491673,middle
W3029262414,A5060943622,middle
W3029262414,A5079167062,last
W3032334140,A5023681135,first
W3032334140,A5002807220,last
W3035084314,A5057807898,middle
W3036630586,A5070393786,first
W3036630586,A5044138533,middle
W3036630586,A5058252389,last
W3080182532,A5000268019,first
W3082788671,A5044964238,first
W3082788671,A5088353529,middle
W3082788671,A5088400471,last
W3083378625,A5083214460,first
W3083378625,A5000637036,last
W3088731911,A5085011444,first
W3088731911,A5080044649,middle
W3088731911,A5084837357,last
W3097026186,A5055355687,first
W3097026186,A5034695211,last
W3098460066,A5018750754,first
W3105220695,A5070827675,first
W3105220695,A5076324559,last
W3107862810,A5085542421,first
W3128982411,A5052375102,first
W4205173774,A5069086233,first
W4205734914,A5074540538,first
W4205734914,A5000728948,middle
W4205734914,A5051850054,middle
W4205734914,A5030433880,middle
W4205734914,A5003031729,last
W4231972007,A5033718682,first
W4239116964,A5017356611,first
W4239663058,A5059180387,first
W4242616872,A5078814310,last
W4247487224,A5007521335,first
W4247978646,A5038276420,first
W4248304120,A5083324292,first
W4252250247,A5080409343,first
W4252250247,A5008445326,middle
W4252250247,A5082942970,middle
W4252250247,A5000975435,last
W4255926525,A5007830129,middle
W4255926525,A5064231378,last
W4285719420,A5049312755,first
W4285722717,A5029260213,first
W4285722717,A5023095072,middle
W4285722717,A5077630267,middle
W4285722717,A5042645593,middle
W4285722717,A5032634346,middle
W4285722717,A5018349566,middle
W4285722717,A5016547705,middle
W4285722717,A5066171121,last
W4285723604,A5067680521,first
W4285723604,A5005916659,middle
W4285723604,A5006664659,middle
W4285723604,A5001091619,last
W653473517,A5046044890,first
W1833734651,A5012703845,first
W1833734651,A5078525741,last
W2463567884,A5047517734,first
W2463567884,A5066753639,middle
W2463567884,A5042936176,last
W2791402825,A5056262105,first
W2791402825,A5027057380,last
W2894495332,A5086791812,first
W2947581258,A5032778798,first
W2947581258,A5032241029,middle
W2947581258,A5080272127,last
W2954661396,A5004206574,first
W2955958111,A5044149688,first
W2955958111,A5032706099,middle
W2955958111,A5019717997,middle
W2955958111,A5000355426,last
W2965488396,A5085432173,first
W2965488396,A5059313873,middle
W2965488396,A5049446003,middle
W2965488396,A5037470010,last
W2983570769,A5031692714,first
W2983570769,A5034253968,last
W2994891834,A5050337915,first
W2994891834,A5059171581,middle
W2994891834,A5056512471,middle
W2994891834,A5060778711,middle
W2994891834,A5065716990,last
W3004109885,A5006712350,first
W3004109885,A5057014407,middle
W3004109885,A5030673462,last
W3007171253,A5042824121,first
W3007396567,A5028513376,first
W3007396567,A5022020359,last
W3008044703,A5026850320,middle
W3010422676,A5044399096,first
W3010422676,A5015908369,middle
W3010422676,A5053513652,middle
W3010422676,A5089102147,middle
W3010945612,A5050739558,first
W3015026986,A5022617601,first
W3015026986,A5025097632,last
W3018204635,A5075957528,first
W3021947890,A5012986483,first
W3021947890,A5080240262,last
W3024325434,A5051733068,first
W3024325434,A5075334970,last
W3033164055,A5070896564,first
W3042474472,A5021752135,first
W3044899639,A5015126506,first
W3046393833,A5086261260,first
W3083667023,A5049616413,last
W3091748753,A5004186327,middle
W3094596744,A5031896681,first
W3094596744,A5009196125,last
W3096002741,A5053432028,first
W3096002741,A5018293076,last
W3111251285,A5070988819,first
W3134920225,A5069136633,first
W3134920225,A5081169504,middle
W3155271018,A5033425045,first
W3155271018,A5015956396,last
W4211202360,A5051946879,first
W4211236943,A5025745894,first
W4211236943,A5043084209,middle
W4211236943,A5011959346,last
W4229598638,A5086109092,first
W4229598638,A5063231461,middle
W4229598638,A5064585036,middle
W4229598638,A5020629689,last
W4231491657,A5083099005,first
W4233135164,A5078474241,last
W4233335179,A5043681427,first
W4233723814,A5037970252,last
W4235642477,A5069573186,first
W4237751866,A5043744703,first
W4237751866,A5078761250,last
W4240409968,A5046532358,first
W4240409968,A5088796666,middle
W4240409968,A5090724883,middle
W4240409968,A5083390916,middle
W4240409968,A5033753132,last
W4248543713,A5064048318,first
W4248586372,A5036171512,first
W4251176406,A5001242576,first
W4252216444,A5037175344,first
W4255247919,A5035270195,first
W4255247919,A5013078154,middle
W4255247919,A5075513915,middle
W4255247919,A5049605606,middle
W4255247919,A5017581901,last
W4256307190,A5016249688,first
W4256307190,A5048758163,last
W4293118117,A5059602361,middle
W4293118117,A5090107273,middle
W4293118117,A5053234630,middle
W4293118117,A5080800965,middle
W4293118117,A5074371899,middle
W4293118117,A5062945520,middle
W4293118117,A5069062966,middle
W4293118117,A5039009058,last
W624341773,A5071765665,first
W624341773,A5061739921,middle
W624341773,A5078601310,last
W1510170091,A5003531216,first
W1510170091,A5058001962,middle
W1510170091,A5066882379,last
W179342210,A5039043086,first
W2141144809,A5059751712,last
W2252590973,A5024999273,last
W2417480491,A5081225059,last
W2953936845,A5062103852,first
W2953936845,A5026028393,middle
W2955260520,A5052744028,first
W2955260520,A5035342520,last
W2955360971,A5069590205,first
W2955360971,A5068664074,middle
W2955360971,A5012210701,middle
W2984375935,A5032499810,first
W2984375935,A5031797939,middle
W2984375935,A5087093169,middle
W2984375935,A5058662444,last
W2989291995,A5006271882,first
W2989291995,A5071282606,middle
W2989291995,A5043116097,middle
W2989291995,A5020057271,last
W2991362642,A5025435257,first
W3000238643,A5016080427,first
W3002900920,A5018840266,first
W3002900920,A5025555145,last
W3004623993,A5021969767,first
W3012426849,A5031835546,first
W3012426849,A5062453217,middle
W3012426849,A5018926238,last
W3015646168,A5039659947,first
W3015646168,A5018700487,last
W3017652267,A5072689210,first
W3017652267,A5044747365,middle
W3017652267,A5076780322,middle
W3017652267,A5050745579,middle
W3017652267,A5076337822,last
W3023228983,A5005656326,first
W3024398517,A5006599181,middle
W3029945580,A5074226700,first
W3029945580,A5071924020,middle
W3029945580,A5007393222,middle
W3029945580,A5012980516,middle
W3029945580,A5047871627,last
W3031635909,A5054998387,first
W3031635909,A5056543056,middle
W3031635909,A5030935001,last
W3033322384,A5041866046,first
W3036385891,A5049498129,first
W3036385891,A5040894926,middle
W3036385891,A5079587319,last
W3037396094,A5072104268,middle
W3037396094,A5039732648,middle
W3037396094,A5084171221,middle
W3037396094,A5044332089,last
W3049050008,A5031401755,first
W3049050008,A5014799100,middle
W3083025309,A5061061546,first
W3083025309,A5058502832,last
W3083371734,A5071908018,middle
W3083371734,A5004307805,middle
W3083371734,A5059886784,middle
W3090430838,A5022594665,first
W3097065825,A5078659661,first
W3097948679,A5008583848,first
W3097948679,A5014654464,last
W3108761828,A5084837357,first
W3108761828,A5078176771,last
W3109369045,A5067631932,first
W3109369045,A5036777432,last
W3109688857,A5005720687,middle
W3109688857,A5054258238,last
W3122917670,A5060779928,first
W3122917670,A5054924244,last
W3128720661,A5066161993,first
W3128720661,A5039341855,middle
W3128720661,A5086422507,middle
W3134588108,A5035737339,first
W3134588108,A5031821299,last
W3141434166,A5056651599,middle
W3188232639,A5048260722,first
W4211069164,A5050663897,first
W4233155192,A5031342394,first
W4233155192,A5038976846,last
W4234412917,A5081576052,first
W4237931157,A5063708250,first
W4237931157,A5070728314,middle
W4237931157,A5022262073,middle
W4237931157,A5019187286,middle
W4237931157,A5022718926,middle
W4237931157,A5079112003,middle
W4237931157,A5077575411,middle
W4237931157,A5056251421,middle
W4237931157,A5042694477,last
W4238719444,A5066180497,first
W4240203372,A5051230082,first
W4242597101,A5039489255,first
W4242929830,A5039128929,last
W4246117359,A5042857459,first
W4248986968,A5070060702,first
W4248986968,A5051297402,last
W4249175976,A5043674709,middle
W4249175976,A5058368955,last
W4250514935,A5004850710,first
W4250514935,A5085293486,last
W4251435834,A5074727563,first
W4251617500,A5037831741,first
W4251617500,A5065073668,last
W4252823769,A5047831795,first
W4252823769,A5054987322,middle
W4253158671,A5055314556,first
W4254010724,A5065815764,first
W4254010724,A5008755580,middle
W4254010724,A5005339839,last
W4255987477,A5086535593,first
W4285724544,A5065505847,first
W643613672,A5064700461,first
W652085867,A5085942072,first
W652085867,A5061879658,last
W1994875144,A5076475743,first
W1994875144,A5088241503,last
W1995510248,A5059245460,last
W2074109476,A5004433252,middle
W2074109476,A5015975636,middle
W2074109476,A5004491725,middle
W2074109476,A5074740068,middle
W2074109476,A5066973798,middle
W2074109476,A5049580247,middle
W2413102523,A5038041060,first
W2490210781,A5063307502,first
W2754568205,A5001124548,first
W2754568205,A5091756520,last
W2891883956,A5060313861,first
W2891883956,A5003674186,last
W2915318697,A5022543590,first
W2915318697,A5049410873,last
W2954839911,A5041685067,first
W2966953451,A5017841865,first
W2966953451,A5033985539,middle
W2970733386,A5020878841,first
W2970733386,A5007639805,last
W2975365937,A5083343621,first
W2975365937,A5032706099,last
W2984141200,A5000907177,first
W2996754009,A5028120832,middle
W2998461615,A5084566253,first
W2998461615,A5014215318,middle
W2998461615,A5028155146,middle
W2998461615,A5057247807,last
W3000911431,A5058475600,first
W3004523911,A5019559411,first
W3004523911,A5015728115,last
W3012207768,A5037636060,first
W3012207768,A5038584158,last
W3013162197,A5008598171,first
W3013162197,A5010367674,last
W3014521657,A5013870008,last
W3016166457,A5019907526,middle
W3017245777,A5074270481,first
W3019443080,A5047576329,middle
W3023384797,A5031115969,first
W3038284234,A5091262078,first
W3038552280,A5028936264,first
W3038552280,A5053781299,middle
W3038552280,A5003086301,last
W3042797956,A5047871549,first
W3042797956,A5063116316,middle
W3042797956,A5008260426,middle
W3042797956,A5029746953,middle
W3042797956,A5060686448,last
W3042847294,A5079988028,first
W3042847294,A5084256353,middle
W3042847294,A5035822841,middle
W3042847294,A5061429955,last
W3044627099,A5001185980,first
W3044627099,A5067610915,last
W3045296623,A5014495113,first
W3045582458,A5019597653,first
W3045582458,A5073619925,middle
W3045582458,A5018014670,last
W3048407961,A5076270155,first
W3054269020,A5011033516,first
W3086015676,A5032231503,first
W3086015676,A5081839926,middle
W3086015676,A5060026407,last
W3091903245,A5090506206,first
W3091903245,A5073605485,last
W3092611431,A5056420801,last
W3092640956,A5044025100,first
W3092640956,A5010597745,last
W3096384574,A5004831479,first
W3103051324,A5071548729,first
W3108125187,A5060091515,first
W3108262308,A5032562568,first
W3108459690,A5061227594,first
W3108459690,A5055252458,middle
W3108459690,A5035207753,middle
W3108459690,A5075906727,middle
W3108459690,A5010851725,last
W3110414076,A5063249982,first
W3110414076,A5016466584,middle
W3110414076,A5077268900,last
W3111937826,A5002204160,first
W3112526684,A5057554474,last
W3115568233,A5005967060,first
W3115568233,A5038325926,middle
W3115568233,A5060806484,last
W3165779843,A5055883574,middle
W3165779843,A5024909213,last
W31852407,A5017892838,first
W3212838766,A5085126018,last
W4205796754,A5070393786,first
W4205796754,A5044138533,middle
W4205796754,A5058252389,last
W4230597279,A5057794930,first
W4230619800,A5040136820,first
W4230619800,A5066684090,middle
W4230619800,A5049896579,last
W4231681542,A5035681709,first
W4233251844,A5089554340,first
W4235049310,A5076394591,first
W4236310593,A5071592295,first
W4239498517,A5028234987,first
W4239498517,A5032241746,last
W4240410374,A5016451627,first
W4241421037,A5030699864,first
W4241421037,A5061884304,middle
W4241727305,A5086308371,first
W4241727305,A5020600362,last
W4243163375,A5056618593,middle
W4243163375,A5020769867,middle
W4243163375,A5006580822,last
W4246222894,A5023028608,first
W4246222894,A5002571252,last
W4247705121,A5059156106,first
W4247705121,A5022193251,last
W4248277008,A5038514283,first
W4248277008,A5021226854,middle
W4248277008,A5007809905,middle
W4248277008,A5027063601,last
W4248404313,A5064525032,middle
W4248404313,A5026121933,middle
W4248404313,A5031863772,last
W4251973694,A5066979057,first
W4254765761,A5086392501,first
W4285722849,A5065148077,first
W4285722849,A5031940626,middle
W4285722849,A5031439294,last
W4299353453,A5009236677,first
W4312926669,A5051517962,first
W565751832,A5035304721,first
W607331461,A5047363954,last
W614226114,A5017675199,first
W614226114,A5032580070,last
W628190200,A5066154345,first
W1502867284,A5065138538,middle
W1567966396,A5043472203,first
W2098708840,A5078525741,first
W2098708840,A5012703845,last
W2294429373,A5062776546,first
W2498485460,A5046190658,first
W2550421111,A5079673409,first
W2554481337,A5090267006,first
W2674774707,A5049783208,first
W2674774707,A5005278470,middle
W2674774707,A5043042273,middle
W2674774707,A5008896099,last
W2887987073,A5060244353,last
W2955502522,A5046852526,first
W2956121474,A5024708104,first
W2956121474,A5018438088,last
W2969644925,A5089425067,first
W2969644925,A5051297830,middle
W2969644925,A5068604294,last
W2969851030,A5045370832,first
W2971661637,A5077082060,first
W2973016041,A5085074493,first
W2980440559,A5041591830,first
W2980440559,A5087680636,last
W2998704733,A5081589852,first
W3001770783,A5078321754,first
W3001770783,A5060132124,middle
W3007603349,A5087542455,first
W3007603349,A5065751714,middle
W3007603349,A5080691948,last
W3012200841,A5007171832,first
W3012200841,A5063368737,last
W3012333460,A5067680521,first
W3012333460,A5005916659,middle
W3012333460,A5006664659,middle
W3012333460,A5001091619,last
W3012559331,A5059826957,last
W3013908480,A5022129791,first
W3013908480,A5003087073,last
W3014136459,A5045200694,first
W3014252101,A5019533639,first
W3014252101,A5041102285,last
W3015027414,A5036184770,first
W3015027414,A5045554497,middle
W3015027414,A5047071972,middle
W3015027414,A5026685411,last
W3017089344,A5063317976,last
W3021769822,A5073923543,first
W3025083039,A5049828378,last
W3025153755,A5078581234,middle
W3025153755,A5013560471,last
W3028901943,A5045748246,first
W3029167940,A5082776956,first
W3032957018,A5000580267,middle
W3032957018,A5050419536,middle
W3032957018,A5073520045,middle
W3032957018,A5070424516,last
W3033802587,A5077817630,first
W3033802587,A5071931582,middle
W3033802587,A5002294199,last
W3035284792,A5022840676,first
W3035284792,A5022840676,last
W3035928156,A5003180965,middle
W3035928156,A5057839774,middle
W3035928156,A5048743034,middle
W3035928156,A5064649404,last
W3036418407,A5085675866,first
W3037277093,A5080443010,last
W3037308746,A5078729568,first
W3037308746,A5064937361,middle
W3037308746,A5076073427,last
W3042105095,A5090180638,first
W3042105095,A5085577015,middle
W3042105095,A5005376765,middle
W3042105095,A5089102147,middle
W3042105095,A5033777007,last
W3042604963,A5012543243,last
W3043912306,A5014413697,first
W3080214531,A5019693703,first
W3083750329,A5010578654,first
W3083750329,A5050627433,last
W3083861493,A5016258462,first
W3083861493,A5033986386,middle
W3083861493,A5076890403,middle
W3083861493,A5068195954,middle
W3083861493,A5045819127,middle
W3083861493,A5009430788,middle
W3083861493,A5025996185,last
W3094076402,A5016945377,middle
W3094076402,A5017235648,last
W3107010011,A5058918990,first
W3107010011,A5079782678,middle
W3107010011,A5033071006,last
W3113793834,A5010972337,first
W3113793834,A5033061833,middle
W3119257295,A5090535601,first
W3119257295,A5063764379,middle
W3119257295,A5004011403,last
W3136394745,A5026607511,last
W3199464281,A5024554540,last
W3201901893,A5070337913,first
W3201901893,A5084207051,last
W3211637101,A5051787571,first
W4229668843,A5024199099,first
W4230809180,A5059338634,first
W4231459476,A5054788284,middle
W4231459476,A5066541430,last
W4231540307,A5047096845,first
W4231540307,A5015302853,last
W4233201347,A5043903704,first
W4233349397,A5029942290,middle
W4235562028,A5021958904,first
W4239765502,A5047074817,first
W4240972725,A5078159829,first
W4240972725,A5049251656,middle
W4240972725,A5078159829,middle
W4244299687,A5067046312,first
W4244299687,A5040120960,last
W4244301141,A5010473826,first
W4248160846,A5073239212,first
W4248160846,A5032586510,middle
W4250599107,A5076087744,first
W4250753919,A5059040421,first
W4250753919,A5055762132,last
W4251430431,A5075435196,first
W4253471840,A5031706392,first
W4255917747,A5028595842,first
W4255917747,A5043414194,middle
W4255917747,A5035992651,last
W4285670398,A5032878892,first
W4285711175,A5044129236,first
W4285711175,A5046472188,last
W4285719121,A5002347804,first
W4288080166,A5073679218,first
W4288080166,A5051942370,middle
W4288080166,A5018851970,middle
W4288080166,A5018207993,last
W617176331,A5021357444,first
W1507368561,A5062159741,first
W2082173067,A5073589234,first
W2415206640,A5031705516,middle
W2415206640,A5073967505,last
W2580319959,A5084015848,first
W2783176820,A5037853382,first
W2783176820,A5035249544,middle
W2897006985,A5005815334,first
W2897006985,A5034279244,middle
W2899264638,A5070734452,first
W2953543235,A5070470270,middle
W2953543235,A5072886993,middle
W2953543235,A5058948943,last
W2957307724,A5026176583,last
W2965015061,A5080709604,first
W2965015061,A5060198976,last
W2971097838,A5012199979,first
W2971097838,A5091500375,last
W2971315264,A5016407219,first
W2971315264,A5016407219,middle
W2971426847,A5052258870,first
W2971774262,A5047787744,first
W2971774262,A5035627933,middle
W2971774262,A5074815650,middle
W2971774262,A5028939608,middle
W2971774262,A5070868769,last
W2974975595,A5053508392,first
W2975142467,A5004311028,middle
W2979412848,A5050720523,first
W2980029747,A5049158053,first
W2980029747,A5064204574,middle
W2980029747,A5034900636,middle
W2980029747,A5042417097,last
W2987762170,A5044236058,first
W2987762170,A5008214065,last
W2993153050,A5000924049,first
W2996727914,A5075302608,middle
W2997833325,A5024815120,first
W3000444223,A5014706265,first
W3002601975,A5078678738,first
W3003750576,A5040391431,first
W3004711329,A5047567173,first
W3004711329,A5055814180,last
W3008327148,A5037643513,first
W3008327148,A5091037833,middle
W3008327148,A5090199406,last
W3008703074,A5081786718,first
W3008703074,A5000457341,middle
W3008703074,A5065748495,middle
W3009195066,A5048552375,first
W3009195066,A5032231503,middle
W3009195066,A5063652162,middle
W3009195066,A5087470453,middle
W3009195066,A5038437071,middle
W3009195066,A5007255618,middle
W3009195066,A5063760399,middle
W3009195066,A5025917688,last
W3010299319,A5021084634,first
W3010299319,A5044242329,middle
W3010299319,A5051254575,last
W3011115068,A5069211289,first
W3011865185,A5009085292,first
W3013011968,A5015332870,first
W3013011968,A5070517688,last
W3013153495,A5011494919,first
W3013412828,A5069255366,first
W3013412828,A5061536058,last
W3013531464,A5007777790,first
W3014882292,A5078043213,first
W3014882292,A5033267761,last
W3015562317,A5065056581,first
W3015562317,A5084644420,middle
W3015562317,A5006320257,middle
W3015562317,A5001713925,last
W3018838800,A5022941193,first
W3018838800,A5026495223,last
W3022388312,A5015181388,last
W3023699917,A5016135987,first
W3026787766,A5045740283,first
W3033545373,A5057307167,first
W3033545373,A5057620433,middle
W3037528485,A5024926572,first
W3041349063,A5039120890,first
W3041349063,A5016780175,middle
W3041349063,A5038421917,last
W3042412978,A5031895959,middle
W3042412978,A5016798703,middle
W3042412978,A5059925222,middle
W3042412978,A5065553523,middle
W3042831453,A5036501911,last
W3043179610,A5039402094,first
W3043179610,A5008694652,last
W3046215709,A5059698576,first
W3046215709,A5016736772,middle
W3046215709,A5068362474,middle
W3046215709,A5081349938,last
W3046492944,A5082617377,first
W3046492944,A5053795584,middle
W3046492944,A5085427211,middle
W3047148837,A5041711577,first
W3047148837,A5030391938,last
W3080687305,A5062088583,first
W3088308134,A5030158771,first
W3088308134,A5003780747,last
W3088539072,A5004072574,first
W3088539072,A5065665579,middle
W3088539072,A5083888702,middle
W3089101319,A5004181940,first
W3089101319,A5066098595,middle
W3089101319,A5035107880,middle
W3089101319,A5039019347,middle
W3089101319,A5090842450,middle
W3089402454,A5084629040,last
W3090195204,A5009806341,last
W3091768523,A5091782158,first
W3091768523,A5090167516,middle
W3091768523,A5085170627,middle
W3091768523,A5080350689,last
W3095314437,A5087944559,first
W3095314437,A5017397719,middle
W3095314437,A5083549815,middle
W3095314437,A5041370597,middle
W3095314437,A5007393797,last
W3096678079,A5055688717,middle
W3097523200,A5070709628,first
W3097581714,A5012980516,middle
W3097581714,A5004186327,last
W3098014239,A5059483439,middle
W3098014239,A5023739887,middle
W3098014239,A5083706779,last
W3100535814,A5008309486,middle
W3100535814,A5011449891,middle
W3100986609,A5067603088,first
W3101052365,A5088177576,first
W3101253806,A5072152949,first
W3101253806,A5031880355,last
W3101256992,A5002913065,first
W3102740879,A5040301558,first
W3102740879,A5015440501,last
W3105927595,A5017065683,first
W3109544720,A5052352119,first
W3110940112,A5035417484,first
W3110983064,A5068447696,first
W3110983064,A5028605138,middle
W3110983064,A5021788449,last
W3116857048,A5012221966,first
W3116857048,A5008196853,last
W3120718057,A5075722117,first
W3120718626,A5084589881,first
W3120718626,A5002135733,last
W3129385364,A5017175344,middle
W3129385364,A5052511809,last
W3156959133,A5041801887,last
W3159807469,A5014438135,first
W3159807469,A5086689025,middle
W3159807469,A5075394907,last
W3172319782,A5002146004,first
W3172319782,A5024959395,last
W3193793166,A5084786308,first
W3194540041,A5072696337,first
W3194540041,A5005837856,middle
W3194540041,A5020781131,middle
W3194540041,A5058341815,middle
W3194540041,A5040098270,last
W3195118390,A5083763432,first
W3196575828,A5072383024,first
W3199329987,A5028165274,first
W3206665620,A5077853351,first
W3211210656,A5090936531,first
W3211210656,A5039533501,middle
W3211210656,A5024495208,last
W3213430527,A5010506204,first
W3213430527,A5013833021,last
W3214201676,A5066946108,first
W3214201676,A5024781859,last
W3216878233,A5012368267,first
W3216878233,A5085903884,middle
W3216878233,A5089808068,middle
W3216878233,A5076711458,last
W4205871136,A5041272001,last
W4206155452,A5078241489,first
W4206155452,A5041232755,last
W4206436866,A5015673023,first
W4206436866,A5051565479,middle
W4206436866,A5069094205,last
W4206437858,A5084035589,first
W4206437858,A5089758511,last
W4206450572,A5084955075,first
W4206450572,A5087163822,middle
W4206450572,A5042594650,middle
W4206450572,A5089121883,middle
W4206450572,A5047087184,last
W4211205509,A5032077769,first
W4229595904,A5090783742,first
W4230295803,A5012738272,first
W4230524863,A5036187468,first
W4230524863,A5065559600,last
W4230642373,A5015354859,middle
W4231286630,A5042993096,first
W4231286630,A5049986549,middle
W4232060426,A5065087920,first
W4232923267,A5043316923,first
W4232923267,A5031380599,middle
W4232923267,A5000442608,middle
W4232923267,A5008608144,middle
W4232923267,A5015634640,middle
W4232923267,A5000538661,last
W4234148212,A5051782396,first
W4234148212,A5089589491,middle
W4234476649,A5049308431,first
W4234905608,A5016489216,first
W4239125058,A5063408427,first
W4240277640,A5037843564,last
W4240532022,A5077536927,first
W4240534229,A5081090445,last
W4240603691,A5086573997,first
W4241550134,A5000632512,first
W4242583863,A5051512822,last
W4243238426,A5079171037,first
W4243238426,A5044232674,last
W4243393140,A5034657358,first
W4243393140,A5064355276,middle
W4243393140,A5043499130,middle
W4243393140,A5083435816,last
W4244003796,A5052315816,first
W4246834955,A5058861950,first
W4246834955,A5033585021,middle
W4246834955,A5018051274,last
W4247992784,A5073956678,first
W4247992784,A5089479529,middle
W4247992784,A5028727536,last
W4249176248,A5059317886,middle
W4249176248,A5012799323,last
W4249586831,A5004998484,first
W4249586831,A5050370239,middle
W4249586831,A5067067102,last
W4250733036,A5027563415,first
W4254039657,A5035031795,first
W4254397615,A5030517819,first
W4254829941,A5010470394,last
W4256149070,A5051886815,first
W4256253934,A5090632526,first
W4256253934,A5037506373,last
W4256690672,A5083777501,first
W4285618280,A5005968265,first
W4285712699,A5010279125,first
W4285712821,A5075051974,first
W4285712821,A5029281241,middle
W4285712821,A5048145278,middle
W4285712821,A5087470453,last
W4285719083,A5053661846,first
W4285721448,A5042858034,middle
W4288084056,A5083548477,first
W4288084056,A5036960755,middle
W4288084056,A5052268164,middle
W4288084056,A5091180862,last
W574538041,A5051627642,first
W1490049127,A5018594944,last
W1515682028,A5012703845,first
W1561312746,A5040241426,first
W2030034994,A5023518835,first
W2060934436,A5011977189,first
W2343181316,A5062807811,last
W2403158214,A5004160730,first
W2549431875,A5052729092,first
W2549431875,A5040125978,middle
W2549431875,A5087343702,middle
W2549431875,A5016595609,last
W2562289693,A5009383125,last
W2724428718,A5030749351,first
W2724428718,A5039003215,last
W2756313062,A5027464929,first
W2805113821,A5051323256,first
W2900077556,A5010746519,first
W2906270833,A5063815769,first
W2921350103,A5044566270,last
W2951297298,A5083068075,first
W2951297298,A5020005266,last
W2954949857,A5004967317,first
W2955712536,A5052369892,first
W2955712536,A5091711243,last
W2972176202,A5074260760,first
W2972864945,A5009633977,middle
W2973134977,A5002340602,middle
W2973134977,A5070842573,middle
W2980871276,A5041024203,first
W2981965015,A5000541179,first
W2981965015,A5072789298,middle
W2981965015,A5059728494,middle
W2981965015,A5080513377,middle
W2981965015,A5023502749,middle
W2981965015,A5036954210,last
W2982165195,A5091616977,first
W2982165195,A5076352077,middle
W2982165195,A5018236254,middle
W2982165195,A5037420527,last
W2985349608,A5088742665,first
W2985349608,A5054922583,last
W2988536161,A5014816172,middle
W2988536161,A5064240230,middle
W2988536161,A5018318136,last
W2991753561,A5006618176,first
W2991753561,A5002791096,last
W2992692332,A5068584095,first
W2992692332,A5085392023,middle
W2992692332,A5056666039,middle
W2992692332,A5063795467,middle
W2992692332,A5051155194,middle
W2992692332,A5019771257,middle
W2992692332,A5025795123,middle
W2992692332,A5023309372,middle
W2992692332,A5056823448,middle
W2992692332,A5019353050,middle
W2992692332,A5060406837,middle
W2992692332,A5046757661,middle
W2992692332,A5037332330,middle
W2992692332,A5028554483,middle
W2992692332,A5065802613,middle
W2992692332,A5039110156,middle
W2992692332,A5055961987,middle
W2992692332,A5045939352,middle
W2992692332,A5062930016,middle
W2992692332,A5073446227,middle
W2992692332,A5018828493,middle
W2992692332,A5042142708,middle
W2992692332,A5001352986,middle
W2992692332,A5042307069,middle
W2992692332,A5073108683,middle
W2992692332,A5009024151,middle
W2992692332,A5080110419,middle
W2993874256,A5061655577,first
W2995523597,A5057717738,first
W2996062104,A5042659370,first
W2997427284,A5006125158,first
W2997427284,A5002723662,middle
W2997427284,A5086031723,middle
W2997427284,A5088539840,middle
W2997427284,A5065682719,last
W2997877859,A5033380454,first
W2998609031,A5074735450,first
W2998609031,A5039296097,middle
W2998609031,A5091624917,middle
W2998609031,A5050794175,middle
W2998609031,A5031973142,middle
W2998609031,A5082092061,last
W2999177682,A5057662113,first
W3000315163,A5015220542,first
W3000785277,A5070510377,first
W3000785277,A5038745720,last
W3001226482,A5057153992,first
W3001386316,A5014057082,first
W3001386316,A5079682233,last
W3001421333,A5039109795,first
W3003353231,A5021047078,middle
W3003353231,A5024743047,last
W3003828611,A5075881050,first
W3003828611,A5032584936,middle
W3003828611,A5059388034,last
W3004645839,A5011895267,first
W3005089993,A5064725681,first
W3006114861,A5064673249,last
W3006159219,A5011466065,first
W3007619609,A5052099956,first
W3007619609,A5051444342,middle
W3007619609,A5001276604,middle
W3007619609,A5071478953,middle
W3007619609,A5040315727,middle
W3009158723,A5054836950,first
W3009158723,A5076086712,middle
W3009158723,A5081933546,middle
W3009158723,A5054012901,last
W3010643318,A5090934117,first
W3011712745,A5083806955,first
W3011970915,A5028851523,first
W3013292163,A5049776247,first
W3013292163,A5059481106,middle
W3013292163,A5002855381,last
W3013419370,A5059465063,last
W3013558606,A5071558457,first
W3013997232,A5021872235,first
W3014500187,A5041403630,first
W3014811620,A5081201440,first
W3014888043,A5066309467,first
W3020368862,A5029004019,first
W3020487718,A5025664310,first
W3021261796,A5068508206,middle
W3021261796,A5054864048,last
W3021457528,A5067597688,first
W3021457528,A5038011648,last
W3021580884,A5068504294,first
W3021580884,A5046313198,last
W3021928714,A5083230928,first
W3023926726,A5004580149,first
W3025515924,A5065539231,last
W3025522161,A5021864301,first
W3029515189,A5004695687,first
W3029515189,A5083307694,last
W3031339073,A5002722147,first
W3031339073,A5032097813,middle
W3031339073,A5052312851,last
W3032282797,A5042797493,first
W3032906452,A5033280983,first
W3032906452,A5084740363,middle
W3032906452,A5038745720,middle
W3032906452,A5040542771,middle
W3032906452,A5009175421,middle
W3032906452,A5045091443,middle
W3032906452,A5015470269,middle
W3032906452,A5041317183,last
W3033319210,A5027930053,first
W3033319210,A5073609666,middle
W3033319210,A5065912071,middle
W3033319210,A5040144876,middle
W3033319210,A5084838391,middle
W3034028480,A5060839136,first
W3037068737,A5024302358,first
W3037077640,A5062293121,first
W3037094807,A5052903366,first
W3037823003,A5023588208,first
W3039086910,A5041055145,first
W3039086910,A5079020436,middle
W3039086910,A5024768539,middle
W3039086910,A5074226700,middle
W3039993017,A5031420826,first
W3039993017,A5061272351,last
W3040297286,A5029854353,first
W3040297286,A5025278582,middle
W3040297286,A5028897862,last
W3040390773,A5011239043,middle
W3040914394,A5072514843,first
W3042096016,A5086756229,first
W3042096016,A5031515386,middle
W3042096016,A5043968381,middle
W3042096016,A5023197969,last
W3043768657,A5052983001,first
W3045309874,A5027930053,first
W3045309874,A5040144876,middle
W3045309874,A5060257108,middle
W3045309874,A5073609666,middle
W3045309874,A5065912071,last
W3045788209,A5063979916,first
W3045788209,A5085022758,middle
W3045788209,A5038228433,middle
W3045788209,A5076464455,middle
W3045788209,A5082786719,last
W3048058835,A5025170442,last
W3048207439,A5015462607,first
W3048207439,A5027164381,middle
W3048207439,A5067092357,last
W3048215303,A5066547725,first
W3048215303,A5051277497,middle
W3048215303,A5000975435,last
W3049039483,A5045296087,first
W3049268086,A5004904353,first
W3071335082,A5091284431,first
W3082030692,A5037887671,middle
W3082030692,A5017137122,last
W3082362076,A5085875711,first
W3082579990,A5085577015,middle
W3082593454,A5085014203,middle
W3082593454,A5018107351,middle
W3084301686,A5054080229,last
W3084655200,A5089195978,middle
W3084655200,A5046375974,last
W3085296090,A5004593636,last
W3086497837,A5056599026,first
W3088102886,A5082879481,last
W3090540822,A5012725714,middle
W3090540822,A5045643150,last
W3091667000,A5069371064,first
W3091667000,A5047143042,last
W3092316028,A5034411178,first
W3092316028,A5029120809,last
W3092566534,A5001629576,first
W3092566534,A5001598938,middle
W3092566534,A5070125836,last
W3093536914,A5048428891,first
W3093536914,A5023078404,middle
W3093699514,A5047356363,middle
W3094196288,A5004890947,first
W3094196288,A5041001438,middle
W3095942026,A5084754913,first
W3095942026,A5036738140,middle
W3095942026,A5086298554,middle
W3095942026,A5064660738,last
W3097250675,A5009557816,first
W3097250675,A5035359467,middle
W3097321574,A5052730753,last
W3098026362,A5022886322,first
W3098127975,A5005376765,first
W3098127975,A5073888022,middle
W3098127975,A5065335369,middle
W3098127975,A5084151956,middle
W3098127975,A5074226700,middle
W3098127975,A5007393222,middle
W3098127975,A5071924020,last
W3098722888,A5085711335,first
W3098740751,A5046161436,middle
W3098740751,A5043414998,middle
W3098740751,A5053252363,middle
W3098740751,A5058616015,middle
W3100093000,A5062453217,first
W3100093000,A5018926238,middle
W3100093000,A5084521237,last
W3102339914,A5018985787,first
W3103693722,A5086183383,first
W3104150046,A5026253873,first
W3104150046,A5046056268,last
W3106681703,A5014518612,first
W3106681703,A5022101559,middle
W3106681703,A5079397804,last
W3106683547,A5003075933,first
W3106683547,A5061027668,last
W3107091315,A5046161436,middle
W3107091315,A5043414998,last
W3107563309,A5043201525,middle
W3110859132,A5065228901,first
W3110859132,A5026255242,last
W3111632340,A5090881698,first
W3112535800,A5090195152,first
W3112535800,A5079304625,middle
W3112535800,A5016488397,middle
W3112535800,A5069105806,last
W3113967156,A5022093897,first
W3118212570,A5005337570,first
W3119007163,A5074273491,first
W3119561822,A5030334885,first
W3119561822,A5074851678,middle
W3119561822,A5034635671,middle
W3123082901,A5016868576,first
W3123170796,A5072315990,middle
W3123733941,A5074737251,first
W3123733941,A5038031162,middle
W3123733941,A5006667813,middle
W3123733941,A5056391284,middle
W3123733941,A5016367496,middle
W3123733941,A5064355276,middle
W3123733941,A5084740363,middle
W3123733941,A5019540386,middle
W3125626467,A5070109368,middle
W3125626467,A5089722750,middle
W3125626467,A5006753992,last
W3129562480,A5007180465,last
W3130751077,A5089620851,first
W3130751077,A5081811734,middle
W3130751077,A5037850373,middle
W3130751077,A5026426825,middle
W3130751077,A5046161436,last
W3130878762,A5071607720,middle
W3130878762,A5038619371,middle
W3130878762,A5013059521,middle
W3130878762,A5037225064,middle
W3130878762,A5000948367,middle
W3130878762,A5086261425,middle
W3135047948,A5014722493,first
W3135047948,A5030879015,last
W3142695117,A5036405267,first
W3142695117,A5016742319,last
W3151899381,A5089111917,first
W3158340761,A5038804417,first
W3158340761,A5007020545,middle
W3158340761,A5043782050,last
W3158758793,A5067610507,middle
W3164334414,A5078205498,first
W3164334414,A5077662377,middle
W3164334414,A5065332583,middle
W3164334414,A5004183276,last
W3164966134,A5075715324,first
W3166422065,A5020485335,first
W3167503326,A5045725228,first
W3167503326,A5057307339,last
W3169702935,A5073405038,first
W3171891588,A5027352850,first
W3171891588,A5018489699,last
W3173678092,A5034154377,middle
W3173678092,A5046881273,middle
W3173678092,A5058701648,last
W3178452676,A5021669741,first
W3178452676,A5011521815,middle
W3178452676,A5085942198,last
W3183236637,A5036243132,first
W3183236637,A5046289188,middle
W3183236637,A5021446916,middle
W3183236637,A5011170416,last
W3199227789,A5033056152,middle
W3199227789,A5073331351,middle
W3199227789,A5025278582,last
W3201360221,A5081854836,first
W3201360221,A5061699360,last
W3203297510,A5075892407,first
W3205256601,A5088461366,first
W3205256601,A5010463698,last
W3207166637,A5039686801,first
W3209530617,A5015701007,first
W3212218837,A5046460748,first
W3212218837,A5005508600,last
W4206548441,A5051383328,first
W4210740298,A5037098324,first
W4211225595,A5021558563,first
W4229728353,A5056126237,first
W4230299293,A5045365746,first
W4230299293,A5078716166,last
W4231067644,A5071455933,first
W4232017636,A5036380208,first
W4232113800,A5072826092,first
W4232277028,A5027216424,first
W4233944007,A5079293684,first
W4233944007,A5001312896,middle
W4233944007,A5087689086,middle
W4233944007,A5060108348,last
W4234073934,A5073008404,first
W4234375506,A5009689439,first
W4234375506,A5010560354,last
W4234510227,A5037020023,first
W4234510227,A5062612313,last
W4234562676,A5081713573,first
W4236735733,A5067146138,first
W4237939124,A5033876832,last
W4238001470,A5047662217,first
W4238035668,A5078986867,first
W4238438466,A5055840642,first
W4238438466,A5074121956,middle
W4238438466,A5053803861,last
W4238650038,A5030064573,first
W4239861701,A5016396474,first
W4240444915,A5002823332,first
W4240444915,A5028308431,last
W4240498418,A5020682058,first
W4243506827,A5031886656,first
W4244656182,A5053065124,first
W4244656182,A5014311808,last
W4245070533,A5045849115,first
W4245936509,A5026062446,first
W4246184408,A5041269918,first
W4246184408,A5005207362,middle
W4246184408,A5082836130,middle
W4246184408,A5037694284,last
W4246223201,A5082372625,first
W4246223201,A5030936455,last
W4247366963,A5052050736,first
W4247366963,A5000991072,middle
W4248866917,A5089880114,first
W4249154916,A5071758245,first
W4249154916,A5065912071,middle
W4249369126,A5079814348,first
W4249419993,A5023307700,first
W4249905393,A5054451143,first
W4249905393,A5066134934,middle
W4249912640,A5047090755,first
W4252881271,A5013230909,first
W4252881271,A5014236188,last
W4252894849,A5008346348,first
W4254403582,A5067415908,first
W4254646566,A5044966226,last
W4256497177,A5027935398,first
W4285717988,A5015129861,first
W4285721521,A5015811252,first
W4285721521,A5048991574,middle
W4285721521,A5048566899,middle
W4285721521,A5057202218,last
W4285722690,A5084644113,first
W4293118024,A5034089074,first
W4293118024,A5074768327,middle
W4293118024,A5024901904,middle
W4293118024,A5009910914,middle
W4293118024,A5007782265,last
W4293118177,A5000693383,first
W4293118177,A5062380176,middle
W4293118177,A5044149802,middle
W4293118177,A5077267552,middle
W4293118177,A5025547740,middle
W4293118177,A5086696969,last
W592889590,A5062917114,last
W633882160,A5065610193,first
W633967087,A5085580685,first
W650961731,A5059643851,last
W765022290,A5091376101,first
W1474894223,A5090919612,last
W1620373992,A5068049138,first
W1620373992,A5089591271,middle
W1620373992,A5043962386,last
W2147985459,A5012703845,first
W2147985459,A5067090141,last
W2166129514,A5054671036,first
W2166129514,A5059853805,middle
W2287984938,A5067046312,first
W2472992325,A5003889213,first
W2482676628,A5064839018,first
W2551061884,A5030064573,last
W2625034446,A5014097508,last
W2758332823,A5033809712,first
W2758332823,A5055798150,middle
W2758332823,A5057145250,middle
W2758332823,A5041749093,middle
W2758332823,A5057517320,middle
W2758332823,A5027711778,last
W2773251973,A5007342359,first
W2790489525,A5042394011,first
W2797687991,A5001981242,first
W2797687991,A5036219119,last
W2912547367,A5046211758,last
W2941474883,A5019668231,first
W2943171591,A5024581998,first
W2943171591,A5047005599,middle
W2943171591,A5070025333,middle
W2943171591,A5058073639,last
W2953682442,A5085949625,first
W2953682442,A5045838331,last
W2953906347,A5034901180,first
W2953906347,A5035806301,middle
W2953906347,A5039105124,last
W2954534081,A5074182981,first
W2954534081,A5012848022,middle
W2954534081,A5090236645,last
W2954787126,A5090320352,first
W2954787126,A5026337027,last
W2966695073,A5082955124,first
W2966865482,A5029334273,first
W2969532946,A5079404294,first
W2969532946,A5070735330,middle
W2969532946,A5065080078,last
W2969857915,A5075301188,first
W2972783838,A5072576656,middle
W2975614833,A5023349874,first
W2977601301,A5000581203,first
W2978495754,A5070377827,first
W2982030779,A5048497029,first
W2982071232,A5017873450,first
W2982071232,A5021009984,middle
W2982071232,A5008897549,middle
W2983841410,A5050663897,first
W2984737279,A5021515016,first
W2984737279,A5003281791,middle
W2984737279,A5045554497,last
W2985480103,A5011265764,first
W2989824668,A5034204425,first
W2989824668,A5021401221,middle
W2989824668,A5075593701,last
W2990537586,A5077171923,middle
W2990759715,A5058029021,first
W2990759715,A5073646552,last
W2991542095,A5013198945,first
W2991542095,A5000975435,middle
W2991542095,A5005876655,middle
W2992102716,A5000511292,first
W2992102716,A5066097652,middle
W2992102716,A5030446424,middle
W2992102716,A5088321674,last
W2993041161,A5023642370,first
W2993041161,A5040578359,middle
W2993041161,A5087578556,middle
W2993041161,A5038037619,last
W2994552032,A5069852778,first
W2995707601,A5088640338,last
W2996901624,A5065231618,first
W2997086767,A5014082493,first
W2998986591,A5042237070,first
W3000462518,A5062090450,first
W3000506737,A5043366646,first
W3001287732,A5077280105,first
W3001778066,A5057846313,middle
W3001778066,A5015957275,middle
W3001814198,A5084035589,first
W3001814198,A5089758511,last
W3002142994,A5039561102,middle
W3002142994,A5041437377,middle
W3002142994,A5023348795,middle
W3002229874,A5038823226,first
W3002229874,A5067635815,last
W3002290887,A5052305923,first
W3002512335,A5061563791,first
W3002875666,A5027220301,last
W3003205485,A5078186819,first
W3003205485,A5066664813,last
W3003384239,A5000156602,first
W3003430937,A5063307502,middle
W3003430937,A5047311472,last
W3003848611,A5039843499,first
W3004012130,A5040124819,middle
W3004012130,A5008705418,last
W3004442064,A5050000325,first
W3004836362,A5052565793,middle
W3005162495,A5051946879,first
W3005616606,A5074302219,first
W3005616606,A5039742633,last
W3005676388,A5028913629,first
W3005680398,A5076966410,first
W3005680398,A5090699610,middle
W3005680398,A5034078369,middle
W3005680398,A5001593829,middle
W3005680398,A5020538412,last
W3005758206,A5011577033,first
W3006134156,A5042873191,first
W3006279117,A5006298360,first
W3006288738,A5076005357,first
W3006453707,A5058463178,first
W3006604003,A5040326170,middle
W3006604003,A5076994539,middle
W3006604003,A5042663855,last
W3006690718,A5071333197,first
W3006690718,A5009187703,middle
W3006690718,A5017474506,middle
W3006690718,A5000985289,last
W3006998935,A5014307031,middle
W3006998935,A5079111287,last
W3008250862,A5015241517,first
W3008250862,A5080779586,middle
W3008250862,A5030563924,last
W3008526914,A5087320223,middle
W3008526914,A5064569064,middle
W3008526914,A5049027776,middle
W3008526914,A5046776544,last
W3008783420,A5057892890,first
W3008879768,A5048461435,first
W3009046529,A5064725681,first
W3009166515,A5065518531,middle
W3009166515,A5015057910,last
W3009641713,A5064879107,first
W3009849232,A5035843414,first
W3010002431,A5072482402,first
W3010002431,A5049321721,middle
W3010002431,A5047438065,middle
W3010002431,A5005151737,middle
W3010002431,A5029671916,middle
W3010002431,A5080646275,middle
W3010002431,A5019332856,middle
W3010002431,A5065941595,last
W3011065126,A5037525251,first
W3011344420,A5017138589,first
W3011749655,A5078268065,first
W3011749655,A5031515386,middle
W3011749655,A5043968381,last
W3011800382,A5058443586,first
W3011800382,A5048791982,last
W3012286074,A5041191772,middle
W3013044738,A5011400610,middle
W3013574374,A5068011331,first
W3013574374,A5063560415,middle
W3013574374,A5008192297,middle
W3013845999,A5076628907,first
W3013845999,A5018820179,middle
W3013845999,A5012275958,last
W3013869976,A5005892878,first
W3013869976,A5031616277,last
W3014113389,A5053629394,first
W3014309348,A5009299240,first
W3014530061,A5055121943,first
W3014784424,A5079022438,first
W3014784424,A5004829176,last
W3015410034,A5014501729,first
W3015559842,A5013198945,middle
W3015726345,A5039754402,first
W3016167056,A5031154137,first
W3016201219,A5063254028,first
W3016571911,A5032898501,first
W3016571911,A5060980218,last
W3016929260,A5086392501,first
W3017231295,A5055562417,first
W3017231295,A5040935964,last
W3017463528,A5011765777,first
W3017463528,A5007830129,middle
W3017463528,A5064231378,last
W3018015209,A5013174025,first
W3018444593,A5003462454,first
W3018444593,A5029519980,last
W3018903321,A5028716893,last
W3018976859,A5055314556,first
W3019107800,A5053795584,first
W3019107800,A5082617377,middle
W3019107800,A5088121563,last
W3019642391,A5007774911,last
W3021036451,A5041140653,first
W3021788008,A5048422260,first
W3021810038,A5028356071,first
W3022077648,A5016375683,first
W3022595254,A5063912131,first
W3022595254,A5015876786,middle
W3022595254,A5025241006,middle
W3022595254,A5086149089,middle
W3022595254,A5009402582,last
W3023240205,A5086585008,first
W3023240205,A5068608368,last
W3023598567,A5051641702,first
W3024248989,A5057422723,last
W3024272993,A5058423073,first
W3025431921,A5072305924,first
W3025431921,A5044725301,middle
W3025431921,A5048747275,middle
W3025431921,A5084058235,last
W3025731387,A5064883977,first
W3025731387,A5079512613,last
W3025742598,A5028089542,first
W3025774276,A5049250210,first
W3025774276,A5034939930,middle
W3025774276,A5030016107,middle
W3025774276,A5047360962,middle
W3025774276,A5057593896,last
W3026367857,A5072438110,first
W3030148434,A5023028608,first
W3030148434,A5002571252,last
W3031306387,A5036404618,first
W3031306387,A5043777501,middle
W3031306387,A5041720834,last
W3031720900,A5015525872,first
W3031976727,A5049298442,middle
W3032623285,A5045405133,last
W3032678890,A5081818004,first
W3032897674,A5080103406,first
W3033060908,A5065417380,first
W3033060908,A5056296476,middle
W3033060908,A5091802290,last
W3033478086,A5070704114,first
W3033478086,A5027922959,middle
W3033478086,A5055166649,last
W3033563427,A5007237462,first
W3033692628,A5051782396,first
W3033692628,A5089589491,middle
W3034278408,A5050012170,first
W3034278408,A5050286338,last
W3034429939,A5035004248,first
W3034585242,A5043021465,first
W3034585242,A5081264468,last
W3034964193,A5072463614,last
W3035169472,A5088949442,first
W3035169472,A5047144831,middle
W3035169472,A5073592501,last
W3035452600,A5023652725,first
W3035514682,A5070122459,middle
W3035514682,A5057528939,last
W3035545160,A5023679578,first
W3035545160,A5035612059,middle
W3035545160,A5046246429,middle
W3035545160,A5049538665,last
W3035923280,A5029093819,middle
W3035923280,A5041416082,middle
W3036728555,A5055664643,first
W3036813000,A5017356611,first
W3037369435,A5036092293,last
W3037388902,A5058435585,first
W3037388902,A5060520629,middle
W3037388902,A5066870045,middle
W3037388902,A5058535837,last
W3037740783,A5005815334,first
W3037740783,A5034279244,middle
W3037850638,A5078209312,first
W3037998450,A5034379072,first
W3038204142,A5049235940,last
W3038445625,A5002250184,first
W3038445625,A5043098453,middle
W3038445625,A5046448314,last
W3038945047,A5054865304,first
W3038945047,A5034789696,middle
W3038945047,A5076159734,last
W3038979685,A5080901387,first
W3038979685,A5057217204,middle
W3038979685,A5005258575,last
W3040376450,A5062134955,first
W3040650633,A5029409129,last
W3041248501,A5064600777,last
W3041381792,A5003397676,first
W3041469736,A5033345276,middle
W3041469736,A5037136350,last
W3041839540,A5011017632,first
W3042951342,A5056339289,first
W3043102877,A5047030842,middle
W3043102877,A5017195907,last
W3043829578,A5033228504,middle
W3043829578,A5029376687,middle
W3043877833,A5070798371,first
W3044559601,A5082299571,first
W3044559601,A5064195823,middle
W3044559601,A5011972289,last
W3044685639,A5089059096,last
W3044825429,A5053424176,first
W3044848295,A5071679581,first
W3045024273,A5006463391,first
W3045024273,A5022599477,middle
W3045024273,A5050471041,middle
W3045024273,A5005196486,middle
W3045024273,A5090963347,middle
W3045024273,A5018599588,middle
W3045024273,A5084435647,middle
W3045024273,A5079730833,middle
W3045024273,A5052866036,middle
W3045024273,A5050574506,middle
W3045024273,A5030081176,middle
W3045024273,A5001320617,middle
W3045024273,A5032477316,last
W3045055062,A5028793301,first
W3045055062,A5032119888,last
W3045843883,A5064074036,first
W3046452873,A5051512822,first
W3046452873,A5070196203,last
W3046466293,A5049700514,first
W3046466293,A5043408232,middle
W3046466293,A5072826445,last
W3047052625,A5018564849,middle
W3047907395,A5070836406,first
W3047907395,A5008456520,middle
W3047990977,A5046154127,middle
W3048009626,A5078986867,first
W3048289886,A5073750332,first
W3048289886,A5068783500,middle
W3048289886,A5082399973,last
W3048327264,A5024962400,first
W3048327264,A5049889776,last
W3048979978,A5005954536,middle
W3049114381,A5054768016,first
W3049467297,A5010136138,first
W3049467297,A5028881802,middle
W3049467297,A5090124545,last
W3049563936,A5032629854,first
W3049563936,A5005027207,middle
W3049563936,A5043799147,middle
W3049563936,A5029542014,middle
W3049563936,A5065913689,last
W3069581944,A5039550904,first
W3069581944,A5068654125,last
W3072862384,A5038122533,first
W3074204891,A5025282885,middle
W3075905818,A5057395668,first
W3075905818,A5014898803,last
W3078317127,A5051246200,first
W3080378479,A5013258471,first
W3081557250,A5055996291,first
W3081557250,A5083499604,last
W3081644274,A5015416147,first
W3081644274,A5012184379,middle
W3081864557,A5059943288,first
W3081864557,A5010266029,last
W3082135689,A5039589482,first
W3082409893,A5078202868,first
W3083785096,A5069351964,first
W3084325590,A5090939243,last
W3084820386,A5039826589,first
W3085621511,A5021570324,last
W3086117886,A5005278894,last
W3086217872,A5025779226,last
W3087021987,A5011290120,first
W3087666499,A5016838632,first
W3087666499,A5069222308,middle
W3087666499,A5003042086,middle
W3087666499,A5019489166,middle
W3087666499,A5065855656,middle
W3087666499,A5081683515,last
W3087872869,A5070704114,first
W3087872869,A5055166649,middle
W3087872869,A5027922959,last
W3088035125,A5043965502,first
W3088035125,A5009789209,middle
W3088035125,A5036191283,last
W3088161582,A5090703799,first
W3088375993,A5043674709,middle
W3088375993,A5058368955,last
W3089536748,A5022095958,first
W3089649073,A5066263742,first
W3089649073,A5006425141,middle
W3089649073,A5003735157,middle
W3090105737,A5003044729,middle
W3090117995,A5010766325,middle
W3091315463,A5009026163,first
W3091315463,A5067298045,middle
W3091315463,A5018262388,last
W3091962456,A5075614509,middle
W3091962456,A5028732400,last
W3092011777,A5047871627,middle
W3092463420,A5044873992,middle
W3093829757,A5034520309,first
W3093958165,A5039030171,first
W3094088151,A5081834237,first
W3094212317,A5068297347,first
W3094212317,A5015560753,last
W3094419282,A5040901825,first
W3094419282,A5036981256,last
W3094580626,A5064168819,middle
W3094769430,A5068749470,last
W3095659039,A5008557898,first
W3095659039,A5076625682,last
W3095787390,A5027935398,first
W3096454331,A5083651030,first
W3096471092,A5015167229,first
W3096682310,A5064678215,first
W3096953097,A5031987100,first
W3097294463,A5070570604,middle
W3097294463,A5047049726,last
W3097412674,A5053283292,middle
W3099618287,A5021296755,first
W3099618287,A5023905699,last
W3100123754,A5047366796,first
W3100123754,A5083198886,middle
W3100123754,A5059086962,last
W3107845987,A5018636103,first
W3107966572,A5086574183,first
W3107966572,A5019984108,middle
W3107966572,A5018901173,middle
W3107966572,A5026452327,last
W3108540951,A5000985289,first
W3108540951,A5064108965,middle
W3108540951,A5079704928,last
W3108781493,A5017923995,first
W3109176991,A5052886544,last
W3109984592,A5014174145,first
W3109984592,A5068043486,last
W3110581290,A5004648823,first
W3110807915,A5034745115,first
W3110849846,A5059860381,middle
W3111814107,A5039345236,first
W3111814107,A5011939964,last
W3111887744,A5030060415,first
W3111887744,A5035727875,middle
W3112409597,A5026815378,first
W3112409597,A5084426593,last
W3112981022,A5085867827,first
W3112981022,A5015120449,middle
W3112981022,A5028831759,middle
W3112981022,A5081288899,middle
W3112981022,A5069586858,middle
W3112981022,A5023258928,middle
W3112981022,A5010866913,middle
W3112981022,A5044182405,middle
W3112981022,A5086852996,middle
W3112981022,A5038646439,last
W3113880429,A5035818649,first
W3113880429,A5013067294,middle
W3113880429,A5043258522,middle
W3113880429,A5021862093,last
W3114679679,A5017993930,first
W3115496444,A5086026837,first
W3116822142,A5019489166,first
W3116822142,A5066799557,middle
W3116822142,A5037237895,middle
W3116822142,A5084074039,last
W3118264280,A5050825638,middle
W3119072519,A5083167770,middle
W3119516089,A5055597521,first
W3119516089,A5076523743,middle
W3119516089,A5059462584,last
W3119819435,A5065530392,middle
W3119819435,A5022368866,middle
W3119819435,A5066961918,middle
W3119819435,A5074230812,middle
W3119819435,A5052636056,middle
W3119819435,A5042875971,middle
W3119819435,A5000746813,middle
W3119819435,A5007328321,last
W3124050168,A5050352562,first
W3124159988,A5073328355,first
W3124159988,A5077797185,middle
W3124944493,A5005774507,last
W3125999048,A5051092068,first
W3125999048,A5009412920,last
W3127385537,A5066424237,first
W3127385537,A5069525082,middle
W3127385537,A5002214859,middle
W3127385537,A5007786841,last
W3128061338,A5071300337,first
W3128401819,A5091433150,first
W3130239552,A5077853351,first
W3130905504,A5069771827,first
W3130905504,A5082344846,middle
W3130905504,A5073468099,middle
W3130905504,A5041318525,last
W3131247433,A5030558411,first
W3131247433,A5069912951,middle
W3131247433,A5029491972,middle
W3131247433,A5084474211,last
W3131741136,A5065079382,last
W3132365728,A5022164566,first
W3135034059,A5024201764,first
W3135034059,A5001755097,last
W3138154918,A5057700615,first
W3138154918,A5043672014,middle
W3138154918,A5043140393,last
W3138268407,A5018025640,first
W3139530702,A5046292037,middle
W3139530702,A5067298964,middle
W3139530702,A5003764733,middle
W3139530702,A5075678426,middle
W3139530702,A5065670073,middle
W3139530702,A5063444970,middle
W3139530702,A5078684923,middle
W3139530702,A5085326280,middle
W3139530702,A5047361949,middle
W3139530702,A5055092072,middle
W3139530702,A5072930623,middle
W3139530702,A5067473751,middle
W3139530702,A5007381094,middle
W3139530702,A5059145704,middle
W3139530702,A5029438936,middle
W3139530702,A5010182547,middle
W3139530702,A5002419105,middle
W3139530702,A5071151961,middle
W3139530702,A5076053477,middle
W3139530702,A5006073812,middle
W3139530702,A5064840804,middle
W3139530702,A5067941557,middle
W3139530702,A5069536590,middle
W3139530702,A5008278074,middle
W3139530702,A5086501425,middle
W3139530702,A5066862657,middle
W3139530702,A5009001583,middle
W3139530702,A5075263037,middle
W3139530702,A5020627397,middle
W3139530702,A5024000651,middle
W3139530702,A5070260542,middle
W3139530702,A5043010060,middle
W3139530702,A5045640881,middle
W3139530702,A5059095513,middle
W3145484478,A5053171112,first
W3158387797,A5042413006,middle
W3158387797,A5021578712,last
W3159740474,A5033318800,first
W3159740474,A5026289517,middle
W3159740474,A5069927701,last
W3162477976,A5043334632,middle
W3162477976,A5074064530,middle
W3162477976,A5031319659,middle
W3162477976,A5040557952,middle
W3162477976,A5015892347,middle
W3162477976,A5001558853,middle
W3162477976,A5053974902,middle
W3162477976,A5066100883,middle
W3162477976,A5004537036,middle
W3162477976,A5038178483,middle
W3162477976,A5010740665,middle
W3162477976,A5000247474,middle
W3162477976,A5065407989,middle
W3162477976,A5065110242,middle
W3162477976,A5035829033,middle
W3162477976,A5091641595,middle
W3162477976,A5061293202,middle
W3162477976,A5035666218,middle
W3162477976,A5044418028,middle
W3162672792,A5033966208,first
W3165014678,A5053265699,first
W3165122227,A5088229382,first
W3165265153,A5030756029,first
W3170830266,A5070124724,first
W3170830266,A5069353228,middle
W3170830266,A5078031491,middle
W3170830266,A5007782819,last
W3171793347,A5014511587,last
W3172853945,A5065659717,first
W3172853945,A5075167588,middle
W3172853945,A5010117264,middle
W3172853945,A5030015858,middle
W3172853945,A5034138501,middle
W3177457979,A5073470546,first
W3177457979,A5002694692,middle
W3177457979,A5045545018,last
W3183781725,A5065664393,middle
W3183781725,A5006613562,last
W3186492458,A5038713740,first
W3189108477,A5000842958,middle
W3189108477,A5026643917,middle
W3189970984,A5012275958,first
W3189970984,A5073249271,middle
W3189970984,A5052380142,middle
W3195038750,A5051661615,first
W3195038750,A5017981726,last
W3195903510,A5073339011,first
W3195903510,A5031870530,middle
W3195903510,A5050216642,last
W3195938855,A5007124393,first
W3197807954,A5021696227,first
W3211479348,A5048214969,last
W3212057969,A5052855339,first
W3212057969,A5036381501,middle
W3212057969,A5017785610,last
W3215008824,A5029945932,middle
W3215170959,A5031321219,first
W3215170959,A5086647344,middle
W3215170959,A5064713691,middle
W3215170959,A5020122668,middle
W3215170959,A5057436325,last
W3215519907,A5063652162,middle
W3215519907,A5041511949,last
W3216052454,A5049583553,first
W3216052454,A5083862531,middle
W3216052454,A5054225034,middle
W3216052454,A5062278926,middle
W3216052454,A5046971896,middle
W3216052454,A5048794271,last
W3216500866,A5089127853,middle
W3217036523,A5008884264,first
W3217036523,A5049066010,middle
W3217036523,A5041273245,last
W3217584181,A5049583553,first
W3217584181,A5083862531,middle
W3217584181,A5054225034,middle
W3217584181,A5062278926,middle
W3217584181,A5046971896,middle
W3217584181,A5048794271,last
W4205324035,A5022077342,last
W4205456181,A5028604593,first
W4205635363,A5067887830,first
W4205635363,A5075696701,last
W4205831042,A5085942072,first
W4205859495,A5037235254,first
W4205859495,A5044161230,middle
W4205859495,A5022012925,last
W4205900997,A5025684900,middle
W4205900997,A5053496940,middle
W4206164439,A5051149289,last
W4206277782,A5039659947,first
W4206277782,A5018700487,last
W4206718361,A5063233199,first
W4206926287,A5021025872,first
W4210261113,A5055641802,first
W4210647802,A5075278584,first
W4211014448,A5070208947,last
W4211089589,A5068699319,first
W4211092298,A5039659947,first
W4211092298,A5018700487,last
W4211159636,A5006463391,middle
W4211159636,A5022599477,middle
W4211159636,A5050471041,middle
W4211159636,A5005196486,middle
W4211159636,A5090963347,middle
W4211159636,A5018599588,middle
W4211159636,A5084435647,middle
W4211159636,A5079730833,middle
W4211159636,A5052866036,middle
W4211159636,A5050574506,middle
W4211159636,A5030081176,middle
W4211159636,A5001320617,middle
W4211159636,A5032477316,last
W4211233287,A5001721723,first
W4211233287,A5013182705,middle
W4211233287,A5010299587,last
W4212825214,A5048036610,first
W4212995158,A5071274975,middle
W4212995158,A5063154944,last
W4213009142,A5066120732,first
W4213120941,A5076089493,last
W4213128715,A5030577536,first
W4213129044,A5042345984,first
W4213129044,A5028104689,last
W4213198542,A5076100136,middle
W4213198542,A5078297750,middle
W4213198542,A5030954389,last
W4230380896,A5029477698,first
W4230380896,A5043499130,middle
W4230380896,A5072967825,middle
W4230380896,A5029906183,last
W4230624389,A5084453804,first
W4230701997,A5024851698,first
W4231109262,A5024592017,first
W4231397794,A5016407219,first
W4231634876,A5004772359,first
W4231989726,A5048667897,first
W4231989726,A5054917794,middle
W4231989726,A5073529648,last
W4232005046,A5021771514,first
W4232747017,A5003515443,first
W4233672697,A5067660681,first
W4233672697,A5066742449,last
W4233991600,A5063493626,middle
W4234265024,A5038754220,middle
W4234265024,A5091763785,last
W4234580372,A5024962400,first
W4234580372,A5049889776,last
W4235794177,A5012795773,first
W4235794177,A5090325982,last
W4235797518,A5049604166,first
W4236463084,A5090602204,first
W4236695669,A5026391344,first
W4237277644,A5036880809,first
W4237415177,A5089831646,first
W4237415177,A5017473749,last
W4238070838,A5059720343,first
W4238286624,A5020649203,first
W4238525441,A5084804121,first
W4239454475,A5065413313,first
W4240137270,A5023044105,first
W4240579161,A5036712857,first
W4240620288,A5041058725,last
W4241781651,A5054977221,first
W4242838729,A5000863863,first
W4242838729,A5026068954,middle
W4242838729,A5019993814,last
W4243645428,A5018293076,last
W4243982481,A5033235547,first
W4243982481,A5002445340,last
W4244632688,A5046867584,first
W4245702196,A5004412345,first
W4246622333,A5008626224,middle
W4246622333,A5073721997,last
W4246958770,A5018329469,first
W4247578818,A5047941947,first
W4247610597,A5006954528,first
W4248163404,A5081911812,first
W4248502861,A5042048981,first
W4248658216,A5058368955,last
W4250867067,A5056076257,middle
W4250867067,A5006723843,middle
W4250867067,A5082576793,last
W4251134183,A5023028608,first
W4251134183,A5002571252,last
W4251634058,A5083767132,first
W4251634058,A5089263719,middle
W4253121154,A5070815490,first
W4254050878,A5081713573,first
W4255020198,A5006975104,first
W4255462029,A5090657067,first
W4256343833,A5055687358,first
W4285618309,A5043347335,first
W4285718137,A5015811252,first
W4285718137,A5048991574,middle
W4285718137,A5048566899,middle
W4285718137,A5057202218,last
W4285718772,A5053134485,first
W4285721652,A5081801388,first
W4285721652,A5087459652,last
W4285724245,A5076270155,last
W4285751350,A5029260213,first
W4285751350,A5023095072,middle
W4285751350,A5077630267,middle
W4285751350,A5042645593,middle
W4285751350,A5032634346,middle
W4285751350,A5018349566,middle
W4285751350,A5016547705,middle
W4285751350,A5066171121,last
W4293118080,A5076371436,first
W4293118080,A5020085415,middle
W4293118080,A5018497176,middle
W4293118080,A5079917233,last
W46394659,A5042552767,first
W560453408,A5024331725,first
W596070754,A5034936171,last
W608814975,A5090767474,first
W624084891,A5049828153,last
W842208908,A5036047595,first
W842208908,A5022176859,last
W126508979,A5017810911,first
W126508979,A5078908478,last
W1488956720,A5079545397,last
W1590639027,A5049869228,first
W1590639027,A5089548776,last
W1624252228,A5078525741,first
W1624252228,A5012703845,last
W1987673506,A5090974026,first
W1987673506,A5034009786,last
W2173995205,A5050150232,first
W2254542182,A5058867237,first
W2272816608,A5091541133,first
W2295532216,A5028184409,first
W2296872930,A5088264677,first
W242433173,A5035200732,first
W242433173,A5039655443,middle
W242433173,A5050701720,last
W2499304172,A5065535908,first
W2499304172,A5001215167,last
W2508469691,A5012703845,first
W2517050953,A5082946919,first
W2517050953,A5042646536,last
W2521323884,A5012703845,first
W2521323884,A5071658857,middle
W2521323884,A5078525741,last
W2527851196,A5026194672,first
W2553393480,A5043990930,first
W2569008875,A5053472123,first
W2616689485,A5067538994,first
W2735280987,A5052382685,first
W2735280987,A5019191413,middle
W2735280987,A5003011391,middle
W2735280987,A5044540605,last
W2738251920,A5083193567,first
W2742389949,A5032594738,first
W2752997845,A5080727549,first
W2756816727,A5058133910,first
W2790317316,A5089128173,first
W2790317316,A5054158657,middle
W2790317316,A5086696141,last
W2790703083,A5071988838,first
W2790703083,A5012218115,middle
W2790703083,A5082571235,last
W2808174720,A5035249544,first
W2808174720,A5037853382,last
W2885461320,A5018903380,first
W2885936196,A5081582513,first
W2886268338,A5069316372,first
W2889987134,A5049729222,first
W2891149110,A5037267181,first
W2896200925,A5027986177,first
W2896200925,A5072509385,middle
W2896200925,A5068597007,last
W2897034224,A5040119256,first
W2897581456,A5053457946,first
W2897581456,A5036439001,last
W2899579708,A5044834406,first
W2904575791,A5081409262,first
W2906485726,A5064003451,first
W2906746437,A5052002697,first
W2909461098,A5019340007,first
W2911125620,A5005672922,first
W2911125620,A5067567133,middle
W2911942447,A5006151902,first
W2915644222,A5016249688,first
W2915644222,A5048758163,last
W2919619557,A5037039029,first
W2921001287,A5058256009,first
W2923053122,A5064853743,first
W2930906898,A5000751233,first
W2930906898,A5024141690,last
W2931244928,A5001510203,first
W2942781469,A5003029746,first
W2944608091,A5071176650,first
W2944608091,A5005472695,middle
W2944608091,A5091760571,last
W2950036009,A5089963747,first
W2951672158,A5074079533,first
W2953440845,A5028950795,first
W2954862885,A5033082835,last
W2956063329,A5011366566,first
W2965420869,A5003211562,first
W2965420869,A5016327160,middle
W2965420869,A5058533050,last
W2966192793,A5074727563,first
W2966249422,A5043908497,middle
W2966249422,A5091739743,middle
W2966249422,A5082156315,last
W2966462248,A5024866488,first
W2966462248,A5024866488,middle
W2966462248,A5037931913,middle
W2966462248,A5070349528,last
W2967030289,A5026213093,first
W2969364665,A5028915502,first
W2970054503,A5087408512,first
W2970054503,A5082964883,middle
W2970054503,A5016717153,last
W2970162111,A5041269918,first
W2970162111,A5010304115,middle
W2970162111,A5082836130,middle
W2970162111,A5037694284,last
W2970315041,A5069866117,first
W2970713460,A5043775350,first
W2971259698,A5024024516,first
W2971753680,A5071797615,first
W2971753680,A5004663239,last
W2971894307,A5001321475,first
W2972732641,A5017093934,first
W2972732641,A5015829118,last
W2978109805,A5077351737,first
W2978306782,A5045721021,first
W2978561627,A5009707749,first
W2980124335,A5062030044,first
W2980515979,A5045232866,first
W2981395401,A5050457226,first
W2981693243,A5009542976,first
W2982058656,A5048917702,middle
W2982058656,A5047468364,last
W2982110811,A5040135655,first
W2982110811,A5091472410,last
W2982334495,A5056337970,first
W2982334495,A5081194528,last
W2982399686,A5023167307,first
W2982399686,A5031318875,middle
W2982399686,A5060318703,last
W2982414026,A5086738494,first
W2982569938,A5059351460,first
W2983259557,A5076206064,first
W2984602618,A5065078688,middle
W2984602618,A5082471864,last
W2984624226,A5047360962,first
W2984624226,A5034939930,middle
W2984624226,A5064869431,middle
W2984624226,A5049250210,middle
W2984624226,A5043371053,last
W2987887515,A5032678374,first
W2987887515,A5018438235,middle
W2987887515,A5090486705,last
W2988108342,A5053453035,first
W2989596315,A5044124101,middle
W2989596315,A5070405267,middle
W2989596315,A5000822429,last
W2989858213,A5007165423,first
W2989858213,A5029804422,middle
W2989858213,A5006934439,last
W2990254097,A5010545314,first
W2990423806,A5053302516,first
W2990536158,A5039937802,first
W2990536158,A5046098033,middle
W2990536158,A5048247068,middle
W2990536158,A5043670176,middle
W2990536158,A5091888580,last
W2990903693,A5058705058,first
W2991060060,A5004998505,first
W2991060060,A5043679982,middle
W2991060060,A5068626745,last
W2991369503,A5089873168,first
W2991369503,A5014376522,middle
W2991369503,A5014376522,last
W2994199338,A5044673068,first
W2994286588,A5086849321,last
W2994639958,A5016407219,first
W2994912247,A5008284379,first
W2994941803,A5015354859,middle
W2995002545,A5019189450,first
W2995008456,A5036943385,first
W2995048996,A5004212293,first
W2995565447,A5067710720,first
W2995706941,A5081656100,first
W2995897310,A5064791159,last
W2995939365,A5052478128,middle
W2996079668,A5019338801,first
W2996079668,A5083896155,last
W2996257524,A5064791159,last
W2996644402,A5063396155,first
W2997140155,A5035711995,first
W2997212218,A5089626668,first
W2997212218,A5087416457,last
W2997213745,A5029804422,first
W2997372190,A5020023244,first
W2997372190,A5033485482,middle
W2997573162,A5063053513,first
W2998015918,A5062090450,first
W2998030856,A5004886061,first
W2998030856,A5081406386,last
W2998164875,A5038352672,first
W2998164875,A5021226854,middle
W2998164875,A5038514283,middle
W2998164875,A5091366413,middle
W2998164875,A5010913076,middle
W2998574088,A5049532227,first
W2998661905,A5036187468,first
W2998661905,A5065559600,last
W2998719387,A5043965201,first
W2998788342,A5062860667,first
W2998851354,A5017040421,first
W2998851354,A5080658307,middle
W2998851354,A5063684561,last
W2999124566,A5078541942,last
W2999156005,A5085618063,first
W2999156005,A5086962046,last
W2999167349,A5068383974,first
W2999379715,A5001920839,first
W2999403793,A5057325316,first
W2999403793,A5068359435,middle
W2999403793,A5055789823,last
W2999705255,A5051950964,first
W2999891753,A5021558563,first
W2999921491,A5014655114,first
W3000475448,A5010519712,first
W3000481599,A5058475882,first
W3000481599,A5040603988,middle
W3000481599,A5074016320,middle
W3000481599,A5084786630,last
W3000637081,A5073741399,first
W3000691410,A5026897945,first
W3000691410,A5012356899,middle
W3000691410,A5043837983,middle
W3000691410,A5006044061,middle
W3000691410,A5036609068,middle
W3000691410,A5072649231,middle
W3000691410,A5050667910,middle
W3000691410,A5058807538,middle
W3000691410,A5060109778,middle
W3000691410,A5020422819,middle
W3000691410,A5006450150,middle
W3000691410,A5037181918,middle
W3000691410,A5077112344,middle
W3000691410,A5020857740,middle
W3000691410,A5065533998,middle
W3000691410,A5013685403,middle
W3000838609,A5024255338,first
W3000905600,A5082179587,first
W3001077911,A5047650605,first
W3001102352,A5070272319,first
W3001244016,A5007042240,first
W3001244016,A5031686114,last
W3001277578,A5071670255,first
W3001277578,A5034977135,middle
W3001277578,A5067083720,last
W3001288424,A5073056289,first
W3001288424,A5045948109,middle
W3001288424,A5083093163,middle
W3001434419,A5043350556,first
W3001465508,A5014812483,first
W3001467428,A5011284189,first
W3001467428,A5014593823,middle
W3001467428,A5050869595,last
W3001565492,A5021833829,first
W3001720215,A5085690211,first
W3001894440,A5061434389,middle
W3001894440,A5024837930,middle
W3002028567,A5074137280,middle
W3002074388,A5004662442,last
W3002160228,A5010212151,first
W3002264252,A5051886815,first
W3002321272,A5023720119,first
W3002415141,A5068272767,first
W3002415141,A5057523671,last
W3002646090,A5086535593,first
W3002770601,A5055554063,first
W3002968199,A5023044105,first
W3003083446,A5063882377,first
W3003107485,A5041396966,last
W3003289786,A5048466428,first
W3003289786,A5073158087,last
W3003468745,A5067575272,last
W3003521736,A5077536927,first
W3003563734,A5065778060,first
W3003575713,A5037496312,first
W3003747646,A5012703845,first
W3003747646,A5078525741,middle
W3003747646,A5071658857,last
W3003918795,A5014637904,first
W3004002351,A5045106939,first
W3004002351,A5025651569,last
W3004026373,A5033415643,first
W3004026373,A5058396473,last
W3004055648,A5081942889,first
W3004068358,A5040124819,middle
W3004068358,A5008705418,last
W3004126916,A5061219359,first
W3004163713,A5015293541,first
W3004163713,A5058119825,last
W3004207558,A5040124819,middle
W3004207558,A5008705418,last
W3004236086,A5040124819,middle
W3004236086,A5008705418,last
W3004256910,A5041364229,first
W3004341092,A5034840085,first
W3004341092,A5036662934,middle
W3004341092,A5071026235,last
W3004406003,A5012703845,first
W3004406003,A5078525741,middle
W3004406003,A5071658857,last
W3004427443,A5090298788,first
W3004427443,A5054853336,middle
W3004427443,A5045767979,middle
W3004815185,A5040357517,first
W3004827977,A5063901262,first
W3004845153,A5064303786,last
W3004912014,A5027629530,first
W3004912014,A5007287967,last
W3004923712,A5048325407,first
W3004923712,A5069577168,middle
W3004923712,A5039553919,middle
W3004923712,A5039610520,last
W3004981960,A5078655771,first
W3004991711,A5050195077,first
W3005030282,A5075313558,first
W3005186117,A5039100910,first
W3005186117,A5076892344,last
W3005233399,A5089879542,first
W3005299439,A5085529760,last
W3005333028,A5081140857,first
W3005385781,A5089923412,first
W3005389817,A5067805105,first
W3005641899,A5047055476,first
W3005710977,A5064291738,first
W3005740347,A5021171051,first
W3005827440,A5064215194,first
W3005919119,A5000232165,first
W3006005306,A5063225038,middle
W3006093790,A5063819833,first
W3006177015,A5044343389,first
W3006177015,A5020296455,middle
W3006177015,A5021821470,last
W3006254060,A5008368726,middle
W3006254060,A5015155189,last
W3006334195,A5088189729,first
W3006350710,A5085934809,middle
W3006350710,A5035606969,middle
W3006350710,A5002483423,middle
W3006350710,A5035725943,middle
W3006350710,A5027842808,middle
W3006350710,A5055457460,middle
W3006350710,A5032364210,middle
W3006350710,A5040465604,middle
W3006350710,A5038279684,middle
W3006350710,A5067583517,last
W3006419463,A5019295590,last
W3006479118,A5015899966,first
W3006645117,A5046098995,first
W3006804877,A5057769087,first
W3006928852,A5060914810,first
W3006986326,A5040706121,first
W3006986326,A5062770206,middle
W3006986326,A5077896617,last
W3007017482,A5011767817,middle
W3007017482,A5046340868,middle
W3007017482,A5039122546,middle
W3007017482,A5045061940,middle
W3007017482,A5004047751,middle
W3007019140,A5057383193,first
W3007048475,A5047168561,first
W3007104135,A5025555145,first
W3007104135,A5018840266,last
W3007307891,A5014668662,first
W3007366315,A5070260526,first
W3007366315,A5049446420,middle
W3007366315,A5044932577,middle
W3007492289,A5081936968,first
W3007492289,A5019481683,middle
W3007492289,A5031513400,last
W3007574624,A5046867584,first
W3007643199,A5011547542,first
W3007643199,A5051434667,middle
W3007643199,A5019032050,middle
W3007643199,A5089959851,last
W3007644032,A5010744521,first
W3007788713,A5017011224,first
W3007836514,A5050226622,first
W3007913005,A5037235254,first
W3007913005,A5044161230,middle
W3007913005,A5022012925,last
W3007940270,A5035193180,first
W3008046731,A5012444406,last
W3008055742,A5021566328,first
W3008077654,A5012613384,first
W3008077654,A5087461406,last
W3008181943,A5035498698,first
W3008332146,A5037912334,middle
W3008332146,A5068453499,middle
W3008332146,A5019656463,middle
W3008332146,A5045264540,middle
W3008332146,A5003170646,middle
W3008332146,A5003162062,middle
W3008332146,A5006624704,middle
W3008332146,A5070430729,middle
W3008332146,A5068163438,middle
W3008332146,A5000998768,last
W3008348690,A5085345108,first
W3008348690,A5078920453,last
W3008485082,A5062933551,first
W3008485082,A5038617538,last
W3008508313,A5086102671,first
W3008508313,A5005156221,last
W3008522288,A5054751762,first
W3008667270,A5002141572,first
W3008699618,A5073019324,first
W3008721379,A5005707351,first
W3008808086,A5078770458,first
W3008890275,A5000057690,first
W3009054233,A5008499885,first
W3009192684,A5005405969,first
W3009260738,A5091516036,first
W3009260738,A5030509986,middle
W3009318490,A5002409198,middle
W3009417392,A5040536367,middle
W3009487084,A5059932574,middle
W3009534943,A5020286157,first
W3009549350,A5064213257,middle
W3009549350,A5027145481,last
W3009593182,A5040845666,first
W3009617714,A5022897274,middle
W3009690546,A5010335625,first
W3009691378,A5012795773,first
W3009691378,A5090325982,last
W3009748928,A5012865019,first
W3009891832,A5080487074,first
W3009971085,A5046288066,first
W3009971085,A5065993811,middle
W3009971085,A5069954080,last
W3010021423,A5026063666,middle
W3010081950,A5077252010,first
W3010098328,A5068504294,first
W3010098328,A5090939243,last
W3010173092,A5021884973,first
W3010302626,A5048552375,first
W3010302626,A5032231503,middle
W3010302626,A5063652162,middle
W3010302626,A5087470453,middle
W3010302626,A5038437071,middle
W3010302626,A5007255618,middle
W3010302626,A5063760399,middle
W3010302626,A5025917688,last
W3010367126,A5041965663,first
W3010367126,A5029669301,middle
W3010367126,A5063521409,last
W3010428326,A5038628385,first
W3010428326,A5033593550,last
W3010484204,A5009379305,first
W3010528056,A5047146666,last
W3010542238,A5073529736,first
W3010542680,A5089882720,first
W3010759295,A5019494994,first
W3010759295,A5054256492,middle
W3010759295,A5065058581,last
W3010763684,A5039598830,first
W3010963950,A5002462532,first
W3011018639,A5072934668,first
W3011128379,A5081141392,first
W3011128379,A5032155095,last
W3011154475,A5087814029,first
W3011288943,A5004910797,first
W3011288943,A5091711243,middle
W3011288943,A5022903591,last
W3011315445,A5035017825,first
W3011469242,A5065076014,last
W3011503082,A5058027565,middle
W3011517758,A5063739872,first
W3011519932,A5071758245,first
W3011519932,A5065912071,last
W3011566775,A5076504939,first
W3011628099,A5081491178,last
W3011824496,A5083777501,first
W3011920520,A5062424191,first
W3011920520,A5047114006,middle
W3011920520,A5071483672,middle
W3011920520,A5022537740,middle
W3011920520,A5009310543,last
W3011991090,A5061378476,first
W3012124081,A5049335972,first
W3012132131,A5023412948,first
W3012147887,A5087307494,first
W3012149825,A5005567981,first
W3012167729,A5008577492,first
W3012199988,A5076902429,first
W3012202145,A5032077769,first
W3012210675,A5053909656,first
W3012210675,A5065617607,middle
W3012210675,A5064568676,last
W3012249854,A5025818350,first
W3012320835,A5065436865,last
W3012337962,A5028330911,last
W3012434860,A5080396989,first
W3012459682,A5040995180,first
W3012470508,A5076741093,first
W3012702252,A5042857459,first
W3012784708,A5003044729,first
W3012784708,A5035908989,middle
W3012784708,A5048193471,middle
W3012784708,A5028868546,middle
W3012784708,A5008935039,last
W3012837340,A5069946938,first
W3012845650,A5036511057,first
W3012956492,A5026809096,first
W3012978632,A5072177550,first
W3013031213,A5077870972,first
W3013068267,A5038098472,first
W3013136891,A5045252723,middle
W3013136891,A5040831225,middle
W3013136891,A5058247868,middle
W3013136891,A5044047608,middle
W3013136891,A5034571906,middle
W3013136891,A5021035595,middle
W3013136891,A5040931253,middle
W3013136891,A5011061459,middle
W3013136891,A5052045932,middle
W3013136891,A5058439058,middle
W3013136891,A5035437542,middle
W3013136891,A5003513302,middle
W3013136891,A5030697098,middle
W3013136891,A5062532138,middle
W3013136891,A5086501723,middle
W3013136891,A5010207413,middle
W3013136891,A5058145168,middle
W3013136891,A5042458441,middle
W3013145045,A5046490122,first
W3013145045,A5063073348,last
W3013160734,A5037424541,first
W3013160734,A5061871203,last
W3013253551,A5000852304,first
W3013253551,A5047605634,last
W3013279306,A5059229116,first
W3013280804,A5053131261,first
W3013359702,A5000541391,first
W3013359702,A5064581182,middle
W3013359702,A5062472186,last
W3013407094,A5012467527,first
W3013429737,A5050503150,first
W3013434307,A5010969320,first
W3013434307,A5000322730,last
W3013466094,A5077785558,middle
W3013466094,A5037865389,middle
W3013466749,A5040556896,first
W3013466749,A5037865389,middle
W3013466749,A5077785558,middle
W3013496202,A5014212320,first
W3013588934,A5019623215,first
W3013635722,A5007248485,first
W3013818316,A5076368629,last
W3013857416,A5014849100,first
W3013881496,A5010434536,first
W3014054709,A5025180699,first
W3014054709,A5051701924,middle
W3014054709,A5000015851,middle
W3014166501,A5024490832,first
W3014166501,A5007675965,middle
W3014303013,A5035674196,middle
W3014520563,A5046949276,first
W3014580217,A5050230872,first
W3014625535,A5033278623,first
W3014648848,A5012685850,first
W3014652800,A5020413888,first
W3014677740,A5079952387,first
W3014749903,A5059387514,first
W3014851741,A5084937471,first
W3015038728,A5087880464,first
W3015151260,A5076137162,first
W3015417402,A5038128036,last
W3015431528,A5089334740,first
W3015438178,A5089430209,last
W3015579377,A5037865389,middle
W3015579377,A5077785558,middle
W3015579377,A5027277913,last
W3015721555,A5085882871,middle
W3015721555,A5012677217,last
W3015730849,A5081911812,first
W3015730849,A5042452680,last
W3015794619,A5044215986,first
W3016008633,A5049498129,first
W3016008633,A5004573956,middle
W3016008633,A5079587319,last
W3016033165,A5044672764,first
W3016061197,A5016119686,first
W3016061197,A5089058343,middle
W3016255475,A5030577536,first
W3016276621,A5005255840,first
W3016283817,A5080657744,middle
W3016283817,A5081299564,last
W3016354887,A5080897773,first
W3016487626,A5057618800,first
W3016501065,A5080171014,first
W3016553880,A5057428477,first
W3016553880,A5018046405,middle
W3016553880,A5060267690,last
W3016775026,A5002950978,first
W3016937479,A5042345984,first
W3016937479,A5028104689,last
W3016969950,A5020325442,first
W3017056062,A5002394773,first
W3017067522,A5039598830,first
W3017076082,A5078883230,middle
W3017247804,A5011291239,middle
W3017247804,A5038850707,middle
W3017257005,A5024920838,middle
W3017257005,A5055166649,middle
W3017267978,A5027453687,first
W3017267978,A5058029021,middle
W3017278983,A5010781223,first
W3017298130,A5079098245,first
W3017298130,A5015067771,middle
W3017298130,A5039781735,middle
W3017298130,A5049049580,last
W3017310856,A5068699319,first
W3017933741,A5085988299,first
W3018077864,A5021296755,first
W3018477910,A5057707592,first
W3018853768,A5038276420,first
W3018863870,A5074500104,first
W3019223656,A5005159199,first
W3019835430,A5048627701,first
W3020179512,A5028234987,first
W3020179512,A5032241746,last
W3020320510,A5013568878,first
W3020320510,A5037798546,middle
W3020320510,A5075606209,last
W3020519347,A5041272001,last
W3021229777,A5003160148,first
W3021234187,A5055283040,first
W3021234187,A5023465449,middle
W3021351779,A5013136747,first
W3021351779,A5076646419,middle
W3021351779,A5088515045,middle
W3021351779,A5037943235,middle
W3021351779,A5012178332,last
W3021366948,A5008968464,first
W3021405294,A5043174840,first
W3021405294,A5034549174,last
W3021549864,A5049655659,middle
W3021602071,A5083191304,middle
W3021602071,A5026879203,middle
W3021602071,A5078858649,middle
W3021602071,A5067832572,middle
W3021602071,A5009445872,middle
W3021602071,A5040966457,middle
W3021602071,A5019221446,middle
W3021602071,A5027867792,middle
W3021602071,A5090632363,middle
W3021602071,A5048587628,middle
W3021602071,A5076042575,middle
W3021750393,A5077008561,first
W3021873371,A5067146138,first
W3021924903,A5047576329,middle
W3021932011,A5041960992,middle
W3021932011,A5032410455,last
W3022266162,A5049655659,middle
W3022269552,A5022710004,first
W3022522550,A5069599012,first
W3022697241,A5063673674,middle
W3022980747,A5081819615,first
W3023001447,A5069599012,first
W3023097792,A5049604166,first
W3023286939,A5067700559,middle
W3023429380,A5003044729,middle
W3023464349,A5049685244,first
W3023464349,A5019066037,last
W3023473606,A5049655659,middle
W3023506813,A5069599012,first
W3023926772,A5087372334,first
W3023926772,A5018293076,last
W3023949259,A5062761439,first
W3024040333,A5062809163,first
W3024050673,A5082803450,middle
W3024050673,A5037975948,last
W3024116561,A5056560091,first
W3024221779,A5041231488,middle
W3024221779,A5051951815,middle
W3024221779,A5089110297,last
W3024407810,A5089486619,first
W3024868417,A5063919743,last
W3024874503,A5053134485,first
W3024939845,A5022772090,middle
W3024939845,A5003063986,last
W3025231836,A5082319905,first
W3025231836,A5054913174,middle
W3025231836,A5062966387,last
W3025245415,A5061980073,first
W3025245415,A5059799105,last
W3025299703,A5041191772,middle
W3025366318,A5039598830,first
W3025546067,A5070711650,first
W3025546067,A5089722326,middle
W3025546067,A5058018557,middle
W3025546067,A5076918526,middle
W3025546067,A5071868397,last
W3025741639,A5083293682,first
W3025741639,A5023299508,middle
W3025741639,A5043788810,last
W3025782769,A5003385886,first
W3026180692,A5006318006,middle
W3026345552,A5034241456,last
W3026444606,A5018158794,middle
W3026490668,A5020743857,first
W3026570814,A5086308371,first
W3026570814,A5020600362,last
W3026742657,A5003469648,first
W3026742657,A5076204770,middle
W3027071460,A5080897773,first
W3027305412,A5057465654,first
W3027341233,A5022457839,first
W3027494350,A5004565086,first
W3027494350,A5085914001,last
W3027533386,A5015574228,first
W3027533386,A5022562495,middle
W3027687057,A5065058581,first
W3027753467,A5007535711,first
W3027753467,A5071909659,middle
W3027753467,A5033172098,last
W3028027610,A5026034227,last
W3028098743,A5026769143,last
W3028150967,A5016451627,first
W3028155300,A5053906818,middle
W3028308049,A5024936393,first
W3028390776,A5003633056,first
W3028524764,A5028546190,first
W3028721209,A5016399094,first
W3028721209,A5008843158,last
W3028997739,A5090209944,first
W3028997739,A5015004334,middle
W3028997739,A5001588690,last
W3030378033,A5010594548,first
W3030882475,A5065058581,first
W3030885505,A5023028608,first
W3030885505,A5002571252,last
W3030927144,A5010766325,first
W3030927144,A5082031528,middle
W3030927144,A5041191772,middle
W3030927144,A5039386249,middle
W3030927144,A5087006588,middle
W3030927144,A5084990230,last
W3031012778,A5017839928,first
W3031013881,A5027060017,first
W3031013881,A5073568638,last
W3031018491,A5022077342,last
W3031118776,A5027141730,first
W3031118776,A5075184378,middle
W3031118776,A5024946453,last
W3031207847,A5091709601,middle
W3031286197,A5039402094,first
W3031286197,A5003531526,last
W3031331412,A5032314008,middle
W3031331412,A5071819311,last
W3032109498,A5076197062,first
W3032243800,A5045079699,first
W3032541323,A5053221351,last
W3032618461,A5066497802,first
W3032696872,A5024592017,first
W3032696872,A5005779128,last
W3032973753,A5027922959,first
W3032973753,A5070704114,middle
W3032973753,A5055166649,last
W3032974905,A5012752271,first
W3033015803,A5028036155,last
W3033055421,A5022473701,middle
W3033239625,A5085648936,last
W3033294628,A5030778793,first
W3033342507,A5014801571,first
W3033683086,A5001475880,first
W3033683086,A5091198094,last
W3033756391,A5002479265,first
W3033876043,A5082645155,first
W3033889896,A5036473782,first
W3033906073,A5087760469,first
W3033906073,A5034076717,last
W3034009972,A5082645155,first
W3034158598,A5026615921,first
W3034165177,A5042626544,first
W3034165177,A5061848511,middle
W3034165177,A5041520103,last
W3034254994,A5026786490,first
W3034267371,A5046910432,last
W3034287692,A5065543748,first
W3034304816,A5025865534,middle
W3034304816,A5003799889,middle
W3034366209,A5091290216,first
W3034445746,A5068903124,first
W3034676096,A5023028608,first
W3034676096,A5002571252,last
W3034682006,A5065224866,first
W3034713484,A5020629788,first
W3034822378,A5090028076,first
W3034885563,A5035179935,first
W3034976492,A5035362591,first
W3034976492,A5005093546,last
W3035009738,A5082645155,first
W3035144292,A5020632511,last
W3035150020,A5048423101,first
W3035150527,A5001586321,last
W3035246360,A5060137850,first
W3035295890,A5010351436,first
W3035295890,A5021517996,middle
W3035295890,A5069146844,last
W3035389612,A5074978271,first
W3035395375,A5009403778,last
W3035495011,A5024991602,middle
W3035519324,A5012364552,middle
W3035519324,A5067376987,middle
W3035519324,A5074415127,middle
W3035519324,A5024050046,middle
W3035519324,A5004480546,middle
W3035519324,A5001278932,middle
W3035519324,A5078650916,middle
W3035519324,A5083678661,middle
W3035519324,A5014442960,last
W3035598375,A5016819431,first
W3035598375,A5079301443,last
W3035600333,A5016998195,first
W3035650989,A5070207956,first
W3035808585,A5045778917,middle
W3035899669,A5059478860,first
W3035958670,A5031169447,first
W3036021578,A5059631574,middle
W3036021578,A5004215141,last
W3036035801,A5064522333,first
W3036148198,A5068741386,first
W3036149289,A5074952248,first
W3036149289,A5027338332,last
W3036230108,A5023796874,first
W3036294025,A5034248834,first
W3036294025,A5069212677,last
W3036624831,A5005031316,first
W3036624831,A5011911779,middle
W3036624831,A5044240602,last
W3036675414,A5016617341,first
W3036690323,A5063708250,first
W3036690323,A5070728314,middle
W3036690323,A5027722484,middle
W3036690323,A5019187286,middle
W3036690323,A5022718926,middle
W3036690323,A5079112003,middle
W3036690323,A5077575411,middle
W3036690323,A5046790681,middle
W3036690323,A5042694477,last
W3036692222,A5084338403,first
W3036692307,A5025644995,first
W3036702809,A5005405734,first
W3036848575,A5076339603,first
W3036905727,A5035908989,first
W3036905727,A5003044729,middle
W3036905727,A5028868546,middle
W3036905727,A5048193471,middle
W3037039489,A5091773422,middle
W3037040441,A5041191772,first
W3037040441,A5010766325,middle
W3037040441,A5083573588,middle
W3037040441,A5040335377,middle
W3037084192,A5022933629,first
W3037108446,A5045925927,first
W3037108446,A5048111219,middle
W3037128559,A5090657067,first
W3037156176,A5090657067,first
W3037333195,A5041107015,last
W3037446420,A5045331325,first
W3037497654,A5073095019,first
W3037721762,A5002956126,last
W3037726779,A5090657067,first
W3037728314,A5091062664,first
W3037728314,A5000058426,middle
W3037728314,A5049573335,middle
W3037728314,A5055827082,middle
W3037728314,A5058993668,last
W3037763867,A5089699378,first
W3037769224,A5047074817,first
W3037787303,A5036880809,first
W3037796866,A5031438752,first
W3037851550,A5090657067,first
W3037860440,A5090666420,first
W3037860440,A5000975435,last
W3037919736,A5036016825,middle
W3037919736,A5036948482,middle
W3037919736,A5070895158,middle
W3037919736,A5073575849,middle
W3037919736,A5068721800,middle
W3037919736,A5015500851,middle
W3037919736,A5002066282,middle
W3037919736,A5055344615,middle
W3037919736,A5072939928,middle
W3037919736,A5042233659,middle
W3037919736,A5084847301,middle
W3037919736,A5057793543,middle
W3037919736,A5068960070,middle
W3037919736,A5008505691,middle
W3037919736,A5001102664,middle
W3037919736,A5074076863,middle
W3037919736,A5011917488,middle
W3037919736,A5005425656,middle
W3037919736,A5087270962,middle
W3037919736,A5089763287,middle
W3037945215,A5081462604,first
W3037961081,A5040726295,first
W3038025029,A5091523198,middle
W3038025029,A5060812270,last
W3038028419,A5001234124,first
W3038099745,A5034910433,middle
W3038191518,A5087673192,middle
W3038191518,A5085709919,last
W3038286972,A5065254514,first
W3038339941,A5028137676,first
W3038926992,A5083195842,middle
W3038926992,A5024394052,middle
W3039042652,A5073239212,first
W3039042652,A5032586510,middle
W3039042652,A5017779668,last
W3039053919,A5004620971,first
W3039053919,A5053978441,middle
W3039126378,A5006701092,first
W3039129194,A5057279765,last
W3039143786,A5050589444,first
W3039143786,A5076843626,last
W3039246382,A5089657268,first
W3039484576,A5084453804,first
W3039661552,A5087673192,middle
W3039661552,A5085709919,last
W3039849938,A5064109870,first
W3039863201,A5037970252,last
W3039930846,A5053712480,first
W3040271794,A5086109092,first
W3040271794,A5063231461,middle
W3040271794,A5064585036,middle
W3040271794,A5020629689,last
W3040438833,A5059756675,first
W3040524963,A5006433776,first
W3040524963,A5056512471,middle
W3040524963,A5065716990,middle
W3040560236,A5088656842,first
W3040560236,A5061650181,middle
W3040560236,A5040883056,last
W3040573749,A5006740564,middle
W3040573749,A5082681779,middle
W3040672677,A5089880114,first
W3040715817,A5064027625,first
W3040715817,A5020947068,middle
W3040715817,A5007653465,middle
W3040715817,A5016765555,middle
W3040715817,A5073903451,middle
W3040842302,A5037823063,first
W3040842302,A5035508615,last
W3040907181,A5027210744,first
W3040918776,A5021771514,first
W3040953708,A5017357612,middle
W3040953708,A5011106857,middle
W3040953708,A5059861198,middle
W3040953708,A5058336272,last
W3041139933,A5067950570,first
W3041197068,A5070515519,middle
W3041197068,A5082630089,last
W3041255017,A5044181565,middle
W3041289434,A5021406727,first
W3041289434,A5021406727,last
W3041335991,A5053065124,first
W3041335991,A5014311808,last
W3041587786,A5018628439,first
W3041587786,A5055168551,middle
W3041587786,A5001731891,middle
W3041974846,A5059045027,first
W3042053593,A5032917378,first
W3042053593,A5068404805,middle
W3042080160,A5013409315,first
W3042080160,A5089787459,last
W3042104160,A5025497438,first
W3042206869,A5089959591,last
W3042237702,A5004082765,first
W3042515553,A5012155596,first
W3042515553,A5020629662,middle
W3042515553,A5036873933,last
W3042579360,A5046506611,first
W3042579360,A5026513562,last
W3042769401,A5035807592,last
W3042863331,A5065087920,first
W3043037542,A5072954901,first
W3043037542,A5012389938,last
W3043077302,A5033651710,last
W3043099684,A5029728794,first
W3043118177,A5080409343,first
W3043118177,A5008445326,middle
W3043118177,A5082942970,middle
W3043118177,A5000975435,last
W3043208082,A5001400401,middle
W3043234427,A5080268176,last
W3043299966,A5031030325,middle
W3043473958,A5082365220,first
W3043473958,A5053043725,middle
W3043473958,A5021184817,last
W3043510551,A5021408371,first
W3043529727,A5068659604,first
W3043529727,A5068994132,last
W3043586623,A5066494201,first
W3043610303,A5009282894,first
W3043610303,A5001050259,last
W3043890026,A5073461342,first
W3043912428,A5013397287,last
W3043972847,A5029611591,middle
W3044225397,A5016243061,first
W3044257563,A5051603011,first
W3044302717,A5047019142,first
W3044366160,A5006795730,first
W3044385491,A5051971484,first
W3044391210,A5089788678,first
W3044391210,A5066573046,last
W3044526188,A5054788636,first
W3044526188,A5036899571,last
W3044556752,A5033345045,last
W3044662302,A5020002154,first
W3044680273,A5027838620,last
W3044749343,A5026062446,first
W3044810421,A5059972883,first
W3044816660,A5030838567,first
W3044872988,A5005493342,first
W3044872988,A5015032563,last
W3045018641,A5078106467,first
W3045018641,A5074677421,middle
W3045018641,A5029002996,middle
W3045018641,A5079960248,middle
W3045018641,A5030486135,middle
W3045018641,A5022166328,middle
W3045018641,A5010644038,middle
W3045018641,A5041297027,middle
W3045018641,A5036573386,middle
W3045018641,A5045783220,middle
W3045018641,A5021429824,middle
W3045018641,A5090881571,middle
W3045018641,A5050885963,middle
W3045018641,A5089545440,middle
W3045018641,A5041476341,middle
W3045018641,A5056571102,middle
W3045018641,A5062677104,middle
W3045018641,A5016324072,middle
W3045018641,A5023120245,middle
W3045018641,A5091536796,middle
W3045018641,A5039583602,middle
W3045018641,A5074540143,last
W3045092840,A5054596570,middle
W3045092840,A5010407079,middle
W3045092840,A5023663449,middle
W3045092840,A5034993308,middle
W3045092840,A5075308713,middle
W3045092840,A5054921280,middle
W3045092840,A5051646378,middle
W3045092840,A5067298964,middle
W3045092840,A5036088795,middle
W3045092840,A5047326447,middle
W3045092840,A5021775918,middle
W3045092840,A5035035190,middle
W3045145967,A5040250958,first
W3045146381,A5003039500,first
W3045279564,A5030211128,first
W3045279564,A5059668032,middle
W3045279564,A5041730641,middle
W3045279564,A5089812166,middle
W3045279564,A5023258418,last
W3045326432,A5091564488,first
W3045528999,A5024112187,last
W3045664003,A5041479215,first
W3045776258,A5024756989,first
W3045887873,A5080276914,first
W3045887873,A5068751690,middle
W3045887873,A5056446217,last
W3045986026,A5017202349,first
W3046044299,A5036380208,first
W3046188091,A5078061212,last
W3046314183,A5009911024,last
W3046399515,A5073493514,last
W3046579832,A5021670104,first
W3046743596,A5008918571,first
W3046787048,A5065143546,first
W3047030530,A5025241006,first
W3047030530,A5010344275,middle
W3047030530,A5055375825,middle
W3047030530,A5045655705,middle
W3047128206,A5008199244,first
W3047128727,A5053892764,first
W3047163696,A5041416082,first
W3047253077,A5070206012,first
W3047253077,A5036218382,middle
W3047253077,A5041129423,middle
W3047309162,A5019973225,first
W3047309162,A5030925160,last
W3047364521,A5072164248,first
W3047364521,A5008061172,middle
W3047364521,A5059104479,last
W3047395468,A5019652929,first
W3047556667,A5008749688,first
W3047598569,A5032965630,first
W3047716706,A5065820629,first
W3047716706,A5027141199,middle
W3047716706,A5017671713,last
W3048041918,A5073954294,first
W3048041918,A5058695238,last
W3048105996,A5035270195,first
W3048105996,A5013078154,middle
W3048105996,A5075513915,middle
W3048105996,A5089756532,middle
W3048105996,A5017581901,last
W3048251511,A5036909475,first
W3048251511,A5044165385,last
W3048421804,A5070991802,middle
W3048421804,A5014794185,middle
W3048421804,A5010374553,middle
W3048421804,A5005773574,middle
W3048421804,A5017813302,middle
W3048421804,A5010303851,middle
W3048421804,A5016016490,middle
W3048421804,A5076037662,middle
W3048421804,A5000231809,middle
W3048421804,A5068129773,middle
W3048421804,A5028514377,middle
W3048421804,A5008150310,last
W3048478914,A5054451143,first
W3048478914,A5066134934,middle
W3048497313,A5059466958,first
W3048704074,A5080079534,first
W3048704074,A5001003088,middle
W3048704074,A5075462759,last
W3048754734,A5059340793,first
W3048817612,A5072352828,first
W3048990404,A5088494085,first
W3048990404,A5000223219,middle
W3049161985,A5091182020,first
W3049203651,A5068341719,first
W3049233843,A5044838226,first
W3049256405,A5064060241,first
W3049272146,A5055883574,middle
W3049272146,A5024909213,last
W3049356157,A5053043725,first
W3049356157,A5088819989,middle
W3049356157,A5037952871,middle
W3049356157,A5021184817,middle
W3049356157,A5031326009,last
W3049408962,A5085491407,last
W3049440983,A5080534655,first
W3049508129,A5069073950,first
W3049628100,A5025954465,first
W3055548057,A5054351014,first
W3059674160,A5025536392,first
W3059674160,A5082602345,middle
W3059674160,A5081387612,last
W3067040951,A5026019092,first
W3067040951,A5073156550,last
W3077355686,A5007813649,first
W3078109347,A5017288503,first
W3080090565,A5031745578,middle
W3080155261,A5030809546,first
W3080218547,A5082299599,first
W3080236799,A5043742139,first
W3080260124,A5008463521,first
W3080302773,A5080452629,first
W3080302773,A5073952707,middle
W3080302773,A5084413042,middle
W3080302773,A5089102147,middle
W3080529967,A5032880330,last
W3080617746,A5081576052,first
W3080706551,A5087420515,first
W3080706551,A5034415763,middle
W3080706551,A5069892226,middle
W3080706551,A5077836952,middle
W3080706551,A5090743355,middle
W3080706551,A5057150027,middle
W3080706551,A5026019027,middle
W3080706551,A5046992773,middle
W3080854912,A5064205712,first
W3080881165,A5038794787,first
W3080881165,A5017785507,middle
W3080881165,A5009005286,last
W3080997067,A5022533933,first
W3081030620,A5043414998,first
W3081030620,A5046161436,middle
W3081142550,A5033235547,first
W3081142550,A5002445340,last
W3081155236,A5016009971,first
W3081168717,A5055136256,first
W3081168717,A5041343203,middle
W3081168717,A5048557075,middle
W3081168717,A5002023471,middle
W3081168717,A5035446220,middle
W3081168717,A5057381913,middle
W3081168717,A5077011861,last
W3081176370,A5027785359,first
W3081176370,A5068073661,last
W3081327616,A5039132898,first
W3081342854,A5001173593,first
W3081377780,A5022595592,first
W3081464048,A5037128649,first
W3081626584,A5030044147,first
W3081635013,A5050579122,first
W3081683948,A5051931301,first
W3081683948,A5027886471,last
W3081706874,A5071092440,first
W3081875043,A5076494044,first
W3081968455,A5011442232,first
W3081977817,A5075278584,first
W3082038866,A5089831646,first
W3082038866,A5017473749,last
W3082075495,A5078474241,first
W3082280460,A5058339107,first
W3082314318,A5047096845,first
W3082314318,A5015302853,last
W3082331759,A5046729396,middle
W3082331759,A5035919267,middle
W3082331759,A5091266202,middle
W3082331759,A5026573330,middle
W3082355756,A5001633349,last
W3082360837,A5071624591,first
W3082451414,A5021408371,first
W3082455012,A5073630959,middle
W3082455012,A5046909216,last
W3082461482,A5037865389,middle
W3082461482,A5042307666,last
W3082641319,A5047706385,middle
W3082743447,A5021408371,first
W3082851195,A5021408371,first
W3083044548,A5005944620,first
W3083044548,A5075311785,last
W3083118672,A5000983039,first
W3083244191,A5000457620,first
W3083246603,A5033582512,last
W3083434710,A5077465296,middle
W3083434710,A5059077090,middle
W3083576682,A5064586240,first
W3083576682,A5072673405,middle
W3083576682,A5038171181,last
W3083689384,A5056071907,middle
W3083788988,A5065224866,first
W3083854402,A5010766325,first
W3083897784,A5029349148,middle
W3083901423,A5014021940,last
W3083981329,A5014574034,first
W3084087368,A5035682506,first
W3084112205,A5051182263,first
W3084112205,A5038841192,middle
W3084112205,A5022835920,last
W3084153659,A5028514377,middle
W3084153659,A5030838413,middle
W3084153659,A5003431438,middle
W3084153659,A5047759693,middle
W3084153659,A5068129773,last
W3084469089,A5015284101,first
W3084885761,A5019168266,first
W3085032502,A5024679496,first
W3085032502,A5028051414,last
W3085051043,A5045112530,first
W3085051043,A5077679547,last
W3085374703,A5060474046,first
W3085419239,A5049004212,first
W3085720122,A5026978593,first
W3085793240,A5008164172,first
W3085812619,A5073018684,first
W3085812619,A5055473751,middle
W3085812619,A5046754850,last
W3086117154,A5064621861,first
W3086117154,A5003105685,middle
W3086117154,A5048354076,last
W3086307196,A5008503406,first
W3086307196,A5040673729,last
W3086411579,A5083099005,first
W3086475142,A5019203630,first
W3087195073,A5041305483,first
W3087195073,A5011424690,last
W3087497669,A5089915003,first
W3087522998,A5048831718,first
W3087769815,A5023828120,last
W3087997268,A5031987100,first
W3087997268,A5051232682,middle
W3087997268,A5049902148,middle
W3087997268,A5006522437,middle
W3087997268,A5020819380,middle
W3087997268,A5020811854,last
W3088077591,A5071592295,first
W3088327736,A5006171517,first
W3088327736,A5003019848,middle
W3088327736,A5049635189,middle
W3088411295,A5061396792,first
W3088493501,A5043977717,first
W3088531891,A5042572110,first
W3088536154,A5053808050,first
W3088557918,A5072673984,first
W3088645759,A5070208947,last
W3088657530,A5038841039,first
W3088733207,A5042759246,first
W3088734344,A5017558953,first
W3088734344,A5068974354,last
W3088767993,A5029152967,first
W3088879072,A5027822736,first
W3088879072,A5062347059,last
W3088987666,A5025428118,first
W3089081077,A5010235946,first
W3089109380,A5004630888,first
W3089152132,A5012694079,first
W3089205430,A5088624221,last
W3089256389,A5070704114,middle
W3089256389,A5055166649,middle
W3089256389,A5027922959,last
W3089269849,A5064627349,first
W3089632377,A5022275634,middle
W3089632377,A5041191772,last
W3089683788,A5037749886,first
W3089732407,A5043839779,middle
W3089732407,A5042740560,middle
W3089732407,A5026533848,middle
W3089732407,A5089436940,middle
W3089732407,A5078313144,middle
W3089732407,A5051545102,middle
W3089732407,A5065188956,middle
W3089732407,A5037516391,middle
W3089935891,A5037695598,first
W3090253714,A5061825015,first
W3090254602,A5012129922,middle
W3090351044,A5057486834,first
W3090448965,A5086840347,last
W3090564347,A5083297504,first
W3090656867,A5005376765,first
W3090656867,A5013560471,middle
W3090656867,A5030058706,middle
W3090656867,A5071218634,middle
W3090656867,A5047871627,last
W3090883313,A5036732043,first
W3090896528,A5069824701,first
W3090896528,A5009106258,last
W3090922966,A5053184142,first
W3091126598,A5041039016,middle
W3091126598,A5081687689,middle
W3091198617,A5011757387,first
W3091360126,A5042068959,first
W3091360126,A5037921616,middle
W3091360126,A5025681380,middle
W3091360126,A5002822715,middle
W3091360126,A5062788021,middle
W3091360126,A5064451296,middle
W3091360126,A5032499810,last
W3091563580,A5007027176,first
W3091563580,A5083617435,middle
W3091563580,A5036995215,middle
W3091563580,A5087620881,last
W3091679637,A5055688717,middle
W3091725441,A5053155252,first
W3091725441,A5070517688,last
W3091806823,A5075435196,first
W3091893629,A5047720335,first
W3091893629,A5035430461,last
W3091922784,A5072002399,first
W3091922784,A5035993853,last
W3091924186,A5057981936,first
W3091924186,A5064226390,last
W3091929011,A5021180789,last
W3092125451,A5056637422,first
W3092369075,A5059156106,first
W3092512361,A5088463133,middle
W3092512361,A5036675440,last
W3092647906,A5052020619,first
W3092726832,A5037759536,first
W3092733884,A5050458961,first
W3092802863,A5031929045,first
W3092865401,A5033473979,first
W3092865401,A5009771192,middle
W3092865401,A5061846947,last
W3092891519,A5055397718,first
W3092891519,A5084422764,middle
W3092891519,A5040337866,last
W3093167642,A5087365847,middle
W3093184850,A5010310886,first
W3093215309,A5018770643,middle
W3093424448,A5060035070,last
W3093598546,A5039646665,first
W3093598546,A5065726016,middle
W3093598546,A5023976633,last
W3093652532,A5023707966,first
W3093652532,A5031512949,middle
W3093652532,A5014815210,middle
W3093652532,A5064536788,middle
W3093652532,A5001512799,middle
W3093652532,A5076795282,middle
W3093652532,A5044508133,last
W3093658968,A5089359404,middle
W3093658968,A5084217038,middle
W3093708375,A5059963141,first
W3093812109,A5062090450,first
W3093866535,A5070945384,first
W3093974680,A5019091282,first
W3094052850,A5049431681,first
W3094061648,A5063242852,first
W3094090898,A5079640568,first
W3094112335,A5042632410,first
W3094129870,A5087612642,first
W3094165195,A5040575694,first
W3094224665,A5000496733,first
W3094340068,A5032917378,first
W3094340068,A5068404805,middle
W3094342838,A5071223167,last
W3094390867,A5011302867,first
W3094555248,A5008473374,first
W3094776601,A5022822400,first
W3094776601,A5011558517,middle
W3094776601,A5032784865,last
W3094826310,A5070532428,first
W3094846863,A5049843656,first
W3094952415,A5012634053,middle
W3094952415,A5083465824,last
W3095064647,A5045243632,first
W3095065968,A5049307814,middle
W3095181947,A5064165909,middle
W3095190610,A5076394591,first
W3095250238,A5086573997,first
W3095352785,A5075382131,first
W3095363041,A5005139027,middle
W3095363041,A5029180968,middle
W3095363041,A5077714259,last
W3095380326,A5011757387,first
W3095538264,A5069824701,first
W3095538264,A5009106258,last
W3095685693,A5036420255,first
W3095741881,A5041633515,middle
W3095741881,A5002493141,middle
W3095741881,A5037542917,last
W3095746315,A5081713573,first
W3096036195,A5088978244,first
W3096036195,A5037314603,last
W3096072634,A5035895421,first
W3096194197,A5084713182,first
W3096594573,A5045959475,first
W3096649371,A5022049451,first
W3096649371,A5016194780,middle
W3096649371,A5015022943,last
W3096716744,A5088645577,first
W3096852380,A5032613722,first
W3096892057,A5037122155,first
W3096986094,A5045155778,first
W3096986094,A5054436314,middle
W3096986094,A5035675158,middle
W3096986094,A5035316500,last
W3097125261,A5037374393,middle
W3097125261,A5072759190,last
W3097159324,A5087641993,first
W3097277460,A5025239159,first
W3097283476,A5055892736,first
W3097422501,A5049307814,middle
W3097548827,A5043936028,first
W3097644526,A5058404678,middle
W3097971706,A5012980516,middle
W3097971706,A5004186327,last
W3098515409,A5071372072,first
W3098515409,A5059823596,last
W3099028434,A5020702739,last
W3099094410,A5002823332,first
W3099094410,A5028308431,last
W3099114695,A5041090414,first
W3099807240,A5005923583,first
W3099904228,A5083297323,first
W3099904228,A5025443239,middle
W3099904228,A5063683092,last
W3100126309,A5001537219,first
W3100395428,A5053252363,first
W3100395428,A5046161436,last
W3100562654,A5036075504,first
W3100692058,A5016448118,first
W3100692058,A5005448213,middle
W3100692058,A5004655124,middle
W3100692058,A5077185026,middle
W3100692058,A5066884842,middle
W3100692058,A5049059629,middle
W3100692058,A5088769699,middle
W3100692058,A5043258522,middle
W3100692058,A5081335610,middle
W3100692058,A5091241236,middle
W3100692058,A5075891312,middle
W3100692058,A5067870613,middle
W3100692058,A5001444744,middle
W3100692058,A5065295796,middle
W3100692058,A5030052314,last
W3101085616,A5035876453,last
W3101115499,A5027197011,first
W3101115499,A5065809496,middle
W3101115499,A5057066503,middle
W3101115499,A5087403779,middle
W3101115499,A5033250520,middle
W3101115499,A5041314304,middle
W3101115499,A5032085931,middle
W3101115499,A5043345329,last
W3101130601,A5070612411,middle
W3101130601,A5025683296,last
W3101300206,A5052895288,first
W3101633128,A5078222344,middle
W3101633128,A5038872313,last
W3101659503,A5055909074,middle
W3101659503,A5048039077,last
W3101975386,A5001417518,middle
W3102137773,A5039613151,first
W3102217227,A5072652415,first
W3102292215,A5047189052,first
W3102292215,A5042423207,middle
W3102292215,A5009005230,middle
W3102292215,A5033443706,last
W3102306190,A5042862316,first
W3102388282,A5064309226,first
W3102388282,A5078324452,last
W3102722091,A5090502306,first
W3103368427,A5029091872,first
W3103532311,A5033162115,first
W3103786630,A5034684900,first
W3103786630,A5028033014,middle
W3103786630,A5033275018,last
W3103881087,A5030577536,first
W3104365894,A5091201289,first
W3104401501,A5013284184,first
W3104401501,A5040165854,last
W3104820292,A5033549006,first
W3104954219,A5026571629,last
W3104983527,A5079255577,last
W3105058426,A5077582032,first
W3105058426,A5041882597,last
W3105456416,A5046161436,middle
W3105456416,A5043414998,middle
W3105456416,A5053252363,middle
W3105456416,A5001315900,last
W3105461145,A5088611836,first
W3105461145,A5064027625,middle
W3105461145,A5029001932,last
W3105466888,A5060574132,last
W3105941377,A5005985934,middle
W3105959392,A5029060737,first
W3105959392,A5067555843,middle
W3105959392,A5070194221,last
W3106561920,A5014726514,first
W3106561920,A5020680203,middle
W3106561920,A5036933590,middle
W3106561920,A5034208059,middle
W3106561920,A5059803956,middle
W3106561920,A5035123841,last
W3106590720,A5028769144,first
W3106636502,A5020832986,first
W3106636502,A5047210684,last
W3106749362,A5023370414,first
W3106848651,A5082181724,first
W3106848651,A5005273293,middle
W3106848651,A5036875173,middle
W3106848651,A5057920673,middle
W3106848651,A5084652023,middle
W3106848651,A5062358756,middle
W3106848651,A5079405118,middle
W3106848651,A5012572227,last
W3106855960,A5028112274,first
W3106922780,A5010214908,first
W3106999362,A5091614921,first
W3107047865,A5059367515,first
W3107047865,A5067642720,middle
W3107101915,A5060316501,first
W3107183701,A5066547725,first
W3107183701,A5072749112,middle
W3107183701,A5078806505,middle
W3107183701,A5012922603,last
W3107269947,A5073309945,last
W3107281345,A5049576113,first
W3107281345,A5064517871,last
W3107353871,A5073925867,first
W3107380436,A5028841942,first
W3107380436,A5017401910,last
W3107474876,A5059485943,first
W3107598851,A5049308431,first
W3107625099,A5073522019,first
W3107649486,A5070471257,first
W3107649486,A5018884989,last
W3107651504,A5067277760,middle
W3107651504,A5021744271,last
W3107651948,A5089110297,middle
W3107651948,A5036452567,middle
W3107651948,A5010235946,middle
W3107703130,A5043521025,middle
W3107703130,A5064079216,middle
W3107726715,A5071221510,first
W3107726715,A5023400284,middle
W3107905805,A5018732292,first
W3107905805,A5031290861,middle
W3107905805,A5004116961,last
W3108168908,A5065058581,first
W3108168908,A5038150463,last
W3108172605,A5045262749,middle
W3108254783,A5021025872,first
W3108266492,A5048862771,first
W3108266492,A5081695777,last
W3108300668,A5055594838,first
W3108300668,A5026575568,middle
W3108300668,A5001770010,last
W3108362664,A5090620117,first
W3108520916,A5059267110,first
W3108532395,A5029770755,last
W3108573358,A5078169403,first
W3109063110,A5068085473,first
W3109075124,A5081406315,first
W3109087984,A5051331359,middle
W3109087984,A5033985539,last
W3109113092,A5014321225,first
W3109115380,A5045672176,first
W3109174939,A5040365868,last
W3109227168,A5046161436,middle
W3109363668,A5042956973,last
W3109431787,A5073683931,first
W3109431787,A5038301709,last
W3109439891,A5070054935,first
W3109464413,A5070826275,first
W3109467196,A5089110297,middle
W3109467196,A5036452567,middle
W3109467196,A5010235946,middle
W3109481157,A5079040569,first
W3109716229,A5033422078,first
W3109749018,A5075716299,first
W3109825677,A5021677581,first
W3109825677,A5002389217,last
W3109946716,A5057455578,first
W3110007645,A5061440337,first
W3110195357,A5057375203,first
W3110222406,A5049824840,first
W3110314689,A5055141678,first
W3110314689,A5027161272,middle
W3110406373,A5089206407,first
W3110492334,A5006657610,first
W3110541140,A5077264510,last
W3110547398,A5010893695,first
W3110559182,A5002368076,first
W3110575541,A5050424953,last
W3110775170,A5030498265,first
W3110775170,A5048047967,middle
W3110775170,A5084120663,last
W3110795760,A5037420527,first
W3110795760,A5091616977,middle
W3110795760,A5016315589,middle
W3110795760,A5048993786,last
W3110816742,A5048881265,first
W3110846801,A5054358677,first
W3110962353,A5078961629,first
W3111026789,A5022185101,first
W3111057158,A5037020023,first
W3111057158,A5062612313,last
W3111109011,A5068483933,middle
W3111109011,A5046024097,middle
W3111109011,A5024962589,middle
W3111109011,A5020211877,middle
W3111155817,A5084377510,middle
W3111263340,A5065058581,first
W3111263340,A5054026337,last
W3111323609,A5060098355,middle
W3111323609,A5083689159,last
W3111343432,A5008670767,first
W3111343432,A5043962386,last
W3111359169,A5063211655,first
W3111419346,A5027231751,first
W3111465317,A5032239716,first
W3111469776,A5010766325,first
W3111518855,A5020312535,first
W3111521155,A5083767132,first
W3111521155,A5089263719,middle
W3111532852,A5065429282,first
W3111571247,A5026685411,first
W3111571247,A5051641523,middle
W3111571247,A5077953037,middle
W3111571247,A5045554497,last
W3111630191,A5070859687,middle
W3111633356,A5087502169,last
W3111726396,A5025397790,first
W3111762381,A5001739163,first
W3111781226,A5076690954,first
W3111781226,A5042628188,middle
W3111781226,A5027979635,middle
W3111781226,A5073873531,middle
W3111781226,A5011004429,middle
W3111781226,A5076875507,middle
W3111781226,A5030392253,middle
W3111781226,A5080339218,middle
W3111781226,A5001981242,middle
W3111781226,A5091165056,middle
W3111781226,A5041818045,middle
W3111781226,A5016315777,middle
W3111781226,A5065588377,middle
W3111781226,A5034078220,middle
W3111781226,A5029223524,middle
W3111781226,A5044348746,middle
W3111781226,A5075574586,middle
W3111781226,A5023345062,middle
W3111781226,A5059039217,middle
W3111781226,A5017922679,middle
W3111781226,A5078355121,middle
W3111781226,A5008477678,middle
W3111781226,A5053439927,middle
W3111781226,A5041152289,last
W3111918375,A5073063936,first
W3111940130,A5091733460,last
W3111955517,A5032954059,first
W3112031063,A5042364837,first
W3112073561,A5016405947,first
W3112077167,A5016396474,first
W3112110237,A5007057565,last
W3112121805,A5035262421,middle
W3112135667,A5039528419,last
W3112252816,A5004998484,first
W3112252816,A5050370239,middle
W3112252816,A5067067102,last
W3112305172,A5012725444,first
W3112389553,A5045360354,first
W3112487567,A5002492997,first
W3112487567,A5078682625,last
W3112504289,A5029854012,first
W3112522088,A5020851893,first
W3112522088,A5078508874,last
W3112612791,A5010991422,first
W3112678490,A5083161912,first
W3112829213,A5036529804,first
W3112900654,A5005830995,last
W3112910294,A5026761119,middle
W3112992223,A5075906166,first
W3113008777,A5029812058,first
W3113008777,A5016470692,middle
W3113008777,A5064965685,middle
W3113008777,A5051577982,middle
W3113008777,A5070680912,middle
W3113008777,A5067877766,middle
W3113008777,A5055592431,middle
W3113008777,A5055471676,middle
W3113057614,A5043959034,first
W3113123027,A5089798583,first
W3113123027,A5064572676,last
W3113173217,A5028467275,first
W3113198775,A5011754510,middle
W3113285866,A5075347297,middle
W3113285866,A5045441877,last
W3113410457,A5074208572,first
W3113521250,A5067841070,last
W3113625779,A5072774427,middle
W3114567854,A5023276766,first
W3114621551,A5006849736,first
W3114974143,A5081087697,first
W3114974143,A5029465111,middle
W3114974143,A5002051179,middle
W3115264944,A5053891912,first
W3115272997,A5001198019,first
W3115460889,A5033777007,first
W3115460889,A5048144073,middle
W3115460889,A5065957545,middle
W3115460889,A5023355960,last
W3116731099,A5043174840,first
W3116731099,A5039086295,middle
W3116731099,A5058993623,last
W3117019231,A5032112040,first
W3117097962,A5003788084,middle
W3117097962,A5081279983,middle
W3117097962,A5015505615,last
W3117123403,A5015809692,first
W3117123403,A5001776489,middle
W3117123403,A5007437323,middle
W3117123403,A5076037662,middle
W3117123403,A5054694693,middle
W3117123403,A5038755219,middle
W3117123403,A5070183796,middle
W3117123403,A5064579181,middle
W3117123403,A5070183796,middle
W3117123403,A5054349784,middle
W3117123403,A5063103567,middle
W3117123403,A5016540820,middle
W3117123403,A5085101348,middle
W3117123403,A5044611564,middle
W3117123403,A5000147676,middle
W3117123403,A5080862840,middle
W3117123403,A5052236029,middle
W3117123403,A5006891506,middle
W3117123403,A5032495633,last
W3117255070,A5032811380,first
W3117255070,A5018231646,middle
W3117255070,A5052630971,last
W3117570968,A5059885970,first
W3117613994,A5060287208,first
W3117644992,A5030194016,first
W3117673824,A5025321657,first
W3118217560,A5007836692,first
W3118217560,A5026139768,last
W3118227946,A5057792892,first
W3118551035,A5053859240,first
W3118595977,A5087343966,middle
W3118595977,A5043091790,last
W3118757118,A5069708122,middle
W3118757118,A5061557902,middle
W3118757118,A5002825965,last
W3118806795,A5001315900,first
W3118806795,A5046161436,last
W3118814971,A5047189052,first
W3118814971,A5042423207,middle
W3118814971,A5009005230,middle
W3118814971,A5033443706,last
W3118978753,A5046686745,first
W3118978753,A5048831718,middle
W3118978753,A5075762173,middle
W3118978753,A5033268203,last
W3119095226,A5016067606,first
W3119138140,A5051522866,first
W3119138140,A5002405916,middle
W3119138140,A5005375361,middle
W3119138140,A5082721937,middle
W3119138140,A5008508778,middle
W3119138140,A5046038767,middle
W3119138140,A5046077655,middle
W3119138140,A5080253747,middle
W3119138140,A5081323851,middle
W3119138140,A5085590370,middle
W3119138140,A5080421284,middle
W3119138140,A5039373429,middle
W3119138140,A5023568103,middle
W3119138140,A5076322755,middle
W3119138140,A5020850598,middle
W3119138140,A5070845773,middle
W3119138140,A5084666867,middle
W3119138140,A5013354847,middle
W3119138140,A5076259556,middle
W3119138140,A5001124952,middle
W3119158503,A5079321533,first
W3119213211,A5087726704,last
W3119279121,A5057217745,first
W3119333490,A5044880947,first
W3119350309,A5046161436,last
W3119470904,A5017981647,first
W3119627236,A5007030914,first
W3119696602,A5002356861,middle
W3119696602,A5011441620,middle
W3119696602,A5075783150,middle
W3119696602,A5076603389,middle
W3119696602,A5091232593,middle
W3119696602,A5065160848,middle
W3119696602,A5022911380,middle
W3119696602,A5073788313,middle
W3119696602,A5065045559,middle
W3119696602,A5013748491,last
W3119715817,A5057217745,first
W3119715817,A5029672353,middle
W3119715817,A5013949094,middle
W3119715817,A5021804141,last
W3119856576,A5059225875,first
W3119856576,A5016925841,middle
W3119856576,A5019375557,middle
W3119856576,A5057451811,last
W3119996736,A5020081565,middle
W3119996736,A5020524914,middle
W3119996736,A5018426764,middle
W3120013163,A5042483591,first
W3120365875,A5069863336,first
W3120474688,A5081589298,first
W3120474688,A5060792527,middle
W3120474688,A5000626064,last
W3120620923,A5072256853,middle
W3120765561,A5039092039,first
W3120858115,A5022509823,first
W3120868794,A5017846232,first
W3120942574,A5076307665,first
W3120962174,A5020642697,first
W3121100737,A5029477698,first
W3121100737,A5051536816,middle
W3121100737,A5072967825,middle
W3121100737,A5029906183,last
W3121322275,A5018970859,first
W3121322275,A5047545398,middle
W3121322275,A5066851412,middle
W3121322275,A5071458554,middle
W3121322275,A5060924942,middle
W3121322275,A5032690182,last
W3121324712,A5032202233,last
W3121445812,A5064582387,last
W3121804892,A5023097257,first
W3121958551,A5036522852,last
W3122244752,A5048441223,first
W3122559033,A5024026339,first
W3122559033,A5053370786,last
W3122644008,A5061693687,first
W3123058408,A5003994096,middle
W3123058408,A5028454261,last
W3123086087,A5071387350,first
W3123086087,A5081780135,middle
W3123086087,A5022725672,middle
W3123533598,A5082219323,first
W3123533598,A5019401800,last
W3123875387,A5005160651,middle
W3123875387,A5011201862,last
W3123889511,A5000758809,middle
W3123889511,A5055926411,middle
W3123889511,A5043163197,last
W3123970813,A5090507199,middle
W3124194343,A5051710833,middle
W3124436655,A5045523514,first
W3124809167,A5038006932,first
W3124809167,A5085867312,middle
W3124809167,A5052362530,middle
W3124809167,A5045025939,last
W3124846843,A5013284184,first
W3124846843,A5040165854,last
W3125161410,A5045276928,first
W3125161410,A5078477644,middle
W3125161410,A5039313547,middle
W3125161410,A5066887666,middle
W3125226391,A5008779866,first
W3125298265,A5021420035,first
W3125298265,A5054358438,middle
W3125298265,A5042893723,last
W3125544997,A5001197700,first
W3125544997,A5027300904,last
W3125588367,A5010170836,middle
W3125588367,A5043371007,middle
W3125630330,A5080584890,first
W3125630330,A5053219620,middle
W3125630330,A5028185334,middle
W3125630330,A5024706998,last
W3125704864,A5065530392,middle
W3125704864,A5062590656,middle
W3125704864,A5074230812,middle
W3125704864,A5079528743,middle
W3125704864,A5047688110,middle
W3125704864,A5023389483,middle
W3125704864,A5080583512,middle
W3125704864,A5017391357,middle
W3125704864,A5010656962,middle
W3125983698,A5090494761,first
W3126007107,A5036031567,middle
W3126047436,A5012722763,first
W3126132225,A5075261175,first
W3126201707,A5081263940,last
W3126210936,A5027631864,first
W3126216662,A5074793461,middle
W3126216662,A5081045720,middle
W3126216662,A5042968831,middle
W3126216662,A5081892468,last
W3126253815,A5004705404,first
W3126253815,A5036620672,middle
W3126253815,A5023693482,middle
W3126253815,A5025517633,middle
W3126253815,A5062355386,last
W3126333872,A5091193777,last
W3126367319,A5070576368,middle
W3126382591,A5075074862,first
W3126382591,A5048808707,middle
W3126382591,A5007020267,last
W3126427770,A5054423333,first
W3126468562,A5019790831,first
W3126538527,A5086184460,first
W3126730263,A5064237093,first
W3126730263,A5074812408,middle
W3126730263,A5037258994,last
W3126752091,A5042756510,first
W3126802702,A5013017858,first
W3126802702,A5062470557,middle
W3126802702,A5057819241,middle
W3126802702,A5061294964,last
W3126958778,A5088056423,first
W3126998744,A5007001727,first
W3127038005,A5042341446,first
W3127078345,A5038303910,middle
W3127078345,A5022129791,middle
W3127078345,A5058763138,middle
W3127081255,A5035945106,last
W3127197886,A5089527287,first
W3127197886,A5072869049,middle
W3127197886,A5002322091,middle
W3127197886,A5087993837,middle
W3127197886,A5035524518,middle
W3127197886,A5003581663,middle
W3127197886,A5022536484,last
W3127247686,A5082620366,first
W3127247686,A5054766340,middle
W3127280045,A5062749726,middle
W3127297001,A5041481200,middle
W3127297001,A5069224106,middle
W3127297001,A5056256865,middle
W3127297001,A5061827291,last
W3127483926,A5067137116,last
W3127528943,A5075909126,first
W3127529567,A5003730821,first
W3127533615,A5075624633,first
W3127556395,A5046825884,first
W3127556395,A5074216915,last
W3127605692,A5075072257,first
W3127605692,A5076062154,middle
W3127682479,A5048192009,first
W3127686347,A5069788935,first
W3127694229,A5045134294,first
W3127736199,A5013219278,first
W3127795500,A5091841785,first
W3127991972,A5057779408,first
W3127991972,A5077791783,last
W3128081759,A5005077032,first
W3128102033,A5058372253,middle
W3128102033,A5083288581,middle
W3128187913,A5083820692,first
W3128203025,A5004209265,first
W3128230042,A5087092192,first
W3128409837,A5068872460,last
W3128458919,A5083299860,first
W3128567909,A5046728156,middle
W3128609457,A5034164853,middle
W3128627273,A5000495329,last
W3128740643,A5064560178,first
W3128740643,A5066278291,middle
W3128740643,A5087288927,last
W3128768195,A5049067289,last
W3128894860,A5044693108,first
W3128922527,A5072504074,first
W3129024136,A5004455999,first
W3129041044,A5084022068,first
W3129041044,A5070571073,middle
W3129041044,A5054847131,middle
W3129041044,A5003267472,middle
W3129041044,A5016628075,middle
W3129041044,A5032673633,middle
W3129041044,A5026756017,middle
W3129041044,A5067461124,middle
W3129041044,A5055477224,middle
W3129041044,A5076154096,middle
W3129041044,A5057463002,last
W3129115416,A5074161691,first
W3129163695,A5091274925,last
W3129182396,A5003436299,first
W3129198405,A5005657734,first
W3129349686,A5084834971,first
W3129349686,A5002372576,middle
W3129349686,A5004788238,middle
W3129349686,A5083368958,last
W3129682419,A5057870704,first
W3129682419,A5075982623,middle
W3129682419,A5072137882,middle
W3129682419,A5072977400,last
W3129717250,A5082751082,first
W3129823430,A5011240775,first
W3130231677,A5031629428,first
W3130352195,A5073008404,first
W3130450873,A5035226116,first
W3130765067,A5025652541,last
W3130801209,A5029344924,first
W3130972318,A5049846164,first
W3131259019,A5068297588,first
W3131259019,A5047400832,last
W3131435282,A5064769848,last
W3131502448,A5018389729,first
W3131590508,A5089080834,first
W3131590508,A5066127035,last
W3131605942,A5054133069,last
W3131679810,A5033503222,middle
W3131679810,A5049227778,middle
W3131679810,A5056344229,middle
W3131679810,A5022322545,middle
W3131679810,A5036662090,middle
W3131679810,A5057731201,middle
W3131679810,A5050063399,middle
W3131679810,A5080466811,middle
W3131679810,A5013055603,middle
W3131679810,A5083269530,middle
W3131679810,A5019762038,middle
W3131679810,A5064818350,middle
W3131679810,A5026654948,middle
W3131679810,A5028459456,last
W3131855844,A5084580637,first
W3131860166,A5085583761,first
W3131931745,A5026461882,first
W3132515195,A5020609129,last
W3132528979,A5029260213,first
W3132528979,A5023095072,middle
W3132528979,A5077630267,middle
W3132528979,A5042645593,middle
W3132528979,A5032634346,middle
W3132528979,A5018349566,middle
W3132528979,A5016547705,middle
W3132528979,A5066171121,last
W3132530204,A5013684663,first
W3132659672,A5029260213,first
W3132659672,A5023095072,middle
W3132659672,A5077630267,middle
W3132659672,A5042645593,middle
W3132659672,A5032634346,middle
W3132659672,A5008993224,middle
W3132659672,A5016547705,middle
W3132659672,A5066171121,last
W3133653613,A5016398197,first
W3133653613,A5025441468,middle
W3133653613,A5080268592,middle
W3133653613,A5044109494,middle
W3133653613,A5007114615,middle
W3133653613,A5001494118,last
W3133675505,A5030088050,first
W3133675505,A5041169322,last
W3133731953,A5084837357,first
W3133731953,A5029045409,last
W3133869827,A5052613977,first
W3133869827,A5012411827,last
W3133914275,A5010789167,first
W3133914275,A5033714709,middle
W3133914275,A5051717915,last
W3134121088,A5056624697,first
W3134121088,A5011963229,middle
W3134121088,A5084477919,middle
W3134121088,A5040343411,last
W3134399469,A5022221149,first
W3134443623,A5074698656,first
W3134443623,A5090549590,middle
W3134443623,A5033783997,middle
W3134443623,A5062641378,last
W3134679537,A5061181605,first
W3134679537,A5055990328,last
W3134948258,A5043510439,last
W3135118270,A5032132302,middle
W3135118270,A5060779928,last
W3135416353,A5018955809,middle
W3135467469,A5027133129,first
W3135865423,A5057874024,first
W3135866713,A5051770259,first
W3135882087,A5041284007,middle
W3135882087,A5049501108,last
W3136187893,A5077986724,first
W3136219108,A5058134775,middle
W3136406038,A5056126237,first
W3136414117,A5056949028,first
W3136657431,A5086692411,first
W3136933302,A5042417199,first
W3137096950,A5056949028,first
W3137658742,A5056949028,first
W3138115223,A5083424224,first
W3138525573,A5062626027,first
W3138839864,A5066134934,last
W3139160160,A5056120976,first
W3139160160,A5046185595,last
W3139989147,A5031928229,first
W3141302030,A5037300156,first
W3141839283,A5026047921,middle
W3141839283,A5078640796,last
W3142633387,A5012112934,first
W3142672297,A5064194723,first
W3142672297,A5033807547,middle
W3142672297,A5039179326,last
W3142944403,A5012703845,first
W3142944403,A5007539307,middle
W3142944403,A5053047768,middle
W3142944403,A5050632678,middle
W3142944403,A5087747771,middle
W3142944403,A5033770251,middle
W3146468541,A5070087769,first
W3146761576,A5044874061,first
W3148015003,A5042417199,first
W3148834713,A5050959554,first
W3150356134,A5006576758,first
W3150839468,A5063122221,first
W3150839468,A5036129923,middle
W3150839468,A5058536471,middle
W3150839468,A5049613948,last
W3152561903,A5064297795,first
W3152561903,A5036652100,middle
W3152561903,A5034035589,middle
W3152561903,A5012624479,last
W3152971911,A5029327187,first
W3153289191,A5049783208,first
W3153289191,A5008896099,middle
W3153289191,A5062942647,middle
W3153289191,A5032995621,last
W3153478147,A5069159297,first
W3153593081,A5033410863,first
W3153627489,A5079479658,middle
W3153627489,A5062265479,last
W3153770522,A5016073810,middle
W3153770522,A5079689448,middle
W3155692466,A5046011595,first
W3155714592,A5030419884,first
W3156123239,A5064297795,first
W3156123239,A5036652100,middle
W3156123239,A5034035589,middle
W3156123239,A5070311873,last
W3156232184,A5074990328,first
W3156451637,A5017910402,first
W3156451637,A5076292365,last
W3156682754,A5083254496,first
W3156682754,A5077681143,middle
W3156682754,A5073069826,middle
W3156682754,A5012141433,middle
W3156682754,A5025307528,last
W3156930796,A5030995906,first
W3156930796,A5019699926,middle
W3156930796,A5015435363,last
W3156999381,A5012327305,middle
W3156999381,A5026337102,middle
W3156999381,A5040552536,middle
W3156999381,A5046463152,middle
W3156999381,A5064849919,middle
W3156999381,A5049974756,last
W3157058464,A5026187965,first
W3157187498,A5023901085,first
W3157187498,A5059038746,last
W3157215328,A5027974999,first
W3157264772,A5078494492,first
W3157264772,A5029321323,last
W3157358572,A5084335662,middle
W3157430684,A5046572706,middle
W3157430684,A5042351913,middle
W3157430684,A5081865065,middle
W3157430684,A5076868054,middle
W3157430684,A5059384233,middle
W3157430684,A5025630415,middle
W3157430684,A5031695011,middle
W3157430684,A5042210961,last
W3157459233,A5072467034,first
W3157554995,A5065975369,first
W3157711633,A5017843507,last
W3157829358,A5086183383,last
W3158010262,A5014430969,middle
W3158010262,A5022937380,last
W3158056322,A5082312359,first
W3158085883,A5030916605,first
W3158094362,A5053453500,first
W3158157024,A5045513405,first
W3158184585,A5077778073,first
W3158197735,A5062974432,first
W3158197735,A5067060900,middle
W3158197735,A5049539336,middle
W3158197735,A5012406342,middle
W3158197735,A5020578518,last
W3158212986,A5022491121,first
W3158292099,A5053484004,first
W3158321823,A5025891766,first
W3158473055,A5068608218,first
W3158473055,A5066799187,last
W3158557828,A5058468231,first
W3158647404,A5006166354,first
W3158647404,A5072640757,middle
W3158647404,A5047196019,middle
W3158647404,A5059447545,middle
W3158647404,A5083252662,middle
W3158647404,A5072434673,middle
W3158647404,A5086391323,middle
W3158647404,A5014293815,last
W3158672885,A5033022623,first
W3158708773,A5011017632,first
W3158723480,A5060621251,first
W3158723480,A5047605634,last
W3158867687,A5051297329,first
W3158967543,A5019831483,first
W3159387210,A5049783208,first
W3159387210,A5008896099,middle
W3159387210,A5009919646,middle
W3159387210,A5062718839,last
W3159393394,A5049065173,first
W3159522480,A5061828516,first
W3159522480,A5002335439,middle
W3159522480,A5039326461,middle
W3159522480,A5017181523,middle
W3159522480,A5035655422,middle
W3159522480,A5023292624,last
W3159659609,A5055915541,first
W3159678891,A5059766027,first
W3159760716,A5001944693,first
W3159764445,A5042417199,first
W3159875389,A5019862473,first
W3159908905,A5031562446,first
W3159908905,A5084220255,last
W3160340090,A5048876124,middle
W3160378705,A5065905115,first
W3160378705,A5062498719,last
W3160509619,A5068663267,middle
W3160622353,A5080000953,first
W3161102526,A5064267107,last
W3161141400,A5050431501,first
W3161872186,A5077213658,first
W3162540698,A5073868327,middle
W3162540698,A5088043874,middle
W3162705074,A5048933560,middle
W3163038317,A5054494157,first
W3163234071,A5082586707,first
W3163356134,A5015318654,first
W3163356134,A5091636463,middle
W3163356134,A5083068075,last
W3163401307,A5071473719,first
W3163401307,A5041324718,middle
W3163401307,A5049404336,middle
W3163401307,A5036553930,last
W3163551246,A5019626706,first
W3163551246,A5029712431,middle
W3163813124,A5051527350,first
W3164556430,A5012046955,last
W3164583892,A5075024109,first
W3164912100,A5071287072,middle
W3164930721,A5059306499,first
W3164964837,A5076192388,last
W3164994391,A5053519705,first
W3165145733,A5000738444,first
W3165616865,A5015745621,first
W3165873395,A5069269485,middle
W3165873395,A5052062369,middle
W3165873395,A5047509840,middle
W3165873395,A5048817674,last
W3166032518,A5073869313,middle
W3166032518,A5067608481,last
W3166243423,A5068609612,first
W3166318050,A5068665759,first
W3166548723,A5061589828,first
W3166548723,A5030646218,last
W3166572973,A5008552456,first
W3166836748,A5041750849,first
W3166836748,A5085432173,last
W3167002503,A5053154245,first
W3167079169,A5072187647,first
W3167082790,A5089729082,first
W3167244957,A5090350675,first
W3167560491,A5049813927,first
W3167560491,A5042113548,middle
W3167560491,A5054773493,middle
W3167560491,A5013637341,last
W3167573925,A5015684836,first
W3167573925,A5018715298,last
W3168028517,A5076192958,first
W3168028517,A5003716089,middle
W3168028517,A5006822225,last
W3168443474,A5045174601,first
W3168598143,A5019091548,middle
W3168706831,A5073526545,first
W3169015098,A5021985676,first
W3169023909,A5022085350,first
W3169023909,A5000326339,middle
W3169023909,A5046190366,middle
W3169023909,A5076957705,middle
W3169023909,A5054311014,middle
W3169023909,A5064610790,middle
W3169023909,A5026752792,last
W3169183473,A5006156324,first
W3169189860,A5071894884,first
W3169516248,A5010094282,middle
W3169516248,A5026025555,middle
W3169516248,A5045638990,middle
W3169516248,A5087306226,last
W3170002813,A5087421133,last
W3170541254,A5047617325,middle
W3170541254,A5086003651,middle
W3170768122,A5013649154,first
W3170805320,A5076177386,first
W3170805320,A5041896662,last
W3170885115,A5004322016,first
W3170912327,A5084816098,first
W3170912327,A5022439875,last
W3171022722,A5090816162,first
W3171182502,A5068770220,middle
W3171182502,A5023693482,middle
W3171243749,A5024882989,first
W3171427671,A5073646553,last
W3171597358,A5082393813,middle
W3171597358,A5059069927,last
W3171612191,A5032618330,last
W3171701415,A5010705375,first
W3171701415,A5057242256,middle
W3171701415,A5071123956,last
W3171947161,A5015234444,first
W3171947161,A5077839282,last
W3172072299,A5085753044,first
W3172250139,A5083611404,first
W3172250139,A5070083527,middle
W3172250139,A5071906892,last
W3172365157,A5075933472,first
W3172405024,A5027269321,first
W3172431408,A5051807932,middle
W3173491062,A5086910573,first
W3173787338,A5073818070,first
W3174079897,A5017599308,first
W3174945306,A5055983666,first
W3174945306,A5036503167,middle
W3174945306,A5019466280,middle
W3174945306,A5029638955,middle
W3174945306,A5024831674,middle
W3174945306,A5031108297,middle
W3174945306,A5076723837,middle
W3174945306,A5056479939,last
W3174970743,A5057476940,first
W3175125540,A5076330818,first
W3175125540,A5069503654,middle
W3175125540,A5047559976,middle
W3175125540,A5021285113,middle
W3175125540,A5037079622,middle
W3175125540,A5073251342,middle
W3175125540,A5044790106,middle
W3175125540,A5061324089,middle
W3175664223,A5008172411,first
W3176353713,A5060018814,first
W3176656987,A5024160125,first
W3176656987,A5076811550,middle
W3177014312,A5041531941,first
W3177229752,A5017973337,middle
W3177229752,A5022936435,middle
W3177229752,A5042488915,middle
W3177229752,A5068858286,middle
W3177229752,A5085312381,middle
W3177339700,A5077654276,middle
W3177339700,A5064339184,middle
W3177339700,A5023322023,last
W3177485323,A5039551297,first
W3177799738,A5025902878,first
W3178265821,A5017364044,first
W3178813589,A5035300094,first
W3178813589,A5088560163,last
W3179072548,A5011764709,middle
W3179645723,A5070083527,first
W3179645723,A5083611404,middle
W3179645723,A5055719679,middle
W3179645723,A5037054850,middle
W3179645723,A5043809260,middle
W3179645723,A5071906892,last
W3179735388,A5081187548,first
W3179735388,A5078299090,middle
W3179864921,A5040197484,first
W3179864921,A5079707778,middle
W3179864921,A5089753073,middle
W3179864921,A5047144831,middle
W3179864921,A5056297982,last
W3183303662,A5038502187,first
W3183481569,A5041083354,last
W3183484974,A5054177966,first
W3183600349,A5016899033,first
W3183952640,A5044689489,first
W3183952640,A5015402167,middle
W3183952640,A5061694501,last
W3184016009,A5000632644,first
W3184016009,A5008228864,last
W3184202565,A5042569660,first
W3184460259,A5058140320,first
W3184580566,A5082509016,first
W3184580566,A5009382583,middle
W3184580566,A5087189799,last
W3184628606,A5063219013,first
W3184628606,A5079178897,middle
W3184628606,A5014130456,middle
W3184628606,A5003888744,middle
W3184887512,A5069430853,first
W3185131070,A5070818360,first
W3185225919,A5075314083,last
W3185286432,A5005196305,first
W3185337839,A5059825959,first
W3185337839,A5004705547,last
W3185535616,A5036175686,first
W3185851678,A5088216194,first
W3185851678,A5090466927,last
W3186168487,A5075933472,first
W3186292250,A5020760374,first
W3186292250,A5082761102,middle
W3186292250,A5034598116,last
W3186357210,A5069749526,first
W3186357210,A5032277694,middle
W3186904141,A5076250405,middle
W3187304420,A5021872235,first
W3188306843,A5079451755,first
W3188789934,A5012907604,first
W3189001125,A5054015236,middle
W3189001125,A5040847892,last
W3189104525,A5023982643,last
W3189111139,A5002661723,first
W3189111139,A5025443239,middle
W3189111139,A5016345745,last
W3189313895,A5036964208,middle
W3189313895,A5051421956,middle
W3189313895,A5061457273,middle
W3189313895,A5071474601,middle
W3189313895,A5000458499,middle
W3189313895,A5015039645,middle
W3189313895,A5001820242,middle
W3189313895,A5071500118,last
W3189463845,A5023415910,last
W3189769118,A5077395641,first
W3189769118,A5045002167,last
W3190805166,A5004902033,first
W3191937468,A5090070137,first
W3192007796,A5084958201,first
W3192760931,A5049195766,last
W3193337159,A5037761563,first
W3193815298,A5007970140,first
W3193815298,A5030709763,last
W3193869015,A5084696173,middle
W3193869015,A5039736443,middle
W3194492779,A5033320953,last
W3195215654,A5072826092,first
W3195348500,A5063337671,first
W3195348500,A5080019599,middle
W3195348500,A5027308226,last
W3195354285,A5073152746,last
W3195386871,A5043910633,middle
W3195386871,A5027251616,last
W3195642702,A5044470378,first
W3195687302,A5018976041,middle
W3195687302,A5033795271,last
W3195691052,A5062786685,first
W3195762448,A5072298345,first
W3195762448,A5019436543,last
W3195821161,A5000193182,first
W3195821161,A5012906113,last
W3196008613,A5020257116,first
W3196008613,A5090621538,middle
W3196008613,A5019287525,middle
W3196008613,A5026492466,middle
W3196008613,A5043569238,last
W3197416278,A5006576758,first
W3197598504,A5037004216,first
W3197598504,A5056480178,last
W3197659846,A5047256071,first
W3198799592,A5025296931,first
W3198799592,A5053656527,middle
W3198987881,A5013723473,first
W3198987881,A5072712347,middle
W3198987881,A5026770450,middle
W3198987881,A5064452080,last
W3199338177,A5044524264,first
W3199538707,A5013958949,last
W3199591697,A5029804153,first
W3200826768,A5021360989,first
W3200826768,A5063947704,middle
W3200826768,A5087768446,last
W3201155233,A5087677666,first
W3201459285,A5086627251,last
W3201918386,A5043885374,first
W3202121951,A5064194723,first
W3202121951,A5033807547,middle
W3202121951,A5032055040,last
W3203426308,A5069487468,first
W3203564282,A5059026046,first
W3204497529,A5042689635,first
W3204497529,A5013723003,middle
W3204497529,A5083742409,last
W3204776434,A5075347297,middle
W3204776434,A5045441877,last
W3205101341,A5023156166,first
W3205101341,A5053441787,middle
W3205101341,A5043934410,middle
W3205101341,A5080064511,middle
W3205101341,A5009605341,middle
W3205101341,A5009454818,middle
W3205101341,A5076682633,last
W3205929624,A5082846082,first
W3205929624,A5044614919,middle
W3205929624,A5053743883,last
W3206170720,A5073481605,first
W3206268394,A5088948389,first
W3207124094,A5041044626,first
W3207279529,A5055077728,last
W3207432129,A5054278005,first
W3207491678,A5068794894,first
W3207491678,A5012679937,middle
W3207491678,A5079875785,last
W3207636062,A5034117304,first
W3207636062,A5010462669,middle
W3207636062,A5022265260,middle
W3207636062,A5030396913,middle
W3207636062,A5000579736,middle
W3207636062,A5013876598,middle
W3207636062,A5026601861,middle
W3207636062,A5072948963,middle
W3207636062,A5078550638,last
W3207841962,A5025196149,first
W3207972432,A5011439998,first
W3208159873,A5048057594,last
W3208471027,A5078889751,first
W3209029716,A5080855361,first
W3209082119,A5038399173,first
W3209082119,A5032239142,middle
W3209082119,A5075658282,middle
W3209186542,A5017623428,first
W3209246088,A5073818070,first
W3209704598,A5086501723,first
W3210155506,A5057674986,first
W3210225288,A5060910522,last
W3211063474,A5068643781,first
W3211063474,A5087317151,last
W3211197879,A5065309220,middle
W3211197879,A5023956644,last
W3211976205,A5000729724,first
W3212024169,A5042417199,first
W3212126775,A5056949028,first
W3212408496,A5089991316,first
W3212497788,A5023607358,first
W3212497788,A5088651272,middle
W3212497788,A5010612676,middle
W3212497788,A5028661410,last
W3212567773,A5043378003,first
W3212624043,A5085536816,middle
W3212624043,A5065975371,middle
W3212624043,A5017145937,middle
W3212624043,A5032671971,last
W3212863212,A5056386988,middle
W3213641274,A5055287301,first
W3213641274,A5015577064,middle
W3213641274,A5072692556,last
W3214004908,A5012485228,first
W3214004908,A5088997653,middle
W3214004908,A5007286007,middle
W3214004908,A5020986496,last
W3214037912,A5048238798,first
W3214512871,A5070872588,last
W3214939879,A5038448350,first
W3214939879,A5005885438,middle
W3214939879,A5041675012,last
W3214961229,A5061631773,first
W3214961229,A5055172844,last
W3215064778,A5060656142,middle
W3215064778,A5076130972,middle
W3215064778,A5041874420,middle
W3215064778,A5054789141,last
W3215096525,A5066357741,first
W3215096525,A5013771586,middle
W3215096525,A5046807261,middle
W3215096525,A5083591735,last
W3215165145,A5060556706,first
W3215519364,A5029334145,middle
W3215663328,A5081455901,first
W3215663328,A5008949994,middle
W3215663328,A5002947923,middle
W3215663328,A5088823199,middle
W3215663328,A5064713691,last
W3215683134,A5042438173,first
W3215794563,A5026321844,first
W3215897053,A5068019419,first
W3216106200,A5075046931,first
W3216106200,A5023718023,middle
W3216106200,A5029702386,last
W3216145933,A5010550929,middle
W3216145933,A5040298130,middle
W3216145933,A5015666309,middle
W3216145933,A5060589724,last
W3216242806,A5054701243,first
W3216242806,A5075976469,last
W3216310717,A5059216612,middle
W3216310717,A5037400441,last
W3216436222,A5045869528,middle
W3216436222,A5050431669,middle
W3216436222,A5015086577,last
W3216506177,A5015092734,first
W3216506177,A5061915609,middle
W3216506177,A5076389260,last
W3216535432,A5080897773,first
W3216535432,A5059628697,last
W3216724237,A5072984614,middle
W3217087792,A5074847953,first
W3217166335,A5042113474,first
W3217166335,A5060743876,middle
W3217166335,A5018729334,middle
W3217166335,A5002322874,middle
W3217166335,A5034901562,last
W3217261233,A5008122101,first
W3217261233,A5079130287,last
W3217313412,A5008740510,first
W3217313412,A5042050677,last
W3217374391,A5007242502,first
W3217374391,A5057859690,middle
W3217374391,A5076587308,middle
W3217374391,A5029908092,last
W3217425412,A5018301758,first
W3217425412,A5049119811,last
W3217465941,A5001989498,middle
W3217608058,A5051781135,last
W3217630090,A5017908221,first
W3217630090,A5018591333,middle
W3217630090,A5039515472,middle
W3217630090,A5055111984,middle
W3217630090,A5034543991,middle
W3217630090,A5008211251,middle
W3217630090,A5030274190,last
W3217635600,A5069400101,first
W3217719471,A5014572381,first
W3217719471,A5090630624,last
W4205474571,A5045735258,first
W4205500709,A5070327607,first
W4205572439,A5072002399,first
W4205572439,A5035993853,last
W4205615126,A5030396613,first
W4205618960,A5055717338,last
W4205775847,A5029337495,first
W4205901557,A5069813871,first
W4205901557,A5028574240,middle
W4205901557,A5015191505,middle
W4205901557,A5080171014,middle
W4205901557,A5060871714,middle
W4205901557,A5054529234,middle
W4205901557,A5004082765,middle
W4205987813,A5027384216,last
W4206197058,A5087880464,first
W4206267224,A5046711959,first
W4206423834,A5074751992,first
W4206423834,A5017042977,last
W4206654571,A5042833743,first
W4206705936,A5058808272,first
W4206824190,A5008517596,first
W4206851805,A5000813701,first
W4206851805,A5015742012,last
W4206854958,A5004960011,first
W4206854958,A5026515643,middle
W4206854958,A5024774718,last
W4207089404,A5034930946,first
W4207089404,A5036652880,middle
W4207089404,A5027852213,middle
W4207089404,A5024074640,middle
W4207089404,A5089868302,last
W4210289936,A5059351460,first
W4210537101,A5076735683,first
W4210537101,A5079041273,last
W4210586704,A5025555145,first
W4210586704,A5018840266,last
W4210712153,A5037804822,first
W4210897057,A5089659001,first
W4210897057,A5011009931,middle
W4210897057,A5037378460,last
W4211134037,A5062626027,first
W4211212245,A5076741093,first
W4211253461,A5039563504,first
W4213037324,A5068922552,first
W4213193718,A5066494201,first
W4213205998,A5063114477,first
W4213277800,A5031388579,first
W4213277800,A5026971062,last
W4214540982,A5063307080,first
W4214869507,A5068591174,first
W4229534113,A5065058581,first
W4229906348,A5001659208,first
W4229993089,A5079337472,first
W4230102009,A5065058581,first
W4230102009,A5054026337,last
W4230187102,A5022785992,first
W4230187570,A5026873448,first
W4230187570,A5036929864,last
W4230195775,A5089868302,first
W4230195775,A5048208600,middle
W4230195775,A5008474318,middle
W4230195775,A5090071529,middle
W4230195775,A5006966951,middle
W4230195775,A5058678073,middle
W4230195775,A5041689611,middle
W4230316920,A5022785992,first
W4230657958,A5041855932,first
W4230683124,A5056257612,first
W4231017884,A5018083511,first
W4231129357,A5036402783,first
W4231184795,A5014812483,first
W4231186596,A5016407219,first
W4231247584,A5048038528,first
W4231381739,A5035188278,first
W4231381739,A5073256902,last
W4231516410,A5013220803,first
W4231933676,A5023498919,first
W4232062531,A5040136820,first
W4232062531,A5066684090,middle
W4232062531,A5049896579,last
W4232419010,A5030773387,first
W4232419010,A5078238140,middle
W4232419010,A5072714893,middle
W4232419010,A5052154530,middle
W4232419010,A5064876632,middle
W4232419010,A5031884293,last
W4232445709,A5023172358,first
W4232490746,A5013221359,first
W4232490746,A5047458650,middle
W4233100622,A5028652972,first
W4233132320,A5020682058,first
W4234103627,A5029477698,first
W4234103627,A5043499130,last
W4234180198,A5060914810,last
W4234225742,A5058090583,first
W4234225742,A5019809127,last
W4234349435,A5021005657,middle
W4234349435,A5088241503,middle
W4235293129,A5085370379,first
W4235293129,A5036277144,middle
W4235293129,A5083911741,last
W4235339972,A5067062326,first
W4235657992,A5024802719,first
W4236120811,A5083888377,first
W4236249545,A5070027851,first
W4236378739,A5013715271,last
W4236569633,A5025403828,first
W4236569633,A5079353601,last
W4236695749,A5022710004,first
W4236804104,A5001896432,first
W4236819725,A5075252209,first
W4237011217,A5014430969,middle
W4237011217,A5022937380,last
W4237203348,A5038219325,first
W4237203348,A5091127487,middle
W4237321010,A5032917378,first
W4237321010,A5068404805,last
W4237570488,A5008192758,first
W4237570488,A5085034198,middle
W4237570488,A5053822658,last
W4237601566,A5014667779,first
W4237601566,A5044940414,middle
W4237601566,A5003799782,last
W4237683930,A5066497802,first
W4237995426,A5074877434,first
W4237995426,A5046992958,middle
W4237995426,A5020758859,middle
W4237995426,A5075714773,middle
W4237995426,A5018206410,middle
W4237995426,A5030729311,middle
W4237995426,A5052125071,last
W4238047985,A5062974432,first
W4238047985,A5067060900,middle
W4238047985,A5039167459,middle
W4238047985,A5012406342,last
W4238081366,A5087729896,first
W4238081366,A5064388012,middle
W4238081366,A5040470873,middle
W4238081366,A5047212870,middle
W4238225855,A5029477698,first
W4238225855,A5043499130,middle
W4238225855,A5024556694,middle
W4238225855,A5010058559,middle
W4238225855,A5058323326,middle
W4238225855,A5009378471,middle
W4238225855,A5067758248,last
W4238252069,A5018345920,first
W4238252069,A5015550807,last
W4238259792,A5012666972,first
W4238272677,A5010017817,last
W4238493505,A5041403630,first
W4239047602,A5037271099,first
W4239248406,A5073614259,first
W4239359361,A5019063847,first
W4239522436,A5059249051,first
W4239652100,A5032917378,first
W4239652100,A5068404805,middle
W4239652749,A5019652929,first
W4239912465,A5073310646,first
W4240040994,A5000247223,last
W4240162357,A5063368827,first
W4240190756,A5065058581,first
W4240190756,A5019494994,middle
W4240190756,A5054256492,last
W4240191948,A5039132898,first
W4240360623,A5050579122,first
W4240500532,A5057077584,first
W4241140090,A5065058581,first
W4241747557,A5049335972,first
W4241877038,A5010214908,first
W4242062364,A5081501592,first
W4242062364,A5060743057,middle
W4242062364,A5014273469,middle
W4242062364,A5029342915,last
W4242075092,A5064003451,first
W4242132462,A5074364552,first
W4242436782,A5057428477,first
W4242436782,A5018046405,middle
W4242436782,A5035034730,last
W4242874124,A5023682609,first
W4243002486,A5043350556,first
W4243053967,A5010236948,first
W4243054387,A5019973220,middle
W4243054387,A5061265712,middle
W4243054387,A5054972208,middle
W4243054387,A5083782829,middle
W4243054387,A5041525365,middle
W4243054387,A5086391245,middle
W4243054387,A5078262996,middle
W4243054387,A5054894259,middle
W4243054387,A5080953522,middle
W4243054387,A5023547977,middle
W4243054387,A5033551115,middle
W4243054387,A5027798938,middle
W4243054387,A5077833912,middle
W4243054387,A5086384395,middle
W4243054387,A5022801040,middle
W4243054387,A5041046766,last
W4243313839,A5026056952,first
W4243372826,A5065058581,first
W4244998934,A5035695000,first
W4244998934,A5040661266,middle
W4245082138,A5085302003,first
W4245249032,A5026422324,first
W4245311775,A5041107015,last
W4245395617,A5057731203,first
W4245395617,A5005427753,middle
W4245406983,A5010998870,first
W4245774269,A5090657067,first
W4245935665,A5028324163,middle
W4245980411,A5017202349,first
W4246302450,A5077817294,middle
W4246302450,A5014541330,last
W4246736413,A5078986867,first
W4246785623,A5010960506,first
W4246814061,A5031686114,first
W4246814061,A5007042240,last
W4247319363,A5019762150,first
W4247348155,A5063130631,first
W4247348155,A5034064110,middle
W4247348155,A5082184769,middle
W4247348155,A5002519933,last
W4247580393,A5081339472,first
W4247672848,A5037463093,first
W4247725821,A5083613070,first
W4248274299,A5036473782,first
W4248674684,A5028083857,first
W4248783988,A5050627287,first
W4248865225,A5065058581,first
W4248865225,A5038150463,last
W4248954708,A5000242314,middle
W4248954708,A5057714087,middle
W4248954708,A5026416628,middle
W4248954708,A5010947275,middle
W4248954708,A5031253481,middle
W4248954708,A5055162493,middle
W4248954708,A5079265192,middle
W4248954708,A5051891110,middle
W4249079622,A5012444406,last
W4249128660,A5007402160,first
W4249128660,A5072305384,last
W4249142852,A5030769399,first
W4249414621,A5018293076,last
W4249462796,A5015191397,first
W4249462796,A5041520103,last
W4249667789,A5041937837,middle
W4249667789,A5018704162,middle
W4249667789,A5075208769,middle
W4249667789,A5010449200,middle
W4249667789,A5021064981,middle
W4249667789,A5005119496,middle
W4249667789,A5078711775,middle
W4249667789,A5021931836,middle
W4249667789,A5075625239,middle
W4249667789,A5036820370,middle
W4249667789,A5061773933,middle
W4249667789,A5085093079,middle
W4249667789,A5015696052,middle
W4249667789,A5061861102,middle
W4249735065,A5069417134,first
W4249970101,A5021406727,first
W4250259860,A5085913460,middle
W4250259860,A5003623415,middle
W4250259860,A5037812841,middle
W4250259860,A5078078639,middle
W4250259860,A5072284219,last
W4250629962,A5033380454,first
W4250696898,A5064060241,first
W4250699813,A5077351737,first
W4250884823,A5054528221,first
W4251434247,A5047664773,first
W4251852252,A5081522195,first
W4251993866,A5069316372,first
W4252961152,A5031686114,first
W4252961152,A5007042240,last
W4253951683,A5040590971,first
W4253951683,A5041244978,last
W4254036906,A5049747850,first
W4254271172,A5087814029,first
W4254778495,A5061396792,first
W4254844726,A5072044668,first
W4254944325,A5090657067,first
W4255433987,A5015886081,middle
W4255433987,A5038412572,middle
W4255433987,A5070449918,middle
W4255433987,A5056887429,middle
W4255433987,A5027589011,middle
W4255433987,A5040421632,middle
W4255433987,A5032971432,middle
W4255433987,A5032029429,middle
W4255433987,A5072210007,middle
W4255433987,A5008219218,middle
W4255433987,A5037813332,middle
W4255433987,A5068299519,middle
W4255433987,A5013105023,middle
W4255433987,A5049697302,middle
W4255433987,A5084717691,middle
W4255433987,A5081967679,middle
W4255433987,A5045660042,middle
W4255433987,A5064136287,middle
W4255433987,A5047710706,middle
W4255433987,A5056507114,middle
W4255433987,A5018858796,middle
W4255433987,A5004297717,middle
W4255433987,A5048457660,middle
W4255433987,A5021692568,middle
W4255433987,A5053526478,middle
W4255433987,A5060079671,middle
W4255433987,A5034954388,middle
W4255433987,A5019160778,last
W4255552492,A5020946997,first
W4255552492,A5036487810,last
W4255565928,A5090657067,first
W4256017112,A5088241503,first
W4256126009,A5074080649,last
W4256426203,A5069967489,first
W4285018624,A5088430496,first
W4285056588,A5088430496,first
W4285068387,A5088430496,first
W4285667385,A5086738494,first
W4285688708,A5088430496,first
W4285707329,A5045898815,first
W4285707329,A5064186465,last
W4285711606,A5076270155,first
W4285711606,A5080031269,last
W4285713114,A5060243505,first
W4285716088,A5017896714,first
W4285716088,A5020330914,middle
W4285716088,A5001052072,last
W4285716776,A5023750515,first
W4285716776,A5083233594,last
W4285722720,A5065353498,first
W4285723874,A5049165244,first
W4285724663,A5003255279,first
W4285724663,A5076270155,last
W4285750879,A5077391080,first
W4285750879,A5038472132,last
W4285751704,A5011076740,first
W4285751704,A5046370637,middle
W4285751704,A5045978751,last
W4286714162,A5035627933,middle
W4286714162,A5073839838,middle
W4286714162,A5015404484,middle
W4286714162,A5050688169,middle
W4286714162,A5086545515,last
W4287548693,A5057674986,first
W4287550323,A5057674986,first
W4287555168,A5057674986,first
W4287568410,A5059825959,first
W4287568410,A5004705547,last
W4287585634,A5057674986,first
W4287627274,A5057674986,first
W4287636692,A5057674986,first
W4287648571,A5057674986,first
W4287653456,A5058153832,first
W4287653456,A5041122815,middle
W4287653456,A5088058697,middle
W4287653456,A5063078026,middle
W4287653456,A5010304171,middle
W4287653456,A5026049277,middle
W4287653456,A5071795315,middle
W4287653456,A5066544811,middle
W4287653456,A5049063991,middle
W4287653456,A5089518800,middle
W4287653456,A5012113057,middle
W4287653456,A5017852829,middle
W4287653456,A5003695482,middle
W4287653456,A5028629800,middle
W4287653456,A5044559488,middle
W4287653456,A5058495354,middle
W4287653456,A5019624781,middle
W4287653456,A5015375782,middle
W4287653456,A5016500915,middle
W4287653456,A5024765954,middle
W4287653456,A5020411215,middle
W4287653456,A5082954531,middle
W4287653456,A5012414812,middle
W4287653456,A5085515488,middle
W4287653456,A5074783471,middle
W4287653456,A5023733016,middle
W4287653456,A5084167920,middle
W4287653456,A5028672283,middle
W4287653456,A5020423656,middle
W4287653456,A5029832298,middle
W4287653456,A5062066613,middle
W4287653456,A5054983918,middle
W4287653456,A5070301358,middle
W4287653456,A5052343288,middle
W4287653456,A5009985361,middle
W4287653456,A5034998648,middle
W4287653456,A5044428192,middle
W4287653456,A5089234464,middle
W4287653456,A5083521844,middle
W4287653456,A5041243287,middle
W4287653456,A5055356681,middle
W4287653456,A5005069615,middle
W4287653456,A5085317891,middle
W4287653456,A5029887735,last
W4287658744,A5057674986,first
W4287659030,A5057674986,first
W4287662987,A5074847953,first
W4287662995,A5057674986,first
W4287666056,A5038096249,first
W4287666056,A5005844253,middle
W4287666056,A5053984451,middle
W4287666056,A5037103764,middle
W4287666056,A5017614195,middle
W4287666056,A5073699642,middle
W4287666056,A5051459358,last
W4287666235,A5038096249,first
W4287666235,A5005844253,middle
W4287666235,A5053984451,middle
W4287666235,A5037103764,middle
W4287666235,A5017614195,middle
W4287666235,A5073699642,middle
W4287666235,A5051459358,last
W4287666237,A5041294444,first
W4287666237,A5038096249,middle
W4287666237,A5005844253,middle
W4287666237,A5053984451,middle
W4287666237,A5037103764,middle
W4287666237,A5017614195,middle
W4287666237,A5073699642,middle
W4287666237,A5051459358,last
W4287670702,A5057674986,first
W4287675252,A5057674986,first
W4287684542,A5005844253,middle
W4287684542,A5053984451,middle
W4287684542,A5073699642,middle
W4287684542,A5051459358,last
W4287685444,A5057674986,first
W4287686103,A5057674986,first
W4287687855,A5057674986,first
W4287690472,A5057674986,first
W4287692574,A5057674986,first
W4287703352,A5057674986,first
W4287724466,A5057674986,first
W4287724612,A5057674986,first
W4287724941,A5057674986,first
W4287725135,A5057674986,first
W4287725136,A5057674986,first
W4287725337,A5057674986,first
W4287725348,A5057674986,first
W4287725493,A5057674986,first
W4287725766,A5057674986,first
W4287725789,A5057674986,first
W4287725810,A5057674986,first
W4287725989,A5057674986,first
W4287726001,A5057674986,first
W4287726115,A5057674986,first
W4287726156,A5057674986,first
W4287726206,A5057674986,first
W4287726358,A5057674986,first
W4287727826,A5057674986,first
W4287751307,A5026415911,first
W4287751307,A5001771133,last
W4287755052,A5067707026,last
W4287770231,A5019842178,first
W4287778834,A5036503167,middle
W4287778834,A5070093758,middle
W4287778834,A5026988679,middle
W4287778834,A5021839147,middle
W4287778834,A5089923187,last
W4287801268,A5014394467,middle
W4287801268,A5040463511,middle
W4287801268,A5017776974,middle
W4287801268,A5017752962,middle
W4287801268,A5042146924,middle
W4287801268,A5066277213,middle
W4287801268,A5040658472,middle
W4287801268,A5011085340,middle
W4287801268,A5067532367,middle
W4287801268,A5006183071,last
W4287813671,A5003469648,first
W4287813671,A5076204770,middle
W4287816659,A5088430496,first
W4287816669,A5088430496,first
W4287816671,A5088430496,first
W4287816691,A5088430496,first
W4287816706,A5088430496,first
W4287816735,A5088430496,first
W4287816751,A5088430496,first
W4287816786,A5088430496,first
W4287816791,A5088430496,first
W4287816793,A5088430496,first
W4287816819,A5088430496,first
W4287816834,A5088430496,first
W4287816851,A5088430496,first
W4287816892,A5088430496,first
W4287816911,A5088430496,first
W4287816916,A5088430496,first
W4287816921,A5088430496,first
W4287816963,A5088430496,first
W4287816994,A5088430496,first
W4287817001,A5088430496,first
W4287817013,A5088430496,first
W4287817019,A5088430496,first
W4287817024,A5088430496,first
W4287817028,A5088430496,first
W4287817044,A5088430496,first
W4287817046,A5088430496,first
W4287817054,A5088430496,first
W4287818307,A5067950570,last
W4287822343,A5012440129,middle
W4287822343,A5013172462,middle
W4287822343,A5032328085,middle
W4287822343,A5076192388,last
W4287822445,A5012440129,middle
W4287822445,A5013172462,middle
W4287822445,A5032328085,middle
W4287822445,A5076192388,last
W4287864482,A5060315373,last
W4287865063,A5076546160,first
W4287867946,A5027146928,first
W4287907665,A5074625888,first
W4287910715,A5062508896,first
W4287910715,A5004195226,last
W4287911892,A5042552170,first
W4287911892,A5016925841,middle
W4287911892,A5019375557,middle
W4287911892,A5057451811,last
W4287912683,A5043989022,first
W4287912683,A5044171839,middle
W4287912683,A5056324053,middle
W4287912683,A5068065546,middle
W4287912683,A5084471742,last
W4287917121,A5077817630,first
W4287917121,A5071931582,middle
W4287917121,A5002294199,last
W4287919630,A5068239690,middle
W4287919630,A5085908375,middle
W4287919630,A5014684476,last
W4287936112,A5005142900,first
W4287936112,A5053604201,last
W4287939694,A5046919832,middle
W4287943135,A5034930946,first
W4287943135,A5036652880,middle
W4287943135,A5027852213,middle
W4287943135,A5024074640,middle
W4287943135,A5089868302,last
W4287967595,A5000388340,middle
W4287967595,A5084889074,last
W4287967724,A5007333139,middle
W4287970919,A5018230304,first
W4287976330,A5055983666,first
W4287976330,A5036503167,middle
W4287976330,A5019466280,middle
W4287976330,A5029638955,middle
W4287976330,A5024831674,middle
W4287976330,A5031108297,middle
W4287976330,A5076723837,middle
W4287976330,A5056479939,last
W4288079364,A5069174154,first
W4289309260,A5062871132,middle
W4289309260,A5062901299,last
W4291920203,A5026701176,first
W4291920203,A5013000704,last
W4293118071,A5038338684,first
W4293118071,A5042664128,middle
W4293118071,A5034991014,last
W4293302035,A5013017598,first
W4297123549,A5069838140,first
W4298306535,A5025648560,first
W4302759120,A5021742266,first
W4306292760,A5041711577,first
W4306292760,A5030391938,last
W4308223207,A5045269319,first
W4308223207,A5083742327,middle
W4308223207,A5007750839,middle
W4310799534,A5022751131,first
W4317469045,A5057105042,first
W4318343265,A5076397337,middle
W4318426402,A5076397337,middle
W4362703057,A5076397337,middle
W4365923353,A5039156343,first
W4365923366,A5010705375,last
W4365923375,A5061331375,first
W4366706294,A5072564476,first
W4366761900,A5043769076,first
W595805134,A5046216893,first
W608833312,A5013415651,first
W619683903,A5082747419,first
W619683903,A5009121814,last
W622045746,A5001130472,first
W632554933,A5003206223,first
W637108122,A5039273846,middle
W637108122,A5042090406,last
W649318236,A5034891159,first
W652159078,A5058054682,first
W71382815,A5018074976,first
