src,tgt,position
A5077097325,W1527571715,first
A5091435927,W2297716127,first
A5072262441,W1537066827,first
A5071941451,W1537066827,last
A5058651667,W2793477525,first
A5017263427,W2793477525,last
A5062653961,W4210968171,first
A5083450863,W4210968171,last
A5026451495,W3000716014,first
A5026240645,W3000716014,middle
A5060511349,W3000716014,middle
A5018292103,W3000716014,middle
A5082698816,W3000716014,last
A5023403556,W2903590249,first
A5029257585,W4255990624,first
A5082812716,W4255990624,last
A5038379562,W2912099989,first
A5051900532,W2971360792,first
A5002904166,W2971360792,middle
A5042307561,W2971360792,last
A5058456417,W4229604944,first
A5058651667,W3039256091,first
A5017263427,W3039256091,last
A5024065815,W3103543904,first
A5087368991,W3103543904,last
A5031048414,W4234971943,first
A5068286603,W406650945,first
A5027881244,W406650945,last
A5002739745,W1593770252,first
A5049327324,W2942432719,first
A5085709919,W2942432719,last
A5088644964,W4233135909,first
A5042777271,W4233135909,last
A5037419936,W1553939018,first
A5084654812,W1553939018,last
A5007626898,W4243072198,last
A5024065815,W4206566734,first
A5087368991,W4206566734,last
A5058550942,W2985924367,first
A5047565935,W4248546022,first
A5056339289,W1564593199,first
A5032534088,W2971797472,first
A5052561466,W2971797472,last
A5050967195,W2998595140,last
A5091500375,W4250863246,first
A5089075325,W2954171510,first
A5020151207,W3000376115,first
A5024265041,W3000376115,middle
A5069685646,W3000376115,last
A5048978027,W1557333725,first
A5071056908,W1557333725,middle
A5091831227,W1557333725,last
A5066939801,W1810615071,first
A5063989536,W1810615071,middle
A5054275598,W1810615071,last
A5086178969,W4210956211,first
A5020579305,W4210956211,middle
A5012657462,W4210956211,last
A5051332724,W2950867735,first
A5004263867,W2950867735,middle
A5075932839,W2950867735,middle
A5064414755,W2950867735,last
A5058905092,W2948715149,first
A5004469718,W2948715149,last
A5030688697,W2953343412,middle
A5076724368,W2953343412,last
A5062653961,W2915622878,first
A5083450863,W2915622878,last
A5021163244,W4211232156,first
A5072980637,W4211232156,middle
A5088719128,W4211232156,middle
A5088788929,W4211232156,middle
A5047493969,W4211232156,middle
A5045071983,W4211232156,last
A5021934149,W2810826145,first
A5018293076,W2810826145,last
A5040733135,W2954661863,first
A5009209435,W4244868273,first
A5048533217,W2725049817,first
A5055132321,W2725049817,last
A5047233371,W2949868354,first
A5037066465,W2949868354,middle
A5054850777,W2949868354,last
A5080538733,W627373027,first
A5081626471,W30902120,first
A5053890837,W2752134738,first
A5051522702,W2752134738,middle
A5058550942,W4205621617,first
A5032674163,W1523865339,first
A5024893012,W2888850715,first
A5011390491,W2976818350,first
A5007832994,W2976818350,last
A5018886883,W4288853474,first
A5036466435,W4288853474,last
A5009538627,W2949311930,first
A5012084692,W3015589472,first
A5015942198,W2943924990,first
A5005098788,W2943924990,middle
A5080490085,W2943924990,last
A5046360095,W2968060136,first
A5048544465,W2968060136,last
A5000141065,W4240301789,first
A5068741709,W4240301789,last
A5038291268,W4244751360,first
A5091321590,W2997639969,first
A5053927453,W1582247849,first
A5021110395,W3099488484,first
A5058220187,W3099488484,middle
A5046337437,W3099488484,last
A5039599845,W1548067494,first
A5048095564,W1548067494,last
A5082812201,W80820758,first
A5008220508,W1610660421,first
A5085166773,W2075509377,first
A5029473053,W2887863297,first
A5067323219,W2887863297,middle
A5043967016,W2887863297,middle
A5034332525,W2913434758,first
A5066335045,W2913434758,middle
A5017764759,W2913434758,last
A5029473053,W2970497819,first
A5071530636,W2970497819,middle
A5024765386,W2970497819,last
A5046586405,W3044194783,first
A5022816432,W3044194783,last
A5010813937,W1597518486,first
A5032531969,W2905453740,first
A5078078596,W2905453740,last
A5089027398,W2426005664,first
A5020819420,W2908153988,first
A5044843115,W2908153988,middle
A5034078369,W2908153988,last
A5078146900,W4237896256,first
A5007305440,W3034344071,first
A5086254011,W355668304,first
A5030370339,W4230329648,first
A5030551743,W4230329648,last
A5033052722,W3028078961,first
A5002759219,W594457923,first
A5007165462,W4235655706,first
A5059813447,W1509480442,first
A5020043743,W1530669711,first
A5022269139,W1530669711,middle
A5015330581,W1530669711,last
A5018086501,W2528172375,first
A5065036373,W2986609602,middle
A5078091066,W4247556760,first
A5064180238,W4236218212,first
A5081527786,W4230655986,first
A5057046897,W4237816530,first
A5020801113,W4237816530,last
A5038861821,W589316553,first
A5049314231,W1541330760,first
A5075172069,W4211092209,first
A5086117892,W4211092209,last
A5084640876,W4241119678,first
A5001310787,W4285064575,first
A5078348621,W2981803686,first
A5052216639,W2981803686,last
A5035336277,W3159750561,first
A5053775104,W1499634480,first
A5002679142,W2989986341,first
A5017658938,W585033414,first
A5017097014,W2933561437,first
A5088235131,W2933561437,middle
A5018468601,W2933561437,last
A5078265147,W4213199439,first
A5017245116,W4213199439,last
A5004050135,W603187912,first
A5051815961,W2969377023,first
A5017042977,W4231480352,first
A5064158426,W4231480352,middle
A5078490047,W4231480352,last
A5015294604,W4247602258,first
A5088868657,W4249718967,first
A5068171379,W2810047874,last
A5082476482,W2945743861,first
A5021662267,W2945743861,last
A5010751143,W2945042120,first
A5001344682,W2945042120,last
A5010519712,W4247418955,first
A5061775910,W2115844672,first
A5039480864,W2896732351,first
A5011872726,W2896732351,last
A5064911702,W2916499232,first
A5044692320,W2916499232,last
A5007852895,W2944319818,first
A5053906377,W2971466976,last
A5049270107,W2976263363,first
A5009033408,W4242262613,first
A5004052154,W588575914,first
A5074197492,W2918428907,first
A5069740130,W3007133930,first
A5044836472,W3007133930,middle
A5013513157,W3007133930,last
A5085640653,W4253492115,first
A5089324504,W4253492115,last
A5065234561,W2913542295,first
A5017344436,W2913542295,middle
A5010248533,W2913542295,last
A5069094205,W3019286073,middle
A5005255629,W3019286073,last
A5037850380,W3157791599,middle
A5028299322,W4249015459,last
A5029344996,W4288877484,first
A5082538217,W4288877484,last
A5052117463,W2911631246,first
A5080014791,W3195079929,first
A5048239546,W3195079929,last
A5065659844,W2269173684,first
A5017674487,W2913354234,first
A5063872362,W2913354234,last
A5078043213,W2967755282,first
A5076670615,W2967755282,middle
A5049617212,W3024588933,first
A5001356995,W3024588933,last
A5005537180,W2922987634,first
A5067468354,W3113327296,last
A5009854878,W3195422128,first
A5059080134,W3195422128,middle
A5049705364,W3195422128,middle
A5024559252,W3195422128,middle
A5009125447,W3195422128,middle
A5074351354,W3195422128,middle
A5024959395,W3195422128,middle
A5001582187,W3195422128,last
A5018863343,W4246228662,first
A5026958336,W4246228662,middle
A5068364542,W2796080413,middle
A5062077023,W2916097329,first
A5034000581,W2979712029,first
A5015708841,W2979712029,last
A5051700680,W2995138985,first
A5010278056,W2995138985,middle
A5013663929,W2995138985,last
A5021110395,W4211215973,first
A5058220187,W4211215973,middle
A5046337437,W4211215973,last
A5012391118,W4241903662,first
A5060011918,W4241903662,last
A5045536133,W1537458971,first
A5049312755,W2904246413,first
A5075085472,W2953986104,first
A5066287429,W2953986104,middle
A5039988381,W2953986104,last
A5076642158,W2989815444,middle
A5054524069,W2989815444,middle
A5052441983,W2989815444,middle
A5089934056,W4211021267,middle
A5084826813,W4211021267,middle
A5070903558,W4245653629,first
A5083330935,W4250961344,last
A5036328726,W2965153324,first
A5007626898,W2965153324,last
A5022269446,W4230955629,first
A5021253350,W2912151597,first
A5067177193,W2912151597,last
A5001111807,W2961534947,first
A5088935199,W2995528299,first
A5003450294,W2995528299,middle
A5089135298,W2995528299,middle
A5064132416,W2995528299,last
A5067876142,W3112702808,first
A5010452641,W3112702808,last
A5011508990,W4240409582,first
A5033076583,W4240409582,middle
A5029634933,W2765878877,first
A5075524542,W2942671448,first
A5088559180,W314843828,first
A5055727966,W314843828,middle
A5025626208,W314843828,middle
A5077054199,W314843828,last
A5067125253,W4211001381,first
A5002914704,W4249545002,first
A5044073163,W4249545002,middle
A5029882375,W425217054,first
A5015931553,W1487254502,first
A5008289482,W2884002274,first
A5047846625,W2910861656,first
A5071999427,W2910861656,middle
A5080497628,W2910861656,middle
A5015090325,W2910861656,last
A5081352367,W2915422396,first
A5008287867,W2946479819,first
A5005809203,W3125219195,first
A5045156338,W3125219195,middle
A5078533571,W3125219195,last
A5048947828,W4231039736,first
A5022595755,W4249471282,first
A5076256836,W4249471282,last
A5020756135,W120464988,first
A5035194938,W120464988,last
A5069338587,W2468575729,first
A5072056394,W2934105405,first
A5083263818,W2947665865,first
A5076190433,W2961524461,first
A5034369995,W2961524461,last
A5078138776,W2971753805,middle
A5000975435,W3003476376,first
A5063496519,W3003476376,middle
A5082942970,W3003476376,middle
A5050552881,W3003476376,last
A5004741465,W623507298,first
A5025173961,W1603212054,first
A5021609168,W2914580393,first
A5049903935,W2914580393,last
A5007507262,W2948368715,first
A5075778250,W2948368715,last
A5082329552,W2961954039,first
A5014088772,W2961954039,last
A5069476728,W3000466840,first
A5031085660,W3000466840,middle
A5041100819,W4248811629,first
A5081855006,W4251508538,first
A5009138721,W4253953323,first
A5004050135,W565263165,first
A5056163624,W565263165,last
A5077876566,W641866653,first
A5029291566,W2907480184,first
A5052274381,W2912992318,first
A5006876719,W2919559268,first
A5057217204,W2919559268,middle
A5017323092,W2919559268,last
A5032379766,W2946926296,first
A5083874423,W2946926296,middle
A5087628687,W2946926296,last
A5049467216,W2977786941,first
A5002930599,W2977786941,last
A5001354783,W2995624592,middle
A5078141295,W2995624592,last
A5034420112,W3167534721,first
A5084771659,W3167534721,middle
A5051380291,W3167534721,last
A5015234830,W4235909547,first
A5038441898,W4245062903,first
A5079646839,W4252960622,first
A5005375076,W600816200,first
A5020620391,W2904457926,first
A5084187981,W2904457926,last
A5054848365,W2912002401,first
A5082955124,W2912002401,middle
A5000975435,W2912002401,last
A5077558625,W2944371175,first
A5081904333,W3200626838,first
A5067923262,W3200626838,middle
A5061834795,W3200626838,last
A5048424631,W4252253157,first
A5004584284,W4252253157,last
A5056238988,W4288948322,first
A5077860299,W2810657390,first
A5024660370,W2811187947,first
A5038915241,W2930844564,first
A5048428336,W2930844564,last
A5043441302,W2945155028,first
A5056646970,W4235096206,first
A5026655628,W4235096206,last
A5074444599,W4238818106,first
A5079988916,W4242940620,first
A5012622155,W4248302511,first
A5090743228,W2907379467,first
A5032945266,W2907379467,middle
A5051768325,W2907379467,last
A5002680245,W2981974386,first
A5023981151,W2987248367,first
A5048725993,W3133413229,first
A5066048721,W3133413229,middle
A5007748495,W3133413229,last
A5070083527,W3153379744,first
A5083611404,W3153379744,middle
A5082766647,W3153379744,middle
A5043809260,W3153379744,middle
A5071906892,W3153379744,last
A5085040644,W4210964061,first
A5017381278,W4211122380,first
A5060874303,W4211122380,middle
A5078824132,W4211122380,middle
A5050279286,W4211122380,last
A5064747944,W4249061834,first
A5066062789,W4249061834,last
A5071650924,W4254069959,first
A5037431552,W626520535,first
A5052730753,W1923851679,last
A5019300135,W2917257273,first
A5026494242,W2921979069,first
A5053073638,W2921979069,last
A5052212231,W2946360832,first
A5088128094,W2946360832,last
A5010851725,W2957480063,first
A5053985703,W3107005469,first
A5029060737,W4233610599,first
A5067555843,W4233610599,middle
A5070194221,W4233610599,last
A5057976646,W4285068936,first
A5003596925,W4286715222,first
A5015995542,W4286715222,last
A5086254011,W602717171,first
A5000925030,W602717171,last
A5090649077,W2562262019,first
A5087434304,W2562262019,last
A5090822920,W2767562930,first
A5058492651,W2810843734,first
A5068110218,W2886927150,first
A5089217677,W2886927150,middle
A5081402157,W2892452420,first
A5056692594,W2914596530,first
A5004116961,W2914596530,middle
A5071609442,W2914596530,middle
A5091226142,W2914596530,last
A5076099195,W2917146687,first
A5063421499,W2936087221,first
A5062823200,W2936087221,last
A5058666503,W2957633899,first
A5022131196,W2979520284,first
A5082528518,W2979520284,middle
A5055360778,W2979520284,middle
A5004116271,W2979520284,last
A5011232415,W2988585267,first
A5003146039,W2995413048,first
A5014675415,W2995413048,last
A5009556614,W2998820416,first
A5073138931,W2998820416,last
A5032664810,W3139724863,last
A5082840668,W35958824,last
A5055141682,W579472749,first
A5054276054,W593789711,first
A5011149925,W1522000680,first
A5068215038,W2810353156,first
A5037959766,W2908216486,first
A5012457650,W2908216486,middle
A5062846089,W2908216486,last
A5047233371,W2917565325,first
A5037066465,W2917565325,middle
A5054850777,W2917565325,last
A5012787740,W2924079068,first
A5069524542,W2945885630,first
A5028932552,W2945885630,middle
A5041121124,W2945885630,last
A5003564833,W2971539719,last
A5087064185,W2974927110,last
A5066044089,W3168779312,first
A5034097062,W4229704425,first
A5071168106,W4229704425,middle
A5075780861,W4229704425,last
A5001636587,W4244667252,first
A5074225230,W4245471118,first
A5042555123,W4245471118,last
A5011106475,W4247755631,first
A5043199495,W4249510973,first
A5016980595,W4249510973,middle
A5033670308,W4249510973,last
A5053773345,W2625569155,first
A5084548810,W2625569155,last
A5083938142,W2767358434,first
A5080269427,W2905384411,first
A5066130528,W2905384411,last
A5056309741,W2914216310,first
A5068282138,W2942742309,first
A5090567392,W2942742309,last
A5002189299,W2946031787,first
A5009930587,W2946031787,last
A5018138946,W2948506235,first
A5014866912,W2948506235,middle
A5037310413,W2948506235,middle
A5014855689,W2948506235,last
A5031067940,W2955629688,last
A5033473979,W2972608335,first
A5000893315,W2972608335,last
A5063590605,W3000651692,first
A5084444817,W3000651692,middle
A5035341014,W3000651692,last
A5077890878,W3003456448,first
A5049097823,W3003456448,last
A5062896251,W4211174396,first
A5016047570,W4211174857,first
A5080276145,W4211228677,first
A5054482827,W4211228677,middle
A5028908560,W4211228677,middle
A5052015648,W4211228677,last
A5078508874,W4239955583,first
A5073678932,W4239955583,last
A5012236267,W4242359507,first
A5075335677,W4246142702,first
A5057070917,W4253536484,first
A5078363854,W430994652,first
A5009384804,W2063943005,first
A5034889779,W2063943005,middle
A5063229067,W2063943005,middle
A5036010787,W2063943005,last
A5081589852,W2810586608,first
A5000856508,W2811239796,first
A5055416007,W2811239796,middle
A5061593701,W2811239796,last
A5032921208,W2917696072,first
A5007642188,W2953381595,first
A5039412958,W2953381595,middle
A5056555647,W2953381595,middle
A5004965117,W2953381595,last
A5057991167,W3003781888,first
A5006102391,W3003781888,middle
A5022846477,W3003781888,last
A5027751797,W3021047788,middle
A5087715869,W3021047788,middle
A5037377452,W3021047788,middle
A5059963141,W3206101061,first
A5077860299,W3209069841,first
A5046271847,W4231946312,first
A5060558756,W4233025913,first
A5024300982,W4250718396,first
A5081038628,W4250934960,first
A5015745975,W4250934960,last
A5044258528,W4252383015,last
A5042928213,W647495239,middle
A5057404933,W647495239,middle
A5020117895,W1552081923,first
A5045719394,W1552081923,last
A5029155705,W2889360629,first
A5053903265,W2893016637,first
A5080231752,W2912762242,first
A5050729402,W2912762242,middle
A5046665687,W2912762242,last
A5061964327,W2921681284,first
A5039006120,W2937431977,last
A5007049648,W2945952328,first
A5061181768,W2981041628,first
A5037648350,W2981041628,last
A5030569948,W2997384841,first
A5088272940,W2997384841,middle
A5067611632,W2997384841,middle
A5001870382,W2997384841,middle
A5026887700,W2997384841,middle
A5042611950,W2997384841,middle
A5064355568,W2997384841,last
A5034869909,W3019266674,middle
A5087963345,W3206465223,first
A5002662383,W4231301952,first
A5048060386,W4231301952,last
A5060447671,W4236780021,first
A5065990819,W4255778422,first
A5089110645,W2186664322,first
A5069799630,W2186664322,last
A5016478385,W2883062212,last
A5085421841,W2948809961,first
A5041428695,W2965088163,first
A5071577452,W2965088163,middle
A5072212864,W2965088163,last
A5043667154,W2969933057,first
A5034361203,W2979523787,middle
A5049581991,W3154066508,first
A5081162547,W3154066508,last
A5034738514,W4211231172,first
A5013698523,W4211231172,middle
A5072744508,W4211231172,last
A5080949463,W4232016243,first
A5075463763,W4232087195,first
A5024633466,W4236892861,first
A5074413224,W4236892861,last
A5026132957,W4243610690,first
A5029060737,W4244432315,first
A5067555843,W4244432315,middle
A5070194221,W4244432315,last
A5027629530,W4251816237,first
A5007287967,W4251816237,last
A5018556169,W4252596105,first
A5023911868,W4252859343,first
A5058899909,W565679989,first
A5067308324,W1873438795,first
A5041477124,W2478393397,first
A5058425203,W2478393397,middle
A5011056763,W2478393397,middle
A5052157244,W2514908068,first
A5067476738,W2531052556,first
A5076298605,W2531052556,last
A5073951597,W2886138053,first
A5000766463,W2886138053,last
A5081322718,W2892147200,first
A5051383936,W2943556297,first
A5077133596,W2943556297,middle
A5073901040,W2943556297,last
A5085321115,W2944487648,middle
A5062347426,W2946440715,first
A5021947145,W2946440715,middle
A5047421537,W2946440715,last
A5079293684,W2947903696,first
A5025816352,W2948361208,first
A5020248423,W2952957300,first
A5013301297,W2952957300,last
A5027042740,W2963961108,first
A5079617707,W2966735239,last
A5013561960,W2970800948,last
A5075724243,W2980388323,first
A5023733265,W3128780393,first
A5002908874,W3128780393,last
A5006524000,W3133586866,first
A5062784800,W3133586866,last
A5049130514,W3135248595,first
A5035432701,W3135248595,middle
A5066665154,W3135248595,last
A5083786042,W3173907100,last
A5050308357,W4211000643,first
A5028648657,W4211000643,middle
A5067608608,W4211000643,last
A5007585090,W4233919708,first
A5025816352,W4233919708,middle
A5028994376,W4233919708,last
A5071227555,W4234446291,first
A5085477174,W4234446291,last
A5001888939,W4235907943,first
A5017874234,W4235907943,last
A5041091856,W4254655948,first
A5060723344,W4254655948,last
A5020629689,W4255817052,last
A5064230075,W4256104881,first
A5076016306,W4288956373,first
A5066445402,W4288956373,middle
A5055757002,W4288956373,middle
A5008330299,W4288956373,last
A5032415790,W1956354834,first
A5006809009,W1956354834,middle
A5054994026,W1956354834,last
A5038675407,W2258882655,first
A5006445917,W2258882655,last
A5007715931,W2793045126,first
A5027131724,W2793045126,last
A5000151104,W2810768892,first
A5002076661,W2810768892,middle
A5059128927,W2810768892,middle
A5073230596,W2810768892,last
A5007057833,W2887138972,first
A5057898837,W2887138972,last
A5014115283,W2888056979,first
A5038799336,W2888719734,first
A5058448163,W2888719734,middle
A5070024779,W2888719734,middle
A5029587382,W2888719734,middle
A5053589381,W2888719734,last
A5061769343,W2903753578,first
A5038886027,W2913221338,first
A5024626195,W2917363624,first
A5053153176,W2918033599,first
A5069604107,W2918033599,middle
A5058999081,W2918033599,last
A5076819534,W2939017970,first
A5032752009,W2943215534,first
A5005072193,W2943215534,middle
A5055696539,W2944702747,first
A5023732780,W2944702747,last
A5058244834,W2945320301,first
A5003307854,W2945320301,last
A5058087521,W2955780589,last
A5035436098,W2963966579,first
A5081511982,W2969491324,first
A5022749233,W2969491324,middle
A5000975435,W2969491324,middle
A5026488168,W2969491324,last
A5005955193,W2970130330,first
A5083056452,W2970130330,last
A5069537054,W2972382531,first
A5030816616,W2972382531,last
A5026216991,W2996596757,first
A5016717457,W2996596757,middle
A5038606261,W2996596757,last
A5014405928,W3081141044,first
A5057420930,W3171252885,first
A5056884178,W3171252885,last
A5076643518,W4230143386,first
A5038514283,W4231713079,first
A5072069162,W4231713079,middle
A5021226854,W4231713079,middle
A5027063601,W4231713079,last
A5078026673,W4236891840,first
A5021247547,W4236891840,last
A5043151017,W4244906061,first
A5024620954,W4244906061,middle
A5082006408,W4244906061,middle
A5081095676,W4244906061,last
A5062101791,W4246447287,first
A5001301213,W4246447287,last
A5010930318,W4288949201,first
A5043699777,W4288949201,last
A5062959562,W573504857,first
A5028310850,W2188655692,first
A5073145218,W2887129834,first
A5029845097,W2887129834,last
A5031799782,W2900397926,middle
A5080886681,W2900397926,middle
A5007171832,W2902990691,last
A5060779928,W2904035102,first
A5006441565,W2904035102,middle
A5020227189,W2904035102,last
A5011855821,W2908139778,first
A5021102755,W2911593967,first
A5079123162,W2911593967,middle
A5081475465,W2911593967,last
A5089639500,W2912118192,first
A5018153533,W2912756257,first
A5091610469,W2913965389,first
A5089895760,W2913965389,last
A5045541136,W2922242405,middle
A5044489348,W2945488102,first
A5003217107,W2946411436,first
A5070205869,W2946411436,middle
A5082105962,W2946411436,middle
A5068708902,W2946411436,last
A5000574657,W2946848877,first
A5011611748,W2946848877,last
A5017741651,W2950284259,first
A5035513985,W2950284259,middle
A5052491056,W2950284259,last
A5012892619,W2953807250,first
A5086340700,W2953807250,last
A5055917015,W2955307542,middle
A5000937401,W2955307542,last
A5090666420,W2965094971,first
A5000975435,W2965094971,last
A5011855821,W2980711402,first
A5043498106,W2980711402,middle
A5081210463,W2980711402,middle
A5091294828,W2980711402,middle
A5040187583,W2980711402,last
A5062262911,W2983384896,first
A5011947087,W2986179274,first
A5061908942,W3033736971,first
A5017065683,W4211019247,first
A5067913601,W4232103527,first
A5091543149,W4233472122,first
A5036357902,W4233472122,last
A5079308157,W4235105928,first
A5018028924,W4237637094,first
A5025186036,W4251560356,last
A5086664114,W4253463119,first
A5085216249,W4253463119,last
A5053775104,W4256077201,first
A5019789320,W4256649110,first
A5029470579,W4256649110,last
A5064928816,W593078042,first
A5074605796,W1903291729,last
A5025002723,W2068433740,middle
A5079927813,W2068433740,middle
A5033194602,W2068433740,middle
A5081691897,W2068433740,middle
A5007692904,W2068433740,middle
A5016999419,W2068433740,last
A5039029789,W2625049090,first
A5033957848,W2809666375,first
A5051060321,W2809666375,last
A5059809107,W2809769659,first
A5085517911,W2809769659,middle
A5055768874,W2809769659,middle
A5001960238,W2811150668,first
A5006036318,W2899296819,first
A5038755734,W2901398396,first
A5081056211,W2901398396,last
A5033918541,W2903927628,first
A5051490672,W2903927628,last
A5051528024,W2904112051,first
A5040326513,W2904112051,last
A5051206308,W2906345850,first
A5009360886,W2906345850,middle
A5087675371,W2906345850,last
A5016461312,W2908512741,first
A5091711243,W2908512741,last
A5004580127,W2910762152,middle
A5087220806,W2911056351,first
A5012957543,W2915616549,first
A5044650487,W2915689087,first
A5037020023,W2917118757,middle
A5015382568,W2917118757,last
A5028592528,W2947015376,first
A5067183535,W2951240608,first
A5013890247,W2951656044,last
A5009535466,W2954756247,first
A5066091706,W2954756247,last
A5077008561,W2966564104,first
A5013005333,W2972932245,first
A5034647327,W2973152224,first
A5085978840,W2973152224,middle
A5067803328,W2973152224,middle
A5020817426,W2973152224,middle
A5019338743,W2973152224,last
A5003269780,W2974321032,first
A5033087190,W2974321032,last
A5088920905,W2995889709,first
A5067020437,W2996301255,first
A5043040471,W2996301255,last
A5033753600,W2997486371,first
A5044704830,W2997486371,last
A5076881624,W4206678871,first
A5059225875,W4206678871,last
A5030442054,W4210971297,middle
A5047033713,W4210971297,last
A5031140380,W4235255537,first
A5083536121,W4236296971,first
A5074468053,W4237671178,first
A5085099465,W4238684926,first
A5023333652,W4243043513,first
A5025092767,W4243043513,last
A5041843517,W4244890069,first
A5031670705,W4245441734,first
A5034534839,W4246177365,first
A5084386819,W4246525604,first
A5081942889,W4250012458,first
A5068645158,W4251722996,last
A5053424176,W4255531613,first
A5019533041,W1533896925,first
A5019059480,W2497762314,first
A5018900178,W2506076252,first
A5039115104,W269571151,first
A5039639484,W2809801501,first
A5033133001,W2891886346,first
A5044394722,W2904335410,first
A5034739083,W2904335410,middle
A5050289117,W2904335410,middle
A5046679226,W2904335410,last
A5041100819,W2909703423,first
A5050186152,W2920895675,last
A5068017280,W2925200343,middle
A5009000710,W2928929598,first
A5000128668,W2951985079,first
A5071959897,W2951985079,last
A5030938279,W2956193537,last
A5073243849,W2960307330,first
A5065866615,W2960307330,middle
A5016047570,W2962567350,first
A5017375713,W2962988929,first
A5070757521,W2965150996,first
A5087545205,W2965225022,first
A5068612384,W2967441352,first
A5048261783,W2967441352,last
A5074542391,W2968332714,first
A5065688079,W2968332714,last
A5010379237,W2969432693,first
A5091880648,W2969432693,middle
A5007708163,W2969432693,last
A5015320417,W2972031508,middle
A5009639508,W2972031508,middle
A5063052820,W2972031508,middle
A5042187082,W2972031508,last
A5031048414,W2975653430,first
A5038291268,W2977741895,first
A5016378430,W2979567512,first
A5013560471,W2980598514,middle
A5011946403,W2980723478,middle
A5091893294,W2993796282,first
A5033777007,W2995769774,first
A5045047767,W2995769774,middle
A5012027004,W2995769774,middle
A5022473701,W2995769774,middle
A5005836086,W2995769774,middle
A5065335369,W2995769774,middle
A5072618249,W2995769774,middle
A5038483307,W2995769774,middle
A5011896965,W2995769774,middle
A5000445240,W2995769774,middle
A5021022320,W2995769774,middle
A5019773230,W2995769774,middle
A5022710074,W2995769774,middle
A5033248308,W2995769774,middle
A5051132163,W2995769774,middle
A5010766325,W2995769774,middle
A5044510961,W2995769774,middle
A5009733809,W2995769774,last
A5050967195,W2997168584,last
A5068952677,W2997499777,first
A5058341948,W2997499777,last
A5050967195,W2998335887,last
A5000514789,W3006123463,first
A5017130492,W3006123463,last
A5078138776,W3015131154,last
A5026042163,W3130793481,first
A5001404194,W3130793481,last
A5058247448,W3131476742,first
A5069753659,W3131476742,last
A5067714910,W3136973481,last
A5038019914,W3138419783,first
A5025097632,W3138419783,last
A5080132275,W3155315477,first
A5083690971,W3155315477,last
A5035182513,W4205816038,first
A5044271294,W4232789239,first
A5006755636,W4238774105,first
A5077729027,W4239018253,first
A5082479164,W4239198127,first
A5009828854,W4239198127,last
A5059883724,W4239250963,first
A5077536927,W4241143063,first
A5005397448,W4241874602,first
A5060288254,W4247260960,first
A5030188718,W4249724716,first
A5078386058,W4249724716,last
A5065919029,W562758230,first
A5074323303,W1661924666,last
A5019280525,W2854988840,first
A5009932489,W2889075913,first
A5058182410,W2889075913,middle
A5054395599,W2889075913,middle
A5034486931,W2889075913,last
A5085698418,W2889249800,first
A5051297830,W2889249800,middle
A5015011245,W2889249800,last
A5001770010,W2894452480,first
A5055594838,W2894452480,last
A5041191852,W2899419872,first
A5015778752,W2899419872,middle
A5077456710,W2899419872,last
A5033184508,W2902464624,first
A5008641524,W2902464624,middle
A5083485740,W2902464624,middle
A5076676327,W2902464624,middle
A5079321547,W2902464624,last
A5039018205,W2908762922,first
A5037883062,W2908762922,last
A5078848805,W2911328917,first
A5069386158,W2913787508,first
A5013602621,W2913787508,last
A5056394412,W2913964481,first
A5084670721,W2917495148,first
A5056657991,W2917495148,middle
A5021477680,W2917495148,last
A5087997739,W2917719159,first
A5026658144,W2932616388,first
A5088568415,W2938279337,first
A5078910758,W2938279337,last
A5075172069,W2941077969,first
A5086117892,W2941077969,last
A5050390856,W2942426327,first
A5007669377,W2946236133,first
A5006986293,W2947624463,last
A5086264262,W2950299689,last
A5063094112,W2955046481,middle
A5050221886,W2970007690,first
A5083298304,W2971346122,first
A5056617120,W2971346122,last
A5064482682,W2976826091,first
A5045258021,W2981373447,first
A5055264305,W2981373447,last
A5005820344,W2981869565,first
A5005820344,W2981869565,middle
A5077345668,W2981869565,middle
A5077345668,W2981869565,last
A5016706200,W2989727765,first
A5071582618,W2991341169,first
A5089323326,W2997201493,first
A5083621682,W2997201493,last
A5006360335,W2999249323,first
A5027728817,W2999249323,middle
A5031788095,W2999249323,last
A5008076228,W3008872642,first
A5068190748,W3008872642,middle
A5018443722,W3008872642,middle
A5006051783,W3008872642,last
A5053327055,W3101321513,first
A5035001911,W3101321513,middle
A5006048318,W3101321513,middle
A5014498545,W3101321513,last
A5061311057,W3104183073,first
A5061237128,W3104183073,last
A5091866119,W3142178029,middle
A5046046339,W3142178029,middle
A5000911721,W3142178029,middle
A5072151614,W3142178029,last
A5044672544,W3155517441,first
A5065664393,W3155517441,last
A5053906377,W3209100641,last
A5053906377,W3210246979,last
A5020493508,W4205334708,first
A5045048407,W4205334708,middle
A5083090794,W4205334708,last
A5024711700,W4210365832,first
A5075301188,W4214879626,first
A5004284824,W4230551243,first
A5045251213,W4232472943,middle
A5012061956,W4235657834,first
A5078677430,W4236885356,first
A5027316186,W4239395901,first
A5048223855,W4243111020,first
A5091082682,W4243111020,last
A5058865022,W4243343470,first
A5047000806,W4244302797,first
A5066720988,W4244488412,first
A5073323239,W4245512376,first
A5052099956,W4250861157,first
A5051444342,W4250861157,middle
A5001276604,W4250861157,middle
A5071478953,W4250861157,middle
A5040315727,W4250861157,middle
A5078667919,W4251995852,first
A5040515096,W4252488734,first
A5068923033,W4252488734,last
A5069723687,W4252937853,first
A5077744921,W4254992124,last
A5046933025,W4255584410,first
A5072308822,W4256688191,first
A5058659834,W4256688191,middle
A5009128577,W4293162521,first
A5049437648,W4293162521,middle
A5053028480,W4293162521,middle
A5047144042,W4293162521,last
A5058242415,W588210347,first
A5081560202,W588267177,middle
A5051443961,W588267177,middle
A5080994838,W2059211957,first
A5005387781,W2104830033,first
A5019504861,W2104830033,last
A5043020378,W2276199739,first
A5050286338,W2733429188,first
A5050012170,W2733429188,last
A5057566188,W2784401476,first
A5041253713,W2784401476,middle
A5041230403,W2784401476,middle
A5012865337,W2784401476,last
A5066913199,W2794120854,first
A5003563648,W2794120854,middle
A5039785567,W2794120854,last
A5082955124,W2809795610,first
A5016129540,W2885829334,first
A5000266144,W2885829334,middle
A5027498937,W2885829334,middle
A5036186948,W2885829334,last
A5030124671,W2887119562,last
A5023619833,W2894118474,first
A5029298879,W2894118474,middle
A5033006881,W2894118474,last
A5004084740,W2904722963,first
A5007506428,W2904722963,middle
A5051895369,W2904722963,middle
A5008138587,W2904722963,middle
A5063257752,W2904722963,last
A5033914283,W2904730701,first
A5087542455,W2904730701,last
A5008694508,W2908085509,first
A5022994461,W2910131314,first
A5069014785,W2910131314,middle
A5088765569,W2910131314,last
A5005380528,W2910632193,first
A5037642487,W2911428373,first
A5042276212,W2912947211,first
A5067580558,W2914288513,first
A5091534378,W2914288513,middle
A5042663603,W2914288513,last
A5007901804,W2918272093,first
A5074462216,W2918272093,middle
A5066624955,W2918272093,middle
A5054830434,W2918272093,middle
A5069754084,W2918272093,middle
A5041432805,W2918272093,middle
A5034155716,W2918272093,middle
A5083330935,W2920737451,last
A5025881868,W2921030598,first
A5063358572,W2922084197,first
A5019539533,W2923098003,last
A5073413581,W2938895942,first
A5083150749,W2939640659,first
A5042700310,W2939640659,middle
A5080276145,W2940130395,first
A5054482827,W2940130395,middle
A5028908560,W2940130395,middle
A5052015648,W2940130395,last
A5052408909,W2943632079,first
A5048424631,W2946599814,first
A5044050863,W2946990840,first
A5005837856,W2946990840,middle
A5020518108,W2946990840,middle
A5053636147,W2946990840,middle
A5031572595,W2946990840,last
A5003035325,W2949151703,first
A5075301188,W2950578024,first
A5074838698,W2950578024,middle
A5075661874,W2950578024,last
A5010235946,W2951645988,middle
A5019835750,W2951645988,middle
A5077363166,W2954837037,first
A5003982643,W2955643984,first
A5067954492,W2955841847,first
A5074160516,W2955841847,last
A5033982196,W2970171343,last
A5010705375,W2971770158,middle
A5071123956,W2971770158,middle
A5042276212,W2972039637,first
A5017873450,W2972056678,first
A5045767808,W2972056678,middle
A5008897549,W2972056678,last
A5013309071,W2976103403,first
A5050060845,W2979899550,first
A5050060845,W2979899550,last
A5005600519,W2980217775,first
A5034695211,W2980774550,first
A5055355687,W2980774550,last
A5006692511,W2988029230,first
A5066790190,W2988029230,last
A5090690248,W2995008866,first
A5038509051,W2997306672,first
A5062125482,W2997306672,last
A5085504277,W2998164266,first
A5046534630,W2998164266,middle
A5071848387,W2998164266,last
A5084330621,W3015734960,last
A5009916706,W3029100843,first
A5014132045,W3030657117,first
A5041735911,W3045417706,first
A5078917036,W3045417706,last
A5049103719,W3083639274,middle
A5002134055,W3083639274,middle
A5049772908,W3092534834,first
A5030314469,W3092534834,last
A5071887541,W3092623489,first
A5000779521,W3092623489,middle
A5032103649,W3092623489,middle
A5071838215,W3092623489,middle
A5042103095,W3092623489,last
A5084483312,W3150322372,first
A5029745850,W3159893472,middle
A5086617771,W3159893472,middle
A5058135087,W3159893472,last
A5072465067,W3182006211,first
A5026590666,W4211045102,first
A5081784013,W4211060606,first
A5076518905,W4211060606,middle
A5011288866,W4211060606,middle
A5015168828,W4211060606,last
A5055029056,W4211159765,first
A5005744892,W4211166142,first
A5069573186,W4230048278,first
A5022977818,W4231878552,first
A5076255987,W4231878552,last
A5036707627,W4233425962,first
A5053542806,W4233578235,first
A5009958418,W4237355213,first
A5081458703,W4237355213,last
A5072450540,W4237674246,first
A5081664259,W4237674246,middle
A5009377962,W4237674246,last
A5071092440,W4238184613,first
A5019758037,W4239284967,first
A5050592031,W4240367438,first
A5075615856,W4240367438,last
A5029445830,W4246342092,first
A5075313163,W4246342092,middle
A5060190356,W4246342092,last
A5042327650,W4247192382,first
A5002791501,W4247192382,last
A5066130528,W4247319040,first
A5080269427,W4247319040,last
A5087163154,W4247507208,first
A5042006491,W4249881878,first
A5081756803,W4252021213,first
A5043917822,W4254531059,first
A5016701546,W4255556367,first
A5017062846,W4255556367,last
A5020601958,W4255909952,first
A5042841642,W4255909952,last
A5028079160,W4288854368,first
A5071227510,W4288854368,middle
A5044490167,W4288854368,last
A5049225160,W4293162418,middle
A5018663904,W4293162418,last
A5088229573,W605051212,first
A5076246721,W645155501,first
A5008926481,W645155501,middle
A5027147623,W645155501,middle
A5045816451,W2785090265,first
A5001064277,W2811247243,first
A5025624802,W2811247243,middle
A5035697252,W2811247243,last
A5030875842,W2811256290,first
A5009531144,W2811256290,last
A5064231378,W2811313609,first
A5062121176,W2811313609,middle
A5017448142,W2811313609,middle
A5081591237,W2811313609,last
A5010520325,W2887348704,first
A5085428364,W2888367184,last
A5086121202,W2889310616,last
A5058271347,W2896589402,last
A5003238722,W2900913184,first
A5040323322,W2906702196,first
A5087825639,W2906702196,middle
A5050500595,W2906702196,last
A5018512487,W2911468580,first
A5081770594,W2911468580,middle
A5035114603,W2911468580,last
A5064180238,W2914106782,first
A5089537512,W2915943543,first
A5047664773,W2915969587,first
A5039627791,W2915969587,last
A5024943139,W2916839970,last
A5065313479,W2922511810,first
A5038148603,W2922511810,middle
A5013545831,W2922511810,middle
A5084122016,W2922511810,last
A5043820740,W2939590637,first
A5008348191,W2939590637,last
A5057868790,W2942485116,first
A5040391431,W2942485116,last
A5037231681,W2944919863,first
A5007500988,W2944919863,middle
A5033883733,W2944919863,last
A5067434821,W2945359358,first
A5055326119,W2946232218,first
A5024463145,W2946232218,last
A5038798689,W2946737911,first
A5053413465,W2946737911,middle
A5040594814,W2946737911,middle
A5006705415,W2946737911,last
A5067900602,W2947178435,first
A5013219172,W2947178435,last
A5051741024,W2949287708,first
A5055283040,W2949500433,first
A5071762895,W2949614707,first
A5081516948,W2951708103,first
A5083994661,W2953971141,first
A5053222355,W2953971141,last
A5003703208,W2954177327,first
A5074771697,W2954177327,middle
A5038710898,W2954177327,middle
A5021697983,W2954177327,middle
A5019114582,W2954177327,middle
A5055485772,W2954177327,middle
A5044126538,W2954177327,middle
A5038212207,W2954177327,middle
A5010051854,W2954177327,middle
A5020723477,W2954177327,middle
A5040259613,W2954177327,middle
A5032365556,W2954177327,middle
A5078321748,W2954177327,middle
A5072985436,W2954177327,middle
A5002431078,W2954177327,middle
A5052104584,W2954177327,middle
A5067431435,W2954177327,middle
A5066361511,W2954177327,middle
A5027388815,W2954177327,middle
A5071593628,W2954177327,middle
A5053176097,W2954177327,middle
A5080727648,W2954177327,middle
A5084640876,W2955003153,first
A5019016567,W2955252297,first
A5030936455,W2955252297,middle
A5065624271,W2955485373,first
A5060169206,W2955485373,last
A5007859843,W2955850653,middle
A5091287971,W2958432629,first
A5086846102,W2968131959,first
A5036734067,W2968200530,first
A5065806480,W2968200530,middle
A5033177441,W2968200530,last
A5015144461,W2970583721,first
A5065817999,W2970583721,middle
A5078655936,W2970583721,last
A5041725375,W2971193470,first
A5045802600,W2971759167,middle
A5022145178,W2971759167,last
A5067432142,W2972236251,first
A5063116902,W2972236251,middle
A5018564769,W2972927334,last
A5027577443,W2973548471,middle
A5050435146,W2973548471,middle
A5022185440,W2973548471,middle
A5051414570,W2973548471,middle
A5088340541,W2973548471,middle
A5067670831,W2974181377,middle
A5050690094,W2974181377,last
A5006393105,W2979744476,first
A5050182143,W2979744476,last
A5000865491,W2979828741,first
A5054008223,W2981156853,first
A5036354328,W2981156853,last
A5018028924,W2981617988,first
A5060252891,W2987485849,first
A5011055286,W2989848987,first
A5024554540,W2991549002,first
A5009470458,W2991549002,last
A5006151881,W2991868466,first
A5027830035,W2991868466,last
A5013520700,W2994181145,middle
A5041750449,W2994181145,last
A5021725041,W2994272247,first
A5080949463,W2994680519,first
A5006087197,W2998011351,first
A5046011595,W3008320076,first
A5024124948,W3008320076,middle
A5065365889,W3008320076,last
A5058816331,W3022373128,middle
A5006473340,W3034100515,first
A5028224738,W3043644646,first
A5072920184,W3081883563,first
A5038493526,W3087888574,first
A5006061619,W3087888574,middle
A5043855577,W3087888574,last
A5005537180,W3094924617,first
A5085545595,W3094924617,last
A5059276420,W3095626054,first
A5020968689,W3111529637,middle
A5029398803,W3111529637,last
A5067816312,W3132368387,first
A5010649232,W3132368387,middle
A5005267701,W3132368387,last
A5005792924,W3168838370,first
A5043874320,W3168838370,middle
A5063095022,W3168838370,middle
A5047980012,W3168838370,last
A5033632230,W3174779228,last
A5011829386,W3195571952,first
A5005003786,W3195571952,middle
A5051468452,W3195571952,middle
A5005520151,W3195571952,last
A5000846525,W4211189888,first
A5059470360,W4232068232,first
A5080836593,W4232336062,first
A5006710481,W4232336062,middle
A5064235058,W4232336062,last
A5061278664,W4233211423,first
A5062268595,W4233305924,first
A5050718141,W4233305924,middle
A5033773480,W4233305924,middle
A5078633907,W4233305924,middle
A5087995658,W4233305924,last
A5005585461,W4233436702,first
A5035337020,W4236042289,first
A5045569119,W4236111406,first
A5036137202,W4237632142,first
A5025382997,W4239119201,first
A5006900697,W4240727087,first
A5006247402,W4242246168,first
A5025698353,W4242246168,middle
A5084828937,W4242246168,last
A5081860562,W4243589523,first
A5078959213,W4245485466,first
A5081558792,W4247942716,first
A5078223655,W4248299268,middle
A5067230761,W4248808685,first
A5016353717,W4252685745,first
A5043920881,W4252685745,middle
A5010867791,W4252685745,last
A5036977349,W4253010568,first
A5008749412,W4255876106,first
A5057516146,W4256147785,middle
A5006234673,W4256147785,last
A5052724932,W4288560059,first
A5069292182,W4288560059,last
A5027222013,W567552776,middle
A5047064481,W567552776,last
A5054060194,W568668324,last
A5028047212,W638669317,first
A5063754395,W1510341911,first
A5004108130,W2313373749,first
A5030503109,W2416140250,first
A5002062627,W2563556795,first
A5024626195,W2786470761,first
A5032043599,W2786470761,middle
A5045415159,W2786470761,middle
A5006203581,W2786470761,middle
A5014758459,W2786470761,middle
A5036915320,W2786470761,middle
A5028555421,W2786470761,middle
A5014913261,W2786470761,middle
A5019308548,W2786470761,last
A5040156274,W2801776653,first
A5057790948,W2801776653,middle
A5067794123,W2801776653,middle
A5064077634,W2801776653,last
A5000856953,W2811301057,first
A5052840306,W2811301057,middle
A5082955124,W2811301057,last
A5085060723,W2825412142,first
A5088952968,W2825412142,last
A5025624802,W2886812126,middle
A5043052453,W2886812126,last
A5048848307,W2889031684,first
A5017213156,W2889031684,middle
A5020514606,W2889031684,middle
A5009750573,W2889031684,last
A5088574352,W2903696633,first
A5081341246,W2907778044,middle
A5001654210,W2907778044,last
A5023811159,W2907841114,first
A5029251059,W2908101601,first
A5075610993,W2908101601,last
A5014652435,W2911829831,first
A5079401596,W2911829831,middle
A5001725467,W2911829831,middle
A5024515893,W2911829831,middle
A5070646424,W2911829831,middle
A5017485623,W2911829831,last
A5077015931,W2913694863,first
A5043525697,W2913694863,middle
A5085845933,W2913694863,last
A5024010395,W2913997766,first
A5043981230,W2913997766,last
A5083449995,W2914599441,first
A5035784772,W2914928186,first
A5059081790,W2914928186,last
A5077919262,W2915211700,first
A5012482178,W2918032799,first
A5047048537,W2918032799,last
A5001412554,W2918888973,first
A5079189391,W2918948894,first
A5004135399,W2919699810,last
A5041231081,W2921666969,first
A5091839023,W2922522565,first
A5005825146,W2923903491,first
A5076344816,W2929361466,first
A5064231378,W2929361466,middle
A5008264345,W2929361466,last
A5019313671,W2934746116,last
A5065797206,W2935689779,first
A5032073050,W2938140497,middle
A5038912417,W2938140497,last
A5043680165,W2940673130,first
A5064747944,W2940794045,first
A5066062789,W2940794045,last
A5078490047,W2943550341,first
A5064158426,W2943550341,middle
A5017042977,W2943550341,last
A5006637901,W2943873864,first
A5014539715,W2943873864,middle
A5091078528,W2943873864,middle
A5025137805,W2943873864,last
A5000679405,W2945073212,first
A5017997662,W2946339137,first
A5051753781,W2946339137,last
A5029531769,W2946679155,first
A5006685271,W2946954371,first
A5064454383,W2946954371,middle
A5076524645,W2946954371,last
A5020674626,W2948432847,first
A5074668069,W2953232094,first
A5011976667,W2954526392,first
A5052325527,W2954526392,middle
A5040168370,W2954526392,last
A5034738514,W2954745523,first
A5013698523,W2954745523,middle
A5072744508,W2954745523,last
A5005211355,W2955749291,last
A5011780856,W2958986466,first
A5047871627,W2959850507,first
A5036742614,W2960627154,first
A5054225849,W2961286307,first
A5079998959,W2961342514,last
A5041029240,W2962407591,middle
A5035138650,W2969757296,first
A5060909519,W2969757296,last
A5020074265,W2970607986,first
A5041724300,W2971102925,first
A5068952677,W2971379244,first
A5058341948,W2971379244,last
A5083150749,W2972155390,first
A5049986549,W2972155390,middle
A5038377162,W2972240871,first
A5025092767,W2972240871,last
A5032073728,W2972561728,middle
A5006668005,W2972561728,middle
A5053355335,W2972561728,middle
A5060413415,W2972561728,middle
A5052745901,W2972561728,middle
A5000753191,W2972561728,middle
A5040527710,W2972561728,last
A5064170342,W2972641130,first
A5076942195,W2973161238,first
A5019637921,W2974805366,first
A5029785409,W2980060632,first
A5081527786,W2980694107,first
A5033802529,W2981237685,first
A5072252688,W2981237685,last
A5049526291,W2981392677,first
A5088121909,W2982033158,first
A5054654905,W2982124519,first
A5059349806,W2990219098,first
A5002317357,W2990219098,middle
A5005136840,W2990219098,last
A5058861950,W2990283960,first
A5033585021,W2990283960,middle
A5018051274,W2990283960,last
A5006767062,W2991378686,first
A5073132002,W2993075913,first
A5010951460,W2993075913,last
A5047004204,W2993653928,first
A5035743198,W2994030693,first
A5081349713,W2994624886,middle
A5068319057,W2994624886,middle
A5079799764,W2994863241,middle
A5053364898,W2995132231,first
A5070049696,W2995746269,first
A5059968938,W2995746269,last
A5051975534,W2995791517,first
A5022781127,W2996016097,first
A5085877514,W2996096975,first
A5046941095,W3000469744,first
A5029087825,W3001464259,first
A5046271847,W3001516081,first
A5030546138,W3003987377,middle
A5058723948,W3003987377,middle
A5022733966,W3003987377,middle
A5034468652,W3005315582,first
A5056752134,W3005315582,middle
A5069081719,W3005315582,middle
A5031252104,W3005315582,last
A5005417132,W3021767844,first
A5061507436,W3021767844,middle
A5017638706,W3021767844,middle
A5005404030,W3021767844,last
A5073592501,W3022975673,first
A5016737969,W3022975673,middle
A5051577803,W3022975673,last
A5058407177,W3045075642,first
A5052775844,W3045075642,middle
A5039951150,W3045075642,middle
A5089029287,W3045075642,last
A5010367802,W3094125674,first
A5089303042,W3094292804,first
A5056891234,W3107775714,first
A5082896196,W3109593469,middle
A5063116316,W3113922701,middle
A5029746953,W3113922701,middle
A5008260426,W3113922701,middle
A5003105685,W3117896059,first
A5078419084,W3117896059,last
A5005570116,W3122013438,first
A5004181293,W3124121683,first
A5055996291,W3124121683,last
A5031530862,W3133654237,first
A5066453986,W3148414604,first
A5088603120,W3148414604,middle
A5016913873,W3148414604,middle
A5082780445,W3148414604,middle
A5003165248,W3148414604,middle
A5042954245,W3148414604,middle
A5010098619,W3148414604,middle
A5008663838,W3148414604,middle
A5075773750,W3148414604,middle
A5077355295,W3148414604,last
A5005367514,W3157619659,first
A5004790787,W3199967129,first
A5037487330,W3215645101,first
A5034766822,W3215645101,last
A5053404607,W40693060,first
A5058816575,W4205536048,first
A5013025849,W4205536048,middle
A5013635993,W4205536048,middle
A5041338608,W4205536048,last
A5022295744,W4211122778,first
A5042237070,W4211194325,first
A5016346978,W4231824164,first
A5072067836,W4231824164,last
A5004167801,W4233277612,middle
A5038037619,W4233277612,last
A5049367654,W4234452962,first
A5050970535,W4234452962,middle
A5000542434,W4234452962,middle
A5032168348,W4234452962,middle
A5087925546,W4234452962,last
A5051106548,W4235014574,first
A5082719997,W4236665255,first
A5082800407,W4237175649,middle
A5079915173,W4237175649,middle
A5071546667,W4238500270,first
A5037243181,W4239498056,first
A5057404413,W4240361431,first
A5014088772,W4240738883,last
A5019773230,W4240989617,first
A5024897779,W4242196518,first
A5087366883,W4248768477,last
A5050926125,W4250948876,first
A5081179020,W4251712866,first
A5046446215,W4254704896,first
A5084865620,W4255031137,first
A5040520594,W4255533038,first
A5049222075,W4255533038,middle
A5040934830,W4255533038,middle
A5044944680,W4255588977,first
A5020626208,W4285789636,last
A5062980212,W4286825705,first
A5062556210,W4288832365,first
A5006855775,W4288933090,first
A5014054715,W431999038,first
A5064392949,W583110642,first
A5034993183,W596938531,first
A5074859269,W614912894,first
A5071403765,W939522566,first
A5049751565,W1518365223,last
A5030843474,W1531768398,last
A5033447682,W1574319663,middle
A5077883062,W1660880119,first
A5075542475,W2496451387,first
A5014932104,W2523543939,first
A5041065351,W2583804548,first
A5047033713,W2726231779,first
A5091756520,W2726231779,last
A5067391026,W2776432883,first
A5065588377,W2776432883,middle
A5034078220,W2776432883,last
A5018932510,W2810359697,first
A5042610170,W2883742870,first
A5054348081,W2883742870,middle
A5046201498,W2883742870,last
A5031572202,W2884974267,first
A5080435987,W2884974267,last
A5046011595,W2885215874,first
A5056339289,W2888949910,first
A5034204425,W2889637099,first
A5082727915,W2889637099,middle
A5012156289,W2889637099,middle
A5065331285,W2889637099,last
A5081847831,W2892014396,middle
A5045298985,W2892014396,middle
A5005003984,W2892014396,last
A5047220534,W2895373811,first
A5044124492,W2895373811,middle
A5084223766,W2895373811,last
A5020474429,W2901255804,first
A5076576641,W2901255804,middle
A5005228053,W2901255804,middle
A5034348483,W2901255804,middle
A5051406984,W2901255804,last
A5015220542,W2904041050,first
A5047154090,W2904609579,first
A5085887146,W2907264502,first
A5045973133,W2907264502,middle
A5008824437,W2907264502,last
A5008835229,W2908783217,first
A5065311952,W2908783217,middle
A5047622238,W2908783217,middle
A5057674473,W2908783217,last
A5012622155,W2908840880,first
A5015444563,W2908975593,last
A5041697195,W2909238228,last
A5041873075,W2910086928,first
A5091711243,W2910086928,last
A5054750708,W2913088375,first
A5042555123,W2913088375,last
A5038318637,W2913449623,first
A5050308357,W2915100019,first
A5028648657,W2915100019,middle
A5067608608,W2915100019,last
A5089934056,W2915735674,middle
A5084826813,W2915735674,middle
A5085389578,W2916784094,middle
A5034519837,W2916784094,last
A5077267552,W2916814366,first
A5037569719,W2917183823,first
A5053095588,W2919419240,first
A5090951621,W2920859547,first
A5034534839,W2921101272,first
A5062167852,W2921906961,first
A5080048573,W2921906961,last
A5064160495,W2922145648,last
A5019460716,W2923156443,first
A5085516983,W2925098569,first
A5079852738,W2925783402,middle
A5018637485,W2926700873,first
A5084886541,W2926700873,middle
A5017270391,W2926700873,middle
A5017270391,W2926700873,last
A5052296832,W2937179784,first
A5064753715,W2937179784,last
A5060288254,W2937778029,first
A5055210685,W2939873631,first
A5062090450,W2941883145,first
A5049583553,W2942013485,first
A5029479248,W2942013485,middle
A5038463100,W2942013485,middle
A5051531853,W2942013485,last
A5084795086,W2942677707,first
A5062428729,W2943105260,first
A5063285107,W2943656145,first
A5074402654,W2943656145,middle
A5025546069,W2944235954,last
A5045321275,W2944697895,first
A5072435341,W2944704185,first
A5019597653,W2944704185,middle
A5047536846,W2944704185,last
A5026540169,W2945978055,first
A5009627273,W2945978055,middle
A5038037619,W2945978055,last
A5091521402,W2946066895,last
A5040515096,W2946531068,first
A5068923033,W2946531068,last
A5038816870,W2946710604,middle
A5081648033,W2946710604,middle
A5067683617,W2946710604,last
A5038254582,W2947103396,first
A5030657709,W2947103396,middle
A5086489846,W2947103396,middle
A5037096002,W2947103396,middle
A5018311859,W2947103396,last
A5006906149,W2947464310,first
A5069890042,W2949050249,first
A5000574657,W2950199696,first
A5011611748,W2950199696,last
A5047382491,W2950839388,first
A5035432679,W2951680343,first
A5029674397,W2953249578,first
A5064753751,W2953729764,first
A5074226176,W2953729764,middle
A5041712674,W2953729764,last
A5026597269,W2954311232,first
A5012084243,W2954382153,first
A5072832313,W2954937742,first
A5026590666,W2954982893,first
A5026176583,W2955236192,last
A5003379256,W2955413891,middle
A5067826654,W2955413891,middle
A5058853558,W2955413891,middle
A5009408479,W2955413891,middle
A5065555733,W2955413891,last
A5042850419,W2955754537,first
A5004068943,W2956276429,first
A5038792461,W2964210261,last
A5054865602,W2964636929,first
A5009175846,W2970072621,first
A5016002546,W2971233929,first
A5069249641,W2972163513,first
A5003730523,W2972289831,first
A5083831729,W2972289831,middle
A5066020847,W2972289831,middle
A5014799780,W2972289831,last
A5088083457,W2972350898,first
A5023317293,W2972583756,first
A5061141332,W2972583756,middle
A5087266445,W2972583756,middle
A5005554011,W2972583756,middle
A5058323499,W2972583756,middle
A5026072485,W2972583756,middle
A5037350907,W2972764546,last
A5090148679,W2972876153,first
A5039377622,W2972876153,last
A5012359252,W2974092529,first
A5052736219,W2974505037,middle
A5042238952,W2974505037,last
A5009211375,W2976814901,first
A5001369620,W2977868852,first
A5010536779,W2977868852,middle
A5083128555,W2977868852,middle
A5070060702,W2979317402,first
A5051297402,W2979317402,last
A5027333823,W2981300882,first
A5021671020,W2981300882,middle
A5055732608,W2981345014,first
A5056303339,W2981573258,first
A5068645158,W2981573258,last
A5005504727,W2982717947,first
A5055882886,W2983894916,first
A5045447396,W2983894916,last
A5066355999,W2984790494,first
A5089269047,W2985558583,first
A5037158129,W2985558583,middle
A5020518108,W2985558583,last
A5045786247,W2986313749,first
A5061358208,W2986313749,middle
A5087645671,W2986313749,middle
A5089542402,W2986313749,last
A5078206212,W2989555802,first
A5070135290,W2989810881,first
A5031857386,W2990113917,first
A5042164206,W2990285203,first
A5046409551,W2990307548,first
A5029063875,W2990464915,first
A5014673075,W2990464915,middle
A5080075106,W2990464915,last
A5023171177,W2990521588,last
A5022259903,W2990856690,middle
A5072419903,W2990856690,middle
A5079888964,W2990856690,middle
A5081367663,W2990856690,last
A5026767724,W2990918266,first
A5063829545,W2990924821,first
A5084269811,W2990924821,middle
A5086175214,W2990924821,last
A5042084896,W2990957667,first
A5006861461,W2990957667,middle
A5048054957,W2990957667,middle
A5054870704,W2990957667,middle
A5027656404,W2990957667,middle
A5038811224,W2990957667,middle
A5077202780,W2990957667,middle
A5046900276,W2990957667,middle
A5039504792,W2990957667,middle
A5040883056,W2990957667,middle
A5087523543,W2990957667,middle
A5071749162,W2992078524,first
A5069668235,W2992078524,middle
A5004974411,W2992078524,last
A5017326471,W2992627057,first
A5001554813,W2992627057,middle
A5039681328,W2992627057,last
A5000632512,W2993649993,first
A5035433556,W2995098486,first
A5031169447,W2995213748,first
A5009693719,W2995361645,first
A5067333473,W2995361645,middle
A5072493587,W2995361645,last
A5026602241,W2995366412,first
A5043533602,W2996385234,first
A5024709121,W2996581970,first
A5017783286,W2998947187,last
A5091825389,W2999232134,first
A5080709410,W3000321693,middle
A5016702614,W3001400186,last
A5029057336,W3002365351,first
A5043651693,W3002365351,last
A5038228433,W3002773039,first
A5058862285,W3002773039,middle
A5063979916,W3002773039,middle
A5023291208,W3002773039,middle
A5038235574,W3002773039,middle
A5001774692,W3002773039,last
A5024020375,W3003490461,first
A5038421917,W3003490461,middle
A5075626456,W3003490461,last
A5050904661,W3003518272,middle
A5079886093,W3003518272,last
A5076270155,W3003913952,first
A5048821808,W3006527850,first
A5042655177,W3009433599,first
A5035460662,W3009433599,last
A5090984995,W3019551660,first
A5061942609,W3019551660,last
A5061267204,W3021187515,last
A5013681724,W3026077554,first
A5035058548,W3026077554,last
A5061605447,W3028147821,last
A5020878841,W3041319807,first
A5007639805,W3041319807,last
A5061674635,W3042168385,last
A5067339316,W3042919040,first
A5024891438,W3042919040,middle
A5013033351,W3042919040,middle
A5035990908,W3042919040,middle
A5078358179,W3042919040,middle
A5029987870,W3042919040,middle
A5069228614,W3045118254,first
A5063795815,W3082889270,first
A5067269913,W3082889270,middle
A5000847108,W3082889270,middle
A5012940674,W3082889270,last
A5026627935,W3083648680,first
A5082586707,W3083648680,middle
A5059198182,W3083648680,middle
A5077921954,W3083648680,last
A5035695000,W3119540893,first
A5061249763,W3119540893,last
A5091892854,W3121986036,first
A5088289518,W3121986036,middle
A5028454093,W3121986036,middle
A5013736713,W3121986036,middle
A5082238675,W3121986036,last
A5077439959,W3123722486,first
A5040012035,W3123722486,last
A5055170991,W3130826761,first
A5081985841,W3131067043,middle
A5056918489,W3131067043,last
A5067946585,W3133580408,first
A5067688621,W3137455111,first
A5052256041,W3137455111,middle
A5027400457,W3137455111,middle
A5005946140,W3137455111,last
A5085567454,W3139320620,first
A5020867309,W3152074712,first
A5029386151,W3160164930,middle
A5058516255,W3162130050,first
A5079585999,W3172519490,middle
A5061644462,W3172519490,last
A5033671063,W3180615674,first
A5024502896,W3180615674,middle
A5057476577,W3180615674,middle
A5049085989,W3180615674,middle
A5001417120,W3180615674,last
A5045797300,W3195694215,first
A5014677580,W3200096744,first
A5074083124,W3200096744,middle
A5008043360,W3200096744,middle
A5065670919,W3200096744,last
A5004866800,W3217003473,first
A5070049418,W4205136647,first
A5015517701,W4205456426,first
A5015647515,W4211003853,last
A5073052485,W4211094935,first
A5023349874,W4212804545,first
A5021878097,W4213287682,first
A5060797221,W4229924659,middle
A5066048713,W4229924659,last
A5083307224,W4231739414,first
A5088557829,W4232936833,first
A5052903746,W4232936833,middle
A5062922330,W4232936833,last
A5031334842,W4233908699,first
A5029020038,W4233908699,last
A5087512380,W4234767367,middle
A5081034810,W4234767367,middle
A5026104258,W4234767367,last
A5061249763,W4234812532,first
A5053183805,W4234812532,middle
A5058769632,W4234812532,last
A5070205263,W4234849661,first
A5084828574,W4235131211,first
A5053292500,W4236940289,first
A5086829138,W4237289656,first
A5021827269,W4237706849,first
A5073848814,W4240144164,first
A5051683737,W4240447208,first
A5047228466,W4240826062,first
A5002385420,W4240826062,middle
A5050865451,W4240826062,middle
A5083458209,W4240826062,middle
A5086336877,W4240826062,middle
A5003446912,W4240826062,middle
A5026515643,W4240826062,middle
A5026157285,W4240826062,middle
A5050062467,W4240826062,middle
A5091141987,W4240826062,last
A5033021795,W4242045617,first
A5013128682,W4243155771,last
A5053239704,W4244769103,first
A5051768741,W4244769103,last
A5043350556,W4245512458,first
A5089396624,W4248328051,first
A5038742325,W4250168599,first
A5059934493,W4250244469,first
A5046425343,W4250244469,last
A5041824799,W4251592527,first
A5055550697,W4252554762,first
A5004818798,W4252554762,middle
A5043622802,W4252554762,last
A5013540471,W4254713219,first
A5077187931,W4254713219,last
A5087600087,W4255378967,last
A5042968751,W4256493472,first
A5024395125,W4288253302,first
A5064427879,W4288835205,first
A5044129236,W4288912079,first
A5056939003,W4288947764,first
A5028268404,W4288947764,middle
A5026758314,W4288947764,last
A5018912707,W4293161877,first
A5062945520,W4293161877,middle
A5074371899,W4293161877,middle
A5059602361,W4293161877,middle
A5043608888,W4293161877,middle
A5048742361,W4293161877,last
A5010923592,W4312862635,first
A5042777271,W4365788783,last
A5055308292,W564759744,first
A5014703419,W564759744,last
A5025424803,W593924797,last
A5020719215,W594357380,last
A5087534251,W64150011,first
A5027462416,W64150011,last
A5012823861,W1156742600,first
A5041628333,W1156742600,middle
A5026267463,W1156742600,last
A5087318731,W1483822252,first
A5057936560,W1483822252,last
A5056607831,W1507976059,first
A5027987335,W1527584214,last
A5006758809,W1577316399,first
A5022142267,W1577316399,last
A5082566089,W1614309757,first
A5023896269,W1614309757,middle
A5073451176,W1614309757,middle
A5037279553,W1614309757,middle
A5006952014,W1614309757,middle
A5005709068,W1614309757,middle
A5082797558,W1614309757,middle
A5011305115,W1614309757,last
A5064103302,W1888497568,first
A5065569192,W1888497568,middle
A5026646725,W1888497568,middle
A5043519991,W1923540286,middle
A5051628858,W1923540286,last
A5077459049,W1977356587,first
A5042260656,W1982754711,last
A5026422687,W1998985515,first
A5033149210,W2010001766,middle
A5070743360,W2124468113,middle
A5091177679,W2252356909,first
A5061142343,W2396838746,first
A5000583936,W2396838746,middle
A5058462867,W2396838746,last
A5054875009,W2508510454,first
A5066675932,W2549740344,last
A5063404105,W2556957037,first
A5086917813,W2565100128,first
A5033275466,W2606534702,first
A5018027629,W2606534702,middle
A5023792180,W2606534702,middle
A5022800415,W2606534702,last
A5036604922,W2783116341,first
A5025634939,W2810204224,first
A5062883576,W2810553302,first
A5033457120,W2810553302,middle
A5022615156,W2810553302,last
A5002363225,W2883043520,first
A5043501933,W2883043520,last
A5059885535,W2884985767,first
A5034899973,W2886856900,first
A5050940974,W2886856900,last
A5045466881,W2888054628,first
A5025965914,W2891321761,first
A5055305869,W2891321761,middle
A5033064422,W2891321761,last
A5024267078,W2891933113,first
A5086268677,W2899043518,first
A5020562078,W2899043518,last
A5041436882,W2899457646,first
A5089624310,W2901681759,first
A5011135250,W2901681759,middle
A5046551328,W2902694810,first
A5086694499,W2903635698,first
A5025394442,W2903635698,middle
A5068285682,W2903635698,middle
A5028630985,W2903635698,last
A5055853899,W2903939560,first
A5048234263,W2903949903,first
A5006858710,W2903949903,last
A5083835630,W2903952143,middle
A5018487984,W2903952143,middle
A5072227224,W2903952143,middle
A5084845503,W2904120504,first
A5069613225,W2904120504,last
A5038024192,W2904160389,last
A5080246635,W2905266135,first
A5075056951,W2905547167,first
A5003762688,W2906347521,first
A5086168764,W2906994537,first
A5021947145,W2907170180,first
A5029294803,W2907224862,last
A5022977818,W2907412018,first
A5076255987,W2907412018,last
A5015895731,W2907412776,first
A5000977702,W2907641107,first
A5012504574,W2907641107,last
A5045331325,W2907948913,first
A5051654935,W2907948913,last
A5069064548,W2908374304,first
A5091290326,W2908448294,middle
A5022971632,W2908494194,last
A5069439014,W2908884351,last
A5031686114,W2908935174,first
A5007042240,W2908935174,last
A5042968751,W2909354465,first
A5032466322,W2910658848,first
A5031686114,W2910811539,first
A5007042240,W2910811539,last
A5077017744,W2910997491,middle
A5006240458,W2910997491,last
A5068863803,W2911199198,last
A5065804726,W2911267800,first
A5006842525,W2911473499,first
A5002914704,W2911547206,first
A5044073163,W2911547206,middle
A5053767529,W2911931180,first
A5007628003,W2912120033,middle
A5075720299,W2912120033,last
A5067878273,W2912247773,first
A5067878273,W2912247773,middle
A5032546393,W2912247773,middle
A5039234542,W2912247773,middle
A5044589418,W2912247773,last
A5047909118,W2912613299,first
A5010701132,W2913407906,first
A5019620378,W2913876221,first
A5070353517,W2913876221,middle
A5003721574,W2913876221,last
A5001888939,W2914018923,first
A5017874234,W2914018923,last
A5075965221,W2914869625,first
A5044462684,W2915744358,first
A5091219949,W2915744358,middle
A5021661486,W2915744358,last
A5005425134,W2915848282,middle
A5049441963,W2915905365,first
A5082955124,W2916744624,first
A5000856953,W2916744624,last
A5027296523,W2917091832,first
A5068653969,W2917732356,last
A5046110107,W2920990409,first
A5060082596,W2922207711,first
A5080577288,W2922207711,middle
A5054239976,W2922207711,last
A5032902142,W2922394765,first
A5089965316,W2922459896,first
A5016394127,W2923227555,first
A5043919626,W2923456582,first
A5082479164,W2923812845,first
A5009828854,W2923812845,last
A5058905092,W2924209543,first
A5004469718,W2924209543,last
A5016799263,W2931868515,first
A5017984102,W2931992253,first
A5011645228,W2934108759,last
A5037643513,W2935859225,first
A5035133890,W2936035089,first
A5069096189,W2936035089,middle
A5040805703,W2936035089,last
A5068923033,W2936655406,first
A5085085036,W2936655406,middle
A5083781406,W2937528243,first
A5047970292,W2937528243,last
A5006949802,W2938273026,last
A5078667919,W2938843498,first
A5080624394,W2939269604,first
A5004311434,W2939269604,last
A5012587871,W2940633945,first
A5040733135,W2941482797,first
A5002371461,W2941750597,middle
A5048464159,W2941750597,middle
A5077354979,W2941750597,middle
A5000725108,W2941750597,middle
A5012410467,W2941750597,middle
A5073432187,W2942609300,first
A5069917149,W2942778808,middle
A5058737140,W2942778808,last
A5023555609,W2944606302,first
A5007283385,W2944659054,first
A5075111843,W2944659054,last
A5016483539,W2944728578,first
A5089384016,W2944745141,last
A5074060437,W2944844966,last
A5075463763,W2945048295,first
A5030149703,W2945463295,first
A5020954487,W2945526701,first
A5041881347,W2946123849,first
A5019562814,W2946123849,middle
A5036523904,W2946123849,middle
A5057131605,W2946123849,last
A5072911040,W2946481118,first
A5036337826,W2946481118,last
A5033921014,W2946558887,first
A5081492964,W2946617735,middle
A5036353822,W2946617735,last
A5039630344,W2947130109,first
A5079270098,W2947130109,middle
A5031334842,W2947238930,first
A5029020038,W2947238930,last
A5036402944,W2947602190,first
A5002483924,W2948115561,first
A5065600238,W2948550688,first
A5079988916,W2948948310,first
A5005133751,W2949005633,first
A5085824667,W2949005633,middle
A5016611645,W2949005633,middle
A5057426221,W2949005633,middle
A5024869323,W2949005633,last
A5030929146,W2949223564,first
A5062035687,W2949223564,middle
A5029342918,W2949223564,last
A5005929390,W2949900127,first
A5062896251,W2949909174,first
A5017252642,W2951872851,first
A5059813447,W2952267596,first
A5046696167,W2952267596,middle
A5080202311,W2952267596,last
A5082978586,W2952982715,first
A5014333753,W2953019974,first
A5014187358,W2953421136,first
A5021570324,W2953421136,middle
A5074825049,W2953421136,last
A5037831741,W2954757467,first
A5065073668,W2954757467,last
A5019922027,W2954784164,first
A5089263417,W2954784164,middle
A5074122666,W2954784164,last
A5042234136,W2954820314,middle
A5070313477,W2955333802,last
A5088205575,W2955956631,first
A5037622959,W2956016878,first
A5016865616,W2956016878,last
A5005198579,W2957582874,first
A5080199045,W2957582874,last
A5011397108,W2958192034,first
A5050214193,W2958400471,first
A5069051297,W2958400471,middle
A5027812169,W2958400471,middle
A5064590970,W2958400471,last
A5073296083,W2958739709,first
A5082719997,W2960545869,first
A5074605267,W2963073063,first
A5008420935,W2964174112,first
A5071908018,W2964174112,middle
A5075198894,W2964233366,first
A5066709254,W2964278963,first
A5079152917,W2964278963,middle
A5076454480,W2964278963,middle
A5029571111,W2964278963,middle
A5051059716,W2964278963,last
A5057652173,W2964289354,first
A5019652929,W2964385615,first
A5058790499,W2965897698,first
A5085709919,W2967581974,middle
A5017375713,W2969002949,first
A5027468777,W2969613734,first
A5049059264,W2969730282,first
A5010634347,W2969801152,middle
A5076926812,W2969946909,first
A5015757567,W2969946909,last
A5083689159,W2969965265,first
A5006425141,W2969965265,middle
A5036423574,W2969965265,last
A5077787241,W2970417445,first
A5089691652,W2971286779,first
A5076881624,W2971294566,first
A5059225875,W2971294566,last
A5074444599,W2971451889,first
A5041923000,W2971482065,first
A5049272422,W2971586482,last
A5049688433,W2971789181,first
A5005250411,W2972506073,first
A5002441721,W2972877168,first
A5038851920,W2972877168,last
A5052736219,W2972919181,middle
A5042238952,W2972919181,last
A5069405328,W2973180533,first
A5087790566,W2973180533,middle
A5085523573,W2973180533,middle
A5070947372,W2973180533,middle
A5029882806,W2973180533,last
A5037177111,W2973208192,first
A5056526187,W2973208192,middle
A5052744008,W2973208192,last
A5075893390,W2973380446,first
A5089603217,W2973874944,first
A5065912928,W2973874944,last
A5078745883,W2974529708,first
A5001921007,W2974852116,first
A5025400322,W2974852116,last
A5024316694,W2975194352,first
A5022687238,W2975194352,middle
A5049180880,W2975194352,last
A5040239519,W2975705882,first
A5020766468,W2976580214,first
A5063975401,W2977021666,middle
A5062420655,W2977950700,first
A5087210524,W2977950700,last
A5045986250,W2978357271,first
A5010729247,W2979171027,first
A5029445830,W2979470502,first
A5075313163,W2979470502,middle
A5060190356,W2979470502,last
A5003044729,W2979585973,first
A5066625207,W2979773104,first
A5005258575,W2979832170,first
A5011543714,W2979832170,middle
A5080901387,W2979832170,middle
A5013897423,W2979832170,last
A5078508874,W2980107104,first
A5073678932,W2980107104,last
A5063103697,W2980197713,first
A5002133656,W2980403614,first
A5071561586,W2981088348,first
A5083459076,W2981364906,first
A5038365882,W2981364906,middle
A5068471666,W2981364906,last
A5059934493,W2982245006,first
A5046425343,W2982245006,last
A5085709919,W2982382411,middle
A5034241456,W2982382411,last
A5028781140,W2982481874,first
A5017877623,W2982529773,first
A5030756029,W2983357250,first
A5023689823,W2983469829,first
A5034244055,W2983846261,first
A5036144406,W2983846261,last
A5061457396,W2984382874,first
A5019417534,W2986932792,first
A5036287213,W2987434558,first
A5032612210,W2988298409,first
A5083981241,W2988298409,middle
A5045861613,W2988298409,last
A5089961462,W2989846945,first
A5038816870,W2989917514,middle
A5081648033,W2989917514,middle
A5067683617,W2989917514,last
A5000264408,W2989988336,last
A5083297013,W2990062141,last
A5051768981,W2990137097,first
A5046904813,W2990199919,first
A5082741458,W2990467866,first
A5008874238,W2990667029,last
A5006872667,W2990986058,first
A5084740363,W2990986058,middle
A5022300272,W2990986058,middle
A5084395826,W2990986058,middle
A5055433807,W2990986058,middle
A5088289518,W2990986058,middle
A5075365612,W2990986058,middle
A5007635720,W2990986058,middle
A5014454145,W2990986058,middle
A5007378564,W2990986058,middle
A5015313855,W2990986058,middle
A5055871472,W2990986058,last
A5085796013,W2991035675,first
A5029743598,W2991259013,first
A5050062467,W2991504561,middle
A5065361552,W2991504561,last
A5004256464,W2991574474,first
A5034975888,W2991627999,first
A5027735209,W2994501339,middle
A5033571007,W2994501339,middle
A5056611541,W2994501339,middle
A5066986095,W2994501339,middle
A5067383661,W2994705687,first
A5033070280,W2994705687,last
A5012703845,W2995198425,first
A5045195302,W2995704192,last
A5077967819,W2995974162,first
A5059963141,W2996207420,first
A5044925808,W2996754117,first
A5058584634,W2997181173,first
A5023350720,W2997241014,first
A5078935826,W2998381485,first
A5083254496,W2999932758,first
A5077681143,W2999932758,middle
A5073069826,W2999932758,middle
A5012141433,W2999932758,middle
A5025307528,W2999932758,last
A5009171911,W3000997502,first
A5085843300,W3001490310,first
A5041047826,W3001490310,middle
A5036998966,W3001490310,last
A5061061546,W3001552714,first
A5022752708,W3001552714,middle
A5006163494,W3001552714,last
A5085816625,W3002636976,first
A5074816094,W3002636976,middle
A5057957125,W3002636976,last
A5071689370,W3003336605,last
A5043340317,W3005796740,first
A5068696661,W3005796740,middle
A5066265052,W3005796740,last
A5072204746,W3005842280,last
A5067403487,W3005980435,last
A5039864567,W3007844364,first
A5013948920,W3007883667,last
A5020938729,W3008650399,middle
A5017188226,W3008650399,middle
A5014517559,W3009164849,last
A5051885956,W3010513231,first
A5052022373,W3010513231,last
A5056706266,W3010645728,first
A5001242738,W3010935268,first
A5005376242,W3011181427,first
A5083526051,W3013600246,last
A5068877766,W3014288222,first
A5007652754,W3014288222,last
A5002691060,W3023183478,first
A5075180981,W3023183478,last
A5038582366,W3026509427,first
A5081305410,W3026509427,middle
A5060016795,W3026509427,middle
A5003523497,W3026509427,middle
A5034377613,W3026509427,middle
A5003253553,W3026509427,middle
A5020701488,W3026509427,middle
A5034476137,W3026509427,middle
A5032886673,W3026509427,middle
A5080254367,W3026509427,middle
A5004188862,W3027288693,first
A5065470584,W3032826813,first
A5021211836,W3033520183,first
A5068043486,W3033520183,last
A5029290215,W3033595473,last
A5008579004,W3035076530,first
A5087841229,W3035076530,middle
A5040646771,W3035076530,last
A5044423930,W3035203931,first
A5062344249,W3042905003,first
A5030966548,W3042905003,middle
A5066752823,W3042905003,last
A5014857454,W3043266695,first
A5066006236,W3045281964,first
A5078798863,W3049516670,middle
A5066709657,W3081783088,first
A5087967629,W3081783088,middle
A5008794412,W3083644148,middle
A5039627791,W3092396089,middle
A5076985479,W3096109217,first
A5002994164,W3096109217,middle
A5066756066,W3096109217,middle
A5074645479,W3096109217,last
A5083999389,W3107600356,first
A5020976590,W3108235655,first
A5033425045,W3111177779,first
A5015956396,W3111177779,last
A5000460595,W3112489861,first
A5067187209,W3113109322,middle
A5033323201,W3113163568,first
A5017426085,W3120216749,first
A5011368149,W3120216749,middle
A5004555174,W3120216749,last
A5059905053,W3126261030,first
A5014579085,W3127409274,first
A5025382792,W3128089994,middle
A5009394692,W3128395125,first
A5026094651,W3131371587,first
A5063653501,W3131371587,last
A5059576212,W3133373577,first
A5070881488,W3133576511,first
A5050857078,W3133576511,middle
A5020003389,W3133576511,last
A5050476410,W3134300961,first
A5014132696,W3134300961,middle
A5023981741,W3134300961,last
A5002127716,W3134377428,first
A5058256601,W3134377428,last
A5056781385,W3135636119,first
A5044605948,W3135636119,middle
A5069151859,W3135636119,last
A5008349283,W3136601453,middle
A5026678617,W3152198605,first
A5001501847,W3154224268,first
A5008382926,W3154224268,last
A5012460382,W3157832021,first
A5088002086,W3157832021,middle
A5048993540,W3157832021,middle
A5022772709,W3157832021,last
A5006892586,W3158774685,first
A5082794786,W3158774685,last
A5091561256,W3160011681,first
A5045640881,W3160011681,middle
A5000053244,W3160011681,middle
A5047621337,W3160640685,first
A5015005939,W3163736172,first
A5069961936,W3163736172,middle
A5048815383,W3163736172,last
A5090205116,W3164843234,first
A5022185440,W3164843234,middle
A5008131303,W3164843234,middle
A5050476102,W3164843234,last
A5026250850,W3172515876,first
A5016853247,W3172515876,middle
A5089918778,W3172515876,last
A5088866807,W3176363493,middle
A5002965339,W3187604488,first
A5045535958,W3187604488,middle
A5036467240,W3187604488,last
A5034244055,W3208448988,first
A5036144406,W3208448988,last
A5071115919,W3208856837,first
A5037774305,W3215225549,middle
A5004898800,W331616769,first
A5056861824,W4200304632,first
A5026999388,W4205323865,first
A5022781127,W4206132136,first
A5029600206,W4210521250,first
A5020287759,W4210521250,last
A5057404413,W4211259004,first
A5049405285,W4212870334,first
A5019189873,W4213457210,first
A5088761477,W4213457210,middle
A5012735016,W4213457210,last
A5056179227,W4214973608,first
A5015939203,W4214973608,middle
A5038372194,W4214973608,last
A5013446855,W4229800672,first
A5038318637,W4231154254,first
A5066932450,W4231341637,first
A5014463806,W4231341637,last
A5060356847,W4231757143,first
A5050532692,W4232103058,first
A5011223251,W4232606078,first
A5030425236,W4233026245,first
A5081413639,W4234702784,last
A5034657358,W4235916601,first
A5064355276,W4235916601,middle
A5043499130,W4235916601,middle
A5083435816,W4235916601,last
A5058816575,W4236034087,first
A5013025849,W4236034087,middle
A5013635993,W4236034087,middle
A5041338608,W4236034087,last
A5056059857,W4237772815,first
A5059193307,W4238074411,first
A5073925867,W4238074411,middle
A5069122902,W4238099671,first
A5010797318,W4239081853,first
A5054366618,W4239197252,first
A5033589597,W4239863359,middle
A5048075490,W4239865436,first
A5037219548,W4239865436,middle
A5066709254,W4239865436,last
A5025096430,W4241424632,first
A5024916657,W4241625460,middle
A5041173240,W4242489198,first
A5090169542,W4242489198,last
A5049871271,W4242987835,first
A5029906218,W4243230556,first
A5034726910,W4243567702,first
A5048388116,W4243567702,last
A5040820339,W4243619401,first
A5059908590,W4243619401,middle
A5025443239,W4243619401,last
A5016049438,W4244028632,first
A5061331291,W4244550001,first
A5025521877,W4244966325,first
A5077132751,W4245632706,first
A5070135290,W4246411146,first
A5032503212,W4247123982,first
A5013876446,W4247152122,first
A5003967386,W4248008307,first
A5012587871,W4248509898,first
A5018903380,W4249440293,first
A5074773084,W4249812491,last
A5080038836,W4250017747,first
A5083141354,W4250587970,first
A5080038836,W4252059283,first
A5083458247,W4252595537,first
A5024078415,W4252595537,middle
A5005819096,W4252595537,last
A5044733478,W4252674587,first
A5031752065,W4252674587,middle
A5084142782,W4252674587,last
A5054798240,W4253113209,first
A5073817488,W4253346775,first
A5076698164,W4253682724,first
A5078800069,W4288839579,first
A5037145281,W4288922135,first
A5053903265,W4288932641,first
A5091041257,W4288932641,last
A5035375371,W4288936166,last
A5053651798,W4288937331,first
A5076371436,W4288964907,first
A5020085415,W4288964907,middle
A5018497176,W4288964907,last
A5061671556,W4293161848,first
A5089730660,W4293161853,first
A5042838912,W4293161853,last
A5015129861,W4293162656,first
A5029585707,W4293162656,middle
A5027192132,W4312437522,first
A5081771497,W579936662,first
A5089410009,W611799682,first
A5074976219,W620458622,first
A5010618406,W627756377,first
A5073621514,W640712779,first
A5007988816,W640712779,middle
A5028135005,W640712779,last
A5007627647,W641865970,first
A5062765777,W641865970,last
A5057332394,W652503421,first
A5005981804,W656277722,first
A5018212390,W130318675,first
A5013788342,W137943255,first
A5064314449,W137943255,last
A5050928023,W148665339,first
A5010152619,W148665339,last
A5039487411,W1487455584,first
A5042045478,W1514756429,last
A5061378179,W1542238369,first
A5024120048,W1542238369,last
A5068600969,W1548526075,first
A5079132490,W1558380964,first
A5043089463,W1558380964,last
A5078310289,W1578010674,first
A5074172386,W1578010674,middle
A5066756066,W1578010674,last
A5047060524,W166764484,first
A5085625371,W1752057195,middle
A5056031534,W1947128338,first
A5091259629,W1947128338,middle
A5007119618,W1980814587,first
A5051611887,W2010896600,first
A5032454307,W2182427534,first
A5058784158,W2182427534,last
A5022079089,W2189537124,first
A5035914116,W2236166018,first
A5006582610,W2268162726,first
A5012355825,W2268162726,last
A5046799509,W2281101450,first
A5057992591,W2295528735,first
A5048523738,W2346379916,first
A5004420214,W2411388845,last
A5030599113,W2462634951,first
A5064746135,W2477061279,first
A5029166882,W2480686440,first
A5066063584,W2480686440,middle
A5022300438,W2480686440,last
A5074789049,W2482034353,last
A5070575587,W2482362940,first
A5055236937,W2491347247,first
A5053028480,W2491347247,middle
A5016202203,W2491347247,last
A5012858632,W2511114021,first
A5041213077,W2511114021,middle
A5038256034,W2511114021,last
A5035667542,W2522510687,first
A5021901258,W2538740287,first
A5039742693,W2538740287,middle
A5043476218,W2538740287,middle
A5043681457,W2538740287,last
A5015458273,W2542064478,first
A5067703063,W2566403663,first
A5086545543,W2566403663,middle
A5043559765,W2566403663,middle
A5005425399,W2566403663,middle
A5087058066,W2566403663,middle
A5009607601,W2566403663,last
A5054384258,W2567367115,first
A5067968369,W2604115582,first
A5005053622,W2604115582,middle
A5062942647,W2604115582,middle
A5087421133,W2604115582,middle
A5003714897,W2604115582,last
A5061904358,W2610370556,last
A5075175655,W2649315385,first
A5043258717,W2649315385,middle
A5070384328,W2724404982,first
A5073869637,W2735744773,first
A5086416584,W2735744773,last
A5007776430,W2736312422,first
A5037947876,W2742702378,first
A5012502919,W2742702378,last
A5023263868,W2744667093,first
A5073823629,W2760409779,first
A5048448258,W2779566252,first
A5041914174,W2783432942,first
A5082511903,W2783432942,middle
A5060855898,W2783432942,middle
A5091319914,W2783432942,middle
A5056538297,W2783432942,middle
A5004169507,W2783432942,middle
A5030668200,W2783432942,last
A5060550722,W2793391590,first
A5018183368,W2793391590,last
A5021187796,W2793400868,first
A5010011257,W2796878215,first
A5060995132,W2799342688,first
A5067530137,W2801199275,first
A5091597564,W2805414284,first
A5007349631,W2805414284,last
A5031335878,W2809753252,first
A5038985128,W2809926511,first
A5039408177,W2810021497,first
A5008725612,W2810082469,first
A5008047758,W2810082469,last
A5050819315,W2810800559,first
A5079521911,W2888922239,first
A5076686575,W2888991891,first
A5044674880,W2891638960,first
A5037602500,W2892592873,first
A5076245263,W2895438817,first
A5026895467,W2895688130,last
A5038695446,W2895782958,first
A5024542979,W2896469482,first
A5061587793,W2896469482,last
A5084949004,W2896470534,first
A5048522863,W2896482402,first
A5008831111,W2896482402,middle
A5085544812,W2896482402,last
A5085343290,W2898400639,first
A5025515104,W2898535328,first
A5048831651,W2898535328,middle
A5038441898,W2899846965,last
A5076089493,W2901175470,last
A5058832371,W2901636217,first
A5032503212,W2901639172,first
A5077512722,W2901833743,first
A5029166882,W2901833743,last
A5081643763,W2902018557,first
A5007913012,W2902852791,first
A5022006934,W2903457114,first
A5025121816,W2903457114,last
A5027606133,W2903571272,first
A5039275356,W2903571272,last
A5039351404,W2903693682,first
A5006846371,W2903693682,middle
A5037375872,W2903693682,last
A5044258528,W2903881690,last
A5048977949,W2904811269,first
A5023422322,W2904811269,middle
A5004960813,W2904811269,middle
A5015536188,W2904811269,middle
A5084306663,W2904811269,middle
A5084048546,W2904811269,last
A5027843256,W2904952902,first
A5061102394,W2905437007,first
A5012622009,W2905437007,last
A5056145247,W2905507961,last
A5076575560,W2906831651,last
A5081403204,W2906892774,first
A5028177734,W2907072079,first
A5079026866,W2907280751,first
A5055643476,W2907323855,first
A5068159299,W2907327411,first
A5074444329,W2907327411,middle
A5054128312,W2907327411,last
A5034196834,W2907390358,first
A5000846525,W2907420390,first
A5058027075,W2907473214,first
A5003894189,W2907735275,last
A5071670255,W2907745713,first
A5041346545,W2907770290,first
A5012691507,W2907890236,first
A5011483147,W2907928487,first
A5042276212,W2907932567,first
A5035022220,W2907934283,first
A5040318482,W2908035920,first
A5078585378,W2908057552,last
A5075834403,W2908217549,first
A5026950255,W2908228237,first
A5049793842,W2908298300,first
A5062503870,W2908313929,first
A5076628907,W2908313929,middle
A5012275958,W2908313929,last
A5063732224,W2908407308,first
A5057987893,W2908434196,first
A5006524000,W2908463479,first
A5062784800,W2908463479,last
A5081179020,W2908464430,first
A5038369385,W2908513685,first
A5008246390,W2908513685,middle
A5010326906,W2908513685,last
A5035093292,W2908570202,first
A5084354737,W2908570202,last
A5068244151,W2908575540,first
A5056645016,W2908690958,first
A5031686114,W2908745170,first
A5007042240,W2908745170,last
A5031686114,W2908782988,first
A5007042240,W2908782988,last
A5039076544,W2908862551,first
A5033700890,W2908885421,first
A5067724445,W2908885421,last
A5056645016,W2908896459,first
A5016858335,W2908915682,last
A5056645016,W2908997910,first
A5061282430,W2909105267,first
A5007711808,W2909166574,first
A5056645016,W2909169719,first
A5048651226,W2909272755,first
A5020931358,W2909287540,first
A5079271501,W2909287540,last
A5085343290,W2909292055,last
A5007711808,W2909389309,first
A5031686114,W2909405806,first
A5007042240,W2909405806,last
A5066860255,W2909428772,first
A5036805347,W2909431082,first
A5068244151,W2909533253,first
A5031686114,W2909535914,first
A5007042240,W2909535914,last
A5044485612,W2909675571,first
A5056645016,W2909726169,first
A5031686114,W2909803905,first
A5007042240,W2909803905,last
A5091539743,W2909837144,first
A5017927873,W2909875085,first
A5064611084,W2909907082,first
A5017927873,W2909946716,first
A5062398007,W2910005921,first
A5083721279,W2910005921,last
A5047412092,W2910058387,first
A5044947335,W2910058387,middle
A5081236900,W2910058387,last
A5034160482,W2910078360,first
A5045445174,W2910078360,last
A5026100587,W2910126798,first
A5076735095,W2910199620,first
A5056645016,W2910475468,first
A5036075515,W2910486839,first
A5031686114,W2910575833,first
A5007042240,W2910575833,last
A5031686114,W2910862935,first
A5007042240,W2910862935,last
A5076821637,W2910914234,first
A5090237309,W2911156772,first
A5083108320,W2911169476,first
A5068244151,W2911201844,first
A5011299350,W2911233763,first
A5060115067,W2911233763,middle
A5058880006,W2911233763,middle
A5029694907,W2911233763,middle
A5046011244,W2911233763,last
A5027629530,W2911292998,first
A5007287967,W2911292998,last
A5039100910,W2911310843,first
A5076892344,W2911310843,last
A5034770996,W2911315007,first
A5085477174,W2911315007,last
A5021907837,W2911346398,first
A5061680998,W2911353723,first
A5072052013,W2911382060,middle
A5058830023,W2911432061,first
A5049583553,W2911966664,first
A5027850521,W2911966664,middle
A5029550449,W2911966664,middle
A5084251444,W2911966664,middle
A5028592413,W2911966664,middle
A5036237095,W2911966664,middle
A5031000631,W2911966664,middle
A5084111561,W2911966664,last
A5069154075,W2912019789,first
A5050926125,W2912078138,first
A5059621036,W2912108922,first
A5079326461,W2912155220,first
A5008462886,W2912414920,first
A5052956760,W2912414920,middle
A5084841479,W2912414920,middle
A5018246845,W2912414920,last
A5013574615,W2912421490,first
A5017601087,W2912421490,middle
A5000856953,W2912421490,middle
A5001077799,W2912423621,first
A5091138678,W2912449156,first
A5056982344,W2912449156,middle
A5056982344,W2912449156,last
A5083312728,W2912492164,first
A5077027391,W2912765628,middle
A5070094779,W2912765628,last
A5081681125,W2912832968,first
A5000975317,W2913048702,last
A5056879522,W2913088393,first
A5032853935,W2913126231,first
A5032853935,W2913126231,middle
A5021307930,W2913126231,middle
A5035198419,W2913126231,last
A5054402327,W2913226618,first
A5088119255,W2913226618,middle
A5075554964,W2913226618,last
A5058177812,W2913323889,first
A5045493230,W2913323889,last
A5003081363,W2913508693,last
A5058703493,W2913611326,first
A5080038836,W2914082046,first
A5003276418,W2914084204,first
A5042335463,W2914096852,first
A5005156509,W2914288363,first
A5009244291,W2914423950,first
A5059197772,W2914450476,first
A5056354450,W2914458028,first
A5055029056,W2914563007,first
A5026197986,W2914771105,first
A5029638603,W2914771105,last
A5050237901,W2914777066,first
A5055508301,W2914917052,middle
A5045130340,W2914917052,middle
A5080038836,W2915025854,first
A5011794554,W2915036353,first
A5021985883,W2915036353,middle
A5073217469,W2915041476,first
A5043199495,W2915041476,middle
A5026465150,W2915041476,last
A5067400187,W2915103083,middle
A5026749502,W2915354033,middle
A5037802021,W2915468192,first
A5089030037,W2915828690,first
A5069723687,W2915888810,first
A5028817605,W2916139204,first
A5017344176,W2916149895,first
A5058487916,W2916204622,first
A5028497195,W2916398733,first
A5031814143,W2916792225,first
A5006855775,W2916844902,first
A5065805778,W2917145950,first
A5071392881,W2917187852,last
A5011087889,W2917193500,middle
A5068961635,W2917193500,last
A5010524173,W2917515709,first
A5033422078,W2917995454,first
A5030425236,W2918174681,first
A5003135780,W2918945130,first
A5058255445,W2919017260,first
A5029023402,W2919497624,first
A5057246186,W2919981189,first
A5009617861,W2920556650,first
A5014627062,W2920882398,first
A5071404806,W2920882398,middle
A5025402502,W2920884231,first
A5040895920,W2920967511,first
A5083232890,W2920967511,last
A5017531392,W2921149733,first
A5000151610,W2921157294,first
A5028732400,W2921157294,last
A5024518212,W2921249105,first
A5058602475,W2921503819,first
A5036388073,W2921503819,last
A5081632776,W2921680068,last
A5000193530,W2921747922,first
A5047427084,W2921753681,last
A5064553223,W2921805125,last
A5086689035,W2922158063,first
A5043151017,W2922158466,first
A5024620954,W2922158466,middle
A5082006408,W2922158466,middle
A5081095676,W2922158466,last
A5081558792,W2922193182,first
A5081803512,W2922391054,middle
A5053271964,W2922391054,middle
A5083548477,W2922396955,first
A5036960755,W2922396955,middle
A5044492514,W2922396955,middle
A5091180862,W2922396955,last
A5074437283,W2922527298,first
A5031686114,W2922673639,first
A5007042240,W2922673639,last
A5082255699,W2922974624,first
A5078121723,W2922974624,middle
A5084732774,W2923117322,middle
A5082374186,W2923117322,middle
A5048430465,W2923117322,middle
A5090385327,W2923117322,last
A5022994735,W2923124191,first
A5023582370,W2923124191,last
A5031686114,W2923203333,first
A5007042240,W2923203333,last
A5058858336,W2923474036,middle
A5029491991,W2923474036,last
A5040716355,W2923497833,middle
A5084685127,W2923497833,middle
A5084545998,W2923497833,last
A5031686114,W2923518384,first
A5007042240,W2923518384,last
A5062882766,W2923664785,last
A5034992579,W2924001752,first
A5057958949,W2924095410,first
A5074504203,W2924211162,first
A5057958949,W2924296206,first
A5056645016,W2924354480,first
A5053329831,W2924402169,first
A5054152186,W2924503395,first
A5088557530,W2924503395,last
A5073063810,W2924645499,first
A5021338266,W2924645499,middle
A5008745354,W2924645499,last
A5021831126,W2924672213,first
A5065736198,W2924869550,first
A5056645016,W2924901844,first
A5054859935,W2924926408,first
A5073298733,W2925010421,last
A5056645016,W2925061670,first
A5085977862,W2925238119,first
A5062806140,W2925238119,middle
A5038279345,W2925238119,last
A5085977862,W2925249874,first
A5054873553,W2925249874,middle
A5058265197,W2925249874,last
A5073648176,W2925586104,first
A5003610185,W2927911072,middle
A5000591591,W2927911072,middle
A5010528160,W2927911072,last
A5048023281,W2928786525,last
A5084374680,W2932237456,first
A5006755636,W2933615463,first
A5053779211,W2933899472,first
A5018637485,W2933947656,first
A5084886541,W2933947656,middle
A5027846686,W2933947656,middle
A5045251213,W2933986504,middle
A5028951804,W2935963106,first
A5040746152,W2936075203,last
A5089388395,W2936357117,first
A5060242572,W2936465946,first
A5087590485,W2936586047,first
A5053556475,W2936586047,last
A5073483831,W2936663438,first
A5053868357,W2936663438,last
A5006627628,W2936772832,middle
A5060725233,W2936915082,first
A5032025029,W2936915082,middle
A5047827833,W2936915082,middle
A5068805525,W2936915082,last
A5014810269,W2937018596,first
A5077729027,W2937035557,first
A5072879265,W2937078313,first
A5090846181,W2937105027,first
A5043281645,W2937359606,first
A5087163154,W2937399463,first
A5045616699,W2937573895,first
A5035994317,W2937776952,last
A5011645228,W2938424487,first
A5031686114,W2938426923,first
A5007042240,W2938426923,last
A5056055322,W2938560488,first
A5061804138,W2938560488,last
A5049761671,W2938592452,first
A5038320049,W2938592452,middle
A5005771535,W2938592452,last
A5052717928,W2938695906,first
A5033538827,W2938723552,first
A5029218215,W2938723552,middle
A5060094826,W2938723552,middle
A5011899729,W2938723552,middle
A5063206552,W2938723552,middle
A5063455689,W2938723552,middle
A5079948428,W2938723552,middle
A5085544204,W2938723552,middle
A5027261012,W2938931956,first
A5024897779,W2939274375,first
A5065820302,W2939544494,first
A5025382997,W2939764058,first
A5031686114,W2939775318,first
A5007042240,W2939775318,last
A5031686114,W2939778350,first
A5007042240,W2939778350,last
A5058800952,W2940022221,first
A5074922143,W2940216365,first
A5027970156,W2940216365,middle
A5009277638,W2940216365,last
A5008706600,W2940330480,first
A5074628253,W2940383095,first
A5085476953,W2940736017,first
A5033807120,W2940736017,last
A5080269427,W2940925304,first
A5066130528,W2940925304,last
A5014574436,W2940926614,middle
A5059245574,W2940926614,middle
A5033697308,W2941040342,first
A5011106475,W2941092999,first
A5028169927,W2941206707,first
A5005478807,W2941206707,middle
A5088761598,W2941206707,last
A5015440764,W2941241053,middle
A5077264197,W2941241053,middle
A5011364900,W2941241053,last
A5076360626,W2941309586,first
A5017666581,W2941309586,middle
A5067408685,W2941309586,last
A5087675371,W2941321131,first
A5069319868,W2941321131,middle
A5039318171,W2941321131,last
A5058485006,W2941637829,last
A5002871993,W2941916852,first
A5026859436,W2941916852,middle
A5024633466,W2941916852,last
A5086501723,W2942582232,first
A5049351856,W2942726930,last
A5056693774,W2942744781,last
A5035674196,W2942901256,first
A5077391080,W2943017751,first
A5083097231,W2943069313,first
A5084949004,W2943144134,first
A5034458270,W2943516190,first
A5001205705,W2943529175,middle
A5081691319,W2943529175,middle
A5006772669,W2943554545,last
A5055563518,W2943655775,middle
A5070909366,W2943655775,middle
A5054022895,W2943655775,middle
A5017894198,W2943655775,middle
A5000021578,W2943655775,middle
A5028821224,W2943655775,last
A5004048723,W2943886400,first
A5069787509,W2943886400,middle
A5025689347,W2943886400,last
A5032607998,W2943930904,first
A5006855775,W2943972988,first
A5063653804,W2943982278,first
A5010766325,W2944088222,first
A5068369362,W2944301574,first
A5079771987,W2944528782,first
A5071152702,W2944681405,first
A5082645155,W2944683647,first
A5010010140,W2944686873,first
A5052344955,W2944767816,first
A5023582848,W2944876323,middle
A5060797221,W2944908389,middle
A5066048713,W2944908389,last
A5049168150,W2944952628,first
A5011486552,W2944966673,first
A5012862595,W2945000852,first
A5009033408,W2945064645,first
A5034726910,W2945090719,first
A5048388116,W2945090719,last
A5044459572,W2945153574,middle
A5073272621,W2945159726,last
A5003044729,W2945223868,middle
A5035908989,W2945223868,middle
A5048193471,W2945223868,last
A5082645155,W2945237992,first
A5062375227,W2945259651,first
A5048711005,W2945425804,first
A5045066918,W2945829905,first
A5036940578,W2945829905,middle
A5002326339,W2945829905,last
A5078472992,W2946071394,first
A5071152702,W2946097329,first
A5019510221,W2946150481,first
A5073358106,W2946218048,first
A5008831085,W2946236115,first
A5063139370,W2946236115,middle
A5063139370,W2946236115,last
A5078447681,W2946344248,first
A5014473729,W2946344248,last
A5017314770,W2946560987,last
A5057674473,W2946662723,last
A5038909431,W2946732046,first
A5031676320,W2947416820,middle
A5008976756,W2947416820,last
A5026413598,W2947447889,first
A5061103494,W2947447889,last
A5026822590,W2947468898,middle
A5059479627,W2947468898,last
A5000596891,W2947718235,first
A5043217581,W2947830894,middle
A5039608991,W2947927457,first
A5046909433,W2947970292,first
A5030517812,W2947970292,middle
A5009043032,W2947970292,last
A5037977714,W2948221675,middle
A5060544144,W2948221675,middle
A5001941884,W2948419178,first
A5044397634,W2948428262,first
A5010804093,W2948459942,first
A5059642629,W2948459942,middle
A5044389040,W2948459942,last
A5019979210,W2948516582,first
A5082451858,W2948516582,middle
A5065995835,W2948516582,middle
A5071538914,W2948516582,middle
A5049922547,W2948516582,last
A5043001449,W2948544002,first
A5036218877,W2948739862,first
A5032975378,W2948881494,first
A5034116029,W2949055792,first
A5042858262,W2949147005,first
A5061508051,W2949147005,middle
A5074539605,W2949147005,middle
A5013788170,W2949147005,middle
A5069573186,W2949149240,first
A5051335542,W2949487996,middle
A5012097280,W2949487996,middle
A5051524439,W2949487996,middle
A5037930354,W2949487996,middle
A5051583769,W2949487996,last
A5077413596,W2949596595,first
A5055825799,W2949667228,first
A5050386176,W2949669267,last
A5010698414,W2949780649,first
A5080351793,W2949780649,middle
A5000660872,W2949961459,first
A5017878614,W2950019671,first
A5005258575,W2950019671,middle
A5072356717,W2950019671,last
A5083766345,W2950154750,first
A5012160256,W2950155530,middle
A5088035307,W2950222200,first
A5073824669,W2950222200,middle
A5043296622,W2950222200,last
A5061180675,W2950283236,first
A5033884105,W2950334068,first
A5016329820,W2950334068,middle
A5032244115,W2950423668,first
A5042150057,W2950423668,middle
A5004325166,W2950423668,last
A5010010156,W2950464513,first
A5074820389,W2950713362,first
A5003044729,W2950854329,middle
A5035908989,W2950854329,middle
A5048193471,W2950854329,last
A5073817488,W2951118544,first
A5001364298,W2951693228,last
A5075109513,W2951817257,first
A5074417323,W2951817257,middle
A5072696337,W2951817257,middle
A5013198945,W2951817257,middle
A5066658553,W2951908956,first
A5067702470,W2951908956,last
A5024165528,W2952124366,first
A5077536927,W2952248679,first
A5082664405,W2952367597,first
A5088367536,W2952504305,middle
A5004494867,W2952504305,middle
A5050659925,W2952504305,middle
A5072305440,W2952504305,middle
A5087343924,W2952504305,middle
A5088747750,W2952504305,middle
A5063978140,W2952504305,middle
A5083258749,W2952504305,middle
A5007378827,W2952504305,middle
A5032386271,W2952504305,middle
A5023997332,W2952504305,last
A5090992702,W2952532845,first
A5036779530,W2952667270,first
A5055854017,W2952799784,first
A5020601958,W2952849549,first
A5042841642,W2952849549,last
A5052117256,W2952911993,first
A5045073687,W2953074257,first
A5010766325,W2953112059,first
A5001313676,W2953162474,first
A5084386819,W2953196498,first
A5085270417,W2953245453,first
A5022130655,W2953245453,last
A5083536121,W2953292166,first
A5032238070,W2953570238,middle
A5003397861,W2953587120,first
A5019180584,W2953587120,middle
A5086582716,W2953587120,middle
A5079658284,W2953587120,middle
A5081399408,W2953644621,middle
A5020299213,W2953646966,first
A5085122657,W2953687766,first
A5044188222,W2953687766,middle
A5055812585,W2953687766,last
A5039844630,W2953768905,first
A5028039581,W2953768905,middle
A5041689611,W2953768905,middle
A5060692543,W2953768905,last
A5008148514,W2953793907,first
A5028983768,W2953876455,first
A5002582394,W2953921091,first
A5089163333,W2954014675,first
A5050544321,W2954026371,first
A5047355985,W2954049123,first
A5009057782,W2954190796,last
A5000210600,W2954191222,first
A5071274975,W2954300462,middle
A5063154944,W2954300462,last
A5057987365,W2954320217,last
A5028011973,W2954337244,first
A5088895520,W2954337244,last
A5023928504,W2954395064,first
A5017972284,W2954395064,middle
A5081696143,W2954395064,middle
A5021797294,W2954395064,middle
A5020383319,W2954395064,last
A5003461979,W2954429352,first
A5078866129,W2954429352,last
A5031418059,W2954432844,first
A5017374564,W2954432844,last
A5052646530,W2954455754,first
A5075616032,W2954455754,last
A5013540471,W2954533016,first
A5077187931,W2954533016,last
A5013308694,W2954566025,first
A5026599111,W2954566025,middle
A5054429139,W2954566025,last
A5031855942,W2954566112,first
A5080506541,W2954566112,middle
A5049654481,W2954566112,last
A5069580705,W2954569391,first
A5007453385,W2954569391,middle
A5076384144,W2954569391,middle
A5008606318,W2954611345,first
A5083612795,W2954692893,first
A5042493982,W2954752503,last
A5004199824,W2954832155,middle
A5041545894,W2954832155,middle
A5053373172,W2955032975,first
A5060664125,W2955032975,last
A5065433506,W2955063660,first
A5040800850,W2955063660,last
A5067236552,W2955164274,first
A5015891333,W2955202376,first
A5007918840,W2955202376,last
A5038691287,W2955213458,first
A5031055852,W2955213458,last
A5072330086,W2955216109,first
A5023055910,W2955326451,last
A5057655686,W2955390175,first
A5083806375,W2955460985,middle
A5014205904,W2955548035,first
A5066935641,W2955583426,last
A5025399641,W2955632881,first
A5071772272,W2955725950,first
A5007269538,W2955748870,first
A5036349703,W2955818283,middle
A5034249691,W2955922937,first
A5050510367,W2955962875,first
A5069128351,W2955962875,middle
A5020202718,W2955962875,middle
A5022393997,W2956000960,first
A5084225265,W2956035195,first
A5066341791,W2956100823,first
A5085977862,W2956102515,first
A5039156329,W2956118779,first
A5068525791,W2956128623,first
A5006078519,W2956128623,last
A5062101791,W2956566674,first
A5078861665,W2956566674,last
A5061710683,W2956743420,first
A5009138721,W2956811701,first
A5055611722,W2957079864,first
A5008758771,W2957079864,middle
A5038755734,W2957079864,middle
A5000834169,W2957079864,last
A5011853129,W2957273407,first
A5057516146,W2957512169,middle
A5006234673,W2957512169,last
A5082177890,W2957731005,first
A5047570390,W2957731005,last
A5042525344,W2958018186,first
A5081784013,W2958337463,first
A5076518905,W2958337463,middle
A5011288866,W2958337463,middle
A5015168828,W2958337463,last
A5068465714,W2958386976,first
A5020470831,W2958386976,last
A5011087889,W2958537683,first
A5068961635,W2958537683,last
A5005433503,W2958607558,first
A5043287912,W2959023108,first
A5074294747,W2959211465,first
A5064863774,W2959308160,first
A5086529589,W2959422858,first
A5006084463,W2959671802,first
A5018306883,W2959691376,first
A5051085304,W2959909326,first
A5029446502,W2960338507,last
A5069258041,W2961147217,first
A5091141353,W2961179096,last
A5041724300,W2961612523,first
A5039326107,W2961612523,last
A5024169371,W2961890735,first
A5026548454,W2961995000,first
A5087180937,W2962006485,first
A5062125384,W2962421375,first
A5003851577,W2962463369,first
A5086455533,W2962611218,first
A5080684526,W2962611218,middle
A5041279739,W2962611218,middle
A5047050571,W2962611218,middle
A5042312434,W2962673584,last
A5063529113,W2962715372,first
A5033569193,W2962787775,first
A5015460041,W2962787775,last
A5057560419,W2962979834,first
A5087542455,W2963004627,first
A5047050571,W2963004627,middle
A5090261224,W2963004627,middle
A5011543714,W2963004627,middle
A5091297862,W2963004627,last
A5079680538,W2963193031,first
A5019617481,W2963207394,first
A5053363407,W2963418995,first
A5076925992,W2963453334,first
A5060451067,W2963453334,last
A5008082171,W2963462240,last
A5015027023,W2963468227,first
A5001806573,W2963478376,first
A5029446502,W2963512321,first
A5036043014,W2963645647,last
A5073130023,W2963752163,middle
A5081244981,W2963752163,middle
A5081495111,W2963835660,first
A5004839622,W2963865319,first
A5045438558,W2963915120,first
A5057988033,W2963915120,last
A5057794930,W2963995003,first
A5069515302,W2964121966,first
A5074494312,W2964128243,last
A5062211132,W2964218259,first
A5004504514,W2964510706,first
A5023215823,W2964523744,first
A5085301137,W2964529313,first
A5020534140,W2964529313,last
A5048028976,W2964728300,first
A5056528356,W2964887636,last
A5051444342,W2964930310,first
A5002853720,W2965060490,first
A5005585461,W2965235978,first
A5030433889,W2965496503,first
A5022764094,W2965776298,first
A5078148545,W2965781356,middle
A5005093725,W2965826815,first
A5059357518,W2965874290,first
A5008668739,W2965977735,first
A5008668739,W2965977735,last
A5084775399,W2966019421,first
A5077403931,W2966029811,first
A5043514474,W2966029811,last
A5059048631,W2966167752,first
A5025903643,W2966167752,middle
A5041138306,W2966167752,last
A5001475174,W2966232811,first
A5073586968,W2966296149,last
A5083135976,W2966298074,first
A5016346978,W2966341493,first
A5072067836,W2966341493,last
A5048786601,W2966354714,first
A5091458117,W2966447100,first
A5073767853,W2966455000,first
A5088672975,W2966460051,first
A5036529804,W2966681241,first
A5086424104,W2966734687,first
A5074466064,W2966734687,middle
A5083880902,W2966734687,last
A5074196302,W2966754284,first
A5089734589,W2966840886,middle
A5078193306,W2966840886,middle
A5009740819,W2966840886,middle
A5039903960,W2966840886,middle
A5026815776,W2966861110,middle
A5040856389,W2966861110,last
A5016921845,W2966991651,first
A5064856008,W2966991651,middle
A5041282289,W2967179635,first
A5067969499,W2967402704,first
A5028996052,W2967656851,first
A5071387519,W2967807356,first
A5041352323,W2967807356,middle
A5071967339,W2967807356,last
A5091171451,W2968369252,first
A5015544771,W2968570256,first
A5091141987,W2968570256,middle
A5029422530,W2968570256,middle
A5056912975,W2968570256,middle
A5030159627,W2968570256,middle
A5025818295,W2968570256,last
A5080452629,W2968611616,first
A5048507417,W2968611616,middle
A5005836086,W2968611616,middle
A5044652195,W2968856907,middle
A5036879976,W2968856907,last
A5081914029,W2968938627,middle
A5008286738,W2968938627,middle
A5068897771,W2968938627,middle
A5008018459,W2968938627,middle
A5047794314,W2968938627,middle
A5007378827,W2968938627,middle
A5032386271,W2968938627,middle
A5038397688,W2968938627,middle
A5000434399,W2968938627,middle
A5069019746,W2968938627,middle
A5083359735,W2968938627,last
A5080452629,W2969003911,first
A5048507417,W2969003911,middle
A5005836086,W2969003911,middle
A5086573997,W2969145046,first
A5053155252,W2969145046,last
A5000134513,W2969216766,first
A5069100180,W2969220680,first
A5048485737,W2969220680,middle
A5087295769,W2969220680,middle
A5088510975,W2969220680,middle
A5051106548,W2969221066,first
A5016489216,W2969316627,first
A5049879839,W2969441896,first
A5012857374,W2969493242,first
A5011037821,W2969493242,middle
A5081794070,W2969493242,middle
A5002254524,W2969493242,middle
A5000532612,W2969493242,last
A5051623888,W2969513414,first
A5088570484,W2969535602,middle
A5044557847,W2969572227,first
A5007508748,W2969603358,first
A5041610283,W2969622177,first
A5010353102,W2969673706,first
A5024338150,W2969692066,first
A5045842854,W2969727039,first
A5089296319,W2969727039,middle
A5082325954,W2969727039,last
A5016842746,W2969737106,first
A5024194443,W2969737106,middle
A5024946758,W2969737106,last
A5007901564,W2969820747,last
A5038271432,W2969879813,first
A5001847261,W2969879813,last
A5045603108,W2969903556,first
A5067230761,W2969950888,first
A5022048878,W2969962384,first
A5028171150,W2969986389,first
A5051993117,W2969986389,last
A5048324208,W2969998378,first
A5086505024,W2970103179,first
A5025856514,W2970103179,last
A5046734130,W2970123689,first
A5047257992,W2970130134,first
A5062835253,W2970138188,first
A5042878649,W2970208257,first
A5056313042,W2970208257,last
A5003844947,W2970225371,middle
A5008032860,W2970316783,first
A5043115974,W2970359245,first
A5084092632,W2970392172,first
A5029854353,W2970392172,last
A5035091480,W2970455973,first
A5023547653,W2970575542,first
A5068481664,W2970651535,first
A5018416138,W2970741578,first
A5004967932,W2970782866,middle
A5079329106,W2970794413,first
A5082645155,W2970816042,first
A5062121762,W2970824039,first
A5009689439,W2970828352,first
A5010560354,W2970828352,last
A5031466318,W2970831122,first
A5070704114,W2970855701,first
A5055166649,W2970855701,middle
A5036873933,W2970855701,middle
A5036547128,W2970954390,first
A5024395125,W2970978489,first
A5022456933,W2971025083,first
A5076069998,W2971025083,middle
A5068143882,W2971025083,middle
A5023499084,W2971025083,last
A5067829868,W2971038661,first
A5018171453,W2971108618,first
A5040448497,W2971108618,last
A5038051198,W2971182684,first
A5001290800,W2971300362,first
A5004829298,W2971407830,first
A5033577431,W2971444722,first
A5044125474,W2971487478,first
A5043655110,W2971642070,first
A5077829378,W2971843440,first
A5056500848,W2971854494,first
A5026391344,W2971893733,first
A5028068257,W2971958964,first
A5083314541,W2971973449,last
A5064876801,W2972010334,first
A5033697529,W2972085553,last
A5005686839,W2972095116,first
A5023471512,W2972109031,first
A5036823963,W2972272454,first
A5005161189,W2972294827,first
A5009197761,W2972338045,first
A5048667897,W2972366371,first
A5053347421,W2972366371,middle
A5073529648,W2972366371,last
A5078542822,W2972482599,first
A5084823078,W2972573943,last
A5085554531,W2972671455,last
A5072639010,W2972829593,first
A5064460494,W2972905937,first
A5089247128,W2972952705,first
A5068514720,W2972952705,middle
A5047196019,W2972952705,middle
A5051531853,W2972952705,last
A5028509719,W2972952887,first
A5046130084,W2972952887,last
A5041937901,W2973017935,first
A5081500464,W2973017935,middle
A5006338234,W2973017935,middle
A5029490987,W2973017935,last
A5003890036,W2973056659,first
A5074820389,W2973062701,first
A5061449196,W2973095909,first
A5045754565,W2973095909,last
A5019391678,W2973220212,first
A5063305995,W2973269307,first
A5060877237,W2973269307,middle
A5040326170,W2973269307,middle
A5056287221,W2973269307,middle
A5082802691,W2973269307,middle
A5045025939,W2973269307,last
A5003056655,W2973429343,first
A5063114477,W2973621197,first
A5082143127,W2973905513,first
A5035432701,W2973905513,middle
A5064353243,W2973905513,last
A5003044729,W2973944951,first
A5035908989,W2973944951,middle
A5048193471,W2973944951,middle
A5039491324,W2974080614,first
A5017696413,W2974125009,first
A5015798626,W2974444776,first
A5045418207,W2974460640,first
A5057420103,W2974625437,first
A5024194397,W2974636077,first
A5077910569,W2974636077,middle
A5080734556,W2974636077,middle
A5065555733,W2974636077,middle
A5059337980,W2974636077,middle
A5033356690,W2974636077,last
A5022269446,W2974638260,first
A5049469197,W2974672984,middle
A5082118662,W2974967003,first
A5032378153,W2975011868,first
A5059662291,W2975193030,first
A5075461704,W2975193030,middle
A5000951629,W2975193030,last
A5025584964,W2975249791,first
A5025240022,W2975249791,last
A5089642999,W2975421135,last
A5085009232,W2975483616,first
A5091290216,W2975490707,first
A5055043960,W2975689193,first
A5046994961,W2975802561,first
A5082378141,W2975802561,last
A5041551569,W2976147504,first
A5074273491,W2976195794,first
A5025315300,W2976288830,middle
A5046841594,W2976288830,middle
A5039279679,W2976399329,middle
A5066252480,W2976399329,last
A5046896071,W2976602204,middle
A5046909216,W2976602204,last
A5001414178,W2976735527,first
A5017641515,W2976735527,middle
A5000219510,W2976735527,last
A5055266234,W2976760296,first
A5065600649,W2976768012,first
A5065243927,W2977064487,last
A5037960046,W2977215159,first
A5063943840,W2977215159,middle
A5050373978,W2977230566,first
A5008432409,W2977230566,middle
A5021743856,W2977230566,middle
A5043207505,W2977230566,last
A5069272522,W2977272614,middle
A5001596439,W2977272979,first
A5040507648,W2977280757,first
A5054932730,W2977410095,first
A5009897399,W2977410095,last
A5021555712,W2977578869,first
A5065988334,W2977578869,last
A5069813871,W2977680460,first
A5066999251,W2977680460,middle
A5084019086,W2977680460,middle
A5035852374,W2977680460,middle
A5091806083,W2977680460,last
A5030551100,W2977741954,first
A5044633511,W2977806334,first
A5073135124,W2977927959,first
A5069813871,W2978109506,first
A5027188391,W2978170699,first
A5041849396,W2978527299,first
A5084949004,W2978579713,first
A5044305037,W2978722216,last
A5045704498,W2978844639,first
A5080171014,W2979008654,first
A5069813871,W2979008654,middle
A5054529234,W2979008654,middle
A5004082765,W2979008654,middle
A5028574240,W2979008654,middle
A5001571075,W2979129032,first
A5060758322,W2979141226,first
A5039372152,W2979141226,middle
A5086520315,W2979141226,middle
A5003126186,W2979141226,middle
A5036787025,W2979141226,last
A5054932730,W2979206417,first
A5009897399,W2979206417,last
A5006548981,W2979350113,first
A5013230954,W2979350113,middle
A5077895764,W2979350113,last
A5067945257,W2979358459,first
A5060938368,W2979365709,middle
A5066265493,W2979365709,middle
A5084935463,W2979365709,last
A5005925953,W2979365711,first
A5056362774,W2979413143,first
A5062262387,W2979413143,middle
A5090433262,W2979413143,middle
A5064012317,W2979416126,first
A5007696663,W2979424414,first
A5089226693,W2979686484,first
A5057652752,W2979717936,first
A5011224328,W2979717936,last
A5042245077,W2979722114,first
A5075875216,W2979722114,last
A5043778695,W2979723520,first
A5015891605,W2979723520,last
A5052888425,W2979734521,first
A5031212256,W2979734521,last
A5009116003,W2979762611,middle
A5047516173,W2979762611,last
A5011477804,W2979818725,first
A5026422324,W2979884699,first
A5074668069,W2979900571,first
A5038684006,W2979932672,first
A5038742325,W2979947958,first
A5023720327,W2979955530,first
A5029672023,W2980001077,first
A5047144831,W2980119269,first
A5081090445,W2980261895,last
A5081523018,W2980268802,first
A5056335502,W2980318143,first
A5059533665,W2980583130,first
A5069471943,W2980583130,middle
A5033364748,W2980583130,last
A5003242716,W2980623368,first
A5089261752,W2980623368,middle
A5089734589,W2980730939,middle
A5078193306,W2980730939,middle
A5009740819,W2980730939,middle
A5039903960,W2980730939,middle
A5011388533,W2980745040,first
A5037543382,W2980745040,middle
A5046899369,W2980745040,middle
A5003021117,W2980745040,middle
A5050869595,W2980745040,last
A5014851152,W2980846159,middle
A5054950249,W2980925864,first
A5077507784,W2980990302,first
A5048547269,W2981023952,first
A5054809800,W2981025556,first
A5039350183,W2981025556,last
A5026603038,W2981114845,first
A5008915219,W2981133199,first
A5041117623,W2981133199,middle
A5034125011,W2981133199,last
A5033692358,W2981142306,first
A5000531588,W2981247294,middle
A5053951318,W2981247294,last
A5014872645,W2981321378,first
A5072823382,W2981324953,middle
A5072961494,W2981324953,middle
A5071605938,W2981324953,middle
A5088231786,W2981329366,first
A5025088388,W2981329366,middle
A5027837299,W2981329366,middle
A5036603102,W2981336808,first
A5037145281,W2981359639,first
A5029823262,W2981547623,first
A5091690725,W2981551612,first
A5007910585,W2981559464,middle
A5049772723,W2981559464,middle
A5043800617,W2981559464,middle
A5048756710,W2981559464,middle
A5007103270,W2981559464,middle
A5023101635,W2981635220,middle
A5078581234,W2981735314,middle
A5035908989,W2981735314,last
A5063545664,W2981765063,first
A5059193307,W2981797578,middle
A5073925867,W2981797578,last
A5060354474,W2981846104,first
A5084128034,W2981846104,last
A5060356847,W2981849843,first
A5065747860,W2981916048,first
A5082732226,W2981938955,middle
A5088017193,W2982023666,first
A5056928412,W2982163202,first
A5022117243,W2982311473,last
A5053553403,W2982314554,middle
A5063659031,W2982314554,middle
A5086560136,W2982314554,last
A5017877623,W2982447436,first
A5048028976,W2982485352,first
A5023911868,W2982489012,first
A5050908003,W2982684086,first
A5086746215,W2982916016,first
A5065139899,W2982943151,middle
A5065386571,W2982943151,last
A5052352041,W2983000927,first
A5058101898,W2983007487,first
A5041616196,W2983007487,middle
A5053232624,W2983007487,last
A5037909285,W2983234259,middle
A5067494620,W2983234259,middle
A5077641623,W2983234259,middle
A5038699091,W2983406570,first
A5026816299,W2983406570,middle
A5045770650,W2983406570,middle
A5015940608,W2983406570,middle
A5043498688,W2983406570,last
A5063902411,W2983457295,first
A5015443362,W2983457295,last
A5065912071,W2983531490,first
A5027930053,W2983531490,middle
A5071758245,W2983531490,last
A5039894075,W2983587404,first
A5011508990,W2983687130,first
A5033076583,W2983687130,middle
A5088565165,W2983778403,middle
A5029060737,W2983908614,first
A5067555843,W2983908614,middle
A5070194221,W2983908614,last
A5071837638,W2984222926,first
A5025745894,W2984301527,first
A5043084209,W2984301527,middle
A5011959346,W2984301527,last
A5009117324,W2984527948,first
A5015183168,W2984649052,first
A5059148920,W2984792327,middle
A5016996135,W2984792327,last
A5073068970,W2984888427,first
A5088487015,W2984918907,first
A5037909285,W2985451649,middle
A5067494620,W2985451649,middle
A5077641623,W2985451649,middle
A5063882304,W2985614097,first
A5085060529,W2985709361,first
A5083933910,W2985933633,first
A5042309515,W2985933633,middle
A5005196305,W2986176155,first
A5077570468,W2986310975,last
A5001636587,W2986331880,first
A5004489029,W2986384120,first
A5048845561,W2986384120,middle
A5042618993,W2986384120,middle
A5019608888,W2986384120,middle
A5046010374,W2986384120,last
A5034911958,W2986445637,middle
A5018447003,W2986445637,middle
A5021455967,W2986445637,middle
A5074811148,W2986520010,first
A5045728253,W2986520010,last
A5050779399,W2986524402,first
A5008256152,W2986559245,first
A5006318006,W2986559245,last
A5018407541,W2986826615,first
A5044222965,W2986911423,first
A5009663402,W2986986911,first
A5056861824,W2986986911,middle
A5011789606,W2987043504,first
A5038522605,W2987111265,first
A5067489877,W2987188187,middle
A5013657321,W2987188187,middle
A5025587574,W2987188187,middle
A5046338468,W2987188187,middle
A5032439211,W2987188187,middle
A5025944604,W2987188187,middle
A5026329498,W2987244811,first
A5074454480,W2987244811,middle
A5030391747,W2987244811,middle
A5009719839,W2987244811,last
A5069696874,W2987632268,first
A5061572554,W2987632268,middle
A5054693868,W2987632268,last
A5031313030,W2987664566,first
A5033467716,W2987804805,first
A5054292786,W2987804805,middle
A5072263396,W2987804805,middle
A5032087029,W2987804805,middle
A5052777783,W2987804805,middle
A5081189071,W2987804805,last
A5009624242,W2987964817,last
A5073956678,W2988154390,first
A5089479529,W2988154390,middle
A5028727536,W2988154390,last
A5025987295,W2988172368,first
A5017371653,W2988220823,first
A5071194817,W2988461808,first
A5086426770,W2988658045,last
A5035133006,W2988698332,first
A5046963922,W2988708277,last
A5042916844,W2988912894,first
A5018532337,W2988996587,first
A5003665931,W2989043154,first
A5040867009,W2989064687,middle
A5082372625,W2989315005,first
A5030936455,W2989315005,last
A5025128058,W2989582696,first
A5047168130,W2989582696,middle
A5077447924,W2989582696,middle
A5077447924,W2989582696,last
A5052960392,W2989625446,first
A5051627642,W2989625446,last
A5068772700,W2989694387,first
A5024641160,W2989716903,first
A5074526776,W2989716903,middle
A5038502624,W2989716903,last
A5079293684,W2989737081,first
A5068680543,W2989737081,middle
A5001312896,W2989737081,middle
A5087689086,W2989737081,middle
A5060108348,W2989737081,last
A5024148539,W2989794133,first
A5049733220,W2989794133,last
A5039630291,W2989898944,last
A5058256774,W2989900823,first
A5031166773,W2990006767,middle
A5009056549,W2990006767,last
A5052439105,W2990025653,last
A5047047082,W2990059865,first
A5046868227,W2990072606,first
A5024732054,W2990098927,middle
A5018643548,W2990098927,last
A5003474593,W2990123842,first
A5020557784,W2990124601,last
A5054085833,W2990125871,first
A5038330876,W2990125871,middle
A5019510267,W2990125871,last
A5055449436,W2990307583,first
A5014073509,W2990307583,last
A5040492776,W2990327283,first
A5061943102,W2990370104,middle
A5007529185,W2990370104,middle
A5054513302,W2990370104,last
A5074594397,W2990405550,first
A5019399723,W2990405550,last
A5008016300,W2990496365,last
A5017753490,W2990505695,first
A5050699628,W2990512401,first
A5054997402,W2990591984,middle
A5021581203,W2990626935,first
A5052111018,W2990661054,first
A5076763328,W2990690323,first
A5013607929,W2990690323,middle
A5050234051,W2990690323,last
A5087017967,W2990701215,first
A5020215016,W2990709595,first
A5069030275,W2990710273,middle
A5072477209,W2990724477,middle
A5029032513,W2990724477,middle
A5045650669,W2990733823,first
A5028230314,W2990810159,first
A5067147060,W2990886012,first
A5029809416,W2990886012,last
A5028639895,W2990893956,first
A5049687300,W2990930587,first
A5046580532,W2990930587,middle
A5066871058,W2990994967,first
A5027041821,W2990994967,middle
A5065349389,W2991001896,middle
A5084589881,W2991030629,first
A5002135733,W2991030629,last
A5060344743,W2991043921,last
A5091339345,W2991055958,first
A5019802144,W2991132657,first
A5014567417,W2991133141,first
A5087079632,W2991133141,middle
A5054886865,W2991158663,first
A5072293897,W2991159797,first
A5088227417,W2991163051,first
A5012181272,W2991189205,first
A5075503289,W2991263016,first
A5027896204,W2991284604,middle
A5072824621,W2991284604,last
A5042171930,W2991285715,first
A5011428140,W2991285715,last
A5006975104,W2991359905,first
A5033154566,W2991499691,first
A5044271294,W2991560459,first
A5006367363,W2991595264,first
A5041363986,W2991595264,last
A5085493425,W2991662272,first
A5057713317,W2991662272,middle
A5048498009,W2991662272,last
A5062484272,W2991860074,first
A5025146424,W2991886425,first
A5065103085,W2991904558,first
A5027577174,W2992028696,first
A5035810110,W2992028696,middle
A5065129802,W2992028696,middle
A5040259095,W2992028696,middle
A5091241328,W2992028696,middle
A5022048878,W2992028696,middle
A5089835902,W2992028696,middle
A5043637160,W2992028696,middle
A5008547953,W2992028696,middle
A5088805400,W2992028696,middle
A5088055811,W2992028696,middle
A5008487999,W2992028696,middle
A5031093298,W2992028696,middle
A5022587353,W2992028696,last
A5023876926,W2992036352,first
A5079125727,W2992036352,last
A5083927196,W2992105787,first
A5023349874,W2992329312,first
A5050588703,W2992462206,last
A5011676424,W2992562519,first
A5043505978,W2992562519,middle
A5006728664,W2992562519,last
A5069860663,W2992601033,first
A5066711776,W2992601033,middle
A5060451557,W2992601033,last
A5002526236,W2992683561,middle
A5007866175,W2992683561,middle
A5011154173,W2992683561,middle
A5082652858,W2992744331,first
A5083606443,W2993066998,first
A5074577891,W2993066998,last
A5051565479,W2993127389,middle
A5069094205,W2993127389,middle
A5005255629,W2993127389,last
A5033358395,W2993143476,middle
A5087826626,W2993166915,last
A5054582138,W2993178405,first
A5033690926,W2993803253,first
A5042184902,W2993885596,first
A5053574767,W2993959445,first
A5053574767,W2993959445,middle
A5090084990,W2993959445,middle
A5090084990,W2993959445,last
A5056365651,W2993971935,first
A5028068257,W2994023897,first
A5033422078,W2994100873,first
A5078814310,W2994100873,last
A5091267586,W2994250934,first
A5054870351,W2994355654,middle
A5023370414,W2994552199,first
A5031814143,W2994566983,first
A5021987860,W2994566983,last
A5066037875,W2994594398,first
A5036707627,W2994601755,first
A5014346883,W2994625158,first
A5084200880,W2994641755,first
A5013920359,W2994759110,last
A5036652880,W2994760790,first
A5008474318,W2994760790,middle
A5091716507,W2994760790,middle
A5006966951,W2994760790,middle
A5023638199,W2994760790,middle
A5024074640,W2994760790,middle
A5041689611,W2994760790,last
A5040335377,W2994839657,middle
A5042043235,W2994839657,middle
A5023471512,W2994885073,first
A5021590359,W2994885073,last
A5035320467,W2994891489,first
A5017454448,W2994891489,last
A5025521877,W2994915071,first
A5062556210,W2994972194,first
A5062134781,W2994994068,last
A5081820370,W2995034786,first
A5074147556,W2995125663,first
A5088978088,W2995187365,first
A5081887346,W2995197232,first
A5083631981,W2995199882,first
A5044828038,W2995199882,middle
A5039146377,W2995199882,last
A5046785666,W2995228583,first
A5007001727,W2995239825,first
A5012789057,W2995403220,first
A5029523674,W2995532335,first
A5043810943,W2995532335,middle
A5043982736,W2995532335,last
A5052158324,W2995535331,first
A5045986250,W2995540601,first
A5056106758,W2995693291,first
A5083970373,W2995693291,middle
A5068861203,W2995693291,middle
A5013114291,W2995693291,last
A5073848814,W2995752442,first
A5030307811,W2995818591,first
A5072912321,W2995853385,first
A5065909965,W2995856751,first
A5004713914,W2995859625,first
A5018419184,W2995866896,first
A5047432041,W2995895243,first
A5088948389,W2995908509,first
A5001710080,W2996019440,middle
A5071797359,W2996019440,middle
A5077676059,W2996544312,first
A5018249711,W2996638032,first
A5008913234,W2996638032,last
A5019279529,W2996652048,first
A5071893896,W2996660584,first
A5089698608,W2996687005,first
A5035248850,W2996687005,middle
A5065755044,W2996687005,middle
A5012001578,W2996687005,middle
A5044920253,W2996687005,middle
A5003707776,W2996687005,middle
A5041551573,W2996687005,middle
A5074651887,W2996687005,middle
A5031148668,W2996687005,middle
A5051646378,W2996687005,middle
A5021723551,W2996687005,middle
A5031581691,W2996687005,middle
A5059198581,W2996687005,middle
A5077079297,W2996687005,middle
A5028374852,W2996687005,middle
A5010127090,W2996687005,middle
A5088652478,W2996687005,middle
A5022875527,W2996687005,middle
A5032816815,W2996687005,middle
A5030633441,W2996687005,middle
A5043820475,W2996687005,middle
A5077215467,W2996687005,last
A5054273396,W2996710020,first
A5004667561,W2996710020,middle
A5014548978,W2996710020,middle
A5035154189,W2996710020,middle
A5010538335,W2996710020,middle
A5017982175,W2996710020,middle
A5001437325,W2996710020,last
A5003431636,W2996991351,first
A5020282398,W2996991351,last
A5025718114,W2997149885,first
A5069405056,W2997161328,first
A5070000184,W2997161328,last
A5015577615,W2997162845,first
A5050366255,W2997162845,last
A5025751830,W2997277949,first
A5020095393,W2997277949,middle
A5005496456,W2997288105,first
A5090047790,W2997311803,first
A5020893990,W2997460590,middle
A5005975901,W2997460590,middle
A5089142484,W2997460590,middle
A5024771172,W2997460590,middle
A5036824671,W2997460590,middle
A5087644087,W2997460590,middle
A5003934127,W2997460590,middle
A5058422516,W2997460590,middle
A5040034252,W2997460590,middle
A5006242646,W2997503719,first
A5022621183,W2997503719,last
A5012738272,W2997756058,first
A5033643410,W2997765814,first
A5041430435,W2997765814,last
A5054213023,W2997837904,first
A5039376713,W2997853282,first
A5055636975,W2997854350,first
A5088843638,W2997854350,middle
A5001071353,W2997854350,last
A5030786401,W2997925694,first
A5029144226,W2997983568,last
A5085159074,W2998226289,middle
A5049263279,W2998226289,last
A5045856611,W2998340024,first
A5090539557,W2998366380,first
A5072772215,W2998366380,middle
A5075142320,W2998366380,last
A5059934493,W2998376091,first
A5009251700,W2998398580,first
A5072587426,W2998398580,last
A5075900048,W2998703234,first
A5060626149,W2998736270,first
A5063135670,W2998807484,first
A5058761613,W2998807484,last
A5078892209,W2998932556,first
A5050792570,W2998935466,first
A5013224105,W2998935466,middle
A5036808209,W2998935466,last
A5085534724,W2998991337,first
A5020857042,W2999055470,first
A5067430892,W2999055470,middle
A5023775732,W2999055470,last
A5005268944,W2999073805,first
A5030202599,W2999299772,first
A5059403671,W2999453728,middle
A5067949412,W2999453728,middle
A5041905573,W2999453728,middle
A5014695703,W2999600506,last
A5029780474,W2999755833,middle
A5037592487,W2999755833,middle
A5030736465,W2999755833,middle
A5057683788,W2999755833,middle
A5027772462,W2999755833,middle
A5005807229,W2999755833,middle
A5066875818,W2999755833,middle
A5050370265,W2999755833,middle
A5011529695,W2999755833,middle
A5044185510,W2999755833,middle
A5060997956,W2999755833,middle
A5085174241,W2999755833,middle
A5068355437,W2999755833,middle
A5058079811,W2999755833,middle
A5088647143,W2999755833,middle
A5074379769,W2999755833,middle
A5086757907,W2999755833,middle
A5068882561,W2999755833,middle
A5080589724,W2999755833,middle
A5046561292,W2999755833,middle
A5061121499,W2999755833,middle
A5000941480,W2999755833,middle
A5060257094,W2999755833,middle
A5062502028,W2999755833,middle
A5013229696,W2999755833,middle
A5031128940,W2999755833,middle
A5006613812,W2999755833,middle
A5050204068,W2999755833,middle
A5042215125,W2999755833,middle
A5080525294,W2999755833,middle
A5017244246,W2999755833,middle
A5023111305,W2999755833,middle
A5056681638,W2999755833,middle
A5083861707,W2999755833,middle
A5004088800,W2999755833,middle
A5010342999,W2999755833,middle
A5003552788,W2999755833,middle
A5039192166,W2999755833,middle
A5004389746,W2999755833,middle
A5019172273,W2999755833,middle
A5018419430,W2999755833,middle
A5091702815,W2999755833,middle
A5020425987,W2999755833,middle
A5073056663,W2999755833,middle
A5002185900,W2999755833,middle
A5087452092,W2999755833,middle
A5044744505,W2999755833,middle
A5048597105,W2999755833,middle
A5066597979,W2999755833,middle
A5079619712,W2999755833,middle
A5021714967,W2999755833,middle
A5089243712,W2999755833,middle
A5007902261,W2999755833,middle
A5052211987,W2999755833,middle
A5011355711,W2999755833,middle
A5077189237,W2999755833,middle
A5085438098,W2999755833,middle
A5036863977,W2999776861,first
A5084229298,W2999776861,middle
A5075004674,W2999776861,middle
A5055783862,W2999893679,middle
A5047487369,W2999893679,last
A5090113628,W3000208355,first
A5006288819,W3000228401,last
A5006722413,W3000359884,first
A5040716355,W3000401192,middle
A5084685127,W3000401192,middle
A5084545998,W3000401192,last
A5089293948,W3000461445,first
A5036069559,W3000509038,first
A5084241811,W3000890848,first
A5038540242,W3000890848,middle
A5020015236,W3000890848,last
A5070716653,W3001235209,first
A5045524479,W3001260966,first
A5001289808,W3001376103,first
A5026994657,W3001463320,first
A5073064677,W3001463320,last
A5068403137,W3001543647,first
A5007913119,W3001743299,first
A5016652475,W3001842286,first
A5020838849,W3001877839,last
A5011801898,W3002006891,last
A5048153492,W3002029682,middle
A5027479811,W3002067850,first
A5074588398,W3002067850,last
A5006144581,W3002220929,first
A5070102204,W3002220929,middle
A5033880574,W3002220929,last
A5031755501,W3002619860,first
A5013337584,W3002689610,first
A5036290844,W3002814483,first
A5012459188,W3002993220,first
A5054647648,W3002993220,middle
A5029523674,W3003029962,first
A5010345888,W3003029962,middle
A5019386914,W3003029962,last
A5055762226,W3003060726,first
A5020494867,W3003060726,middle
A5058807010,W3003374346,first
A5083723699,W3003425049,first
A5010806813,W3003503363,first
A5083801543,W3003603116,first
A5014097649,W3003603116,last
A5025281874,W3003720507,first
A5010646067,W3003720507,middle
A5033807547,W3003720507,middle
A5074553479,W3003885330,first
A5080714926,W3003902012,first
A5078987894,W3003908385,first
A5041306893,W3003908385,last
A5047517734,W3004017423,first
A5024556694,W3004017423,middle
A5033625848,W3004017423,last
A5026168075,W3004076545,middle
A5015940205,W3004076545,last
A5004466244,W3004105366,first
A5011097315,W3004447105,last
A5069735967,W3004605933,first
A5021793804,W3004683866,middle
A5071103392,W3004693273,first
A5041089064,W3004800887,first
A5078746710,W3004909825,first
A5081270118,W3005018981,first
A5052450623,W3005018981,middle
A5054421093,W3005261547,first
A5091909895,W3005536827,first
A5057943401,W3005570721,first
A5022609544,W3005570721,last
A5011481879,W3005599956,first
A5083257472,W3005675390,first
A5046406542,W3005769928,first
A5082196220,W3005769928,last
A5056526799,W3005794703,first
A5046471257,W3005803117,first
A5028055243,W3005803117,middle
A5012192471,W3005803117,last
A5029952112,W3006309165,middle
A5015290076,W3006309165,middle
A5047206951,W3006480324,middle
A5006930854,W3006724787,first
A5066093138,W3006778715,last
A5009588248,W3007101257,first
A5066144443,W3007104308,first
A5089068488,W3007104308,last
A5069288055,W3007129993,first
A5000115370,W3007156200,first
A5081755462,W3007187668,first
A5005329047,W3007547740,middle
A5082496695,W3007565770,first
A5088267845,W3007565770,middle
A5041497068,W3007589027,first
A5090882219,W3007589027,middle
A5060837952,W3007589027,last
A5008514706,W3007638599,last
A5064337936,W3007747659,middle
A5000790357,W3007809541,first
A5081391199,W3007838937,first
A5049142331,W3007973947,first
A5060062349,W3008016590,first
A5072477885,W3008081870,first
A5059907665,W3008432124,first
A5011118965,W3008522010,last
A5024434607,W3008703269,first
A5002185975,W3008782962,first
A5026637163,W3008789790,first
A5034470307,W3008825378,middle
A5042811802,W3008875164,first
A5005391708,W3008939849,first
A5070470875,W3008939849,last
A5018905219,W3009290213,first
A5019902679,W3009654171,first
A5019938471,W3009872233,first
A5085354389,W3010165226,first
A5084809478,W3010165226,middle
A5047829787,W3010165226,middle
A5023890658,W3010165226,middle
A5032811876,W3010165226,middle
A5011142830,W3010165226,middle
A5053315898,W3010165226,middle
A5017783286,W3010165226,last
A5016325724,W3010470474,first
A5077303264,W3010482254,first
A5084568936,W3010491731,last
A5008035014,W3011182590,first
A5073180350,W3011851535,first
A5036234468,W3011999814,middle
A5017245207,W3012083100,first
A5052268272,W3012083100,middle
A5086896526,W3012083100,last
A5038224687,W3012101202,first
A5026277998,W3012101202,middle
A5043741557,W3012101202,middle
A5066406055,W3012101202,middle
A5037095426,W3012101202,last
A5024555154,W3012416344,first
A5076902388,W3012467318,first
A5039170332,W3013043358,first
A5033175709,W3013139995,middle
A5039838085,W3013139995,middle
A5014761588,W3013139995,middle
A5067993288,W3013139995,last
A5005053622,W3013687638,first
A5087421133,W3013687638,middle
A5061796010,W3013687638,middle
A5062942647,W3013687638,middle
A5062718839,W3013687638,middle
A5001567075,W3013687638,middle
A5067968369,W3013687638,middle
A5056577197,W3013687638,last
A5009556861,W3014043261,first
A5086449107,W3014210904,first
A5027493272,W3014296051,first
A5018501943,W3014599136,first
A5014849100,W3014782091,first
A5088552753,W3014916120,first
A5036208626,W3014916120,middle
A5044388139,W3014916120,last
A5052903032,W3015362371,last
A5050787872,W3015514712,first
A5069704629,W3015994725,first
A5005728644,W3016218829,last
A5031836934,W3016422195,last
A5034621834,W3016738563,first
A5050410171,W3016738563,middle
A5059013717,W3016738563,last
A5011824780,W3017475027,last
A5011466629,W3018696066,last
A5010353102,W3019551417,first
A5060697521,W3020720372,first
A5080963527,W3021060374,first
A5010705908,W3021060374,middle
A5023638199,W3021060374,middle
A5034930946,W3021060374,last
A5043919626,W3021294767,first
A5002078651,W3021455409,middle
A5083330935,W3021792117,first
A5083125799,W3021873337,first
A5068081385,W3021873337,middle
A5001153552,W3021873337,middle
A5046882659,W3021873337,last
A5000761707,W3022076177,first
A5017445294,W3022076177,last
A5079270098,W3022140264,first
A5034311673,W3022140264,middle
A5016399094,W3022434778,first
A5057742263,W3022434778,middle
A5037577175,W3022434778,middle
A5054023833,W3022434778,middle
A5013000993,W3022434778,middle
A5047405956,W3022434778,middle
A5083420537,W3022434778,middle
A5028235866,W3022434778,last
A5006548981,W3022553445,first
A5013230954,W3022553445,middle
A5077895764,W3022553445,last
A5018471212,W3022629879,last
A5065295003,W3022635942,first
A5020662429,W3023145497,first
A5041246626,W3023181971,first
A5000651584,W3023181971,middle
A5035260916,W3023181971,middle
A5016400353,W3023345778,first
A5056867259,W3023376933,first
A5044527134,W3023376933,last
A5071191321,W3023650372,first
A5035171392,W3023650372,middle
A5040067645,W3023650372,middle
A5039831949,W3023650372,middle
A5020563993,W3023650372,middle
A5021090586,W3023650372,middle
A5016657852,W3023650372,last
A5088272059,W3024028111,first
A5074294747,W3024415416,first
A5070278470,W3025120420,last
A5070407294,W3026054481,first
A5039644615,W3026141343,first
A5013815726,W3026240597,middle
A5060840397,W3027150921,first
A5013230909,W3027150921,middle
A5083575300,W3027150921,last
A5065353669,W3027382711,last
A5068938836,W3028282841,first
A5070252862,W3028282841,middle
A5005072600,W3028282841,middle
A5070453482,W3028282841,last
A5014610602,W3028494699,first
A5047402732,W3029808458,middle
A5016305525,W3029808458,middle
A5048380651,W3029808458,middle
A5070187045,W3029808458,middle
A5070691337,W3029808458,middle
A5001429765,W3029808458,last
A5017430628,W3030365084,first
A5020132853,W3030365084,middle
A5086937636,W3030365084,middle
A5019101903,W3030365084,last
A5020192483,W3031139901,first
A5053225136,W3032675073,first
A5031964906,W3032675073,middle
A5014478452,W3032675073,middle
A5052111624,W3032675073,middle
A5019358769,W3032675073,middle
A5021255849,W3032675073,last
A5003885963,W3033457710,first
A5003037560,W3033716059,middle
A5091766067,W3033716059,middle
A5025773259,W3033716059,middle
A5032045429,W3033716059,middle
A5053487890,W3033716059,last
A5020299748,W3034224180,first
A5047781401,W3034224180,last
A5009484350,W3035110018,first
A5051178626,W3037255853,first
A5004840015,W3037464162,first
A5054723955,W3037464162,last
A5002572745,W3038329849,first
A5034689606,W3038329849,middle
A5068728111,W3038329849,last
A5042364626,W3040545425,first
A5001047743,W3040932812,first
A5000104272,W3040932812,middle
A5075449032,W3040932812,last
A5025286783,W3040974435,first
A5015332851,W3040974435,middle
A5022137808,W3040974435,last
A5030499889,W3041698622,first
A5072420283,W3042261579,first
A5031305137,W3042261579,middle
A5000014798,W3042261579,last
A5055108480,W3042511342,first
A5076224482,W3042866148,first
A5016898838,W3043632052,first
A5063828713,W3043877104,first
A5006666660,W3044179728,first
A5046795668,W3045277568,first
A5015615281,W3046592118,first
A5010591329,W3047088450,first
A5051683067,W3047347766,last
A5049879108,W3047564984,middle
A5052151922,W3048059012,first
A5061973703,W3048792184,first
A5019930454,W3048966660,last
A5083159673,W3049339855,last
A5090718285,W3049396430,first
A5008701130,W3049711320,first
A5026361980,W3080608884,first
A5045410589,W3080608884,last
A5050873305,W3080712664,first
A5055523051,W3082338405,first
A5088436673,W3082338405,middle
A5039802638,W3082338405,middle
A5039091511,W3082338405,middle
A5051508511,W3082666217,first
A5080181390,W3082666217,middle
A5076508187,W3082666217,middle
A5041332968,W3082666217,middle
A5069466172,W3082666217,middle
A5060902414,W3082666217,middle
A5014873867,W3082666217,middle
A5009915982,W3082666217,last
A5081516210,W3083397269,first
A5021333255,W3084085050,first
A5042699267,W3084085050,last
A5052066899,W3084742609,first
A5023928504,W3085139013,first
A5082294349,W3085929177,first
A5027496192,W3085929177,last
A5077205828,W3088496820,first
A5008497112,W3088759262,first
A5001128803,W3089011252,last
A5014692515,W3089781837,first
A5040046265,W3090159253,first
A5084143622,W3090159253,last
A5010444375,W3090250296,first
A5084919715,W3090289946,first
A5024324589,W3090649016,last
A5085574733,W3091626708,first
A5019300587,W3091626708,middle
A5020840486,W3091626708,last
A5033064194,W3091731698,middle
A5068318026,W3091731698,last
A5009930587,W3092990691,middle
A5006813623,W3092990691,last
A5051718552,W3093378343,first
A5087220015,W3094272710,first
A5086345627,W3096489547,first
A5070022559,W3096489547,middle
A5031609548,W3096489547,last
A5026874614,W3097307943,first
A5066391682,W3097307943,middle
A5028034113,W3097382684,first
A5032404816,W3097647543,first
A5084233941,W3097647543,last
A5031857386,W3098115226,first
A5052813599,W3098115226,middle
A5059150661,W3098115226,middle
A5054888563,W3098115226,middle
A5043864804,W3098115226,middle
A5074722232,W3098115226,middle
A5032211480,W3098115226,middle
A5080624394,W3098115226,middle
A5039697780,W3098115226,last
A5058018605,W3100352837,middle
A5020436464,W3100352837,middle
A5080035034,W3100905882,middle
A5067234669,W3100905882,middle
A5051279651,W3100905882,middle
A5018245242,W3101358846,first
A5081038544,W3101358846,middle
A5078413286,W3101358846,middle
A5000327658,W3102300702,last
A5023858915,W3106757922,middle
A5019341781,W3106757922,middle
A5014058475,W3106757922,last
A5010847831,W3108122912,first
A5001350147,W3108338927,first
A5086742517,W3108801297,first
A5054133149,W3109049450,first
A5062360079,W3109049450,middle
A5073757790,W3109049450,middle
A5006634714,W3109049450,middle
A5059834579,W3109049450,middle
A5071887176,W3109049450,middle
A5050129780,W3109049450,last
A5088866807,W3109481594,middle
A5046147736,W3109553017,first
A5079508608,W3110418572,first
A5045616699,W3111154072,first
A5045162983,W3111154072,middle
A5073685161,W3111154072,last
A5090778317,W3111240970,first
A5041209874,W3111362504,first
A5065642714,W3111362504,middle
A5005717600,W3111362504,last
A5060672826,W3111563145,first
A5042645346,W3111563145,middle
A5029146133,W3111563145,middle
A5020710752,W3111563145,middle
A5037613252,W3111563145,last
A5057105042,W3111692509,first
A5066377493,W3111743892,first
A5049185343,W3112901072,first
A5019022339,W3113053959,first
A5054156836,W3113236902,first
A5059474339,W3113546982,first
A5054534288,W3114077074,first
A5081822197,W3114443460,first
A5035581056,W3114785137,first
A5062589034,W3114785137,last
A5087459996,W3116484663,first
A5012603045,W3118079393,first
A5056961214,W3118109703,first
A5056900058,W3118219522,middle
A5024050371,W3118219522,middle
A5056637501,W3118219522,middle
A5038578418,W3118846035,first
A5070333614,W3119155143,first
A5066484485,W3119155143,middle
A5080519081,W3120497067,first
A5014208159,W3120497067,middle
A5037046159,W3120497067,middle
A5030470998,W3120497067,middle
A5058883941,W3120497067,last
A5057217745,W3120953819,first
A5044687404,W3120953819,last
A5051890098,W3121575958,first
A5016492145,W3121575958,middle
A5015665829,W3121575958,last
A5013462901,W3122118880,first
A5044484291,W3122500689,last
A5048549674,W3122575517,first
A5080698957,W3122575517,last
A5007372393,W3123542231,first
A5057217338,W3123542231,last
A5051527233,W3124503253,first
A5037817653,W3124955912,first
A5043308279,W3124955912,last
A5010487736,W3126150378,first
A5048320747,W3126150378,middle
A5021571282,W3126150378,middle
A5040437691,W3126150378,last
A5074612596,W3126209799,first
A5005007359,W3126256834,first
A5036265658,W3126358335,first
A5016167985,W3126358335,last
A5091502353,W3126619918,first
A5081943085,W3126733514,first
A5078361858,W3126894080,middle
A5042519872,W3127202349,first
A5006835785,W3127327526,first
A5000365826,W3127478397,last
A5054610697,W3128023585,first
A5038151239,W3128023585,last
A5062021845,W3128136395,first
A5018945428,W3128865343,first
A5014590756,W3128906940,first
A5051747364,W3129075225,last
A5073619802,W3129516621,last
A5050936518,W3129616388,first
A5074293291,W3129616388,middle
A5068316894,W3129616388,last
A5070521308,W3129623279,first
A5053483603,W3129623279,middle
A5083574925,W3130031651,first
A5026341306,W3130031651,middle
A5006642219,W3130886438,first
A5081250646,W3131336792,first
A5044970397,W3131336792,last
A5007234161,W3131445937,first
A5084831906,W3131882238,first
A5061561391,W3132090160,first
A5033376903,W3132090160,last
A5021832071,W3132170678,last
A5083229284,W3132218102,middle
A5047305346,W3132218102,last
A5078467081,W3132622530,first
A5072826311,W3132622530,middle
A5050431536,W3132622530,middle
A5082126917,W3132622530,last
A5042799498,W3132702837,first
A5085887256,W3132702837,middle
A5049721976,W3132702837,last
A5054165513,W3132782330,first
A5030225388,W3132782330,last
A5074447861,W3133492209,first
A5091695994,W3133818619,first
A5082364638,W3134204537,first
A5085132639,W3134651981,first
A5017703480,W3134699827,first
A5039302980,W3134699827,last
A5003050958,W3135072372,middle
A5016336989,W3135139614,first
A5088018133,W3135218868,first
A5000377443,W3135737023,first
A5013042062,W3135737023,last
A5090207401,W3136370955,first
A5022255387,W3136370955,middle
A5045051599,W3136370955,middle
A5060432914,W3136370955,last
A5004627713,W3137844184,first
A5085579019,W3137991923,first
A5068923033,W3138797623,first
A5056734481,W3138797623,middle
A5077937900,W3138797623,last
A5041246989,W3141759533,first
A5082850759,W3141759533,middle
A5066411558,W3141759533,last
A5057483408,W3143068850,middle
A5052265511,W3144241301,first
A5087645633,W3144241301,last
A5079646864,W3148015298,middle
A5091140893,W3148934275,first
A5069455606,W3148934275,middle
A5087026860,W3151950008,last
A5048863926,W3153368654,first
A5082067507,W3153737589,first
A5054509736,W3154032369,first
A5066881801,W3154032369,last
A5059176055,W3155887251,first
A5067037895,W3156380686,first
A5080650629,W3157065898,first
A5011940674,W3157070275,first
A5005600427,W3157106837,first
A5031947253,W3157161323,first
A5067868523,W3157198785,first
A5047941947,W3157746363,first
A5067843785,W3158232060,first
A5028525233,W3158445764,first
A5029805698,W3158587785,first
A5030906710,W3158671915,first
A5079728013,W3158731205,first
A5022171587,W3158806063,first
A5078028257,W3158930516,first
A5056745672,W3158934970,first
A5055873845,W3159053543,middle
A5078292131,W3159053543,middle
A5087505954,W3159053543,middle
A5083042132,W3159053543,middle
A5070333614,W3159123385,first
A5066484485,W3159123385,middle
A5071994219,W3159211540,first
A5004479027,W3159386535,first
A5077692861,W3159444853,first
A5030627586,W3159444853,middle
A5077261983,W3159444853,middle
A5028494999,W3159444853,middle
A5070838122,W3159444853,last
A5029536513,W3159455846,first
A5091178677,W3159537957,first
A5036532788,W3159862422,first
A5053604081,W3159868951,last
A5067072208,W3159871346,first
A5078116177,W3160357003,first
A5028333384,W3160357003,middle
A5051290514,W3160357003,middle
A5039560880,W3160357003,middle
A5054554948,W3160357003,middle
A5074330754,W3160357003,middle
A5075925914,W3160357003,middle
A5019740733,W3160357003,middle
A5034480261,W3160357003,middle
A5053470789,W3160357003,last
A5048313674,W3160406426,first
A5016049438,W3160947784,first
A5059986904,W3162229535,first
A5031539369,W3162598307,first
A5041399642,W3163230819,first
A5038699091,W3163616883,first
A5026816299,W3163616883,middle
A5045770650,W3163616883,middle
A5015940608,W3163616883,middle
A5043498688,W3163616883,last
A5088891827,W3164246018,first
A5088891827,W3164246018,last
A5007176508,W3164467740,last
A5005197120,W3164597219,first
A5005778190,W3164781493,first
A5017776348,W3164982399,middle
A5086909487,W3165351184,first
A5015786030,W3165517524,first
A5067118505,W3166638556,last
A5002025809,W3166855687,first
A5037816423,W3167152520,last
A5074121597,W3167516354,first
A5038304394,W3167516354,middle
A5074121597,W3167516354,middle
A5073410049,W3167516354,last
A5013685178,W3168088420,middle
A5009622679,W3168361094,first
A5073550054,W3169255470,middle
A5047865082,W3169255470,last
A5056835399,W3169870985,first
A5074454480,W3171413082,first
A5030391747,W3171413082,middle
A5046814585,W3171413082,last
A5051279651,W3171491418,first
A5029218215,W3171491418,middle
A5081010934,W3171491418,middle
A5067234669,W3171491418,middle
A5035262752,W3171716547,first
A5015772076,W3171835350,middle
A5014821487,W3171835350,middle
A5009308031,W3171835350,middle
A5032994993,W3171835350,last
A5035731144,W3173685191,first
A5025012438,W3173685191,middle
A5000004709,W3173685191,middle
A5060200216,W3173685191,last
A5079117540,W3173770642,first
A5067236552,W3174236153,first
A5005305109,W3174753626,first
A5024916267,W3175044759,last
A5001227222,W3175062578,first
A5015728080,W3175241434,middle
A5031160050,W3175241434,middle
A5020834836,W3175241434,middle
A5029022777,W3175241434,middle
A5052946333,W3175241434,middle
A5089927838,W3175241434,middle
A5004877240,W3175241434,last
A5032018050,W3175927121,first
A5061221108,W3176433329,first
A5016899033,W3178393262,first
A5052570136,W3182349108,first
A5008709913,W3184062273,first
A5088327390,W3184062273,middle
A5021848848,W3184062273,middle
A5034256022,W3184062273,middle
A5059778895,W3184726984,first
A5087417088,W3184752451,first
A5038535451,W3185360291,first
A5056975635,W3185434412,first
A5090855504,W3185434412,last
A5043481057,W3185728277,first
A5090746453,W3186536959,first
A5075454529,W3186973033,first
A5038999176,W3186973033,last
A5059882053,W3187520544,first
A5022301074,W3187520544,middle
A5046852447,W3188822820,first
A5065418517,W3188822820,middle
A5065755537,W3188822820,last
A5079642748,W3189600412,last
A5038421917,W3189925766,middle
A5069736258,W3189925766,last
A5065059558,W3190263783,first
A5073916921,W3190263783,middle
A5024508073,W3190263783,middle
A5057476577,W3190263783,middle
A5049085989,W3190263783,middle
A5027171279,W3190263783,last
A5006551468,W3190725915,first
A5058717123,W3190921680,first
A5065265823,W3190953542,first
A5040100735,W3190953542,last
A5009270487,W3191372808,first
A5016653929,W3191372808,last
A5088395557,W3191382312,first
A5085364670,W3191382312,last
A5067679577,W3191391055,first
A5041761117,W3191391055,middle
A5030015344,W3191391055,middle
A5083128670,W3191391055,last
A5051896955,W3191525794,first
A5019416858,W3191525794,last
A5021872235,W3191550492,first
A5052618352,W3191991244,first
A5069905512,W3191991244,last
A5079659938,W3192084590,middle
A5029998682,W3192084590,middle
A5016486553,W3192084590,middle
A5023506057,W3192084590,middle
A5036896343,W3192084590,last
A5020228958,W3192188783,first
A5037828301,W3192188783,middle
A5039863738,W3192188783,last
A5037588477,W3192543609,first
A5080806360,W3192543609,last
A5029638799,W3192635669,first
A5055397718,W3192635669,last
A5058861287,W3192770928,first
A5013544266,W3192770928,last
A5090007845,W3193031445,last
A5054234902,W3193052538,middle
A5085740219,W3193052538,middle
A5046955009,W3193052538,middle
A5077080413,W3193052538,middle
A5049101411,W3193052538,middle
A5039608149,W3193052538,middle
A5001104721,W3193052538,middle
A5004716468,W3193052538,middle
A5091168966,W3193052538,middle
A5018120191,W3193052538,middle
A5070593262,W3193052538,middle
A5056226189,W3193052538,middle
A5023725893,W3193052538,last
A5067679577,W3193175143,first
A5041761117,W3193175143,middle
A5030015344,W3193175143,middle
A5083128670,W3193175143,last
A5022106172,W3194031427,first
A5011240207,W3194153069,last
A5055832559,W3194436847,first
A5005845405,W3194509703,first
A5056739333,W3196017404,first
A5061189681,W3196588764,first
A5013582293,W3196588764,middle
A5033437570,W3196588764,last
A5076063244,W3197036680,first
A5045891559,W3198551177,first
A5053277469,W3199880395,last
A5088634271,W3199895795,first
A5083696527,W3200498805,first
A5060037149,W3200665864,last
A5064483045,W3202460751,first
A5081408743,W3202460751,middle
A5009407454,W3202460751,middle
A5042731205,W3202460751,middle
A5004088697,W3202460751,middle
A5010389927,W3202460751,middle
A5051117670,W3202460751,middle
A5072306206,W3202460751,middle
A5046966925,W3202460751,middle
A5005405897,W3202460751,middle
A5078739981,W3202460751,last
A5013231828,W3202702543,first
A5069795198,W3203630366,first
A5033092581,W3204075163,first
A5032689840,W3205716849,first
A5055260322,W3206613209,middle
A5012699238,W3206654018,last
A5060615756,W3207227733,first
A5088934492,W3207227733,last
A5044567059,W3208636659,middle
A5031854739,W3209824601,first
A5038616117,W3210406898,first
A5065665796,W3210490793,first
A5079472796,W3210490793,last
A5043018667,W3210522677,first
A5032823944,W3210890849,first
A5055416007,W3212693445,first
A5049025674,W3212693445,middle
A5091720513,W3212693445,middle
A5026635176,W3212693445,last
A5002140886,W3213466179,first
A5074847953,W3214135718,first
A5083018498,W3214389058,first
A5062423030,W3214389058,last
A5048165304,W3214767936,first
A5063538858,W3214767936,middle
A5090316964,W3214767936,middle
A5023160093,W3214767936,middle
A5047113573,W3214767936,last
A5002215730,W3214958234,middle
A5029215958,W3215046095,middle
A5034956398,W3215086582,first
A5090768901,W3215086582,last
A5054271157,W3216261640,first
A5071063933,W3216355934,first
A5015196407,W3216355934,last
A5018148669,W3216502440,middle
A5045719804,W3216502440,middle
A5030699007,W3216502440,last
A5013074027,W3216562186,middle
A5004949022,W3216913903,first
A5073655843,W3216913903,last
A5082301986,W3217028885,middle
A5080168999,W3217135730,first
A5069886923,W3217135730,middle
A5033151214,W3217135730,last
A5065405793,W3217209395,last
A5006256668,W3217542910,first
A5010194242,W3217542910,middle
A5017159721,W3217542910,middle
A5051355825,W3217542910,last
A5046283740,W354824570,first
A5014433684,W362726242,middle
A5049846565,W362726242,last
A5006825413,W417108722,first
A5026767648,W4200316327,first
A5014875283,W4200316327,middle
A5024770025,W4200316327,last
A5038699091,W4206869254,first
A5026816299,W4206869254,middle
A5045770650,W4206869254,middle
A5015940608,W4206869254,middle
A5043498688,W4206869254,last
A5053469140,W4206883484,first
A5006454902,W4211167483,first
A5046785666,W4212960298,first
A5074899254,W4213084234,last
A5062518489,W4213212856,first
A5035086666,W4214707903,first
A5018486397,W4214707903,last
A5063828713,W4229799131,first
A5026103260,W4229913579,first
A5021566328,W4230499103,first
A5077570468,W4230796742,last
A5048075490,W4231274582,first
A5052898223,W4231274582,middle
A5037219548,W4231274582,middle
A5066709254,W4231274582,middle
A5040499361,W4231274582,last
A5031454194,W4231529066,first
A5045795555,W4231529066,last
A5056569092,W4231711389,last
A5008218695,W4231864347,middle
A5005003129,W4231864347,middle
A5061282430,W4232173676,first
A5020920051,W4232251907,first
A5058816832,W4232251907,last
A5010847404,W4232264761,first
A5029231792,W4232716871,first
A5064460494,W4233056423,first
A5058142269,W4233761662,first
A5016574855,W4234268021,first
A5048075490,W4234268021,middle
A5037219548,W4234268021,middle
A5066709254,W4234268021,middle
A5040720506,W4234268021,last
A5050386176,W4234386194,last
A5087532463,W4235456048,first
A5072514168,W4235559541,first
A5040045740,W4235559541,middle
A5034723351,W4235559541,middle
A5031686114,W4235877565,first
A5007042240,W4235877565,last
A5091494945,W4235977480,first
A5038181926,W4235977480,middle
A5028016065,W4236271133,first
A5031492664,W4236271133,middle
A5036029722,W4236271133,middle
A5050406382,W4236271133,middle
A5076464455,W4236271133,last
A5032418457,W4236393178,first
A5029305480,W4236393178,middle
A5071176843,W4236393178,last
A5003044729,W4237106130,first
A5035908989,W4237106130,middle
A5048193471,W4237106130,middle
A5076927567,W4237912768,first
A5067201843,W4237944474,first
A5038390659,W4238082474,first
A5004299578,W4238262908,first
A5046408365,W4238262908,middle
A5080036358,W4238262908,middle
A5020700841,W4238262908,last
A5031686114,W4238362596,first
A5007042240,W4238362596,last
A5090251402,W4238632306,first
A5031686114,W4238880066,first
A5007042240,W4238880066,last
A5081270118,W4239522559,first
A5052450623,W4239522559,middle
A5074061429,W4239654294,first
A5009447334,W4239683817,middle
A5059608759,W4239683817,last
A5054136412,W4239684052,middle
A5021770255,W4240247234,first
A5039378680,W4240247234,last
A5060965727,W4240687534,first
A5023349874,W4241230714,first
A5071893896,W4241260527,first
A5003035425,W4241450721,first
A5031686114,W4241569072,first
A5007042240,W4241569072,last
A5048651226,W4242414917,first
A5031686114,W4242586112,first
A5007042240,W4242586112,last
A5049871271,W4242932611,first
A5052698941,W4243285692,first
A5031686114,W4244279157,first
A5007042240,W4244279157,last
A5003706724,W4244463088,first
A5007901564,W4244659330,last
A5031686114,W4244688484,first
A5007042240,W4244688484,last
A5019321894,W4244747329,first
A5049871271,W4244770397,first
A5018887199,W4245620930,first
A5021491998,W4245620930,middle
A5089070377,W4245620930,middle
A5016944686,W4245620930,middle
A5031672975,W4245620930,middle
A5040777773,W4245620930,last
A5031686114,W4245701053,first
A5007042240,W4245701053,last
A5007143577,W4246629745,first
A5047868434,W4246791563,first
A5090395044,W4247397943,middle
A5031686114,W4247859305,first
A5007042240,W4247859305,last
A5001369620,W4248138338,first
A5010536779,W4248138338,middle
A5024239321,W4248496240,first
A5084310114,W4248496240,last
A5060942576,W4248845123,first
A5053981414,W4248845123,last
A5018865174,W4248866519,first
A5031686114,W4248963071,first
A5007042240,W4248963071,last
A5010638556,W4249124820,first
A5090348937,W4249245815,first
A5050344265,W4249297988,first
A5026948346,W4249491805,first
A5021807029,W4249967854,middle
A5034611979,W4249967854,middle
A5011613534,W4249967854,middle
A5031686114,W4250050802,first
A5007042240,W4250050802,last
A5013488024,W4250076466,first
A5067737343,W4250319122,first
A5053508579,W4251211977,first
A5012221320,W4251211977,last
A5026013696,W4251250441,first
A5033697308,W4251340731,first
A5048543932,W4251395348,first
A5018865174,W4251917601,first
A5045383162,W4252809778,first
A5061764240,W4252809778,middle
A5030794947,W4252809778,last
A5054710928,W4253292154,last
A5002301499,W4253358381,first
A5087675371,W4253486412,first
A5069319868,W4253486412,middle
A5039318171,W4253486412,last
A5061055780,W4253487032,first
A5071772272,W4254015011,first
A5070245697,W4254352144,first
A5036557942,W4254631646,first
A5031313030,W4254949358,first
A5031686114,W4256074058,first
A5007042240,W4256074058,last
A5088205575,W4256255616,first
A5064562081,W4256585809,first
A5004218907,W4256585809,middle
A5012309808,W4256585809,middle
A5058024914,W4286749295,middle
A5088622767,W4286749295,last
A5030425236,W4286824887,first
A5061257179,W4287977275,middle
A5004191261,W4287995278,first
A5029445830,W4287995278,middle
A5075313163,W4287995278,middle
A5060190356,W4287995278,middle
A5053947754,W4287995278,last
A5060385239,W4287998092,last
A5038441280,W4288004710,first
A5091166133,W4288087134,first
A5074847953,W4288090989,first
A5074731089,W4288098628,middle
A5079605311,W4288098628,middle
A5041243287,W4288098628,middle
A5037987949,W4288098628,middle
A5066680347,W4288103303,first
A5013266148,W4288103303,middle
A5061469691,W4288103303,middle
A5005866826,W4288103303,last
A5047402732,W4288247931,middle
A5016305525,W4288247931,middle
A5048380651,W4288247931,middle
A5070187045,W4288247931,middle
A5070691337,W4288247931,middle
A5001429765,W4288247931,last
A5074273491,W4288267956,first
A5046253476,W4288297513,first
A5029087825,W4288324060,first
A5080465910,W4288336945,first
A5060082596,W4288378968,first
A5080577288,W4288378968,middle
A5054239976,W4288378968,last
A5038699091,W4288381114,first
A5026816299,W4288381114,middle
A5045770650,W4288381114,middle
A5015940608,W4288381114,middle
A5038699091,W4288400314,first
A5026816299,W4288400314,middle
A5045770650,W4288400314,middle
A5015940608,W4288400314,middle
A5080624394,W4288562475,first
A5007781745,W4288562475,middle
A5036483175,W4288562475,last
A5055535839,W4288622734,first
A5065494815,W4288632285,first
A5058177812,W4288632596,first
A5002185269,W4288643249,first
A5005053622,W4288657906,first
A5087421133,W4288657906,middle
A5061796010,W4288657906,middle
A5072229035,W4288657906,middle
A5062718839,W4288657906,middle
A5001567075,W4288657906,middle
A5067968369,W4288657906,middle
A5056577197,W4288657906,last
A5044538157,W4288911803,first
A5000497583,W4288911803,last
A5005053622,W4288933093,first
A5087421133,W4288933093,middle
A5061796010,W4288933093,middle
A5072229035,W4288933093,middle
A5062718839,W4288933093,middle
A5001567075,W4288933093,middle
A5067968369,W4288933093,middle
A5056577197,W4288933093,last
A5005053622,W4288945052,first
A5087421133,W4288945052,middle
A5061796010,W4288945052,middle
A5072229035,W4288945052,middle
A5062718839,W4288945052,middle
A5001567075,W4288945052,middle
A5067968369,W4288945052,middle
A5056577197,W4288945052,last
A5005053622,W4288953836,first
A5087421133,W4288953836,middle
A5061796010,W4288953836,middle
A5072229035,W4288953836,middle
A5062718839,W4288953836,middle
A5001567075,W4288953836,middle
A5067968369,W4288953836,middle
A5056577197,W4288953836,last
A5005053622,W4288965171,first
A5087421133,W4288965171,middle
A5061796010,W4288965171,middle
A5072229035,W4288965171,middle
A5062718839,W4288965171,middle
A5001567075,W4288965171,middle
A5067968369,W4288965171,middle
A5056577197,W4288965171,last
A5005053622,W4288965535,first
A5087421133,W4288965535,middle
A5061796010,W4288965535,middle
A5072229035,W4288965535,middle
A5062718839,W4288965535,middle
A5001567075,W4288965535,middle
A5067968369,W4288965535,middle
A5056577197,W4288965535,last
A5021649700,W4289023204,first
A5053988311,W4289023204,last
A5081090445,W4289025142,last
A5026515643,W4289025290,middle
A5024774718,W4289025290,last
A5059403671,W4289030415,middle
A5067949412,W4289030415,middle
A5041905573,W4289030415,middle
A5024556694,W4289030736,first
A5010058559,W4289030736,middle
A5009378471,W4289030736,middle
A5067758248,W4289030736,last
A5012135966,W4289032015,first
A5055172844,W4289032015,last
A5060333745,W4289035651,last
A5006652905,W4289038762,first
A5074887428,W4289038762,middle
A5044222038,W4289038762,last
A5038228433,W4289038798,first
A5058862285,W4289038798,middle
A5037779332,W4289038798,middle
A5023291208,W4289038798,middle
A5038235574,W4289038798,middle
A5001774692,W4289038798,last
A5081591999,W4289039139,first
A5051508511,W4289046085,first
A5080181390,W4289046085,middle
A5076508187,W4289046085,middle
A5041332968,W4289046085,middle
A5069466172,W4289046085,middle
A5060902414,W4289046085,middle
A5014873867,W4289046085,middle
A5009915982,W4289046085,last
A5067423102,W4289046622,last
A5061470462,W4290765139,middle
A5026919456,W4290765139,middle
A5077232157,W4293161832,first
A5003126186,W4293161832,middle
A5045565571,W4293161832,last
A5049583553,W4293262846,first
A5029479248,W4293262846,middle
A5051531853,W4293262846,last
A5003469648,W4299682829,first
A5076204770,W4299682829,middle
A5078404504,W4302241289,first
A5007123290,W4302241289,last
A5029695974,W4308859573,middle
A5088547945,W4308859573,middle
A5028225869,W4308859573,last
A5074731089,W4309238487,middle
A5079605311,W4309238487,middle
A5041243287,W4309238487,middle
A5037987949,W4309238487,middle
A5051508511,W4310806381,first
A5080181390,W4310806381,middle
A5076508187,W4310806381,middle
A5041332968,W4310806381,middle
A5069466172,W4310806381,middle
A5060902414,W4310806381,middle
A5014873867,W4310806381,middle
A5009915982,W4310806381,last
A5047749008,W4313373007,first
A5020377758,W4318051045,first
A5053890837,W4321594803,first
A5015034523,W4321594803,middle
A5051508511,W4324016076,first
A5080181390,W4324016076,middle
A5076508187,W4324016076,middle
A5041332968,W4324016076,middle
A5069466172,W4324016076,middle
A5060902414,W4324016076,middle
A5014873867,W4324016076,middle
A5009915982,W4324016076,last
A5080624394,W4353028760,first
A5007781745,W4353028760,middle
A5036483175,W4353028760,last
A5033813017,W4365460993,first
A5080181390,W4365460993,middle
A5076508187,W4365460993,middle
A5041332968,W4365460993,middle
A5069466172,W4365460993,middle
A5060902414,W4365460993,middle
A5014873867,W4365460993,middle
A5009915982,W4365460993,last
A5082467200,W4365809131,first
A5049397370,W4366761881,first
A5055710770,W4366761881,last
A5082870599,W4372060296,first
A5038322900,W569752299,first
A5035410971,W587017554,last
A5055342162,W600492028,first
A5085929233,W602800571,first
A5024184784,W623737404,first
A5024840328,W623737404,last
A5075748364,W630153027,first
A5028250365,W650473875,first
A5075614118,W659496008,first
A5051375994,W864079609,last
A5030850124,W99731402,first
A5036396315,W99731402,middle
A5014694097,W99731402,middle
A5061767252,W99731402,last
