src,tgt,position
A5004271128,W2557283755,first
A5086198262,W2557283755,middle
A5031185465,W2557283755,last
A5011125611,W1595833668,first
A5087188826,W4297983578,first
A5022718274,W1963854724,first
A5024431603,W2513180554,first
A5083450863,W4238160257,first
A5062653961,W4238160257,middle
A5027826197,W4238160257,middle
A5009969698,W4238160257,last
A5073988999,W4235051201,first
A5045744709,W4235051201,last
A5022882863,W1418475881,first
A5041191852,W1418475881,last
A5038054573,W2587865575,first
A5034587660,W2290127356,first
A5076017424,W1608725739,first
A5083571879,W2507757002,middle
A5034709081,W2507757002,middle
A5036183004,W2507757002,middle
A5019644280,W2507757002,last
A5036175492,W3217380390,first
A5042747460,W4292081177,first
A5078871393,W4292081177,last
A5040900029,W2767544505,first
A5087767192,W2246690291,first
A5035523929,W2246690291,last
A5037357727,W52354453,first
A5051247445,W1596721197,first
A5045901848,W1596721197,middle
A5083295077,W1596721197,middle
A5032839569,W1596721197,last
A5062717648,W2398886555,last
A5046711023,W2482021336,first
A5083872718,W2482021336,last
A5000887703,W4245968061,last
A5038185516,W2479648088,first
A5084686808,W2479648088,middle
A5039482178,W2479648088,last
A5089032031,W1542351050,first
A5091682385,W1532221965,first
A5016429805,W2297125810,first
A5051936919,W2297125810,middle
A5029988698,W2297125810,middle
A5020788047,W2297125810,last
A5025328957,W2928787164,first
A5045021962,W2096589407,first
A5080143897,W2096589407,last
A5047984167,W1481310880,first
A5083450863,W2582771730,first
A5062653961,W2582771730,middle
A5027826197,W2582771730,middle
A5009969698,W2582771730,last
A5012617033,W2614305404,first
A5038431271,W2614305404,last
A5085692686,W2050234634,first
A5021982925,W2050234634,last
A5018410445,W1530215515,first
A5007830129,W85072216,first
A5084704601,W3141037374,first
A5034252351,W3141037374,last
A5022404172,W2486285194,first
A5089537375,W2486285194,middle
A5035612280,W2486285194,last
A5087662609,W4245446217,first
A5085627414,W4245160364,first
A5077568501,W4245160364,middle
A5091040294,W4245160364,last
A5062933986,W2521174474,first
A5023544538,W2499581503,first
A5068804090,W4239466562,first
A5055348046,W2503089308,first
A5036325516,W2738122318,last
A5057548987,W2509684361,first
A5083304312,W4239715530,first
A5034196986,W2496600137,first
A5051386391,W2496600137,last
A5035670578,W2586262377,first
A5028773395,W2586262377,middle
A5006042337,W2586262377,middle
A5002087412,W2586262377,last
A5049312755,W1870624945,first
A5084282503,W2606327720,first
A5056808390,W2783490104,first
A5064525703,W4234802105,middle
A5003388968,W4234802105,middle
A5061612178,W4234802105,last
A5052571923,W4230246323,first
A5030154315,W2492277691,first
A5018392096,W2492277691,middle
A5012019960,W4238650950,first
A5085421062,W2528398598,first
A5008352524,W2528398598,last
A5078843430,W2480512873,first
A5024626195,W3141505394,first
A5001711159,W2484963638,first
A5029344996,W4229942708,first
A5082538217,W4229942708,last
A5080743153,W4247794781,first
A5036109808,W2346206722,middle
A5083859927,W2346206722,last
A5047228466,W2524961085,first
A5018676117,W3121797243,first
A5042263650,W3121797243,middle
A5004111307,W3121797243,middle
A5049652955,W3121797243,middle
A5083182987,W3121797243,middle
A5046992958,W3121797243,last
A5001200543,W4296288933,first
A5050903632,W4296288933,middle
A5058049693,W4296288933,middle
A5003756290,W4296288933,middle
A5041089506,W4296288933,last
A5069386158,W2524681876,first
A5084564811,W2164616133,first
A5009242602,W2164616133,middle
A5014775429,W2164616133,middle
A5011176205,W2164616133,last
A5013817606,W4249576584,first
A5024182120,W607079072,first
A5079940769,W3027593411,first
A5073216478,W1534010569,first
A5082453202,W1534010569,middle
A5081289844,W1534010569,last
A5087779431,W2497320330,first
A5032231503,W2563461824,first
A5081839926,W2563461824,middle
A5060026407,W2563461824,last
A5055075050,W2567029499,first
A5077984951,W651742516,first
A5062662924,W4294928850,first
A5000808371,W4294928850,middle
A5082357282,W4294928850,last
A5000893315,W2564680445,first
A5033473979,W2564680445,last
A5076259865,W2476153691,first
A5071006649,W2520200494,first
A5007656938,W2520200494,middle
A5027171279,W2520200494,middle
A5087368991,W2520200494,last
A5034587660,W2753252826,first
A5016922139,W4211052054,first
A5064830080,W4251844476,first
A5060432668,W1507957806,first
A5045384249,W1507957806,last
A5006461575,W2581404537,middle
A5081053092,W1700954517,first
A5028089542,W2603931454,first
A5012509957,W1130053141,first
A5044475069,W4200523670,first
A5051386391,W2482689398,first
A5061639181,W2482689398,last
A5026639060,W4230718763,first
A5048424631,W4242542686,first
A5046883483,W4242542686,last
A5085618063,W2889448069,first
A5069123141,W4244913371,first
A5040392637,W2478001120,middle
A5047867327,W2478001120,last
A5028762677,W2506664684,first
A5031620559,W2506664684,last
A5003445562,W2564755587,first
A5042331786,W2564755587,middle
A5047270197,W2564755587,middle
A5074816094,W2564755587,middle
A5042646536,W2564755587,last
A5066528407,W3013004508,first
A5061655577,W2890164584,first
A5063028120,W2890164584,middle
A5057413048,W2890164584,last
A5076851823,W4248623817,first
A5001334643,W2487799849,first
A5000789461,W2487799849,last
A5015400817,W2506249013,first
A5045224142,W2512096608,first
A5007802397,W2507060692,first
A5091682385,W2507060692,last
A5029257585,W2613986011,first
A5082812716,W2613986011,last
A5053409734,W2344384429,first
A5059593338,W2344384429,last
A5073412670,W2493273699,first
A5046926620,W2479692466,first
A5026522462,W2479692466,middle
A5009442525,W2479692466,middle
A5023894377,W2479692466,last
A5000727773,W2553496799,first
A5045798128,W2558968108,first
A5057305454,W2562547616,first
A5049750015,W2562547616,last
A5039563504,W2807380903,first
A5070377774,W4250532101,first
A5080299532,W2302161179,first
A5034695719,W2903771383,first
A5016771199,W2903771383,last
A5025189765,W2497633600,first
A5015460788,W2497633600,middle
A5055086415,W2497633600,last
A5080743153,W2517241835,first
A5004562237,W610669766,first
A5018813551,W610669766,last
A5047800576,W4235838711,first
A5016017870,W4235838711,middle
A5034409767,W4235838711,last
A5028854139,W2530251111,first
A5029261812,W2541616316,first
A5032142322,W2541616316,last
A5041619246,W3140720497,first
A5040088510,W3140720497,middle
A5024633466,W3140720497,middle
A5074105036,W3140720497,last
A5067950037,W2397800115,first
A5012808924,W2397800115,last
A5023264395,W2487211121,first
A5065436966,W2494873165,first
A5051595621,W2494873165,middle
A5014102383,W2494873165,last
A5012747021,W2581221175,first
A5078747466,W2581221175,middle
A5030516767,W2581221175,last
A5074828533,W579307044,first
A5086546389,W579307044,last
A5008635373,W1601140463,first
A5028518494,W2463592278,first
A5077883199,W2463592278,last
A5043069455,W2482750647,first
A5034464441,W2482750647,last
A5062247805,W2485116416,first
A5001499305,W2485116416,last
A5081784013,W2555314376,first
A5076518905,W2555314376,last
A5090622115,W4232760094,first
A5038175231,W2397481274,first
A5068939158,W2488637157,first
A5045745451,W2508797660,first
A5048412574,W2508797660,last
A5036476903,W3083899820,first
A5087470453,W2486570794,first
A5013533662,W2486570794,middle
A5079203984,W2486570794,last
A5071550534,W2583491955,first
A5004079118,W2583491955,middle
A5001893388,W2583491955,middle
A5032686437,W2583491955,middle
A5074816094,W2583491955,last
A5037613074,W1533922623,first
A5081516308,W2479446485,first
A5046574356,W2479446485,last
A5077775500,W2544745290,first
A5032253412,W4250779668,first
A5089396624,W2154586542,first
A5005425134,W2463167097,middle
A5009128820,W3216327971,first
A5082805490,W4253234135,first
A5070777118,W2486979733,first
A5002320060,W2486979733,middle
A5089380024,W2486979733,middle
A5048595728,W2486979733,middle
A5044853328,W2486979733,last
A5046605498,W2516604595,first
A5054776685,W2516604595,middle
A5048650003,W2516604595,last
A5022886322,W4229812034,first
A5042568554,W2523602859,first
A5057526407,W2523602859,middle
A5019802248,W2523602859,last
A5028503081,W2524705957,first
A5062823200,W2808740462,first
A5080766537,W29277268,first
A5074934153,W2898761039,first
A5028044143,W2898761039,last
A5013399373,W4239490841,last
A5086206346,W4249885861,first
A5065418639,W4249885861,last
A5010647243,W4298710704,first
A5043020624,W2488672746,first
A5051386391,W2488672746,last
A5027628686,W2492307338,first
A5076608650,W2559588906,last
A5000975435,W2488056629,first
A5068271733,W2488056629,last
A5033589597,W2521352851,first
A5048495449,W3151832812,first
A5013373596,W3151832812,middle
A5081225515,W4256243641,first
A5038897190,W2741171560,first
A5068505467,W2741171560,middle
A5013512298,W2741171560,middle
A5001254143,W2741171560,last
A5023350571,W4239464459,first
A5052017740,W2223741282,first
A5028461018,W2223741282,last
A5053647594,W2483733041,first
A5010621788,W2483733041,last
A5024458121,W2502012342,first
A5071916159,W2502012342,last
A5089469997,W2502170095,first
A5072118587,W2502170095,middle
A5063641658,W2502170095,middle
A5018588864,W2502170095,middle
A5009166088,W2502170095,last
A5010035758,W2763162295,first
A5001309450,W2763162295,last
A5055102876,W2999586597,first
A5041142359,W2999586597,last
A5041231081,W4238682518,first
A5030021140,W2484994965,first
A5085899453,W2504481554,first
A5087497175,W2504481554,last
A5008432065,W4246682128,first
A5010035758,W4246682128,middle
A5056828139,W4246682128,last
A5055124162,W4298200086,first
A5065517665,W2481518362,first
A5022313579,W2481518362,last
A5055139589,W2530511028,first
A5041027508,W2530511028,middle
A5054450312,W2530511028,last
A5024678267,W2811513716,first
A5003943487,W2503052844,first
A5035816535,W2503052844,middle
A5024058808,W2503052844,middle
A5057981108,W2503052844,last
A5055065964,W2567685467,first
A5034406933,W2408525833,first
A5004774385,W2495591843,first
A5019524943,W2495591843,middle
A5003489427,W2495591843,middle
A5079723268,W2495591843,last
A5072882318,W2554692997,first
A5022811687,W2554692997,middle
A5082946919,W2554692997,middle
A5012765543,W2554692997,last
A5017042977,W2559583062,first
A5062963943,W2559583062,middle
A5083565969,W2559583062,last
A5063268770,W2588984225,middle
A5015510146,W2588984225,middle
A5014357250,W2588984225,last
A5005610054,W4252191540,first
A5019891741,W2493240959,first
A5037312962,W2493240959,last
A5064398378,W2505781211,first
A5015751405,W2505781211,last
A5012477590,W2516092834,last
A5049178059,W2519764047,first
A5008771402,W2519764047,middle
A5071034383,W2519764047,last
A5039630291,W2889523641,first
A5008391661,W4243930759,first
A5010742103,W4250349255,first
A5013449870,W4250349255,last
A5089624310,W2479019335,first
A5064065239,W2479019335,middle
A5090476359,W2479019335,middle
A5077821242,W2479019335,middle
A5087958975,W2479019335,last
A5023971789,W2500983594,first
A5056559767,W2500983594,last
A5004690613,W2582503872,first
A5027278524,W2582503872,last
A5021516635,W2735043428,first
A5004288893,W2735043428,last
A5088362538,W1861594588,first
A5063646267,W1861594588,last
A5020310993,W2481835337,last
A5032380690,W2502594817,first
A5032690914,W2502594817,middle
A5045262258,W2502594817,last
A5051233439,W2518701514,first
A5090584718,W2518701514,last
A5052500447,W2778467034,middle
A5043588483,W2778467034,middle
A5065695849,W2778467034,last
A5070781274,W4236667334,first
A5080971897,W649453782,middle
A5009257418,W649453782,last
A5073988999,W2478103054,first
A5045744709,W2478103054,last
A5086349901,W2606797870,first
A5006278133,W2606797870,middle
A5001254143,W2606797870,last
A5045934263,W2754472824,first
A5059992863,W2754472824,middle
A5056507889,W2754472824,middle
A5075885606,W2754472824,last
A5017327826,W4235166338,first
A5068493592,W2193754672,first
A5081925619,W2409929168,first
A5027180526,W2409929168,middle
A5018319213,W2409929168,middle
A5043638067,W2505928627,first
A5056339289,W601562569,first
A5070128961,W2263287873,first
A5081925619,W2409929168,first
A5027180526,W2409929168,middle
A5018319213,W2409929168,middle
A5049942833,W2414319411,first
A5082293980,W4243751566,first
A5013078154,W4243751566,middle
A5009940169,W4243751566,middle
A5064569017,W4243751566,middle
A5076148288,W4243751566,last
A5029344996,W2477917220,first
A5082538217,W2477917220,last
A5039918909,W4212954869,middle
A5044266844,W4212954869,last
A5078361199,W605681928,first
A5003943487,W2417303548,first
A5086867154,W2417303548,middle
A5035816535,W2417303548,last
A5037740806,W2492919141,first
A5029215323,W2522083379,first
A5042645593,W2522083379,middle
A5014122229,W2522083379,middle
A5042053820,W2522083379,middle
A5013198945,W2522083379,middle
A5027065196,W2522083379,middle
A5003275797,W2522083379,middle
A5078047670,W2522083379,middle
A5086060106,W2522083379,middle
A5034615334,W2522083379,middle
A5066583058,W2522083379,middle
A5046555167,W2522083379,middle
A5000032419,W2562751985,first
A5022089354,W2963932270,first
A5038046410,W2963932270,middle
A5007769527,W2963932270,last
A5030710751,W3147527636,first
A5055807602,W4233116595,first
A5045016749,W4237301547,first
A5002562252,W4237301547,middle
A5006779580,W4237301547,middle
A5091486233,W4237301547,middle
A5036473274,W4237301547,middle
A5015748504,W4237301547,middle
A5081322718,W4237301547,last
A5013269574,W748503119,first
A5055180200,W1900068251,first
A5065946276,W1900068251,last
A5032339591,W2485709337,first
A5082464861,W2491741440,first
A5077747165,W2491741440,last
A5015831139,W2508876500,middle
A5032059462,W2508876500,last
A5004080101,W2560210208,first
A5063851579,W2560210208,middle
A5059918485,W2560210208,last
A5079168872,W4253820899,first
A5089550455,W4253820899,middle
A5070640241,W4253820899,last
A5034936272,W4299305591,middle
A5058847992,W4299490599,last
A5032913022,W2069110536,first
A5025411656,W2481962222,first
A5074171666,W2481962222,middle
A5060546670,W2481962222,last
A5065492693,W2513137074,first
A5047675974,W2513137074,last
A5037959765,W2557659477,first
A5047486576,W4239687398,first
A5008557898,W633218749,last
A5015220542,W2173258303,first
A5079101342,W2487704334,first
A5081378199,W2487704334,middle
A5038148356,W2487704334,middle
A5069384506,W2487704334,last
A5084282503,W2493475353,first
A5038304150,W2742272031,first
A5066373250,W2753564313,first
A5053364898,W3001023865,first
A5024169595,W4238431803,middle
A5058275190,W1496327573,first
A5066265052,W2338932901,first
A5020310155,W2338932901,last
A5070028115,W2403014006,first
A5021934149,W2485532190,first
A5047541029,W2485532190,middle
A5089808891,W2485532190,middle
A5051832041,W2485532190,last
A5039725515,W2507017947,middle
A5041363986,W2507017947,last
A5056420801,W2544176856,first
A5063141027,W2809623430,first
A5062433915,W3151783978,last
A5061163693,W4232985019,first
A5016380950,W4240693819,middle
A5089332324,W4240693819,last
A5020686179,W2001120275,first
A5045115593,W2001120275,middle
A5080404328,W2001120275,middle
A5018851970,W2001120275,middle
A5083464568,W2001120275,middle
A5080713659,W2001120275,last
A5047617451,W2346268935,first
A5018752136,W2346268935,last
A5038968228,W2483121247,first
A5045101158,W2483121247,last
A5089259664,W2494103247,first
A5066523152,W2527352898,first
A5024428448,W2527352898,last
A5033990442,W2548899648,first
A5056384285,W4246121750,first
A5000665137,W602439153,first
A5046374875,W1797657161,first
A5031128531,W2289563003,first
A5056462004,W2421210708,first
A5000474356,W2539135795,first
A5034698887,W2758539423,middle
A5022294742,W2758539423,middle
A5082300315,W2758539423,middle
A5065630217,W2758539423,middle
A5045086893,W2758539423,last
A5048566788,W1141307196,middle
A5013181392,W1141307196,middle
A5040387458,W1141307196,last
A5016075210,W2337763530,first
A5029826472,W2476903358,first
A5022751914,W2484135855,first
A5075684990,W2498316580,first
A5069302795,W2498316580,last
A5048853113,W2563212400,first
A5027303084,W2593738417,first
A5045809047,W2603530220,first
A5089537375,W2603530220,middle
A5035612280,W2603530220,last
A5022570169,W2733737430,first
A5056664059,W2733737430,last
A5018376555,W2889311849,first
A5056293251,W4238063271,first
A5042705320,W4238063271,middle
A5000296607,W4238063271,middle
A5044573423,W4238063271,middle
A5065458044,W4238063271,middle
A5012267742,W4238063271,middle
A5003062781,W4238063271,middle
A5040056625,W4238063271,last
A5052682036,W4251182370,first
A5004206574,W2269477907,first
A5083511107,W2269477907,last
A5015220542,W2398807171,first
A5016178673,W2476466617,middle
A5068268204,W2511477705,first
A5066797327,W2563625363,first
A5039553919,W2563625363,middle
A5063086622,W2563625363,last
A5021451115,W2600087587,first
A5014716105,W2623894540,first
A5037492592,W2623894540,last
A5083406305,W2760070425,first
A5063606425,W2801371430,first
A5062878408,W2801371430,last
A5087769508,W390495904,first
A5026272914,W390495904,last
A5000608521,W612199005,first
A5091198258,W627086943,first
A5080202311,W2016452213,first
A5089661355,W2481046951,first
A5074813166,W2494650253,first
A5019145002,W2495335865,first
A5081661873,W2495335865,middle
A5042982258,W2495335865,last
A5007680672,W2497244699,first
A5035866142,W2501397819,first
A5028996052,W2516041862,first
A5032236864,W2516041862,last
A5070850864,W2949708864,middle
A5046196464,W2949708864,last
A5016125211,W602304235,last
A5087851812,W1574367877,first
A5079784392,W1574367877,last
A5063155550,W1605797830,first
A5054882691,W2412947200,first
A5063407210,W2467710037,first
A5068804090,W2478605617,first
A5086221093,W2482957402,first
A5087779431,W2482957402,middle
A5064459980,W2482957402,last
A5018863930,W2736452432,first
A5027769646,W2736452432,middle
A5031279847,W2736452432,last
A5034657358,W2902141984,first
A5012374633,W4210953024,first
A5029498362,W652129109,first
A5035967128,W653843803,last
A5075728013,W1579691644,first
A5050627433,W2505204805,first
A5018683729,W2790348972,first
A5058918990,W2790348972,middle
A5070441489,W2790348972,middle
A5007213845,W2790348972,middle
A5086610530,W2790348972,last
A5006190733,W374166679,first
A5017138940,W4235093995,first
A5037978750,W4236849730,first
A5010782638,W596327567,first
A5023142117,W653411886,first
A5090776261,W2330672085,first
A5077559088,W2330672085,middle
A5073860353,W2330672085,middle
A5065951085,W2330672085,middle
A5057293895,W2330672085,last
A5068068168,W2400743660,first
A5074837121,W2400743660,last
A5033306222,W2418627116,first
A5050922013,W2418627116,middle
A5055716884,W2418627116,last
A5063261588,W2485652128,first
A5074144018,W2485652128,last
A5036812254,W2490211961,first
A5075230989,W2490211961,middle
A5066677397,W2490211961,middle
A5040099871,W2490211961,middle
A5084702945,W2490211961,middle
A5029403661,W2490211961,middle
A5023082537,W2490211961,middle
A5015764128,W2490211961,middle
A5039414480,W2490211961,middle
A5007123356,W2490211961,middle
A5022301074,W2490211961,middle
A5015037215,W2490211961,middle
A5046935235,W2490211961,middle
A5047694866,W2490211961,middle
A5016342119,W2490211961,middle
A5065224797,W2517308042,first
A5018073225,W2520427428,first
A5062197219,W2520427428,last
A5004515666,W2533508394,first
A5091292625,W2562729256,first
A5007454642,W2562729256,last
A5008126626,W2581158380,last
A5011621017,W2601759439,first
A5062438024,W2601759439,last
A5027417733,W2761832414,last
A5047913100,W2967527840,first
A5055783879,W4213023253,last
A5077844908,W4253865276,first
A5073951139,W626763734,last
A5015931553,W1496171478,first
A5034811937,W1496171478,last
A5047065550,W1826363161,first
A5005889392,W1826363161,middle
A5081488662,W1826363161,last
A5038612499,W2400455482,first
A5072768866,W2400455482,middle
A5089404640,W2400455482,last
A5054614892,W2487781199,first
A5062535545,W2489409952,first
A5084301618,W2504394807,first
A5009773116,W2548411414,first
A5045465251,W2548411414,middle
A5057990608,W2548411414,last
A5000111053,W2590940412,first
A5018440291,W2590940412,middle
A5086843554,W2745920957,first
A5086697455,W2745920957,middle
A5037007710,W2745920957,middle
A5052442286,W2749160678,first
A5024101961,W2749160678,last
A5019441516,W2950596612,first
A5004579631,W3139708147,first
A5009439686,W3139708147,middle
A5053064477,W3139708147,middle
A5079207506,W3139708147,last
A5029702945,W3149971600,first
A5038997077,W4213179103,first
A5074617957,W4213179103,last
A5025105687,W4234752970,first
A5034350533,W4234752970,last
A5005707351,W4242780511,first
A5058797212,W4249735552,last
A5065470584,W4254626166,first
A5024102780,W773561173,first
A5073328472,W1727484914,first
A5003864635,W1823586738,last
A5015615642,W1929352279,first
A5076204770,W1929352279,last
A5032671962,W2410402467,first
A5036243270,W2410402467,last
A5018228258,W2471147122,first
A5012757357,W2471147122,last
A5041843119,W2483254636,first
A5020518108,W2493634781,first
A5061831201,W2493634781,last
A5059698647,W2501179832,first
A5029754134,W2501179832,middle
A5059514204,W2501179832,middle
A5072789298,W2501179832,last
A5018184772,W2506092911,first
A5054505916,W2506092911,last
A5070560728,W2510960785,first
A5012025870,W2525509291,middle
A5063345953,W2525509291,last
A5031912015,W2618869269,first
A5005663679,W3012889273,first
A5028742632,W3012889273,middle
A5067731925,W3012889273,last
A5066130528,W4256596963,first
A5007517435,W4256596963,middle
A5039630596,W4256596963,last
A5057260089,W4292926131,first
A5073869382,W4292926131,last
A5015067771,W638799580,first
A5080470963,W638799580,middle
A5021937615,W638799580,last
A5071376063,W2254223938,first
A5026658144,W2254223938,middle
A5040052770,W2254223938,last
A5018246603,W2284317867,first
A5083406305,W2341059554,first
A5080349849,W2405688596,first
A5009584128,W2405688596,last
A5079127414,W2460827392,first
A5046137138,W2460827392,last
A5044438667,W2474562813,first
A5025655965,W2474562813,last
A5074613565,W2476697654,first
A5041277719,W2476697654,middle
A5058166217,W2476697654,last
A5081017623,W2494653232,first
A5083743189,W2494653232,last
A5010381386,W2504790038,first
A5003871253,W2519666331,first
A5003531226,W2529748282,first
A5074696032,W2529748282,last
A5046926620,W2530166077,first
A5029695446,W2530166077,middle
A5009442525,W2530166077,middle
A5023894377,W2530166077,last
A5026062446,W2560105278,first
A5000513247,W2560105278,middle
A5046365943,W2560105278,last
A5082650907,W2565472360,first
A5025894735,W2581126224,first
A5055018292,W2581126224,last
A5002455378,W2767225899,first
A5084282661,W2767225899,middle
A5017921227,W2767225899,middle
A5053148274,W2767225899,middle
A5071375822,W2767225899,last
A5076742901,W2913029523,last
A5054692962,W3003744174,first
A5074934153,W3021978794,first
A5082543725,W3203619381,first
A5048471202,W3203619381,last
A5004489501,W4243716139,first
A5085519104,W4243716139,last
A5000128668,W620970241,first
A5071959897,W620970241,last
A5067907907,W63975438,first
A5016552784,W2139701434,first
A5018458084,W2287755163,first
A5053315898,W2287755163,last
A5083207864,W2487279232,first
A5021102755,W2492896809,first
A5043659905,W2492896809,middle
A5024633061,W2492896809,middle
A5079123162,W2492896809,last
A5037617317,W2512144302,first
A5090773374,W2521143763,first
A5023246618,W2521143763,last
A5053523021,W2521431955,first
A5070275369,W2521431955,middle
A5052102014,W2521431955,middle
A5047225984,W2521431955,middle
A5085117832,W2521431955,last
A5005975381,W2550329730,first
A5010742103,W2582234634,first
A5013449870,W2582234634,last
A5030410007,W2774935576,first
A5043977449,W2774935576,middle
A5091218170,W2774935576,last
A5018732292,W2806170099,first
A5052295467,W2806170099,last
A5044338760,W2897417586,first
A5063145937,W2911349685,first
A5067900673,W2911349685,middle
A5013181752,W2911349685,middle
A5064304212,W2911349685,last
A5001833084,W2925348834,first
A5079466450,W2925348834,last
A5042774643,W3044063999,first
A5023988425,W4211076316,first
A5005183383,W4213123449,first
A5021215761,W4213123449,middle
A5063896405,W4213123449,middle
A5090603070,W4213123449,middle
A5076006629,W4213123449,last
A5063009143,W2209243085,first
A5057002364,W2477230684,last
A5082935691,W2484821238,first
A5022270828,W2484821238,middle
A5019005442,W2484821238,last
A5082073329,W2488059334,first
A5058669446,W2489917780,first
A5070501819,W2512804022,first
A5056712280,W2519145283,first
A5049066010,W2556425687,last
A5081632776,W2559404688,middle
A5065988061,W2891776035,first
A5031962914,W2906125835,first
A5051235308,W3034635974,first
A5004453915,W3034635974,middle
A5006381834,W3034635974,middle
A5083550803,W3034635974,last
A5044141636,W4245279042,last
A5001530177,W588011564,first
A5076457950,W608721127,first
A5048304690,W608721127,last
A5031358583,W646627721,last
A5087480048,W1171471126,first
A5080576150,W1171471126,middle
A5061507436,W1171471126,middle
A5083809384,W1171471126,last
A5047330540,W1553535444,first
A5028580510,W2110716181,first
A5041875424,W2110716181,middle
A5091879155,W2110716181,last
A5077039199,W2406592938,first
A5031707583,W2406592938,middle
A5050498350,W2406592938,last
A5061023296,W2406796241,first
A5034253968,W2406796241,last
A5087628767,W2462039347,first
A5038125761,W2462039347,last
A5079870557,W2476944405,first
A5005288903,W2478719229,last
A5057469037,W2481024011,first
A5005228053,W2486221806,first
A5043464306,W2486221806,last
A5033550701,W2506014243,first
A5083062006,W2506014243,middle
A5047299070,W2521161672,last
A5004362992,W2521636407,first
A5025309602,W2528861271,last
A5036408715,W2562843573,first
A5050379895,W2562843573,middle
A5078356081,W2562843573,last
A5015585417,W2564131988,first
A5089101522,W2564131988,last
A5080042552,W2588775142,first
A5085627414,W2609368436,first
A5077568501,W2609368436,middle
A5091040294,W2609368436,last
A5085421062,W2978496900,first
A5008352524,W2978496900,last
A5086956476,W594667275,first
A5047948764,W77969177,first
A5048651546,W1530766332,first
A5026465320,W2150124758,first
A5026873916,W2318903536,first
A5001719039,W2318903536,middle
A5085366537,W2318903536,last
A5027376400,W2477378068,first
A5017877687,W2477378068,middle
A5013326273,W2477378068,last
A5012899746,W2479819951,first
A5017566136,W2484185931,first
A5000975435,W2484185931,last
A5042804760,W2488293673,first
A5086050517,W2488293673,last
A5018926238,W2492145973,first
A5062453217,W2492145973,middle
A5027141251,W2492145973,last
A5047033713,W2492582198,first
A5023089209,W2493676514,first
A5066026428,W2495310730,first
A5061021795,W2495310730,last
A5003252250,W2498820326,first
A5089482942,W2498820326,middle
A5035625381,W2498820326,last
A5078316510,W2500968061,first
A5018303984,W2506467459,first
A5018313288,W2506467459,middle
A5004057129,W2506467459,last
A5057105042,W2520437998,first
A5015715867,W2529175250,first
A5050970535,W2529175250,middle
A5079112003,W2529175250,middle
A5064434141,W2529175250,middle
A5018655950,W2529175250,last
A5088177576,W2529616984,first
A5013883233,W2530300379,middle
A5040344438,W2530300379,middle
A5014160643,W2530300379,last
A5039162431,W2557455923,first
A5058715747,W2564608520,first
A5037879963,W2564608520,middle
A5001532037,W2571640901,first
A5025743742,W2624761220,first
A5062848323,W2624761220,middle
A5076844884,W2624761220,last
A5044244385,W2745240132,first
A5057625030,W2745240132,middle
A5069985968,W2745240132,middle
A5034657358,W2745240132,last
A5079227983,W322560011,first
A5079362815,W4232430330,first
A5091259315,W4232430330,last
A5007446175,W4240088475,first
A5030647388,W4240088475,last
A5000620878,W4247403446,first
A5028672193,W1557800269,first
A5024972825,W2282130138,first
A5051540293,W2492719486,middle
A5046140730,W2492719486,last
A5079596403,W2504005437,first
A5082106258,W2523884817,first
A5016547705,W2523884817,middle
A5025877936,W2523884817,middle
A5024107070,W2523884817,middle
A5021319515,W2523884817,last
A5009505719,W2531785041,first
A5061140818,W2531785041,last
A5050256142,W2572881128,first
A5081935227,W2584091806,first
A5073407410,W2761048258,middle
A5016087340,W2761048258,last
A5040419891,W2761768825,first
A5018297979,W2761768825,last
A5091682436,W2909372389,middle
A5038935988,W2909372389,last
A5071035935,W2913276748,first
A5053224623,W314658084,first
A5065024170,W314658084,last
A5066968386,W4252885043,first
A5066769024,W4254954897,first
A5074102447,W4302072479,first
A5020587578,W746523278,first
A5080754201,W2028109838,first
A5046618429,W2216234119,first
A5071676326,W2285248184,first
A5052834075,W2339597824,first
A5014788276,W2346280181,first
A5089399908,W2478533642,last
A5073150284,W2482177459,first
A5028152609,W2490189204,first
A5011988788,W2490189204,last
A5042920997,W2495218933,first
A5006992390,W2510805296,first
A5050619335,W2510805296,last
A5042335595,W2516057170,first
A5074102447,W2517502945,first
A5034620242,W2529743957,first
A5032070009,W2530560018,first
A5054109049,W2530560018,last
A5047073710,W2534912827,first
A5041368759,W2538595849,first
A5067623438,W2541456457,first
A5054784606,W2541456457,middle
A5008127339,W2541456457,last
A5030122864,W2552614553,first
A5046172843,W2562586945,first
A5051130640,W2562586945,last
A5054919647,W2562799879,first
A5091292969,W2562799879,middle
A5066844387,W2562799879,middle
A5010806830,W2562799879,last
A5061686382,W2569189827,first
A5058232226,W2569189827,middle
A5089301619,W2620267458,first
A5020716393,W2736818542,first
A5022329888,W2912726002,last
A5065539172,W3090218085,first
A5070527085,W4233333773,first
A5070327607,W4233333773,last
A5008409828,W4239597620,first
A5000376925,W4240411688,first
A5088422639,W4240411688,last
A5036405267,W4242408437,first
A5015886313,W4249723594,first
A5012930597,W4255265282,first
A5013447033,W4255953438,first
A5006595915,W4255953438,last
A5010329554,W4256291298,first
A5057607650,W4256291298,middle
A5079182058,W4256291298,middle
A5046160172,W4256291298,middle
A5064927253,W4256291298,last
A5026062446,W4299400934,first
A5000513247,W4299400934,middle
A5046365943,W4299400934,last
A5011315708,W1561069538,first
A5064584422,W1589727983,first
A5075765401,W2468358628,first
A5052662458,W2468358628,last
A5067046621,W2477553415,first
A5002458434,W2477553415,middle
A5004832857,W2477553415,middle
A5061698384,W2477553415,last
A5003762688,W2477935842,first
A5083972381,W2484293036,first
A5090622115,W2493441292,first
A5028313094,W2495825432,first
A5089297277,W2495825432,last
A5069527664,W2496096732,first
A5046532358,W2496096732,last
A5036401270,W2499838451,first
A5071907083,W2503557239,first
A5048696525,W2508174157,middle
A5015058244,W2508174157,middle
A5010424125,W2517506746,first
A5070527085,W2524072144,first
A5070327607,W2524072144,last
A5020508568,W2564098905,first
A5082500819,W2597331481,last
A5047899511,W2598561835,last
A5010975997,W2615156462,first
A5047871627,W2615156462,middle
A5026815378,W2735378603,first
A5090445830,W2735378603,last
A5070711650,W2736977076,first
A5005898699,W2739544774,first
A5027710558,W2739544774,middle
A5000296607,W2739544774,middle
A5044573423,W2739544774,middle
A5065458044,W2739544774,middle
A5012267742,W2739544774,middle
A5003062781,W2739544774,middle
A5040056625,W2739544774,last
A5011455884,W2739882142,first
A5061752387,W2739882142,last
A5020590914,W2759738184,first
A5074670449,W2773786819,first
A5055702097,W2907207977,first
A5037026722,W2999091229,last
A5026660633,W4229587180,first
A5079878721,W4230148057,first
A5054606088,W4230148057,last
A5036801178,W4248121501,first
A5057129019,W4248121501,middle
A5080283629,W4254853004,first
A5010721126,W4255872613,first
A5046627623,W4255872613,last
A5068576662,W4297961975,first
A5030117787,W563414792,first
A5055552372,W1513067243,first
A5058812347,W1513067243,last
A5006735490,W2278238147,first
A5059934493,W2278238147,last
A5070113062,W2308036091,last
A5004583573,W2339747875,first
A5040392637,W2343040029,middle
A5047867327,W2343040029,last
A5000506517,W2401169507,first
A5005239113,W2401169507,middle
A5003319227,W2401169507,last
A5006295689,W2410070228,first
A5076757633,W2416030412,first
A5064525703,W2418012857,middle
A5003388968,W2418012857,middle
A5061612178,W2418012857,last
A5040523347,W2476716104,first
A5060208989,W2479488421,first
A5078570390,W2480315593,first
A5002436005,W2480525100,middle
A5039464384,W2480525100,middle
A5002154840,W2480525100,last
A5069743713,W2482379770,first
A5048480750,W2484395215,first
A5087617713,W2484639450,middle
A5055324596,W2485853501,first
A5035757066,W2485853501,middle
A5009195994,W2485853501,middle
A5054977265,W2485853501,last
A5007301729,W2489902479,first
A5090043416,W2495843840,first
A5080630773,W2495843840,middle
A5045198429,W2495843840,middle
A5028422125,W2495843840,last
A5021019045,W2498551913,first
A5055065964,W2503194674,first
A5013960593,W2503194674,last
A5067046621,W2510650415,first
A5004832857,W2510650415,middle
A5061698384,W2510650415,middle
A5002458434,W2510650415,last
A5062401089,W2520818317,first
A5084828574,W2530002559,first
A5007547440,W2530002559,middle
A5058382805,W2530002559,middle
A5011403708,W2530002559,middle
A5043494880,W2530002559,middle
A5086016443,W2530002559,middle
A5034792667,W2530002559,last
A5070352738,W2533569050,first
A5047800576,W2549453541,first
A5016017870,W2549453541,middle
A5034409767,W2549453541,last
A5048028208,W2553045568,first
A5071582618,W2553115341,first
A5052325527,W2553533796,first
A5074009647,W2561860588,first
A5057726106,W2561860588,middle
A5046543877,W2561860588,last
A5012207545,W2562173341,last
A5089029287,W2906814512,first
A5039951150,W2906814512,last
A5070377774,W2912641090,first
A5036325516,W2966614562,last
A5000914197,W3026876039,first
A5000343515,W3126041148,first
A5008610517,W318424933,first
A5071019184,W4233529647,first
A5044370037,W4254276568,first
A5085011444,W111418918,first
A5070510332,W1512448583,first
A5072457084,W1540833060,first
A5044527594,W1576429610,first
A5019010192,W2182833076,first
A5005771535,W2182833076,middle
A5027532022,W2182833076,middle
A5089260563,W2182833076,last
A5053899885,W2395053085,first
A5024405571,W2395053085,last
A5015196683,W2417898085,first
A5071647526,W2476783211,first
A5091533296,W2479145525,first
A5024866294,W2479145525,middle
A5029024321,W2479145525,last
A5035314874,W2480111110,first
A5013800269,W2480111110,middle
A5073634264,W2480111110,middle
A5047652595,W2480111110,last
A5063156671,W2480271427,first
A5015998133,W2480361300,first
A5019922027,W2486695866,first
A5020231952,W2486695866,middle
A5030743088,W2486695866,middle
A5089263417,W2486695866,middle
A5074122666,W2486695866,last
A5058104501,W2490683737,first
A5055268165,W2490683737,last
A5066686870,W2492187046,first
A5072996834,W2496006257,first
A5012510942,W2498247244,first
A5002365590,W2498247244,middle
A5076220011,W2498247244,last
A5006429708,W2502015241,middle
A5067655368,W2502015241,last
A5049844809,W2505854835,first
A5010647243,W2507433497,first
A5086124602,W2509363455,first
A5084973562,W2514802785,first
A5060599622,W2514802785,last
A5085343290,W2517428646,first
A5081114810,W2520408078,first
A5033867133,W2520408078,last
A5024503979,W2528525856,first
A5051315027,W2532308299,middle
A5006211498,W2532308299,last
A5081591999,W2532468057,first
A5014061575,W2532468057,middle
A5000354783,W2535586302,first
A5037257043,W2535586302,middle
A5080546654,W2535586302,middle
A5004885984,W2535586302,last
A5009815533,W2560930436,middle
A5074101738,W2561408460,first
A5083472752,W2561408460,middle
A5023048207,W2561408460,middle
A5059577520,W2561408460,last
A5048156605,W2587507439,first
A5074782993,W2587507439,last
A5014716105,W2618157449,first
A5037492592,W2618157449,last
A5045016749,W2715319929,first
A5047091153,W2715319929,middle
A5032030004,W2715319929,middle
A5024660179,W2715319929,last
A5091234228,W2731117569,last
A5006872667,W2741017126,first
A5003427504,W2741017126,middle
A5052365388,W2741017126,middle
A5008983457,W2741017126,middle
A5007281490,W2741017126,last
A5063776233,W2794210764,first
A5013815316,W2794210764,last
A5087208876,W2883409798,first
A5062425673,W3112115694,first
A5018201835,W3126029588,first
A5018480627,W3140590665,first
A5024040348,W3140590665,middle
A5004090723,W4211063081,middle
A5009990665,W4230156898,first
A5073384489,W4230336056,middle
A5085164888,W4230336056,last
A5021245828,W4239514475,first
A5005285449,W4241620904,first
A5068911982,W4249155853,first
A5059133615,W4250235397,last
A5035252718,W4317647401,first
A5042076692,W574122458,first
A5052409198,W652798367,first
A5011128267,W1549746276,first
A5001067195,W1549746276,middle
A5016069709,W1549746276,last
A5029440428,W2044074267,first
A5077347005,W2044074267,last
A5015793382,W2180038867,first
A5043985247,W2180038867,middle
A5025528705,W2180038867,last
A5074875828,W2279421970,first
A5038050126,W2279421970,last
A5047536846,W2402723810,first
A5074201997,W2416562712,first
A5064907112,W2416562712,last
A5036652783,W2469178473,first
A5081539662,W2469178473,last
A5080957042,W2475783697,first
A5087772837,W2475783697,last
A5031814143,W2482360047,first
A5086188437,W2484529958,first
A5044266023,W2485658472,first
A5032873361,W2485658472,middle
A5009502564,W2485658472,last
A5079869034,W2487427540,first
A5073297794,W2487427540,last
A5004273214,W2490412443,first
A5014738272,W2490412443,last
A5034151810,W2491751791,first
A5009952869,W2491751791,middle
A5009001519,W2491751791,middle
A5055654620,W2491751791,last
A5015107963,W2495075002,middle
A5032059462,W2495075002,last
A5065713588,W2495406308,first
A5020518108,W2496672050,first
A5039583821,W2496672050,middle
A5065705195,W2497420868,first
A5034269796,W2498522270,last
A5010329554,W2499293226,first
A5057607650,W2499293226,middle
A5051876897,W2499293226,middle
A5046160172,W2499293226,middle
A5064927253,W2499293226,last
A5047139038,W2500340018,first
A5078364973,W2501707254,last
A5063174893,W2502275228,last
A5071892402,W2518301572,middle
A5086573660,W2519988679,first
A5056746274,W2519988679,last
A5064830080,W2531512765,first
A5081225515,W2533288548,first
A5024463686,W2563422410,first
A5075564798,W2563422410,last
A5015956613,W2566776265,first
A5070781274,W2576608913,first
A5009175619,W2588109210,middle
A5068501069,W2591914775,first
A5079301418,W2603831296,first
A5046343080,W2603831296,middle
A5004191382,W2603831296,middle
A5046093234,W2742144931,first
A5090703194,W2777992862,first
A5077008266,W2777992862,middle
A5043081558,W2777992862,last
A5026831391,W2798956433,first
A5069030030,W2914141142,first
A5084592859,W2914241824,first
A5034635089,W2914477394,first
A5056391501,W2984654930,first
A5079590099,W3128430828,first
A5012492839,W3145509933,first
A5000296607,W3158983636,first
A5053639209,W3176804595,first
A5002732867,W4249960696,first
A5056086923,W4249960696,middle
A5008176403,W4249960696,last
A5088750767,W4251551155,first
A5062428729,W4251895969,first
A5063700558,W4254759238,first
A5026290532,W4254759238,last
A5027441885,W4300175355,first
A5054850777,W4300175355,middle
A5081692910,W4300175355,last
A5033582512,W659349843,first
A5042269065,W137163651,last
A5050769713,W1498943425,first
A5088027653,W1498943425,last
A5017531392,W1509550568,first
A5016222651,W1623239493,middle
A5075432056,W1623239493,middle
A5041199606,W1623239493,middle
A5022176859,W1623239493,middle
A5037344297,W1623239493,last
A5037691648,W2293888361,middle
A5076837177,W2342920300,first
A5080105972,W2343949776,first
A5001117250,W2343949776,last
A5069996240,W2404883146,first
A5046572286,W2466539999,first
A5003115000,W2466539999,middle
A5081758546,W2466539999,last
A5069060297,W2473214089,last
A5029842446,W2477570803,first
A5007994353,W2477570803,middle
A5015675169,W2477570803,middle
A5010973698,W2477570803,last
A5053515901,W2479028285,first
A5045755642,W2479544941,first
A5081815959,W2479544941,middle
A5061970522,W2479544941,last
A5073562330,W2483237105,first
A5004788089,W2483237105,last
A5028736137,W2483966273,middle
A5008688930,W2489613082,middle
A5004024474,W2490293042,last
A5074860559,W2490573886,first
A5067950570,W2490573886,middle
A5015913529,W2490573886,last
A5083789289,W2491694013,first
A5003992978,W2492255769,first
A5015129790,W2492255769,middle
A5001472309,W2492255769,middle
A5022359423,W2492255769,middle
A5052097132,W2492255769,last
A5056376644,W2492968828,first
A5030678782,W2494593454,first
A5001882647,W2494593454,middle
A5044854900,W2494593454,middle
A5008124991,W2494593454,last
A5059238203,W2503670001,first
A5043066914,W2512134772,middle
A5083304312,W2529005218,first
A5039630596,W2537830830,first
A5066130528,W2537830830,middle
A5007517435,W2537830830,last
A5035640046,W2561811334,first
A5075013774,W2566585870,middle
A5007282049,W2574823780,first
A5077151837,W2581516107,first
A5072110005,W2610867349,middle
A5020879211,W2610867349,middle
A5084086972,W2610867349,middle
A5021250891,W2610867349,middle
A5059096060,W2610867349,last
A5021657351,W2745125236,first
A5044844818,W2754592635,first
A5079583608,W2754592635,middle
A5059233518,W2754592635,middle
A5054979460,W2754592635,middle
A5076935774,W2754592635,last
A5001120804,W2770810727,first
A5027680628,W2770810727,middle
A5027691933,W2770810727,last
A5018915016,W2778649924,first
A5000997645,W285033994,first
A5018490825,W285033994,middle
A5041338608,W285033994,middle
A5029432407,W285033994,last
A5038122533,W2853160686,first
A5010170972,W2889329183,first
A5024711752,W2890957732,last
A5043945029,W2945602370,first
A5079174269,W2945602370,middle
A5048261131,W2945602370,last
A5070230184,W2970150313,first
A5033697529,W2972508920,first
A5012428794,W2996595985,last
A5024501121,W3133714496,first
A5087367222,W3133714496,middle
A5067599928,W3133714496,middle
A5069334140,W3133714496,middle
A5090205116,W3133714496,middle
A5076918148,W3133714496,middle
A5008040085,W3133714496,middle
A5087041607,W3133714496,middle
A5043334355,W3133714496,middle
A5074492402,W3133714496,middle
A5003477563,W3133714496,middle
A5077826199,W3133714496,middle
A5051938848,W3133714496,middle
A5012679236,W3133714496,middle
A5085569944,W3133714496,middle
A5087235995,W3133714496,middle
A5073570946,W3133714496,middle
A5078937916,W3133714496,middle
A5046932726,W3133714496,middle
A5047093707,W3133714496,middle
A5059180650,W3133714496,middle
A5087379941,W3133714496,middle
A5005721507,W3133714496,middle
A5051439492,W3133714496,last
A5012748071,W4241619979,first
A5062906790,W4241619979,middle
A5015357432,W4241619979,middle
A5059076487,W4241619979,middle
A5018058480,W4241619979,last
A5089744377,W4244064982,first
A5031582273,W4250819190,first
A5002623565,W4251712427,first
A5075459877,W4254921436,first
A5003923687,W602361594,first
A5010419481,W1486494365,first
A5043777246,W1486494365,last
A5077134613,W1507504647,last
A5031582400,W199744165,first
A5014964450,W2149666550,first
A5083102952,W2149666550,middle
A5080362214,W2149666550,last
A5088549305,W2170773601,last
A5002832127,W2247761358,first
A5005365069,W2247761358,last
A5018115129,W2253073865,last
A5009586817,W225977925,first
A5036583267,W2262207919,first
A5053165719,W2267242338,first
A5075795132,W2285205708,first
A5081612509,W2289017808,first
A5057218134,W2289017808,middle
A5011665956,W2289017808,middle
A5024088980,W2289017808,last
A5074303469,W2289981623,first
A5040516160,W2342558830,first
A5062817487,W2346500072,first
A5019959002,W2399759330,first
A5013088513,W2399759330,middle
A5057827968,W2399759330,last
A5014840665,W2402538255,first
A5076017424,W2410833062,first
A5047041804,W2410833062,middle
A5087898792,W2410833062,middle
A5065193657,W2410833062,last
A5052998135,W2415178280,first
A5075411702,W2415178280,last
A5074152408,W2419090659,first
A5034856048,W2476717958,first
A5089812166,W2482211786,first
A5013118179,W2482211786,middle
A5079158943,W2482211786,middle
A5032612218,W2482211786,middle
A5081274323,W2482211786,last
A5035540038,W2482812992,first
A5063978613,W2482812992,middle
A5070080426,W2482812992,middle
A5055891033,W2482812992,last
A5080191557,W2483869797,last
A5075877108,W2487283283,first
A5062662924,W2487492866,first
A5000808371,W2487492866,middle
A5082357282,W2487492866,last
A5070896564,W2487907653,first
A5080175404,W2487907653,middle
A5039040767,W2487907653,last
A5045224142,W2488975775,first
A5045928057,W2489875435,first
A5008154038,W2489911838,first
A5074645155,W2489911838,last
A5049627979,W2491253591,first
A5060656344,W2491253591,last
A5087545065,W2491482602,first
A5046338839,W2491482602,middle
A5029616049,W2491482602,middle
A5012529469,W2491482602,last
A5081803512,W2491628978,middle
A5087024385,W2495994974,first
A5044679220,W2496563765,first
A5077556450,W2496758049,first
A5063116320,W2496758049,last
A5042008066,W2498640770,first
A5007273054,W2500274006,first
A5081784013,W2500340936,first
A5076518905,W2500340936,last
A5071409020,W2500644353,first
A5063965180,W2500905046,last
A5088469315,W2503159863,first
A5060859546,W2503159863,middle
A5089812166,W2503159863,middle
A5039827669,W2503159863,last
A5023652725,W2503913181,first
A5045878695,W2503913181,middle
A5060459506,W2503913181,middle
A5043642303,W2503913181,last
A5009914831,W2506812363,last
A5051625374,W2507578425,first
A5091037833,W2507578425,last
A5018732292,W2509827822,first
A5031290861,W2509827822,middle
A5004116961,W2509827822,middle
A5037807611,W2509827822,last
A5017145937,W2511475311,first
A5032671971,W2511475311,last
A5058712739,W2521810108,first
A5057618925,W2521810108,middle
A5074926422,W2521810108,last
A5057332137,W2527824991,first
A5026754201,W2527824991,last
A5051623300,W2528311550,middle
A5036108068,W2544851903,first
A5060284292,W2547423660,first
A5040302008,W2547641549,first
A5073006299,W2549690445,first
A5017499347,W2549690445,last
A5053155252,W2557222659,first
A5005258575,W2557222659,middle
A5021502111,W2557222659,middle
A5070517688,W2557222659,last
A5048229843,W2558998989,first
A5024823282,W2558998989,middle
A5023918239,W2558998989,middle
A5087104455,W2558998989,last
A5014643856,W2562148855,first
A5014046423,W2562148855,last
A5021103485,W2591882843,first
A5041358150,W2591882843,last
A5081510302,W2624860278,first
A5029261812,W2731478787,first
A5032142322,W2731478787,last
A5070369693,W2737385400,first
A5000423121,W2737385400,middle
A5076063841,W2737385400,last
A5037688054,W2740150631,first
A5022917090,W2740150631,last
A5065470584,W2798476423,first
A5060631567,W2901742247,first
A5023943374,W2904200102,first
A5004830785,W2914790926,middle
A5016844866,W2915249319,first
A5023896269,W2915249319,middle
A5053749724,W2915249319,middle
A5038550641,W2915249319,middle
A5046392298,W2915249319,middle
A5058158315,W2915249319,middle
A5029417447,W2915249319,middle
A5053408297,W2915249319,middle
A5050086811,W2915249319,middle
A5035997603,W2915249319,middle
A5083454802,W2915249319,last
A5015768486,W2942197896,last
A5039051706,W3090397042,first
A5018921889,W4212982486,first
A5062170043,W4241136738,first
A5067046621,W4241292836,first
A5002458434,W4241292836,middle
A5004832857,W4241292836,middle
A5061698384,W4241292836,last
A5080836593,W4242403824,first
A5006710481,W4242403824,middle
A5064235058,W4242403824,last
A5079073940,W4244135735,first
A5042768069,W4247543020,first
A5021178961,W4247570373,first
A5063233199,W4251086414,first
A5023900447,W576788405,first
A5033228195,W576788405,last
A5080759463,W592130509,first
A5006872667,W1848847671,first
A5011563165,W1848847671,last
A5074413858,W188803376,middle
A5059608759,W188803376,middle
A5075639286,W188803376,last
A5067319166,W2049460673,first
A5035915560,W2049460673,last
A5024626195,W2178205114,first
A5036220430,W2178205114,last
A5068453511,W2262069989,last
A5005514947,W2287617993,first
A5060936121,W2290651204,first
A5080323229,W2297624691,first
A5070236439,W2309440485,first
A5081194619,W2328280582,first
A5015220542,W2362553018,first
A5050289263,W2407212802,first
A5049418599,W2409356356,first
A5077860299,W2412338277,first
A5082706620,W2439511773,first
A5044632948,W2439511773,last
A5073935947,W2461135779,first
A5079990241,W2462423743,first
A5009569179,W2462423743,middle
A5050716236,W2462423743,middle
A5061952215,W2464637504,first
A5072656355,W2464637504,last
A5032088712,W2466857431,first
A5004869543,W2472247067,first
A5015798012,W2472957902,first
A5085245110,W2472957902,middle
A5005709068,W2472957902,middle
A5063255292,W2472957902,last
A5033621772,W2474274346,first
A5064086421,W2476908709,last
A5043831748,W2477822647,first
A5088102503,W2477850002,first
A5025566723,W2477850002,middle
A5011924340,W2477850002,last
A5080349849,W2479920405,first
A5009584128,W2479920405,last
A5059934493,W2480351921,first
A5058874220,W2480351921,middle
A5019651281,W2480351921,middle
A5077721734,W2480351921,last
A5002732867,W2481539235,first
A5056086923,W2481539235,middle
A5008176403,W2481539235,last
A5033556979,W2481883925,first
A5009697206,W2481908595,middle
A5001616788,W2481908595,last
A5067802742,W2482860781,middle
A5028132966,W2482860781,middle
A5086156927,W2482860781,last
A5053681063,W2483018020,middle
A5081953081,W2483018020,last
A5082691724,W2483157779,first
A5029876355,W2483957705,middle
A5039456896,W2483957705,last
A5042893723,W2485028106,first
A5084772706,W2485028106,last
A5075290847,W2486392343,last
A5064474527,W2486788595,first
A5091291466,W2487901342,last
A5004045549,W2489387182,first
A5073634264,W2489387182,last
A5047509839,W2491537827,first
A5022683388,W2491537827,last
A5005183383,W2492273673,first
A5021215761,W2492273673,middle
A5063896405,W2492273673,middle
A5090603070,W2492273673,middle
A5076006629,W2492273673,last
A5006020770,W2494144774,first
A5069043950,W2494144774,last
A5021903484,W2495269239,first
A5044828038,W2495332154,first
A5051794193,W2496493041,first
A5050701284,W2496493041,last
A5014910336,W2498792334,first
A5051753143,W2501507709,first
A5089612078,W2503697829,first
A5004804647,W2503697829,last
A5012105091,W2504174043,first
A5068665373,W2504174043,middle
A5062039529,W2504174043,last
A5080734444,W2506555147,first
A5040555464,W2506555147,middle
A5068368596,W2506555147,last
A5073571303,W2506591834,first
A5082703226,W2506591834,middle
A5032776469,W2506591834,middle
A5091019994,W2506591834,last
A5025629696,W2511387219,first
A5040939601,W2511387219,middle
A5054827321,W2511486391,first
A5029670581,W2513919144,first
A5035017068,W2513919144,middle
A5082075598,W2513919144,middle
A5005947097,W2515794453,first
A5007008031,W2518347208,first
A5039092855,W2518347208,middle
A5014515868,W2518347208,last
A5048285002,W2527184561,first
A5044115765,W2527184561,middle
A5079091933,W2527184561,last
A5015344813,W2528223021,last
A5052804438,W2530642797,first
A5014135635,W2534757808,first
A5080242338,W2534757808,middle
A5020101419,W2534757808,last
A5039193398,W2536286076,first
A5078026673,W2546611174,first
A5038000226,W2546611174,middle
A5061734257,W2546611174,last
A5022450636,W2550489455,first
A5016990607,W2552162070,first
A5091717294,W2554492395,first
A5027733737,W2555939748,first
A5090151187,W2559188277,first
A5036715761,W2559188277,middle
A5037132097,W2559188277,middle
A5088834359,W2559188277,middle
A5036495504,W2559188277,last
A5091694408,W2559950517,first
A5008567339,W2559950517,middle
A5061241280,W2559950517,last
A5060087908,W2562765556,middle
A5040169214,W2562765556,last
A5087795875,W2563742788,middle
A5050881425,W2563742788,middle
A5006048466,W2563742788,middle
A5055416007,W2563742788,last
A5029400333,W2566506386,first
A5068070522,W2585593350,first
A5032809289,W2585593350,last
A5088844500,W2589797415,first
A5050676173,W2594669382,last
A5039827178,W2601753850,middle
A5045016749,W2607962134,first
A5002562252,W2607962134,middle
A5006779580,W2607962134,middle
A5091486233,W2607962134,middle
A5036473274,W2607962134,middle
A5079621023,W2607962134,middle
A5081322718,W2607962134,last
A5034003758,W2734341130,first
A5021668832,W2734341130,last
A5020872669,W2734829429,first
A5012964665,W2734829429,last
A5010858186,W2737992251,first
A5001451924,W2737992251,last
A5079680969,W2741509622,first
A5084426434,W2741509622,last
A5007521335,W2743515091,first
A5027032502,W2762206424,first
A5009820805,W2762206424,last
A5035675753,W2772800063,last
A5074562924,W2776749092,middle
A5062077023,W2906171403,first
A5079362815,W2912973966,first
A5091259315,W2912973966,last
A5010271807,W2914242179,first
A5066544546,W2914242179,last
A5032787307,W2914881662,first
A5074413858,W2916485044,middle
A5075639286,W2916485044,last
A5082501035,W2921710879,first
A5016912926,W2943277792,middle
A5031272169,W2943277792,middle
A5045287606,W2943277792,middle
A5034553962,W2943277792,middle
A5033227381,W2943277792,middle
A5010208461,W2943277792,middle
A5006461848,W2943277792,last
A5065923724,W2944899505,first
A5024632184,W2945241456,middle
A5019909586,W2945759523,first
A5056049315,W2971264374,first
A5086849442,W2971347193,last
A5025221241,W2971550237,first
A5006125158,W2977517787,first
A5039841997,W2977517787,middle
A5068151130,W2977517787,middle
A5038377848,W2977517787,last
A5039969309,W3044048967,first
A5082509016,W3044048967,middle
A5044097673,W3044048967,last
A5037222443,W3157154837,first
A5004565086,W4230824908,first
A5026662451,W4230824908,middle
A5018318136,W4230824908,last
A5032772490,W4236206866,first
A5007220929,W4239865516,first
A5064858358,W4249133412,first
A5053476692,W4300185383,first
A5015611475,W4300185383,last
A5089178095,W4301428192,first
A5031807157,W4301428192,last
A5041725753,W4301688599,last
A5058678073,W4302805375,first
A5076298429,W589940930,first
A5042904036,W1550341196,first
A5056776038,W1608229201,first
A5038199341,W2232626611,first
A5012275958,W2232626611,middle
A5005837856,W2232626611,middle
A5074955676,W2232626611,middle
A5090320352,W2232626611,middle
A5019081739,W2232626611,middle
A5037075751,W2232626611,middle
A5068977486,W2232626611,middle
A5036892531,W2232626611,middle
A5006992777,W2232626611,last
A5078178170,W2289706821,last
A5024900424,W2297221478,first
A5018417961,W2299593659,first
A5090045951,W2299593659,last
A5024481335,W2416615682,middle
A5080341858,W2417536370,first
A5078874822,W2424551516,middle
A5070176191,W2427649777,first
A5067743538,W2463376501,last
A5038388385,W2466386100,first
A5030571810,W2466386100,middle
A5014873401,W2466386100,last
A5052564557,W2474657382,last
A5062747197,W2475879821,first
A5010975997,W2475879821,last
A5056296476,W2476871931,first
A5029442409,W2476871931,last
A5081957575,W2477021438,first
A5070898273,W2477095651,first
A5071503672,W2478702577,last
A5028593781,W2479246130,first
A5004246117,W2479246130,middle
A5044985800,W2479246130,middle
A5023951654,W2479246130,middle
A5042071045,W2479246130,last
A5086469184,W2479353071,first
A5050333307,W2479353071,middle
A5052828309,W2479353071,last
A5058171850,W2479494690,middle
A5044297291,W2479494690,middle
A5063906196,W2479494690,last
A5029805698,W2479666570,first
A5083750122,W2480329609,middle
A5031003967,W2480329609,last
A5042597849,W2480523851,first
A5012707215,W2480523851,middle
A5089742876,W2480523851,middle
A5033850568,W2480523851,last
A5083695605,W2480560364,middle
A5010595224,W2480560364,last
A5025360037,W2480918953,first
A5034078369,W2480918953,middle
A5049087570,W2480918953,middle
A5006049999,W2480918953,last
A5019060617,W2482603071,first
A5051532783,W2482603071,middle
A5005994891,W2482603071,middle
A5034623158,W2482603071,last
A5060381913,W2485640884,first
A5050013557,W2485640884,middle
A5009052165,W2485640884,middle
A5057410588,W2485640884,last
A5038318637,W2486174448,first
A5041594348,W2486174448,middle
A5018736037,W2487364859,first
A5030264543,W2487867239,first
A5054870026,W2487867239,middle
A5059151514,W2487867239,last
A5054798706,W2488599262,first
A5074368087,W2490627155,first
A5023510020,W2490627155,last
A5037734848,W2490651305,first
A5021370648,W2490651305,middle
A5066276799,W2490946073,first
A5050611104,W2491295291,first
A5036878119,W2491295291,last
A5003858935,W2492663169,first
A5045213608,W2493768979,first
A5024169595,W2494173929,middle
A5052998135,W2494720629,last
A5071115490,W2496312916,first
A5085835894,W2496897501,middle
A5024148539,W2496897501,last
A5084367389,W2499460094,first
A5029325643,W2499460094,middle
A5005194485,W2499460094,last
A5037680248,W2500371473,first
A5041422357,W2502245819,first
A5011177272,W2502245819,last
A5040285126,W2503440269,first
A5033512118,W2503440269,last
A5031207765,W2503943073,first
A5001297995,W2503943073,middle
A5008718887,W2503943073,last
A5026789951,W2504037581,first
A5041069524,W2504099013,first
A5090320352,W2504099013,last
A5051314617,W2504705936,first
A5020634589,W2506728421,first
A5049986671,W2507018175,last
A5070039497,W2508543253,first
A5072130052,W2511050325,first
A5040572404,W2511050325,middle
A5083862531,W2511050325,middle
A5038111167,W2511050325,middle
A5011206838,W2511050325,middle
A5067444605,W2511050325,middle
A5074808403,W2511050325,last
A5090159169,W2511742901,first
A5055414768,W2511742901,middle
A5070250768,W2511742901,last
A5054503168,W2514513983,middle
A5071006566,W2515515236,first
A5080283629,W2515994296,first
A5027422071,W2516039095,first
A5023752093,W2516039095,middle
A5043872748,W2516039095,last
A5084031085,W2518672958,first
A5030527478,W2521116469,first
A5064383410,W2527648484,first
A5010423760,W2527648484,middle
A5003302983,W2527648484,last
A5064437896,W2528140030,last
A5000376925,W2528885958,first
A5000620878,W2528938828,first
A5008926581,W2542069537,first
A5027328407,W2545280985,first
A5041301604,W2545280985,middle
A5045457205,W2545280985,last
A5012527565,W2554227016,first
A5090090567,W2554401138,first
A5036936081,W2554401138,last
A5005258575,W2555564351,first
A5070517688,W2555564351,middle
A5053155252,W2555564351,middle
A5061402604,W2555564351,last
A5000888922,W2557237386,first
A5049469197,W2560460830,first
A5032254007,W2560460830,middle
A5082873304,W2560460830,middle
A5007740227,W2560460830,last
A5089659001,W2560584301,first
A5011009931,W2560584301,middle
A5077906080,W2560584301,middle
A5059803186,W2560584301,last
A5032772490,W2562108381,first
A5003047037,W2563881725,first
A5010892510,W2565653705,first
A5066717558,W2565653705,middle
A5052098157,W2565653705,last
A5063459196,W2565912168,first
A5007348120,W2565912168,middle
A5010734390,W2565912168,last
A5079739010,W2590347523,first
A5069324527,W2590347523,middle
A5037823412,W2590347523,middle
A5078672229,W2590347523,middle
A5021978209,W2592728162,first
A5043378483,W2615981626,first
A5001297995,W2741733093,first
A5016825334,W2741733093,middle
A5003204631,W2741733093,last
A5048041586,W2749765834,first
A5015718427,W2749765834,last
A5036652783,W2753930177,first
A5059038746,W2779317373,first
A5056606513,W2785237273,last
A5036105953,W2788326114,first
A5068568126,W2802638087,first
A5073962777,W2888533102,middle
A5050797601,W2890688321,last
A5079799764,W2890902968,middle
A5081688715,W2892337928,last
A5025940525,W2905218974,middle
A5054614892,W2906275992,first
A5082549823,W2908425822,last
A5085985340,W2911109059,first
A5013269574,W2913030055,first
A5021245828,W2914319548,first
A5007832425,W2917020106,first
A5047530817,W2990620065,first
A5085466979,W2990620065,middle
A5058791039,W2990620065,middle
A5053416622,W2990620065,middle
A5083626443,W2990620065,last
A5088783622,W2998188272,first
A5007988967,W2998188272,middle
A5019822609,W2998188272,middle
A5043240191,W2998188272,middle
A5086591862,W2998188272,last
A5081679367,W3009285966,first
A5081953081,W3010283570,first
A5021797294,W3010283570,middle
A5023928504,W3010283570,middle
A5025586090,W3010283570,middle
A5017972284,W3010283570,last
A5025778213,W3023068181,last
A5078355580,W3102688232,first
A5063336076,W3102688232,middle
A5063198300,W3114572788,first
A5037230670,W4212963623,first
A5067697464,W4230086700,first
A5064156499,W4231730422,first
A5039951700,W4239470828,first
A5022065577,W4241235512,first
A5000093016,W4243718193,first
A5086308451,W4243718193,last
A5075566300,W4247433712,first
A5010433768,W4248279703,first
A5028302644,W4254729496,first
A5036444203,W4301466821,first
A5049412193,W4301466821,middle
A5073524192,W4301466821,last
A5086576099,W595215649,first
A5064232646,W595215649,middle
A5075720299,W595215649,middle
A5079109005,W595215649,middle
A5046712850,W595215649,last
A5021009981,W621713798,first
A5022244025,W621713798,last
A5077953037,W643846882,first
A5091633841,W1492200644,first
A5004191382,W1519224269,first
A5086590874,W1519224269,middle
A5028911768,W1519224269,middle
A5088547581,W1541178658,first
A5052872403,W1577059663,first
A5045202729,W1577059663,last
A5089905348,W1605140094,first
A5042646187,W1606586910,first
A5033137216,W1606586910,last
A5023095716,W161094716,first
A5010833372,W161094716,last
A5074747685,W1910401515,first
A5001872720,W1910401515,last
A5028162708,W2234992717,first
A5000888922,W2258708203,first
A5025331881,W2297641519,first
A5082653655,W2297641519,last
A5010820805,W2298620118,middle
A5073869188,W2298620118,last
A5022113818,W2299598090,last
A5043798819,W2337052069,first
A5078292775,W2339438475,first
A5071730627,W2339438475,last
A5042338229,W2394855610,first
A5036892531,W2395467210,first
A5090368430,W2395467210,middle
A5008689041,W2395467210,middle
A5041685067,W2395467210,middle
A5040588151,W2395467210,middle
A5006992777,W2395467210,last
A5068812235,W2408999517,first
A5075873230,W2408999517,middle
A5024916657,W2414947611,middle
A5057236809,W2414947611,middle
A5066381893,W2466886791,first
A5090515318,W2466895528,first
A5050331325,W2466895528,middle
A5030705783,W2466895528,last
A5028778367,W2468176619,first
A5032196502,W2472398778,first
A5016711703,W2475496801,first
A5051932112,W2475496801,middle
A5069726973,W2475496801,middle
A5000975435,W2475496801,last
A5074945731,W2477222559,first
A5007082510,W2477222559,last
A5089894318,W2479378283,first
A5089921353,W2479499141,first
A5070476085,W2479499141,middle
A5015964082,W2480729267,first
A5057893924,W2480729267,middle
A5017476882,W2480729267,last
A5074634810,W2481426856,first
A5048119697,W2482360477,first
A5040875893,W2482360477,last
A5014443206,W2484102883,first
A5080969561,W2484102883,middle
A5050113422,W2484102883,last
A5046097198,W2484335265,first
A5064211368,W2484462902,first
A5061508166,W2484462902,middle
A5003285518,W2484462902,last
A5064474527,W2484624773,first
A5053718908,W2485152266,first
A5069835917,W2485152266,middle
A5070311717,W2485152266,middle
A5040668817,W2485152266,middle
A5015451584,W2485152266,middle
A5022751300,W2485152266,middle
A5069118034,W2485152266,middle
A5082043453,W2485467047,first
A5048470429,W2485467047,last
A5084044142,W2486172246,last
A5063200309,W2486796255,first
A5027635656,W2487539137,first
A5002863938,W2487539137,middle
A5059522163,W2487539137,middle
A5069205798,W2487539137,middle
A5008525798,W2487539137,last
A5074400591,W2487681469,first
A5046819657,W2489035222,first
A5053404816,W2489035222,last
A5036848702,W2489860691,first
A5053093268,W2489860691,last
A5053917840,W2490053830,first
A5016029586,W2490270633,first
A5005837856,W2490270633,last
A5089771591,W2490516523,last
A5016717153,W2491102281,last
A5044858418,W2492205498,first
A5076789811,W2492205498,last
A5047015912,W2492807203,first
A5029303814,W2492906892,first
A5047167568,W2492906892,middle
A5060713269,W2492906892,last
A5007376925,W2492980542,last
A5012199683,W2494306906,first
A5030911949,W2494801778,first
A5069131707,W2494801778,middle
A5048189519,W2494801778,middle
A5035918921,W2494801778,middle
A5013009407,W2494801778,middle
A5084261733,W2494801778,last
A5004286185,W2495697299,first
A5054682246,W2496329070,first
A5022496550,W2496561302,first
A5054433231,W2496561302,middle
A5007008031,W2496561302,last
A5026639060,W2497213115,first
A5013876446,W2497259512,first
A5016773435,W2497663078,first
A5052817033,W2497851293,first
A5042277242,W2497851293,last
A5081662795,W2498059819,middle
A5070476085,W2501120992,last
A5000506517,W2501883248,first
A5050297433,W2501883248,middle
A5056251028,W2501883248,last
A5010658779,W2504419117,first
A5057129019,W2504419117,middle
A5037722869,W2505868521,first
A5019693953,W2505868521,middle
A5074976207,W2505868521,middle
A5011036492,W2505939031,middle
A5039714150,W2507272357,first
A5047222739,W2509786166,first
A5080381047,W2509786166,last
A5012374633,W2510188992,first
A5035848640,W2511200736,first
A5077206755,W2511200736,last
A5035310641,W2515152008,first
A5036384310,W2515152008,middle
A5009697206,W2515569237,middle
A5001616788,W2515569237,last
A5001969781,W2516809352,middle
A5086829278,W2516809352,last
A5047486576,W2524629959,first
A5055166649,W2527449935,middle
A5014753085,W2527449935,middle
A5018871735,W2527884653,first
A5063185586,W2527944711,middle
A5056069128,W2528598908,first
A5007446175,W2529145169,first
A5075563175,W2529145169,last
A5076378279,W2530094340,first
A5009660908,W2530697590,first
A5018512487,W2530697590,middle
A5002887191,W2530697590,last
A5062428729,W2531063972,first
A5067553715,W2534062488,first
A5026419830,W2534062488,middle
A5049850982,W2534062488,last
A5038915241,W2538982246,first
A5018683729,W2538982246,last
A5060909146,W2552061192,first
A5046708234,W2552061192,last
A5011835245,W2555366780,first
A5076291013,W2555366780,last
A5060671449,W2560194501,first
A5072409623,W2560691922,first
A5065014144,W2562150744,first
A5076119841,W2562150744,middle
A5036341054,W2562150744,middle
A5083099005,W2562150744,last
A5032411139,W2563045922,first
A5002415472,W2563180316,first
A5029173707,W2563180316,middle
A5082726226,W2563180316,last
A5010727123,W2564321721,first
A5011642353,W2564321721,middle
A5052926071,W2564321721,middle
A5005290577,W2564638404,first
A5024680899,W2564953689,first
A5014547271,W2565321451,first
A5000867916,W2565558931,first
A5036763862,W2566589495,first
A5010858186,W2566589495,middle
A5048831718,W2566589495,last
A5070777118,W2568788818,first
A5002320060,W2568788818,middle
A5089380024,W2568788818,middle
A5048595728,W2568788818,middle
A5044853328,W2568788818,last
A5019740287,W2570393173,first
A5052020796,W2570393173,middle
A5035585945,W2570393173,middle
A5019223571,W2570393173,last
A5036124807,W2571538950,middle
A5040746152,W2575598687,first
A5083329203,W2575598687,last
A5028128671,W2579459136,first
A5018851145,W2580884162,first
A5021062005,W2581147924,first
A5014652348,W2588571264,first
A5064090287,W2588571264,middle
A5003242124,W2588571264,last
A5052659996,W2591793076,first
A5011892251,W2591793076,middle
A5040746546,W2591793076,last
A5062424191,W2592577916,first
A5002571252,W2592577916,middle
A5071483672,W2592577916,middle
A5022537740,W2592577916,middle
A5009310543,W2592577916,last
A5044944680,W2596426642,first
A5079602663,W2602451378,last
A5033513648,W2604978604,first
A5011290120,W2605566016,first
A5085095646,W2605566016,middle
A5076826398,W2605566016,middle
A5044556342,W2605566016,last
A5020328989,W2607267618,first
A5048713792,W2607267618,middle
A5015419380,W2607267618,last
A5019136653,W2611316102,first
A5080472982,W2611316102,middle
A5001562343,W2611316102,last
A5067798952,W2615933573,first
A5074172792,W2615933573,middle
A5023750553,W2615933573,middle
A5024134038,W2615933573,last
A5088619985,W2616194516,first
A5041459422,W2616194516,middle
A5007174065,W2616194516,last
A5075459877,W2617371638,first
A5021809690,W2623885067,first
A5000937401,W2623885067,middle
A5025877936,W2623885067,last
A5038369385,W2624842533,first
A5015761359,W2624842533,middle
A5036286698,W2624842533,last
A5013488024,W2625119159,first
A5045816776,W2625119159,middle
A5090793482,W2625119159,middle
A5009541108,W2625119159,middle
A5031988390,W2625119159,middle
A5011982099,W2625119159,last
A5043893479,W2625358532,first
A5024164153,W2625358532,last
A5045643358,W2625955022,first
A5031484166,W2635381195,first
A5051468325,W2635381195,middle
A5070848718,W2635381195,middle
A5051235308,W2635381195,last
A5003668063,W2728465718,last
A5081123738,W2730535084,first
A5034788555,W2734625134,first
A5052571923,W2736310682,first
A5079620688,W2737802161,first
A5073946580,W2737802161,middle
A5025450455,W2737802161,last
A5048509383,W2739424499,first
A5043198300,W2739424499,last
A5079377293,W2741525259,first
A5002821905,W2741525259,last
A5037761912,W2742118403,first
A5073358375,W2743284040,first
A5032888719,W2744581789,last
A5082163535,W2745696342,first
A5046343080,W2747342421,first
A5056266983,W2751627113,first
A5056710858,W2760476599,first
A5048781513,W2774776859,first
A5017870887,W2775862266,first
A5010664051,W2775862266,middle
A5028474219,W2775862266,last
A5085377274,W2786715783,first
A5086791683,W2800370510,first
A5028866023,W2800370510,last
A5062009462,W2804023405,middle
A5062020150,W2804072326,first
A5071461896,W2806441871,first
A5047401987,W2808076678,first
A5010748335,W2808076678,last
A5069539722,W2829106422,last
A5077953037,W2889163015,first
A5077403931,W2889307338,middle
A5043956249,W2893607380,first
A5067341995,W2905086515,middle
A5035714039,W2905086515,middle
A5003150991,W2905086515,middle
A5055110324,W2908681558,first
A5019840140,W2908681558,last
A5081922905,W2913189267,first
A5086826254,W2945406877,middle
A5042167361,W2945406877,middle
A5021549430,W2966732494,first
A5031741578,W2966732494,middle
A5053874521,W2966732494,middle
A5063873284,W2966732494,last
A5080240262,W2970512352,first
A5038854405,W2980200913,first
A5011510592,W3103206158,first
A5042159546,W3103206158,middle
A5046228322,W3103206158,middle
A5051134586,W3114288279,first
A5051371497,W3122354151,first
A5090146869,W3123831226,first
A5043120868,W3123831226,last
A5067743538,W3124055072,first
A5061607174,W3144550409,first
A5070988360,W3144550409,last
A5079570262,W3157796704,first
A5045339641,W3172123030,first
A5054679604,W3172123030,last
A5073634264,W3192358095,first
A5004045549,W3192358095,last
A5070364661,W4211049305,last
A5032060676,W4232371956,first
A5032150969,W4232371956,middle
A5005307040,W4232371956,last
A5048414328,W4235679023,first
A5090446191,W4236033262,first
A5034546708,W4237634754,first
A5084915488,W4238197034,first
A5028921918,W4238197034,last
A5075954707,W4240284725,first
A5089314771,W4240359927,last
A5026802802,W4248253777,first
A5044285627,W4249351096,first
A5049727684,W4253056511,last
A5060244772,W4299868912,first
A5024830140,W4299868912,last
A5007268087,W4300230144,first
A5027450194,W4301753735,first
A5039755127,W4301753735,middle
A5013126220,W4301753735,last
A5032785754,W587468865,first
A5065403512,W600898951,first
A5030334025,W625041402,first
A5017296609,W639326151,last
A5010399238,W1482501940,last
A5058981994,W1500883271,first
A5055357291,W1557486299,first
A5000015306,W183466903,first
A5081875121,W1909681491,middle
A5041459160,W2177074851,first
A5028769826,W2230205122,first
A5031470846,W2230205122,last
A5048396155,W2237440059,first
A5072515650,W2273479756,first
A5006312326,W2277479758,first
A5072071553,W2277479758,last
A5014156820,W2284688860,first
A5006726179,W2303242260,first
A5033722814,W2303242260,last
A5089607178,W2318303262,first
A5009771549,W2336185784,first
A5023232144,W2336591615,first
A5009667479,W2339881696,first
A5071257904,W2339881696,last
A5033615800,W2340070759,first
A5047819442,W2340070759,middle
A5015589979,W2340070759,last
A5024501121,W2341989820,first
A5087367222,W2341989820,last
A5028302644,W2344029010,first
A5035897024,W2346183097,middle
A5088179237,W2346183097,middle
A5037413247,W2395234841,first
A5074506453,W2396008487,middle
A5036701781,W2396008487,last
A5017185490,W2399802390,first
A5029754134,W2399802390,middle
A5006014871,W2399802390,last
A5000432642,W2405688269,first
A5064339565,W2406781362,first
A5086489064,W2411378867,first
A5059003249,W2411751763,last
A5060079039,W2412750892,first
A5033287292,W2414583688,first
A5079437433,W2415782591,first
A5083403197,W2417444310,first
A5051880285,W2418558219,middle
A5033449241,W2418610749,first
A5075930827,W2418610749,middle
A5055416007,W2418610749,middle
A5046153744,W2418610749,middle
A5036511259,W2418610749,middle
A5003674186,W2418610749,last
A5044821240,W2424320615,first
A5068996850,W2460851754,middle
A5062747197,W2460851754,middle
A5076239557,W2463538341,first
A5079152917,W2463538341,middle
A5051059716,W2463538341,middle
A5029571111,W2463538341,middle
A5076454480,W2463538341,last
A5005707351,W2466383850,first
A5062469937,W2477105654,first
A5017490856,W2477603640,first
A5015577064,W2477603640,last
A5021197146,W2477617092,first
A5044687255,W2478197885,first
A5030727063,W2478197885,middle
A5087672845,W2478197885,last
A5066522225,W2479550758,first
A5040710080,W2480029521,first
A5061455505,W2480029521,last
A5072199973,W2480063117,first
A5041101317,W2480063117,last
A5031013029,W2480264857,first
A5005002693,W2480264857,middle
A5047241375,W2480264857,middle
A5016115576,W2480264857,middle
A5003347359,W2480264857,middle
A5046294611,W2480264857,last
A5003150596,W2480360071,first
A5066162700,W2480568939,first
A5033726593,W2480830318,first
A5022892062,W2480830318,last
A5051855375,W2481125700,first
A5088161571,W2481575576,first
A5060739855,W2482929771,first
A5075015473,W2483068823,first
A5065335604,W2483068823,middle
A5065625000,W2483068823,last
A5085518311,W2483095576,first
A5050287408,W2483095576,last
A5000506532,W2483966963,first
A5083635220,W2483966963,middle
A5019857998,W2483966963,last
A5000355675,W2485473998,last
A5015502267,W2486089991,first
A5001026482,W2486129765,first
A5043893479,W2487475175,first
A5024164153,W2487475175,last
A5050406027,W2488573871,middle
A5060569819,W2488573871,middle
A5000426291,W2488573871,last
A5012899746,W2488943804,first
A5003347271,W2489334268,first
A5017370575,W2489334268,middle
A5069897104,W2489334268,middle
A5000418824,W2489334268,last
A5005258575,W2489420188,first
A5070517688,W2489420188,middle
A5021502111,W2489420188,last
A5044546919,W2489674104,first
A5061154995,W2489674104,middle
A5084500643,W2489674104,middle
A5090960067,W2489674104,last
A5073869036,W2490406735,first
A5015407119,W2490777638,last
A5035496450,W2492714136,first
A5033215072,W2494392979,first
A5007508748,W2494593858,first
A5083915539,W2494884704,last
A5085615320,W2495708388,first
A5041935786,W2496452907,first
A5029582839,W2496452907,middle
A5001083654,W2496452907,middle
A5059629312,W2496452907,last
A5028271020,W2496610678,first
A5013493866,W2496703621,first
A5042833743,W2497164004,first
A5028699011,W2497164004,middle
A5027862575,W2497164004,middle
A5022950151,W2497164004,middle
A5024453737,W2497164004,last
A5032918507,W2497456262,first
A5045667752,W2497456262,last
A5069064331,W2497476942,first
A5047937300,W2497476942,last
A5057769250,W2497990615,first
A5013274530,W2497990615,last
A5029337859,W2499110057,first
A5009704292,W2499110057,last
A5012769862,W2499454561,first
A5069072807,W2499780209,first
A5035536258,W2499780209,last
A5075187387,W2500074794,first
A5081451369,W2500074794,middle
A5047517734,W2500074794,last
A5048043645,W2500340509,first
A5036405267,W2500492511,first
A5017480456,W2500789235,first
A5023086752,W2500808061,first
A5046878537,W2501153849,first
A5086290802,W2501153849,middle
A5042623700,W2501153849,last
A5001903786,W2501644759,last
A5022478700,W2502047214,first
A5066297980,W2502297141,first
A5004082634,W2502782036,first
A5051383531,W2504075624,first
A5007653465,W2504312696,first
A5026932162,W2504312696,middle
A5087338661,W2504312696,last
A5032898501,W2504365826,first
A5054228678,W2504784067,first
A5069169048,W2505563870,first
A5054472031,W2505563870,middle
A5061450079,W2505563870,middle
A5012682887,W2505563870,middle
A5074535695,W2505563870,middle
A5003433241,W2505563870,middle
A5014708674,W2505563870,last
A5078112309,W2505915390,first
A5047517734,W2506235761,first
A5024220409,W2506235761,middle
A5055255175,W2506235761,last
A5000815495,W2506276108,first
A5000785049,W2507089454,first
A5009707749,W2509567066,last
A5043804253,W2509949505,first
A5091744677,W2509949505,middle
A5001227155,W2509949505,last
A5016632535,W2512523063,middle
A5004326276,W2512523063,middle
A5010814462,W2512523063,middle
A5001309771,W2513439888,middle
A5021688917,W2513439888,middle
A5017704096,W2513439888,last
A5076017424,W2514032305,first
A5064002639,W2516368697,first
A5027156159,W2516368697,last
A5088493440,W2516492438,first
A5011101053,W2516492438,middle
A5088461366,W2520237046,first
A5040703717,W2520237046,middle
A5060031710,W2520237046,last
A5085343290,W2521752368,first
A5033896566,W2522933937,first
A5064091324,W2522933937,middle
A5085421841,W2526127466,last
A5024543521,W2529023093,middle
A5015955539,W2529023093,middle
A5086660104,W2529140633,middle
A5042026738,W2529140633,middle
A5086654151,W2529140633,middle
A5086033072,W2529224349,last
A5091397108,W2531384034,first
A5066513609,W2534863477,first
A5028013645,W2534863477,last
A5044706022,W2537865549,first
A5035604098,W2538518392,first
A5026188630,W2543498199,first
A5028171375,W2543498199,last
A5011208990,W2545994777,first
A5074074791,W2545994777,middle
A5026789951,W2545994777,middle
A5015129790,W2545994777,middle
A5068905728,W2545994777,middle
A5083621117,W2545994777,last
A5043794259,W2550953475,first
A5067771039,W2550953475,middle
A5088211841,W2550953475,last
A5056895049,W2551533921,first
A5046940335,W2551533921,last
A5040232003,W2554200055,first
A5056141272,W2554543558,first
A5014780577,W2554582609,first
A5034599517,W2554582609,middle
A5071244906,W2554582609,last
A5022988784,W2556329730,first
A5075590161,W2556329730,middle
A5041191852,W2556329730,middle
A5086175214,W2556329730,last
A5076374877,W2557338801,first
A5058406798,W2557654551,first
A5076062123,W2557654551,last
A5050804685,W2561086496,first
A5003945520,W2561658414,middle
A5002855390,W2561658414,last
A5088486867,W2562613440,first
A5029245500,W2562613440,last
A5021099747,W2562915707,first
A5036735310,W2562915707,last
A5025458917,W2566457835,first
A5023332321,W2570288368,first
A5089322319,W2570288368,middle
A5081510302,W2572055967,first
A5067341995,W2580036542,middle
A5035714039,W2580036542,middle
A5003150991,W2580036542,middle
A5068787013,W2581314875,first
A5016717457,W2586568578,first
A5000270292,W2586568578,last
A5053476652,W2587817879,first
A5071390048,W2587817879,last
A5027870743,W2588547249,first
A5025715396,W2588742337,first
A5025878019,W2591461408,first
A5048624779,W2592517293,first
A5041875997,W2592517293,middle
A5045397338,W2592517293,middle
A5037057278,W2592517293,middle
A5064325044,W2592517293,last
A5019145002,W2592946840,first
A5081661873,W2592946840,middle
A5042982258,W2592946840,last
A5053526943,W2597176993,middle
A5019016245,W2601562458,first
A5012701585,W2601562458,last
A5049272580,W2604799487,last
A5065327980,W2607029250,first
A5005139192,W2610730957,last
A5009333521,W2615619810,first
A5065962800,W2615619810,middle
A5044280107,W2615619810,middle
A5002407510,W2618039635,first
A5048119697,W2618405758,first
A5057994995,W2618405758,middle
A5034400737,W2618405758,middle
A5085125810,W2618405758,last
A5022367925,W2620070959,first
A5036036445,W2724576573,first
A5073091147,W2735890350,first
A5086650097,W2735890350,last
A5064274622,W2737130045,first
A5078369669,W2737130045,middle
A5050729772,W2737130045,middle
A5008930531,W2737130045,last
A5026435847,W2737512261,first
A5053669374,W2737859403,first
A5005925953,W2738850521,first
A5008309887,W2738850521,last
A5047620605,W2741313282,first
A5023855743,W2742860456,first
A5011244622,W2745988559,first
A5066870045,W2748769205,first
A5034638756,W2748769205,middle
A5058435585,W2748769205,middle
A5090787101,W2748769205,middle
A5060520629,W2748769205,last
A5001980040,W2751291963,first
A5002842122,W2753566620,first
A5037432395,W2753566620,middle
A5034635671,W2753566620,last
A5068763843,W2762305195,first
A5041326099,W2762305195,last
A5085299259,W2765975980,first
A5016244048,W2774313172,first
A5078570390,W2774692742,first
A5090584718,W2778254677,first
A5045749522,W2778254677,middle
A5016794035,W2778254677,last
A5040472105,W2778452991,first
A5030085363,W2779074300,first
A5069085203,W2779074300,last
A5054865304,W2780979931,last
A5060432668,W2781795421,first
A5045384249,W2781795421,last
A5027550008,W2784566501,first
A5047210123,W2785271205,first
A5041411651,W2785271205,last
A5060098221,W2788615256,first
A5081988111,W2795717731,first
A5082935992,W2805642966,first
A5026686113,W2805715394,first
A5021724057,W2807012296,first
A5006390518,W2810150995,first
A5008085254,W2842020632,last
A5042808252,W2883985903,first
A5077934279,W2883985903,middle
A5089450729,W2883985903,last
A5087039629,W2888853844,first
A5041951909,W2889001822,first
A5064156499,W2892100840,first
A5007015049,W2894952069,first
A5057663598,W2897541496,first
A5069187027,W2897778121,first
A5060003479,W2903859862,first
A5067341995,W2904616276,middle
A5035714039,W2904616276,middle
A5003150991,W2904616276,middle
A5038206734,W2907608320,first
A5033753600,W2913297908,last
A5041219857,W2914489676,first
A5041301604,W2914489676,middle
A5045457205,W2914489676,last
A5084431277,W2914703235,middle
A5043675709,W2914703235,middle
A5003973480,W2914703235,last
A5026862823,W2921896704,last
A5037687232,W2943272685,first
A5070750659,W2944351891,first
A5063031245,W2944351891,middle
A5000570251,W2944351891,last
A5022594228,W2945290295,first
A5049036814,W2953905301,first
A5037853382,W2958589345,last
A5028162708,W2963458820,first
A5088738795,W2964085240,first
A5086542918,W2964085240,middle
A5019971124,W2964085240,last
A5055142738,W2970834935,first
A5042702049,W2976828761,first
A5055025123,W2989778909,middle
A5041139107,W2989778909,middle
A5054843650,W2989778909,last
A5073799241,W2993738057,middle
A5018903380,W3006612030,first
A5041721363,W3041827605,first
A5072737356,W3126734886,first
A5021872761,W3140631287,first
A5055029056,W3140631287,middle
A5080845656,W3140631287,last
A5041504603,W31427556,first
A5050085003,W3143757079,first
A5077143737,W3143757079,middle
A5003904999,W3149820457,first
A5049405285,W3149820457,middle
A5031424417,W3149820457,last
A5048582530,W3151044242,first
A5011543714,W3151044242,last
A5079085412,W3167006754,middle
A5020354604,W3167006754,last
A5022938610,W3212511029,first
A5065437426,W3212511029,middle
A5079800641,W3216639837,first
A5021356456,W3216639837,last
A5079375694,W368128509,first
A5047583756,W4211042163,first
A5083502978,W4211042163,last
A5049264037,W4211179565,first
A5004435229,W4229982569,first
A5036426093,W4234271500,first
A5039482050,W4235398493,first
A5029413988,W4236183326,last
A5074031551,W4237585423,first
A5080497330,W4238756532,last
A5058664471,W4240083219,first
A5076985479,W4243730528,first
A5037816423,W4243968614,last
A5032768602,W4244945522,first
A5006640853,W4248040526,last
A5091282259,W4250880198,first
A5091667095,W4250880198,middle
A5003757306,W4250880198,last
A5052018441,W4250932307,middle
A5029348229,W4251225666,first
A5024901674,W4251225666,last
A5019473133,W4298212684,first
A5056774275,W4298212684,middle
A5004737962,W4298212684,last
A5064306421,W4299557523,first
A5026188630,W4300918849,first
A5047244561,W4301010086,first
A5070306914,W4301331362,first
A5069589954,W4301331362,last
A5023619303,W4301407481,middle
A5076719940,W4301407481,middle
A5044047404,W4301407481,middle
A5083046363,W4301407481,middle
A5015088895,W4301407481,middle
A5070166436,W4301407481,middle
A5042179910,W4301407481,middle
A5074899838,W4301407481,last
A5034720507,W560492556,first
A5003244232,W561754342,last
A5007923118,W582444539,first
A5007404751,W584184405,first
A5087799706,W584184405,last
A5088978244,W599685483,first
A5043207505,W615423310,first
A5020326095,W639928985,first
A5082576141,W1138757975,first
A5018410445,W1158093035,first
A5074179735,W1158093035,last
A5017109701,W1204338348,last
A5053572051,W146410177,first
A5075857371,W1491681453,last
A5056334484,W1515799921,first
A5012502919,W1515799921,middle
A5048705023,W1515799921,last
A5040803225,W152283568,first
A5010173497,W1779955463,first
A5028496989,W1889815224,first
A5026741951,W2047367550,first
A5039246243,W2099702932,first
A5029322547,W2103917943,first
A5019317182,W2103917943,middle
A5048376958,W2103917943,last
A5067761525,W2182054813,first
A5019603753,W2184597576,first
A5050070961,W218817273,first
A5030860397,W2203393784,last
A5086597089,W2233933085,first
A5086109964,W2233933085,middle
A5003680174,W2233933085,middle
A5022162897,W2233933085,middle
A5078350461,W2233933085,middle
A5082620134,W2233933085,middle
A5014987200,W2233933085,middle
A5003778700,W2233933085,middle
A5082638094,W2233933085,last
A5023751794,W2238494275,first
A5062481314,W2247250584,first
A5010897042,W2247250584,middle
A5040830236,W2247250584,middle
A5014061773,W2247250584,middle
A5017774829,W2247250584,middle
A5068328447,W2254287830,first
A5067252442,W2265925123,first
A5009492831,W2268257392,first
A5087669255,W2280558537,first
A5051508428,W2286720180,first
A5040530780,W2294367103,first
A5050392733,W2298366082,middle
A5031640367,W2298366082,last
A5046173193,W2298859676,middle
A5001050056,W2299867149,first
A5048538967,W2299867149,middle
A5027184190,W2299867149,last
A5035513892,W2300581695,first
A5047328073,W2300581695,middle
A5073777266,W2300581695,last
A5053479158,W2305487775,first
A5032439452,W2305487775,last
A5075002350,W2308244636,middle
A5011763643,W2308271618,first
A5064650373,W2314221683,first
A5049999565,W2314221683,middle
A5054544784,W2314221683,last
A5071978262,W2323322105,middle
A5065058581,W2324281573,first
A5054026337,W2324281573,last
A5037669208,W2331718353,first
A5020864045,W2335549893,first
A5068640380,W2336544963,first
A5042350896,W2336657149,first
A5061927874,W2340635981,last
A5002676649,W2340846968,first
A5012027004,W2342598324,first
A5010766325,W2342598324,middle
A5053191088,W2342598324,middle
A5033022560,W2342598324,middle
A5073888022,W2342598324,middle
A5013697463,W2342598324,middle
A5018656847,W2342598324,middle
A5057792892,W2343840764,first
A5020474912,W2344334043,first
A5084966916,W2344334043,last
A5003122432,W2346071950,first
A5047160693,W2349532221,first
A5030402987,W239320739,first
A5078277073,W2394491968,first
A5072199973,W2397226450,first
A5041101317,W2397226450,last
A5017974535,W2400472211,first
A5047487276,W2401936482,last
A5041151162,W2405891861,middle
A5026788167,W2405891861,last
A5000445240,W2409398526,middle
A5055305609,W2410186785,last
A5018151377,W2410933798,first
A5078348621,W2412934120,first
A5039494431,W2413102963,first
A5033579705,W2413475774,first
A5041520103,W2413475774,middle
A5029032085,W2413475774,middle
A5007140671,W2413475774,middle
A5086526106,W2414085118,first
A5026286215,W2414085118,last
A5024626195,W2418817242,first
A5043069049,W2437740404,first
A5052608804,W2437740404,middle
A5047059242,W2441134555,middle
A5077461494,W2460636497,first
A5008888706,W2460636497,middle
A5013800136,W2460636497,middle
A5055313324,W2460636497,middle
A5067970454,W2460636497,last
A5058138023,W2463074766,first
A5006543237,W2463074766,middle
A5005605270,W2463074766,last
A5071241846,W2464673154,first
A5010462308,W2464673154,middle
A5019257524,W2464673154,middle
A5000763047,W2464673154,last
A5015563134,W2465288476,first
A5036631153,W2465288476,last
A5028078726,W2466502883,first
A5027544704,W2466502883,last
A5029483412,W2469269092,first
A5090641466,W2470598031,last
A5074481639,W2473634410,last
A5012703845,W2474873497,first
A5028729642,W2475351320,first
A5069267601,W2475351320,last
A5072816665,W2475625300,middle
A5083209573,W2475683736,first
A5003587558,W2475683736,middle
A5059799200,W2475683736,middle
A5005891715,W2475683736,last
A5029477698,W2475931355,first
A5090732704,W2475931355,middle
A5039945857,W2475931355,last
A5061387861,W2476579806,first
A5063261588,W2476752527,first
A5074144018,W2476752527,last
A5051819150,W2476872269,first
A5015785795,W2477503577,first
A5081488662,W2477503577,last
A5033056152,W2477696652,first
A5077723508,W2477807843,first
A5049922472,W2477807843,middle
A5026962283,W2477807843,last
A5008509744,W2478013968,first
A5066302861,W2478013968,middle
A5046340343,W2478013968,middle
A5059436198,W2478013968,middle
A5049560556,W2478013968,middle
A5045499382,W2478013968,last
A5006380777,W2478999334,first
A5015753842,W2478999334,middle
A5058360953,W2478999334,middle
A5013114471,W2478999334,middle
A5016864296,W2478999334,last
A5060840266,W2479425041,first
A5067007738,W2479793358,middle
A5057804144,W2479793358,last
A5005566691,W2480323196,first
A5072892151,W2480412348,first
A5032651196,W2480412348,middle
A5045895774,W2480412348,last
A5016338914,W2480878838,first
A5012632345,W2480881376,first
A5007002585,W2480881376,middle
A5024835217,W2480881376,last
A5021926457,W2481066553,middle
A5034143246,W2481066553,last
A5007474538,W2481165491,first
A5011835245,W2481323569,first
A5047359547,W2481323569,middle
A5056390625,W2481323569,middle
A5007087783,W2481323569,middle
A5068502672,W2481323569,last
A5087152917,W2482108601,first
A5031760215,W2482108601,last
A5039939708,W2482114997,first
A5009470104,W2482114997,last
A5047517734,W2482285976,first
A5024220409,W2482285976,last
A5073031308,W2482593734,first
A5029477698,W2482607232,first
A5036067425,W2482607232,middle
A5037446815,W2482607232,middle
A5082367164,W2482607232,middle
A5066915624,W2482607232,middle
A5069839542,W2482607232,last
A5036833943,W2482812447,first
A5027862575,W2482812447,middle
A5005837856,W2482812447,middle
A5074143529,W2482812447,last
A5052396894,W2483635085,first
A5020390883,W2484257229,first
A5080867114,W2484651826,first
A5006746248,W2484651826,middle
A5028715246,W2484971098,first
A5044028164,W2484971098,middle
A5081953081,W2484971098,last
A5056983902,W2485273254,first
A5071711311,W2485273254,last
A5060389132,W2486438286,first
A5010109117,W2486438286,middle
A5071618261,W2486438286,last
A5017138940,W2486843765,first
A5070584555,W2487295591,first
A5020817984,W2487631554,first
A5005258575,W2488169824,first
A5010433768,W2488252346,first
A5071191321,W2489013776,first
A5035171392,W2489013776,middle
A5040067645,W2489013776,middle
A5052093200,W2489013776,last
A5036689981,W2489442489,first
A5070296128,W2489636573,first
A5082193927,W2489636573,last
A5046108772,W2489931321,first
A5044345436,W2490170260,first
A5065058581,W2491785325,first
A5058491329,W2491793420,first
A5000852304,W2491793420,last
A5022886322,W2492636994,first
A5084243559,W2493486286,first
A5058593295,W2493486286,last
A5053444976,W2493872136,first
A5071829791,W2493872136,middle
A5079423242,W2493872136,middle
A5030225045,W2493872136,last
A5004655124,W2494050820,middle
A5042545537,W2494050820,middle
A5040163449,W2494050820,middle
A5091424862,W2494050820,middle
A5091618398,W2494050820,last
A5078570390,W2494438468,first
A5051568175,W2494924255,first
A5008183059,W2494924255,middle
A5087324380,W2494924255,middle
A5053667045,W2494924255,last
A5004090723,W2495237651,middle
A5083538047,W2495440820,first
A5048575463,W2495440820,middle
A5070015380,W2495440820,last
A5042073730,W2496429493,first
A5002562252,W2496730672,first
A5050287828,W2496730672,middle
A5009379305,W2496730672,last
A5086062922,W2496785314,first
A5036175492,W2497071258,first
A5060102825,W2497550189,first
A5007124393,W2497550189,middle
A5004065024,W2497550189,middle
A5065669889,W2497550189,last
A5079293684,W2498086912,first
A5058046152,W2498086912,middle
A5070283361,W2498086912,middle
A5010195810,W2498086912,last
A5051641824,W2498481569,first
A5016874794,W2498573346,first
A5019186384,W2498573346,last
A5001046703,W2498881748,first
A5042789365,W2498881748,last
A5075320184,W2499133929,first
A5065664393,W2499507146,first
A5055416007,W2499507146,middle
A5021369488,W2499507146,last
A5090746453,W2499978838,last
A5003520356,W2500467984,first
A5067597688,W2501073191,first
A5075102868,W2501073191,last
A5003590196,W2501311317,first
A5020992691,W2501311317,last
A5058262278,W2502592148,first
A5086599189,W2502592148,middle
A5031884293,W2502592148,middle
A5048119697,W2502592148,middle
A5051092970,W2502592148,middle
A5086033373,W2502592148,middle
A5066178389,W2502592148,last
A5086903137,W2502661841,last
A5027249944,W2503434135,first
A5058341815,W2503434135,last
A5091833270,W2503434581,first
A5023463217,W2503488948,first
A5069806595,W2504469746,first
A5042295020,W2504469746,middle
A5024010215,W2504469746,last
A5069777898,W2504733461,first
A5012275958,W2504733461,last
A5031371771,W2505318239,first
A5084451803,W2505318239,middle
A5046140730,W2505318239,last
A5067231523,W2506357504,first
A5048202050,W2507730675,first
A5048573589,W2507965407,first
A5029477698,W2508791134,first
A5036067425,W2508791134,middle
A5037446815,W2508791134,middle
A5055139472,W2508791134,middle
A5065705195,W2508791134,middle
A5035756067,W2508791134,last
A5011090420,W2508846364,middle
A5016248748,W2508846364,middle
A5006247004,W2511046278,first
A5000847216,W2511046278,last
A5004477424,W2511238353,first
A5043306797,W2511755695,first
A5042171930,W2511755695,last
A5017042977,W2515028150,first
A5062963943,W2515028150,middle
A5083565969,W2515028150,last
A5085636293,W2517184154,first
A5062215861,W2517184154,middle
A5085461076,W2517184154,last
A5011952882,W2517456422,first
A5004489501,W2518723348,first
A5085519104,W2518723348,last
A5041581707,W2518820797,first
A5011431771,W2518820797,middle
A5054774293,W2518887255,first
A5052174611,W2518887255,last
A5042967567,W2519909649,first
A5081017623,W2521410972,first
A5083743189,W2521410972,last
A5087672831,W2523446640,first
A5090586758,W2523446640,middle
A5027842910,W2523446640,middle
A5035248827,W2523446640,middle
A5086986783,W2523480454,first
A5017789014,W2523480454,middle
A5058960241,W2524068769,first
A5028909822,W2524068769,last
A5061163693,W2524421940,first
A5043150634,W2524540811,first
A5032874655,W2524540811,last
A5018654135,W2524789475,first
A5086407819,W2524946165,middle
A5029360587,W2524946165,last
A5075931354,W2526227054,first
A5064933026,W2526227054,middle
A5079243420,W2526227054,middle
A5012742314,W2526227054,last
A5082653655,W2526935572,middle
A5026299811,W2526935572,last
A5047517734,W2527045134,first
A5024220409,W2527045134,middle
A5044272065,W2527045134,middle
A5079769620,W2528557410,first
A5037586179,W2528557410,middle
A5000382542,W2528557410,last
A5011104901,W2529349297,first
A5055853143,W2530329880,first
A5019021319,W2530368305,first
A5083358892,W2530951078,middle
A5007440266,W2530951078,last
A5013447033,W2530982676,first
A5006595915,W2530982676,last
A5053246831,W2531757221,first
A5090320352,W2531757221,middle
A5076628907,W2531757221,last
A5017532066,W2531962163,first
A5027635656,W2533845536,first
A5002863938,W2533845536,middle
A5059522163,W2533845536,middle
A5069205798,W2533845536,middle
A5008525798,W2533845536,last
A5054322944,W2536333029,first
A5085023621,W2536333029,last
A5015340437,W2540574557,first
A5007199420,W2540574557,middle
A5074613565,W2545090371,first
A5058166217,W2545090371,last
A5069794460,W2545473628,first
A5051661917,W2546867196,last
A5078007096,W2546893782,middle
A5055458864,W2546893782,last
A5058035230,W2547297053,first
A5071155673,W2549111217,first
A5021872235,W2550748076,first
A5084694240,W2551330762,first
A5035306078,W2551330762,last
A5059517520,W2551458926,first
A5007551882,W2554539006,first
A5035179935,W2556220093,first
A5039346080,W2556531028,first
A5025029489,W2557967248,first
A5084793824,W2557967248,middle
A5046908604,W2557967248,last
A5020219571,W2558309194,first
A5016796979,W2558309194,last
A5082923475,W2558550564,first
A5029016223,W2558550564,last
A5003875445,W2558692771,first
A5037636074,W2558692771,last
A5055660232,W2558848608,middle
A5066134934,W2558848608,last
A5029477698,W2560076288,first
A5036067425,W2560076288,middle
A5037446815,W2560076288,middle
A5000905974,W2560076288,middle
A5075790596,W2560850220,first
A5072761160,W2560969306,first
A5035483302,W2561492534,first
A5081426134,W2561528520,first
A5001844250,W2561744375,middle
A5021235658,W2562176851,first
A5071634535,W2562200610,first
A5009300655,W2562607512,first
A5067553162,W2562607512,middle
A5076596849,W2562607512,middle
A5086429143,W2562607512,last
A5051730793,W2562804075,first
A5020525633,W2562804075,last
A5077937551,W2562873885,first
A5059840903,W2563125708,first
A5084676897,W2563372197,first
A5086271131,W2563372197,last
A5019922169,W2563372811,first
A5061694501,W2563372811,middle
A5038692973,W2563372811,last
A5009930587,W2563410306,first
A5003275797,W2563410306,last
A5011308665,W2563859880,first
A5013881137,W2564251873,first
A5028943536,W2564251873,last
A5034930946,W2564672457,first
A5035791250,W2564672457,middle
A5023638199,W2564672457,middle
A5006966951,W2564672457,middle
A5027852213,W2564672457,middle
A5042746008,W2564672457,middle
A5091716507,W2564672457,last
A5008283717,W2564860382,first
A5000975435,W2565353438,first
A5073956678,W2565353438,middle
A5085432173,W2565353438,last
A5029919954,W2566971333,first
A5078627825,W2567126066,first
A5013253217,W2567614300,last
A5012748071,W2570322656,first
A5062906790,W2570322656,middle
A5015357432,W2570322656,middle
A5017675965,W2570322656,middle
A5018058480,W2570322656,last
A5038430520,W2571974770,middle
A5053490184,W2571974770,last
A5049173779,W2579880579,first
A5004790787,W2579880579,middle
A5034277208,W2583004076,middle
A5001524112,W2583088593,first
A5084506996,W2583088593,middle
A5029804422,W2585490996,first
A5091193777,W2585537589,first
A5041392499,W2585629182,first
A5006490095,W2586598493,first
A5085188232,W2586598493,middle
A5005612047,W2586598493,last
A5040367566,W2587049312,first
A5004435229,W2587162273,first
A5005408594,W2588650332,first
A5088830946,W2588650332,middle
A5035945061,W2588650332,last
A5081527786,W2589640048,first
A5084089292,W2589640048,last
A5030410007,W2591399639,first
A5018872519,W2591399639,middle
A5010008450,W2591399639,middle
A5058766860,W2592709737,first
A5038971425,W2593000748,first
A5009004008,W2593369713,first
A5006438070,W2594374171,first
A5071111949,W2600444400,first
A5081272754,W2600444400,middle
A5009727601,W2602478924,middle
A5042996562,W2602478924,middle
A5050541355,W2603922620,first
A5008763824,W2603922620,last
A5013460936,W2605533701,first
A5060605767,W2605641172,first
A5003374404,W2608271595,first
A5030730297,W2610479030,first
A5013484392,W2614022495,first
A5082301359,W2614022495,middle
A5011974762,W2614022495,middle
A5087330088,W2614022495,last
A5062215329,W2614625313,first
A5070361095,W2614625313,last
A5065950971,W2615801383,first
A5020712022,W2615801383,middle
A5032960190,W2615801383,middle
A5047647054,W2616176530,first
A5062215329,W2616176530,middle
A5062215329,W2616827465,middle
A5047647054,W2616827465,middle
A5070361095,W2616827465,last
A5021756821,W2617230398,first
A5021362289,W2618596934,first
A5006379260,W2620422580,middle
A5046091057,W2620422580,last
A5069517523,W2623049343,first
A5078276226,W2624061147,first
A5007571091,W2624328485,first
A5007242502,W2624328485,last
A5000883949,W2624898525,last
A5061745175,W2626660631,first
A5065110383,W2626660631,middle
A5020864885,W2626660631,middle
A5087289554,W2626660631,middle
A5061050963,W2626660631,last
A5028996052,W2626996083,first
A5032236864,W2626996083,last
A5080752890,W2676285490,first
A5079610025,W2686841361,middle
A5041663047,W2686841361,last
A5056487490,W2691326874,first
A5070174246,W2711275409,first
A5028797433,W2711275409,middle
A5028009047,W2711275409,middle
A5054157276,W2711275409,last
A5000229744,W2729033687,first
A5083304312,W2729033687,last
A5017167563,W2735073339,middle
A5058486589,W2735721388,last
A5090446191,W2736711251,first
A5013224365,W2737480570,first
A5012372361,W2737721940,first
A5036652783,W2737984127,first
A5074063024,W2738221779,first
A5066203581,W2738221779,middle
A5066770728,W2738221779,middle
A5083632408,W2738221779,last
A5057547860,W2738702217,first
A5060051647,W2738702217,middle
A5063188437,W2738702217,last
A5044129236,W2740297671,first
A5072702157,W2740428841,first
A5067752641,W2740428841,middle
A5062089855,W2740428841,last
A5070560728,W2740819520,first
A5049533477,W2741274106,first
A5060859546,W2741274106,middle
A5060839259,W2741274106,middle
A5039827669,W2741274106,last
A5088689668,W2743522777,first
A5075802808,W2743522777,middle
A5025869535,W2743522777,last
A5030678782,W2743737499,first
A5001882647,W2743737499,middle
A5044854900,W2743737499,middle
A5008124991,W2743737499,last
A5018752675,W2744321072,first
A5074590928,W2744321072,last
A5025963104,W2744464348,first
A5044608314,W2744464348,middle
A5007964745,W2744464348,last
A5001974461,W2744881139,middle
A5071419073,W2744881139,last
A5024476526,W2745185645,first
A5011562999,W2745185645,middle
A5080466652,W2747014989,first
A5061567665,W2747014989,last
A5042662436,W2747292825,first
A5051468788,W2747292825,middle
A5037217690,W2747292825,middle
A5058475882,W2750161062,first
A5070896564,W2750161062,middle
A5040402369,W2750161062,middle
A5073956678,W2750161062,last
A5041972688,W2754883565,first
A5039477301,W2761400,first
A5075775842,W2766069957,middle
A5089281590,W2766069957,middle
A5019050769,W2767052379,last
A5020259378,W2767505483,first
A5079760641,W2767505483,middle
A5084740363,W2767505483,middle
A5087793505,W2767505483,middle
A5015768582,W2767505483,middle
A5076886839,W2767505483,middle
A5002849767,W2767505483,middle
A5074430882,W2767505483,middle
A5063597714,W2767505483,last
A5030483392,W2767828823,first
A5079886093,W2769217321,first
A5049784781,W2769217321,last
A5074565814,W2771999140,middle
A5055124220,W2776025144,first
A5084035677,W2776025144,middle
A5072143984,W2776025144,middle
A5002237733,W2776394351,first
A5069610790,W2776753854,first
A5016877253,W2776753854,middle
A5010635837,W2776753854,middle
A5005837856,W2776753854,middle
A5029350115,W2776753854,last
A5075116522,W2777455152,middle
A5002599291,W2780978309,first
A5042967020,W2780978309,last
A5049150711,W2784086277,first
A5032634346,W2784086277,middle
A5072083470,W2784086277,middle
A5021882557,W2784086277,middle
A5041762013,W2784086277,last
A5090419774,W2796379972,last
A5053084354,W2798486872,first
A5042142996,W2803745522,first
A5050302108,W2805374725,first
A5041795695,W2805374725,last
A5066778468,W2808649398,first
A5032772490,W2808874173,first
A5080190305,W2856651100,first
A5027965789,W2882997651,first
A5068535537,W2882997651,middle
A5088487015,W2883554450,first
A5008384408,W2888792648,first
A5013022863,W2889034204,last
A5020399355,W2889216673,first
A5052709754,W2889216673,last
A5033916270,W2889218064,last
A5010867142,W2889452328,first
A5058541397,W2891129688,first
A5078790053,W2892053382,first
A5025861720,W2892063839,first
A5033166309,W2892237156,first
A5078094147,W2892785855,last
A5055783879,W2895284493,last
A5003794613,W2896418519,first
A5012329093,W2903986599,middle
A5072851919,W2903986599,last
A5075954707,W2909207358,first
A5079073940,W2911172430,first
A5090316262,W2911477025,first
A5021935717,W2911762153,last
A5022860169,W2911975674,first
A5014056956,W2911975674,middle
A5026532071,W2911975674,middle
A5048820921,W2911975674,last
A5026062446,W2912977966,first
A5000513247,W2912977966,middle
A5046365943,W2912977966,last
A5085232870,W2913864818,first
A5070609145,W2914021186,first
A5043307560,W2914021186,last
A5061347212,W2914369884,first
A5039974136,W2914461480,last
A5035198937,W2914900874,first
A5089771591,W2914960091,last
A5065058581,W2915690521,first
A5004191382,W2915764099,first
A5086590874,W2915764099,middle
A5028911768,W2915764099,middle
A5007497742,W2924019048,first
A5083693418,W2924340906,first
A5055798173,W2929246889,middle
A5030621885,W2936816547,first
A5088737151,W2944301791,first
A5072415042,W2947160648,first
A5013109648,W2963801212,first
A5055276162,W2976557437,first
A5073344742,W2977473361,first
A5040646238,W2977473361,middle
A5063040250,W2977473361,middle
A5031991761,W2977473361,last
A5019967091,W2978310466,first
A5010287273,W2978310466,middle
A5034059867,W2978310466,last
A5046536366,W2978969170,middle
A5041039488,W2978969170,last
A5066870283,W2982116040,first
A5062680225,W2982685870,first
A5032809892,W2985493823,first
A5003057117,W2991594969,first
A5014026720,W2991594969,middle
A5062380036,W2991594969,middle
A5088418265,W2991594969,last
A5053626926,W3001550010,first
A5034413538,W3005906877,last
A5031553118,W3011800785,first
A5062257416,W3014733086,first
A5075606209,W3014733086,last
A5084465266,W3018593456,first
A5068015318,W3022716555,middle
A5017478454,W3022716555,middle
A5009343703,W3022716555,middle
A5017274120,W3022716555,middle
A5017426974,W3022716555,middle
A5043054372,W3022716555,middle
A5052550722,W3022716555,middle
A5076794723,W3022716555,middle
A5038636493,W3022716555,middle
A5086206346,W3022716555,middle
A5089314771,W3024720378,last
A5054170736,W3026810374,first
A5068347188,W3026810374,last
A5053515901,W3033610709,first
A5039517845,W3039834787,first
A5012974143,W3039834787,last
A5088067587,W3045839551,first
A5072996834,W3047476099,first
A5042485246,W3047511373,first
A5007160462,W3111582858,first
A5048966318,W3113377021,first
A5041485339,W3123088692,first
A5042206408,W3125590737,middle
A5080724309,W3126134017,first
A5071546444,W3128930984,first
A5081778003,W3134207965,last
A5035688032,W3139816211,first
A5010647243,W3143369444,first
A5054198975,W3144407543,first
A5046294611,W3144407543,last
A5066525694,W3146060351,first
A5027606478,W3146060351,last
A5040576961,W3165913231,first
A5045573984,W3169830463,first
A5058466208,W3169830463,last
A5011347360,W3174033174,first
A5036940578,W3185610937,middle
A5044475069,W3185610937,last
A5072940696,W3189523884,first
A5085401834,W3192566855,middle
A5074059073,W3192938886,first
A5051293560,W3192938886,last
A5083959663,W3193454076,first
A5059332839,W3201000601,first
A5077083991,W3211266588,first
A5054882011,W3212880250,last
A5007679721,W3214513423,middle
A5000560473,W3214528717,first
A5046153744,W393755967,first
A5055416007,W393755967,middle
A5045667752,W393755967,middle
A5003674186,W393755967,last
A5036812254,W4205730866,first
A5075230989,W4205730866,middle
A5066677397,W4205730866,middle
A5040099871,W4205730866,middle
A5084702945,W4205730866,middle
A5029403661,W4205730866,middle
A5069757996,W4205730866,middle
A5023082537,W4205730866,middle
A5015764128,W4205730866,middle
A5039414480,W4205730866,middle
A5007123356,W4205730866,middle
A5022301074,W4205730866,middle
A5015037215,W4205730866,middle
A5046935235,W4205730866,middle
A5047694866,W4205730866,middle
A5016342119,W4205730866,middle
A5021966059,W4214884381,first
A5056539608,W4230688334,first
A5071748044,W4231786837,first
A5017273750,W4233776587,first
A5014702455,W4235643783,first
A5028720155,W4235795369,first
A5042630279,W4236442343,first
A5067491530,W4236442343,last
A5044287004,W4238639272,first
A5086934416,W4238851361,middle
A5079405118,W4238973019,first
A5087327461,W4240096897,first
A5051173013,W4240355117,first
A5065545710,W4240805542,first
A5063538473,W4240805542,last
A5015417862,W4241058651,last
A5026531577,W4241928692,first
A5062112507,W4241928692,last
A5048966318,W4242114595,first
A5061927874,W4243174465,last
A5087584625,W4244667179,first
A5007446175,W4244667179,middle
A5019291210,W4244667179,middle
A5001469539,W4244667179,middle
A5073115503,W4244667179,middle
A5059851427,W4244667179,middle
A5043945029,W4244667179,last
A5074043497,W4244812092,first
A5030276217,W4247547478,first
A5075839765,W4248145920,middle
A5011533013,W4248145920,last
A5065058581,W4249482479,first
A5054026337,W4249482479,last
A5009115835,W4251833060,first
A5033729550,W4255693104,first
A5039238264,W4293158870,first
A5081879408,W4293158870,last
A5067703063,W4297407505,first
A5086545543,W4297407505,middle
A5043559765,W4297407505,middle
A5005425399,W4297407505,middle
A5087058066,W4297407505,middle
A5074371899,W4298005978,last
A5079410647,W4299646958,first
A5080142153,W4299807878,first
A5054887637,W4300956906,first
A5049747850,W4301949114,first
A5055065964,W4302338933,first
A5036569886,W4302338933,middle
A5086662281,W4302338933,last
A5021756821,W562469793,first
A5056526187,W563043496,first
A5051032996,W563043496,middle
A5078479166,W563043496,middle
A5045394023,W563043496,last
A5006710857,W589366557,first
A5090308918,W613361342,first
A5074942370,W633590760,first
A5047566346,W633590760,middle
A5069527664,W633590760,middle
A5082014108,W633590760,middle
A5019993026,W633590760,last
A5087573904,W633745389,first
A5016502058,W633745389,last
A5074531054,W64229775,first
A5082726226,W64229775,last
A5046278689,W651407943,first
A5011195704,W798209323,last
A5038814581,W803405787,first
A5010466227,W957454131,first
A5058163340,W107002397,first
A5033638845,W107002397,middle
A5041330302,W107002397,middle
A5013340294,W107002397,last
A5082576141,W1122023180,first
A5015151313,W113675389,first
A5082576141,W1137839544,first
A5017018507,W1137839544,last
A5010290883,W1157822087,first
A5082576141,W1162036560,first
A5086968208,W1162036560,last
A5082576141,W1197380610,first
A5058780119,W1198432918,first
A5004354800,W1198432918,last
A5082576141,W1222756724,first
A5017018507,W1222756724,last
A5082576141,W1235893878,first
A5017018507,W1235893878,last
A5082576141,W1425274217,first
A5017018507,W1425274217,last
A5031510704,W1431503829,first
A5075146291,W1453872901,first
A5029222060,W1501899508,first
A5011863814,W1508014743,first
A5035885312,W1512930246,first
A5025968166,W1512930246,last
A5080731435,W1524808885,first
A5049822636,W1537252618,last
A5081121007,W1573343095,first
A5082576141,W1580980572,first
A5041906972,W1585867201,middle
A5017231466,W1593778595,first
A5050067034,W1696098678,last
A5001974756,W1808487090,first
A5089512128,W1827419674,first
A5091086691,W1902110935,first
A5086175489,W1978148936,middle
A5009645913,W1978148936,last
A5009113167,W2101726883,first
A5050812941,W2138937967,middle
A5031554463,W2138937967,middle
A5065766291,W2138937967,middle
A5017590625,W2150025904,first
A5075963747,W2179395632,first
A5031639432,W2179395632,last
A5015511648,W2183303029,first
A5038599060,W2189499124,first
A5079342225,W2196000107,first
A5090094509,W2207064396,middle
A5078899575,W2231789775,last
A5088385799,W2233396052,first
A5052505930,W2234139745,first
A5054954555,W2234139745,last
A5073755886,W2235448745,first
A5050469277,W2238663623,first
A5089103033,W2238991507,first
A5026874866,W2238991507,middle
A5031543991,W2238991507,last
A5065488451,W2249084460,first
A5086842811,W2249084460,middle
A5065404355,W2249084460,last
A5045427161,W2250136074,middle
A5064047839,W2250450621,first
A5011292928,W2254875421,first
A5056312874,W2254883281,middle
A5085512989,W2254883281,last
A5084068910,W2255813918,first
A5000524587,W2255958294,first
A5027537165,W2257256746,first
A5076442128,W2257271446,first
A5085077978,W2258950837,first
A5021165445,W2258950837,last
A5016257563,W2259420490,first
A5091231351,W2261405324,first
A5044071205,W2263173458,first
A5050752377,W2263183167,first
A5049155414,W2263318211,first
A5030378878,W2263318211,last
A5000410462,W2264453784,first
A5029187871,W2265404711,first
A5053347473,W2267137081,last
A5072434400,W2269499040,first
A5026615499,W2270762256,first
A5033658073,W2270762256,last
A5039624450,W2272326614,first
A5061226694,W2272557421,last
A5031291046,W2273098526,last
A5072006004,W2275369631,first
A5050257293,W2275369631,middle
A5044391599,W2276860185,first
A5004219694,W2277442468,first
A5003345433,W2277442468,middle
A5020511221,W2277442468,last
A5056957927,W2277761434,first
A5046198305,W2277761434,middle
A5043439253,W2277761434,last
A5012069024,W2278050978,first
A5025588341,W2279536028,first
A5047932635,W2279878728,first
A5071364390,W2280018744,first
A5066758576,W2283224740,first
A5018396589,W2283224740,middle
A5012204768,W2283224740,last
A5009036656,W2287571832,last
A5039938411,W2287983688,first
A5022256353,W2287983688,last
A5055176196,W2288581813,first
A5082773511,W2290774194,first
A5074655521,W2290952119,last
A5042094990,W2293175985,first
A5029251895,W2293295087,first
A5043009740,W2293448522,first
A5061740927,W2294832423,first
A5066174497,W2295293538,first
A5044385416,W2295293538,middle
A5036642808,W2295293538,last
A5084392205,W2295296567,first
A5007408947,W2295296567,middle
A5057435252,W2295296567,last
A5015637108,W2296310663,first
A5061475136,W2296408787,first
A5050012839,W2297250247,first
A5086190201,W2297376634,first
A5016294919,W2297963873,middle
A5034180179,W2298030035,first
A5000334894,W2298863552,first
A5020696380,W2299612230,last
A5020248599,W2306968579,first
A5038084567,W2306968579,middle
A5069115743,W2306968579,middle
A5038886057,W2309371964,first
A5043132631,W2309371964,middle
A5047027364,W2309371964,middle
A5035206323,W2309371964,last
A5084636041,W2311383001,first
A5047022202,W2314443471,first
A5065058581,W2317986992,first
A5038150463,W2317986992,last
A5082893021,W2319470697,first
A5052246884,W2322127958,first
A5058138023,W2322127958,middle
A5011301071,W2322127958,middle
A5005605270,W2322127958,middle
A5070690723,W2322127958,last
A5076420345,W2324670353,middle
A5028008537,W2324670353,last
A5071986892,W2326482239,first
A5016777444,W2331313221,first
A5032708586,W2331313221,middle
A5025295022,W2331313221,middle
A5022862728,W2331313221,middle
A5072363242,W2331313221,middle
A5074437420,W2331313221,last
A5065058581,W2334354562,first
A5019494994,W2334354562,middle
A5054256492,W2334354562,last
A5060979528,W2336032659,first
A5029459663,W2336270834,first
A5080207250,W2336585831,first
A5023046494,W2336585831,middle
A5006467054,W2336589935,first
A5038401506,W2336828662,first
A5064049302,W2336947969,first
A5027174277,W2337802681,first
A5078092370,W2337802681,last
A5048212421,W2338137603,first
A5000895187,W2338137603,last
A5005258418,W2338166500,first
A5074450400,W2338610566,first
A5003728774,W2339256257,first
A5038305126,W2339669284,last
A5027750997,W2339685935,first
A5070441397,W2339685935,last
A5062362108,W2339733955,first
A5034353692,W2340262926,first
A5083418808,W2340605367,first
A5027653691,W2340605367,last
A5084126663,W2340675087,first
A5004816074,W2340993832,first
A5006172999,W2340993832,middle
A5011070501,W2340993832,last
A5010721126,W2341557871,first
A5046627623,W2341557871,last
A5049307628,W2341617895,first
A5040320156,W2341853016,first
A5036380736,W2341877388,first
A5068617458,W2341877388,last
A5039741743,W2342047724,first
A5068104600,W2342047724,last
A5084879420,W2342157557,first
A5049371348,W2342172699,first
A5073416837,W2342172699,last
A5081760173,W2342368812,last
A5085709919,W2342508037,middle
A5017979092,W2342693141,first
A5025628648,W2343054872,first
A5069467090,W2343083056,first
A5075527087,W2343244364,last
A5035314874,W2343740975,first
A5063179926,W2343740975,middle
A5073634264,W2343740975,middle
A5047652595,W2343740975,last
A5074025735,W2344818710,last
A5062433915,W2345471315,last
A5072345703,W2345755230,first
A5020248599,W2345755230,middle
A5038084567,W2345755230,middle
A5069115743,W2345755230,middle
A5022559238,W2345889769,first
A5083167941,W2346643519,first
A5012746995,W2346775164,first
A5033879207,W2346908561,first
A5090691489,W2346908561,middle
A5019969191,W2346908561,middle
A5067297941,W2346908561,middle
A5079829556,W2347009965,first
A5068329396,W2347009965,last
A5029011489,W2350880377,first
A5007830129,W2350880377,middle
A5046948770,W2350880377,middle
A5003072408,W2350880377,last
A5045845692,W2353895277,middle
A5017237322,W2353895277,last
A5056166838,W2359133860,first
A5044241027,W2367288233,first
A5008732333,W2367288233,last
A5085361908,W2368280558,first
A5028487421,W2368280558,last
A5057460510,W2379086469,first
A5033504616,W2383445095,first
A5005428958,W2383535311,first
A5030976287,W2383535311,last
A5047664773,W2396089175,first
A5039627791,W2396089175,middle
A5088031450,W2396089175,middle
A5076828229,W2396089175,middle
A5077593563,W2396089175,last
A5087764432,W2397751379,first
A5087579662,W2397751379,last
A5004319527,W2398266320,first
A5025569523,W2398266320,middle
A5079512627,W2398266320,middle
A5085828782,W2398266320,last
A5016065397,W2398985524,middle
A5045345382,W2398985524,last
A5049237303,W2399088804,first
A5083379443,W2399465879,first
A5010448313,W2399465879,last
A5033507044,W2400130200,middle
A5074377757,W2400873378,first
A5018576607,W2401993251,first
A5018997300,W2402210124,first
A5038709827,W2402955011,first
A5017426984,W2402955011,middle
A5064839883,W2402955011,last
A5021742473,W2404956304,first
A5067231523,W2405136752,first
A5035450881,W2405162584,first
A5042025848,W2405162584,last
A5056990760,W2405427311,first
A5073667933,W2406184021,first
A5010289204,W2407110193,first
A5073181447,W2408116945,first
A5072420431,W2408116945,last
A5063661970,W2409039917,first
A5022134374,W2409039917,middle
A5053644924,W2409039917,last
A5031339312,W2409173124,first
A5001079181,W2409302536,first
A5023464557,W2409452139,first
A5065372638,W2410224925,first
A5019693702,W2410274024,first
A5008761850,W2410307298,last
A5051220527,W2410672897,last
A5072658159,W2410772727,first
A5055781447,W2410772727,last
A5052774871,W2411297432,first
A5019141327,W2411659081,first
A5017426984,W2411659081,middle
A5041497235,W2411703417,first
A5070207714,W2412253832,first
A5048043105,W2412879568,first
A5008125122,W2413087210,first
A5082727049,W2413845270,first
A5091311765,W2414832658,middle
A5063495620,W2414879763,first
A5011892251,W2414879763,middle
A5023462084,W2414879763,last
A5065550163,W2415048697,first
A5072756389,W2415169476,first
A5005208002,W2415705762,first
A5032019511,W2415705762,middle
A5043258522,W2415705762,middle
A5003356465,W2415705762,middle
A5026194361,W2415705762,middle
A5015984764,W2415705762,last
A5087143792,W2415719226,first
A5032739963,W2415719226,middle
A5047744348,W2415719226,last
A5039534683,W2415835420,middle
A5017567387,W2416054074,first
A5040065143,W2416304556,first
A5010718267,W2417701726,first
A5080845756,W2419206171,first
A5019150262,W2419208434,first
A5076728746,W2419208434,last
A5013741852,W2427324034,first
A5085891679,W2427324034,middle
A5008350737,W2427324034,last
A5050438959,W2428028464,first
A5015197258,W2428255378,first
A5042080057,W2429912016,first
A5002263161,W2429912016,last
A5032083600,W2432637454,first
A5029479248,W2432652262,first
A5077665746,W2432652262,last
A5057336608,W2434892485,first
A5035798523,W2434892485,middle
A5079375904,W2434892485,last
A5079842209,W2435462540,first
A5029855697,W2440192211,first
A5003066351,W2440192211,middle
A5066083071,W2440192211,last
A5072196765,W2442248606,first
A5048764223,W2442925681,first
A5016296864,W2460800302,first
A5025908151,W2460861687,first
A5073183988,W2460861687,last
A5029670581,W2464071369,first
A5035017068,W2464071369,middle
A5082075598,W2464071369,middle
A5005733581,W2464071369,last
A5007519257,W2464331323,first
A5041725753,W2464904983,last
A5078892377,W2465459734,first
A5039292216,W2465459734,middle
A5082493105,W2465459734,last
A5015961883,W2465552093,first
A5041317854,W2467056845,first
A5089182845,W2467179588,first
A5044103755,W2467179588,last
A5034206272,W2467621286,first
A5068108211,W2467673266,first
A5026100801,W2468192170,last
A5014324882,W2469557131,first
A5024306947,W2469557131,last
A5066977697,W2469643586,first
A5059848848,W2470184964,first
A5007474538,W2470693267,first
A5078112309,W2470863131,first
A5090546627,W2471325254,first
A5076632223,W2472786271,first
A5041017076,W2473449163,last
A5004085376,W2473677567,first
A5041626391,W2473677567,last
A5032979227,W2474260444,first
A5072947959,W2474260444,last
A5084056111,W2475120327,first
A5017426374,W2475120327,middle
A5035375371,W2476109528,first
A5049264037,W2476227999,first
A5080212199,W2476564458,first
A5085543437,W2476564458,middle
A5082152148,W2476762159,first
A5046261613,W2476993505,first
A5046671659,W2477012239,first
A5081042998,W2477028440,first
A5085050797,W2477028440,last
A5035179935,W2477127503,first
A5047517734,W2477333520,first
A5024220409,W2477333520,middle
A5000002274,W2477573366,first
A5040568269,W2477907612,last
A5040210316,W2478023282,first
A5069610655,W2478023282,last
A5008602551,W2478106508,first
A5072658159,W2478106508,last
A5083774653,W2478142214,first
A5021818135,W2478398485,middle
A5051172974,W2478398485,last
A5000890093,W2478435806,first
A5072477521,W2478435806,middle
A5038709845,W2478435806,last
A5081015649,W2478621011,first
A5010261185,W2478707181,first
A5010162830,W2478707181,middle
A5035093550,W2478707181,last
A5091690237,W2478753047,first
A5089446348,W2478776911,first
A5076832685,W2479084066,first
A5001776724,W2479182008,first
A5071742136,W2480232456,first
A5004214923,W2480232456,last
A5038804417,W2480521605,first
A5074887428,W2480521605,middle
A5006652905,W2480521605,middle
A5045845692,W2480521605,last
A5065444084,W2480949930,first
A5004205234,W2480949930,last
A5062532315,W2481528846,middle
A5057893111,W2481528846,last
A5008710862,W2481729935,first
A5035982173,W2481729935,last
A5042923766,W2482630313,middle
A5074131829,W2482630313,middle
A5071098566,W2482647961,first
A5059272660,W2482836426,first
A5009123037,W2482836426,middle
A5085971943,W2482836426,last
A5063254028,W2482841769,first
A5023112001,W2482841769,middle
A5076693617,W2482841769,middle
A5027943585,W2482841769,last
A5012253503,W2482945034,first
A5065332787,W2482945034,middle
A5043285096,W2482945034,last
A5067441424,W2483240732,first
A5012912368,W2483283108,last
A5033569193,W2483328503,first
A5063425630,W2483362052,first
A5020127050,W2483362052,middle
A5085401834,W2483604166,middle
A5047583756,W2483725668,first
A5083502978,W2483725668,last
A5063785042,W2483795686,middle
A5083888748,W2483795686,last
A5079269443,W2483970221,last
A5004703726,W2483997066,first
A5000985956,W2483997066,middle
A5042714840,W2483997066,middle
A5016989757,W2483997066,middle
A5021027092,W2483997066,middle
A5079526366,W2483997066,last
A5019573610,W2484253699,first
A5041747011,W2484253699,last
A5075590161,W2484349417,first
A5014257175,W2484349417,last
A5007233304,W2484688981,first
A5014761588,W2484817608,first
A5016528728,W2484817608,last
A5022546987,W2485069098,first
A5030036935,W2485099376,middle
A5023403266,W2485099376,middle
A5068915652,W2485099376,middle
A5048331945,W2485099376,last
A5013715271,W2485342031,first
A5057150812,W2485342031,middle
A5000362917,W2485342031,last
A5007861624,W2485579564,first
A5003125546,W2485888766,first
A5080743153,W2485888766,middle
A5050671715,W2485888766,last
A5059767714,W2486009154,first
A5079293684,W2486242541,first
A5070283361,W2486242541,middle
A5010195810,W2486242541,middle
A5058613613,W2486242541,last
A5065091014,W2486416215,first
A5081349865,W2486416215,middle
A5044475069,W2486416215,middle
A5083188481,W2486416215,last
A5065821923,W2486533423,first
A5084056111,W2486589165,first
A5064078720,W2486651903,first
A5087505725,W2486651903,middle
A5073444134,W2486651903,last
A5010266029,W2487093138,first
A5071010012,W2487093138,last
A5055476405,W2487229252,last
A5004194134,W2487377477,first
A5049674705,W2487377477,middle
A5038292196,W2487377477,middle
A5045520417,W2487377477,middle
A5022050902,W2487377477,middle
A5002362963,W2487377477,last
A5017344162,W2488454208,first
A5076031002,W2488736167,first
A5045420626,W2488736167,middle
A5017282307,W2488736167,middle
A5085925326,W2488736167,middle
A5005151737,W2488736167,middle
A5059601501,W2488806132,first
A5036064158,W2488806132,last
A5049882757,W2489263998,first
A5050221807,W2490227044,first
A5077902248,W2490398504,first
A5036294530,W2490562843,first
A5061294363,W2490608463,last
A5020200044,W2490890307,first
A5086076412,W2490967389,last
A5089858083,W2491684244,first
A5087542455,W2491718429,first
A5070956480,W2491815563,last
A5040668817,W2491997385,first
A5045093641,W2491997385,middle
A5028182466,W2491997385,middle
A5084637778,W2491997385,last
A5039569803,W2492095795,first
A5013736925,W2492394632,first
A5039760240,W2492552541,first
A5053233572,W2492552541,middle
A5059006429,W2492552541,last
A5048672368,W2493517531,first
A5013901360,W2493597276,first
A5084524620,W2493761952,first
A5002764180,W2493761952,middle
A5083450874,W2493761952,last
A5042170109,W2494052130,first
A5015191397,W2494052130,middle
A5068413507,W2494052130,last
A5056326785,W2494054623,first
A5019922027,W2495660181,first
A5020231952,W2495660181,middle
A5030743088,W2495660181,middle
A5089263417,W2495660181,middle
A5074122666,W2495660181,last
A5057345195,W2495685274,first
A5007283385,W2495685274,middle
A5026206233,W2495685274,last
A5066357741,W2495731725,middle
A5004372094,W2495731725,middle
A5077425757,W2495731725,last
A5081802915,W2496074743,first
A5040143379,W2496074743,last
A5007092406,W2496416082,last
A5000432705,W2496425683,first
A5041800059,W2496625732,first
A5087261140,W2496842489,first
A5084950606,W2497247760,middle
A5052813599,W2497247760,last
A5063965180,W2497426060,first
A5009196699,W2497745531,first
A5000648821,W2497745722,first
A5073254169,W2497794866,first
A5011928278,W2497801902,last
A5019897542,W2497933958,first
A5072673452,W2498335368,first
A5005713061,W2498335368,middle
A5081280784,W2498335368,last
A5080377850,W2498662339,last
A5025311585,W2498718733,first
A5059332073,W2498718733,last
A5063233199,W2499001639,first
A5053978352,W2499331393,first
A5046825828,W2499336717,first
A5014590756,W2499564006,first
A5067032536,W2499564006,middle
A5007901804,W2499564006,middle
A5031166773,W2499564006,middle
A5044258528,W2499564006,last
A5074866267,W2499947111,first
A5027460985,W2499968600,first
A5039439938,W2500268427,first
A5077670266,W2500306371,first
A5033953854,W2500578147,last
A5023384568,W2500747345,last
A5055430458,W2501013220,first
A5060814361,W2501013220,middle
A5014896739,W2501013220,middle
A5065396462,W2501013220,middle
A5049613444,W2501013220,middle
A5029850297,W2501013220,last
A5020230613,W2501460214,last
A5026530058,W2501853217,first
A5082105962,W2501853217,last
A5068919916,W2502291976,last
A5009207984,W2502776463,first
A5059320347,W2503250835,first
A5073163964,W2503250835,last
A5016717153,W2504022334,first
A5082964883,W2504022334,last
A5074288377,W2504115247,first
A5084880649,W2504115247,middle
A5037444018,W2504115247,middle
A5021606707,W2504115247,middle
A5039895469,W2504115247,last
A5075250507,W2504941483,first
A5063568782,W2504941483,last
A5029477698,W2505374709,first
A5036067425,W2505374709,middle
A5037446815,W2505374709,middle
A5029072011,W2505374709,middle
A5057495107,W2505391344,first
A5057406790,W2505391344,middle
A5058475882,W2505415593,first
A5047652595,W2505415593,last
A5023435776,W2505608907,last
A5090830662,W2505612378,middle
A5062778952,W2505678847,first
A5032768602,W2505717027,first
A5028108090,W2505936844,first
A5075626456,W2505936844,middle
A5016997456,W2505936844,middle
A5031371771,W2506138768,first
A5018480959,W2506138768,middle
A5043383832,W2506138768,last
A5014511256,W2506393233,first
A5071087940,W2506522638,first
A5018120091,W2506578093,first
A5076724465,W2507162737,first
A5056712308,W2507162737,middle
A5071088234,W2507162737,last
A5091717294,W2507328089,first
A5003640595,W2507641788,first
A5085329450,W2507641788,last
A5010776272,W2507648886,middle
A5071386331,W2507648886,middle
A5051603415,W2507648886,middle
A5009438754,W2507674798,first
A5070639842,W2507750123,last
A5090952322,W2508037763,first
A5042514951,W2508037773,first
A5002335452,W2508037773,last
A5010088194,W2508293273,first
A5076843626,W2508492511,first
A5033615800,W2508492511,middle
A5091371230,W2508492511,last
A5068096045,W2508712358,first
A5025245661,W2508712358,last
A5072810735,W2508909898,middle
A5015908369,W2508909898,middle
A5064990367,W2508909898,last
A5089906274,W2508982258,first
A5062015169,W2508982258,last
A5038745720,W2509722611,first
A5056162859,W2509722611,last
A5003863159,W2510658233,last
A5031451023,W2510877471,first
A5083895630,W2510877471,middle
A5088522711,W2512046416,first
A5072645144,W2512046416,last
A5082560401,W2512466045,first
A5018048417,W2512917229,first
A5017912953,W2513367004,first
A5084536246,W2513741963,first
A5006789019,W2514165082,first
A5020246789,W2514165082,last
A5032803067,W2514177670,middle
A5009478234,W2514177670,last
A5024119243,W2514606745,first
A5079006965,W2514606745,last
A5011090420,W2514667626,middle
A5016248748,W2514667626,middle
A5029477698,W2514729202,first
A5036067425,W2514729202,middle
A5037446815,W2514729202,middle
A5048962228,W2514848155,middle
A5067101312,W2514848155,middle
A5063763431,W2514952757,first
A5074439077,W2515370809,last
A5064650373,W2515492918,first
A5054544784,W2515492918,middle
A5049999565,W2515492918,middle
A5082673978,W2515492918,middle
A5075410730,W2515571294,first
A5082701606,W2515571294,last
A5050437234,W2515716650,first
A5031447925,W2515827211,first
A5016464967,W2516250881,last
A5078257147,W2516459454,first
A5079330023,W2516459454,last
A5008396161,W2516507234,first
A5044317273,W2516507234,last
A5022126134,W2516672518,first
A5004477448,W2516672518,last
A5027630360,W2517152156,first
A5081803512,W2517334380,last
A5048002636,W2517429531,middle
A5080839754,W2517584847,first
A5060994870,W2517618308,first
A5072455284,W2517618308,last
A5070334650,W2517782385,last
A5081431984,W2517996165,middle
A5015027156,W2518081057,first
A5086246477,W2518273312,first
A5087778477,W2518363683,middle
A5028980751,W2518363683,middle
A5076511100,W2518363683,last
A5042335164,W2518507611,first
A5070108511,W2518613271,first
A5020054996,W2519242659,last
A5061575002,W2519415973,first
A5008473374,W2519609374,first
A5048704082,W2520010622,middle
A5065796809,W2520030821,first
A5037951025,W2520176410,first
A5076075273,W2520714612,first
A5036478401,W2520714612,last
A5030063242,W2521134300,first
A5076261469,W2521134300,last
A5083694186,W2521413849,first
A5008047758,W2521827992,first
A5008725612,W2521827992,last
A5075566891,W2522005878,first
A5088636263,W2522005878,middle
A5036011221,W2522005878,last
A5032725664,W2522017676,first
A5030803302,W2522017676,middle
A5069693309,W2522017676,last
A5090792357,W2522660626,first
A5076985479,W2522902264,first
A5015908369,W2523019774,first
A5003788084,W2523019774,middle
A5066855823,W2523151221,first
A5084598628,W2523381629,first
A5057358899,W2523381629,last
A5039690490,W2523481035,first
A5070079803,W2523711195,first
A5010771495,W2523837082,first
A5073079184,W2524275273,first
A5028231834,W2524836901,first
A5083170847,W2525448021,first
A5001500702,W2526123144,middle
A5040457779,W2526471907,first
A5047517734,W2526643102,first
A5024220409,W2526643102,middle
A5038804417,W2526643102,last
A5043656599,W2527526135,first
A5007146500,W2528498827,first
A5052575833,W2528498827,middle
A5084727346,W2528498827,middle
A5071792211,W2528498827,middle
A5072542697,W2528498827,last
A5054527094,W2528690609,first
A5030730273,W2528714947,first
A5032869058,W2528796102,first
A5022229760,W2528796102,last
A5004963335,W2529325054,first
A5087289230,W2529325054,last
A5007832425,W2529392417,first
A5022582467,W2529511842,first
A5045569719,W2529537419,first
A5009754613,W2529739574,first
A5069839542,W2530395899,first
A5087667090,W2530395899,last
A5036009043,W2530440729,first
A5063568782,W2530440729,last
A5018243004,W2530756573,middle
A5033853014,W2530756573,last
A5089242554,W2531001704,first
A5065058581,W2531042645,first
A5065058581,W2531295708,first
A5054026337,W2531295708,last
A5091845204,W2531326505,first
A5005728644,W2531326505,middle
A5012159165,W2531360795,first
A5065058581,W2531772484,first
A5054735147,W2531896991,first
A5053205891,W2532892842,first
A5013960389,W2532892842,middle
A5053670340,W2532892842,middle
A5018373080,W2532892842,middle
A5032381265,W2532892842,middle
A5045546825,W2532892842,last
A5070268215,W2534877791,first
A5006605981,W2537854247,first
A5073347260,W2537854247,middle
A5005260652,W2537854247,last
A5079779797,W2542230448,first
A5048251471,W2542771328,first
A5028593781,W2544153836,first
A5004246117,W2544153836,middle
A5044985800,W2544153836,middle
A5023951654,W2544153836,middle
A5042071045,W2544153836,last
A5047858962,W2544366744,last
A5050360160,W2545104688,first
A5089355316,W2545104688,middle
A5018744589,W2545104688,middle
A5007884053,W2545104688,last
A5032971510,W2545745734,first
A5001595112,W2545745734,middle
A5004249952,W2545745734,middle
A5008595017,W2545745734,middle
A5085346183,W2545745734,last
A5005844066,W2546583347,first
A5021184868,W2546583347,middle
A5034035589,W2546583347,middle
A5081984594,W2546583347,middle
A5048113652,W2546583347,middle
A5051758796,W2546583347,middle
A5072133597,W2546583347,middle
A5028392143,W2546583347,middle
A5027253360,W2546583347,last
A5014854859,W2547362495,first
A5069098781,W2547362495,last
A5065365889,W2548203870,first
A5024998018,W2548231848,first
A5072274730,W2549511580,first
A5046980468,W2549511580,middle
A5013391395,W2549609129,first
A5079539811,W2549666216,first
A5026167740,W2549668061,first
A5028550721,W2549820997,first
A5042155262,W2549820997,middle
A5008575896,W2549820997,middle
A5084140792,W2550075847,first
A5036154754,W2550075847,middle
A5090410581,W2550075847,middle
A5025945431,W2550075847,last
A5091489654,W2550270964,first
A5082289507,W2550270964,middle
A5000834875,W2550270964,middle
A5083214023,W2550270964,last
A5001970069,W2550526704,last
A5015629768,W2551063817,first
A5070733709,W2551312524,first
A5052018441,W2551312524,middle
A5020891094,W2551511870,first
A5048305243,W2551511870,middle
A5026936665,W2551707210,first
A5005278470,W2551707210,last
A5012118516,W2551907811,first
A5055166649,W2552119095,middle
A5026629742,W2552606192,first
A5043799147,W2552606192,last
A5018103510,W2552749884,first
A5071462556,W2553141163,first
A5080497330,W2553511743,last
A5015392285,W2553785051,first
A5076019499,W2553845683,first
A5006414890,W2555330822,first
A5020265216,W2555639057,first
A5071533497,W2556469243,first
A5057690103,W2556469243,middle
A5006489780,W2556687117,middle
A5050014958,W2556687117,last
A5071446877,W2556936938,first
A5000827048,W2557388032,first
A5011965091,W2557929455,first
A5070008695,W2558030964,first
A5078958201,W2558030964,middle
A5008127339,W2558468412,first
A5030780941,W2558468412,middle
A5065562860,W2558468412,middle
A5015190140,W2558468412,middle
A5069396871,W2558777854,first
A5016936921,W2558777854,last
A5008384064,W2558963969,first
A5035638470,W2558963969,last
A5031286935,W2559611498,first
A5060829860,W2559611498,last
A5082996847,W2559696811,first
A5039896734,W2559768064,first
A5061858093,W2559768064,last
A5033868035,W2559839311,first
A5066041657,W2559839311,last
A5008957185,W2559866039,first
A5080411671,W2560104962,first
A5068922552,W2560104962,middle
A5052372097,W2560104962,middle
A5026615906,W2560104962,middle
A5004729835,W2560104962,middle
A5031473893,W2560104962,middle
A5025458244,W2560104962,last
A5007099158,W2560164103,first
A5042884859,W2560164103,middle
A5036430047,W2560164103,middle
A5072356613,W2560164103,middle
A5054970331,W2560164103,middle
A5041528213,W2560164103,middle
A5042146835,W2560164103,last
A5090011368,W2560272981,first
A5058936574,W2560283618,first
A5049335972,W2560314470,first
A5070519116,W2560314470,last
A5043103315,W2560329042,first
A5004719353,W2560392101,first
A5073503574,W2560627237,first
A5031938572,W2560629573,first
A5067308324,W2560649210,first
A5009934731,W2560666299,first
A5066905068,W2560666299,last
A5085311250,W2560668181,first
A5017979092,W2560719996,first
A5016238494,W2560808984,first
A5069195910,W2560808984,middle
A5064644687,W2560808984,last
A5001524175,W2561077806,middle
A5050902443,W2561077806,middle
A5002664975,W2561077806,middle
A5073099838,W2561077806,last
A5008138016,W2561110399,first
A5052742919,W2561302744,first
A5029477698,W2561373716,first
A5036067425,W2561373716,middle
A5037446815,W2561373716,last
A5040315431,W2561950093,first
A5089350715,W2562259834,middle
A5038674741,W2562259834,middle
A5053639209,W2562263953,first
A5069184771,W2562293675,first
A5046337574,W2562339729,first
A5034200775,W2562398985,first
A5046069798,W2562466995,first
A5036632796,W2562578571,first
A5067891474,W2562653937,first
A5089261752,W2562776794,middle
A5023811069,W2562776794,middle
A5078012656,W2562843260,first
A5074563743,W2563340128,first
A5032918507,W2563345923,first
A5045667752,W2563345923,last
A5075841422,W2563415920,last
A5089627557,W2563575994,middle
A5046955287,W2563575994,middle
A5037505650,W2563575994,middle
A5082423050,W2563575994,middle
A5077740543,W2564012998,first
A5061809604,W2564045743,first
A5000986629,W2564045743,last
A5089219568,W2564495624,first
A5053159926,W2564563233,first
A5020304683,W2565182434,first
A5043998686,W2565182434,middle
A5038037273,W2565182434,middle
A5060332501,W2565182434,last
A5085181943,W2565653825,first
A5050928648,W2565653825,middle
A5026456188,W2565653825,last
A5051751659,W2565657047,first
A5001042282,W2565770547,first
A5088908386,W2565914880,first
A5010260222,W2565914880,middle
A5017102020,W2565914880,last
A5047944536,W2566129955,first
A5036632796,W2566207174,first
A5087426743,W2566292161,first
A5002753991,W2566296784,first
A5063366444,W2566296784,middle
A5052256692,W2566296784,last
A5017267579,W2566426073,last
A5057792892,W2566892121,first
A5028187317,W2566903177,middle
A5073492122,W2566903177,last
A5065644084,W2566978863,first
A5018471409,W2567179889,first
A5056415416,W2567179889,last
A5040606176,W2567251520,first
A5024614463,W2568258055,first
A5043607978,W2568572651,first
A5073620359,W2568616673,first
A5066096844,W2568886467,first
A5026627935,W2569331479,first
A5074543641,W2569802212,first
A5027529459,W2569802212,middle
A5090935182,W2569802212,last
A5011233401,W2570088449,first
A5000856508,W2570337650,first
A5039350841,W2570337650,middle
A5024551850,W2570337650,middle
A5054324004,W2570337650,middle
A5039516856,W2570337650,middle
A5053742461,W2570337650,middle
A5001695309,W2570337650,middle
A5017009335,W2570337650,last
A5073142160,W2571001300,first
A5000090542,W2571001300,middle
A5021516088,W2571001300,last
A5023581599,W2572455100,first
A5079359530,W2573420786,first
A5079190576,W2573420786,last
A5060849367,W2573835612,first
A5008483420,W2575976259,first
A5002470584,W2576098894,first
A5059245579,W2576316690,first
A5035588300,W2576399382,first
A5024013909,W2577267921,first
A5055595436,W2577267921,middle
A5077922361,W2577604149,last
A5063624812,W2577996701,first
A5083103834,W2578116016,first
A5025789067,W2578116016,middle
A5055546978,W2578947312,middle
A5012632345,W2579059931,first
A5007002585,W2579059931,middle
A5024835217,W2579059931,middle
A5009693935,W2579059931,last
A5088127421,W2579621547,middle
A5080974350,W2580002437,first
A5001264699,W2580386129,first
A5018138527,W2580874107,first
A5059175737,W2581009528,first
A5004598862,W2581009528,middle
A5028549576,W2581009528,last
A5014002036,W2581315371,first
A5091190338,W2581315371,middle
A5061145211,W2581315371,last
A5063747619,W2581925253,first
A5017689080,W2581995084,first
A5018401504,W2582012790,first
A5041282289,W2582051848,middle
A5031224759,W2582051848,middle
A5035606772,W2582230363,first
A5068305708,W2582360228,first
A5080506541,W2583428277,first
A5047104272,W2584841797,first
A5042766970,W2585441650,first
A5033477639,W2585441650,last
A5083510305,W2586196145,first
A5022552243,W2586335733,first
A5083782167,W2586350265,first
A5054769060,W2586508630,first
A5082413942,W2586508630,middle
A5079950161,W2586508630,last
A5073946525,W2587171793,first
A5088433351,W2587171793,middle
A5037044086,W2587424786,first
A5019813462,W2587434038,first
A5040252327,W2587434038,middle
A5078910343,W2587434038,last
A5027297651,W2587466469,first
A5065058581,W2587823206,first
A5008297571,W2587823206,last
A5017419190,W2587995658,first
A5059555244,W2588028909,first
A5085186385,W2588028909,last
A5077391080,W2588121514,first
A5061645356,W2588158123,first
A5026744143,W2588158123,last
A5081118714,W2588283248,first
A5083600845,W2588469467,first
A5014323474,W2588469467,middle
A5012139331,W2588469467,last
A5082266272,W2588565687,first
A5011320969,W2588565687,last
A5002358587,W2588629717,middle
A5013315393,W2588629717,middle
A5057561835,W2588629717,middle
A5003189918,W2589256433,first
A5034979443,W2589256433,last
A5018436811,W2589262332,first
A5029172870,W2589284366,last
A5018299252,W2589521781,first
A5081161690,W2589521781,middle
A5028588078,W2589521781,last
A5026994657,W2589753617,first
A5073064677,W2589753617,last
A5034063536,W2590421638,first
A5015563134,W2590809092,first
A5036631153,W2590809092,last
A5071463063,W2590868013,first
A5012529463,W2590868013,middle
A5003377833,W2590868013,last
A5004125800,W2591005520,first
A5005239114,W2591554388,first
A5026197606,W2591554388,last
A5087309992,W2591782429,last
A5031018293,W2592155816,middle
A5047304718,W2592155816,last
A5026793498,W2592554700,first
A5031844778,W2592619198,last
A5077378659,W2592851689,first
A5047304718,W2593351393,last
A5087620365,W2594735215,first
A5085062328,W2594735215,middle
A5043350807,W2594735215,last
A5021746071,W2595070813,last
A5055448006,W2595185986,first
A5075117757,W2595274363,first
A5008569581,W2595483380,last
A5012329093,W2595736674,middle
A5072851919,W2595736674,last
A5061645356,W2595884040,first
A5002303978,W2596476102,first
A5052844618,W2596560174,first
A5031582273,W2596773356,first
A5038173058,W2596773356,middle
A5070328894,W2596773356,middle
A5077382914,W2596817200,first
A5010871173,W2596817200,last
A5027171279,W2597076986,first
A5082230753,W2597076986,middle
A5038148603,W2597076986,middle
A5051332325,W2597076986,middle
A5086865721,W2597076986,middle
A5009660665,W2597076986,last
A5006643434,W2597301060,first
A5015940205,W2598750322,last
A5047380225,W2598908841,first
A5022465917,W2598908841,last
A5086414580,W2599339133,first
A5077800537,W2600203621,first
A5041432927,W2600203621,middle
A5028059618,W2600203621,last
A5080542192,W2600204201,first
A5050965041,W2600204201,middle
A5090967228,W2600204201,middle
A5080213643,W2600204201,middle
A5074508460,W2600204201,middle
A5022555663,W2600204201,last
A5042080057,W2600292864,first
A5087288359,W2601563000,first
A5000875635,W2601956158,first
A5030978992,W2601969609,middle
A5078094147,W2602666308,last
A5028266379,W2602934438,first
A5011892251,W2602934438,last
A5085984179,W2603551656,first
A5056956875,W2603931616,first
A5087176374,W2603931616,last
A5031844778,W2604777673,last
A5076070516,W2605102771,middle
A5065953146,W2605102771,last
A5039326983,W2605287659,middle
A5024473847,W2605493873,last
A5060878039,W2605610863,first
A5033638845,W2605969918,first
A5085575730,W2605969918,middle
A5041330302,W2605969918,middle
A5013340294,W2605969918,middle
A5067503273,W2605969918,middle
A5058149407,W2605969918,middle
A5007388902,W2605969918,middle
A5058163340,W2605969918,last
A5007734731,W2606238135,last
A5023397334,W2606254535,middle
A5052254085,W2606254535,middle
A5087987376,W2606254535,middle
A5074013333,W2606254535,last
A5079168872,W2606395405,first
A5089550455,W2606395405,middle
A5070640241,W2606395405,last
A5045596624,W2607352827,middle
A5067581580,W2607352827,middle
A5002249055,W2607352827,last
A5006879957,W2607556719,first
A5070331391,W2607771972,first
A5052140189,W2608543533,first
A5052761248,W2610554674,first
A5067572640,W2610554674,last
A5004615613,W2610938578,middle
A5052984032,W2610938578,middle
A5058475882,W2610938578,last
A5075433813,W2611790083,first
A5022153455,W2611790083,last
A5020199643,W2611836635,first
A5090362130,W2611947345,last
A5045812618,W2612573262,first
A5087625561,W2612643404,first
A5075982970,W2612643404,middle
A5056362920,W2612643404,last
A5086246448,W2612994256,first
A5066447873,W2612994256,middle
A5031461768,W2612994256,last
A5023098161,W2613138855,first
A5030942957,W2613138855,middle
A5053742635,W2613138855,last
A5071748667,W2613457403,first
A5062520217,W2613466126,first
A5013083040,W2613534854,first
A5029045681,W2613735625,first
A5029408736,W2613735625,middle
A5047101216,W2613735625,last
A5062215329,W2614239944,middle
A5070361095,W2614883369,middle
A5025104937,W2615915673,first
A5033638845,W2616381654,first
A5007388902,W2616381654,middle
A5058163340,W2616381654,last
A5070701004,W2617075409,first
A5023199568,W2617375643,first
A5028889705,W2617833475,first
A5068585414,W2617833475,last
A5087098497,W2617960209,first
A5070359867,W2617960209,middle
A5062843590,W2617960209,last
A5072417342,W2618229974,first
A5085655358,W2618229974,middle
A5082422947,W2618314250,first
A5023741598,W2618457053,first
A5038365789,W2618916624,middle
A5063707517,W2618916624,middle
A5029335441,W2618916624,last
A5065547907,W2618925373,first
A5086939640,W2619106328,first
A5007791429,W2619296898,first
A5088636499,W2619430346,first
A5045056287,W2619430346,last
A5029274746,W2620092952,first
A5071260695,W2620092952,last
A5022823378,W2620371264,first
A5022400108,W2620720655,first
A5001912288,W2621063580,first
A5003295169,W2621181221,first
A5006026233,W2621181221,last
A5022285159,W2621246721,middle
A5037599002,W2621246721,last
A5090741987,W2621866623,last
A5016072950,W2622430883,first
A5071907083,W2622722863,first
A5075566300,W2623380179,first
A5013441717,W2624026437,first
A5058251389,W2624879538,first
A5038804417,W2624879538,last
A5058575399,W2625107476,first
A5085688805,W2625340921,first
A5040360984,W2625340921,last
A5078263874,W2625363730,first
A5071154218,W2625363730,middle
A5054500429,W2625363730,middle
A5076956259,W2625363730,last
A5053562350,W2625424016,last
A5078459668,W2625602548,first
A5080203534,W2626066515,first
A5015363446,W2626066515,last
A5081408571,W2626255146,first
A5055789823,W2626365072,first
A5068359435,W2626365072,last
A5005432053,W2631233920,first
A5063120708,W2631233920,middle
A5066912391,W2631233920,middle
A5002962364,W2631233920,middle
A5072824621,W264696063,first
A5066968386,W264696063,middle
A5046572286,W264696063,last
A5077843387,W2650880464,first
A5077640348,W2650880464,middle
A5042885686,W2650880464,middle
A5079390960,W2650880464,middle
A5070013751,W2650880464,middle
A5050027169,W2650880464,last
A5003358910,W2660333460,last
A5067361100,W2661477882,first
A5025844971,W2662567361,first
A5077921699,W2667666337,first
A5071311514,W2672680795,middle
A5019546816,W2672680795,middle
A5019186596,W2672680795,middle
A5036418930,W2672680795,middle
A5030458470,W2672680795,last
A5030419671,W2674478506,first
A5072342420,W2675785412,first
A5061645356,W2682984668,first
A5026744143,W2682984668,middle
A5054873553,W2682984668,last
A5048027462,W2684650369,first
A5090781607,W2684650369,middle
A5047566304,W2684650369,last
A5057524944,W2704023429,first
A5010244446,W2704023429,last
A5061111021,W2712810625,first
A5050865451,W2715374505,first
A5023980204,W2715374505,middle
A5026157285,W2715374505,middle
A5002385420,W2715374505,middle
A5070613815,W2715374505,last
A5013715271,W2727025530,first
A5090679255,W2727025530,middle
A5000362917,W2727025530,last
A5043726427,W2727711696,last
A5046875648,W2728218904,first
A5086734576,W2728583481,first
A5039350841,W2728583481,middle
A5019351299,W2728583481,middle
A5076650048,W2728583481,middle
A5031857386,W2728583481,last
A5061525638,W2728593342,first
A5085432173,W2729253875,first
A5010570894,W2729253875,middle
A5018992272,W2729253875,middle
A5027271119,W2729253875,middle
A5005837856,W2729253875,last
A5038804417,W2729969697,first
A5006652905,W2729969697,middle
A5074887428,W2729969697,middle
A5045845692,W2729969697,last
A5071725533,W2730321049,first
A5082782459,W2730321049,last
A5034901082,W2730778999,middle
A5036632796,W2730998477,last
A5076245388,W2732171210,first
A5004087086,W2733813779,first
A5060829141,W2733813779,last
A5057395839,W2734130172,first
A5035312836,W2734130172,middle
A5008393481,W2734296338,first
A5062230754,W2734296338,last
A5020660847,W2734499507,first
A5028703123,W2734558168,first
A5082710229,W2734587785,first
A5087707692,W2734587785,last
A5075411702,W2735055279,first
A5052998135,W2735055279,last
A5023061543,W2735060146,middle
A5058598105,W2735060146,middle
A5071012704,W2735060146,last
A5042858008,W2735182052,first
A5002410830,W2735182052,last
A5010414972,W2735532973,first
A5014146922,W2735532973,last
A5072168289,W2735729105,first
A5048847736,W2735729105,last
A5009700902,W2735760381,first
A5000677051,W2735791726,first
A5088197388,W2735998422,first
A5001264416,W2736001305,first
A5057523671,W2736001305,middle
A5055416007,W2736001305,last
A5003678655,W2736237098,first
A5024064495,W2736342242,first
A5046246683,W2736413907,first
A5076935774,W2736413907,middle
A5028397378,W2736413907,last
A5040335377,W2736433079,middle
A5088197388,W2736522042,first
A5020284420,W2736812800,first
A5050227787,W2736812800,last
A5066689336,W2736892646,first
A5003196881,W2736974707,first
A5041158325,W2736974707,middle
A5035877918,W2736974707,middle
A5008476013,W2736974707,middle
A5089739255,W2736974707,last
A5012534332,W2737017279,first
A5045058203,W2737017279,middle
A5032017539,W2737017279,last
A5031121696,W2737287928,first
A5061249763,W2737688769,first
A5053183805,W2737688769,middle
A5074942370,W2737688769,middle
A5047566346,W2737688769,middle
A5039624619,W2737688769,last
A5019922027,W2737706199,first
A5020231952,W2737706199,middle
A5030743088,W2737706199,middle
A5089263417,W2737706199,middle
A5074122666,W2737706199,last
A5004147750,W2737860411,first
A5085422836,W2737860411,last
A5074966723,W2737873159,first
A5077109255,W2737873159,middle
A5015712929,W2737873159,last
A5016214321,W2737973424,first
A5013635993,W2737973424,last
A5011417952,W2738132116,first
A5060559657,W2738163620,first
A5036521335,W2738163620,middle
A5009857677,W2738163620,middle
A5003906741,W2738163620,last
A5081787623,W2738189162,first
A5058262278,W2738210890,first
A5004479114,W2738210890,middle
A5086599189,W2738210890,middle
A5040438353,W2738210890,middle
A5043225296,W2738210890,middle
A5048119697,W2738210890,middle
A5010652150,W2738210890,middle
A5086033373,W2738210890,middle
A5066178389,W2738210890,last
A5010543594,W2738214238,last
A5005327997,W2738466861,first
A5040709818,W2738466861,last
A5022770415,W2738476714,first
A5020720579,W2738487315,middle
A5041247703,W2738487315,middle
A5077526337,W2738487315,last
A5044247462,W2738738343,middle
A5049783208,W2738767459,first
A5006305238,W2738937065,first
A5013661099,W2738937065,middle
A5058729606,W2738937065,middle
A5022538969,W2738937065,middle
A5057895161,W2738937065,middle
A5077267552,W2738937065,last
A5078263874,W2738957608,first
A5071154218,W2738957608,middle
A5054500429,W2738957608,middle
A5076956259,W2738957608,last
A5016953181,W2739079804,first
A5053726712,W2739079804,middle
A5090345193,W2739079804,last
A5027589311,W2739410598,first
A5086098017,W2739410598,middle
A5036819859,W2739410598,middle
A5047275453,W2739410598,middle
A5063269254,W2739410598,middle
A5017670865,W2739410598,last
A5002410830,W2739819553,first
A5028587584,W2739942377,first
A5037247181,W2739942377,middle
A5033012738,W2739942377,last
A5024590326,W2739961033,first
A5040326608,W2739961033,last
A5074400591,W2739966651,first
A5023626020,W2739993362,first
A5046242168,W2740051605,first
A5016029586,W2740146265,first
A5005837856,W2740146265,last
A5014135635,W2740661283,first
A5083148968,W2740661283,last
A5063549914,W2740736744,first
A5053641817,W2740736744,middle
A5014673262,W2740736744,middle
A5084893502,W2740736744,middle
A5039455073,W2740736744,middle
A5091854114,W2740736744,middle
A5012872579,W2740736744,last
A5020720579,W2740773136,middle
A5041247703,W2740773136,middle
A5077526337,W2740773136,last
A5080790557,W2740930418,first
A5028775006,W2740930418,middle
A5079375904,W2740930418,middle
A5014975238,W2740930418,last
A5047218430,W2741016556,first
A5055689400,W2741016556,last
A5025483103,W2741108893,first
A5028217491,W2741108893,last
A5024845011,W2741142025,first
A5048354076,W2741206952,first
A5003105685,W2741206952,last
A5038345449,W2741362981,first
A5077723508,W2741420767,first
A5049922472,W2741420767,middle
A5026962283,W2741420767,last
A5031941569,W2741634067,first
A5059692665,W2741634067,middle
A5048697784,W2741634067,middle
A5060081510,W2741797111,first
A5040041217,W2741797111,last
A5005513387,W2741956265,first
A5050689717,W2741956265,middle
A5023638199,W2741956265,middle
A5006966951,W2741956265,middle
A5027852213,W2741956265,middle
A5042746008,W2741956265,middle
A5091716507,W2741956265,last
A5055982084,W2741965040,first
A5088665937,W2741965040,middle
A5082473579,W2741965040,middle
A5048405710,W2741965040,middle
A5058004291,W2741965040,last
A5041317854,W2742057739,first
A5075774978,W2742057739,middle
A5031039520,W2742057739,last
A5016838632,W2742213443,first
A5036061149,W2742213443,middle
A5091874142,W2742213443,middle
A5063188437,W2742213443,middle
A5019089975,W2742213443,middle
A5025373793,W2742260703,middle
A5079803949,W2742271051,first
A5001398914,W2742440026,first
A5022207764,W2742440026,middle
A5085335078,W2742440026,last
A5077018197,W2742488040,first
A5036632796,W2742494690,middle
A5012957543,W2742700308,first
A5022374121,W2742792765,first
A5006652905,W2742792765,middle
A5074887428,W2742792765,middle
A5045845692,W2742792765,last
A5014781230,W2742840181,first
A5017505469,W2743058041,middle
A5036511259,W2743169766,middle
A5003674186,W2743169766,middle
A5055416007,W2743169766,last
A5049747850,W2743288776,first
A5041687698,W2743353727,first
A5014354298,W2743381268,first
A5031345951,W2743473604,last
A5005837856,W2743938108,first
A5015550681,W2743938108,middle
A5011976667,W2743938108,last
A5073899901,W2744277251,first
A5007758273,W2744297241,first
A5007474538,W2744297241,last
A5086045339,W2744298137,first
A5046553800,W2744298137,middle
A5086998280,W2744298137,last
A5077018197,W2744406143,first
A5048119697,W2744448822,first
A5071736649,W2744448822,last
A5064548492,W2744516322,middle
A5087393439,W2744516322,middle
A5047926866,W2744516322,last
A5029618080,W2744539010,first
A5075900406,W2744539010,middle
A5080242338,W2744539010,middle
A5023524727,W2744539010,middle
A5056892202,W2744539010,middle
A5072431554,W2744539010,last
A5044889391,W2744698818,first
A5080285200,W2744801147,first
A5088179944,W2744801147,middle
A5005050375,W2744949745,first
A5017906439,W2745327873,first
A5047034404,W2745327873,last
A5042746008,W2745459832,first
A5085814339,W2745459832,middle
A5050689717,W2745459832,middle
A5031570473,W2745459832,middle
A5006966951,W2745459832,middle
A5005513387,W2745459832,last
A5011543714,W2745651227,first
A5087542455,W2745651227,middle
A5088934266,W2745651227,middle
A5081953081,W2745651227,middle
A5001690160,W2745651227,last
A5047751625,W2745993263,middle
A5067103798,W2745993263,last
A5020720579,W2746336778,middle
A5041247703,W2746336778,middle
A5077526337,W2746336778,last
A5023679641,W2746582421,first
A5027944720,W2746582421,middle
A5068481393,W2746582421,last
A5066637010,W2747097743,first
A5059557230,W2747097743,last
A5015194249,W2747303765,first
A5012168199,W2747558180,first
A5089137896,W2747558180,middle
A5044456395,W2747558180,middle
A5011232415,W2747558180,middle
A5024742127,W2747558180,middle
A5029130731,W2747558180,last
A5005258575,W2747631156,first
A5072356717,W2747631156,middle
A5070517688,W2747631156,last
A5045667752,W2747834764,first
A5032918507,W2747834764,last
A5076075273,W2748155249,first
A5036743437,W2748155249,last
A5049338472,W2748185117,first
A5070728508,W2748560849,middle
A5004243165,W2748560849,middle
A5042833743,W2748624342,first
A5028699011,W2748624342,middle
A5027862575,W2748624342,middle
A5022950151,W2748624342,middle
A5024453737,W2748624342,last
A5025750693,W2748644834,first
A5079101342,W2748644834,middle
A5077821870,W2748644834,middle
A5076619195,W2748644834,middle
A5086827100,W2748644834,middle
A5030348494,W2748644834,last
A5053165780,W2748678291,middle
A5066675932,W2748678291,last
A5001331464,W2748733957,last
A5003648392,W2748783272,first
A5067103798,W2748783272,last
A5078382852,W2748818828,first
A5009316832,W2748818828,middle
A5034372518,W2748818828,middle
A5067391190,W2748818828,last
A5015854131,W2749337511,first
A5024893012,W2749337511,middle
A5015550681,W2749337511,middle
A5074143529,W2749337511,last
A5066237365,W2749373302,first
A5051336665,W2749373302,last
A5008499885,W2749387103,first
A5083182498,W2749676875,first
A5033695027,W2749676875,middle
A5033623398,W2749676875,middle
A5000739686,W2749676875,middle
A5073562330,W2749764424,first
A5004788089,W2749764424,last
A5020720579,W2750033403,middle
A5041247703,W2750033403,middle
A5077526337,W2750033403,last
A5039913970,W2750137191,first
A5076638711,W2750333024,first
A5003734501,W2750333024,middle
A5001530538,W2750333024,middle
A5078263874,W2750380766,first
A5071154218,W2750380766,middle
A5054500429,W2750380766,middle
A5076956259,W2750380766,last
A5052196347,W2750492542,first
A5033411601,W2750492542,middle
A5047208473,W2750492542,middle
A5033849275,W2750492542,last
A5068937133,W2750594928,first
A5020518108,W2750686225,first
A5061831201,W2750686225,last
A5024295845,W2750762992,first
A5025289613,W2750828854,first
A5081567508,W2750869715,first
A5079085412,W2750869715,middle
A5020354604,W2750869715,middle
A5018139113,W2750869715,last
A5073750332,W2750872935,first
A5073046271,W2750872935,middle
A5004372595,W2750872935,middle
A5005904043,W2750872935,middle
A5062641378,W2750872935,last
A5068844345,W2751159114,first
A5050334992,W2751236702,first
A5003648392,W2751465666,first
A5067103798,W2751465666,middle
A5042858008,W2751521894,first
A5002410830,W2751521894,last
A5004427893,W2751523717,last
A5065820058,W2751531060,first
A5068272216,W2751531060,last
A5048158239,W2751657416,first
A5091227928,W2751837839,first
A5055663875,W2751837839,middle
A5042988713,W2751837839,middle
A5021756821,W2751841407,first
A5021790922,W2751922257,first
A5086582938,W2752152215,first
A5070896564,W2752152215,middle
A5062016537,W2752152215,middle
A5003648392,W2752367130,first
A5073899901,W2752367130,middle
A5002410830,W2752367130,middle
A5042858008,W2752367130,middle
A5053683015,W2753199374,first
A5058532869,W2753609735,first
A5044451670,W2753727170,first
A5088498976,W2753825568,first
A5041142568,W2753825568,last
A5032073569,W2754288057,first
A5045077377,W2754288057,last
A5041470118,W2754483008,middle
A5068198051,W2754556831,first
A5048476513,W2754556831,last
A5079595189,W2754680030,first
A5058385597,W2754689478,first
A5079602663,W2755135071,last
A5069533055,W2755367816,first
A5010424125,W2755442578,last
A5076985479,W2756066863,first
A5002994164,W2756066863,middle
A5028745432,W2756066863,middle
A5020078159,W2756127088,first
A5019796960,W2756266335,first
A5043028193,W2756336135,last
A5040319854,W2756349004,first
A5010969445,W2756422762,first
A5075268212,W2756573423,first
A5061323954,W2756817494,first
A5020723861,W2757587110,first
A5058171850,W2757587110,middle
A5044297291,W2757587110,middle
A5063906196,W2757587110,last
A5010424125,W2758058313,first
A5072886785,W2759218403,middle
A5049146326,W2759218403,middle
A5006884218,W2759218403,middle
A5045519017,W2759390020,first
A5087916557,W2759390020,last
A5016294919,W2760136764,middle
A5036977404,W2760756720,first
A5067105644,W2760756720,middle
A5044829179,W2760756720,last
A5067911205,W2760759612,first
A5005138252,W2760857917,first
A5046246683,W2761026682,first
A5076935774,W2761026682,middle
A5028397378,W2761026682,last
A5068212633,W2761995311,first
A5028687568,W2762626112,first
A5046982610,W2762626112,last
A5054928295,W2762669050,last
A5056425006,W2762868606,first
A5023610771,W2762868606,middle
A5030716981,W2762868606,last
A5051909057,W2763026952,first
A5088197388,W2763026952,middle
A5044645509,W2763026952,middle
A5018315095,W2763436073,first
A5078800000,W2763504365,first
A5021756821,W2763585048,first
A5086971582,W2763585048,last
A5073899901,W2763656725,first
A5002410830,W2763656725,middle
A5042858008,W2763656725,middle
A5010782263,W2763656725,last
A5003123346,W2763824484,first
A5040865071,W2764129400,first
A5049253329,W2764129400,middle
A5070947796,W2764181989,first
A5005056742,W2765806790,first
A5086841461,W2766025353,first
A5011018704,W2766064612,first
A5024406925,W2766347350,first
A5027025072,W2766347350,middle
A5045955347,W2766347350,middle
A5015418952,W2766347350,middle
A5028794081,W2766436163,middle
A5002157345,W2766436163,last
A5046999727,W2766862038,first
A5022555108,W2766862038,last
A5000232181,W2766885004,first
A5088916808,W2766959015,first
A5030063242,W2766959628,first
A5076261469,W2766959628,last
A5086971582,W2767683536,first
A5021756821,W2767683536,last
A5021756821,W2768118434,first
A5080797345,W2768171816,first
A5059335642,W2768171816,middle
A5042782659,W2768210743,first
A5069627479,W2768345396,first
A5034037753,W2768750120,first
A5020292460,W2768898939,first
A5086193609,W2768898939,last
A5075154894,W2769306503,first
A5043731176,W2769419327,last
A5004877793,W2769490925,first
A5027661926,W2769595518,middle
A5008569581,W2769662984,last
A5030997804,W2770158990,first
A5060071535,W2770292190,first
A5003607737,W2770752498,first
A5064480616,W2771065000,first
A5085681079,W2771065000,middle
A5031744155,W2771065000,middle
A5076340457,W2771065000,middle
A5023483387,W2771065000,middle
A5051317543,W2771065000,last
A5052682036,W2771241780,first
A5000187382,W2771919157,middle
A5083432049,W2771919157,last
A5014073509,W2771955631,first
A5031993656,W2771955631,middle
A5088646552,W2771955631,last
A5051655180,W2772182555,middle
A5061908338,W2772182555,middle
A5082852481,W2772599970,last
A5050299188,W2772660694,first
A5071941798,W2772660694,last
A5086276404,W2772777088,first
A5048927560,W2773123555,first
A5020490212,W2773123555,last
A5079081811,W2773198424,middle
A5031329586,W2773516558,first
A5040524891,W2773971677,first
A5022137808,W2774111553,first
A5011105820,W2774111553,last
A5003810989,W2774216385,first
A5038189156,W2774791960,first
A5050333274,W2774791960,last
A5041660325,W2774921243,first
A5070028435,W2775008604,first
A5066710399,W2775027933,first
A5019693953,W2775046847,first
A5074976207,W2775046847,middle
A5022741687,W2775046847,middle
A5037722869,W2775046847,last
A5045378788,W2775102497,first
A5056517923,W2775102497,middle
A5073581836,W2775102497,middle
A5050965057,W2775102497,last
A5003055330,W2775570928,middle
A5051076432,W2775889438,first
A5062590491,W2775889438,last
A5056603282,W2776339359,first
A5042153525,W2776464743,first
A5025443239,W2776668314,first
A5044896136,W2776668314,middle
A5049408851,W2776668314,middle
A5029968950,W2776668314,last
A5029031206,W2777366774,first
A5050903344,W2777491774,first
A5080734444,W2777661691,first
A5040555464,W2777661691,middle
A5068368596,W2777661691,last
A5045410186,W2777906644,last
A5033625848,W2778011182,first
A5042597849,W2778011182,middle
A5003779761,W2778011182,middle
A5047517734,W2778011182,last
A5054151996,W2778107244,first
A5062571028,W2778107244,middle
A5044722223,W2778181145,first
A5064160495,W2778303070,first
A5020600639,W2778327138,first
A5000544333,W2778327138,last
A5051189617,W2778337341,middle
A5018387915,W2778337341,middle
A5043675709,W2778337341,last
A5015129790,W2778439991,first
A5058262278,W2778439991,middle
A5035818649,W2778439991,last
A5056246453,W2779009247,last
A5084359876,W2779639400,first
A5050013557,W2779797821,first
A5009052165,W2779797821,middle
A5060381913,W2779797821,last
A5013306341,W2779990470,first
A5030522898,W2779996156,first
A5034975789,W2779996156,middle
A5051107402,W2779996156,last
A5087081020,W2780087652,first
A5040858746,W2780353035,first
A5066444621,W2780725815,middle
A5014786376,W2780725815,last
A5073668681,W2781031725,first
A5063413613,W2781031725,middle
A5064395265,W2781031725,last
A5013024166,W2781220487,last
A5089247880,W2781323088,first
A5038330481,W2781637592,first
A5035247340,W2781637592,middle
A5055621886,W2781637592,last
A5004362277,W2781730436,first
A5050156128,W2781730436,middle
A5048707681,W2781772990,first
A5011073856,W2781792199,first
A5061962364,W2781832724,first
A5090554658,W2781883109,first
A5001227032,W2781895937,middle
A5053078606,W2781895937,middle
A5028476325,W2781895937,last
A5042080057,W2781912114,first
A5058070894,W2781982619,first
A5054395154,W2782032721,first
A5079458153,W2782156910,first
A5058368955,W2782215484,last
A5058856784,W2782245349,first
A5005595654,W2782315665,first
A5028242808,W2782315665,middle
A5005595654,W2782315665,middle
A5028242808,W2782315665,last
A5036548506,W2782334774,last
A5081114551,W2782640632,first
A5007349029,W2782700553,first
A5013064041,W2782735591,first
A5039553345,W2782811911,first
A5053662486,W2782811911,middle
A5007653049,W2782811911,last
A5035939663,W2782925321,first
A5012126103,W2782963187,first
A5053281470,W2782963187,last
A5038199433,W2783248514,first
A5088463931,W2783305119,first
A5052657371,W2783401333,first
A5064393824,W2783401333,middle
A5017119349,W2783419148,first
A5030708198,W2783697061,first
A5021967941,W2783729180,first
A5015301115,W2783732554,first
A5022078409,W2783732554,middle
A5049680381,W2783732554,middle
A5071643152,W2783732554,last
A5050580682,W2783748322,first
A5084035310,W2783748322,last
A5031265941,W2784326596,first
A5027630360,W2784415222,first
A5035861297,W2784432483,first
A5044649117,W2784432483,last
A5048354076,W2784536922,first
A5035329291,W2784644088,first
A5001920209,W2784743734,first
A5039105616,W2784766094,first
A5081672760,W2785113455,first
A5085655333,W2785147532,first
A5026818536,W2785206410,first
A5027422071,W2785392309,first
A5023752093,W2785392309,middle
A5004372595,W2785392309,middle
A5043872748,W2785392309,last
A5088969394,W2785561071,first
A5002417981,W2785561071,last
A5016634756,W2785730637,middle
A5023000351,W2785730637,middle
A5018740241,W2785730637,last
A5006909080,W2786224651,first
A5001264416,W2786224651,last
A5065639733,W2786383727,first
A5014374904,W2786383727,last
A5070300871,W2786932282,middle
A5000396841,W2786932282,middle
A5044313646,W2786932282,middle
A5077270048,W2786932282,middle
A5061658352,W2786932282,middle
A5003720793,W2786932282,middle
A5007106692,W2786932282,middle
A5068007861,W2786932282,middle
A5078252392,W2786932282,middle
A5063083907,W2786932282,middle
A5028253899,W2786932282,middle
A5021589201,W2786932282,middle
A5085913618,W2786932282,middle
A5036103592,W2787225411,first
A5055427344,W2787254275,first
A5065805570,W2787722169,last
A5080469744,W2787756943,first
A5077250147,W2787864449,first
A5006737410,W2788589100,last
A5043629634,W2788684540,first
A5052206721,W2788684540,middle
A5051274882,W2788684540,last
A5077054365,W2788810316,first
A5089771051,W2788810316,last
A5033511005,W2788950780,last
A5003795875,W2789008297,first
A5031738703,W2789008297,middle
A5033807563,W2789072402,first
A5025076963,W2789443292,first
A5021493111,W2789521373,first
A5091911425,W2790133402,first
A5088999066,W2791257395,first
A5084337132,W2791688959,first
A5023242761,W2792160558,first
A5080136737,W2792497593,first
A5080583726,W2792584448,first
A5070545710,W2792584480,first
A5035552373,W2792584480,last
A5047064217,W2792591649,first
A5027612585,W2792854075,first
A5069734411,W2792854075,middle
A5009620075,W2793010673,first
A5088347215,W2793187800,first
A5029744114,W2793487242,first
A5023200879,W2793487242,middle
A5058270961,W2793487242,last
A5038713395,W2793910596,first
A5013426857,W2794492943,first
A5066665696,W2796363786,first
A5058449471,W2796625924,first
A5055270130,W2797466058,first
A5015852735,W2797466058,last
A5024812899,W2798033592,last
A5036630912,W2798505239,first
A5008261969,W2798505239,middle
A5061183168,W2798611812,first
A5049352265,W2798620478,first
A5048495644,W2798859006,first
A5079253908,W2798859006,last
A5008426630,W2798875039,first
A5080662228,W2798875039,last
A5033944213,W2798984668,first
A5052030817,W2799002525,first
A5061127966,W2799017518,first
A5029271067,W2799888102,first
A5016803997,W2800591605,first
A5028282411,W2800591605,last
A5053696609,W2801182483,first
A5009675377,W2801367376,last
A5001670550,W2801535083,first
A5078864745,W2801535083,middle
A5061111021,W2802479137,last
A5015902272,W2803219652,first
A5016834785,W2803219652,middle
A5037767876,W2803219652,last
A5030239925,W2803357189,first
A5081840676,W2803428696,first
A5075544867,W2803535775,first
A5032912532,W2804077823,first
A5026305721,W2804077823,middle
A5023866759,W2804077823,last
A5034931496,W2804165143,first
A5052880071,W2804208152,first
A5016525565,W2804284624,first
A5015126789,W2804416064,first
A5056488237,W2804416064,middle
A5074887428,W2804416064,last
A5084199446,W2804680472,last
A5025869866,W2804747377,first
A5037073496,W2804771767,first
A5037000194,W2804896402,first
A5089269429,W2804998704,first
A5032387676,W2805450964,first
A5080714643,W2805964040,first
A5018967477,W2805964040,last
A5058306494,W2806017698,first
A5083531923,W2806195408,first
A5069872577,W2806195408,last
A5005553509,W2806371467,first
A5066727525,W2806598029,first
A5005294830,W2806598029,last
A5000689278,W2806650850,first
A5027988857,W2807095810,first
A5080026590,W2807614978,last
A5037584129,W2807649355,middle
A5040210597,W2807649355,last
A5055768033,W2807675886,first
A5054317000,W2807675886,last
A5060532504,W2807908191,first
A5004913043,W2808145879,first
A5019537566,W2808178908,first
A5073770818,W2808178908,middle
A5019358063,W2808178908,last
A5044103755,W2808632323,first
A5006583868,W2808632323,middle
A5042892816,W2808632323,last
A5056362774,W2808849620,middle
A5027763022,W2808849620,last
A5077843387,W2809057434,first
A5077640348,W2809057434,middle
A5042885686,W2809057434,middle
A5079390960,W2809057434,middle
A5070013751,W2809057434,middle
A5071917998,W2809057434,last
A5018761621,W2809194954,last
A5088674903,W2809235543,first
A5005068610,W2809545494,middle
A5036404059,W2809545494,last
A5080190305,W2809775873,first
A5045301590,W2809781725,first
A5039712939,W2810039393,last
A5062604288,W2810342367,first
A5030850475,W2810601908,first
A5003083693,W2810601908,last
A5073702501,W2810613769,first
A5059708338,W2810613769,middle
A5013765947,W2810613769,last
A5047125428,W2810914727,first
A5075294939,W2811015035,first
A5029591382,W2811043586,first
A5012864989,W2811054964,middle
A5067201316,W2811054964,last
A5020494096,W2811232723,first
A5073854109,W2811475964,last
A5038213485,W2814819560,first
A5055424167,W2819021037,first
A5071523960,W2853391885,first
A5029624987,W2861257852,first
A5035552373,W2861257852,middle
A5013418146,W2861257852,last
A5011629306,W2881100173,first
A5044754849,W2883633479,first
A5023059615,W2883633479,last
A5040301558,W2884124303,first
A5078910343,W2884124303,last
A5050112394,W2884306751,last
A5046328005,W2884732582,first
A5059593210,W2884939700,middle
A5049773976,W2885147800,first
A5006594512,W2885229245,first
A5070616565,W2885434686,first
A5052472773,W2885482383,last
A5000411106,W2885704247,first
A5076325889,W2885750841,first
A5089247880,W2885808562,first
A5045455849,W2885812666,first
A5003316065,W2886350776,first
A5004748449,W2886367360,first
A5085667308,W2886672164,first
A5085218770,W2886966192,first
A5035228537,W2887178924,first
A5028668479,W2887178924,last
A5037623898,W2887197017,first
A5008037939,W2887735562,last
A5046031431,W2888416665,first
A5015605315,W2888896496,first
A5044287004,W2888983444,first
A5089221401,W2889031342,first
A5078247656,W2889172091,first
A5019897542,W2889201744,first
A5008478538,W2889201744,middle
A5071471344,W2889201744,last
A5071167506,W2889270017,first
A5038976846,W2889342427,first
A5031342394,W2889342427,last
A5059007897,W2889428531,first
A5079570262,W2889474816,first
A5008379140,W2889501582,first
A5064998269,W2889507294,first
A5063887848,W2889937122,first
A5047358771,W2890230641,first
A5040820171,W2890230641,last
A5012729862,W2890583975,first
A5053572914,W2890583975,middle
A5058784141,W2890583975,last
A5029924931,W2890625759,first
A5069004958,W2890680307,first
A5068418625,W2890680307,middle
A5023713760,W2890680307,last
A5042364837,W2890807652,first
A5021622512,W2891610280,first
A5012729862,W2891684251,first
A5053572914,W2891684251,middle
A5058784141,W2891684251,last
A5053097402,W2891819094,last
A5058466208,W2891822202,middle
A5045573984,W2891822202,last
A5042049556,W2891955945,first
A5046239440,W2891955945,last
A5065328959,W2892123199,first
A5034898680,W2892402735,last
A5077256314,W2894168447,middle
A5008741127,W2894790127,first
A5000315446,W2895170979,last
A5051173013,W2896216840,first
A5071190333,W2896254025,first
A5040729868,W2896452050,first
A5037667633,W2896490862,last
A5009646340,W2897092469,first
A5041432927,W2899591783,first
A5077800537,W2899591783,middle
A5015444543,W2899816977,first
A5049890170,W2899816977,last
A5032112539,W2900122952,first
A5035017068,W2900588078,first
A5034476404,W2900588078,last
A5002142783,W2900919237,middle
A5083246331,W2901309707,first
A5020482984,W2903712201,first
A5062251295,W2903812518,first
A5063009143,W2903919439,first
A5048696525,W2903948331,first
A5031806228,W2904145511,first
A5052580098,W2904200491,first
A5051620202,W2904764333,first
A5029170589,W2905008587,middle
A5034108107,W2905008587,middle
A5012402339,W2905008587,middle
A5067040834,W2905008587,middle
A5037922012,W2905008587,middle
A5057065342,W2905008587,middle
A5015692548,W2905008587,middle
A5060845867,W2905375906,first
A5013042865,W2905394763,first
A5075354718,W2905767717,first
A5068364189,W2905929252,first
A5072564149,W2906711767,first
A5011890646,W2906711767,middle
A5030880199,W2906711767,last
A5054281325,W2907287137,first
A5063350194,W2907364774,first
A5049747850,W2908075603,first
A5088169955,W2908293091,first
A5065459674,W2908332810,first
A5068220420,W2908472493,first
A5015673839,W2909331786,first
A5048806553,W2909331786,middle
A5023993463,W2909331786,middle
A5068775552,W2909331786,last
A5054905407,W2910482234,first
A5075252209,W2910521778,first
A5070750659,W2910677072,first
A5063031245,W2910677072,middle
A5000570251,W2910677072,last
A5060349175,W2910835259,first
A5045704664,W2910835259,last
A5077770014,W2911234932,middle
A5003648392,W2911249395,first
A5067231523,W2911334361,first
A5020720579,W2911369736,middle
A5041247703,W2911369736,middle
A5077526337,W2911369736,last
A5063314272,W2911381594,first
A5011904454,W2911381594,middle
A5020723861,W2911381594,middle
A5019332856,W2911381594,middle
A5041207098,W2911381594,middle
A5072482402,W2911381594,last
A5041415709,W2911438736,first
A5070099167,W2911438736,last
A5049366718,W2911626937,last
A5036692996,W2911672500,middle
A5082067025,W2911675009,last
A5053440165,W2911703346,first
A5082295707,W2911703346,last
A5069533055,W2911714258,first
A5042695245,W2911815514,first
A5063216766,W2911995961,first
A5067564289,W2911997544,first
A5002976111,W2911997544,last
A5078263874,W2912166130,first
A5071154218,W2912166130,middle
A5054500429,W2912166130,middle
A5076956259,W2912166130,last
A5066865889,W2912174161,first
A5077398892,W2912203744,first
A5078041177,W2912203744,middle
A5035683424,W2912274528,first
A5059466123,W2912453991,first
A5023176472,W2912469104,first
A5026431802,W2912479362,first
A5035314874,W2912479362,middle
A5000078546,W2912479362,middle
A5073634264,W2912479362,last
A5029350115,W2912494242,first
A5069610790,W2912494242,middle
A5016877253,W2912494242,middle
A5010635837,W2912494242,middle
A5005837856,W2912494242,last
A5086998280,W2912504148,first
A5000427768,W2912504148,middle
A5025662396,W2912504148,last
A5029040393,W2912544954,first
A5067179709,W2912544954,middle
A5076006527,W2912544954,last
A5021756821,W2912649687,first
A5074956708,W2912835124,first
A5052583897,W2913222252,first
A5005863795,W2913222252,middle
A5017345211,W2913222252,last
A5073899901,W2913607075,first
A5002410830,W2913607075,middle
A5042858008,W2913607075,middle
A5053238451,W2913607075,last
A5048919001,W2913673087,first
A5061764240,W2913943590,first
A5048688960,W2913943590,middle
A5059864639,W2913985705,first
A5054528917,W2914031403,last
A5009977767,W2914267259,middle
A5004070162,W2914267259,middle
A5036423849,W2914267259,last
A5043675709,W2914329795,first
A5051189617,W2914329795,middle
A5018387915,W2914329795,last
A5060953615,W2914552757,first
A5006689836,W2914574274,first
A5003648392,W2914610551,first
A5073899901,W2914610551,middle
A5002410830,W2914610551,middle
A5042858008,W2914610551,middle
A5003648392,W2914687289,first
A5067103798,W2914687289,last
A5058251651,W2914845081,last
A5052211345,W2914962373,first
A5012668753,W2914962373,middle
A5065058581,W2915102685,first
A5019494994,W2915102685,middle
A5054256492,W2915102685,last
A5041165414,W2915145526,middle
A5048556948,W2915145526,middle
A5017899023,W2915145526,last
A5033638845,W2915222094,first
A5085575730,W2915222094,middle
A5058163340,W2915222094,last
A5065058581,W2915589876,first
A5019494994,W2915589876,middle
A5054256492,W2915589876,last
A5005528176,W2915629151,first
A5003112988,W2915629151,middle
A5034657358,W2915629151,middle
A5067057512,W2915629151,last
A5065058581,W2915657240,first
A5048153023,W2915798051,first
A5076075273,W2915895740,first
A5049715851,W2915895740,last
A5043833941,W2916154329,first
A5034785505,W2916473257,first
A5013870208,W2916473257,last
A5023095617,W2916509377,first
A5076075273,W2916642760,first
A5065058581,W2916719960,first
A5054026337,W2916719960,last
A5065058581,W2916773658,first
A5042321883,W2916795388,first
A5034790383,W2916804586,first
A5074648723,W2916804586,last
A5060358754,W2916866142,first
A5042944723,W2916866142,middle
A5033692670,W2916866142,middle
A5046867271,W2916866142,last
A5009270487,W2916946709,first
A5043675709,W2916969543,middle
A5065058581,W2917058812,first
A5056456196,W2917153042,first
A5073955919,W2917153042,middle
A5076942366,W2917153042,middle
A5068210416,W2917153042,last
A5065058581,W2917352887,first
A5019494994,W2917352887,middle
A5054256492,W2917352887,last
A5058502851,W2917379490,first
A5059456133,W2917379490,last
A5058475882,W2917399982,first
A5070896564,W2917399982,middle
A5040402369,W2917399982,middle
A5073956678,W2917399982,last
A5083644654,W2917606172,first
A5002499510,W2917606172,middle
A5020199695,W2917606172,last
A5065058581,W2917648062,first
A5038150463,W2917648062,last
A5014376522,W2917680684,first
A5050796366,W2917680684,last
A5065058581,W2917753598,first
A5086557860,W2918041068,first
A5033638845,W2918054777,first
A5013340294,W2918054777,middle
A5058163340,W2918054777,last
A5076075273,W2918115158,first
A5036743437,W2918115158,last
A5047492163,W2918707646,first
A5054806644,W2918707646,middle
A5045459089,W2918707646,last
A5090952223,W2921367158,first
A5057175886,W2921367158,middle
A5087809658,W2921367158,last
A5042604848,W2921872950,first
A5067750806,W2921872950,last
A5075915251,W2922055204,first
A5079405118,W2922447304,middle
A5089051573,W2922447304,last
A5080838294,W2922666999,first
A5048483191,W2922893012,first
A5010633704,W2924201146,first
A5006722484,W2924579194,first
A5051741620,W2925335557,first
A5086720473,W2928442891,first
A5064314784,W2929639420,first
A5024343501,W2931261388,first
A5016038952,W2931261388,last
A5069533055,W2931277769,first
A5070927044,W2932908550,last
A5018795506,W2934592355,first
A5078989577,W2934592355,last
A5005048827,W2939282925,first
A5060672826,W2939569037,middle
A5086241634,W2939569037,middle
A5067896136,W2939569037,middle
A5032421920,W2939569037,last
A5071503517,W2939707642,last
A5052094464,W2940239103,first
A5009293071,W2940606274,last
A5020150122,W2941023686,first
A5058915300,W2941023686,middle
A5008356497,W2943516585,first
A5080871934,W2943878632,first
A5045571115,W2943950409,first
A5048119697,W2944055063,first
A5030022807,W2944055063,middle
A5055048637,W2944055063,middle
A5044546919,W2944055063,middle
A5004297417,W2944055063,last
A5086808384,W2945319073,first
A5052121623,W2945357031,first
A5029046612,W2946873048,first
A5065946536,W2946916928,first
A5034878658,W2947641822,first
A5009115835,W2948179632,first
A5024992097,W2948325174,first
A5033950265,W2948513568,first
A5041940248,W2949407996,last
A5018922997,W2950369725,first
A5086148793,W2950465679,first
A5061436986,W2950465679,middle
A5070223882,W2950465679,last
A5013614086,W2951676188,first
A5054774293,W2952342932,first
A5020881468,W2953297493,first
A5073958876,W2953410350,first
A5026399925,W2953788493,first
A5077280165,W2953866070,first
A5069435428,W2954372970,first
A5046422005,W2954447848,first
A5051799640,W2954459148,first
A5051799640,W2954459148,last
A5058723981,W2954611288,first
A5063046436,W2955033417,first
A5026475453,W2956136823,first
A5005615576,W2957255854,first
A5076075273,W2958416543,first
A5061323954,W2958416543,last
A5022568235,W2960296397,first
A5086455533,W2960606994,first
A5080684526,W2960606994,middle
A5065309498,W2960606994,middle
A5012309774,W2960606994,middle
A5017108237,W2960606994,middle
A5017108237,W2960606994,last
A5047562817,W2961982827,first
A5043671574,W2962827781,first
A5074924072,W2962827781,last
A5019521068,W2962961240,first
A5014179791,W2962964301,first
A5053667005,W2962973382,first
A5080454458,W2962973382,last
A5083098890,W2963195330,first
A5006609913,W2963216109,last
A5067361100,W2963559583,first
A5030055345,W2963563844,first
A5049160688,W2963639852,first
A5091911425,W2964115780,first
A5080235510,W2964277463,first
A5091462389,W2965726629,first
A5062927649,W2966405528,first
A5030963406,W2966712117,first
A5053718647,W2966712117,middle
A5057983428,W2966712117,middle
A5038161598,W2966712117,middle
A5076458061,W2966712117,middle
A5049818110,W2966712117,middle
A5026154826,W2966712117,middle
A5031649291,W2966712117,middle
A5083739686,W2966712117,middle
A5039950974,W2966712117,middle
A5035670197,W2966712117,middle
A5025453491,W2966712117,middle
A5002177966,W2966712117,last
A5070694324,W2968104980,first
A5008713236,W2968316978,first
A5069174154,W2969432367,first
A5001108120,W2969475060,first
A5008569581,W2969815876,first
A5060806418,W2969815876,last
A5003048855,W2970125830,first
A5006232649,W2970300279,first
A5031265920,W2970378784,first
A5010523057,W2970445096,first
A5087200104,W2970487081,first
A5071725507,W2970489064,first
A5075312748,W2970548588,first
A5013334892,W2970627385,first
A5005274975,W2970628114,first
A5001758184,W2970919808,first
A5084239314,W2970955344,first
A5034648774,W2970968193,first
A5057198882,W2970975571,first
A5018366447,W2970999129,first
A5081485500,W2971016827,first
A5005004584,W2971056978,first
A5069162147,W2971186799,first
A5033464469,W2971187334,first
A5016294951,W2971369340,first
A5039463360,W2972599051,first
A5064473684,W2972599051,last
A5026897895,W2972752531,first
A5090522228,W2973875503,first
A5047304718,W2973875503,last
A5061248009,W2975271433,first
A5003933774,W2975476224,first
A5062421996,W2975490135,first
A5080318801,W2976246668,first
A5089386739,W2976538812,first
A5052233825,W2976538812,last
A5003701534,W2976775676,first
A5035269739,W2977162486,first
A5044747745,W2978045872,first
A5015706646,W2979232733,first
A5019960857,W2979232733,middle
A5028200774,W2979232733,middle
A5083232835,W2979232733,middle
A5057882584,W2979232733,last
A5041641236,W2980013852,first
A5028893543,W2980814208,first
A5085592276,W2981462007,first
A5044970946,W2981937884,first
A5003687495,W2982369124,first
A5015567595,W2982978585,first
A5018553855,W2982978585,last
A5068378107,W2983333089,first
A5025304972,W2983544643,first
A5020819363,W2985533924,first
A5020761735,W2987760672,first
A5068267772,W2988045480,first
A5000275563,W2988045480,last
A5071802751,W2989320069,first
A5072457084,W2989606555,first
A5062855448,W2989934880,first
A5026649469,W2990695096,first
A5078449765,W2992228354,last
A5091911425,W2994261362,first
A5012817210,W2994419590,first
A5044955700,W2995520759,first
A5084696669,W2995520759,middle
A5055646026,W2995520759,middle
A5067694104,W2995520759,middle
A5022770415,W2996523322,first
A5011824648,W2996951439,first
A5072658159,W2996951439,middle
A5057900958,W2996951439,last
A5000670364,W2997164141,first
A5061720645,W2997476473,first
A5022512811,W2998318217,first
A5003384367,W2998456615,first
A5018291985,W2998778291,first
A5080973951,W2998778291,middle
A5055830848,W2998778291,middle
A5012592333,W2998778291,last
A5059231864,W3000013847,first
A5018231294,W3000372380,first
A5014118555,W3000372380,middle
A5030347468,W3000372380,middle
A5053947754,W3000372380,middle
A5021211836,W3000372380,last
A5079795418,W3000584975,first
A5024908471,W3000587786,first
A5086991283,W3000691803,first
A5004919084,W3000691803,middle
A5037891344,W3000691803,middle
A5011685998,W3000691803,middle
A5070577318,W3000691803,middle
A5082690890,W3001401454,first
A5039896054,W3001401454,last
A5039141425,W3001626907,first
A5081326823,W3002143385,middle
A5055535728,W3003203450,first
A5013009407,W3003854963,first
A5020850821,W3003854963,middle
A5018872189,W3003854963,middle
A5037130457,W3003854963,middle
A5090506185,W3003854963,last
A5088794758,W3004804814,first
A5087909840,W3004804814,middle
A5011698013,W3005154061,first
A5064619581,W3005154061,last
A5043046202,W3005607263,first
A5035861570,W3005607263,middle
A5021436872,W3005607263,last
A5013109648,W3005663966,first
A5038523691,W3005905355,first
A5032084429,W3005905355,middle
A5005921347,W3005905355,last
A5017580201,W3006154056,first
A5019975054,W3006283613,first
A5063573474,W3006460019,first
A5010614159,W3006599009,first
A5047726339,W3007376088,first
A5080466912,W3008095336,first
A5040634481,W3008522057,first
A5090308505,W3008643958,first
A5065857998,W3009021971,last
A5029813778,W3012222846,first
A5003985005,W3013088770,last
A5081472990,W3013223693,first
A5072553757,W3013597559,first
A5025489164,W3013597559,middle
A5046479646,W3013597559,middle
A5012520597,W3013597559,middle
A5052731386,W3013597559,middle
A5060584252,W3013597559,middle
A5056937035,W3013597559,middle
A5028356834,W3013597559,middle
A5091198726,W3013597559,middle
A5078907945,W3014031428,middle
A5016781705,W3014031428,middle
A5042776675,W3014031428,middle
A5090336324,W3014031428,last
A5027669061,W3016144165,first
A5005985934,W3017320384,middle
A5031423617,W3017845313,first
A5040260581,W3018514876,first
A5031583498,W3022200422,first
A5050947827,W3022586044,first
A5072217445,W3023588565,first
A5018173372,W3024443138,first
A5037567495,W3024443138,middle
A5019321436,W3025645429,first
A5021762915,W3026519506,first
A5039406969,W3028179448,first
A5085256592,W3032048266,first
A5053809255,W3032048266,middle
A5072534711,W3035797901,first
A5014442898,W3036487682,first
A5089789777,W3037599810,first
A5090109256,W3037599810,middle
A5016083141,W3037599810,last
A5038088191,W3040151647,first
A5009057782,W3040151647,middle
A5048599491,W3040151647,last
A5068995111,W3042182293,first
A5032906445,W3043453739,first
A5031958692,W3043684194,first
A5060715136,W3044704110,first
A5006556461,W3045049325,first
A5055212602,W3045744667,first
A5024347284,W3045744667,last
A5032431285,W3046406615,first
A5045794742,W3046406615,last
A5085964296,W3047605776,first
A5038737932,W3048826059,first
A5072958491,W3081147944,first
A5040168235,W3081147944,last
A5005444046,W3082393130,first
A5086325344,W3085914923,last
A5050741685,W3088223220,first
A5080611883,W3088223220,middle
A5025311585,W3088223220,middle
A5059332073,W3088223220,last
A5013117248,W3089856078,first
A5076242092,W3093368317,first
A5063022290,W3095924061,first
A5018344574,W3097018340,first
A5050122444,W3097018340,middle
A5038084384,W3097018340,middle
A5001057487,W3097018340,last
A5013051797,W3106586692,first
A5010621788,W3106784868,first
A5086060106,W3106784868,middle
A5059829097,W3106784868,middle
A5019943145,W3106784868,middle
A5071891995,W3106784868,last
A5035297291,W3106787261,first
A5036653045,W3106967981,middle
A5017815278,W3107964656,last
A5026285008,W3108092081,first
A5026285008,W3108092081,last
A5007244078,W3108183219,first
A5036034783,W3108353230,first
A5004104749,W3108809496,first
A5073076531,W3108857532,first
A5045409390,W3108882895,first
A5030195695,W3108942533,first
A5020514278,W3109641325,first
A5019304812,W3109775297,first
A5012421649,W3110369018,first
A5067096765,W3112327289,first
A5016866438,W3114633077,middle
A5015555254,W3114633077,last
A5066345725,W3115263801,first
A5084665500,W3115263801,middle
A5069607429,W3115263801,middle
A5061574317,W3117222332,first
A5002470945,W3117229159,first
A5049773261,W3118844275,first
A5067980261,W3119544529,first
A5009483960,W3119764386,first
A5009989426,W3119881128,first
A5044423058,W3119881128,last
A5084880018,W3120734127,middle
A5081607158,W3121990147,last
A5032809289,W3122397864,first
A5077470489,W3122397864,last
A5006140273,W3123176798,first
A5029685754,W3123262389,first
A5022456933,W3123262389,middle
A5068143882,W3123262389,middle
A5023499084,W3123262389,last
A5068015318,W3125270447,first
A5045181048,W3125270447,last
A5043174840,W3125662335,last
A5002919229,W3126136530,first
A5066050535,W3126877148,first
A5082908944,W3127377460,first
A5011867771,W3127710341,first
A5068173624,W3127819671,middle
A5019944973,W3127819671,middle
A5069720513,W3128225278,first
A5049245643,W3128734605,first
A5002166815,W3128734605,last
A5029813778,W3129169851,first
A5013796989,W3129268022,first
A5043234583,W3133973889,last
A5018935451,W3134234619,first
A5018935451,W3134234619,last
A5060911407,W3134327381,first
A5081510302,W3134635382,first
A5025548433,W3135048455,first
A5045539382,W3135803578,middle
A5090419459,W3135803578,middle
A5079154791,W3135803578,middle
A5066305082,W3135803578,middle
A5033632230,W3135803578,middle
A5069171976,W3135803578,last
A5082576141,W3137023029,first
A5078204776,W3137023029,middle
A5030338599,W3137550016,middle
A5076025685,W3137550016,middle
A5045934263,W3137886675,first
A5059992863,W3137886675,middle
A5056507889,W3137886675,last
A5033729550,W3139554310,first
A5006438070,W3139979795,first
A5064524629,W3141040614,first
A5029739300,W3141480538,first
A5044964287,W3141480538,middle
A5000557159,W3143139736,first
A5046858390,W3143142364,first
A5009117491,W3143150201,first
A5008488141,W3143491912,first
A5070576592,W3145920652,first
A5000002274,W3147039316,first
A5018980910,W3147324356,first
A5037087126,W3147324356,last
A5089721742,W3147493664,last
A5030931245,W3149086549,first
A5079271436,W3149086549,middle
A5011552792,W3149086549,middle
A5046998490,W3149086549,middle
A5055208450,W3149086549,last
A5004015528,W3149357906,first
A5061378179,W3149541618,first
A5053475024,W3150495512,first
A5037396131,W3150495512,last
A5016530866,W3150923488,first
A5090459710,W3152445704,middle
A5031874605,W3152445704,middle
A5063722666,W3152445704,middle
A5052295259,W3152445704,middle
A5031063465,W3152445704,middle
A5054877089,W3152445704,middle
A5086014978,W3152445704,middle
A5074189547,W3152445704,last
A5065058581,W3152944944,first
A5019494994,W3152944944,middle
A5054256492,W3152944944,last
A5062550214,W3157281147,first
A5027255062,W3157613126,first
A5031615792,W3157889734,first
A5035211145,W3158023118,middle
A5082675093,W3158506618,first
A5083606386,W3158594634,first
A5084484883,W3158803970,first
A5041969626,W3159076746,first
A5075530467,W3159076746,last
A5025879827,W3159369455,first
A5084028704,W3159643842,first
A5052964903,W3161767119,first
A5064002639,W3162387017,first
A5027156159,W3162387017,last
A5064002639,W3162986965,first
A5027156159,W3162986965,last
A5064002639,W3164592240,first
A5027156159,W3164592240,last
A5064002639,W3164637107,first
A5027156159,W3164637107,last
A5082214951,W3164733237,first
A5062111910,W3164733237,last
A5064002639,W3165715038,first
A5027156159,W3165715038,last
A5049374993,W3168138823,middle
A5023860774,W3168138823,middle
A5017161396,W3169635611,first
A5016910600,W3170353110,last
A5052373265,W3171033609,first
A5051076432,W3171851220,first
A5062590491,W3171851220,last
A5042179342,W3173292974,last
A5038929608,W3173586185,first
A5006845983,W3173586185,middle
A5061790543,W3173586185,last
A5002798063,W3174063440,first
A5034513268,W3174063440,middle
A5058826671,W3174063440,middle
A5059916560,W3174063440,last
A5056843687,W3174128382,last
A5040882559,W3175324735,first
A5032124503,W3175324735,last
A5057624286,W3175721605,first
A5067490399,W3175721605,middle
A5043479638,W3175721605,middle
A5017065683,W3175721605,middle
A5057087532,W3175721605,middle
A5065211032,W3175721605,middle
A5039034456,W3175721605,middle
A5082773820,W3175721605,middle
A5067463753,W3177006662,first
A5053784165,W3180045993,first
A5089285362,W3180045993,last
A5022465917,W3182974530,first
A5052242583,W3182974530,middle
A5047380225,W3182974530,last
A5010637610,W3187032020,first
A5043256812,W3192881495,first
A5002560203,W3193566184,first
A5083444738,W3193566184,last
A5001684302,W3193748136,first
A5081778658,W3193939382,middle
A5002018081,W3195973937,first
A5027549551,W3199001463,middle
A5026556469,W3199737040,middle
A5047181220,W3199737040,middle
A5049092755,W3199737040,middle
A5015454562,W3199928402,first
A5005432531,W3201157337,first
A5003857315,W3201245772,first
A5010128796,W3201458706,first
A5058338795,W3201458706,last
A5042753243,W3202383951,first
A5086753691,W3202565174,first
A5043627726,W3202647448,first
A5064002639,W3204832756,first
A5027156159,W3204832756,last
A5049563716,W3204913744,first
A5001641200,W3204913744,middle
A5011940674,W3204913744,middle
A5049563716,W3204913744,middle
A5011940674,W3204913744,last
A5046388874,W3207303057,last
A5037169149,W3210482876,first
A5081944150,W3212024072,first
A5062092421,W3212104583,first
A5017181641,W3212117338,middle
A5007817746,W3212538130,first
A5049698030,W3212935324,first
A5048787100,W3212935324,last
A5039774878,W3213718151,first
A5046361737,W3214298896,last
A5064002639,W3215445051,first
A5027156159,W3215445051,last
A5024566408,W3217033458,first
A5060628396,W3217033458,last
A5087240440,W361703000,first
A5053540952,W36464570,first
A5024010594,W384495700,first
A5053717983,W39974658,first
A5014629760,W4206848114,middle
A5015126789,W4214963500,first
A5056488237,W4214963500,middle
A5088869045,W4214963500,last
A5011723389,W4229730703,first
A5081037382,W4229730703,last
A5010614159,W4229750731,first
A5039697125,W4229853031,first
A5011723389,W4230090117,first
A5081037382,W4230090117,last
A5071333014,W4230699510,first
A5090808434,W4230699510,middle
A5043422730,W4230699510,last
A5026444955,W4231044806,first
A5049740053,W4231432139,first
A5085270080,W4231432139,middle
A5008860445,W4231432139,middle
A5065208117,W4231533520,first
A5000432642,W4231703610,first
A5066901862,W4231788633,first
A5034481214,W4231801886,first
A5042277228,W4231838755,first
A5011723389,W4232112800,first
A5081037382,W4232112800,last
A5011723389,W4232121133,first
A5081037382,W4232121133,last
A5040603672,W4232489631,middle
A5031821887,W4232489631,middle
A5051122928,W4232497620,last
A5013614226,W4232879369,first
A5049740053,W4233008510,first
A5085270080,W4233008510,middle
A5008860445,W4233008510,middle
A5086246477,W4233380842,first
A5006469263,W4233405870,first
A5068026186,W4233715339,first
A5083606650,W4233816442,last
A5006103270,W4233956700,first
A5059022179,W4234545960,first
A5011723389,W4235452357,first
A5081037382,W4235452357,last
A5034954407,W4235622638,first
A5011723389,W4235714682,first
A5081037382,W4235714682,last
A5012111866,W4235777710,first
A5082483205,W4235933994,first
A5039789094,W4236045385,middle
A5048753411,W4236045385,last
A5049617931,W4236303338,first
A5067158625,W4236696875,first
A5091688930,W4236892249,first
A5036794631,W4236892249,last
A5010644845,W4237153992,first
A5041205943,W4237551633,first
A5090992629,W4237551633,last
A5009928395,W4237641917,first
A5067158625,W4238054615,first
A5045704664,W4238076933,last
A5072029937,W4238108561,first
A5067158625,W4238649409,first
A5084053269,W4238659102,first
A5067158625,W4239196810,first
A5063987862,W4239358405,first
A5014960555,W4239371729,first
A5067158625,W4239522345,first
A5005144336,W4239591343,last
A5045503929,W4239864190,first
A5087422215,W4239960734,first
A5020014541,W4240144598,first
A5051454447,W4240394835,first
A5049740053,W4240394835,last
A5088271064,W4240473777,middle
A5040549139,W4240473777,last
A5040029690,W4240950265,first
A5059177667,W4240950265,middle
A5087801764,W4240950265,last
A5021091316,W4241086366,last
A5064451967,W4241912226,middle
A5047856152,W4241942122,first
A5081077795,W4242341727,first
A5038004306,W4242341727,last
A5037723092,W4242381866,first
A5016808797,W4242685870,last
A5063807588,W4243256450,last
A5043423948,W4243889174,first
A5001387067,W4243889174,middle
A5077223134,W4243889174,last
A5034913568,W4244499812,last
A5067158625,W4244591466,first
A5015417862,W4244880031,last
A5067158625,W4245216791,first
A5045588436,W4245287678,last
A5074304965,W4245558985,first
A5033919571,W4245568450,middle
A5032084886,W4245568450,last
A5054506775,W4245580993,last
A5039393294,W4245603552,first
A5008473374,W4245733124,first
A5054067667,W4246385057,first
A5024376129,W4246399703,first
A5067858763,W4246399703,last
A5033523225,W4246476235,middle
A5063451671,W4246476235,last
A5071305892,W4246669901,first
A5008725612,W4246669901,last
A5000218015,W4247019325,first
A5008584543,W4247162424,first
A5061676091,W4247311480,first
A5060784490,W424733381,first
A5052432097,W424733381,middle
A5042266868,W424733381,last
A5081638301,W4247717731,first
A5087724733,W4248035167,first
A5044819198,W4248035167,last
A5051152326,W4248231036,first
A5004459360,W4248242021,first
A5067158625,W4248307873,first
A5016808797,W4248313114,last
A5014960555,W4248365054,first
A5035088369,W4248607703,first
A5041841012,W4248682265,first
A5085627593,W4248682265,middle
A5033056648,W4248682265,middle
A5067320590,W4248682265,last
A5067158625,W4248908181,first
A5045066745,W4249470178,first
A5011723389,W4249766354,first
A5081037382,W4249766354,last
A5067158625,W4250090365,first
A5026331519,W4250094884,first
A5046841232,W4250889213,first
A5011723389,W4251035264,first
A5081037382,W4251035264,last
A5012496171,W4252007551,first
A5065058581,W4252184914,first
A5038150463,W4252184914,last
A5053423290,W4252323572,first
A5052252218,W4252823799,first
A5071297116,W4252839859,first
A5011723389,W4252973053,first
A5081037382,W4252973053,last
A5072675130,W4253246991,middle
A5011723389,W4253397709,first
A5081037382,W4253397709,last
A5058176800,W4253431415,first
A5049740053,W4253620536,first
A5085270080,W4253620536,middle
A5008860445,W4253620536,middle
A5011723389,W4253661550,first
A5081037382,W4253661550,last
A5042776049,W4253787713,first
A5007154704,W4253915691,first
A5029514650,W4254084178,first
A5035099139,W4254085873,last
A5011723389,W4254294735,first
A5081037382,W4254294735,last
A5079605698,W4254607439,first
A5015301071,W4255382927,first
A5078659142,W4255382927,middle
A5090011368,W4255542905,first
A5091397108,W4255561079,first
A5017104819,W4255750792,first
A5050226067,W4256391042,first
A5021533459,W4292025685,first
A5032210804,W4293376667,last
A5075271121,W4297613839,first
A5019923976,W4297613839,last
A5057780987,W4297684185,first
A5087188454,W4297684185,middle
A5068994727,W4298078398,first
A5052246884,W4298119295,first
A5002780664,W4298119295,middle
A5011301071,W4298119295,middle
A5044315808,W4298119295,middle
A5070690723,W4298119295,last
A5046143134,W4298184542,first
A5076553434,W4298184542,middle
A5082418171,W4298184542,last
A5082471157,W4298289798,first
A5090552509,W4298291600,middle
A5067953601,W4298337562,first
A5077151661,W4298337562,middle
A5082870145,W4298337562,last
A5036646258,W4298390704,middle
A5021046343,W4298390704,last
A5045189499,W4298875091,middle
A5010988212,W4298880378,first
A5015920101,W4299142227,first
A5000157816,W4299142227,middle
A5007054746,W4299142227,last
A5086573660,W4299399497,first
A5069987208,W4299646289,first
A5015798012,W4299698212,first
A5027852213,W4299698212,middle
A5024074640,W4299698212,middle
A5042746008,W4299698212,middle
A5091716507,W4299698212,middle
A5034930946,W4299698212,last
A5015811252,W4299798029,first
A5074887428,W4299798029,middle
A5048991574,W4299798029,middle
A5057202218,W4299798029,last
A5035522197,W4299838882,first
A5014012890,W4299934524,first
A5083523340,W4299934524,middle
A5003584200,W4299934524,last
A5055830008,W4300027832,middle
A5003032765,W4300127621,first
A5075902303,W4300127621,middle
A5038913522,W4300127621,last
A5019209157,W4300266047,first
A5020054788,W4300266047,last
A5014629760,W4300429373,middle
A5012758634,W4300459697,first
A5003029875,W4300459697,middle
A5035711557,W4300527162,first
A5077608315,W4300527162,middle
A5024373102,W4300527162,middle
A5032829313,W4300527162,middle
A5091498791,W4300527162,middle
A5017955059,W4300527162,last
A5073005938,W4300539686,first
A5028386277,W4300539686,middle
A5053613060,W4300539686,last
A5015798012,W4300560526,first
A5027852213,W4300560526,middle
A5024074640,W4300560526,middle
A5042746008,W4300560526,middle
A5091716507,W4300560526,middle
A5034930946,W4300560526,last
A5032210804,W4300634927,last
A5052246884,W4300764110,first
A5002780664,W4300764110,middle
A5011301071,W4300764110,middle
A5044315808,W4300764110,middle
A5070690723,W4300764110,last
A5012042569,W4300950536,first
A5031629689,W4300950536,middle
A5062708415,W4300950536,middle
A5022964794,W4300950536,middle
A5071772528,W4300950536,middle
A5029082028,W4300950536,middle
A5016043106,W4300950536,last
A5074588447,W4301089556,first
A5051784384,W4301089556,middle
A5054933494,W4301089556,middle
A5077257372,W4301089556,middle
A5000531931,W4301089556,middle
A5056615388,W4301089556,last
A5064516970,W4301131206,first
A5030773387,W4301724112,first
A5024884892,W4301724112,middle
A5089283900,W4301724112,middle
A5073899356,W4301724112,middle
A5079948428,W4301724112,middle
A5085544204,W4301724112,last
A5027962058,W4301730816,first
A5064239794,W4301730816,last
A5081814474,W4301851225,last
A5018230304,W4302794755,first
A5010647243,W4302806712,first
A5015798012,W4307414076,first
A5023638199,W4307414076,middle
A5027852213,W4307414076,middle
A5024074640,W4307414076,middle
A5042746008,W4307414076,middle
A5091716507,W4307414076,middle
A5034930946,W4307414076,last
A5030503109,W4312811117,first
A5060643806,W4322760964,middle
A5000115874,W4322760964,middle
A5043194038,W4322760964,middle
A5069477858,W4322760964,middle
A5029773265,W4322760964,middle
A5011344307,W4322760964,middle
A5044482560,W4322760964,middle
A5090371845,W4322760964,middle
A5041303160,W4322760964,middle
A5040372564,W4322760964,middle
A5070679364,W4322760964,last
A5015765678,W4366326306,first
A5042221516,W4366326306,middle
A5012957487,W4366326306,last
A5067261475,W4366762592,first
A5072593344,W561391606,first
A5021351575,W562814658,first
A5048424627,W563386020,first
A5042777092,W564836337,first
A5075939329,W572564701,first
A5086887245,W576447625,first
A5065785847,W579924678,first
A5042780095,W594678557,first
A5027914771,W597335048,first
A5003475538,W614358294,middle
A5047530106,W614358294,last
A5012218891,W619457766,first
A5068548158,W626916376,first
A5029142358,W630110066,first
A5030409383,W630110066,last
A5088869533,W633022895,last
A5037624278,W642283939,last
A5061840596,W64267827,first
A5038859708,W649946879,last
A5038591752,W653663663,first
A5061863479,W71831090,first
A5066682425,W782521482,first
A5010560354,W782521482,middle
A5086317940,W782521482,last
