src,tgt,position
W2557283755,A5004271128,first
W2557283755,A5086198262,middle
W2557283755,A5031185465,last
W1595833668,A5011125611,first
W4297983578,A5087188826,first
W1963854724,A5022718274,first
W2513180554,A5024431603,first
W4238160257,A5083450863,first
W4238160257,A5062653961,middle
W4238160257,A5027826197,middle
W4238160257,A5009969698,last
W4235051201,A5073988999,first
W4235051201,A5045744709,last
W1418475881,A5022882863,first
W1418475881,A5041191852,last
W2587865575,A5038054573,first
W2290127356,A5034587660,first
W1608725739,A5076017424,first
W2507757002,A5083571879,middle
W2507757002,A5034709081,middle
W2507757002,A5036183004,middle
W2507757002,A5019644280,last
W3217380390,A5036175492,first
W4292081177,A5042747460,first
W4292081177,A5078871393,last
W2767544505,A5040900029,first
W2246690291,A5087767192,first
W2246690291,A5035523929,last
W52354453,A5037357727,first
W1596721197,A5051247445,first
W1596721197,A5045901848,middle
W1596721197,A5083295077,middle
W1596721197,A5032839569,last
W2398886555,A5062717648,last
W2482021336,A5046711023,first
W2482021336,A5083872718,last
W4245968061,A5000887703,last
W2479648088,A5038185516,first
W2479648088,A5084686808,middle
W2479648088,A5039482178,last
W1542351050,A5089032031,first
W1532221965,A5091682385,first
W2297125810,A5016429805,first
W2297125810,A5051936919,middle
W2297125810,A5029988698,middle
W2297125810,A5020788047,last
W2928787164,A5025328957,first
W2096589407,A5045021962,first
W2096589407,A5080143897,last
W1481310880,A5047984167,first
W2582771730,A5083450863,first
W2582771730,A5062653961,middle
W2582771730,A5027826197,middle
W2582771730,A5009969698,last
W2614305404,A5012617033,first
W2614305404,A5038431271,last
W2050234634,A5085692686,first
W2050234634,A5021982925,last
W1530215515,A5018410445,first
W85072216,A5007830129,first
W3141037374,A5084704601,first
W3141037374,A5034252351,last
W2486285194,A5022404172,first
W2486285194,A5089537375,middle
W2486285194,A5035612280,last
W4245446217,A5087662609,first
W4245160364,A5085627414,first
W4245160364,A5077568501,middle
W4245160364,A5091040294,last
W2521174474,A5062933986,first
W2499581503,A5023544538,first
W4239466562,A5068804090,first
W2503089308,A5055348046,first
W2738122318,A5036325516,last
W2509684361,A5057548987,first
W4239715530,A5083304312,first
W2496600137,A5034196986,first
W2496600137,A5051386391,last
W2586262377,A5035670578,first
W2586262377,A5028773395,middle
W2586262377,A5006042337,middle
W2586262377,A5002087412,last
W1870624945,A5049312755,first
W2606327720,A5084282503,first
W2783490104,A5056808390,first
W4234802105,A5064525703,middle
W4234802105,A5003388968,middle
W4234802105,A5061612178,last
W4230246323,A5052571923,first
W2492277691,A5030154315,first
W2492277691,A5018392096,middle
W4238650950,A5012019960,first
W2528398598,A5085421062,first
W2528398598,A5008352524,last
W2480512873,A5078843430,first
W3141505394,A5024626195,first
W2484963638,A5001711159,first
W4229942708,A5029344996,first
W4229942708,A5082538217,last
W4247794781,A5080743153,first
W2346206722,A5036109808,middle
W2346206722,A5083859927,last
W2524961085,A5047228466,first
W3121797243,A5018676117,first
W3121797243,A5042263650,middle
W3121797243,A5004111307,middle
W3121797243,A5049652955,middle
W3121797243,A5083182987,middle
W3121797243,A5046992958,last
W4296288933,A5001200543,first
W4296288933,A5050903632,middle
W4296288933,A5058049693,middle
W4296288933,A5003756290,middle
W4296288933,A5041089506,last
W2524681876,A5069386158,first
W2164616133,A5084564811,first
W2164616133,A5009242602,middle
W2164616133,A5014775429,middle
W2164616133,A5011176205,last
W4249576584,A5013817606,first
W607079072,A5024182120,first
W3027593411,A5079940769,first
W1534010569,A5073216478,first
W1534010569,A5082453202,middle
W1534010569,A5081289844,last
W2497320330,A5087779431,first
W2563461824,A5032231503,first
W2563461824,A5081839926,middle
W2563461824,A5060026407,last
W2567029499,A5055075050,first
W651742516,A5077984951,first
W4294928850,A5062662924,first
W4294928850,A5000808371,middle
W4294928850,A5082357282,last
W2564680445,A5000893315,first
W2564680445,A5033473979,last
W2476153691,A5076259865,first
W2520200494,A5071006649,first
W2520200494,A5007656938,middle
W2520200494,A5027171279,middle
W2520200494,A5087368991,last
W2753252826,A5034587660,first
W4211052054,A5016922139,first
W4251844476,A5064830080,first
W1507957806,A5060432668,first
W1507957806,A5045384249,last
W2581404537,A5006461575,middle
W1700954517,A5081053092,first
W2603931454,A5028089542,first
W1130053141,A5012509957,first
W4200523670,A5044475069,first
W2482689398,A5051386391,first
W2482689398,A5061639181,last
W4230718763,A5026639060,first
W4242542686,A5048424631,first
W4242542686,A5046883483,last
W2889448069,A5085618063,first
W4244913371,A5069123141,first
W2478001120,A5040392637,middle
W2478001120,A5047867327,last
W2506664684,A5028762677,first
W2506664684,A5031620559,last
W2564755587,A5003445562,first
W2564755587,A5042331786,middle
W2564755587,A5047270197,middle
W2564755587,A5074816094,middle
W2564755587,A5042646536,last
W3013004508,A5066528407,first
W2890164584,A5061655577,first
W2890164584,A5063028120,middle
W2890164584,A5057413048,last
W4248623817,A5076851823,first
W2487799849,A5001334643,first
W2487799849,A5000789461,last
W2506249013,A5015400817,first
W2512096608,A5045224142,first
W2507060692,A5007802397,first
W2507060692,A5091682385,last
W2613986011,A5029257585,first
W2613986011,A5082812716,last
W2344384429,A5053409734,first
W2344384429,A5059593338,last
W2493273699,A5073412670,first
W2479692466,A5046926620,first
W2479692466,A5026522462,middle
W2479692466,A5009442525,middle
W2479692466,A5023894377,last
W2553496799,A5000727773,first
W2558968108,A5045798128,first
W2562547616,A5057305454,first
W2562547616,A5049750015,last
W2807380903,A5039563504,first
W4250532101,A5070377774,first
W2302161179,A5080299532,first
W2903771383,A5034695719,first
W2903771383,A5016771199,last
W2497633600,A5025189765,first
W2497633600,A5015460788,middle
W2497633600,A5055086415,last
W2517241835,A5080743153,first
W610669766,A5004562237,first
W610669766,A5018813551,last
W4235838711,A5047800576,first
W4235838711,A5016017870,middle
W4235838711,A5034409767,last
W2530251111,A5028854139,first
W2541616316,A5029261812,first
W2541616316,A5032142322,last
W3140720497,A5041619246,first
W3140720497,A5040088510,middle
W3140720497,A5024633466,middle
W3140720497,A5074105036,last
W2397800115,A5067950037,first
W2397800115,A5012808924,last
W2487211121,A5023264395,first
W2494873165,A5065436966,first
W2494873165,A5051595621,middle
W2494873165,A5014102383,last
W2581221175,A5012747021,first
W2581221175,A5078747466,middle
W2581221175,A5030516767,last
W579307044,A5074828533,first
W579307044,A5086546389,last
W1601140463,A5008635373,first
W2463592278,A5028518494,first
W2463592278,A5077883199,last
W2482750647,A5043069455,first
W2482750647,A5034464441,last
W2485116416,A5062247805,first
W2485116416,A5001499305,last
W2555314376,A5081784013,first
W2555314376,A5076518905,last
W4232760094,A5090622115,first
W2397481274,A5038175231,first
W2488637157,A5068939158,first
W2508797660,A5045745451,first
W2508797660,A5048412574,last
W3083899820,A5036476903,first
W2486570794,A5087470453,first
W2486570794,A5013533662,middle
W2486570794,A5079203984,last
W2583491955,A5071550534,first
W2583491955,A5004079118,middle
W2583491955,A5001893388,middle
W2583491955,A5032686437,middle
W2583491955,A5074816094,last
W1533922623,A5037613074,first
W2479446485,A5081516308,first
W2479446485,A5046574356,last
W2544745290,A5077775500,first
W4250779668,A5032253412,first
W2154586542,A5089396624,first
W2463167097,A5005425134,middle
W3216327971,A5009128820,first
W4253234135,A5082805490,first
W2486979733,A5070777118,first
W2486979733,A5002320060,middle
W2486979733,A5089380024,middle
W2486979733,A5048595728,middle
W2486979733,A5044853328,last
W2516604595,A5046605498,first
W2516604595,A5054776685,middle
W2516604595,A5048650003,last
W4229812034,A5022886322,first
W2523602859,A5042568554,first
W2523602859,A5057526407,middle
W2523602859,A5019802248,last
W2524705957,A5028503081,first
W2808740462,A5062823200,first
W29277268,A5080766537,first
W2898761039,A5074934153,first
W2898761039,A5028044143,last
W4239490841,A5013399373,last
W4249885861,A5086206346,first
W4249885861,A5065418639,last
W4298710704,A5010647243,first
W2488672746,A5043020624,first
W2488672746,A5051386391,last
W2492307338,A5027628686,first
W2559588906,A5076608650,last
W2488056629,A5000975435,first
W2488056629,A5068271733,last
W2521352851,A5033589597,first
W3151832812,A5048495449,first
W3151832812,A5013373596,middle
W4256243641,A5081225515,first
W2741171560,A5038897190,first
W2741171560,A5068505467,middle
W2741171560,A5013512298,middle
W2741171560,A5001254143,last
W4239464459,A5023350571,first
W2223741282,A5052017740,first
W2223741282,A5028461018,last
W2483733041,A5053647594,first
W2483733041,A5010621788,last
W2502012342,A5024458121,first
W2502012342,A5071916159,last
W2502170095,A5089469997,first
W2502170095,A5072118587,middle
W2502170095,A5063641658,middle
W2502170095,A5018588864,middle
W2502170095,A5009166088,last
W2763162295,A5010035758,first
W2763162295,A5001309450,last
W2999586597,A5055102876,first
W2999586597,A5041142359,last
W4238682518,A5041231081,first
W2484994965,A5030021140,first
W2504481554,A5085899453,first
W2504481554,A5087497175,last
W4246682128,A5008432065,first
W4246682128,A5010035758,middle
W4246682128,A5056828139,last
W4298200086,A5055124162,first
W2481518362,A5065517665,first
W2481518362,A5022313579,last
W2530511028,A5055139589,first
W2530511028,A5041027508,middle
W2530511028,A5054450312,last
W2811513716,A5024678267,first
W2503052844,A5003943487,first
W2503052844,A5035816535,middle
W2503052844,A5024058808,middle
W2503052844,A5057981108,last
W2567685467,A5055065964,first
W2408525833,A5034406933,first
W2495591843,A5004774385,first
W2495591843,A5019524943,middle
W2495591843,A5003489427,middle
W2495591843,A5079723268,last
W2554692997,A5072882318,first
W2554692997,A5022811687,middle
W2554692997,A5082946919,middle
W2554692997,A5012765543,last
W2559583062,A5017042977,first
W2559583062,A5062963943,middle
W2559583062,A5083565969,last
W2588984225,A5063268770,middle
W2588984225,A5015510146,middle
W2588984225,A5014357250,last
W4252191540,A5005610054,first
W2493240959,A5019891741,first
W2493240959,A5037312962,last
W2505781211,A5064398378,first
W2505781211,A5015751405,last
W2516092834,A5012477590,last
W2519764047,A5049178059,first
W2519764047,A5008771402,middle
W2519764047,A5071034383,last
W2889523641,A5039630291,first
W4243930759,A5008391661,first
W4250349255,A5010742103,first
W4250349255,A5013449870,last
W2479019335,A5089624310,first
W2479019335,A5064065239,middle
W2479019335,A5090476359,middle
W2479019335,A5077821242,middle
W2479019335,A5087958975,last
W2500983594,A5023971789,first
W2500983594,A5056559767,last
W2582503872,A5004690613,first
W2582503872,A5027278524,last
W2735043428,A5021516635,first
W2735043428,A5004288893,last
W1861594588,A5088362538,first
W1861594588,A5063646267,last
W2481835337,A5020310993,last
W2502594817,A5032380690,first
W2502594817,A5032690914,middle
W2502594817,A5045262258,last
W2518701514,A5051233439,first
W2518701514,A5090584718,last
W2778467034,A5052500447,middle
W2778467034,A5043588483,middle
W2778467034,A5065695849,last
W4236667334,A5070781274,first
W649453782,A5080971897,middle
W649453782,A5009257418,last
W2478103054,A5073988999,first
W2478103054,A5045744709,last
W2606797870,A5086349901,first
W2606797870,A5006278133,middle
W2606797870,A5001254143,last
W2754472824,A5045934263,first
W2754472824,A5059992863,middle
W2754472824,A5056507889,middle
W2754472824,A5075885606,last
W4235166338,A5017327826,first
W2193754672,A5068493592,first
W2409929168,A5081925619,first
W2409929168,A5027180526,middle
W2409929168,A5018319213,middle
W2505928627,A5043638067,first
W601562569,A5056339289,first
W2263287873,A5070128961,first
W2409929168,A5081925619,first
W2409929168,A5027180526,middle
W2409929168,A5018319213,middle
W2414319411,A5049942833,first
W4243751566,A5082293980,first
W4243751566,A5013078154,middle
W4243751566,A5009940169,middle
W4243751566,A5064569017,middle
W4243751566,A5076148288,last
W2477917220,A5029344996,first
W2477917220,A5082538217,last
W4212954869,A5039918909,middle
W4212954869,A5044266844,last
W605681928,A5078361199,first
W2417303548,A5003943487,first
W2417303548,A5086867154,middle
W2417303548,A5035816535,last
W2492919141,A5037740806,first
W2522083379,A5029215323,first
W2522083379,A5042645593,middle
W2522083379,A5014122229,middle
W2522083379,A5042053820,middle
W2522083379,A5013198945,middle
W2522083379,A5027065196,middle
W2522083379,A5003275797,middle
W2522083379,A5078047670,middle
W2522083379,A5086060106,middle
W2522083379,A5034615334,middle
W2522083379,A5066583058,middle
W2522083379,A5046555167,middle
W2562751985,A5000032419,first
W2963932270,A5022089354,first
W2963932270,A5038046410,middle
W2963932270,A5007769527,last
W3147527636,A5030710751,first
W4233116595,A5055807602,first
W4237301547,A5045016749,first
W4237301547,A5002562252,middle
W4237301547,A5006779580,middle
W4237301547,A5091486233,middle
W4237301547,A5036473274,middle
W4237301547,A5015748504,middle
W4237301547,A5081322718,last
W748503119,A5013269574,first
W1900068251,A5055180200,first
W1900068251,A5065946276,last
W2485709337,A5032339591,first
W2491741440,A5082464861,first
W2491741440,A5077747165,last
W2508876500,A5015831139,middle
W2508876500,A5032059462,last
W2560210208,A5004080101,first
W2560210208,A5063851579,middle
W2560210208,A5059918485,last
W4253820899,A5079168872,first
W4253820899,A5089550455,middle
W4253820899,A5070640241,last
W4299305591,A5034936272,middle
W4299490599,A5058847992,last
W2069110536,A5032913022,first
W2481962222,A5025411656,first
W2481962222,A5074171666,middle
W2481962222,A5060546670,last
W2513137074,A5065492693,first
W2513137074,A5047675974,last
W2557659477,A5037959765,first
W4239687398,A5047486576,first
W633218749,A5008557898,last
W2173258303,A5015220542,first
W2487704334,A5079101342,first
W2487704334,A5081378199,middle
W2487704334,A5038148356,middle
W2487704334,A5069384506,last
W2493475353,A5084282503,first
W2742272031,A5038304150,first
W2753564313,A5066373250,first
W3001023865,A5053364898,first
W4238431803,A5024169595,middle
W1496327573,A5058275190,first
W2338932901,A5066265052,first
W2338932901,A5020310155,last
W2403014006,A5070028115,first
W2485532190,A5021934149,first
W2485532190,A5047541029,middle
W2485532190,A5089808891,middle
W2485532190,A5051832041,last
W2507017947,A5039725515,middle
W2507017947,A5041363986,last
W2544176856,A5056420801,first
W2809623430,A5063141027,first
W3151783978,A5062433915,last
W4232985019,A5061163693,first
W4240693819,A5016380950,middle
W4240693819,A5089332324,last
W2001120275,A5020686179,first
W2001120275,A5045115593,middle
W2001120275,A5080404328,middle
W2001120275,A5018851970,middle
W2001120275,A5083464568,middle
W2001120275,A5080713659,last
W2346268935,A5047617451,first
W2346268935,A5018752136,last
W2483121247,A5038968228,first
W2483121247,A5045101158,last
W2494103247,A5089259664,first
W2527352898,A5066523152,first
W2527352898,A5024428448,last
W2548899648,A5033990442,first
W4246121750,A5056384285,first
W602439153,A5000665137,first
W1797657161,A5046374875,first
W2289563003,A5031128531,first
W2421210708,A5056462004,first
W2539135795,A5000474356,first
W2758539423,A5034698887,middle
W2758539423,A5022294742,middle
W2758539423,A5082300315,middle
W2758539423,A5065630217,middle
W2758539423,A5045086893,last
W1141307196,A5048566788,middle
W1141307196,A5013181392,middle
W1141307196,A5040387458,last
W2337763530,A5016075210,first
W2476903358,A5029826472,first
W2484135855,A5022751914,first
W2498316580,A5075684990,first
W2498316580,A5069302795,last
W2563212400,A5048853113,first
W2593738417,A5027303084,first
W2603530220,A5045809047,first
W2603530220,A5089537375,middle
W2603530220,A5035612280,last
W2733737430,A5022570169,first
W2733737430,A5056664059,last
W2889311849,A5018376555,first
W4238063271,A5056293251,first
W4238063271,A5042705320,middle
W4238063271,A5000296607,middle
W4238063271,A5044573423,middle
W4238063271,A5065458044,middle
W4238063271,A5012267742,middle
W4238063271,A5003062781,middle
W4238063271,A5040056625,last
W4251182370,A5052682036,first
W2269477907,A5004206574,first
W2269477907,A5083511107,last
W2398807171,A5015220542,first
W2476466617,A5016178673,middle
W2511477705,A5068268204,first
W2563625363,A5066797327,first
W2563625363,A5039553919,middle
W2563625363,A5063086622,last
W2600087587,A5021451115,first
W2623894540,A5014716105,first
W2623894540,A5037492592,last
W2760070425,A5083406305,first
W2801371430,A5063606425,first
W2801371430,A5062878408,last
W390495904,A5087769508,first
W390495904,A5026272914,last
W612199005,A5000608521,first
W627086943,A5091198258,first
W2016452213,A5080202311,first
W2481046951,A5089661355,first
W2494650253,A5074813166,first
W2495335865,A5019145002,first
W2495335865,A5081661873,middle
W2495335865,A5042982258,last
W2497244699,A5007680672,first
W2501397819,A5035866142,first
W2516041862,A5028996052,first
W2516041862,A5032236864,last
W2949708864,A5070850864,middle
W2949708864,A5046196464,last
W602304235,A5016125211,last
W1574367877,A5087851812,first
W1574367877,A5079784392,last
W1605797830,A5063155550,first
W2412947200,A5054882691,first
W2467710037,A5063407210,first
W2478605617,A5068804090,first
W2482957402,A5086221093,first
W2482957402,A5087779431,middle
W2482957402,A5064459980,last
W2736452432,A5018863930,first
W2736452432,A5027769646,middle
W2736452432,A5031279847,last
W2902141984,A5034657358,first
W4210953024,A5012374633,first
W652129109,A5029498362,first
W653843803,A5035967128,last
W1579691644,A5075728013,first
W2505204805,A5050627433,first
W2790348972,A5018683729,first
W2790348972,A5058918990,middle
W2790348972,A5070441489,middle
W2790348972,A5007213845,middle
W2790348972,A5086610530,last
W374166679,A5006190733,first
W4235093995,A5017138940,first
W4236849730,A5037978750,first
W596327567,A5010782638,first
W653411886,A5023142117,first
W2330672085,A5090776261,first
W2330672085,A5077559088,middle
W2330672085,A5073860353,middle
W2330672085,A5065951085,middle
W2330672085,A5057293895,last
W2400743660,A5068068168,first
W2400743660,A5074837121,last
W2418627116,A5033306222,first
W2418627116,A5050922013,middle
W2418627116,A5055716884,last
W2485652128,A5063261588,first
W2485652128,A5074144018,last
W2490211961,A5036812254,first
W2490211961,A5075230989,middle
W2490211961,A5066677397,middle
W2490211961,A5040099871,middle
W2490211961,A5084702945,middle
W2490211961,A5029403661,middle
W2490211961,A5023082537,middle
W2490211961,A5015764128,middle
W2490211961,A5039414480,middle
W2490211961,A5007123356,middle
W2490211961,A5022301074,middle
W2490211961,A5015037215,middle
W2490211961,A5046935235,middle
W2490211961,A5047694866,middle
W2490211961,A5016342119,middle
W2517308042,A5065224797,first
W2520427428,A5018073225,first
W2520427428,A5062197219,last
W2533508394,A5004515666,first
W2562729256,A5091292625,first
W2562729256,A5007454642,last
W2581158380,A5008126626,last
W2601759439,A5011621017,first
W2601759439,A5062438024,last
W2761832414,A5027417733,last
W2967527840,A5047913100,first
W4213023253,A5055783879,last
W4253865276,A5077844908,first
W626763734,A5073951139,last
W1496171478,A5015931553,first
W1496171478,A5034811937,last
W1826363161,A5047065550,first
W1826363161,A5005889392,middle
W1826363161,A5081488662,last
W2400455482,A5038612499,first
W2400455482,A5072768866,middle
W2400455482,A5089404640,last
W2487781199,A5054614892,first
W2489409952,A5062535545,first
W2504394807,A5084301618,first
W2548411414,A5009773116,first
W2548411414,A5045465251,middle
W2548411414,A5057990608,last
W2590940412,A5000111053,first
W2590940412,A5018440291,middle
W2745920957,A5086843554,first
W2745920957,A5086697455,middle
W2745920957,A5037007710,middle
W2749160678,A5052442286,first
W2749160678,A5024101961,last
W2950596612,A5019441516,first
W3139708147,A5004579631,first
W3139708147,A5009439686,middle
W3139708147,A5053064477,middle
W3139708147,A5079207506,last
W3149971600,A5029702945,first
W4213179103,A5038997077,first
W4213179103,A5074617957,last
W4234752970,A5025105687,first
W4234752970,A5034350533,last
W4242780511,A5005707351,first
W4249735552,A5058797212,last
W4254626166,A5065470584,first
W773561173,A5024102780,first
W1727484914,A5073328472,first
W1823586738,A5003864635,last
W1929352279,A5015615642,first
W1929352279,A5076204770,last
W2410402467,A5032671962,first
W2410402467,A5036243270,last
W2471147122,A5018228258,first
W2471147122,A5012757357,last
W2483254636,A5041843119,first
W2493634781,A5020518108,first
W2493634781,A5061831201,last
W2501179832,A5059698647,first
W2501179832,A5029754134,middle
W2501179832,A5059514204,middle
W2501179832,A5072789298,last
W2506092911,A5018184772,first
W2506092911,A5054505916,last
W2510960785,A5070560728,first
W2525509291,A5012025870,middle
W2525509291,A5063345953,last
W2618869269,A5031912015,first
W3012889273,A5005663679,first
W3012889273,A5028742632,middle
W3012889273,A5067731925,last
W4256596963,A5066130528,first
W4256596963,A5007517435,middle
W4256596963,A5039630596,last
W4292926131,A5057260089,first
W4292926131,A5073869382,last
W638799580,A5015067771,first
W638799580,A5080470963,middle
W638799580,A5021937615,last
W2254223938,A5071376063,first
W2254223938,A5026658144,middle
W2254223938,A5040052770,last
W2284317867,A5018246603,first
W2341059554,A5083406305,first
W2405688596,A5080349849,first
W2405688596,A5009584128,last
W2460827392,A5079127414,first
W2460827392,A5046137138,last
W2474562813,A5044438667,first
W2474562813,A5025655965,last
W2476697654,A5074613565,first
W2476697654,A5041277719,middle
W2476697654,A5058166217,last
W2494653232,A5081017623,first
W2494653232,A5083743189,last
W2504790038,A5010381386,first
W2519666331,A5003871253,first
W2529748282,A5003531226,first
W2529748282,A5074696032,last
W2530166077,A5046926620,first
W2530166077,A5029695446,middle
W2530166077,A5009442525,middle
W2530166077,A5023894377,last
W2560105278,A5026062446,first
W2560105278,A5000513247,middle
W2560105278,A5046365943,last
W2565472360,A5082650907,first
W2581126224,A5025894735,first
W2581126224,A5055018292,last
W2767225899,A5002455378,first
W2767225899,A5084282661,middle
W2767225899,A5017921227,middle
W2767225899,A5053148274,middle
W2767225899,A5071375822,last
W2913029523,A5076742901,last
W3003744174,A5054692962,first
W3021978794,A5074934153,first
W3203619381,A5082543725,first
W3203619381,A5048471202,last
W4243716139,A5004489501,first
W4243716139,A5085519104,last
W620970241,A5000128668,first
W620970241,A5071959897,last
W63975438,A5067907907,first
W2139701434,A5016552784,first
W2287755163,A5018458084,first
W2287755163,A5053315898,last
W2487279232,A5083207864,first
W2492896809,A5021102755,first
W2492896809,A5043659905,middle
W2492896809,A5024633061,middle
W2492896809,A5079123162,last
W2512144302,A5037617317,first
W2521143763,A5090773374,first
W2521143763,A5023246618,last
W2521431955,A5053523021,first
W2521431955,A5070275369,middle
W2521431955,A5052102014,middle
W2521431955,A5047225984,middle
W2521431955,A5085117832,last
W2550329730,A5005975381,first
W2582234634,A5010742103,first
W2582234634,A5013449870,last
W2774935576,A5030410007,first
W2774935576,A5043977449,middle
W2774935576,A5091218170,last
W2806170099,A5018732292,first
W2806170099,A5052295467,last
W2897417586,A5044338760,first
W2911349685,A5063145937,first
W2911349685,A5067900673,middle
W2911349685,A5013181752,middle
W2911349685,A5064304212,last
W2925348834,A5001833084,first
W2925348834,A5079466450,last
W3044063999,A5042774643,first
W4211076316,A5023988425,first
W4213123449,A5005183383,first
W4213123449,A5021215761,middle
W4213123449,A5063896405,middle
W4213123449,A5090603070,middle
W4213123449,A5076006629,last
W2209243085,A5063009143,first
W2477230684,A5057002364,last
W2484821238,A5082935691,first
W2484821238,A5022270828,middle
W2484821238,A5019005442,last
W2488059334,A5082073329,first
W2489917780,A5058669446,first
W2512804022,A5070501819,first
W2519145283,A5056712280,first
W2556425687,A5049066010,last
W2559404688,A5081632776,middle
W2891776035,A5065988061,first
W2906125835,A5031962914,first
W3034635974,A5051235308,first
W3034635974,A5004453915,middle
W3034635974,A5006381834,middle
W3034635974,A5083550803,last
W4245279042,A5044141636,last
W588011564,A5001530177,first
W608721127,A5076457950,first
W608721127,A5048304690,last
W646627721,A5031358583,last
W1171471126,A5087480048,first
W1171471126,A5080576150,middle
W1171471126,A5061507436,middle
W1171471126,A5083809384,last
W1553535444,A5047330540,first
W2110716181,A5028580510,first
W2110716181,A5041875424,middle
W2110716181,A5091879155,last
W2406592938,A5077039199,first
W2406592938,A5031707583,middle
W2406592938,A5050498350,last
W2406796241,A5061023296,first
W2406796241,A5034253968,last
W2462039347,A5087628767,first
W2462039347,A5038125761,last
W2476944405,A5079870557,first
W2478719229,A5005288903,last
W2481024011,A5057469037,first
W2486221806,A5005228053,first
W2486221806,A5043464306,last
W2506014243,A5033550701,first
W2506014243,A5083062006,middle
W2521161672,A5047299070,last
W2521636407,A5004362992,first
W2528861271,A5025309602,last
W2562843573,A5036408715,first
W2562843573,A5050379895,middle
W2562843573,A5078356081,last
W2564131988,A5015585417,first
W2564131988,A5089101522,last
W2588775142,A5080042552,first
W2609368436,A5085627414,first
W2609368436,A5077568501,middle
W2609368436,A5091040294,last
W2978496900,A5085421062,first
W2978496900,A5008352524,last
W594667275,A5086956476,first
W77969177,A5047948764,first
W1530766332,A5048651546,first
W2150124758,A5026465320,first
W2318903536,A5026873916,first
W2318903536,A5001719039,middle
W2318903536,A5085366537,last
W2477378068,A5027376400,first
W2477378068,A5017877687,middle
W2477378068,A5013326273,last
W2479819951,A5012899746,first
W2484185931,A5017566136,first
W2484185931,A5000975435,last
W2488293673,A5042804760,first
W2488293673,A5086050517,last
W2492145973,A5018926238,first
W2492145973,A5062453217,middle
W2492145973,A5027141251,last
W2492582198,A5047033713,first
W2493676514,A5023089209,first
W2495310730,A5066026428,first
W2495310730,A5061021795,last
W2498820326,A5003252250,first
W2498820326,A5089482942,middle
W2498820326,A5035625381,last
W2500968061,A5078316510,first
W2506467459,A5018303984,first
W2506467459,A5018313288,middle
W2506467459,A5004057129,last
W2520437998,A5057105042,first
W2529175250,A5015715867,first
W2529175250,A5050970535,middle
W2529175250,A5079112003,middle
W2529175250,A5064434141,middle
W2529175250,A5018655950,last
W2529616984,A5088177576,first
W2530300379,A5013883233,middle
W2530300379,A5040344438,middle
W2530300379,A5014160643,last
W2557455923,A5039162431,first
W2564608520,A5058715747,first
W2564608520,A5037879963,middle
W2571640901,A5001532037,first
W2624761220,A5025743742,first
W2624761220,A5062848323,middle
W2624761220,A5076844884,last
W2745240132,A5044244385,first
W2745240132,A5057625030,middle
W2745240132,A5069985968,middle
W2745240132,A5034657358,last
W322560011,A5079227983,first
W4232430330,A5079362815,first
W4232430330,A5091259315,last
W4240088475,A5007446175,first
W4240088475,A5030647388,last
W4247403446,A5000620878,first
W1557800269,A5028672193,first
W2282130138,A5024972825,first
W2492719486,A5051540293,middle
W2492719486,A5046140730,last
W2504005437,A5079596403,first
W2523884817,A5082106258,first
W2523884817,A5016547705,middle
W2523884817,A5025877936,middle
W2523884817,A5024107070,middle
W2523884817,A5021319515,last
W2531785041,A5009505719,first
W2531785041,A5061140818,last
W2572881128,A5050256142,first
W2584091806,A5081935227,first
W2761048258,A5073407410,middle
W2761048258,A5016087340,last
W2761768825,A5040419891,first
W2761768825,A5018297979,last
W2909372389,A5091682436,middle
W2909372389,A5038935988,last
W2913276748,A5071035935,first
W314658084,A5053224623,first
W314658084,A5065024170,last
W4252885043,A5066968386,first
W4254954897,A5066769024,first
W4302072479,A5074102447,first
W746523278,A5020587578,first
W2028109838,A5080754201,first
W2216234119,A5046618429,first
W2285248184,A5071676326,first
W2339597824,A5052834075,first
W2346280181,A5014788276,first
W2478533642,A5089399908,last
W2482177459,A5073150284,first
W2490189204,A5028152609,first
W2490189204,A5011988788,last
W2495218933,A5042920997,first
W2510805296,A5006992390,first
W2510805296,A5050619335,last
W2516057170,A5042335595,first
W2517502945,A5074102447,first
W2529743957,A5034620242,first
W2530560018,A5032070009,first
W2530560018,A5054109049,last
W2534912827,A5047073710,first
W2538595849,A5041368759,first
W2541456457,A5067623438,first
W2541456457,A5054784606,middle
W2541456457,A5008127339,last
W2552614553,A5030122864,first
W2562586945,A5046172843,first
W2562586945,A5051130640,last
W2562799879,A5054919647,first
W2562799879,A5091292969,middle
W2562799879,A5066844387,middle
W2562799879,A5010806830,last
W2569189827,A5061686382,first
W2569189827,A5058232226,middle
W2620267458,A5089301619,first
W2736818542,A5020716393,first
W2912726002,A5022329888,last
W3090218085,A5065539172,first
W4233333773,A5070527085,first
W4233333773,A5070327607,last
W4239597620,A5008409828,first
W4240411688,A5000376925,first
W4240411688,A5088422639,last
W4242408437,A5036405267,first
W4249723594,A5015886313,first
W4255265282,A5012930597,first
W4255953438,A5013447033,first
W4255953438,A5006595915,last
W4256291298,A5010329554,first
W4256291298,A5057607650,middle
W4256291298,A5079182058,middle
W4256291298,A5046160172,middle
W4256291298,A5064927253,last
W4299400934,A5026062446,first
W4299400934,A5000513247,middle
W4299400934,A5046365943,last
W1561069538,A5011315708,first
W1589727983,A5064584422,first
W2468358628,A5075765401,first
W2468358628,A5052662458,last
W2477553415,A5067046621,first
W2477553415,A5002458434,middle
W2477553415,A5004832857,middle
W2477553415,A5061698384,last
W2477935842,A5003762688,first
W2484293036,A5083972381,first
W2493441292,A5090622115,first
W2495825432,A5028313094,first
W2495825432,A5089297277,last
W2496096732,A5069527664,first
W2496096732,A5046532358,last
W2499838451,A5036401270,first
W2503557239,A5071907083,first
W2508174157,A5048696525,middle
W2508174157,A5015058244,middle
W2517506746,A5010424125,first
W2524072144,A5070527085,first
W2524072144,A5070327607,last
W2564098905,A5020508568,first
W2597331481,A5082500819,last
W2598561835,A5047899511,last
W2615156462,A5010975997,first
W2615156462,A5047871627,middle
W2735378603,A5026815378,first
W2735378603,A5090445830,last
W2736977076,A5070711650,first
W2739544774,A5005898699,first
W2739544774,A5027710558,middle
W2739544774,A5000296607,middle
W2739544774,A5044573423,middle
W2739544774,A5065458044,middle
W2739544774,A5012267742,middle
W2739544774,A5003062781,middle
W2739544774,A5040056625,last
W2739882142,A5011455884,first
W2739882142,A5061752387,last
W2759738184,A5020590914,first
W2773786819,A5074670449,first
W2907207977,A5055702097,first
W2999091229,A5037026722,last
W4229587180,A5026660633,first
W4230148057,A5079878721,first
W4230148057,A5054606088,last
W4248121501,A5036801178,first
W4248121501,A5057129019,middle
W4254853004,A5080283629,first
W4255872613,A5010721126,first
W4255872613,A5046627623,last
W4297961975,A5068576662,first
W563414792,A5030117787,first
W1513067243,A5055552372,first
W1513067243,A5058812347,last
W2278238147,A5006735490,first
W2278238147,A5059934493,last
W2308036091,A5070113062,last
W2339747875,A5004583573,first
W2343040029,A5040392637,middle
W2343040029,A5047867327,last
W2401169507,A5000506517,first
W2401169507,A5005239113,middle
W2401169507,A5003319227,last
W2410070228,A5006295689,first
W2416030412,A5076757633,first
W2418012857,A5064525703,middle
W2418012857,A5003388968,middle
W2418012857,A5061612178,last
W2476716104,A5040523347,first
W2479488421,A5060208989,first
W2480315593,A5078570390,first
W2480525100,A5002436005,middle
W2480525100,A5039464384,middle
W2480525100,A5002154840,last
W2482379770,A5069743713,first
W2484395215,A5048480750,first
W2484639450,A5087617713,middle
W2485853501,A5055324596,first
W2485853501,A5035757066,middle
W2485853501,A5009195994,middle
W2485853501,A5054977265,last
W2489902479,A5007301729,first
W2495843840,A5090043416,first
W2495843840,A5080630773,middle
W2495843840,A5045198429,middle
W2495843840,A5028422125,last
W2498551913,A5021019045,first
W2503194674,A5055065964,first
W2503194674,A5013960593,last
W2510650415,A5067046621,first
W2510650415,A5004832857,middle
W2510650415,A5061698384,middle
W2510650415,A5002458434,last
W2520818317,A5062401089,first
W2530002559,A5084828574,first
W2530002559,A5007547440,middle
W2530002559,A5058382805,middle
W2530002559,A5011403708,middle
W2530002559,A5043494880,middle
W2530002559,A5086016443,middle
W2530002559,A5034792667,last
W2533569050,A5070352738,first
W2549453541,A5047800576,first
W2549453541,A5016017870,middle
W2549453541,A5034409767,last
W2553045568,A5048028208,first
W2553115341,A5071582618,first
W2553533796,A5052325527,first
W2561860588,A5074009647,first
W2561860588,A5057726106,middle
W2561860588,A5046543877,last
W2562173341,A5012207545,last
W2906814512,A5089029287,first
W2906814512,A5039951150,last
W2912641090,A5070377774,first
W2966614562,A5036325516,last
W3026876039,A5000914197,first
W3126041148,A5000343515,first
W318424933,A5008610517,first
W4233529647,A5071019184,first
W4254276568,A5044370037,first
W111418918,A5085011444,first
W1512448583,A5070510332,first
W1540833060,A5072457084,first
W1576429610,A5044527594,first
W2182833076,A5019010192,first
W2182833076,A5005771535,middle
W2182833076,A5027532022,middle
W2182833076,A5089260563,last
W2395053085,A5053899885,first
W2395053085,A5024405571,last
W2417898085,A5015196683,first
W2476783211,A5071647526,first
W2479145525,A5091533296,first
W2479145525,A5024866294,middle
W2479145525,A5029024321,last
W2480111110,A5035314874,first
W2480111110,A5013800269,middle
W2480111110,A5073634264,middle
W2480111110,A5047652595,last
W2480271427,A5063156671,first
W2480361300,A5015998133,first
W2486695866,A5019922027,first
W2486695866,A5020231952,middle
W2486695866,A5030743088,middle
W2486695866,A5089263417,middle
W2486695866,A5074122666,last
W2490683737,A5058104501,first
W2490683737,A5055268165,last
W2492187046,A5066686870,first
W2496006257,A5072996834,first
W2498247244,A5012510942,first
W2498247244,A5002365590,middle
W2498247244,A5076220011,last
W2502015241,A5006429708,middle
W2502015241,A5067655368,last
W2505854835,A5049844809,first
W2507433497,A5010647243,first
W2509363455,A5086124602,first
W2514802785,A5084973562,first
W2514802785,A5060599622,last
W2517428646,A5085343290,first
W2520408078,A5081114810,first
W2520408078,A5033867133,last
W2528525856,A5024503979,first
W2532308299,A5051315027,middle
W2532308299,A5006211498,last
W2532468057,A5081591999,first
W2532468057,A5014061575,middle
W2535586302,A5000354783,first
W2535586302,A5037257043,middle
W2535586302,A5080546654,middle
W2535586302,A5004885984,last
W2560930436,A5009815533,middle
W2561408460,A5074101738,first
W2561408460,A5083472752,middle
W2561408460,A5023048207,middle
W2561408460,A5059577520,last
W2587507439,A5048156605,first
W2587507439,A5074782993,last
W2618157449,A5014716105,first
W2618157449,A5037492592,last
W2715319929,A5045016749,first
W2715319929,A5047091153,middle
W2715319929,A5032030004,middle
W2715319929,A5024660179,last
W2731117569,A5091234228,last
W2741017126,A5006872667,first
W2741017126,A5003427504,middle
W2741017126,A5052365388,middle
W2741017126,A5008983457,middle
W2741017126,A5007281490,last
W2794210764,A5063776233,first
W2794210764,A5013815316,last
W2883409798,A5087208876,first
W3112115694,A5062425673,first
W3126029588,A5018201835,first
W3140590665,A5018480627,first
W3140590665,A5024040348,middle
W4211063081,A5004090723,middle
W4230156898,A5009990665,first
W4230336056,A5073384489,middle
W4230336056,A5085164888,last
W4239514475,A5021245828,first
W4241620904,A5005285449,first
W4249155853,A5068911982,first
W4250235397,A5059133615,last
W4317647401,A5035252718,first
W574122458,A5042076692,first
W652798367,A5052409198,first
W1549746276,A5011128267,first
W1549746276,A5001067195,middle
W1549746276,A5016069709,last
W2044074267,A5029440428,first
W2044074267,A5077347005,last
W2180038867,A5015793382,first
W2180038867,A5043985247,middle
W2180038867,A5025528705,last
W2279421970,A5074875828,first
W2279421970,A5038050126,last
W2402723810,A5047536846,first
W2416562712,A5074201997,first
W2416562712,A5064907112,last
W2469178473,A5036652783,first
W2469178473,A5081539662,last
W2475783697,A5080957042,first
W2475783697,A5087772837,last
W2482360047,A5031814143,first
W2484529958,A5086188437,first
W2485658472,A5044266023,first
W2485658472,A5032873361,middle
W2485658472,A5009502564,last
W2487427540,A5079869034,first
W2487427540,A5073297794,last
W2490412443,A5004273214,first
W2490412443,A5014738272,last
W2491751791,A5034151810,first
W2491751791,A5009952869,middle
W2491751791,A5009001519,middle
W2491751791,A5055654620,last
W2495075002,A5015107963,middle
W2495075002,A5032059462,last
W2495406308,A5065713588,first
W2496672050,A5020518108,first
W2496672050,A5039583821,middle
W2497420868,A5065705195,first
W2498522270,A5034269796,last
W2499293226,A5010329554,first
W2499293226,A5057607650,middle
W2499293226,A5051876897,middle
W2499293226,A5046160172,middle
W2499293226,A5064927253,last
W2500340018,A5047139038,first
W2501707254,A5078364973,last
W2502275228,A5063174893,last
W2518301572,A5071892402,middle
W2519988679,A5086573660,first
W2519988679,A5056746274,last
W2531512765,A5064830080,first
W2533288548,A5081225515,first
W2563422410,A5024463686,first
W2563422410,A5075564798,last
W2566776265,A5015956613,first
W2576608913,A5070781274,first
W2588109210,A5009175619,middle
W2591914775,A5068501069,first
W2603831296,A5079301418,first
W2603831296,A5046343080,middle
W2603831296,A5004191382,middle
W2742144931,A5046093234,first
W2777992862,A5090703194,first
W2777992862,A5077008266,middle
W2777992862,A5043081558,last
W2798956433,A5026831391,first
W2914141142,A5069030030,first
W2914241824,A5084592859,first
W2914477394,A5034635089,first
W2984654930,A5056391501,first
W3128430828,A5079590099,first
W3145509933,A5012492839,first
W3158983636,A5000296607,first
W3176804595,A5053639209,first
W4249960696,A5002732867,first
W4249960696,A5056086923,middle
W4249960696,A5008176403,last
W4251551155,A5088750767,first
W4251895969,A5062428729,first
W4254759238,A5063700558,first
W4254759238,A5026290532,last
W4300175355,A5027441885,first
W4300175355,A5054850777,middle
W4300175355,A5081692910,last
W659349843,A5033582512,first
W137163651,A5042269065,last
W1498943425,A5050769713,first
W1498943425,A5088027653,last
W1509550568,A5017531392,first
W1623239493,A5016222651,middle
W1623239493,A5075432056,middle
W1623239493,A5041199606,middle
W1623239493,A5022176859,middle
W1623239493,A5037344297,last
W2293888361,A5037691648,middle
W2342920300,A5076837177,first
W2343949776,A5080105972,first
W2343949776,A5001117250,last
W2404883146,A5069996240,first
W2466539999,A5046572286,first
W2466539999,A5003115000,middle
W2466539999,A5081758546,last
W2473214089,A5069060297,last
W2477570803,A5029842446,first
W2477570803,A5007994353,middle
W2477570803,A5015675169,middle
W2477570803,A5010973698,last
W2479028285,A5053515901,first
W2479544941,A5045755642,first
W2479544941,A5081815959,middle
W2479544941,A5061970522,last
W2483237105,A5073562330,first
W2483237105,A5004788089,last
W2483966273,A5028736137,middle
W2489613082,A5008688930,middle
W2490293042,A5004024474,last
W2490573886,A5074860559,first
W2490573886,A5067950570,middle
W2490573886,A5015913529,last
W2491694013,A5083789289,first
W2492255769,A5003992978,first
W2492255769,A5015129790,middle
W2492255769,A5001472309,middle
W2492255769,A5022359423,middle
W2492255769,A5052097132,last
W2492968828,A5056376644,first
W2494593454,A5030678782,first
W2494593454,A5001882647,middle
W2494593454,A5044854900,middle
W2494593454,A5008124991,last
W2503670001,A5059238203,first
W2512134772,A5043066914,middle
W2529005218,A5083304312,first
W2537830830,A5039630596,first
W2537830830,A5066130528,middle
W2537830830,A5007517435,last
W2561811334,A5035640046,first
W2566585870,A5075013774,middle
W2574823780,A5007282049,first
W2581516107,A5077151837,first
W2610867349,A5072110005,middle
W2610867349,A5020879211,middle
W2610867349,A5084086972,middle
W2610867349,A5021250891,middle
W2610867349,A5059096060,last
W2745125236,A5021657351,first
W2754592635,A5044844818,first
W2754592635,A5079583608,middle
W2754592635,A5059233518,middle
W2754592635,A5054979460,middle
W2754592635,A5076935774,last
W2770810727,A5001120804,first
W2770810727,A5027680628,middle
W2770810727,A5027691933,last
W2778649924,A5018915016,first
W285033994,A5000997645,first
W285033994,A5018490825,middle
W285033994,A5041338608,middle
W285033994,A5029432407,last
W2853160686,A5038122533,first
W2889329183,A5010170972,first
W2890957732,A5024711752,last
W2945602370,A5043945029,first
W2945602370,A5079174269,middle
W2945602370,A5048261131,last
W2970150313,A5070230184,first
W2972508920,A5033697529,first
W2996595985,A5012428794,last
W3133714496,A5024501121,first
W3133714496,A5087367222,middle
W3133714496,A5067599928,middle
W3133714496,A5069334140,middle
W3133714496,A5090205116,middle
W3133714496,A5076918148,middle
W3133714496,A5008040085,middle
W3133714496,A5087041607,middle
W3133714496,A5043334355,middle
W3133714496,A5074492402,middle
W3133714496,A5003477563,middle
W3133714496,A5077826199,middle
W3133714496,A5051938848,middle
W3133714496,A5012679236,middle
W3133714496,A5085569944,middle
W3133714496,A5087235995,middle
W3133714496,A5073570946,middle
W3133714496,A5078937916,middle
W3133714496,A5046932726,middle
W3133714496,A5047093707,middle
W3133714496,A5059180650,middle
W3133714496,A5087379941,middle
W3133714496,A5005721507,middle
W3133714496,A5051439492,last
W4241619979,A5012748071,first
W4241619979,A5062906790,middle
W4241619979,A5015357432,middle
W4241619979,A5059076487,middle
W4241619979,A5018058480,last
W4244064982,A5089744377,first
W4250819190,A5031582273,first
W4251712427,A5002623565,first
W4254921436,A5075459877,first
W602361594,A5003923687,first
W1486494365,A5010419481,first
W1486494365,A5043777246,last
W1507504647,A5077134613,last
W199744165,A5031582400,first
W2149666550,A5014964450,first
W2149666550,A5083102952,middle
W2149666550,A5080362214,last
W2170773601,A5088549305,last
W2247761358,A5002832127,first
W2247761358,A5005365069,last
W2253073865,A5018115129,last
W225977925,A5009586817,first
W2262207919,A5036583267,first
W2267242338,A5053165719,first
W2285205708,A5075795132,first
W2289017808,A5081612509,first
W2289017808,A5057218134,middle
W2289017808,A5011665956,middle
W2289017808,A5024088980,last
W2289981623,A5074303469,first
W2342558830,A5040516160,first
W2346500072,A5062817487,first
W2399759330,A5019959002,first
W2399759330,A5013088513,middle
W2399759330,A5057827968,last
W2402538255,A5014840665,first
W2410833062,A5076017424,first
W2410833062,A5047041804,middle
W2410833062,A5087898792,middle
W2410833062,A5065193657,last
W2415178280,A5052998135,first
W2415178280,A5075411702,last
W2419090659,A5074152408,first
W2476717958,A5034856048,first
W2482211786,A5089812166,first
W2482211786,A5013118179,middle
W2482211786,A5079158943,middle
W2482211786,A5032612218,middle
W2482211786,A5081274323,last
W2482812992,A5035540038,first
W2482812992,A5063978613,middle
W2482812992,A5070080426,middle
W2482812992,A5055891033,last
W2483869797,A5080191557,last
W2487283283,A5075877108,first
W2487492866,A5062662924,first
W2487492866,A5000808371,middle
W2487492866,A5082357282,last
W2487907653,A5070896564,first
W2487907653,A5080175404,middle
W2487907653,A5039040767,last
W2488975775,A5045224142,first
W2489875435,A5045928057,first
W2489911838,A5008154038,first
W2489911838,A5074645155,last
W2491253591,A5049627979,first
W2491253591,A5060656344,last
W2491482602,A5087545065,first
W2491482602,A5046338839,middle
W2491482602,A5029616049,middle
W2491482602,A5012529469,last
W2491628978,A5081803512,middle
W2495994974,A5087024385,first
W2496563765,A5044679220,first
W2496758049,A5077556450,first
W2496758049,A5063116320,last
W2498640770,A5042008066,first
W2500274006,A5007273054,first
W2500340936,A5081784013,first
W2500340936,A5076518905,last
W2500644353,A5071409020,first
W2500905046,A5063965180,last
W2503159863,A5088469315,first
W2503159863,A5060859546,middle
W2503159863,A5089812166,middle
W2503159863,A5039827669,last
W2503913181,A5023652725,first
W2503913181,A5045878695,middle
W2503913181,A5060459506,middle
W2503913181,A5043642303,last
W2506812363,A5009914831,last
W2507578425,A5051625374,first
W2507578425,A5091037833,last
W2509827822,A5018732292,first
W2509827822,A5031290861,middle
W2509827822,A5004116961,middle
W2509827822,A5037807611,last
W2511475311,A5017145937,first
W2511475311,A5032671971,last
W2521810108,A5058712739,first
W2521810108,A5057618925,middle
W2521810108,A5074926422,last
W2527824991,A5057332137,first
W2527824991,A5026754201,last
W2528311550,A5051623300,middle
W2544851903,A5036108068,first
W2547423660,A5060284292,first
W2547641549,A5040302008,first
W2549690445,A5073006299,first
W2549690445,A5017499347,last
W2557222659,A5053155252,first
W2557222659,A5005258575,middle
W2557222659,A5021502111,middle
W2557222659,A5070517688,last
W2558998989,A5048229843,first
W2558998989,A5024823282,middle
W2558998989,A5023918239,middle
W2558998989,A5087104455,last
W2562148855,A5014643856,first
W2562148855,A5014046423,last
W2591882843,A5021103485,first
W2591882843,A5041358150,last
W2624860278,A5081510302,first
W2731478787,A5029261812,first
W2731478787,A5032142322,last
W2737385400,A5070369693,first
W2737385400,A5000423121,middle
W2737385400,A5076063841,last
W2740150631,A5037688054,first
W2740150631,A5022917090,last
W2798476423,A5065470584,first
W2901742247,A5060631567,first
W2904200102,A5023943374,first
W2914790926,A5004830785,middle
W2915249319,A5016844866,first
W2915249319,A5023896269,middle
W2915249319,A5053749724,middle
W2915249319,A5038550641,middle
W2915249319,A5046392298,middle
W2915249319,A5058158315,middle
W2915249319,A5029417447,middle
W2915249319,A5053408297,middle
W2915249319,A5050086811,middle
W2915249319,A5035997603,middle
W2915249319,A5083454802,last
W2942197896,A5015768486,last
W3090397042,A5039051706,first
W4212982486,A5018921889,first
W4241136738,A5062170043,first
W4241292836,A5067046621,first
W4241292836,A5002458434,middle
W4241292836,A5004832857,middle
W4241292836,A5061698384,last
W4242403824,A5080836593,first
W4242403824,A5006710481,middle
W4242403824,A5064235058,last
W4244135735,A5079073940,first
W4247543020,A5042768069,first
W4247570373,A5021178961,first
W4251086414,A5063233199,first
W576788405,A5023900447,first
W576788405,A5033228195,last
W592130509,A5080759463,first
W1848847671,A5006872667,first
W1848847671,A5011563165,last
W188803376,A5074413858,middle
W188803376,A5059608759,middle
W188803376,A5075639286,last
W2049460673,A5067319166,first
W2049460673,A5035915560,last
W2178205114,A5024626195,first
W2178205114,A5036220430,last
W2262069989,A5068453511,last
W2287617993,A5005514947,first
W2290651204,A5060936121,first
W2297624691,A5080323229,first
W2309440485,A5070236439,first
W2328280582,A5081194619,first
W2362553018,A5015220542,first
W2407212802,A5050289263,first
W2409356356,A5049418599,first
W2412338277,A5077860299,first
W2439511773,A5082706620,first
W2439511773,A5044632948,last
W2461135779,A5073935947,first
W2462423743,A5079990241,first
W2462423743,A5009569179,middle
W2462423743,A5050716236,middle
W2464637504,A5061952215,first
W2464637504,A5072656355,last
W2466857431,A5032088712,first
W2472247067,A5004869543,first
W2472957902,A5015798012,first
W2472957902,A5085245110,middle
W2472957902,A5005709068,middle
W2472957902,A5063255292,last
W2474274346,A5033621772,first
W2476908709,A5064086421,last
W2477822647,A5043831748,first
W2477850002,A5088102503,first
W2477850002,A5025566723,middle
W2477850002,A5011924340,last
W2479920405,A5080349849,first
W2479920405,A5009584128,last
W2480351921,A5059934493,first
W2480351921,A5058874220,middle
W2480351921,A5019651281,middle
W2480351921,A5077721734,last
W2481539235,A5002732867,first
W2481539235,A5056086923,middle
W2481539235,A5008176403,last
W2481883925,A5033556979,first
W2481908595,A5009697206,middle
W2481908595,A5001616788,last
W2482860781,A5067802742,middle
W2482860781,A5028132966,middle
W2482860781,A5086156927,last
W2483018020,A5053681063,middle
W2483018020,A5081953081,last
W2483157779,A5082691724,first
W2483957705,A5029876355,middle
W2483957705,A5039456896,last
W2485028106,A5042893723,first
W2485028106,A5084772706,last
W2486392343,A5075290847,last
W2486788595,A5064474527,first
W2487901342,A5091291466,last
W2489387182,A5004045549,first
W2489387182,A5073634264,last
W2491537827,A5047509839,first
W2491537827,A5022683388,last
W2492273673,A5005183383,first
W2492273673,A5021215761,middle
W2492273673,A5063896405,middle
W2492273673,A5090603070,middle
W2492273673,A5076006629,last
W2494144774,A5006020770,first
W2494144774,A5069043950,last
W2495269239,A5021903484,first
W2495332154,A5044828038,first
W2496493041,A5051794193,first
W2496493041,A5050701284,last
W2498792334,A5014910336,first
W2501507709,A5051753143,first
W2503697829,A5089612078,first
W2503697829,A5004804647,last
W2504174043,A5012105091,first
W2504174043,A5068665373,middle
W2504174043,A5062039529,last
W2506555147,A5080734444,first
W2506555147,A5040555464,middle
W2506555147,A5068368596,last
W2506591834,A5073571303,first
W2506591834,A5082703226,middle
W2506591834,A5032776469,middle
W2506591834,A5091019994,last
W2511387219,A5025629696,first
W2511387219,A5040939601,middle
W2511486391,A5054827321,first
W2513919144,A5029670581,first
W2513919144,A5035017068,middle
W2513919144,A5082075598,middle
W2515794453,A5005947097,first
W2518347208,A5007008031,first
W2518347208,A5039092855,middle
W2518347208,A5014515868,last
W2527184561,A5048285002,first
W2527184561,A5044115765,middle
W2527184561,A5079091933,last
W2528223021,A5015344813,last
W2530642797,A5052804438,first
W2534757808,A5014135635,first
W2534757808,A5080242338,middle
W2534757808,A5020101419,last
W2536286076,A5039193398,first
W2546611174,A5078026673,first
W2546611174,A5038000226,middle
W2546611174,A5061734257,last
W2550489455,A5022450636,first
W2552162070,A5016990607,first
W2554492395,A5091717294,first
W2555939748,A5027733737,first
W2559188277,A5090151187,first
W2559188277,A5036715761,middle
W2559188277,A5037132097,middle
W2559188277,A5088834359,middle
W2559188277,A5036495504,last
W2559950517,A5091694408,first
W2559950517,A5008567339,middle
W2559950517,A5061241280,last
W2562765556,A5060087908,middle
W2562765556,A5040169214,last
W2563742788,A5087795875,middle
W2563742788,A5050881425,middle
W2563742788,A5006048466,middle
W2563742788,A5055416007,last
W2566506386,A5029400333,first
W2585593350,A5068070522,first
W2585593350,A5032809289,last
W2589797415,A5088844500,first
W2594669382,A5050676173,last
W2601753850,A5039827178,middle
W2607962134,A5045016749,first
W2607962134,A5002562252,middle
W2607962134,A5006779580,middle
W2607962134,A5091486233,middle
W2607962134,A5036473274,middle
W2607962134,A5079621023,middle
W2607962134,A5081322718,last
W2734341130,A5034003758,first
W2734341130,A5021668832,last
W2734829429,A5020872669,first
W2734829429,A5012964665,last
W2737992251,A5010858186,first
W2737992251,A5001451924,last
W2741509622,A5079680969,first
W2741509622,A5084426434,last
W2743515091,A5007521335,first
W2762206424,A5027032502,first
W2762206424,A5009820805,last
W2772800063,A5035675753,last
W2776749092,A5074562924,middle
W2906171403,A5062077023,first
W2912973966,A5079362815,first
W2912973966,A5091259315,last
W2914242179,A5010271807,first
W2914242179,A5066544546,last
W2914881662,A5032787307,first
W2916485044,A5074413858,middle
W2916485044,A5075639286,last
W2921710879,A5082501035,first
W2943277792,A5016912926,middle
W2943277792,A5031272169,middle
W2943277792,A5045287606,middle
W2943277792,A5034553962,middle
W2943277792,A5033227381,middle
W2943277792,A5010208461,middle
W2943277792,A5006461848,last
W2944899505,A5065923724,first
W2945241456,A5024632184,middle
W2945759523,A5019909586,first
W2971264374,A5056049315,first
W2971347193,A5086849442,last
W2971550237,A5025221241,first
W2977517787,A5006125158,first
W2977517787,A5039841997,middle
W2977517787,A5068151130,middle
W2977517787,A5038377848,last
W3044048967,A5039969309,first
W3044048967,A5082509016,middle
W3044048967,A5044097673,last
W3157154837,A5037222443,first
W4230824908,A5004565086,first
W4230824908,A5026662451,middle
W4230824908,A5018318136,last
W4236206866,A5032772490,first
W4239865516,A5007220929,first
W4249133412,A5064858358,first
W4300185383,A5053476692,first
W4300185383,A5015611475,last
W4301428192,A5089178095,first
W4301428192,A5031807157,last
W4301688599,A5041725753,last
W4302805375,A5058678073,first
W589940930,A5076298429,first
W1550341196,A5042904036,first
W1608229201,A5056776038,first
W2232626611,A5038199341,first
W2232626611,A5012275958,middle
W2232626611,A5005837856,middle
W2232626611,A5074955676,middle
W2232626611,A5090320352,middle
W2232626611,A5019081739,middle
W2232626611,A5037075751,middle
W2232626611,A5068977486,middle
W2232626611,A5036892531,middle
W2232626611,A5006992777,last
W2289706821,A5078178170,last
W2297221478,A5024900424,first
W2299593659,A5018417961,first
W2299593659,A5090045951,last
W2416615682,A5024481335,middle
W2417536370,A5080341858,first
W2424551516,A5078874822,middle
W2427649777,A5070176191,first
W2463376501,A5067743538,last
W2466386100,A5038388385,first
W2466386100,A5030571810,middle
W2466386100,A5014873401,last
W2474657382,A5052564557,last
W2475879821,A5062747197,first
W2475879821,A5010975997,last
W2476871931,A5056296476,first
W2476871931,A5029442409,last
W2477021438,A5081957575,first
W2477095651,A5070898273,first
W2478702577,A5071503672,last
W2479246130,A5028593781,first
W2479246130,A5004246117,middle
W2479246130,A5044985800,middle
W2479246130,A5023951654,middle
W2479246130,A5042071045,last
W2479353071,A5086469184,first
W2479353071,A5050333307,middle
W2479353071,A5052828309,last
W2479494690,A5058171850,middle
W2479494690,A5044297291,middle
W2479494690,A5063906196,last
W2479666570,A5029805698,first
W2480329609,A5083750122,middle
W2480329609,A5031003967,last
W2480523851,A5042597849,first
W2480523851,A5012707215,middle
W2480523851,A5089742876,middle
W2480523851,A5033850568,last
W2480560364,A5083695605,middle
W2480560364,A5010595224,last
W2480918953,A5025360037,first
W2480918953,A5034078369,middle
W2480918953,A5049087570,middle
W2480918953,A5006049999,last
W2482603071,A5019060617,first
W2482603071,A5051532783,middle
W2482603071,A5005994891,middle
W2482603071,A5034623158,last
W2485640884,A5060381913,first
W2485640884,A5050013557,middle
W2485640884,A5009052165,middle
W2485640884,A5057410588,last
W2486174448,A5038318637,first
W2486174448,A5041594348,middle
W2487364859,A5018736037,first
W2487867239,A5030264543,first
W2487867239,A5054870026,middle
W2487867239,A5059151514,last
W2488599262,A5054798706,first
W2490627155,A5074368087,first
W2490627155,A5023510020,last
W2490651305,A5037734848,first
W2490651305,A5021370648,middle
W2490946073,A5066276799,first
W2491295291,A5050611104,first
W2491295291,A5036878119,last
W2492663169,A5003858935,first
W2493768979,A5045213608,first
W2494173929,A5024169595,middle
W2494720629,A5052998135,last
W2496312916,A5071115490,first
W2496897501,A5085835894,middle
W2496897501,A5024148539,last
W2499460094,A5084367389,first
W2499460094,A5029325643,middle
W2499460094,A5005194485,last
W2500371473,A5037680248,first
W2502245819,A5041422357,first
W2502245819,A5011177272,last
W2503440269,A5040285126,first
W2503440269,A5033512118,last
W2503943073,A5031207765,first
W2503943073,A5001297995,middle
W2503943073,A5008718887,last
W2504037581,A5026789951,first
W2504099013,A5041069524,first
W2504099013,A5090320352,last
W2504705936,A5051314617,first
W2506728421,A5020634589,first
W2507018175,A5049986671,last
W2508543253,A5070039497,first
W2511050325,A5072130052,first
W2511050325,A5040572404,middle
W2511050325,A5083862531,middle
W2511050325,A5038111167,middle
W2511050325,A5011206838,middle
W2511050325,A5067444605,middle
W2511050325,A5074808403,last
W2511742901,A5090159169,first
W2511742901,A5055414768,middle
W2511742901,A5070250768,last
W2514513983,A5054503168,middle
W2515515236,A5071006566,first
W2515994296,A5080283629,first
W2516039095,A5027422071,first
W2516039095,A5023752093,middle
W2516039095,A5043872748,last
W2518672958,A5084031085,first
W2521116469,A5030527478,first
W2527648484,A5064383410,first
W2527648484,A5010423760,middle
W2527648484,A5003302983,last
W2528140030,A5064437896,last
W2528885958,A5000376925,first
W2528938828,A5000620878,first
W2542069537,A5008926581,first
W2545280985,A5027328407,first
W2545280985,A5041301604,middle
W2545280985,A5045457205,last
W2554227016,A5012527565,first
W2554401138,A5090090567,first
W2554401138,A5036936081,last
W2555564351,A5005258575,first
W2555564351,A5070517688,middle
W2555564351,A5053155252,middle
W2555564351,A5061402604,last
W2557237386,A5000888922,first
W2560460830,A5049469197,first
W2560460830,A5032254007,middle
W2560460830,A5082873304,middle
W2560460830,A5007740227,last
W2560584301,A5089659001,first
W2560584301,A5011009931,middle
W2560584301,A5077906080,middle
W2560584301,A5059803186,last
W2562108381,A5032772490,first
W2563881725,A5003047037,first
W2565653705,A5010892510,first
W2565653705,A5066717558,middle
W2565653705,A5052098157,last
W2565912168,A5063459196,first
W2565912168,A5007348120,middle
W2565912168,A5010734390,last
W2590347523,A5079739010,first
W2590347523,A5069324527,middle
W2590347523,A5037823412,middle
W2590347523,A5078672229,middle
W2592728162,A5021978209,first
W2615981626,A5043378483,first
W2741733093,A5001297995,first
W2741733093,A5016825334,middle
W2741733093,A5003204631,last
W2749765834,A5048041586,first
W2749765834,A5015718427,last
W2753930177,A5036652783,first
W2779317373,A5059038746,first
W2785237273,A5056606513,last
W2788326114,A5036105953,first
W2802638087,A5068568126,first
W2888533102,A5073962777,middle
W2890688321,A5050797601,last
W2890902968,A5079799764,middle
W2892337928,A5081688715,last
W2905218974,A5025940525,middle
W2906275992,A5054614892,first
W2908425822,A5082549823,last
W2911109059,A5085985340,first
W2913030055,A5013269574,first
W2914319548,A5021245828,first
W2917020106,A5007832425,first
W2990620065,A5047530817,first
W2990620065,A5085466979,middle
W2990620065,A5058791039,middle
W2990620065,A5053416622,middle
W2990620065,A5083626443,last
W2998188272,A5088783622,first
W2998188272,A5007988967,middle
W2998188272,A5019822609,middle
W2998188272,A5043240191,middle
W2998188272,A5086591862,last
W3009285966,A5081679367,first
W3010283570,A5081953081,first
W3010283570,A5021797294,middle
W3010283570,A5023928504,middle
W3010283570,A5025586090,middle
W3010283570,A5017972284,last
W3023068181,A5025778213,last
W3102688232,A5078355580,first
W3102688232,A5063336076,middle
W3114572788,A5063198300,first
W4212963623,A5037230670,first
W4230086700,A5067697464,first
W4231730422,A5064156499,first
W4239470828,A5039951700,first
W4241235512,A5022065577,first
W4243718193,A5000093016,first
W4243718193,A5086308451,last
W4247433712,A5075566300,first
W4248279703,A5010433768,first
W4254729496,A5028302644,first
W4301466821,A5036444203,first
W4301466821,A5049412193,middle
W4301466821,A5073524192,last
W595215649,A5086576099,first
W595215649,A5064232646,middle
W595215649,A5075720299,middle
W595215649,A5079109005,middle
W595215649,A5046712850,last
W621713798,A5021009981,first
W621713798,A5022244025,last
W643846882,A5077953037,first
W1492200644,A5091633841,first
W1519224269,A5004191382,first
W1519224269,A5086590874,middle
W1519224269,A5028911768,middle
W1541178658,A5088547581,first
W1577059663,A5052872403,first
W1577059663,A5045202729,last
W1605140094,A5089905348,first
W1606586910,A5042646187,first
W1606586910,A5033137216,last
W161094716,A5023095716,first
W161094716,A5010833372,last
W1910401515,A5074747685,first
W1910401515,A5001872720,last
W2234992717,A5028162708,first
W2258708203,A5000888922,first
W2297641519,A5025331881,first
W2297641519,A5082653655,last
W2298620118,A5010820805,middle
W2298620118,A5073869188,last
W2299598090,A5022113818,last
W2337052069,A5043798819,first
W2339438475,A5078292775,first
W2339438475,A5071730627,last
W2394855610,A5042338229,first
W2395467210,A5036892531,first
W2395467210,A5090368430,middle
W2395467210,A5008689041,middle
W2395467210,A5041685067,middle
W2395467210,A5040588151,middle
W2395467210,A5006992777,last
W2408999517,A5068812235,first
W2408999517,A5075873230,middle
W2414947611,A5024916657,middle
W2414947611,A5057236809,middle
W2466886791,A5066381893,first
W2466895528,A5090515318,first
W2466895528,A5050331325,middle
W2466895528,A5030705783,last
W2468176619,A5028778367,first
W2472398778,A5032196502,first
W2475496801,A5016711703,first
W2475496801,A5051932112,middle
W2475496801,A5069726973,middle
W2475496801,A5000975435,last
W2477222559,A5074945731,first
W2477222559,A5007082510,last
W2479378283,A5089894318,first
W2479499141,A5089921353,first
W2479499141,A5070476085,middle
W2480729267,A5015964082,first
W2480729267,A5057893924,middle
W2480729267,A5017476882,last
W2481426856,A5074634810,first
W2482360477,A5048119697,first
W2482360477,A5040875893,last
W2484102883,A5014443206,first
W2484102883,A5080969561,middle
W2484102883,A5050113422,last
W2484335265,A5046097198,first
W2484462902,A5064211368,first
W2484462902,A5061508166,middle
W2484462902,A5003285518,last
W2484624773,A5064474527,first
W2485152266,A5053718908,first
W2485152266,A5069835917,middle
W2485152266,A5070311717,middle
W2485152266,A5040668817,middle
W2485152266,A5015451584,middle
W2485152266,A5022751300,middle
W2485152266,A5069118034,middle
W2485467047,A5082043453,first
W2485467047,A5048470429,last
W2486172246,A5084044142,last
W2486796255,A5063200309,first
W2487539137,A5027635656,first
W2487539137,A5002863938,middle
W2487539137,A5059522163,middle
W2487539137,A5069205798,middle
W2487539137,A5008525798,last
W2487681469,A5074400591,first
W2489035222,A5046819657,first
W2489035222,A5053404816,last
W2489860691,A5036848702,first
W2489860691,A5053093268,last
W2490053830,A5053917840,first
W2490270633,A5016029586,first
W2490270633,A5005837856,last
W2490516523,A5089771591,last
W2491102281,A5016717153,last
W2492205498,A5044858418,first
W2492205498,A5076789811,last
W2492807203,A5047015912,first
W2492906892,A5029303814,first
W2492906892,A5047167568,middle
W2492906892,A5060713269,last
W2492980542,A5007376925,last
W2494306906,A5012199683,first
W2494801778,A5030911949,first
W2494801778,A5069131707,middle
W2494801778,A5048189519,middle
W2494801778,A5035918921,middle
W2494801778,A5013009407,middle
W2494801778,A5084261733,last
W2495697299,A5004286185,first
W2496329070,A5054682246,first
W2496561302,A5022496550,first
W2496561302,A5054433231,middle
W2496561302,A5007008031,last
W2497213115,A5026639060,first
W2497259512,A5013876446,first
W2497663078,A5016773435,first
W2497851293,A5052817033,first
W2497851293,A5042277242,last
W2498059819,A5081662795,middle
W2501120992,A5070476085,last
W2501883248,A5000506517,first
W2501883248,A5050297433,middle
W2501883248,A5056251028,last
W2504419117,A5010658779,first
W2504419117,A5057129019,middle
W2505868521,A5037722869,first
W2505868521,A5019693953,middle
W2505868521,A5074976207,middle
W2505939031,A5011036492,middle
W2507272357,A5039714150,first
W2509786166,A5047222739,first
W2509786166,A5080381047,last
W2510188992,A5012374633,first
W2511200736,A5035848640,first
W2511200736,A5077206755,last
W2515152008,A5035310641,first
W2515152008,A5036384310,middle
W2515569237,A5009697206,middle
W2515569237,A5001616788,last
W2516809352,A5001969781,middle
W2516809352,A5086829278,last
W2524629959,A5047486576,first
W2527449935,A5055166649,middle
W2527449935,A5014753085,middle
W2527884653,A5018871735,first
W2527944711,A5063185586,middle
W2528598908,A5056069128,first
W2529145169,A5007446175,first
W2529145169,A5075563175,last
W2530094340,A5076378279,first
W2530697590,A5009660908,first
W2530697590,A5018512487,middle
W2530697590,A5002887191,last
W2531063972,A5062428729,first
W2534062488,A5067553715,first
W2534062488,A5026419830,middle
W2534062488,A5049850982,last
W2538982246,A5038915241,first
W2538982246,A5018683729,last
W2552061192,A5060909146,first
W2552061192,A5046708234,last
W2555366780,A5011835245,first
W2555366780,A5076291013,last
W2560194501,A5060671449,first
W2560691922,A5072409623,first
W2562150744,A5065014144,first
W2562150744,A5076119841,middle
W2562150744,A5036341054,middle
W2562150744,A5083099005,last
W2563045922,A5032411139,first
W2563180316,A5002415472,first
W2563180316,A5029173707,middle
W2563180316,A5082726226,last
W2564321721,A5010727123,first
W2564321721,A5011642353,middle
W2564321721,A5052926071,middle
W2564638404,A5005290577,first
W2564953689,A5024680899,first
W2565321451,A5014547271,first
W2565558931,A5000867916,first
W2566589495,A5036763862,first
W2566589495,A5010858186,middle
W2566589495,A5048831718,last
W2568788818,A5070777118,first
W2568788818,A5002320060,middle
W2568788818,A5089380024,middle
W2568788818,A5048595728,middle
W2568788818,A5044853328,last
W2570393173,A5019740287,first
W2570393173,A5052020796,middle
W2570393173,A5035585945,middle
W2570393173,A5019223571,last
W2571538950,A5036124807,middle
W2575598687,A5040746152,first
W2575598687,A5083329203,last
W2579459136,A5028128671,first
W2580884162,A5018851145,first
W2581147924,A5021062005,first
W2588571264,A5014652348,first
W2588571264,A5064090287,middle
W2588571264,A5003242124,last
W2591793076,A5052659996,first
W2591793076,A5011892251,middle
W2591793076,A5040746546,last
W2592577916,A5062424191,first
W2592577916,A5002571252,middle
W2592577916,A5071483672,middle
W2592577916,A5022537740,middle
W2592577916,A5009310543,last
W2596426642,A5044944680,first
W2602451378,A5079602663,last
W2604978604,A5033513648,first
W2605566016,A5011290120,first
W2605566016,A5085095646,middle
W2605566016,A5076826398,middle
W2605566016,A5044556342,last
W2607267618,A5020328989,first
W2607267618,A5048713792,middle
W2607267618,A5015419380,last
W2611316102,A5019136653,first
W2611316102,A5080472982,middle
W2611316102,A5001562343,last
W2615933573,A5067798952,first
W2615933573,A5074172792,middle
W2615933573,A5023750553,middle
W2615933573,A5024134038,last
W2616194516,A5088619985,first
W2616194516,A5041459422,middle
W2616194516,A5007174065,last
W2617371638,A5075459877,first
W2623885067,A5021809690,first
W2623885067,A5000937401,middle
W2623885067,A5025877936,last
W2624842533,A5038369385,first
W2624842533,A5015761359,middle
W2624842533,A5036286698,last
W2625119159,A5013488024,first
W2625119159,A5045816776,middle
W2625119159,A5090793482,middle
W2625119159,A5009541108,middle
W2625119159,A5031988390,middle
W2625119159,A5011982099,last
W2625358532,A5043893479,first
W2625358532,A5024164153,last
W2625955022,A5045643358,first
W2635381195,A5031484166,first
W2635381195,A5051468325,middle
W2635381195,A5070848718,middle
W2635381195,A5051235308,last
W2728465718,A5003668063,last
W2730535084,A5081123738,first
W2734625134,A5034788555,first
W2736310682,A5052571923,first
W2737802161,A5079620688,first
W2737802161,A5073946580,middle
W2737802161,A5025450455,last
W2739424499,A5048509383,first
W2739424499,A5043198300,last
W2741525259,A5079377293,first
W2741525259,A5002821905,last
W2742118403,A5037761912,first
W2743284040,A5073358375,first
W2744581789,A5032888719,last
W2745696342,A5082163535,first
W2747342421,A5046343080,first
W2751627113,A5056266983,first
W2760476599,A5056710858,first
W2774776859,A5048781513,first
W2775862266,A5017870887,first
W2775862266,A5010664051,middle
W2775862266,A5028474219,last
W2786715783,A5085377274,first
W2800370510,A5086791683,first
W2800370510,A5028866023,last
W2804023405,A5062009462,middle
W2804072326,A5062020150,first
W2806441871,A5071461896,first
W2808076678,A5047401987,first
W2808076678,A5010748335,last
W2829106422,A5069539722,last
W2889163015,A5077953037,first
W2889307338,A5077403931,middle
W2893607380,A5043956249,first
W2905086515,A5067341995,middle
W2905086515,A5035714039,middle
W2905086515,A5003150991,middle
W2908681558,A5055110324,first
W2908681558,A5019840140,last
W2913189267,A5081922905,first
W2945406877,A5086826254,middle
W2945406877,A5042167361,middle
W2966732494,A5021549430,first
W2966732494,A5031741578,middle
W2966732494,A5053874521,middle
W2966732494,A5063873284,last
W2970512352,A5080240262,first
W2980200913,A5038854405,first
W3103206158,A5011510592,first
W3103206158,A5042159546,middle
W3103206158,A5046228322,middle
W3114288279,A5051134586,first
W3122354151,A5051371497,first
W3123831226,A5090146869,first
W3123831226,A5043120868,last
W3124055072,A5067743538,first
W3144550409,A5061607174,first
W3144550409,A5070988360,last
W3157796704,A5079570262,first
W3172123030,A5045339641,first
W3172123030,A5054679604,last
W3192358095,A5073634264,first
W3192358095,A5004045549,last
W4211049305,A5070364661,last
W4232371956,A5032060676,first
W4232371956,A5032150969,middle
W4232371956,A5005307040,last
W4235679023,A5048414328,first
W4236033262,A5090446191,first
W4237634754,A5034546708,first
W4238197034,A5084915488,first
W4238197034,A5028921918,last
W4240284725,A5075954707,first
W4240359927,A5089314771,last
W4248253777,A5026802802,first
W4249351096,A5044285627,first
W4253056511,A5049727684,last
W4299868912,A5060244772,first
W4299868912,A5024830140,last
W4300230144,A5007268087,first
W4301753735,A5027450194,first
W4301753735,A5039755127,middle
W4301753735,A5013126220,last
W587468865,A5032785754,first
W600898951,A5065403512,first
W625041402,A5030334025,first
W639326151,A5017296609,last
W1482501940,A5010399238,last
W1500883271,A5058981994,first
W1557486299,A5055357291,first
W183466903,A5000015306,first
W1909681491,A5081875121,middle
W2177074851,A5041459160,first
W2230205122,A5028769826,first
W2230205122,A5031470846,last
W2237440059,A5048396155,first
W2273479756,A5072515650,first
W2277479758,A5006312326,first
W2277479758,A5072071553,last
W2284688860,A5014156820,first
W2303242260,A5006726179,first
W2303242260,A5033722814,last
W2318303262,A5089607178,first
W2336185784,A5009771549,first
W2336591615,A5023232144,first
W2339881696,A5009667479,first
W2339881696,A5071257904,last
W2340070759,A5033615800,first
W2340070759,A5047819442,middle
W2340070759,A5015589979,last
W2341989820,A5024501121,first
W2341989820,A5087367222,last
W2344029010,A5028302644,first
W2346183097,A5035897024,middle
W2346183097,A5088179237,middle
W2395234841,A5037413247,first
W2396008487,A5074506453,middle
W2396008487,A5036701781,last
W2399802390,A5017185490,first
W2399802390,A5029754134,middle
W2399802390,A5006014871,last
W2405688269,A5000432642,first
W2406781362,A5064339565,first
W2411378867,A5086489064,first
W2411751763,A5059003249,last
W2412750892,A5060079039,first
W2414583688,A5033287292,first
W2415782591,A5079437433,first
W2417444310,A5083403197,first
W2418558219,A5051880285,middle
W2418610749,A5033449241,first
W2418610749,A5075930827,middle
W2418610749,A5055416007,middle
W2418610749,A5046153744,middle
W2418610749,A5036511259,middle
W2418610749,A5003674186,last
W2424320615,A5044821240,first
W2460851754,A5068996850,middle
W2460851754,A5062747197,middle
W2463538341,A5076239557,first
W2463538341,A5079152917,middle
W2463538341,A5051059716,middle
W2463538341,A5029571111,middle
W2463538341,A5076454480,last
W2466383850,A5005707351,first
W2477105654,A5062469937,first
W2477603640,A5017490856,first
W2477603640,A5015577064,last
W2477617092,A5021197146,first
W2478197885,A5044687255,first
W2478197885,A5030727063,middle
W2478197885,A5087672845,last
W2479550758,A5066522225,first
W2480029521,A5040710080,first
W2480029521,A5061455505,last
W2480063117,A5072199973,first
W2480063117,A5041101317,last
W2480264857,A5031013029,first
W2480264857,A5005002693,middle
W2480264857,A5047241375,middle
W2480264857,A5016115576,middle
W2480264857,A5003347359,middle
W2480264857,A5046294611,last
W2480360071,A5003150596,first
W2480568939,A5066162700,first
W2480830318,A5033726593,first
W2480830318,A5022892062,last
W2481125700,A5051855375,first
W2481575576,A5088161571,first
W2482929771,A5060739855,first
W2483068823,A5075015473,first
W2483068823,A5065335604,middle
W2483068823,A5065625000,last
W2483095576,A5085518311,first
W2483095576,A5050287408,last
W2483966963,A5000506532,first
W2483966963,A5083635220,middle
W2483966963,A5019857998,last
W2485473998,A5000355675,last
W2486089991,A5015502267,first
W2486129765,A5001026482,first
W2487475175,A5043893479,first
W2487475175,A5024164153,last
W2488573871,A5050406027,middle
W2488573871,A5060569819,middle
W2488573871,A5000426291,last
W2488943804,A5012899746,first
W2489334268,A5003347271,first
W2489334268,A5017370575,middle
W2489334268,A5069897104,middle
W2489334268,A5000418824,last
W2489420188,A5005258575,first
W2489420188,A5070517688,middle
W2489420188,A5021502111,last
W2489674104,A5044546919,first
W2489674104,A5061154995,middle
W2489674104,A5084500643,middle
W2489674104,A5090960067,last
W2490406735,A5073869036,first
W2490777638,A5015407119,last
W2492714136,A5035496450,first
W2494392979,A5033215072,first
W2494593858,A5007508748,first
W2494884704,A5083915539,last
W2495708388,A5085615320,first
W2496452907,A5041935786,first
W2496452907,A5029582839,middle
W2496452907,A5001083654,middle
W2496452907,A5059629312,last
W2496610678,A5028271020,first
W2496703621,A5013493866,first
W2497164004,A5042833743,first
W2497164004,A5028699011,middle
W2497164004,A5027862575,middle
W2497164004,A5022950151,middle
W2497164004,A5024453737,last
W2497456262,A5032918507,first
W2497456262,A5045667752,last
W2497476942,A5069064331,first
W2497476942,A5047937300,last
W2497990615,A5057769250,first
W2497990615,A5013274530,last
W2499110057,A5029337859,first
W2499110057,A5009704292,last
W2499454561,A5012769862,first
W2499780209,A5069072807,first
W2499780209,A5035536258,last
W2500074794,A5075187387,first
W2500074794,A5081451369,middle
W2500074794,A5047517734,last
W2500340509,A5048043645,first
W2500492511,A5036405267,first
W2500789235,A5017480456,first
W2500808061,A5023086752,first
W2501153849,A5046878537,first
W2501153849,A5086290802,middle
W2501153849,A5042623700,last
W2501644759,A5001903786,last
W2502047214,A5022478700,first
W2502297141,A5066297980,first
W2502782036,A5004082634,first
W2504075624,A5051383531,first
W2504312696,A5007653465,first
W2504312696,A5026932162,middle
W2504312696,A5087338661,last
W2504365826,A5032898501,first
W2504784067,A5054228678,first
W2505563870,A5069169048,first
W2505563870,A5054472031,middle
W2505563870,A5061450079,middle
W2505563870,A5012682887,middle
W2505563870,A5074535695,middle
W2505563870,A5003433241,middle
W2505563870,A5014708674,last
W2505915390,A5078112309,first
W2506235761,A5047517734,first
W2506235761,A5024220409,middle
W2506235761,A5055255175,last
W2506276108,A5000815495,first
W2507089454,A5000785049,first
W2509567066,A5009707749,last
W2509949505,A5043804253,first
W2509949505,A5091744677,middle
W2509949505,A5001227155,last
W2512523063,A5016632535,middle
W2512523063,A5004326276,middle
W2512523063,A5010814462,middle
W2513439888,A5001309771,middle
W2513439888,A5021688917,middle
W2513439888,A5017704096,last
W2514032305,A5076017424,first
W2516368697,A5064002639,first
W2516368697,A5027156159,last
W2516492438,A5088493440,first
W2516492438,A5011101053,middle
W2520237046,A5088461366,first
W2520237046,A5040703717,middle
W2520237046,A5060031710,last
W2521752368,A5085343290,first
W2522933937,A5033896566,first
W2522933937,A5064091324,middle
W2526127466,A5085421841,last
W2529023093,A5024543521,middle
W2529023093,A5015955539,middle
W2529140633,A5086660104,middle
W2529140633,A5042026738,middle
W2529140633,A5086654151,middle
W2529224349,A5086033072,last
W2531384034,A5091397108,first
W2534863477,A5066513609,first
W2534863477,A5028013645,last
W2537865549,A5044706022,first
W2538518392,A5035604098,first
W2543498199,A5026188630,first
W2543498199,A5028171375,last
W2545994777,A5011208990,first
W2545994777,A5074074791,middle
W2545994777,A5026789951,middle
W2545994777,A5015129790,middle
W2545994777,A5068905728,middle
W2545994777,A5083621117,last
W2550953475,A5043794259,first
W2550953475,A5067771039,middle
W2550953475,A5088211841,last
W2551533921,A5056895049,first
W2551533921,A5046940335,last
W2554200055,A5040232003,first
W2554543558,A5056141272,first
W2554582609,A5014780577,first
W2554582609,A5034599517,middle
W2554582609,A5071244906,last
W2556329730,A5022988784,first
W2556329730,A5075590161,middle
W2556329730,A5041191852,middle
W2556329730,A5086175214,last
W2557338801,A5076374877,first
W2557654551,A5058406798,first
W2557654551,A5076062123,last
W2561086496,A5050804685,first
W2561658414,A5003945520,middle
W2561658414,A5002855390,last
W2562613440,A5088486867,first
W2562613440,A5029245500,last
W2562915707,A5021099747,first
W2562915707,A5036735310,last
W2566457835,A5025458917,first
W2570288368,A5023332321,first
W2570288368,A5089322319,middle
W2572055967,A5081510302,first
W2580036542,A5067341995,middle
W2580036542,A5035714039,middle
W2580036542,A5003150991,middle
W2581314875,A5068787013,first
W2586568578,A5016717457,first
W2586568578,A5000270292,last
W2587817879,A5053476652,first
W2587817879,A5071390048,last
W2588547249,A5027870743,first
W2588742337,A5025715396,first
W2591461408,A5025878019,first
W2592517293,A5048624779,first
W2592517293,A5041875997,middle
W2592517293,A5045397338,middle
W2592517293,A5037057278,middle
W2592517293,A5064325044,last
W2592946840,A5019145002,first
W2592946840,A5081661873,middle
W2592946840,A5042982258,last
W2597176993,A5053526943,middle
W2601562458,A5019016245,first
W2601562458,A5012701585,last
W2604799487,A5049272580,last
W2607029250,A5065327980,first
W2610730957,A5005139192,last
W2615619810,A5009333521,first
W2615619810,A5065962800,middle
W2615619810,A5044280107,middle
W2618039635,A5002407510,first
W2618405758,A5048119697,first
W2618405758,A5057994995,middle
W2618405758,A5034400737,middle
W2618405758,A5085125810,last
W2620070959,A5022367925,first
W2724576573,A5036036445,first
W2735890350,A5073091147,first
W2735890350,A5086650097,last
W2737130045,A5064274622,first
W2737130045,A5078369669,middle
W2737130045,A5050729772,middle
W2737130045,A5008930531,last
W2737512261,A5026435847,first
W2737859403,A5053669374,first
W2738850521,A5005925953,first
W2738850521,A5008309887,last
W2741313282,A5047620605,first
W2742860456,A5023855743,first
W2745988559,A5011244622,first
W2748769205,A5066870045,first
W2748769205,A5034638756,middle
W2748769205,A5058435585,middle
W2748769205,A5090787101,middle
W2748769205,A5060520629,last
W2751291963,A5001980040,first
W2753566620,A5002842122,first
W2753566620,A5037432395,middle
W2753566620,A5034635671,last
W2762305195,A5068763843,first
W2762305195,A5041326099,last
W2765975980,A5085299259,first
W2774313172,A5016244048,first
W2774692742,A5078570390,first
W2778254677,A5090584718,first
W2778254677,A5045749522,middle
W2778254677,A5016794035,last
W2778452991,A5040472105,first
W2779074300,A5030085363,first
W2779074300,A5069085203,last
W2780979931,A5054865304,last
W2781795421,A5060432668,first
W2781795421,A5045384249,last
W2784566501,A5027550008,first
W2785271205,A5047210123,first
W2785271205,A5041411651,last
W2788615256,A5060098221,first
W2795717731,A5081988111,first
W2805642966,A5082935992,first
W2805715394,A5026686113,first
W2807012296,A5021724057,first
W2810150995,A5006390518,first
W2842020632,A5008085254,last
W2883985903,A5042808252,first
W2883985903,A5077934279,middle
W2883985903,A5089450729,last
W2888853844,A5087039629,first
W2889001822,A5041951909,first
W2892100840,A5064156499,first
W2894952069,A5007015049,first
W2897541496,A5057663598,first
W2897778121,A5069187027,first
W2903859862,A5060003479,first
W2904616276,A5067341995,middle
W2904616276,A5035714039,middle
W2904616276,A5003150991,middle
W2907608320,A5038206734,first
W2913297908,A5033753600,last
W2914489676,A5041219857,first
W2914489676,A5041301604,middle
W2914489676,A5045457205,last
W2914703235,A5084431277,middle
W2914703235,A5043675709,middle
W2914703235,A5003973480,last
W2921896704,A5026862823,last
W2943272685,A5037687232,first
W2944351891,A5070750659,first
W2944351891,A5063031245,middle
W2944351891,A5000570251,last
W2945290295,A5022594228,first
W2953905301,A5049036814,first
W2958589345,A5037853382,last
W2963458820,A5028162708,first
W2964085240,A5088738795,first
W2964085240,A5086542918,middle
W2964085240,A5019971124,last
W2970834935,A5055142738,first
W2976828761,A5042702049,first
W2989778909,A5055025123,middle
W2989778909,A5041139107,middle
W2989778909,A5054843650,last
W2993738057,A5073799241,middle
W3006612030,A5018903380,first
W3041827605,A5041721363,first
W3126734886,A5072737356,first
W3140631287,A5021872761,first
W3140631287,A5055029056,middle
W3140631287,A5080845656,last
W31427556,A5041504603,first
W3143757079,A5050085003,first
W3143757079,A5077143737,middle
W3149820457,A5003904999,first
W3149820457,A5049405285,middle
W3149820457,A5031424417,last
W3151044242,A5048582530,first
W3151044242,A5011543714,last
W3167006754,A5079085412,middle
W3167006754,A5020354604,last
W3212511029,A5022938610,first
W3212511029,A5065437426,middle
W3216639837,A5079800641,first
W3216639837,A5021356456,last
W368128509,A5079375694,first
W4211042163,A5047583756,first
W4211042163,A5083502978,last
W4211179565,A5049264037,first
W4229982569,A5004435229,first
W4234271500,A5036426093,first
W4235398493,A5039482050,first
W4236183326,A5029413988,last
W4237585423,A5074031551,first
W4238756532,A5080497330,last
W4240083219,A5058664471,first
W4243730528,A5076985479,first
W4243968614,A5037816423,last
W4244945522,A5032768602,first
W4248040526,A5006640853,last
W4250880198,A5091282259,first
W4250880198,A5091667095,middle
W4250880198,A5003757306,last
W4250932307,A5052018441,middle
W4251225666,A5029348229,first
W4251225666,A5024901674,last
W4298212684,A5019473133,first
W4298212684,A5056774275,middle
W4298212684,A5004737962,last
W4299557523,A5064306421,first
W4300918849,A5026188630,first
W4301010086,A5047244561,first
W4301331362,A5070306914,first
W4301331362,A5069589954,last
W4301407481,A5023619303,middle
W4301407481,A5076719940,middle
W4301407481,A5044047404,middle
W4301407481,A5083046363,middle
W4301407481,A5015088895,middle
W4301407481,A5070166436,middle
W4301407481,A5042179910,middle
W4301407481,A5074899838,last
W560492556,A5034720507,first
W561754342,A5003244232,last
W582444539,A5007923118,first
W584184405,A5007404751,first
W584184405,A5087799706,last
W599685483,A5088978244,first
W615423310,A5043207505,first
W639928985,A5020326095,first
W1138757975,A5082576141,first
W1158093035,A5018410445,first
W1158093035,A5074179735,last
W1204338348,A5017109701,last
W146410177,A5053572051,first
W1491681453,A5075857371,last
W1515799921,A5056334484,first
W1515799921,A5012502919,middle
W1515799921,A5048705023,last
W152283568,A5040803225,first
W1779955463,A5010173497,first
W1889815224,A5028496989,first
W2047367550,A5026741951,first
W2099702932,A5039246243,first
W2103917943,A5029322547,first
W2103917943,A5019317182,middle
W2103917943,A5048376958,last
W2182054813,A5067761525,first
W2184597576,A5019603753,first
W218817273,A5050070961,first
W2203393784,A5030860397,last
W2233933085,A5086597089,first
W2233933085,A5086109964,middle
W2233933085,A5003680174,middle
W2233933085,A5022162897,middle
W2233933085,A5078350461,middle
W2233933085,A5082620134,middle
W2233933085,A5014987200,middle
W2233933085,A5003778700,middle
W2233933085,A5082638094,last
W2238494275,A5023751794,first
W2247250584,A5062481314,first
W2247250584,A5010897042,middle
W2247250584,A5040830236,middle
W2247250584,A5014061773,middle
W2247250584,A5017774829,middle
W2254287830,A5068328447,first
W2265925123,A5067252442,first
W2268257392,A5009492831,first
W2280558537,A5087669255,first
W2286720180,A5051508428,first
W2294367103,A5040530780,first
W2298366082,A5050392733,middle
W2298366082,A5031640367,last
W2298859676,A5046173193,middle
W2299867149,A5001050056,first
W2299867149,A5048538967,middle
W2299867149,A5027184190,last
W2300581695,A5035513892,first
W2300581695,A5047328073,middle
W2300581695,A5073777266,last
W2305487775,A5053479158,first
W2305487775,A5032439452,last
W2308244636,A5075002350,middle
W2308271618,A5011763643,first
W2314221683,A5064650373,first
W2314221683,A5049999565,middle
W2314221683,A5054544784,last
W2323322105,A5071978262,middle
W2324281573,A5065058581,first
W2324281573,A5054026337,last
W2331718353,A5037669208,first
W2335549893,A5020864045,first
W2336544963,A5068640380,first
W2336657149,A5042350896,first
W2340635981,A5061927874,last
W2340846968,A5002676649,first
W2342598324,A5012027004,first
W2342598324,A5010766325,middle
W2342598324,A5053191088,middle
W2342598324,A5033022560,middle
W2342598324,A5073888022,middle
W2342598324,A5013697463,middle
W2342598324,A5018656847,middle
W2343840764,A5057792892,first
W2344334043,A5020474912,first
W2344334043,A5084966916,last
W2346071950,A5003122432,first
W2349532221,A5047160693,first
W239320739,A5030402987,first
W2394491968,A5078277073,first
W2397226450,A5072199973,first
W2397226450,A5041101317,last
W2400472211,A5017974535,first
W2401936482,A5047487276,last
W2405891861,A5041151162,middle
W2405891861,A5026788167,last
W2409398526,A5000445240,middle
W2410186785,A5055305609,last
W2410933798,A5018151377,first
W2412934120,A5078348621,first
W2413102963,A5039494431,first
W2413475774,A5033579705,first
W2413475774,A5041520103,middle
W2413475774,A5029032085,middle
W2413475774,A5007140671,middle
W2414085118,A5086526106,first
W2414085118,A5026286215,last
W2418817242,A5024626195,first
W2437740404,A5043069049,first
W2437740404,A5052608804,middle
W2441134555,A5047059242,middle
W2460636497,A5077461494,first
W2460636497,A5008888706,middle
W2460636497,A5013800136,middle
W2460636497,A5055313324,middle
W2460636497,A5067970454,last
W2463074766,A5058138023,first
W2463074766,A5006543237,middle
W2463074766,A5005605270,last
W2464673154,A5071241846,first
W2464673154,A5010462308,middle
W2464673154,A5019257524,middle
W2464673154,A5000763047,last
W2465288476,A5015563134,first
W2465288476,A5036631153,last
W2466502883,A5028078726,first
W2466502883,A5027544704,last
W2469269092,A5029483412,first
W2470598031,A5090641466,last
W2473634410,A5074481639,last
W2474873497,A5012703845,first
W2475351320,A5028729642,first
W2475351320,A5069267601,last
W2475625300,A5072816665,middle
W2475683736,A5083209573,first
W2475683736,A5003587558,middle
W2475683736,A5059799200,middle
W2475683736,A5005891715,last
W2475931355,A5029477698,first
W2475931355,A5090732704,middle
W2475931355,A5039945857,last
W2476579806,A5061387861,first
W2476752527,A5063261588,first
W2476752527,A5074144018,last
W2476872269,A5051819150,first
W2477503577,A5015785795,first
W2477503577,A5081488662,last
W2477696652,A5033056152,first
W2477807843,A5077723508,first
W2477807843,A5049922472,middle
W2477807843,A5026962283,last
W2478013968,A5008509744,first
W2478013968,A5066302861,middle
W2478013968,A5046340343,middle
W2478013968,A5059436198,middle
W2478013968,A5049560556,middle
W2478013968,A5045499382,last
W2478999334,A5006380777,first
W2478999334,A5015753842,middle
W2478999334,A5058360953,middle
W2478999334,A5013114471,middle
W2478999334,A5016864296,last
W2479425041,A5060840266,first
W2479793358,A5067007738,middle
W2479793358,A5057804144,last
W2480323196,A5005566691,first
W2480412348,A5072892151,first
W2480412348,A5032651196,middle
W2480412348,A5045895774,last
W2480878838,A5016338914,first
W2480881376,A5012632345,first
W2480881376,A5007002585,middle
W2480881376,A5024835217,last
W2481066553,A5021926457,middle
W2481066553,A5034143246,last
W2481165491,A5007474538,first
W2481323569,A5011835245,first
W2481323569,A5047359547,middle
W2481323569,A5056390625,middle
W2481323569,A5007087783,middle
W2481323569,A5068502672,last
W2482108601,A5087152917,first
W2482108601,A5031760215,last
W2482114997,A5039939708,first
W2482114997,A5009470104,last
W2482285976,A5047517734,first
W2482285976,A5024220409,last
W2482593734,A5073031308,first
W2482607232,A5029477698,first
W2482607232,A5036067425,middle
W2482607232,A5037446815,middle
W2482607232,A5082367164,middle
W2482607232,A5066915624,middle
W2482607232,A5069839542,last
W2482812447,A5036833943,first
W2482812447,A5027862575,middle
W2482812447,A5005837856,middle
W2482812447,A5074143529,last
W2483635085,A5052396894,first
W2484257229,A5020390883,first
W2484651826,A5080867114,first
W2484651826,A5006746248,middle
W2484971098,A5028715246,first
W2484971098,A5044028164,middle
W2484971098,A5081953081,last
W2485273254,A5056983902,first
W2485273254,A5071711311,last
W2486438286,A5060389132,first
W2486438286,A5010109117,middle
W2486438286,A5071618261,last
W2486843765,A5017138940,first
W2487295591,A5070584555,first
W2487631554,A5020817984,first
W2488169824,A5005258575,first
W2488252346,A5010433768,first
W2489013776,A5071191321,first
W2489013776,A5035171392,middle
W2489013776,A5040067645,middle
W2489013776,A5052093200,last
W2489442489,A5036689981,first
W2489636573,A5070296128,first
W2489636573,A5082193927,last
W2489931321,A5046108772,first
W2490170260,A5044345436,first
W2491785325,A5065058581,first
W2491793420,A5058491329,first
W2491793420,A5000852304,last
W2492636994,A5022886322,first
W2493486286,A5084243559,first
W2493486286,A5058593295,last
W2493872136,A5053444976,first
W2493872136,A5071829791,middle
W2493872136,A5079423242,middle
W2493872136,A5030225045,last
W2494050820,A5004655124,middle
W2494050820,A5042545537,middle
W2494050820,A5040163449,middle
W2494050820,A5091424862,middle
W2494050820,A5091618398,last
W2494438468,A5078570390,first
W2494924255,A5051568175,first
W2494924255,A5008183059,middle
W2494924255,A5087324380,middle
W2494924255,A5053667045,last
W2495237651,A5004090723,middle
W2495440820,A5083538047,first
W2495440820,A5048575463,middle
W2495440820,A5070015380,last
W2496429493,A5042073730,first
W2496730672,A5002562252,first
W2496730672,A5050287828,middle
W2496730672,A5009379305,last
W2496785314,A5086062922,first
W2497071258,A5036175492,first
W2497550189,A5060102825,first
W2497550189,A5007124393,middle
W2497550189,A5004065024,middle
W2497550189,A5065669889,last
W2498086912,A5079293684,first
W2498086912,A5058046152,middle
W2498086912,A5070283361,middle
W2498086912,A5010195810,last
W2498481569,A5051641824,first
W2498573346,A5016874794,first
W2498573346,A5019186384,last
W2498881748,A5001046703,first
W2498881748,A5042789365,last
W2499133929,A5075320184,first
W2499507146,A5065664393,first
W2499507146,A5055416007,middle
W2499507146,A5021369488,last
W2499978838,A5090746453,last
W2500467984,A5003520356,first
W2501073191,A5067597688,first
W2501073191,A5075102868,last
W2501311317,A5003590196,first
W2501311317,A5020992691,last
W2502592148,A5058262278,first
W2502592148,A5086599189,middle
W2502592148,A5031884293,middle
W2502592148,A5048119697,middle
W2502592148,A5051092970,middle
W2502592148,A5086033373,middle
W2502592148,A5066178389,last
W2502661841,A5086903137,last
W2503434135,A5027249944,first
W2503434135,A5058341815,last
W2503434581,A5091833270,first
W2503488948,A5023463217,first
W2504469746,A5069806595,first
W2504469746,A5042295020,middle
W2504469746,A5024010215,last
W2504733461,A5069777898,first
W2504733461,A5012275958,last
W2505318239,A5031371771,first
W2505318239,A5084451803,middle
W2505318239,A5046140730,last
W2506357504,A5067231523,first
W2507730675,A5048202050,first
W2507965407,A5048573589,first
W2508791134,A5029477698,first
W2508791134,A5036067425,middle
W2508791134,A5037446815,middle
W2508791134,A5055139472,middle
W2508791134,A5065705195,middle
W2508791134,A5035756067,last
W2508846364,A5011090420,middle
W2508846364,A5016248748,middle
W2511046278,A5006247004,first
W2511046278,A5000847216,last
W2511238353,A5004477424,first
W2511755695,A5043306797,first
W2511755695,A5042171930,last
W2515028150,A5017042977,first
W2515028150,A5062963943,middle
W2515028150,A5083565969,last
W2517184154,A5085636293,first
W2517184154,A5062215861,middle
W2517184154,A5085461076,last
W2517456422,A5011952882,first
W2518723348,A5004489501,first
W2518723348,A5085519104,last
W2518820797,A5041581707,first
W2518820797,A5011431771,middle
W2518887255,A5054774293,first
W2518887255,A5052174611,last
W2519909649,A5042967567,first
W2521410972,A5081017623,first
W2521410972,A5083743189,last
W2523446640,A5087672831,first
W2523446640,A5090586758,middle
W2523446640,A5027842910,middle
W2523446640,A5035248827,middle
W2523480454,A5086986783,first
W2523480454,A5017789014,middle
W2524068769,A5058960241,first
W2524068769,A5028909822,last
W2524421940,A5061163693,first
W2524540811,A5043150634,first
W2524540811,A5032874655,last
W2524789475,A5018654135,first
W2524946165,A5086407819,middle
W2524946165,A5029360587,last
W2526227054,A5075931354,first
W2526227054,A5064933026,middle
W2526227054,A5079243420,middle
W2526227054,A5012742314,last
W2526935572,A5082653655,middle
W2526935572,A5026299811,last
W2527045134,A5047517734,first
W2527045134,A5024220409,middle
W2527045134,A5044272065,middle
W2528557410,A5079769620,first
W2528557410,A5037586179,middle
W2528557410,A5000382542,last
W2529349297,A5011104901,first
W2530329880,A5055853143,first
W2530368305,A5019021319,first
W2530951078,A5083358892,middle
W2530951078,A5007440266,last
W2530982676,A5013447033,first
W2530982676,A5006595915,last
W2531757221,A5053246831,first
W2531757221,A5090320352,middle
W2531757221,A5076628907,last
W2531962163,A5017532066,first
W2533845536,A5027635656,first
W2533845536,A5002863938,middle
W2533845536,A5059522163,middle
W2533845536,A5069205798,middle
W2533845536,A5008525798,last
W2536333029,A5054322944,first
W2536333029,A5085023621,last
W2540574557,A5015340437,first
W2540574557,A5007199420,middle
W2545090371,A5074613565,first
W2545090371,A5058166217,last
W2545473628,A5069794460,first
W2546867196,A5051661917,last
W2546893782,A5078007096,middle
W2546893782,A5055458864,last
W2547297053,A5058035230,first
W2549111217,A5071155673,first
W2550748076,A5021872235,first
W2551330762,A5084694240,first
W2551330762,A5035306078,last
W2551458926,A5059517520,first
W2554539006,A5007551882,first
W2556220093,A5035179935,first
W2556531028,A5039346080,first
W2557967248,A5025029489,first
W2557967248,A5084793824,middle
W2557967248,A5046908604,last
W2558309194,A5020219571,first
W2558309194,A5016796979,last
W2558550564,A5082923475,first
W2558550564,A5029016223,last
W2558692771,A5003875445,first
W2558692771,A5037636074,last
W2558848608,A5055660232,middle
W2558848608,A5066134934,last
W2560076288,A5029477698,first
W2560076288,A5036067425,middle
W2560076288,A5037446815,middle
W2560076288,A5000905974,middle
W2560850220,A5075790596,first
W2560969306,A5072761160,first
W2561492534,A5035483302,first
W2561528520,A5081426134,first
W2561744375,A5001844250,middle
W2562176851,A5021235658,first
W2562200610,A5071634535,first
W2562607512,A5009300655,first
W2562607512,A5067553162,middle
W2562607512,A5076596849,middle
W2562607512,A5086429143,last
W2562804075,A5051730793,first
W2562804075,A5020525633,last
W2562873885,A5077937551,first
W2563125708,A5059840903,first
W2563372197,A5084676897,first
W2563372197,A5086271131,last
W2563372811,A5019922169,first
W2563372811,A5061694501,middle
W2563372811,A5038692973,last
W2563410306,A5009930587,first
W2563410306,A5003275797,last
W2563859880,A5011308665,first
W2564251873,A5013881137,first
W2564251873,A5028943536,last
W2564672457,A5034930946,first
W2564672457,A5035791250,middle
W2564672457,A5023638199,middle
W2564672457,A5006966951,middle
W2564672457,A5027852213,middle
W2564672457,A5042746008,middle
W2564672457,A5091716507,last
W2564860382,A5008283717,first
W2565353438,A5000975435,first
W2565353438,A5073956678,middle
W2565353438,A5085432173,last
W2566971333,A5029919954,first
W2567126066,A5078627825,first
W2567614300,A5013253217,last
W2570322656,A5012748071,first
W2570322656,A5062906790,middle
W2570322656,A5015357432,middle
W2570322656,A5017675965,middle
W2570322656,A5018058480,last
W2571974770,A5038430520,middle
W2571974770,A5053490184,last
W2579880579,A5049173779,first
W2579880579,A5004790787,middle
W2583004076,A5034277208,middle
W2583088593,A5001524112,first
W2583088593,A5084506996,middle
W2585490996,A5029804422,first
W2585537589,A5091193777,first
W2585629182,A5041392499,first
W2586598493,A5006490095,first
W2586598493,A5085188232,middle
W2586598493,A5005612047,last
W2587049312,A5040367566,first
W2587162273,A5004435229,first
W2588650332,A5005408594,first
W2588650332,A5088830946,middle
W2588650332,A5035945061,last
W2589640048,A5081527786,first
W2589640048,A5084089292,last
W2591399639,A5030410007,first
W2591399639,A5018872519,middle
W2591399639,A5010008450,middle
W2592709737,A5058766860,first
W2593000748,A5038971425,first
W2593369713,A5009004008,first
W2594374171,A5006438070,first
W2600444400,A5071111949,first
W2600444400,A5081272754,middle
W2602478924,A5009727601,middle
W2602478924,A5042996562,middle
W2603922620,A5050541355,first
W2603922620,A5008763824,last
W2605533701,A5013460936,first
W2605641172,A5060605767,first
W2608271595,A5003374404,first
W2610479030,A5030730297,first
W2614022495,A5013484392,first
W2614022495,A5082301359,middle
W2614022495,A5011974762,middle
W2614022495,A5087330088,last
W2614625313,A5062215329,first
W2614625313,A5070361095,last
W2615801383,A5065950971,first
W2615801383,A5020712022,middle
W2615801383,A5032960190,middle
W2616176530,A5047647054,first
W2616176530,A5062215329,middle
W2616827465,A5062215329,middle
W2616827465,A5047647054,middle
W2616827465,A5070361095,last
W2617230398,A5021756821,first
W2618596934,A5021362289,first
W2620422580,A5006379260,middle
W2620422580,A5046091057,last
W2623049343,A5069517523,first
W2624061147,A5078276226,first
W2624328485,A5007571091,first
W2624328485,A5007242502,last
W2624898525,A5000883949,last
W2626660631,A5061745175,first
W2626660631,A5065110383,middle
W2626660631,A5020864885,middle
W2626660631,A5087289554,middle
W2626660631,A5061050963,last
W2626996083,A5028996052,first
W2626996083,A5032236864,last
W2676285490,A5080752890,first
W2686841361,A5079610025,middle
W2686841361,A5041663047,last
W2691326874,A5056487490,first
W2711275409,A5070174246,first
W2711275409,A5028797433,middle
W2711275409,A5028009047,middle
W2711275409,A5054157276,last
W2729033687,A5000229744,first
W2729033687,A5083304312,last
W2735073339,A5017167563,middle
W2735721388,A5058486589,last
W2736711251,A5090446191,first
W2737480570,A5013224365,first
W2737721940,A5012372361,first
W2737984127,A5036652783,first
W2738221779,A5074063024,first
W2738221779,A5066203581,middle
W2738221779,A5066770728,middle
W2738221779,A5083632408,last
W2738702217,A5057547860,first
W2738702217,A5060051647,middle
W2738702217,A5063188437,last
W2740297671,A5044129236,first
W2740428841,A5072702157,first
W2740428841,A5067752641,middle
W2740428841,A5062089855,last
W2740819520,A5070560728,first
W2741274106,A5049533477,first
W2741274106,A5060859546,middle
W2741274106,A5060839259,middle
W2741274106,A5039827669,last
W2743522777,A5088689668,first
W2743522777,A5075802808,middle
W2743522777,A5025869535,last
W2743737499,A5030678782,first
W2743737499,A5001882647,middle
W2743737499,A5044854900,middle
W2743737499,A5008124991,last
W2744321072,A5018752675,first
W2744321072,A5074590928,last
W2744464348,A5025963104,first
W2744464348,A5044608314,middle
W2744464348,A5007964745,last
W2744881139,A5001974461,middle
W2744881139,A5071419073,last
W2745185645,A5024476526,first
W2745185645,A5011562999,middle
W2747014989,A5080466652,first
W2747014989,A5061567665,last
W2747292825,A5042662436,first
W2747292825,A5051468788,middle
W2747292825,A5037217690,middle
W2750161062,A5058475882,first
W2750161062,A5070896564,middle
W2750161062,A5040402369,middle
W2750161062,A5073956678,last
W2754883565,A5041972688,first
W2761400,A5039477301,first
W2766069957,A5075775842,middle
W2766069957,A5089281590,middle
W2767052379,A5019050769,last
W2767505483,A5020259378,first
W2767505483,A5079760641,middle
W2767505483,A5084740363,middle
W2767505483,A5087793505,middle
W2767505483,A5015768582,middle
W2767505483,A5076886839,middle
W2767505483,A5002849767,middle
W2767505483,A5074430882,middle
W2767505483,A5063597714,last
W2767828823,A5030483392,first
W2769217321,A5079886093,first
W2769217321,A5049784781,last
W2771999140,A5074565814,middle
W2776025144,A5055124220,first
W2776025144,A5084035677,middle
W2776025144,A5072143984,middle
W2776394351,A5002237733,first
W2776753854,A5069610790,first
W2776753854,A5016877253,middle
W2776753854,A5010635837,middle
W2776753854,A5005837856,middle
W2776753854,A5029350115,last
W2777455152,A5075116522,middle
W2780978309,A5002599291,first
W2780978309,A5042967020,last
W2784086277,A5049150711,first
W2784086277,A5032634346,middle
W2784086277,A5072083470,middle
W2784086277,A5021882557,middle
W2784086277,A5041762013,last
W2796379972,A5090419774,last
W2798486872,A5053084354,first
W2803745522,A5042142996,first
W2805374725,A5050302108,first
W2805374725,A5041795695,last
W2808649398,A5066778468,first
W2808874173,A5032772490,first
W2856651100,A5080190305,first
W2882997651,A5027965789,first
W2882997651,A5068535537,middle
W2883554450,A5088487015,first
W2888792648,A5008384408,first
W2889034204,A5013022863,last
W2889216673,A5020399355,first
W2889216673,A5052709754,last
W2889218064,A5033916270,last
W2889452328,A5010867142,first
W2891129688,A5058541397,first
W2892053382,A5078790053,first
W2892063839,A5025861720,first
W2892237156,A5033166309,first
W2892785855,A5078094147,last
W2895284493,A5055783879,last
W2896418519,A5003794613,first
W2903986599,A5012329093,middle
W2903986599,A5072851919,last
W2909207358,A5075954707,first
W2911172430,A5079073940,first
W2911477025,A5090316262,first
W2911762153,A5021935717,last
W2911975674,A5022860169,first
W2911975674,A5014056956,middle
W2911975674,A5026532071,middle
W2911975674,A5048820921,last
W2912977966,A5026062446,first
W2912977966,A5000513247,middle
W2912977966,A5046365943,last
W2913864818,A5085232870,first
W2914021186,A5070609145,first
W2914021186,A5043307560,last
W2914369884,A5061347212,first
W2914461480,A5039974136,last
W2914900874,A5035198937,first
W2914960091,A5089771591,last
W2915690521,A5065058581,first
W2915764099,A5004191382,first
W2915764099,A5086590874,middle
W2915764099,A5028911768,middle
W2924019048,A5007497742,first
W2924340906,A5083693418,first
W2929246889,A5055798173,middle
W2936816547,A5030621885,first
W2944301791,A5088737151,first
W2947160648,A5072415042,first
W2963801212,A5013109648,first
W2976557437,A5055276162,first
W2977473361,A5073344742,first
W2977473361,A5040646238,middle
W2977473361,A5063040250,middle
W2977473361,A5031991761,last
W2978310466,A5019967091,first
W2978310466,A5010287273,middle
W2978310466,A5034059867,last
W2978969170,A5046536366,middle
W2978969170,A5041039488,last
W2982116040,A5066870283,first
W2982685870,A5062680225,first
W2985493823,A5032809892,first
W2991594969,A5003057117,first
W2991594969,A5014026720,middle
W2991594969,A5062380036,middle
W2991594969,A5088418265,last
W3001550010,A5053626926,first
W3005906877,A5034413538,last
W3011800785,A5031553118,first
W3014733086,A5062257416,first
W3014733086,A5075606209,last
W3018593456,A5084465266,first
W3022716555,A5068015318,middle
W3022716555,A5017478454,middle
W3022716555,A5009343703,middle
W3022716555,A5017274120,middle
W3022716555,A5017426974,middle
W3022716555,A5043054372,middle
W3022716555,A5052550722,middle
W3022716555,A5076794723,middle
W3022716555,A5038636493,middle
W3022716555,A5086206346,middle
W3024720378,A5089314771,last
W3026810374,A5054170736,first
W3026810374,A5068347188,last
W3033610709,A5053515901,first
W3039834787,A5039517845,first
W3039834787,A5012974143,last
W3045839551,A5088067587,first
W3047476099,A5072996834,first
W3047511373,A5042485246,first
W3111582858,A5007160462,first
W3113377021,A5048966318,first
W3123088692,A5041485339,first
W3125590737,A5042206408,middle
W3126134017,A5080724309,first
W3128930984,A5071546444,first
W3134207965,A5081778003,last
W3139816211,A5035688032,first
W3143369444,A5010647243,first
W3144407543,A5054198975,first
W3144407543,A5046294611,last
W3146060351,A5066525694,first
W3146060351,A5027606478,last
W3165913231,A5040576961,first
W3169830463,A5045573984,first
W3169830463,A5058466208,last
W3174033174,A5011347360,first
W3185610937,A5036940578,middle
W3185610937,A5044475069,last
W3189523884,A5072940696,first
W3192566855,A5085401834,middle
W3192938886,A5074059073,first
W3192938886,A5051293560,last
W3193454076,A5083959663,first
W3201000601,A5059332839,first
W3211266588,A5077083991,first
W3212880250,A5054882011,last
W3214513423,A5007679721,middle
W3214528717,A5000560473,first
W393755967,A5046153744,first
W393755967,A5055416007,middle
W393755967,A5045667752,middle
W393755967,A5003674186,last
W4205730866,A5036812254,first
W4205730866,A5075230989,middle
W4205730866,A5066677397,middle
W4205730866,A5040099871,middle
W4205730866,A5084702945,middle
W4205730866,A5029403661,middle
W4205730866,A5069757996,middle
W4205730866,A5023082537,middle
W4205730866,A5015764128,middle
W4205730866,A5039414480,middle
W4205730866,A5007123356,middle
W4205730866,A5022301074,middle
W4205730866,A5015037215,middle
W4205730866,A5046935235,middle
W4205730866,A5047694866,middle
W4205730866,A5016342119,middle
W4214884381,A5021966059,first
W4230688334,A5056539608,first
W4231786837,A5071748044,first
W4233776587,A5017273750,first
W4235643783,A5014702455,first
W4235795369,A5028720155,first
W4236442343,A5042630279,first
W4236442343,A5067491530,last
W4238639272,A5044287004,first
W4238851361,A5086934416,middle
W4238973019,A5079405118,first
W4240096897,A5087327461,first
W4240355117,A5051173013,first
W4240805542,A5065545710,first
W4240805542,A5063538473,last
W4241058651,A5015417862,last
W4241928692,A5026531577,first
W4241928692,A5062112507,last
W4242114595,A5048966318,first
W4243174465,A5061927874,last
W4244667179,A5087584625,first
W4244667179,A5007446175,middle
W4244667179,A5019291210,middle
W4244667179,A5001469539,middle
W4244667179,A5073115503,middle
W4244667179,A5059851427,middle
W4244667179,A5043945029,last
W4244812092,A5074043497,first
W4247547478,A5030276217,first
W4248145920,A5075839765,middle
W4248145920,A5011533013,last
W4249482479,A5065058581,first
W4249482479,A5054026337,last
W4251833060,A5009115835,first
W4255693104,A5033729550,first
W4293158870,A5039238264,first
W4293158870,A5081879408,last
W4297407505,A5067703063,first
W4297407505,A5086545543,middle
W4297407505,A5043559765,middle
W4297407505,A5005425399,middle
W4297407505,A5087058066,middle
W4298005978,A5074371899,last
W4299646958,A5079410647,first
W4299807878,A5080142153,first
W4300956906,A5054887637,first
W4301949114,A5049747850,first
W4302338933,A5055065964,first
W4302338933,A5036569886,middle
W4302338933,A5086662281,last
W562469793,A5021756821,first
W563043496,A5056526187,first
W563043496,A5051032996,middle
W563043496,A5078479166,middle
W563043496,A5045394023,last
W589366557,A5006710857,first
W613361342,A5090308918,first
W633590760,A5074942370,first
W633590760,A5047566346,middle
W633590760,A5069527664,middle
W633590760,A5082014108,middle
W633590760,A5019993026,last
W633745389,A5087573904,first
W633745389,A5016502058,last
W64229775,A5074531054,first
W64229775,A5082726226,last
W651407943,A5046278689,first
W798209323,A5011195704,last
W803405787,A5038814581,first
W957454131,A5010466227,first
W107002397,A5058163340,first
W107002397,A5033638845,middle
W107002397,A5041330302,middle
W107002397,A5013340294,last
W1122023180,A5082576141,first
W113675389,A5015151313,first
W1137839544,A5082576141,first
W1137839544,A5017018507,last
W1157822087,A5010290883,first
W1162036560,A5082576141,first
W1162036560,A5086968208,last
W1197380610,A5082576141,first
W1198432918,A5058780119,first
W1198432918,A5004354800,last
W1222756724,A5082576141,first
W1222756724,A5017018507,last
W1235893878,A5082576141,first
W1235893878,A5017018507,last
W1425274217,A5082576141,first
W1425274217,A5017018507,last
W1431503829,A5031510704,first
W1453872901,A5075146291,first
W1501899508,A5029222060,first
W1508014743,A5011863814,first
W1512930246,A5035885312,first
W1512930246,A5025968166,last
W1524808885,A5080731435,first
W1537252618,A5049822636,last
W1573343095,A5081121007,first
W1580980572,A5082576141,first
W1585867201,A5041906972,middle
W1593778595,A5017231466,first
W1696098678,A5050067034,last
W1808487090,A5001974756,first
W1827419674,A5089512128,first
W1902110935,A5091086691,first
W1978148936,A5086175489,middle
W1978148936,A5009645913,last
W2101726883,A5009113167,first
W2138937967,A5050812941,middle
W2138937967,A5031554463,middle
W2138937967,A5065766291,middle
W2150025904,A5017590625,first
W2179395632,A5075963747,first
W2179395632,A5031639432,last
W2183303029,A5015511648,first
W2189499124,A5038599060,first
W2196000107,A5079342225,first
W2207064396,A5090094509,middle
W2231789775,A5078899575,last
W2233396052,A5088385799,first
W2234139745,A5052505930,first
W2234139745,A5054954555,last
W2235448745,A5073755886,first
W2238663623,A5050469277,first
W2238991507,A5089103033,first
W2238991507,A5026874866,middle
W2238991507,A5031543991,last
W2249084460,A5065488451,first
W2249084460,A5086842811,middle
W2249084460,A5065404355,last
W2250136074,A5045427161,middle
W2250450621,A5064047839,first
W2254875421,A5011292928,first
W2254883281,A5056312874,middle
W2254883281,A5085512989,last
W2255813918,A5084068910,first
W2255958294,A5000524587,first
W2257256746,A5027537165,first
W2257271446,A5076442128,first
W2258950837,A5085077978,first
W2258950837,A5021165445,last
W2259420490,A5016257563,first
W2261405324,A5091231351,first
W2263173458,A5044071205,first
W2263183167,A5050752377,first
W2263318211,A5049155414,first
W2263318211,A5030378878,last
W2264453784,A5000410462,first
W2265404711,A5029187871,first
W2267137081,A5053347473,last
W2269499040,A5072434400,first
W2270762256,A5026615499,first
W2270762256,A5033658073,last
W2272326614,A5039624450,first
W2272557421,A5061226694,last
W2273098526,A5031291046,last
W2275369631,A5072006004,first
W2275369631,A5050257293,middle
W2276860185,A5044391599,first
W2277442468,A5004219694,first
W2277442468,A5003345433,middle
W2277442468,A5020511221,last
W2277761434,A5056957927,first
W2277761434,A5046198305,middle
W2277761434,A5043439253,last
W2278050978,A5012069024,first
W2279536028,A5025588341,first
W2279878728,A5047932635,first
W2280018744,A5071364390,first
W2283224740,A5066758576,first
W2283224740,A5018396589,middle
W2283224740,A5012204768,last
W2287571832,A5009036656,last
W2287983688,A5039938411,first
W2287983688,A5022256353,last
W2288581813,A5055176196,first
W2290774194,A5082773511,first
W2290952119,A5074655521,last
W2293175985,A5042094990,first
W2293295087,A5029251895,first
W2293448522,A5043009740,first
W2294832423,A5061740927,first
W2295293538,A5066174497,first
W2295293538,A5044385416,middle
W2295293538,A5036642808,last
W2295296567,A5084392205,first
W2295296567,A5007408947,middle
W2295296567,A5057435252,last
W2296310663,A5015637108,first
W2296408787,A5061475136,first
W2297250247,A5050012839,first
W2297376634,A5086190201,first
W2297963873,A5016294919,middle
W2298030035,A5034180179,first
W2298863552,A5000334894,first
W2299612230,A5020696380,last
W2306968579,A5020248599,first
W2306968579,A5038084567,middle
W2306968579,A5069115743,middle
W2309371964,A5038886057,first
W2309371964,A5043132631,middle
W2309371964,A5047027364,middle
W2309371964,A5035206323,last
W2311383001,A5084636041,first
W2314443471,A5047022202,first
W2317986992,A5065058581,first
W2317986992,A5038150463,last
W2319470697,A5082893021,first
W2322127958,A5052246884,first
W2322127958,A5058138023,middle
W2322127958,A5011301071,middle
W2322127958,A5005605270,middle
W2322127958,A5070690723,last
W2324670353,A5076420345,middle
W2324670353,A5028008537,last
W2326482239,A5071986892,first
W2331313221,A5016777444,first
W2331313221,A5032708586,middle
W2331313221,A5025295022,middle
W2331313221,A5022862728,middle
W2331313221,A5072363242,middle
W2331313221,A5074437420,last
W2334354562,A5065058581,first
W2334354562,A5019494994,middle
W2334354562,A5054256492,last
W2336032659,A5060979528,first
W2336270834,A5029459663,first
W2336585831,A5080207250,first
W2336585831,A5023046494,middle
W2336589935,A5006467054,first
W2336828662,A5038401506,first
W2336947969,A5064049302,first
W2337802681,A5027174277,first
W2337802681,A5078092370,last
W2338137603,A5048212421,first
W2338137603,A5000895187,last
W2338166500,A5005258418,first
W2338610566,A5074450400,first
W2339256257,A5003728774,first
W2339669284,A5038305126,last
W2339685935,A5027750997,first
W2339685935,A5070441397,last
W2339733955,A5062362108,first
W2340262926,A5034353692,first
W2340605367,A5083418808,first
W2340605367,A5027653691,last
W2340675087,A5084126663,first
W2340993832,A5004816074,first
W2340993832,A5006172999,middle
W2340993832,A5011070501,last
W2341557871,A5010721126,first
W2341557871,A5046627623,last
W2341617895,A5049307628,first
W2341853016,A5040320156,first
W2341877388,A5036380736,first
W2341877388,A5068617458,last
W2342047724,A5039741743,first
W2342047724,A5068104600,last
W2342157557,A5084879420,first
W2342172699,A5049371348,first
W2342172699,A5073416837,last
W2342368812,A5081760173,last
W2342508037,A5085709919,middle
W2342693141,A5017979092,first
W2343054872,A5025628648,first
W2343083056,A5069467090,first
W2343244364,A5075527087,last
W2343740975,A5035314874,first
W2343740975,A5063179926,middle
W2343740975,A5073634264,middle
W2343740975,A5047652595,last
W2344818710,A5074025735,last
W2345471315,A5062433915,last
W2345755230,A5072345703,first
W2345755230,A5020248599,middle
W2345755230,A5038084567,middle
W2345755230,A5069115743,middle
W2345889769,A5022559238,first
W2346643519,A5083167941,first
W2346775164,A5012746995,first
W2346908561,A5033879207,first
W2346908561,A5090691489,middle
W2346908561,A5019969191,middle
W2346908561,A5067297941,middle
W2347009965,A5079829556,first
W2347009965,A5068329396,last
W2350880377,A5029011489,first
W2350880377,A5007830129,middle
W2350880377,A5046948770,middle
W2350880377,A5003072408,last
W2353895277,A5045845692,middle
W2353895277,A5017237322,last
W2359133860,A5056166838,first
W2367288233,A5044241027,first
W2367288233,A5008732333,last
W2368280558,A5085361908,first
W2368280558,A5028487421,last
W2379086469,A5057460510,first
W2383445095,A5033504616,first
W2383535311,A5005428958,first
W2383535311,A5030976287,last
W2396089175,A5047664773,first
W2396089175,A5039627791,middle
W2396089175,A5088031450,middle
W2396089175,A5076828229,middle
W2396089175,A5077593563,last
W2397751379,A5087764432,first
W2397751379,A5087579662,last
W2398266320,A5004319527,first
W2398266320,A5025569523,middle
W2398266320,A5079512627,middle
W2398266320,A5085828782,last
W2398985524,A5016065397,middle
W2398985524,A5045345382,last
W2399088804,A5049237303,first
W2399465879,A5083379443,first
W2399465879,A5010448313,last
W2400130200,A5033507044,middle
W2400873378,A5074377757,first
W2401993251,A5018576607,first
W2402210124,A5018997300,first
W2402955011,A5038709827,first
W2402955011,A5017426984,middle
W2402955011,A5064839883,last
W2404956304,A5021742473,first
W2405136752,A5067231523,first
W2405162584,A5035450881,first
W2405162584,A5042025848,last
W2405427311,A5056990760,first
W2406184021,A5073667933,first
W2407110193,A5010289204,first
W2408116945,A5073181447,first
W2408116945,A5072420431,last
W2409039917,A5063661970,first
W2409039917,A5022134374,middle
W2409039917,A5053644924,last
W2409173124,A5031339312,first
W2409302536,A5001079181,first
W2409452139,A5023464557,first
W2410224925,A5065372638,first
W2410274024,A5019693702,first
W2410307298,A5008761850,last
W2410672897,A5051220527,last
W2410772727,A5072658159,first
W2410772727,A5055781447,last
W2411297432,A5052774871,first
W2411659081,A5019141327,first
W2411659081,A5017426984,middle
W2411703417,A5041497235,first
W2412253832,A5070207714,first
W2412879568,A5048043105,first
W2413087210,A5008125122,first
W2413845270,A5082727049,first
W2414832658,A5091311765,middle
W2414879763,A5063495620,first
W2414879763,A5011892251,middle
W2414879763,A5023462084,last
W2415048697,A5065550163,first
W2415169476,A5072756389,first
W2415705762,A5005208002,first
W2415705762,A5032019511,middle
W2415705762,A5043258522,middle
W2415705762,A5003356465,middle
W2415705762,A5026194361,middle
W2415705762,A5015984764,last
W2415719226,A5087143792,first
W2415719226,A5032739963,middle
W2415719226,A5047744348,last
W2415835420,A5039534683,middle
W2416054074,A5017567387,first
W2416304556,A5040065143,first
W2417701726,A5010718267,first
W2419206171,A5080845756,first
W2419208434,A5019150262,first
W2419208434,A5076728746,last
W2427324034,A5013741852,first
W2427324034,A5085891679,middle
W2427324034,A5008350737,last
W2428028464,A5050438959,first
W2428255378,A5015197258,first
W2429912016,A5042080057,first
W2429912016,A5002263161,last
W2432637454,A5032083600,first
W2432652262,A5029479248,first
W2432652262,A5077665746,last
W2434892485,A5057336608,first
W2434892485,A5035798523,middle
W2434892485,A5079375904,last
W2435462540,A5079842209,first
W2440192211,A5029855697,first
W2440192211,A5003066351,middle
W2440192211,A5066083071,last
W2442248606,A5072196765,first
W2442925681,A5048764223,first
W2460800302,A5016296864,first
W2460861687,A5025908151,first
W2460861687,A5073183988,last
W2464071369,A5029670581,first
W2464071369,A5035017068,middle
W2464071369,A5082075598,middle
W2464071369,A5005733581,last
W2464331323,A5007519257,first
W2464904983,A5041725753,last
W2465459734,A5078892377,first
W2465459734,A5039292216,middle
W2465459734,A5082493105,last
W2465552093,A5015961883,first
W2467056845,A5041317854,first
W2467179588,A5089182845,first
W2467179588,A5044103755,last
W2467621286,A5034206272,first
W2467673266,A5068108211,first
W2468192170,A5026100801,last
W2469557131,A5014324882,first
W2469557131,A5024306947,last
W2469643586,A5066977697,first
W2470184964,A5059848848,first
W2470693267,A5007474538,first
W2470863131,A5078112309,first
W2471325254,A5090546627,first
W2472786271,A5076632223,first
W2473449163,A5041017076,last
W2473677567,A5004085376,first
W2473677567,A5041626391,last
W2474260444,A5032979227,first
W2474260444,A5072947959,last
W2475120327,A5084056111,first
W2475120327,A5017426374,middle
W2476109528,A5035375371,first
W2476227999,A5049264037,first
W2476564458,A5080212199,first
W2476564458,A5085543437,middle
W2476762159,A5082152148,first
W2476993505,A5046261613,first
W2477012239,A5046671659,first
W2477028440,A5081042998,first
W2477028440,A5085050797,last
W2477127503,A5035179935,first
W2477333520,A5047517734,first
W2477333520,A5024220409,middle
W2477573366,A5000002274,first
W2477907612,A5040568269,last
W2478023282,A5040210316,first
W2478023282,A5069610655,last
W2478106508,A5008602551,first
W2478106508,A5072658159,last
W2478142214,A5083774653,first
W2478398485,A5021818135,middle
W2478398485,A5051172974,last
W2478435806,A5000890093,first
W2478435806,A5072477521,middle
W2478435806,A5038709845,last
W2478621011,A5081015649,first
W2478707181,A5010261185,first
W2478707181,A5010162830,middle
W2478707181,A5035093550,last
W2478753047,A5091690237,first
W2478776911,A5089446348,first
W2479084066,A5076832685,first
W2479182008,A5001776724,first
W2480232456,A5071742136,first
W2480232456,A5004214923,last
W2480521605,A5038804417,first
W2480521605,A5074887428,middle
W2480521605,A5006652905,middle
W2480521605,A5045845692,last
W2480949930,A5065444084,first
W2480949930,A5004205234,last
W2481528846,A5062532315,middle
W2481528846,A5057893111,last
W2481729935,A5008710862,first
W2481729935,A5035982173,last
W2482630313,A5042923766,middle
W2482630313,A5074131829,middle
W2482647961,A5071098566,first
W2482836426,A5059272660,first
W2482836426,A5009123037,middle
W2482836426,A5085971943,last
W2482841769,A5063254028,first
W2482841769,A5023112001,middle
W2482841769,A5076693617,middle
W2482841769,A5027943585,last
W2482945034,A5012253503,first
W2482945034,A5065332787,middle
W2482945034,A5043285096,last
W2483240732,A5067441424,first
W2483283108,A5012912368,last
W2483328503,A5033569193,first
W2483362052,A5063425630,first
W2483362052,A5020127050,middle
W2483604166,A5085401834,middle
W2483725668,A5047583756,first
W2483725668,A5083502978,last
W2483795686,A5063785042,middle
W2483795686,A5083888748,last
W2483970221,A5079269443,last
W2483997066,A5004703726,first
W2483997066,A5000985956,middle
W2483997066,A5042714840,middle
W2483997066,A5016989757,middle
W2483997066,A5021027092,middle
W2483997066,A5079526366,last
W2484253699,A5019573610,first
W2484253699,A5041747011,last
W2484349417,A5075590161,first
W2484349417,A5014257175,last
W2484688981,A5007233304,first
W2484817608,A5014761588,first
W2484817608,A5016528728,last
W2485069098,A5022546987,first
W2485099376,A5030036935,middle
W2485099376,A5023403266,middle
W2485099376,A5068915652,middle
W2485099376,A5048331945,last
W2485342031,A5013715271,first
W2485342031,A5057150812,middle
W2485342031,A5000362917,last
W2485579564,A5007861624,first
W2485888766,A5003125546,first
W2485888766,A5080743153,middle
W2485888766,A5050671715,last
W2486009154,A5059767714,first
W2486242541,A5079293684,first
W2486242541,A5070283361,middle
W2486242541,A5010195810,middle
W2486242541,A5058613613,last
W2486416215,A5065091014,first
W2486416215,A5081349865,middle
W2486416215,A5044475069,middle
W2486416215,A5083188481,last
W2486533423,A5065821923,first
W2486589165,A5084056111,first
W2486651903,A5064078720,first
W2486651903,A5087505725,middle
W2486651903,A5073444134,last
W2487093138,A5010266029,first
W2487093138,A5071010012,last
W2487229252,A5055476405,last
W2487377477,A5004194134,first
W2487377477,A5049674705,middle
W2487377477,A5038292196,middle
W2487377477,A5045520417,middle
W2487377477,A5022050902,middle
W2487377477,A5002362963,last
W2488454208,A5017344162,first
W2488736167,A5076031002,first
W2488736167,A5045420626,middle
W2488736167,A5017282307,middle
W2488736167,A5085925326,middle
W2488736167,A5005151737,middle
W2488806132,A5059601501,first
W2488806132,A5036064158,last
W2489263998,A5049882757,first
W2490227044,A5050221807,first
W2490398504,A5077902248,first
W2490562843,A5036294530,first
W2490608463,A5061294363,last
W2490890307,A5020200044,first
W2490967389,A5086076412,last
W2491684244,A5089858083,first
W2491718429,A5087542455,first
W2491815563,A5070956480,last
W2491997385,A5040668817,first
W2491997385,A5045093641,middle
W2491997385,A5028182466,middle
W2491997385,A5084637778,last
W2492095795,A5039569803,first
W2492394632,A5013736925,first
W2492552541,A5039760240,first
W2492552541,A5053233572,middle
W2492552541,A5059006429,last
W2493517531,A5048672368,first
W2493597276,A5013901360,first
W2493761952,A5084524620,first
W2493761952,A5002764180,middle
W2493761952,A5083450874,last
W2494052130,A5042170109,first
W2494052130,A5015191397,middle
W2494052130,A5068413507,last
W2494054623,A5056326785,first
W2495660181,A5019922027,first
W2495660181,A5020231952,middle
W2495660181,A5030743088,middle
W2495660181,A5089263417,middle
W2495660181,A5074122666,last
W2495685274,A5057345195,first
W2495685274,A5007283385,middle
W2495685274,A5026206233,last
W2495731725,A5066357741,middle
W2495731725,A5004372094,middle
W2495731725,A5077425757,last
W2496074743,A5081802915,first
W2496074743,A5040143379,last
W2496416082,A5007092406,last
W2496425683,A5000432705,first
W2496625732,A5041800059,first
W2496842489,A5087261140,first
W2497247760,A5084950606,middle
W2497247760,A5052813599,last
W2497426060,A5063965180,first
W2497745531,A5009196699,first
W2497745722,A5000648821,first
W2497794866,A5073254169,first
W2497801902,A5011928278,last
W2497933958,A5019897542,first
W2498335368,A5072673452,first
W2498335368,A5005713061,middle
W2498335368,A5081280784,last
W2498662339,A5080377850,last
W2498718733,A5025311585,first
W2498718733,A5059332073,last
W2499001639,A5063233199,first
W2499331393,A5053978352,first
W2499336717,A5046825828,first
W2499564006,A5014590756,first
W2499564006,A5067032536,middle
W2499564006,A5007901804,middle
W2499564006,A5031166773,middle
W2499564006,A5044258528,last
W2499947111,A5074866267,first
W2499968600,A5027460985,first
W2500268427,A5039439938,first
W2500306371,A5077670266,first
W2500578147,A5033953854,last
W2500747345,A5023384568,last
W2501013220,A5055430458,first
W2501013220,A5060814361,middle
W2501013220,A5014896739,middle
W2501013220,A5065396462,middle
W2501013220,A5049613444,middle
W2501013220,A5029850297,last
W2501460214,A5020230613,last
W2501853217,A5026530058,first
W2501853217,A5082105962,last
W2502291976,A5068919916,last
W2502776463,A5009207984,first
W2503250835,A5059320347,first
W2503250835,A5073163964,last
W2504022334,A5016717153,first
W2504022334,A5082964883,last
W2504115247,A5074288377,first
W2504115247,A5084880649,middle
W2504115247,A5037444018,middle
W2504115247,A5021606707,middle
W2504115247,A5039895469,last
W2504941483,A5075250507,first
W2504941483,A5063568782,last
W2505374709,A5029477698,first
W2505374709,A5036067425,middle
W2505374709,A5037446815,middle
W2505374709,A5029072011,middle
W2505391344,A5057495107,first
W2505391344,A5057406790,middle
W2505415593,A5058475882,first
W2505415593,A5047652595,last
W2505608907,A5023435776,last
W2505612378,A5090830662,middle
W2505678847,A5062778952,first
W2505717027,A5032768602,first
W2505936844,A5028108090,first
W2505936844,A5075626456,middle
W2505936844,A5016997456,middle
W2506138768,A5031371771,first
W2506138768,A5018480959,middle
W2506138768,A5043383832,last
W2506393233,A5014511256,first
W2506522638,A5071087940,first
W2506578093,A5018120091,first
W2507162737,A5076724465,first
W2507162737,A5056712308,middle
W2507162737,A5071088234,last
W2507328089,A5091717294,first
W2507641788,A5003640595,first
W2507641788,A5085329450,last
W2507648886,A5010776272,middle
W2507648886,A5071386331,middle
W2507648886,A5051603415,middle
W2507674798,A5009438754,first
W2507750123,A5070639842,last
W2508037763,A5090952322,first
W2508037773,A5042514951,first
W2508037773,A5002335452,last
W2508293273,A5010088194,first
W2508492511,A5076843626,first
W2508492511,A5033615800,middle
W2508492511,A5091371230,last
W2508712358,A5068096045,first
W2508712358,A5025245661,last
W2508909898,A5072810735,middle
W2508909898,A5015908369,middle
W2508909898,A5064990367,last
W2508982258,A5089906274,first
W2508982258,A5062015169,last
W2509722611,A5038745720,first
W2509722611,A5056162859,last
W2510658233,A5003863159,last
W2510877471,A5031451023,first
W2510877471,A5083895630,middle
W2512046416,A5088522711,first
W2512046416,A5072645144,last
W2512466045,A5082560401,first
W2512917229,A5018048417,first
W2513367004,A5017912953,first
W2513741963,A5084536246,first
W2514165082,A5006789019,first
W2514165082,A5020246789,last
W2514177670,A5032803067,middle
W2514177670,A5009478234,last
W2514606745,A5024119243,first
W2514606745,A5079006965,last
W2514667626,A5011090420,middle
W2514667626,A5016248748,middle
W2514729202,A5029477698,first
W2514729202,A5036067425,middle
W2514729202,A5037446815,middle
W2514848155,A5048962228,middle
W2514848155,A5067101312,middle
W2514952757,A5063763431,first
W2515370809,A5074439077,last
W2515492918,A5064650373,first
W2515492918,A5054544784,middle
W2515492918,A5049999565,middle
W2515492918,A5082673978,middle
W2515571294,A5075410730,first
W2515571294,A5082701606,last
W2515716650,A5050437234,first
W2515827211,A5031447925,first
W2516250881,A5016464967,last
W2516459454,A5078257147,first
W2516459454,A5079330023,last
W2516507234,A5008396161,first
W2516507234,A5044317273,last
W2516672518,A5022126134,first
W2516672518,A5004477448,last
W2517152156,A5027630360,first
W2517334380,A5081803512,last
W2517429531,A5048002636,middle
W2517584847,A5080839754,first
W2517618308,A5060994870,first
W2517618308,A5072455284,last
W2517782385,A5070334650,last
W2517996165,A5081431984,middle
W2518081057,A5015027156,first
W2518273312,A5086246477,first
W2518363683,A5087778477,middle
W2518363683,A5028980751,middle
W2518363683,A5076511100,last
W2518507611,A5042335164,first
W2518613271,A5070108511,first
W2519242659,A5020054996,last
W2519415973,A5061575002,first
W2519609374,A5008473374,first
W2520010622,A5048704082,middle
W2520030821,A5065796809,first
W2520176410,A5037951025,first
W2520714612,A5076075273,first
W2520714612,A5036478401,last
W2521134300,A5030063242,first
W2521134300,A5076261469,last
W2521413849,A5083694186,first
W2521827992,A5008047758,first
W2521827992,A5008725612,last
W2522005878,A5075566891,first
W2522005878,A5088636263,middle
W2522005878,A5036011221,last
W2522017676,A5032725664,first
W2522017676,A5030803302,middle
W2522017676,A5069693309,last
W2522660626,A5090792357,first
W2522902264,A5076985479,first
W2523019774,A5015908369,first
W2523019774,A5003788084,middle
W2523151221,A5066855823,first
W2523381629,A5084598628,first
W2523381629,A5057358899,last
W2523481035,A5039690490,first
W2523711195,A5070079803,first
W2523837082,A5010771495,first
W2524275273,A5073079184,first
W2524836901,A5028231834,first
W2525448021,A5083170847,first
W2526123144,A5001500702,middle
W2526471907,A5040457779,first
W2526643102,A5047517734,first
W2526643102,A5024220409,middle
W2526643102,A5038804417,last
W2527526135,A5043656599,first
W2528498827,A5007146500,first
W2528498827,A5052575833,middle
W2528498827,A5084727346,middle
W2528498827,A5071792211,middle
W2528498827,A5072542697,last
W2528690609,A5054527094,first
W2528714947,A5030730273,first
W2528796102,A5032869058,first
W2528796102,A5022229760,last
W2529325054,A5004963335,first
W2529325054,A5087289230,last
W2529392417,A5007832425,first
W2529511842,A5022582467,first
W2529537419,A5045569719,first
W2529739574,A5009754613,first
W2530395899,A5069839542,first
W2530395899,A5087667090,last
W2530440729,A5036009043,first
W2530440729,A5063568782,last
W2530756573,A5018243004,middle
W2530756573,A5033853014,last
W2531001704,A5089242554,first
W2531042645,A5065058581,first
W2531295708,A5065058581,first
W2531295708,A5054026337,last
W2531326505,A5091845204,first
W2531326505,A5005728644,middle
W2531360795,A5012159165,first
W2531772484,A5065058581,first
W2531896991,A5054735147,first
W2532892842,A5053205891,first
W2532892842,A5013960389,middle
W2532892842,A5053670340,middle
W2532892842,A5018373080,middle
W2532892842,A5032381265,middle
W2532892842,A5045546825,last
W2534877791,A5070268215,first
W2537854247,A5006605981,first
W2537854247,A5073347260,middle
W2537854247,A5005260652,last
W2542230448,A5079779797,first
W2542771328,A5048251471,first
W2544153836,A5028593781,first
W2544153836,A5004246117,middle
W2544153836,A5044985800,middle
W2544153836,A5023951654,middle
W2544153836,A5042071045,last
W2544366744,A5047858962,last
W2545104688,A5050360160,first
W2545104688,A5089355316,middle
W2545104688,A5018744589,middle
W2545104688,A5007884053,last
W2545745734,A5032971510,first
W2545745734,A5001595112,middle
W2545745734,A5004249952,middle
W2545745734,A5008595017,middle
W2545745734,A5085346183,last
W2546583347,A5005844066,first
W2546583347,A5021184868,middle
W2546583347,A5034035589,middle
W2546583347,A5081984594,middle
W2546583347,A5048113652,middle
W2546583347,A5051758796,middle
W2546583347,A5072133597,middle
W2546583347,A5028392143,middle
W2546583347,A5027253360,last
W2547362495,A5014854859,first
W2547362495,A5069098781,last
W2548203870,A5065365889,first
W2548231848,A5024998018,first
W2549511580,A5072274730,first
W2549511580,A5046980468,middle
W2549609129,A5013391395,first
W2549666216,A5079539811,first
W2549668061,A5026167740,first
W2549820997,A5028550721,first
W2549820997,A5042155262,middle
W2549820997,A5008575896,middle
W2550075847,A5084140792,first
W2550075847,A5036154754,middle
W2550075847,A5090410581,middle
W2550075847,A5025945431,last
W2550270964,A5091489654,first
W2550270964,A5082289507,middle
W2550270964,A5000834875,middle
W2550270964,A5083214023,last
W2550526704,A5001970069,last
W2551063817,A5015629768,first
W2551312524,A5070733709,first
W2551312524,A5052018441,middle
W2551511870,A5020891094,first
W2551511870,A5048305243,middle
W2551707210,A5026936665,first
W2551707210,A5005278470,last
W2551907811,A5012118516,first
W2552119095,A5055166649,middle
W2552606192,A5026629742,first
W2552606192,A5043799147,last
W2552749884,A5018103510,first
W2553141163,A5071462556,first
W2553511743,A5080497330,last
W2553785051,A5015392285,first
W2553845683,A5076019499,first
W2555330822,A5006414890,first
W2555639057,A5020265216,first
W2556469243,A5071533497,first
W2556469243,A5057690103,middle
W2556687117,A5006489780,middle
W2556687117,A5050014958,last
W2556936938,A5071446877,first
W2557388032,A5000827048,first
W2557929455,A5011965091,first
W2558030964,A5070008695,first
W2558030964,A5078958201,middle
W2558468412,A5008127339,first
W2558468412,A5030780941,middle
W2558468412,A5065562860,middle
W2558468412,A5015190140,middle
W2558777854,A5069396871,first
W2558777854,A5016936921,last
W2558963969,A5008384064,first
W2558963969,A5035638470,last
W2559611498,A5031286935,first
W2559611498,A5060829860,last
W2559696811,A5082996847,first
W2559768064,A5039896734,first
W2559768064,A5061858093,last
W2559839311,A5033868035,first
W2559839311,A5066041657,last
W2559866039,A5008957185,first
W2560104962,A5080411671,first
W2560104962,A5068922552,middle
W2560104962,A5052372097,middle
W2560104962,A5026615906,middle
W2560104962,A5004729835,middle
W2560104962,A5031473893,middle
W2560104962,A5025458244,last
W2560164103,A5007099158,first
W2560164103,A5042884859,middle
W2560164103,A5036430047,middle
W2560164103,A5072356613,middle
W2560164103,A5054970331,middle
W2560164103,A5041528213,middle
W2560164103,A5042146835,last
W2560272981,A5090011368,first
W2560283618,A5058936574,first
W2560314470,A5049335972,first
W2560314470,A5070519116,last
W2560329042,A5043103315,first
W2560392101,A5004719353,first
W2560627237,A5073503574,first
W2560629573,A5031938572,first
W2560649210,A5067308324,first
W2560666299,A5009934731,first
W2560666299,A5066905068,last
W2560668181,A5085311250,first
W2560719996,A5017979092,first
W2560808984,A5016238494,first
W2560808984,A5069195910,middle
W2560808984,A5064644687,last
W2561077806,A5001524175,middle
W2561077806,A5050902443,middle
W2561077806,A5002664975,middle
W2561077806,A5073099838,last
W2561110399,A5008138016,first
W2561302744,A5052742919,first
W2561373716,A5029477698,first
W2561373716,A5036067425,middle
W2561373716,A5037446815,last
W2561950093,A5040315431,first
W2562259834,A5089350715,middle
W2562259834,A5038674741,middle
W2562263953,A5053639209,first
W2562293675,A5069184771,first
W2562339729,A5046337574,first
W2562398985,A5034200775,first
W2562466995,A5046069798,first
W2562578571,A5036632796,first
W2562653937,A5067891474,first
W2562776794,A5089261752,middle
W2562776794,A5023811069,middle
W2562843260,A5078012656,first
W2563340128,A5074563743,first
W2563345923,A5032918507,first
W2563345923,A5045667752,last
W2563415920,A5075841422,last
W2563575994,A5089627557,middle
W2563575994,A5046955287,middle
W2563575994,A5037505650,middle
W2563575994,A5082423050,middle
W2564012998,A5077740543,first
W2564045743,A5061809604,first
W2564045743,A5000986629,last
W2564495624,A5089219568,first
W2564563233,A5053159926,first
W2565182434,A5020304683,first
W2565182434,A5043998686,middle
W2565182434,A5038037273,middle
W2565182434,A5060332501,last
W2565653825,A5085181943,first
W2565653825,A5050928648,middle
W2565653825,A5026456188,last
W2565657047,A5051751659,first
W2565770547,A5001042282,first
W2565914880,A5088908386,first
W2565914880,A5010260222,middle
W2565914880,A5017102020,last
W2566129955,A5047944536,first
W2566207174,A5036632796,first
W2566292161,A5087426743,first
W2566296784,A5002753991,first
W2566296784,A5063366444,middle
W2566296784,A5052256692,last
W2566426073,A5017267579,last
W2566892121,A5057792892,first
W2566903177,A5028187317,middle
W2566903177,A5073492122,last
W2566978863,A5065644084,first
W2567179889,A5018471409,first
W2567179889,A5056415416,last
W2567251520,A5040606176,first
W2568258055,A5024614463,first
W2568572651,A5043607978,first
W2568616673,A5073620359,first
W2568886467,A5066096844,first
W2569331479,A5026627935,first
W2569802212,A5074543641,first
W2569802212,A5027529459,middle
W2569802212,A5090935182,last
W2570088449,A5011233401,first
W2570337650,A5000856508,first
W2570337650,A5039350841,middle
W2570337650,A5024551850,middle
W2570337650,A5054324004,middle
W2570337650,A5039516856,middle
W2570337650,A5053742461,middle
W2570337650,A5001695309,middle
W2570337650,A5017009335,last
W2571001300,A5073142160,first
W2571001300,A5000090542,middle
W2571001300,A5021516088,last
W2572455100,A5023581599,first
W2573420786,A5079359530,first
W2573420786,A5079190576,last
W2573835612,A5060849367,first
W2575976259,A5008483420,first
W2576098894,A5002470584,first
W2576316690,A5059245579,first
W2576399382,A5035588300,first
W2577267921,A5024013909,first
W2577267921,A5055595436,middle
W2577604149,A5077922361,last
W2577996701,A5063624812,first
W2578116016,A5083103834,first
W2578116016,A5025789067,middle
W2578947312,A5055546978,middle
W2579059931,A5012632345,first
W2579059931,A5007002585,middle
W2579059931,A5024835217,middle
W2579059931,A5009693935,last
W2579621547,A5088127421,middle
W2580002437,A5080974350,first
W2580386129,A5001264699,first
W2580874107,A5018138527,first
W2581009528,A5059175737,first
W2581009528,A5004598862,middle
W2581009528,A5028549576,last
W2581315371,A5014002036,first
W2581315371,A5091190338,middle
W2581315371,A5061145211,last
W2581925253,A5063747619,first
W2581995084,A5017689080,first
W2582012790,A5018401504,first
W2582051848,A5041282289,middle
W2582051848,A5031224759,middle
W2582230363,A5035606772,first
W2582360228,A5068305708,first
W2583428277,A5080506541,first
W2584841797,A5047104272,first
W2585441650,A5042766970,first
W2585441650,A5033477639,last
W2586196145,A5083510305,first
W2586335733,A5022552243,first
W2586350265,A5083782167,first
W2586508630,A5054769060,first
W2586508630,A5082413942,middle
W2586508630,A5079950161,last
W2587171793,A5073946525,first
W2587171793,A5088433351,middle
W2587424786,A5037044086,first
W2587434038,A5019813462,first
W2587434038,A5040252327,middle
W2587434038,A5078910343,last
W2587466469,A5027297651,first
W2587823206,A5065058581,first
W2587823206,A5008297571,last
W2587995658,A5017419190,first
W2588028909,A5059555244,first
W2588028909,A5085186385,last
W2588121514,A5077391080,first
W2588158123,A5061645356,first
W2588158123,A5026744143,last
W2588283248,A5081118714,first
W2588469467,A5083600845,first
W2588469467,A5014323474,middle
W2588469467,A5012139331,last
W2588565687,A5082266272,first
W2588565687,A5011320969,last
W2588629717,A5002358587,middle
W2588629717,A5013315393,middle
W2588629717,A5057561835,middle
W2589256433,A5003189918,first
W2589256433,A5034979443,last
W2589262332,A5018436811,first
W2589284366,A5029172870,last
W2589521781,A5018299252,first
W2589521781,A5081161690,middle
W2589521781,A5028588078,last
W2589753617,A5026994657,first
W2589753617,A5073064677,last
W2590421638,A5034063536,first
W2590809092,A5015563134,first
W2590809092,A5036631153,last
W2590868013,A5071463063,first
W2590868013,A5012529463,middle
W2590868013,A5003377833,last
W2591005520,A5004125800,first
W2591554388,A5005239114,first
W2591554388,A5026197606,last
W2591782429,A5087309992,last
W2592155816,A5031018293,middle
W2592155816,A5047304718,last
W2592554700,A5026793498,first
W2592619198,A5031844778,last
W2592851689,A5077378659,first
W2593351393,A5047304718,last
W2594735215,A5087620365,first
W2594735215,A5085062328,middle
W2594735215,A5043350807,last
W2595070813,A5021746071,last
W2595185986,A5055448006,first
W2595274363,A5075117757,first
W2595483380,A5008569581,last
W2595736674,A5012329093,middle
W2595736674,A5072851919,last
W2595884040,A5061645356,first
W2596476102,A5002303978,first
W2596560174,A5052844618,first
W2596773356,A5031582273,first
W2596773356,A5038173058,middle
W2596773356,A5070328894,middle
W2596817200,A5077382914,first
W2596817200,A5010871173,last
W2597076986,A5027171279,first
W2597076986,A5082230753,middle
W2597076986,A5038148603,middle
W2597076986,A5051332325,middle
W2597076986,A5086865721,middle
W2597076986,A5009660665,last
W2597301060,A5006643434,first
W2598750322,A5015940205,last
W2598908841,A5047380225,first
W2598908841,A5022465917,last
W2599339133,A5086414580,first
W2600203621,A5077800537,first
W2600203621,A5041432927,middle
W2600203621,A5028059618,last
W2600204201,A5080542192,first
W2600204201,A5050965041,middle
W2600204201,A5090967228,middle
W2600204201,A5080213643,middle
W2600204201,A5074508460,middle
W2600204201,A5022555663,last
W2600292864,A5042080057,first
W2601563000,A5087288359,first
W2601956158,A5000875635,first
W2601969609,A5030978992,middle
W2602666308,A5078094147,last
W2602934438,A5028266379,first
W2602934438,A5011892251,last
W2603551656,A5085984179,first
W2603931616,A5056956875,first
W2603931616,A5087176374,last
W2604777673,A5031844778,last
W2605102771,A5076070516,middle
W2605102771,A5065953146,last
W2605287659,A5039326983,middle
W2605493873,A5024473847,last
W2605610863,A5060878039,first
W2605969918,A5033638845,first
W2605969918,A5085575730,middle
W2605969918,A5041330302,middle
W2605969918,A5013340294,middle
W2605969918,A5067503273,middle
W2605969918,A5058149407,middle
W2605969918,A5007388902,middle
W2605969918,A5058163340,last
W2606238135,A5007734731,last
W2606254535,A5023397334,middle
W2606254535,A5052254085,middle
W2606254535,A5087987376,middle
W2606254535,A5074013333,last
W2606395405,A5079168872,first
W2606395405,A5089550455,middle
W2606395405,A5070640241,last
W2607352827,A5045596624,middle
W2607352827,A5067581580,middle
W2607352827,A5002249055,last
W2607556719,A5006879957,first
W2607771972,A5070331391,first
W2608543533,A5052140189,first
W2610554674,A5052761248,first
W2610554674,A5067572640,last
W2610938578,A5004615613,middle
W2610938578,A5052984032,middle
W2610938578,A5058475882,last
W2611790083,A5075433813,first
W2611790083,A5022153455,last
W2611836635,A5020199643,first
W2611947345,A5090362130,last
W2612573262,A5045812618,first
W2612643404,A5087625561,first
W2612643404,A5075982970,middle
W2612643404,A5056362920,last
W2612994256,A5086246448,first
W2612994256,A5066447873,middle
W2612994256,A5031461768,last
W2613138855,A5023098161,first
W2613138855,A5030942957,middle
W2613138855,A5053742635,last
W2613457403,A5071748667,first
W2613466126,A5062520217,first
W2613534854,A5013083040,first
W2613735625,A5029045681,first
W2613735625,A5029408736,middle
W2613735625,A5047101216,last
W2614239944,A5062215329,middle
W2614883369,A5070361095,middle
W2615915673,A5025104937,first
W2616381654,A5033638845,first
W2616381654,A5007388902,middle
W2616381654,A5058163340,last
W2617075409,A5070701004,first
W2617375643,A5023199568,first
W2617833475,A5028889705,first
W2617833475,A5068585414,last
W2617960209,A5087098497,first
W2617960209,A5070359867,middle
W2617960209,A5062843590,last
W2618229974,A5072417342,first
W2618229974,A5085655358,middle
W2618314250,A5082422947,first
W2618457053,A5023741598,first
W2618916624,A5038365789,middle
W2618916624,A5063707517,middle
W2618916624,A5029335441,last
W2618925373,A5065547907,first
W2619106328,A5086939640,first
W2619296898,A5007791429,first
W2619430346,A5088636499,first
W2619430346,A5045056287,last
W2620092952,A5029274746,first
W2620092952,A5071260695,last
W2620371264,A5022823378,first
W2620720655,A5022400108,first
W2621063580,A5001912288,first
W2621181221,A5003295169,first
W2621181221,A5006026233,last
W2621246721,A5022285159,middle
W2621246721,A5037599002,last
W2621866623,A5090741987,last
W2622430883,A5016072950,first
W2622722863,A5071907083,first
W2623380179,A5075566300,first
W2624026437,A5013441717,first
W2624879538,A5058251389,first
W2624879538,A5038804417,last
W2625107476,A5058575399,first
W2625340921,A5085688805,first
W2625340921,A5040360984,last
W2625363730,A5078263874,first
W2625363730,A5071154218,middle
W2625363730,A5054500429,middle
W2625363730,A5076956259,last
W2625424016,A5053562350,last
W2625602548,A5078459668,first
W2626066515,A5080203534,first
W2626066515,A5015363446,last
W2626255146,A5081408571,first
W2626365072,A5055789823,first
W2626365072,A5068359435,last
W2631233920,A5005432053,first
W2631233920,A5063120708,middle
W2631233920,A5066912391,middle
W2631233920,A5002962364,middle
W264696063,A5072824621,first
W264696063,A5066968386,middle
W264696063,A5046572286,last
W2650880464,A5077843387,first
W2650880464,A5077640348,middle
W2650880464,A5042885686,middle
W2650880464,A5079390960,middle
W2650880464,A5070013751,middle
W2650880464,A5050027169,last
W2660333460,A5003358910,last
W2661477882,A5067361100,first
W2662567361,A5025844971,first
W2667666337,A5077921699,first
W2672680795,A5071311514,middle
W2672680795,A5019546816,middle
W2672680795,A5019186596,middle
W2672680795,A5036418930,middle
W2672680795,A5030458470,last
W2674478506,A5030419671,first
W2675785412,A5072342420,first
W2682984668,A5061645356,first
W2682984668,A5026744143,middle
W2682984668,A5054873553,last
W2684650369,A5048027462,first
W2684650369,A5090781607,middle
W2684650369,A5047566304,last
W2704023429,A5057524944,first
W2704023429,A5010244446,last
W2712810625,A5061111021,first
W2715374505,A5050865451,first
W2715374505,A5023980204,middle
W2715374505,A5026157285,middle
W2715374505,A5002385420,middle
W2715374505,A5070613815,last
W2727025530,A5013715271,first
W2727025530,A5090679255,middle
W2727025530,A5000362917,last
W2727711696,A5043726427,last
W2728218904,A5046875648,first
W2728583481,A5086734576,first
W2728583481,A5039350841,middle
W2728583481,A5019351299,middle
W2728583481,A5076650048,middle
W2728583481,A5031857386,last
W2728593342,A5061525638,first
W2729253875,A5085432173,first
W2729253875,A5010570894,middle
W2729253875,A5018992272,middle
W2729253875,A5027271119,middle
W2729253875,A5005837856,last
W2729969697,A5038804417,first
W2729969697,A5006652905,middle
W2729969697,A5074887428,middle
W2729969697,A5045845692,last
W2730321049,A5071725533,first
W2730321049,A5082782459,last
W2730778999,A5034901082,middle
W2730998477,A5036632796,last
W2732171210,A5076245388,first
W2733813779,A5004087086,first
W2733813779,A5060829141,last
W2734130172,A5057395839,first
W2734130172,A5035312836,middle
W2734296338,A5008393481,first
W2734296338,A5062230754,last
W2734499507,A5020660847,first
W2734558168,A5028703123,first
W2734587785,A5082710229,first
W2734587785,A5087707692,last
W2735055279,A5075411702,first
W2735055279,A5052998135,last
W2735060146,A5023061543,middle
W2735060146,A5058598105,middle
W2735060146,A5071012704,last
W2735182052,A5042858008,first
W2735182052,A5002410830,last
W2735532973,A5010414972,first
W2735532973,A5014146922,last
W2735729105,A5072168289,first
W2735729105,A5048847736,last
W2735760381,A5009700902,first
W2735791726,A5000677051,first
W2735998422,A5088197388,first
W2736001305,A5001264416,first
W2736001305,A5057523671,middle
W2736001305,A5055416007,last
W2736237098,A5003678655,first
W2736342242,A5024064495,first
W2736413907,A5046246683,first
W2736413907,A5076935774,middle
W2736413907,A5028397378,last
W2736433079,A5040335377,middle
W2736522042,A5088197388,first
W2736812800,A5020284420,first
W2736812800,A5050227787,last
W2736892646,A5066689336,first
W2736974707,A5003196881,first
W2736974707,A5041158325,middle
W2736974707,A5035877918,middle
W2736974707,A5008476013,middle
W2736974707,A5089739255,last
W2737017279,A5012534332,first
W2737017279,A5045058203,middle
W2737017279,A5032017539,last
W2737287928,A5031121696,first
W2737688769,A5061249763,first
W2737688769,A5053183805,middle
W2737688769,A5074942370,middle
W2737688769,A5047566346,middle
W2737688769,A5039624619,last
W2737706199,A5019922027,first
W2737706199,A5020231952,middle
W2737706199,A5030743088,middle
W2737706199,A5089263417,middle
W2737706199,A5074122666,last
W2737860411,A5004147750,first
W2737860411,A5085422836,last
W2737873159,A5074966723,first
W2737873159,A5077109255,middle
W2737873159,A5015712929,last
W2737973424,A5016214321,first
W2737973424,A5013635993,last
W2738132116,A5011417952,first
W2738163620,A5060559657,first
W2738163620,A5036521335,middle
W2738163620,A5009857677,middle
W2738163620,A5003906741,last
W2738189162,A5081787623,first
W2738210890,A5058262278,first
W2738210890,A5004479114,middle
W2738210890,A5086599189,middle
W2738210890,A5040438353,middle
W2738210890,A5043225296,middle
W2738210890,A5048119697,middle
W2738210890,A5010652150,middle
W2738210890,A5086033373,middle
W2738210890,A5066178389,last
W2738214238,A5010543594,last
W2738466861,A5005327997,first
W2738466861,A5040709818,last
W2738476714,A5022770415,first
W2738487315,A5020720579,middle
W2738487315,A5041247703,middle
W2738487315,A5077526337,last
W2738738343,A5044247462,middle
W2738767459,A5049783208,first
W2738937065,A5006305238,first
W2738937065,A5013661099,middle
W2738937065,A5058729606,middle
W2738937065,A5022538969,middle
W2738937065,A5057895161,middle
W2738937065,A5077267552,last
W2738957608,A5078263874,first
W2738957608,A5071154218,middle
W2738957608,A5054500429,middle
W2738957608,A5076956259,last
W2739079804,A5016953181,first
W2739079804,A5053726712,middle
W2739079804,A5090345193,last
W2739410598,A5027589311,first
W2739410598,A5086098017,middle
W2739410598,A5036819859,middle
W2739410598,A5047275453,middle
W2739410598,A5063269254,middle
W2739410598,A5017670865,last
W2739819553,A5002410830,first
W2739942377,A5028587584,first
W2739942377,A5037247181,middle
W2739942377,A5033012738,last
W2739961033,A5024590326,first
W2739961033,A5040326608,last
W2739966651,A5074400591,first
W2739993362,A5023626020,first
W2740051605,A5046242168,first
W2740146265,A5016029586,first
W2740146265,A5005837856,last
W2740661283,A5014135635,first
W2740661283,A5083148968,last
W2740736744,A5063549914,first
W2740736744,A5053641817,middle
W2740736744,A5014673262,middle
W2740736744,A5084893502,middle
W2740736744,A5039455073,middle
W2740736744,A5091854114,middle
W2740736744,A5012872579,last
W2740773136,A5020720579,middle
W2740773136,A5041247703,middle
W2740773136,A5077526337,last
W2740930418,A5080790557,first
W2740930418,A5028775006,middle
W2740930418,A5079375904,middle
W2740930418,A5014975238,last
W2741016556,A5047218430,first
W2741016556,A5055689400,last
W2741108893,A5025483103,first
W2741108893,A5028217491,last
W2741142025,A5024845011,first
W2741206952,A5048354076,first
W2741206952,A5003105685,last
W2741362981,A5038345449,first
W2741420767,A5077723508,first
W2741420767,A5049922472,middle
W2741420767,A5026962283,last
W2741634067,A5031941569,first
W2741634067,A5059692665,middle
W2741634067,A5048697784,middle
W2741797111,A5060081510,first
W2741797111,A5040041217,last
W2741956265,A5005513387,first
W2741956265,A5050689717,middle
W2741956265,A5023638199,middle
W2741956265,A5006966951,middle
W2741956265,A5027852213,middle
W2741956265,A5042746008,middle
W2741956265,A5091716507,last
W2741965040,A5055982084,first
W2741965040,A5088665937,middle
W2741965040,A5082473579,middle
W2741965040,A5048405710,middle
W2741965040,A5058004291,last
W2742057739,A5041317854,first
W2742057739,A5075774978,middle
W2742057739,A5031039520,last
W2742213443,A5016838632,first
W2742213443,A5036061149,middle
W2742213443,A5091874142,middle
W2742213443,A5063188437,middle
W2742213443,A5019089975,middle
W2742260703,A5025373793,middle
W2742271051,A5079803949,first
W2742440026,A5001398914,first
W2742440026,A5022207764,middle
W2742440026,A5085335078,last
W2742488040,A5077018197,first
W2742494690,A5036632796,middle
W2742700308,A5012957543,first
W2742792765,A5022374121,first
W2742792765,A5006652905,middle
W2742792765,A5074887428,middle
W2742792765,A5045845692,last
W2742840181,A5014781230,first
W2743058041,A5017505469,middle
W2743169766,A5036511259,middle
W2743169766,A5003674186,middle
W2743169766,A5055416007,last
W2743288776,A5049747850,first
W2743353727,A5041687698,first
W2743381268,A5014354298,first
W2743473604,A5031345951,last
W2743938108,A5005837856,first
W2743938108,A5015550681,middle
W2743938108,A5011976667,last
W2744277251,A5073899901,first
W2744297241,A5007758273,first
W2744297241,A5007474538,last
W2744298137,A5086045339,first
W2744298137,A5046553800,middle
W2744298137,A5086998280,last
W2744406143,A5077018197,first
W2744448822,A5048119697,first
W2744448822,A5071736649,last
W2744516322,A5064548492,middle
W2744516322,A5087393439,middle
W2744516322,A5047926866,last
W2744539010,A5029618080,first
W2744539010,A5075900406,middle
W2744539010,A5080242338,middle
W2744539010,A5023524727,middle
W2744539010,A5056892202,middle
W2744539010,A5072431554,last
W2744698818,A5044889391,first
W2744801147,A5080285200,first
W2744801147,A5088179944,middle
W2744949745,A5005050375,first
W2745327873,A5017906439,first
W2745327873,A5047034404,last
W2745459832,A5042746008,first
W2745459832,A5085814339,middle
W2745459832,A5050689717,middle
W2745459832,A5031570473,middle
W2745459832,A5006966951,middle
W2745459832,A5005513387,last
W2745651227,A5011543714,first
W2745651227,A5087542455,middle
W2745651227,A5088934266,middle
W2745651227,A5081953081,middle
W2745651227,A5001690160,last
W2745993263,A5047751625,middle
W2745993263,A5067103798,last
W2746336778,A5020720579,middle
W2746336778,A5041247703,middle
W2746336778,A5077526337,last
W2746582421,A5023679641,first
W2746582421,A5027944720,middle
W2746582421,A5068481393,last
W2747097743,A5066637010,first
W2747097743,A5059557230,last
W2747303765,A5015194249,first
W2747558180,A5012168199,first
W2747558180,A5089137896,middle
W2747558180,A5044456395,middle
W2747558180,A5011232415,middle
W2747558180,A5024742127,middle
W2747558180,A5029130731,last
W2747631156,A5005258575,first
W2747631156,A5072356717,middle
W2747631156,A5070517688,last
W2747834764,A5045667752,first
W2747834764,A5032918507,last
W2748155249,A5076075273,first
W2748155249,A5036743437,last
W2748185117,A5049338472,first
W2748560849,A5070728508,middle
W2748560849,A5004243165,middle
W2748624342,A5042833743,first
W2748624342,A5028699011,middle
W2748624342,A5027862575,middle
W2748624342,A5022950151,middle
W2748624342,A5024453737,last
W2748644834,A5025750693,first
W2748644834,A5079101342,middle
W2748644834,A5077821870,middle
W2748644834,A5076619195,middle
W2748644834,A5086827100,middle
W2748644834,A5030348494,last
W2748678291,A5053165780,middle
W2748678291,A5066675932,last
W2748733957,A5001331464,last
W2748783272,A5003648392,first
W2748783272,A5067103798,last
W2748818828,A5078382852,first
W2748818828,A5009316832,middle
W2748818828,A5034372518,middle
W2748818828,A5067391190,last
W2749337511,A5015854131,first
W2749337511,A5024893012,middle
W2749337511,A5015550681,middle
W2749337511,A5074143529,last
W2749373302,A5066237365,first
W2749373302,A5051336665,last
W2749387103,A5008499885,first
W2749676875,A5083182498,first
W2749676875,A5033695027,middle
W2749676875,A5033623398,middle
W2749676875,A5000739686,middle
W2749764424,A5073562330,first
W2749764424,A5004788089,last
W2750033403,A5020720579,middle
W2750033403,A5041247703,middle
W2750033403,A5077526337,last
W2750137191,A5039913970,first
W2750333024,A5076638711,first
W2750333024,A5003734501,middle
W2750333024,A5001530538,middle
W2750380766,A5078263874,first
W2750380766,A5071154218,middle
W2750380766,A5054500429,middle
W2750380766,A5076956259,last
W2750492542,A5052196347,first
W2750492542,A5033411601,middle
W2750492542,A5047208473,middle
W2750492542,A5033849275,last
W2750594928,A5068937133,first
W2750686225,A5020518108,first
W2750686225,A5061831201,last
W2750762992,A5024295845,first
W2750828854,A5025289613,first
W2750869715,A5081567508,first
W2750869715,A5079085412,middle
W2750869715,A5020354604,middle
W2750869715,A5018139113,last
W2750872935,A5073750332,first
W2750872935,A5073046271,middle
W2750872935,A5004372595,middle
W2750872935,A5005904043,middle
W2750872935,A5062641378,last
W2751159114,A5068844345,first
W2751236702,A5050334992,first
W2751465666,A5003648392,first
W2751465666,A5067103798,middle
W2751521894,A5042858008,first
W2751521894,A5002410830,last
W2751523717,A5004427893,last
W2751531060,A5065820058,first
W2751531060,A5068272216,last
W2751657416,A5048158239,first
W2751837839,A5091227928,first
W2751837839,A5055663875,middle
W2751837839,A5042988713,middle
W2751841407,A5021756821,first
W2751922257,A5021790922,first
W2752152215,A5086582938,first
W2752152215,A5070896564,middle
W2752152215,A5062016537,middle
W2752367130,A5003648392,first
W2752367130,A5073899901,middle
W2752367130,A5002410830,middle
W2752367130,A5042858008,middle
W2753199374,A5053683015,first
W2753609735,A5058532869,first
W2753727170,A5044451670,first
W2753825568,A5088498976,first
W2753825568,A5041142568,last
W2754288057,A5032073569,first
W2754288057,A5045077377,last
W2754483008,A5041470118,middle
W2754556831,A5068198051,first
W2754556831,A5048476513,last
W2754680030,A5079595189,first
W2754689478,A5058385597,first
W2755135071,A5079602663,last
W2755367816,A5069533055,first
W2755442578,A5010424125,last
W2756066863,A5076985479,first
W2756066863,A5002994164,middle
W2756066863,A5028745432,middle
W2756127088,A5020078159,first
W2756266335,A5019796960,first
W2756336135,A5043028193,last
W2756349004,A5040319854,first
W2756422762,A5010969445,first
W2756573423,A5075268212,first
W2756817494,A5061323954,first
W2757587110,A5020723861,first
W2757587110,A5058171850,middle
W2757587110,A5044297291,middle
W2757587110,A5063906196,last
W2758058313,A5010424125,first
W2759218403,A5072886785,middle
W2759218403,A5049146326,middle
W2759218403,A5006884218,middle
W2759390020,A5045519017,first
W2759390020,A5087916557,last
W2760136764,A5016294919,middle
W2760756720,A5036977404,first
W2760756720,A5067105644,middle
W2760756720,A5044829179,last
W2760759612,A5067911205,first
W2760857917,A5005138252,first
W2761026682,A5046246683,first
W2761026682,A5076935774,middle
W2761026682,A5028397378,last
W2761995311,A5068212633,first
W2762626112,A5028687568,first
W2762626112,A5046982610,last
W2762669050,A5054928295,last
W2762868606,A5056425006,first
W2762868606,A5023610771,middle
W2762868606,A5030716981,last
W2763026952,A5051909057,first
W2763026952,A5088197388,middle
W2763026952,A5044645509,middle
W2763436073,A5018315095,first
W2763504365,A5078800000,first
W2763585048,A5021756821,first
W2763585048,A5086971582,last
W2763656725,A5073899901,first
W2763656725,A5002410830,middle
W2763656725,A5042858008,middle
W2763656725,A5010782263,last
W2763824484,A5003123346,first
W2764129400,A5040865071,first
W2764129400,A5049253329,middle
W2764181989,A5070947796,first
W2765806790,A5005056742,first
W2766025353,A5086841461,first
W2766064612,A5011018704,first
W2766347350,A5024406925,first
W2766347350,A5027025072,middle
W2766347350,A5045955347,middle
W2766347350,A5015418952,middle
W2766436163,A5028794081,middle
W2766436163,A5002157345,last
W2766862038,A5046999727,first
W2766862038,A5022555108,last
W2766885004,A5000232181,first
W2766959015,A5088916808,first
W2766959628,A5030063242,first
W2766959628,A5076261469,last
W2767683536,A5086971582,first
W2767683536,A5021756821,last
W2768118434,A5021756821,first
W2768171816,A5080797345,first
W2768171816,A5059335642,middle
W2768210743,A5042782659,first
W2768345396,A5069627479,first
W2768750120,A5034037753,first
W2768898939,A5020292460,first
W2768898939,A5086193609,last
W2769306503,A5075154894,first
W2769419327,A5043731176,last
W2769490925,A5004877793,first
W2769595518,A5027661926,middle
W2769662984,A5008569581,last
W2770158990,A5030997804,first
W2770292190,A5060071535,first
W2770752498,A5003607737,first
W2771065000,A5064480616,first
W2771065000,A5085681079,middle
W2771065000,A5031744155,middle
W2771065000,A5076340457,middle
W2771065000,A5023483387,middle
W2771065000,A5051317543,last
W2771241780,A5052682036,first
W2771919157,A5000187382,middle
W2771919157,A5083432049,last
W2771955631,A5014073509,first
W2771955631,A5031993656,middle
W2771955631,A5088646552,last
W2772182555,A5051655180,middle
W2772182555,A5061908338,middle
W2772599970,A5082852481,last
W2772660694,A5050299188,first
W2772660694,A5071941798,last
W2772777088,A5086276404,first
W2773123555,A5048927560,first
W2773123555,A5020490212,last
W2773198424,A5079081811,middle
W2773516558,A5031329586,first
W2773971677,A5040524891,first
W2774111553,A5022137808,first
W2774111553,A5011105820,last
W2774216385,A5003810989,first
W2774791960,A5038189156,first
W2774791960,A5050333274,last
W2774921243,A5041660325,first
W2775008604,A5070028435,first
W2775027933,A5066710399,first
W2775046847,A5019693953,first
W2775046847,A5074976207,middle
W2775046847,A5022741687,middle
W2775046847,A5037722869,last
W2775102497,A5045378788,first
W2775102497,A5056517923,middle
W2775102497,A5073581836,middle
W2775102497,A5050965057,last
W2775570928,A5003055330,middle
W2775889438,A5051076432,first
W2775889438,A5062590491,last
W2776339359,A5056603282,first
W2776464743,A5042153525,first
W2776668314,A5025443239,first
W2776668314,A5044896136,middle
W2776668314,A5049408851,middle
W2776668314,A5029968950,last
W2777366774,A5029031206,first
W2777491774,A5050903344,first
W2777661691,A5080734444,first
W2777661691,A5040555464,middle
W2777661691,A5068368596,last
W2777906644,A5045410186,last
W2778011182,A5033625848,first
W2778011182,A5042597849,middle
W2778011182,A5003779761,middle
W2778011182,A5047517734,last
W2778107244,A5054151996,first
W2778107244,A5062571028,middle
W2778181145,A5044722223,first
W2778303070,A5064160495,first
W2778327138,A5020600639,first
W2778327138,A5000544333,last
W2778337341,A5051189617,middle
W2778337341,A5018387915,middle
W2778337341,A5043675709,last
W2778439991,A5015129790,first
W2778439991,A5058262278,middle
W2778439991,A5035818649,last
W2779009247,A5056246453,last
W2779639400,A5084359876,first
W2779797821,A5050013557,first
W2779797821,A5009052165,middle
W2779797821,A5060381913,last
W2779990470,A5013306341,first
W2779996156,A5030522898,first
W2779996156,A5034975789,middle
W2779996156,A5051107402,last
W2780087652,A5087081020,first
W2780353035,A5040858746,first
W2780725815,A5066444621,middle
W2780725815,A5014786376,last
W2781031725,A5073668681,first
W2781031725,A5063413613,middle
W2781031725,A5064395265,last
W2781220487,A5013024166,last
W2781323088,A5089247880,first
W2781637592,A5038330481,first
W2781637592,A5035247340,middle
W2781637592,A5055621886,last
W2781730436,A5004362277,first
W2781730436,A5050156128,middle
W2781772990,A5048707681,first
W2781792199,A5011073856,first
W2781832724,A5061962364,first
W2781883109,A5090554658,first
W2781895937,A5001227032,middle
W2781895937,A5053078606,middle
W2781895937,A5028476325,last
W2781912114,A5042080057,first
W2781982619,A5058070894,first
W2782032721,A5054395154,first
W2782156910,A5079458153,first
W2782215484,A5058368955,last
W2782245349,A5058856784,first
W2782315665,A5005595654,first
W2782315665,A5028242808,middle
W2782315665,A5005595654,middle
W2782315665,A5028242808,last
W2782334774,A5036548506,last
W2782640632,A5081114551,first
W2782700553,A5007349029,first
W2782735591,A5013064041,first
W2782811911,A5039553345,first
W2782811911,A5053662486,middle
W2782811911,A5007653049,last
W2782925321,A5035939663,first
W2782963187,A5012126103,first
W2782963187,A5053281470,last
W2783248514,A5038199433,first
W2783305119,A5088463931,first
W2783401333,A5052657371,first
W2783401333,A5064393824,middle
W2783419148,A5017119349,first
W2783697061,A5030708198,first
W2783729180,A5021967941,first
W2783732554,A5015301115,first
W2783732554,A5022078409,middle
W2783732554,A5049680381,middle
W2783732554,A5071643152,last
W2783748322,A5050580682,first
W2783748322,A5084035310,last
W2784326596,A5031265941,first
W2784415222,A5027630360,first
W2784432483,A5035861297,first
W2784432483,A5044649117,last
W2784536922,A5048354076,first
W2784644088,A5035329291,first
W2784743734,A5001920209,first
W2784766094,A5039105616,first
W2785113455,A5081672760,first
W2785147532,A5085655333,first
W2785206410,A5026818536,first
W2785392309,A5027422071,first
W2785392309,A5023752093,middle
W2785392309,A5004372595,middle
W2785392309,A5043872748,last
W2785561071,A5088969394,first
W2785561071,A5002417981,last
W2785730637,A5016634756,middle
W2785730637,A5023000351,middle
W2785730637,A5018740241,last
W2786224651,A5006909080,first
W2786224651,A5001264416,last
W2786383727,A5065639733,first
W2786383727,A5014374904,last
W2786932282,A5070300871,middle
W2786932282,A5000396841,middle
W2786932282,A5044313646,middle
W2786932282,A5077270048,middle
W2786932282,A5061658352,middle
W2786932282,A5003720793,middle
W2786932282,A5007106692,middle
W2786932282,A5068007861,middle
W2786932282,A5078252392,middle
W2786932282,A5063083907,middle
W2786932282,A5028253899,middle
W2786932282,A5021589201,middle
W2786932282,A5085913618,middle
W2787225411,A5036103592,first
W2787254275,A5055427344,first
W2787722169,A5065805570,last
W2787756943,A5080469744,first
W2787864449,A5077250147,first
W2788589100,A5006737410,last
W2788684540,A5043629634,first
W2788684540,A5052206721,middle
W2788684540,A5051274882,last
W2788810316,A5077054365,first
W2788810316,A5089771051,last
W2788950780,A5033511005,last
W2789008297,A5003795875,first
W2789008297,A5031738703,middle
W2789072402,A5033807563,first
W2789443292,A5025076963,first
W2789521373,A5021493111,first
W2790133402,A5091911425,first
W2791257395,A5088999066,first
W2791688959,A5084337132,first
W2792160558,A5023242761,first
W2792497593,A5080136737,first
W2792584448,A5080583726,first
W2792584480,A5070545710,first
W2792584480,A5035552373,last
W2792591649,A5047064217,first
W2792854075,A5027612585,first
W2792854075,A5069734411,middle
W2793010673,A5009620075,first
W2793187800,A5088347215,first
W2793487242,A5029744114,first
W2793487242,A5023200879,middle
W2793487242,A5058270961,last
W2793910596,A5038713395,first
W2794492943,A5013426857,first
W2796363786,A5066665696,first
W2796625924,A5058449471,first
W2797466058,A5055270130,first
W2797466058,A5015852735,last
W2798033592,A5024812899,last
W2798505239,A5036630912,first
W2798505239,A5008261969,middle
W2798611812,A5061183168,first
W2798620478,A5049352265,first
W2798859006,A5048495644,first
W2798859006,A5079253908,last
W2798875039,A5008426630,first
W2798875039,A5080662228,last
W2798984668,A5033944213,first
W2799002525,A5052030817,first
W2799017518,A5061127966,first
W2799888102,A5029271067,first
W2800591605,A5016803997,first
W2800591605,A5028282411,last
W2801182483,A5053696609,first
W2801367376,A5009675377,last
W2801535083,A5001670550,first
W2801535083,A5078864745,middle
W2802479137,A5061111021,last
W2803219652,A5015902272,first
W2803219652,A5016834785,middle
W2803219652,A5037767876,last
W2803357189,A5030239925,first
W2803428696,A5081840676,first
W2803535775,A5075544867,first
W2804077823,A5032912532,first
W2804077823,A5026305721,middle
W2804077823,A5023866759,last
W2804165143,A5034931496,first
W2804208152,A5052880071,first
W2804284624,A5016525565,first
W2804416064,A5015126789,first
W2804416064,A5056488237,middle
W2804416064,A5074887428,last
W2804680472,A5084199446,last
W2804747377,A5025869866,first
W2804771767,A5037073496,first
W2804896402,A5037000194,first
W2804998704,A5089269429,first
W2805450964,A5032387676,first
W2805964040,A5080714643,first
W2805964040,A5018967477,last
W2806017698,A5058306494,first
W2806195408,A5083531923,first
W2806195408,A5069872577,last
W2806371467,A5005553509,first
W2806598029,A5066727525,first
W2806598029,A5005294830,last
W2806650850,A5000689278,first
W2807095810,A5027988857,first
W2807614978,A5080026590,last
W2807649355,A5037584129,middle
W2807649355,A5040210597,last
W2807675886,A5055768033,first
W2807675886,A5054317000,last
W2807908191,A5060532504,first
W2808145879,A5004913043,first
W2808178908,A5019537566,first
W2808178908,A5073770818,middle
W2808178908,A5019358063,last
W2808632323,A5044103755,first
W2808632323,A5006583868,middle
W2808632323,A5042892816,last
W2808849620,A5056362774,middle
W2808849620,A5027763022,last
W2809057434,A5077843387,first
W2809057434,A5077640348,middle
W2809057434,A5042885686,middle
W2809057434,A5079390960,middle
W2809057434,A5070013751,middle
W2809057434,A5071917998,last
W2809194954,A5018761621,last
W2809235543,A5088674903,first
W2809545494,A5005068610,middle
W2809545494,A5036404059,last
W2809775873,A5080190305,first
W2809781725,A5045301590,first
W2810039393,A5039712939,last
W2810342367,A5062604288,first
W2810601908,A5030850475,first
W2810601908,A5003083693,last
W2810613769,A5073702501,first
W2810613769,A5059708338,middle
W2810613769,A5013765947,last
W2810914727,A5047125428,first
W2811015035,A5075294939,first
W2811043586,A5029591382,first
W2811054964,A5012864989,middle
W2811054964,A5067201316,last
W2811232723,A5020494096,first
W2811475964,A5073854109,last
W2814819560,A5038213485,first
W2819021037,A5055424167,first
W2853391885,A5071523960,first
W2861257852,A5029624987,first
W2861257852,A5035552373,middle
W2861257852,A5013418146,last
W2881100173,A5011629306,first
W2883633479,A5044754849,first
W2883633479,A5023059615,last
W2884124303,A5040301558,first
W2884124303,A5078910343,last
W2884306751,A5050112394,last
W2884732582,A5046328005,first
W2884939700,A5059593210,middle
W2885147800,A5049773976,first
W2885229245,A5006594512,first
W2885434686,A5070616565,first
W2885482383,A5052472773,last
W2885704247,A5000411106,first
W2885750841,A5076325889,first
W2885808562,A5089247880,first
W2885812666,A5045455849,first
W2886350776,A5003316065,first
W2886367360,A5004748449,first
W2886672164,A5085667308,first
W2886966192,A5085218770,first
W2887178924,A5035228537,first
W2887178924,A5028668479,last
W2887197017,A5037623898,first
W2887735562,A5008037939,last
W2888416665,A5046031431,first
W2888896496,A5015605315,first
W2888983444,A5044287004,first
W2889031342,A5089221401,first
W2889172091,A5078247656,first
W2889201744,A5019897542,first
W2889201744,A5008478538,middle
W2889201744,A5071471344,last
W2889270017,A5071167506,first
W2889342427,A5038976846,first
W2889342427,A5031342394,last
W2889428531,A5059007897,first
W2889474816,A5079570262,first
W2889501582,A5008379140,first
W2889507294,A5064998269,first
W2889937122,A5063887848,first
W2890230641,A5047358771,first
W2890230641,A5040820171,last
W2890583975,A5012729862,first
W2890583975,A5053572914,middle
W2890583975,A5058784141,last
W2890625759,A5029924931,first
W2890680307,A5069004958,first
W2890680307,A5068418625,middle
W2890680307,A5023713760,last
W2890807652,A5042364837,first
W2891610280,A5021622512,first
W2891684251,A5012729862,first
W2891684251,A5053572914,middle
W2891684251,A5058784141,last
W2891819094,A5053097402,last
W2891822202,A5058466208,middle
W2891822202,A5045573984,last
W2891955945,A5042049556,first
W2891955945,A5046239440,last
W2892123199,A5065328959,first
W2892402735,A5034898680,last
W2894168447,A5077256314,middle
W2894790127,A5008741127,first
W2895170979,A5000315446,last
W2896216840,A5051173013,first
W2896254025,A5071190333,first
W2896452050,A5040729868,first
W2896490862,A5037667633,last
W2897092469,A5009646340,first
W2899591783,A5041432927,first
W2899591783,A5077800537,middle
W2899816977,A5015444543,first
W2899816977,A5049890170,last
W2900122952,A5032112539,first
W2900588078,A5035017068,first
W2900588078,A5034476404,last
W2900919237,A5002142783,middle
W2901309707,A5083246331,first
W2903712201,A5020482984,first
W2903812518,A5062251295,first
W2903919439,A5063009143,first
W2903948331,A5048696525,first
W2904145511,A5031806228,first
W2904200491,A5052580098,first
W2904764333,A5051620202,first
W2905008587,A5029170589,middle
W2905008587,A5034108107,middle
W2905008587,A5012402339,middle
W2905008587,A5067040834,middle
W2905008587,A5037922012,middle
W2905008587,A5057065342,middle
W2905008587,A5015692548,middle
W2905375906,A5060845867,first
W2905394763,A5013042865,first
W2905767717,A5075354718,first
W2905929252,A5068364189,first
W2906711767,A5072564149,first
W2906711767,A5011890646,middle
W2906711767,A5030880199,last
W2907287137,A5054281325,first
W2907364774,A5063350194,first
W2908075603,A5049747850,first
W2908293091,A5088169955,first
W2908332810,A5065459674,first
W2908472493,A5068220420,first
W2909331786,A5015673839,first
W2909331786,A5048806553,middle
W2909331786,A5023993463,middle
W2909331786,A5068775552,last
W2910482234,A5054905407,first
W2910521778,A5075252209,first
W2910677072,A5070750659,first
W2910677072,A5063031245,middle
W2910677072,A5000570251,last
W2910835259,A5060349175,first
W2910835259,A5045704664,last
W2911234932,A5077770014,middle
W2911249395,A5003648392,first
W2911334361,A5067231523,first
W2911369736,A5020720579,middle
W2911369736,A5041247703,middle
W2911369736,A5077526337,last
W2911381594,A5063314272,first
W2911381594,A5011904454,middle
W2911381594,A5020723861,middle
W2911381594,A5019332856,middle
W2911381594,A5041207098,middle
W2911381594,A5072482402,last
W2911438736,A5041415709,first
W2911438736,A5070099167,last
W2911626937,A5049366718,last
W2911672500,A5036692996,middle
W2911675009,A5082067025,last
W2911703346,A5053440165,first
W2911703346,A5082295707,last
W2911714258,A5069533055,first
W2911815514,A5042695245,first
W2911995961,A5063216766,first
W2911997544,A5067564289,first
W2911997544,A5002976111,last
W2912166130,A5078263874,first
W2912166130,A5071154218,middle
W2912166130,A5054500429,middle
W2912166130,A5076956259,last
W2912174161,A5066865889,first
W2912203744,A5077398892,first
W2912203744,A5078041177,middle
W2912274528,A5035683424,first
W2912453991,A5059466123,first
W2912469104,A5023176472,first
W2912479362,A5026431802,first
W2912479362,A5035314874,middle
W2912479362,A5000078546,middle
W2912479362,A5073634264,last
W2912494242,A5029350115,first
W2912494242,A5069610790,middle
W2912494242,A5016877253,middle
W2912494242,A5010635837,middle
W2912494242,A5005837856,last
W2912504148,A5086998280,first
W2912504148,A5000427768,middle
W2912504148,A5025662396,last
W2912544954,A5029040393,first
W2912544954,A5067179709,middle
W2912544954,A5076006527,last
W2912649687,A5021756821,first
W2912835124,A5074956708,first
W2913222252,A5052583897,first
W2913222252,A5005863795,middle
W2913222252,A5017345211,last
W2913607075,A5073899901,first
W2913607075,A5002410830,middle
W2913607075,A5042858008,middle
W2913607075,A5053238451,last
W2913673087,A5048919001,first
W2913943590,A5061764240,first
W2913943590,A5048688960,middle
W2913985705,A5059864639,first
W2914031403,A5054528917,last
W2914267259,A5009977767,middle
W2914267259,A5004070162,middle
W2914267259,A5036423849,last
W2914329795,A5043675709,first
W2914329795,A5051189617,middle
W2914329795,A5018387915,last
W2914552757,A5060953615,first
W2914574274,A5006689836,first
W2914610551,A5003648392,first
W2914610551,A5073899901,middle
W2914610551,A5002410830,middle
W2914610551,A5042858008,middle
W2914687289,A5003648392,first
W2914687289,A5067103798,last
W2914845081,A5058251651,last
W2914962373,A5052211345,first
W2914962373,A5012668753,middle
W2915102685,A5065058581,first
W2915102685,A5019494994,middle
W2915102685,A5054256492,last
W2915145526,A5041165414,middle
W2915145526,A5048556948,middle
W2915145526,A5017899023,last
W2915222094,A5033638845,first
W2915222094,A5085575730,middle
W2915222094,A5058163340,last
W2915589876,A5065058581,first
W2915589876,A5019494994,middle
W2915589876,A5054256492,last
W2915629151,A5005528176,first
W2915629151,A5003112988,middle
W2915629151,A5034657358,middle
W2915629151,A5067057512,last
W2915657240,A5065058581,first
W2915798051,A5048153023,first
W2915895740,A5076075273,first
W2915895740,A5049715851,last
W2916154329,A5043833941,first
W2916473257,A5034785505,first
W2916473257,A5013870208,last
W2916509377,A5023095617,first
W2916642760,A5076075273,first
W2916719960,A5065058581,first
W2916719960,A5054026337,last
W2916773658,A5065058581,first
W2916795388,A5042321883,first
W2916804586,A5034790383,first
W2916804586,A5074648723,last
W2916866142,A5060358754,first
W2916866142,A5042944723,middle
W2916866142,A5033692670,middle
W2916866142,A5046867271,last
W2916946709,A5009270487,first
W2916969543,A5043675709,middle
W2917058812,A5065058581,first
W2917153042,A5056456196,first
W2917153042,A5073955919,middle
W2917153042,A5076942366,middle
W2917153042,A5068210416,last
W2917352887,A5065058581,first
W2917352887,A5019494994,middle
W2917352887,A5054256492,last
W2917379490,A5058502851,first
W2917379490,A5059456133,last
W2917399982,A5058475882,first
W2917399982,A5070896564,middle
W2917399982,A5040402369,middle
W2917399982,A5073956678,last
W2917606172,A5083644654,first
W2917606172,A5002499510,middle
W2917606172,A5020199695,last
W2917648062,A5065058581,first
W2917648062,A5038150463,last
W2917680684,A5014376522,first
W2917680684,A5050796366,last
W2917753598,A5065058581,first
W2918041068,A5086557860,first
W2918054777,A5033638845,first
W2918054777,A5013340294,middle
W2918054777,A5058163340,last
W2918115158,A5076075273,first
W2918115158,A5036743437,last
W2918707646,A5047492163,first
W2918707646,A5054806644,middle
W2918707646,A5045459089,last
W2921367158,A5090952223,first
W2921367158,A5057175886,middle
W2921367158,A5087809658,last
W2921872950,A5042604848,first
W2921872950,A5067750806,last
W2922055204,A5075915251,first
W2922447304,A5079405118,middle
W2922447304,A5089051573,last
W2922666999,A5080838294,first
W2922893012,A5048483191,first
W2924201146,A5010633704,first
W2924579194,A5006722484,first
W2925335557,A5051741620,first
W2928442891,A5086720473,first
W2929639420,A5064314784,first
W2931261388,A5024343501,first
W2931261388,A5016038952,last
W2931277769,A5069533055,first
W2932908550,A5070927044,last
W2934592355,A5018795506,first
W2934592355,A5078989577,last
W2939282925,A5005048827,first
W2939569037,A5060672826,middle
W2939569037,A5086241634,middle
W2939569037,A5067896136,middle
W2939569037,A5032421920,last
W2939707642,A5071503517,last
W2940239103,A5052094464,first
W2940606274,A5009293071,last
W2941023686,A5020150122,first
W2941023686,A5058915300,middle
W2943516585,A5008356497,first
W2943878632,A5080871934,first
W2943950409,A5045571115,first
W2944055063,A5048119697,first
W2944055063,A5030022807,middle
W2944055063,A5055048637,middle
W2944055063,A5044546919,middle
W2944055063,A5004297417,last
W2945319073,A5086808384,first
W2945357031,A5052121623,first
W2946873048,A5029046612,first
W2946916928,A5065946536,first
W2947641822,A5034878658,first
W2948179632,A5009115835,first
W2948325174,A5024992097,first
W2948513568,A5033950265,first
W2949407996,A5041940248,last
W2950369725,A5018922997,first
W2950465679,A5086148793,first
W2950465679,A5061436986,middle
W2950465679,A5070223882,last
W2951676188,A5013614086,first
W2952342932,A5054774293,first
W2953297493,A5020881468,first
W2953410350,A5073958876,first
W2953788493,A5026399925,first
W2953866070,A5077280165,first
W2954372970,A5069435428,first
W2954447848,A5046422005,first
W2954459148,A5051799640,first
W2954459148,A5051799640,last
W2954611288,A5058723981,first
W2955033417,A5063046436,first
W2956136823,A5026475453,first
W2957255854,A5005615576,first
W2958416543,A5076075273,first
W2958416543,A5061323954,last
W2960296397,A5022568235,first
W2960606994,A5086455533,first
W2960606994,A5080684526,middle
W2960606994,A5065309498,middle
W2960606994,A5012309774,middle
W2960606994,A5017108237,middle
W2960606994,A5017108237,last
W2961982827,A5047562817,first
W2962827781,A5043671574,first
W2962827781,A5074924072,last
W2962961240,A5019521068,first
W2962964301,A5014179791,first
W2962973382,A5053667005,first
W2962973382,A5080454458,last
W2963195330,A5083098890,first
W2963216109,A5006609913,last
W2963559583,A5067361100,first
W2963563844,A5030055345,first
W2963639852,A5049160688,first
W2964115780,A5091911425,first
W2964277463,A5080235510,first
W2965726629,A5091462389,first
W2966405528,A5062927649,first
W2966712117,A5030963406,first
W2966712117,A5053718647,middle
W2966712117,A5057983428,middle
W2966712117,A5038161598,middle
W2966712117,A5076458061,middle
W2966712117,A5049818110,middle
W2966712117,A5026154826,middle
W2966712117,A5031649291,middle
W2966712117,A5083739686,middle
W2966712117,A5039950974,middle
W2966712117,A5035670197,middle
W2966712117,A5025453491,middle
W2966712117,A5002177966,last
W2968104980,A5070694324,first
W2968316978,A5008713236,first
W2969432367,A5069174154,first
W2969475060,A5001108120,first
W2969815876,A5008569581,first
W2969815876,A5060806418,last
W2970125830,A5003048855,first
W2970300279,A5006232649,first
W2970378784,A5031265920,first
W2970445096,A5010523057,first
W2970487081,A5087200104,first
W2970489064,A5071725507,first
W2970548588,A5075312748,first
W2970627385,A5013334892,first
W2970628114,A5005274975,first
W2970919808,A5001758184,first
W2970955344,A5084239314,first
W2970968193,A5034648774,first
W2970975571,A5057198882,first
W2970999129,A5018366447,first
W2971016827,A5081485500,first
W2971056978,A5005004584,first
W2971186799,A5069162147,first
W2971187334,A5033464469,first
W2971369340,A5016294951,first
W2972599051,A5039463360,first
W2972599051,A5064473684,last
W2972752531,A5026897895,first
W2973875503,A5090522228,first
W2973875503,A5047304718,last
W2975271433,A5061248009,first
W2975476224,A5003933774,first
W2975490135,A5062421996,first
W2976246668,A5080318801,first
W2976538812,A5089386739,first
W2976538812,A5052233825,last
W2976775676,A5003701534,first
W2977162486,A5035269739,first
W2978045872,A5044747745,first
W2979232733,A5015706646,first
W2979232733,A5019960857,middle
W2979232733,A5028200774,middle
W2979232733,A5083232835,middle
W2979232733,A5057882584,last
W2980013852,A5041641236,first
W2980814208,A5028893543,first
W2981462007,A5085592276,first
W2981937884,A5044970946,first
W2982369124,A5003687495,first
W2982978585,A5015567595,first
W2982978585,A5018553855,last
W2983333089,A5068378107,first
W2983544643,A5025304972,first
W2985533924,A5020819363,first
W2987760672,A5020761735,first
W2988045480,A5068267772,first
W2988045480,A5000275563,last
W2989320069,A5071802751,first
W2989606555,A5072457084,first
W2989934880,A5062855448,first
W2990695096,A5026649469,first
W2992228354,A5078449765,last
W2994261362,A5091911425,first
W2994419590,A5012817210,first
W2995520759,A5044955700,first
W2995520759,A5084696669,middle
W2995520759,A5055646026,middle
W2995520759,A5067694104,middle
W2996523322,A5022770415,first
W2996951439,A5011824648,first
W2996951439,A5072658159,middle
W2996951439,A5057900958,last
W2997164141,A5000670364,first
W2997476473,A5061720645,first
W2998318217,A5022512811,first
W2998456615,A5003384367,first
W2998778291,A5018291985,first
W2998778291,A5080973951,middle
W2998778291,A5055830848,middle
W2998778291,A5012592333,last
W3000013847,A5059231864,first
W3000372380,A5018231294,first
W3000372380,A5014118555,middle
W3000372380,A5030347468,middle
W3000372380,A5053947754,middle
W3000372380,A5021211836,last
W3000584975,A5079795418,first
W3000587786,A5024908471,first
W3000691803,A5086991283,first
W3000691803,A5004919084,middle
W3000691803,A5037891344,middle
W3000691803,A5011685998,middle
W3000691803,A5070577318,middle
W3001401454,A5082690890,first
W3001401454,A5039896054,last
W3001626907,A5039141425,first
W3002143385,A5081326823,middle
W3003203450,A5055535728,first
W3003854963,A5013009407,first
W3003854963,A5020850821,middle
W3003854963,A5018872189,middle
W3003854963,A5037130457,middle
W3003854963,A5090506185,last
W3004804814,A5088794758,first
W3004804814,A5087909840,middle
W3005154061,A5011698013,first
W3005154061,A5064619581,last
W3005607263,A5043046202,first
W3005607263,A5035861570,middle
W3005607263,A5021436872,last
W3005663966,A5013109648,first
W3005905355,A5038523691,first
W3005905355,A5032084429,middle
W3005905355,A5005921347,last
W3006154056,A5017580201,first
W3006283613,A5019975054,first
W3006460019,A5063573474,first
W3006599009,A5010614159,first
W3007376088,A5047726339,first
W3008095336,A5080466912,first
W3008522057,A5040634481,first
W3008643958,A5090308505,first
W3009021971,A5065857998,last
W3012222846,A5029813778,first
W3013088770,A5003985005,last
W3013223693,A5081472990,first
W3013597559,A5072553757,first
W3013597559,A5025489164,middle
W3013597559,A5046479646,middle
W3013597559,A5012520597,middle
W3013597559,A5052731386,middle
W3013597559,A5060584252,middle
W3013597559,A5056937035,middle
W3013597559,A5028356834,middle
W3013597559,A5091198726,middle
W3014031428,A5078907945,middle
W3014031428,A5016781705,middle
W3014031428,A5042776675,middle
W3014031428,A5090336324,last
W3016144165,A5027669061,first
W3017320384,A5005985934,middle
W3017845313,A5031423617,first
W3018514876,A5040260581,first
W3022200422,A5031583498,first
W3022586044,A5050947827,first
W3023588565,A5072217445,first
W3024443138,A5018173372,first
W3024443138,A5037567495,middle
W3025645429,A5019321436,first
W3026519506,A5021762915,first
W3028179448,A5039406969,first
W3032048266,A5085256592,first
W3032048266,A5053809255,middle
W3035797901,A5072534711,first
W3036487682,A5014442898,first
W3037599810,A5089789777,first
W3037599810,A5090109256,middle
W3037599810,A5016083141,last
W3040151647,A5038088191,first
W3040151647,A5009057782,middle
W3040151647,A5048599491,last
W3042182293,A5068995111,first
W3043453739,A5032906445,first
W3043684194,A5031958692,first
W3044704110,A5060715136,first
W3045049325,A5006556461,first
W3045744667,A5055212602,first
W3045744667,A5024347284,last
W3046406615,A5032431285,first
W3046406615,A5045794742,last
W3047605776,A5085964296,first
W3048826059,A5038737932,first
W3081147944,A5072958491,first
W3081147944,A5040168235,last
W3082393130,A5005444046,first
W3085914923,A5086325344,last
W3088223220,A5050741685,first
W3088223220,A5080611883,middle
W3088223220,A5025311585,middle
W3088223220,A5059332073,last
W3089856078,A5013117248,first
W3093368317,A5076242092,first
W3095924061,A5063022290,first
W3097018340,A5018344574,first
W3097018340,A5050122444,middle
W3097018340,A5038084384,middle
W3097018340,A5001057487,last
W3106586692,A5013051797,first
W3106784868,A5010621788,first
W3106784868,A5086060106,middle
W3106784868,A5059829097,middle
W3106784868,A5019943145,middle
W3106784868,A5071891995,last
W3106787261,A5035297291,first
W3106967981,A5036653045,middle
W3107964656,A5017815278,last
W3108092081,A5026285008,first
W3108092081,A5026285008,last
W3108183219,A5007244078,first
W3108353230,A5036034783,first
W3108809496,A5004104749,first
W3108857532,A5073076531,first
W3108882895,A5045409390,first
W3108942533,A5030195695,first
W3109641325,A5020514278,first
W3109775297,A5019304812,first
W3110369018,A5012421649,first
W3112327289,A5067096765,first
W3114633077,A5016866438,middle
W3114633077,A5015555254,last
W3115263801,A5066345725,first
W3115263801,A5084665500,middle
W3115263801,A5069607429,middle
W3117222332,A5061574317,first
W3117229159,A5002470945,first
W3118844275,A5049773261,first
W3119544529,A5067980261,first
W3119764386,A5009483960,first
W3119881128,A5009989426,first
W3119881128,A5044423058,last
W3120734127,A5084880018,middle
W3121990147,A5081607158,last
W3122397864,A5032809289,first
W3122397864,A5077470489,last
W3123176798,A5006140273,first
W3123262389,A5029685754,first
W3123262389,A5022456933,middle
W3123262389,A5068143882,middle
W3123262389,A5023499084,last
W3125270447,A5068015318,first
W3125270447,A5045181048,last
W3125662335,A5043174840,last
W3126136530,A5002919229,first
W3126877148,A5066050535,first
W3127377460,A5082908944,first
W3127710341,A5011867771,first
W3127819671,A5068173624,middle
W3127819671,A5019944973,middle
W3128225278,A5069720513,first
W3128734605,A5049245643,first
W3128734605,A5002166815,last
W3129169851,A5029813778,first
W3129268022,A5013796989,first
W3133973889,A5043234583,last
W3134234619,A5018935451,first
W3134234619,A5018935451,last
W3134327381,A5060911407,first
W3134635382,A5081510302,first
W3135048455,A5025548433,first
W3135803578,A5045539382,middle
W3135803578,A5090419459,middle
W3135803578,A5079154791,middle
W3135803578,A5066305082,middle
W3135803578,A5033632230,middle
W3135803578,A5069171976,last
W3137023029,A5082576141,first
W3137023029,A5078204776,middle
W3137550016,A5030338599,middle
W3137550016,A5076025685,middle
W3137886675,A5045934263,first
W3137886675,A5059992863,middle
W3137886675,A5056507889,last
W3139554310,A5033729550,first
W3139979795,A5006438070,first
W3141040614,A5064524629,first
W3141480538,A5029739300,first
W3141480538,A5044964287,middle
W3143139736,A5000557159,first
W3143142364,A5046858390,first
W3143150201,A5009117491,first
W3143491912,A5008488141,first
W3145920652,A5070576592,first
W3147039316,A5000002274,first
W3147324356,A5018980910,first
W3147324356,A5037087126,last
W3147493664,A5089721742,last
W3149086549,A5030931245,first
W3149086549,A5079271436,middle
W3149086549,A5011552792,middle
W3149086549,A5046998490,middle
W3149086549,A5055208450,last
W3149357906,A5004015528,first
W3149541618,A5061378179,first
W3150495512,A5053475024,first
W3150495512,A5037396131,last
W3150923488,A5016530866,first
W3152445704,A5090459710,middle
W3152445704,A5031874605,middle
W3152445704,A5063722666,middle
W3152445704,A5052295259,middle
W3152445704,A5031063465,middle
W3152445704,A5054877089,middle
W3152445704,A5086014978,middle
W3152445704,A5074189547,last
W3152944944,A5065058581,first
W3152944944,A5019494994,middle
W3152944944,A5054256492,last
W3157281147,A5062550214,first
W3157613126,A5027255062,first
W3157889734,A5031615792,first
W3158023118,A5035211145,middle
W3158506618,A5082675093,first
W3158594634,A5083606386,first
W3158803970,A5084484883,first
W3159076746,A5041969626,first
W3159076746,A5075530467,last
W3159369455,A5025879827,first
W3159643842,A5084028704,first
W3161767119,A5052964903,first
W3162387017,A5064002639,first
W3162387017,A5027156159,last
W3162986965,A5064002639,first
W3162986965,A5027156159,last
W3164592240,A5064002639,first
W3164592240,A5027156159,last
W3164637107,A5064002639,first
W3164637107,A5027156159,last
W3164733237,A5082214951,first
W3164733237,A5062111910,last
W3165715038,A5064002639,first
W3165715038,A5027156159,last
W3168138823,A5049374993,middle
W3168138823,A5023860774,middle
W3169635611,A5017161396,first
W3170353110,A5016910600,last
W3171033609,A5052373265,first
W3171851220,A5051076432,first
W3171851220,A5062590491,last
W3173292974,A5042179342,last
W3173586185,A5038929608,first
W3173586185,A5006845983,middle
W3173586185,A5061790543,last
W3174063440,A5002798063,first
W3174063440,A5034513268,middle
W3174063440,A5058826671,middle
W3174063440,A5059916560,last
W3174128382,A5056843687,last
W3175324735,A5040882559,first
W3175324735,A5032124503,last
W3175721605,A5057624286,first
W3175721605,A5067490399,middle
W3175721605,A5043479638,middle
W3175721605,A5017065683,middle
W3175721605,A5057087532,middle
W3175721605,A5065211032,middle
W3175721605,A5039034456,middle
W3175721605,A5082773820,middle
W3177006662,A5067463753,first
W3180045993,A5053784165,first
W3180045993,A5089285362,last
W3182974530,A5022465917,first
W3182974530,A5052242583,middle
W3182974530,A5047380225,last
W3187032020,A5010637610,first
W3192881495,A5043256812,first
W3193566184,A5002560203,first
W3193566184,A5083444738,last
W3193748136,A5001684302,first
W3193939382,A5081778658,middle
W3195973937,A5002018081,first
W3199001463,A5027549551,middle
W3199737040,A5026556469,middle
W3199737040,A5047181220,middle
W3199737040,A5049092755,middle
W3199928402,A5015454562,first
W3201157337,A5005432531,first
W3201245772,A5003857315,first
W3201458706,A5010128796,first
W3201458706,A5058338795,last
W3202383951,A5042753243,first
W3202565174,A5086753691,first
W3202647448,A5043627726,first
W3204832756,A5064002639,first
W3204832756,A5027156159,last
W3204913744,A5049563716,first
W3204913744,A5001641200,middle
W3204913744,A5011940674,middle
W3204913744,A5049563716,middle
W3204913744,A5011940674,last
W3207303057,A5046388874,last
W3210482876,A5037169149,first
W3212024072,A5081944150,first
W3212104583,A5062092421,first
W3212117338,A5017181641,middle
W3212538130,A5007817746,first
W3212935324,A5049698030,first
W3212935324,A5048787100,last
W3213718151,A5039774878,first
W3214298896,A5046361737,last
W3215445051,A5064002639,first
W3215445051,A5027156159,last
W3217033458,A5024566408,first
W3217033458,A5060628396,last
W361703000,A5087240440,first
W36464570,A5053540952,first
W384495700,A5024010594,first
W39974658,A5053717983,first
W4206848114,A5014629760,middle
W4214963500,A5015126789,first
W4214963500,A5056488237,middle
W4214963500,A5088869045,last
W4229730703,A5011723389,first
W4229730703,A5081037382,last
W4229750731,A5010614159,first
W4229853031,A5039697125,first
W4230090117,A5011723389,first
W4230090117,A5081037382,last
W4230699510,A5071333014,first
W4230699510,A5090808434,middle
W4230699510,A5043422730,last
W4231044806,A5026444955,first
W4231432139,A5049740053,first
W4231432139,A5085270080,middle
W4231432139,A5008860445,middle
W4231533520,A5065208117,first
W4231703610,A5000432642,first
W4231788633,A5066901862,first
W4231801886,A5034481214,first
W4231838755,A5042277228,first
W4232112800,A5011723389,first
W4232112800,A5081037382,last
W4232121133,A5011723389,first
W4232121133,A5081037382,last
W4232489631,A5040603672,middle
W4232489631,A5031821887,middle
W4232497620,A5051122928,last
W4232879369,A5013614226,first
W4233008510,A5049740053,first
W4233008510,A5085270080,middle
W4233008510,A5008860445,middle
W4233380842,A5086246477,first
W4233405870,A5006469263,first
W4233715339,A5068026186,first
W4233816442,A5083606650,last
W4233956700,A5006103270,first
W4234545960,A5059022179,first
W4235452357,A5011723389,first
W4235452357,A5081037382,last
W4235622638,A5034954407,first
W4235714682,A5011723389,first
W4235714682,A5081037382,last
W4235777710,A5012111866,first
W4235933994,A5082483205,first
W4236045385,A5039789094,middle
W4236045385,A5048753411,last
W4236303338,A5049617931,first
W4236696875,A5067158625,first
W4236892249,A5091688930,first
W4236892249,A5036794631,last
W4237153992,A5010644845,first
W4237551633,A5041205943,first
W4237551633,A5090992629,last
W4237641917,A5009928395,first
W4238054615,A5067158625,first
W4238076933,A5045704664,last
W4238108561,A5072029937,first
W4238649409,A5067158625,first
W4238659102,A5084053269,first
W4239196810,A5067158625,first
W4239358405,A5063987862,first
W4239371729,A5014960555,first
W4239522345,A5067158625,first
W4239591343,A5005144336,last
W4239864190,A5045503929,first
W4239960734,A5087422215,first
W4240144598,A5020014541,first
W4240394835,A5051454447,first
W4240394835,A5049740053,last
W4240473777,A5088271064,middle
W4240473777,A5040549139,last
W4240950265,A5040029690,first
W4240950265,A5059177667,middle
W4240950265,A5087801764,last
W4241086366,A5021091316,last
W4241912226,A5064451967,middle
W4241942122,A5047856152,first
W4242341727,A5081077795,first
W4242341727,A5038004306,last
W4242381866,A5037723092,first
W4242685870,A5016808797,last
W4243256450,A5063807588,last
W4243889174,A5043423948,first
W4243889174,A5001387067,middle
W4243889174,A5077223134,last
W4244499812,A5034913568,last
W4244591466,A5067158625,first
W4244880031,A5015417862,last
W4245216791,A5067158625,first
W4245287678,A5045588436,last
W4245558985,A5074304965,first
W4245568450,A5033919571,middle
W4245568450,A5032084886,last
W4245580993,A5054506775,last
W4245603552,A5039393294,first
W4245733124,A5008473374,first
W4246385057,A5054067667,first
W4246399703,A5024376129,first
W4246399703,A5067858763,last
W4246476235,A5033523225,middle
W4246476235,A5063451671,last
W4246669901,A5071305892,first
W4246669901,A5008725612,last
W4247019325,A5000218015,first
W4247162424,A5008584543,first
W4247311480,A5061676091,first
W424733381,A5060784490,first
W424733381,A5052432097,middle
W424733381,A5042266868,last
W4247717731,A5081638301,first
W4248035167,A5087724733,first
W4248035167,A5044819198,last
W4248231036,A5051152326,first
W4248242021,A5004459360,first
W4248307873,A5067158625,first
W4248313114,A5016808797,last
W4248365054,A5014960555,first
W4248607703,A5035088369,first
W4248682265,A5041841012,first
W4248682265,A5085627593,middle
W4248682265,A5033056648,middle
W4248682265,A5067320590,last
W4248908181,A5067158625,first
W4249470178,A5045066745,first
W4249766354,A5011723389,first
W4249766354,A5081037382,last
W4250090365,A5067158625,first
W4250094884,A5026331519,first
W4250889213,A5046841232,first
W4251035264,A5011723389,first
W4251035264,A5081037382,last
W4252007551,A5012496171,first
W4252184914,A5065058581,first
W4252184914,A5038150463,last
W4252323572,A5053423290,first
W4252823799,A5052252218,first
W4252839859,A5071297116,first
W4252973053,A5011723389,first
W4252973053,A5081037382,last
W4253246991,A5072675130,middle
W4253397709,A5011723389,first
W4253397709,A5081037382,last
W4253431415,A5058176800,first
W4253620536,A5049740053,first
W4253620536,A5085270080,middle
W4253620536,A5008860445,middle
W4253661550,A5011723389,first
W4253661550,A5081037382,last
W4253787713,A5042776049,first
W4253915691,A5007154704,first
W4254084178,A5029514650,first
W4254085873,A5035099139,last
W4254294735,A5011723389,first
W4254294735,A5081037382,last
W4254607439,A5079605698,first
W4255382927,A5015301071,first
W4255382927,A5078659142,middle
W4255542905,A5090011368,first
W4255561079,A5091397108,first
W4255750792,A5017104819,first
W4256391042,A5050226067,first
W4292025685,A5021533459,first
W4293376667,A5032210804,last
W4297613839,A5075271121,first
W4297613839,A5019923976,last
W4297684185,A5057780987,first
W4297684185,A5087188454,middle
W4298078398,A5068994727,first
W4298119295,A5052246884,first
W4298119295,A5002780664,middle
W4298119295,A5011301071,middle
W4298119295,A5044315808,middle
W4298119295,A5070690723,last
W4298184542,A5046143134,first
W4298184542,A5076553434,middle
W4298184542,A5082418171,last
W4298289798,A5082471157,first
W4298291600,A5090552509,middle
W4298337562,A5067953601,first
W4298337562,A5077151661,middle
W4298337562,A5082870145,last
W4298390704,A5036646258,middle
W4298390704,A5021046343,last
W4298875091,A5045189499,middle
W4298880378,A5010988212,first
W4299142227,A5015920101,first
W4299142227,A5000157816,middle
W4299142227,A5007054746,last
W4299399497,A5086573660,first
W4299646289,A5069987208,first
W4299698212,A5015798012,first
W4299698212,A5027852213,middle
W4299698212,A5024074640,middle
W4299698212,A5042746008,middle
W4299698212,A5091716507,middle
W4299698212,A5034930946,last
W4299798029,A5015811252,first
W4299798029,A5074887428,middle
W4299798029,A5048991574,middle
W4299798029,A5057202218,last
W4299838882,A5035522197,first
W4299934524,A5014012890,first
W4299934524,A5083523340,middle
W4299934524,A5003584200,last
W4300027832,A5055830008,middle
W4300127621,A5003032765,first
W4300127621,A5075902303,middle
W4300127621,A5038913522,last
W4300266047,A5019209157,first
W4300266047,A5020054788,last
W4300429373,A5014629760,middle
W4300459697,A5012758634,first
W4300459697,A5003029875,middle
W4300527162,A5035711557,first
W4300527162,A5077608315,middle
W4300527162,A5024373102,middle
W4300527162,A5032829313,middle
W4300527162,A5091498791,middle
W4300527162,A5017955059,last
W4300539686,A5073005938,first
W4300539686,A5028386277,middle
W4300539686,A5053613060,last
W4300560526,A5015798012,first
W4300560526,A5027852213,middle
W4300560526,A5024074640,middle
W4300560526,A5042746008,middle
W4300560526,A5091716507,middle
W4300560526,A5034930946,last
W4300634927,A5032210804,last
W4300764110,A5052246884,first
W4300764110,A5002780664,middle
W4300764110,A5011301071,middle
W4300764110,A5044315808,middle
W4300764110,A5070690723,last
W4300950536,A5012042569,first
W4300950536,A5031629689,middle
W4300950536,A5062708415,middle
W4300950536,A5022964794,middle
W4300950536,A5071772528,middle
W4300950536,A5029082028,middle
W4300950536,A5016043106,last
W4301089556,A5074588447,first
W4301089556,A5051784384,middle
W4301089556,A5054933494,middle
W4301089556,A5077257372,middle
W4301089556,A5000531931,middle
W4301089556,A5056615388,last
W4301131206,A5064516970,first
W4301724112,A5030773387,first
W4301724112,A5024884892,middle
W4301724112,A5089283900,middle
W4301724112,A5073899356,middle
W4301724112,A5079948428,middle
W4301724112,A5085544204,last
W4301730816,A5027962058,first
W4301730816,A5064239794,last
W4301851225,A5081814474,last
W4302794755,A5018230304,first
W4302806712,A5010647243,first
W4307414076,A5015798012,first
W4307414076,A5023638199,middle
W4307414076,A5027852213,middle
W4307414076,A5024074640,middle
W4307414076,A5042746008,middle
W4307414076,A5091716507,middle
W4307414076,A5034930946,last
W4312811117,A5030503109,first
W4322760964,A5060643806,middle
W4322760964,A5000115874,middle
W4322760964,A5043194038,middle
W4322760964,A5069477858,middle
W4322760964,A5029773265,middle
W4322760964,A5011344307,middle
W4322760964,A5044482560,middle
W4322760964,A5090371845,middle
W4322760964,A5041303160,middle
W4322760964,A5040372564,middle
W4322760964,A5070679364,last
W4366326306,A5015765678,first
W4366326306,A5042221516,middle
W4366326306,A5012957487,last
W4366762592,A5067261475,first
W561391606,A5072593344,first
W562814658,A5021351575,first
W563386020,A5048424627,first
W564836337,A5042777092,first
W572564701,A5075939329,first
W576447625,A5086887245,first
W579924678,A5065785847,first
W594678557,A5042780095,first
W597335048,A5027914771,first
W614358294,A5003475538,middle
W614358294,A5047530106,last
W619457766,A5012218891,first
W626916376,A5068548158,first
W630110066,A5029142358,first
W630110066,A5030409383,last
W633022895,A5088869533,last
W642283939,A5037624278,last
W64267827,A5061840596,first
W649946879,A5038859708,last
W653663663,A5038591752,first
W71831090,A5061863479,first
W782521482,A5066682425,first
W782521482,A5010560354,middle
W782521482,A5086317940,last
