id,label
A5068600217,artificial intelligence
A5062722286,artificial intelligence
A5054916889,artificial intelligence
A5079098245,artificial intelligence
A5042928447,artificial intelligence
A5041911612,artificial intelligence
A5042195176,artificial intelligence
A5028089542,artificial intelligence
A5053050274,artificial intelligence
A5005018540,artificial intelligence
A5000234995,artificial intelligence
A5074590042,artificial intelligence
A5025067440,artificial intelligence
A5053340099,artificial intelligence
A5025946191,artificial intelligence
A5038199341,artificial intelligence
A5058651667,artificial intelligence
A5054235383,artificial intelligence
A5058935509,artificial intelligence
A5084264842,artificial intelligence
A5026547410,artificial intelligence
A5077011518,artificial intelligence
A5085832924,artificial intelligence
A5087025582,programming language
A5041522926,artificial intelligence
A5016137188,artificial intelligence
A5010866308,artificial intelligence
A5065857248,machine learning
A5004788089,artificial intelligence
A5072247317,artificial intelligence
A5002127148,artificial intelligence
A5013941262,artificial intelligence
A5044005697,artificial intelligence
A5028476919,artificial intelligence
A5088047776,artificial intelligence
A5051876605,artificial intelligence
A5011476402,artificial intelligence
A5015126561,artificial intelligence
A5011551728,machine learning
A5083060638,machine learning
A5063785042,artificial intelligence
A5089476688,data science
A5072361278,artificial intelligence
A5028699912,artificial intelligence
A5080187476,artificial intelligence
A5040594247,artificial intelligence
A5075651762,artificial intelligence
A5046073654,artificial intelligence
A5076063841,artificial intelligence
A5052463747,artificial intelligence
A5074754590,artificial intelligence
A5044603127,artificial intelligence
A5065035800,artificial intelligence
A5027706684,artificial intelligence
A5059033705,artificial intelligence
A5000619566,artificial intelligence
A5035023688,artificial intelligence
A5012922872,artificial intelligence
A5023198874,artificial intelligence
A5047776706,speech recognition
A5089795083,artificial intelligence
A5060083408,artificial intelligence
A5042930115,artificial intelligence
A5042153557,artificial intelligence
A5076847110,operating system
A5009442525,artificial intelligence
A5008902090,artificial intelligence
A5005083987,artificial intelligence
A5001513750,artificial intelligence
A5007541058,artificial intelligence
A5087825639,artificial intelligence
A5024549341,artificial intelligence
A5085440585,artificial intelligence
A5045021962,machine learning
A5063041566,artificial intelligence
A5086450084,data science
A5045227579,artificial intelligence
A5051649145,artificial intelligence
A5071529846,artificial intelligence
A5047868177,artificial intelligence
A5054568856,artificial intelligence
A5000912462,artificial intelligence
A5081501272,artificial intelligence
A5078861665,artificial intelligence
A5034018731,programming language
A5084740578,computer network
A5003347271,artificial intelligence
A5027830035,artificial intelligence
A5034992584,artificial intelligence
A5071512605,artificial intelligence
A5074469154,artificial intelligence
A5052487601,artificial intelligence
A5044783910,artificial intelligence
A5078269845,artificial intelligence
A5039389081,artificial intelligence
A5002739745,artificial intelligence
A5089300300,machine learning
A5019698991,artificial intelligence
A5003393478,artificial intelligence
A5086254817,programming language
A5060350556,artificial intelligence
A5034616829,theoretical computer science
A5072391425,artificial intelligence
A5056339289,knowledge management
A5004623767,artificial intelligence
A5043998799,artificial intelligence
A5055416007,artificial intelligence
A5078922784,artificial intelligence
A5045351279,artificial intelligence
A5034196986,artificial intelligence
A5051386391,artificial intelligence
A5080963527,artificial intelligence
A5052365500,artificial intelligence
A5089476207,artificial intelligence
A5029587656,artificial intelligence
A5060812206,artificial intelligence
A5049846480,machine learning
A5022635877,machine learning
A5017316228,machine learning
A5044349707,machine learning
A5019265966,machine learning
A5051064408,artificial intelligence
A5078892377,artificial intelligence
A5003146039,artificial intelligence
A5005267732,artificial intelligence
A5057817239,machine learning
A5025890612,data science
A5007049648,data science
A5036855560,programming language
A5074093929,artificial intelligence
A5074934997,artificial intelligence
A5062423698,artificial intelligence
A5006218020,artificial intelligence
A5064629647,artificial intelligence
A5079747168,artificial intelligence
A5031733412,artificial intelligence
A5047805056,artificial intelligence
A5041342597,artificial intelligence
A5089826363,artificial intelligence
A5034432097,artificial intelligence
A5081725635,artificial intelligence
A5010475047,natural language processing
A5041951909,artificial intelligence
A5083863746,artificial intelligence
A5054428960,machine learning
A5054399713,artificial intelligence
A5015167951,knowledge management
A5074701441,computer vision
A5012703845,artificial intelligence
A5059177713,artificial intelligence
A5024626195,operating system
A5038830874,computer network
A5082737646,artificial intelligence
A5058287918,artificial intelligence
A5059036901,computer network
A5017416513,artificial intelligence
A5025558202,artificial intelligence
A5083090794,artificial intelligence
A5027644473,artificial intelligence
A5049102222,programming language
A5088876922,artificial intelligence
A5052018166,artificial intelligence
A5083524174,machine learning
A5068383641,machine learning
A5047591308,machine learning
A5086554574,machine learning
A5037803714,artificial intelligence
A5072735566,artificial intelligence
A5004391892,artificial intelligence
A5086694916,artificial intelligence
A5022831151,artificial intelligence
A5030818976,artificial intelligence
A5002085979,artificial intelligence
A5076724368,artificial intelligence
A5078518595,computer network
A5025956941,operating system
A5066146213,artificial intelligence
A5037915949,artificial intelligence
A5079940769,knowledge management
A5078098511,machine learning
A5026840660,machine learning
A5083065389,artificial intelligence
A5028480779,artificial intelligence
A5044369720,artificial intelligence
A5039132898,artificial intelligence
A5053336381,artificial intelligence
A5020021340,artificial intelligence
A5050559520,artificial intelligence
A5000975435,artificial intelligence
A5085432173,artificial intelligence
A5068271733,artificial intelligence
A5058475882,artificial intelligence
A5051571027,artificial intelligence
A5087837333,artificial intelligence
A5000893315,artificial intelligence
A5062879647,artificial intelligence
A5016784278,artificial intelligence
A5040001436,artificial intelligence
A5016544515,artificial intelligence
A5047056785,artificial intelligence
A5087266192,artificial intelligence
A5047493969,artificial intelligence
A5060859546,artificial intelligence
A5028939608,artificial intelligence
A5018293076,artificial intelligence
A5000135371,operating system
A5084467488,machine learning
A5006329036,artificial intelligence
A5081397718,artificial intelligence
A5004990697,artificial intelligence
A5025840344,artificial intelligence
A5004914839,artificial intelligence
A5023940180,artificial intelligence
A5048424631,artificial intelligence
A5046883483,artificial intelligence
A5015993066,world wide web
A5039457944,artificial intelligence
A5011600518,artificial intelligence
A5076290378,artificial intelligence
A5034266318,machine learning
A5041583054,artificial intelligence
A5062434217,artificial intelligence
A5091694797,artificial intelligence
A5030430394,artificial intelligence
A5000789461,artificial intelligence
A5085690680,artificial intelligence
A5088881798,artificial intelligence
A5073412670,artificial intelligence
A5053700775,artificial intelligence
A5055253590,artificial intelligence
A5011075245,artificial intelligence
A5043403453,artificial intelligence
A5057305454,artificial intelligence
A5049750015,artificial intelligence
A5047871627,artificial intelligence
A5039563504,artificial intelligence
A5053369574,machine learning
A5087109003,machine learning
A5062331827,artificial intelligence
A5053207196,artificial intelligence
A5051199777,natural language processing
A5074787525,artificial intelligence
A5051923415,artificial intelligence
A5042211786,data mining
A5027039195,artificial intelligence
A5004885984,artificial intelligence
A5037257043,artificial intelligence
A5004562237,computer security
A5039599845,artificial intelligence
A5048095564,artificial intelligence
A5034246711,artificial intelligence
A5041467998,artificial intelligence
A5053089078,artificial intelligence
A5034343453,artificial intelligence
A5042833743,artificial intelligence
A5024185131,computer security
A5086570023,artificial intelligence
A5019458428,machine learning
A5041369196,artificial intelligence
A5086699004,machine learning
A5017474506,artificial intelligence
A5045367012,artificial intelligence
A5029193524,computer network
A5011775237,artificial intelligence
A5081789094,artificial intelligence
A5048222216,artificial intelligence
A5019562855,machine learning
A5054753563,machine learning
A5012747021,machine learning
A5078747466,machine learning
A5030516767,machine learning
A5032561910,artificial intelligence
A5091601455,artificial intelligence
A5003527982,machine learning
A5073690771,artificial intelligence
A5084849908,artificial intelligence
A5090232242,artificial intelligence
A5071600539,world wide web
A5076590286,data mining
A5071884484,artificial intelligence
A5032528340,artificial intelligence
A5028943908,artificial intelligence
A5015991677,artificial intelligence
A5024008270,artificial intelligence
A5067052751,artificial intelligence
A5010813937,multimedia
A5075085472,artificial intelligence
A5010067963,artificial intelligence
A5019360674,artificial intelligence
A5002347804,artificial intelligence
A5034078369,artificial intelligence
A5013018127,programming language
A5036254733,artificial intelligence
A5062983883,machine learning
A5023225712,artificial intelligence
A5025282612,artificial intelligence
A5013414039,artificial intelligence
A5082450455,artificial intelligence
A5025681351,artificial intelligence
A5082805490,artificial intelligence
A5046734130,natural language processing
A5023718023,artificial intelligence
A5065533636,artificial intelligence
A5030373048,computer vision
A5032363490,artificial intelligence
A5066172970,artificial intelligence
A5090720315,artificial intelligence
A5072115220,artificial intelligence
A5080766537,artificial intelligence
A5089624310,operating system
A5052828309,operating system
A5009658255,machine learning
A5036843430,computer network
A5043020624,artificial intelligence
A5015993565,operating system
A5000296607,operating system
A5048490462,artificial intelligence
A5047569435,library science
A5040613543,artificial intelligence
A5013373596,artificial intelligence
A5078255358,programming language
A5024362147,artificial intelligence
A5090162029,operating system
A5056707380,data science
A5065094212,data science
A5081225515,artificial intelligence
A5046825099,artificial intelligence
A5079357056,artificial intelligence
A5072203134,artificial intelligence
A5077080413,artificial intelligence
A5038749016,artificial intelligence
A5057284370,artificial intelligence
A5068848432,artificial intelligence
A5082167522,artificial intelligence
A5042053820,artificial intelligence
A5078473649,artificial intelligence
A5003275797,artificial intelligence
A5027642699,artificial intelligence
A5078047670,artificial intelligence
A5066583058,artificial intelligence
A5027065196,artificial intelligence
A5009086349,artificial intelligence
A5042629109,artificial intelligence
A5037201286,artificial intelligence
A5010812344,computer security
A5010035758,programming language
A5056730853,artificial intelligence
A5089458679,operating system
A5055102876,world wide web
A5078348621,artificial intelligence
A5008432065,programming language
A5056828139,programming language
A5007661434,artificial intelligence
A5084879190,artificial intelligence
A5085216500,artificial intelligence
A5024813912,multimedia
A5045826943,multimedia
A5007201391,artificial intelligence
A5027629530,artificial intelligence
A5007287967,artificial intelligence
A5059573973,artificial intelligence
A5050953046,artificial intelligence
A5085239243,machine learning
A5057403150,machine learning
A5079776998,machine learning
A5070093758,artificial intelligence
A5036503167,artificial intelligence
A5089923187,artificial intelligence
A5024114819,operating system
A5027714534,artificial intelligence
A5017042977,artificial intelligence
A5009000710,artificial intelligence
A5059560924,artificial intelligence
A5030936455,artificial intelligence
A5090067023,computer vision
A5073620359,artificial intelligence
A5030123026,database
A5091640459,database
A5026850687,artificial intelligence
A5015294604,artificial intelligence
A5047306825,artificial intelligence
A5082476482,artificial intelligence
A5069476728,operating system
A5048668512,artificial intelligence
A5017232974,artificial intelligence
A5038976962,artificial intelligence
A5023051605,artificial intelligence
A5074064506,machine learning
A5004246117,artificial intelligence
A5023971789,artificial intelligence
A5059269635,artificial intelligence
A5069127680,artificial intelligence
A5063338822,artificial intelligence
A5078697349,artificial intelligence
A5018223804,artificial intelligence
A5084566253,artificial intelligence
A5053172504,computer security
A5072579371,computer security
A5036817746,computer security
A5081115472,computer security
A5048094439,artificial intelligence
A5061775910,artificial intelligence
A5048027414,machine learning
A5020310993,artificial intelligence
A5061249142,artificial intelligence
A5012141433,artificial intelligence
A5065280368,artificial intelligence
A5009036246,artificial intelligence
A5039480864,artificial intelligence
A5053906377,operating system
A5062946437,artificial intelligence
A5017716310,artificial intelligence
A5038228433,artificial intelligence
A5029864546,artificial intelligence
A5009257418,artificial intelligence
A5005435118,artificial intelligence
A5071522801,artificial intelligence
A5055804958,computer security
A5038609677,programming language
A5036201536,artificial intelligence
A5040540560,artificial intelligence
A5004122832,operating system
A5009356160,artificial intelligence
A5020243243,world wide web
A5007715931,machine learning
A5027131724,artificial intelligence
A5074751992,machine learning
A5087737008,artificial intelligence
A5010434536,artificial intelligence
A5027648225,artificial intelligence
A5000105184,artificial intelligence
A5086748879,artificial intelligence
A5002919229,machine learning
A5073848525,artificial intelligence
A5058164094,artificial intelligence
A5089608099,computer network
A5030789783,operating system
A5020872669,artificial intelligence
A5012964665,artificial intelligence
A5029132636,operating system
A5069178025,operating system
A5049942833,artificial intelligence
A5022617601,operating system
A5040606176,artificial intelligence
A5074155401,artificial intelligence
A5047293748,artificial intelligence
A5071383424,artificial intelligence
A5040659853,artificial intelligence
A5068907804,artificial intelligence
A5029564018,artificial intelligence
A5032615847,artificial intelligence
A5001582187,artificial intelligence
A5064950726,artificial intelligence
A5080546654,artificial intelligence
A5026530058,artificial intelligence
A5071865916,operating system
A5078361199,data science
A5071169709,artificial intelligence
A5000032419,programming language
A5068059152,artificial intelligence
A5036851432,operating system
A5080284872,programming language
A5085533002,artificial intelligence
A5000669585,machine learning
A5034547685,computer vision
A5065617837,artificial intelligence
A5009030184,artificial intelligence
A5028746458,artificial intelligence
A5078743336,artificial intelligence
A5080691948,artificial intelligence
A5018479820,artificial intelligence
A5087542455,artificial intelligence
A5005702955,artificial intelligence
A5061496529,artificial intelligence
A5078402251,artificial intelligence
A5067832984,knowledge management
A5083349103,artificial intelligence
A5062985234,artificial intelligence
A5029380465,artificial intelligence
A5012894477,artificial intelligence
A5090676876,artificial intelligence
A5056183711,artificial intelligence
A5001055584,artificial intelligence
A5045198429,artificial intelligence
A5049349468,artificial intelligence
A5059714266,artificial intelligence
A5067050293,programming language
A5087564658,information retrieval
A5032913022,natural language processing
A5050596022,artificial intelligence
A5017366543,artificial intelligence
A5060785708,artificial intelligence
A5037494040,artificial intelligence
A5038908084,operating system
A5014132188,machine learning
A5085747746,machine learning
A5065808505,machine learning
A5027926451,artificial intelligence
A5001693395,operating system
A5024273013,artificial intelligence
A5065543182,artificial intelligence
A5056237133,artificial intelligence
A5019055429,artificial intelligence
A5062077023,natural language processing
A5016144868,artificial intelligence
A5051031507,artificial intelligence
A5069363394,artificial intelligence
A5073945194,computer network
A5085811977,machine learning
A5056997145,machine learning
A5005759832,machine learning
A5038996322,artificial intelligence
A5091711243,artificial intelligence
A5048821900,artificial intelligence
A5067324209,machine learning
A5090193930,world wide web
A5058275190,artificial intelligence
A5020310155,artificial intelligence
A5039725515,artificial intelligence
A5091078914,artificial intelligence
A5079475072,artificial intelligence
A5081056634,artificial intelligence
A5029334337,artificial intelligence
A5019817936,artificial intelligence
A5051063040,artificial intelligence
A5043579355,artificial intelligence
A5049458591,computer network
A5056034943,programming language
A5016380950,artificial intelligence
A5089332324,artificial intelligence
A5057166510,artificial intelligence
A5008601410,artificial intelligence
A5018752136,artificial intelligence
A5045101158,artificial intelligence
A5024458365,artificial intelligence
A5013765251,machine learning
A5054053101,artificial intelligence
A5071010012,artificial intelligence
A5072430739,machine learning
A5014488325,knowledge management
A5043409810,artificial intelligence
A5002367171,artificial intelligence
A5031128531,artificial intelligence
A5065716990,operating system
A5056512471,operating system
A5063667378,computer network
A5016900183,operating system
A5044217809,artificial intelligence
A5085924325,operating system
A5085059786,computer network
A5054941080,machine learning
A5050433646,artificial intelligence
A5079252764,artificial intelligence
A5068207469,artificial intelligence
A5068441236,artificial intelligence
A5076353369,artificial intelligence
A5026053085,operating system
A5062313034,artificial intelligence
A5052177154,machine learning
A5006716812,artificial intelligence
A5044501073,artificial intelligence
A5067230761,artificial intelligence
A5001291873,artificial intelligence
A5023868166,speech recognition
A5085262529,artificial intelligence
A5082524152,artificial intelligence
A5049273485,artificial intelligence
A5079978522,data science
A5033580230,artificial intelligence
A5000208454,artificial intelligence
A5030498541,artificial intelligence
A5037217126,artificial intelligence
A5073770532,world wide web
A5014829491,operating system
A5029882375,artificial intelligence
A5015931553,artificial intelligence
A5067597688,artificial intelligence
A5055636722,artificial intelligence
A5004206574,artificial intelligence
A5029112800,programming language
A5007758815,artificial intelligence
A5084565333,computer vision
A5043241009,artificial intelligence
A5029431663,artificial intelligence
A5007171832,artificial intelligence
A5075999338,computer network
A5010560354,artificial intelligence
A5076598733,artificial intelligence
A5004458037,operating system
A5083702949,operating system
A5032965630,artificial intelligence
A5000083284,artificial intelligence
A5026781113,operating system
A5046503675,computer vision
A5001080761,computer vision
A5077554384,speech recognition
A5052362009,speech recognition
A5091432489,machine learning
A5059716535,computer network
A5052624516,programming language
A5033026813,artificial intelligence
A5035866142,artificial intelligence
A5038973041,operating system
A5084837357,artificial intelligence
A5061813280,computer network
A5069510989,artificial intelligence
A5000566608,artificial intelligence
A5054322944,artificial intelligence
A5023729638,artificial intelligence
A5041798588,programming language
A5045881566,artificial intelligence
A5064756823,artificial intelligence
A5047854194,artificial intelligence
A5086266633,artificial intelligence
A5039638924,operating system
A5057541763,artificial intelligence
A5072056394,artificial intelligence
A5078138776,artificial intelligence
A5002834282,artificial intelligence
A5011243776,artificial intelligence
A5077223013,artificial intelligence
A5058368575,artificial intelligence
A5033624629,artificial intelligence
A5057912398,artificial intelligence
A5088379917,artificial intelligence
A5008011360,artificial intelligence
A5041082456,artificial intelligence
A5071047366,artificial intelligence
A5068626745,artificial intelligence
A5079793859,artificial intelligence
A5085477174,artificial intelligence
A5034770996,artificial intelligence
A5016073202,artificial intelligence
A5084641325,artificial intelligence
A5004273646,artificial intelligence
A5061246161,computer security
A5007512559,computer security
A5034657358,artificial intelligence
A5012337235,artificial intelligence
A5003253553,artificial intelligence
A5032997589,artificial intelligence
A5032886673,artificial intelligence
A5057282050,artificial intelligence
A5081855006,artificial intelligence
A5053064477,artificial intelligence
A5050729402,artificial intelligence
A5011290120,artificial intelligence
A5025622267,computer network
A5070041323,artificial intelligence
A5009129607,programming language
A5049986671,machine learning
A5051056050,machine learning
A5087057648,multimedia
A5067789332,artificial intelligence
A5087111199,artificial intelligence
A5081402157,programming language
A5058918990,artificial intelligence
A5055606001,artificial intelligence
A5083874423,artificial intelligence
A5022485637,artificial intelligence
A5027520495,world wide web
A5022649669,artificial intelligence
A5011015587,artificial intelligence
A5057038259,programming language
A5076150411,world wide web
A5048792207,artificial intelligence
A5005375076,operating system
A5063673084,operating system
A5064586240,artificial intelligence
A5066983455,artificial intelligence
A5082474473,artificial intelligence
A5027259197,artificial intelligence
A5052161872,artificial intelligence
A5026865846,artificial intelligence
A5065472577,artificial intelligence
A5058265964,artificial intelligence
A5088286793,artificial intelligence
A5041179744,artificial intelligence
A5073639920,artificial intelligence
A5086444034,operating system
A5087920265,artificial intelligence
A5009775674,artificial intelligence
A5042559896,artificial intelligence
A5083354890,artificial intelligence
A5090615886,artificial intelligence
A5050796012,artificial intelligence
A5005899326,artificial intelligence
A5019999253,artificial intelligence
A5068826373,artificial intelligence
A5017489902,artificial intelligence
A5078585378,artificial intelligence
A5077105620,computer vision
A5053989922,speech recognition
A5059526554,natural language processing
A5039871956,artificial intelligence
A5059062832,artificial intelligence
A5029080773,programming language
A5039118657,multimedia
A5058672879,artificial intelligence
A5084004396,artificial intelligence
A5041769718,artificial intelligence
A5009060919,artificial intelligence
A5009116003,operating system
A5059919967,operating system
A5083870363,operating system
A5041878024,artificial intelligence
A5082851518,operating system
A5001172312,operating system
A5085172093,machine learning
A5081519254,artificial intelligence
A5012361203,knowledge management
A5012479148,theoretical computer science
A5071032850,theoretical computer science
A5012287160,theoretical computer science
A5056296840,artificial intelligence
A5034087841,artificial intelligence
A5066819954,artificial intelligence
A5077860299,artificial intelligence
A5032861159,artificial intelligence
A5019834944,artificial intelligence
A5015308230,artificial intelligence
A5068441686,artificial intelligence
A5060579853,artificial intelligence
A5067134735,artificial intelligence
A5057583165,artificial intelligence
A5003864635,knowledge management
A5020518108,artificial intelligence
A5061831201,artificial intelligence
A5029754134,artificial intelligence
A5038755734,artificial intelligence
A5044512769,artificial intelligence
A5000834169,artificial intelligence
A5081056211,artificial intelligence
A5000506517,artificial intelligence
A5087453456,artificial intelligence
A5056251028,artificial intelligence
A5050267407,data science
A5045709147,information retrieval
A5066422711,artificial intelligence
A5077723508,programming language
A5082178480,artificial intelligence
A5059918476,programming language
A5089419141,programming language
A5041255737,artificial intelligence
A5045065209,artificial intelligence
A5061139675,artificial intelligence
A5041874420,artificial intelligence
A5008097602,artificial intelligence
A5079838421,artificial intelligence
A5037853382,natural language processing
A5009692837,artificial intelligence
A5030268310,artificial intelligence
A5010491077,artificial intelligence
A5066537882,artificial intelligence
A5068865569,artificial intelligence
A5017284331,artificial intelligence
A5023188680,artificial intelligence
A5051439492,artificial intelligence
A5041154856,artificial intelligence
A5016399094,artificial intelligence
A5030730297,computer network
A5001416430,artificial intelligence
A5043211253,artificial intelligence
A5090649077,artificial intelligence
A5080621347,artificial intelligence
A5032512088,artificial intelligence
A5021068534,artificial intelligence
A5029828659,machine learning
A5059853805,artificial intelligence
A5035712807,artificial intelligence
A5003871253,artificial intelligence
A5067049988,artificial intelligence
A5082650907,artificial intelligence
A5014202263,artificial intelligence
A5045820297,operating system
A5069379086,computer network
A5057052162,artificial intelligence
A5041103024,programming language
A5012071072,artificial intelligence
A5054922583,artificial intelligence
A5088742665,artificial intelligence
A5042237070,computer vision
A5079830929,artificial intelligence
A5083166843,artificial intelligence
A5023539744,artificial intelligence
A5059577520,artificial intelligence
A5070125884,artificial intelligence
A5060213761,artificial intelligence
A5082992426,artificial intelligence
A5044273453,machine learning
A5078154768,artificial intelligence
A5075919503,artificial intelligence
A5055353542,artificial intelligence
A5038271432,artificial intelligence
A5057234820,artificial intelligence
A5071959897,artificial intelligence
A5043923522,speech recognition
A5067260321,multimedia
A5089350226,artificial intelligence
A5006047082,artificial intelligence
A5005837856,artificial intelligence
A5061401932,artificial intelligence
A5026424786,artificial intelligence
A5020001896,world wide web
A5025058941,artificial intelligence
A5009930587,artificial intelligence
A5045667752,artificial intelligence
A5031715686,artificial intelligence
A5082085948,artificial intelligence
A5077315553,artificial intelligence
A5028196391,artificial intelligence
A5045679867,artificial intelligence
A5023493127,artificial intelligence
A5046939591,artificial intelligence
A5029098035,artificial intelligence
A5079184738,artificial intelligence
A5010929089,artificial intelligence
A5016330265,artificial intelligence
A5016970525,natural language processing
A5004135554,artificial intelligence
A5032411541,artificial intelligence
A5040035817,artificial intelligence
A5057279395,computer network
A5027045408,computer network
A5091610469,artificial intelligence
A5071519931,artificial intelligence
A5073138931,artificial intelligence
A5011543162,programming language
A5066539391,programming language
A5045091456,programming language
A5058558845,artificial intelligence
A5055158724,machine learning
A5017528432,machine learning
A5050106609,artificial intelligence
A5004549631,artificial intelligence
A5023756735,programming language
A5021462158,machine learning
A5023600661,artificial intelligence
A5022678101,artificial intelligence
A5001995018,artificial intelligence
A5074098471,artificial intelligence
A5076540476,artificial intelligence
A5003252390,computer network
A5069233924,computer network
A5090320352,artificial intelligence
A5012275958,artificial intelligence
A5043808538,artificial intelligence
A5017246056,artificial intelligence
A5085246986,artificial intelligence
A5014845061,artificial intelligence
A5031913902,artificial intelligence
A5012128426,artificial intelligence
A5088327337,artificial intelligence
A5001395027,programming language
A5005737126,artificial intelligence
A5048698256,machine learning
A5040364782,operating system
A5045209623,artificial intelligence
A5051885500,artificial intelligence
A5089820559,artificial intelligence
A5084461524,artificial intelligence
A5003579441,operating system
A5067723053,artificial intelligence
A5031962914,machine learning
A5004453915,artificial intelligence
A5066044089,operating system
A5012156289,natural language processing
A5064620106,artificial intelligence
A5035246117,artificial intelligence
A5059999110,artificial intelligence
A5076115506,machine learning
A5007080680,artificial intelligence
A5042784735,artificial intelligence
A5039207032,artificial intelligence
A5024746221,artificial intelligence
A5028741991,artificial intelligence
A5079658034,artificial intelligence
A5015963600,artificial intelligence
A5090287187,artificial intelligence
A5013566281,theoretical computer science
A5031370734,operating system
A5045721867,operating system
A5055872448,artificial intelligence
A5022300438,artificial intelligence
A5009539513,artificial intelligence
A5048204602,database
A5035906875,artificial intelligence
A5040935964,artificial intelligence
A5047511729,artificial intelligence
A5009208145,artificial intelligence
A5027711778,artificial intelligence
A5037243271,artificial intelligence
A5073321020,artificial intelligence
A5012338682,artificial intelligence
A5055852189,artificial intelligence
A5085037730,artificial intelligence
A5055554865,artificial intelligence
A5047023657,artificial intelligence
A5038006945,artificial intelligence
A5030159286,artificial intelligence
A5009409061,artificial intelligence
A5062737501,artificial intelligence
A5024924150,artificial intelligence
A5005369891,artificial intelligence
A5054205452,artificial intelligence
A5052436101,artificial intelligence
A5078508874,artificial intelligence
A5028375556,artificial intelligence
A5042655177,artificial intelligence
A5027742316,artificial intelligence
A5012890130,artificial intelligence
A5062345880,artificial intelligence
A5088457089,programming language
A5078570390,artificial intelligence
A5000919145,artificial intelligence
A5075285062,artificial intelligence
A5071279723,machine learning
A5010139816,artificial intelligence
A5070694496,artificial intelligence
A5086293968,artificial intelligence
A5054348081,artificial intelligence
A5022573291,artificial intelligence
A5000766463,artificial intelligence
A5065100828,artificial intelligence
A5032100144,artificial intelligence
A5058715747,operating system
A5037879963,artificial intelligence
A5051668438,artificial intelligence
A5042304274,artificial intelligence
A5015961883,natural language processing
A5091513740,artificial intelligence
A5027530006,artificial intelligence
A5007347603,artificial intelligence
A5045258021,artificial intelligence
A5055264305,artificial intelligence
A5049236135,artificial intelligence
A5056788018,artificial intelligence
A5001092290,artificial intelligence
A5026578340,computer security
A5020947774,artificial intelligence
A5004498198,artificial intelligence
A5008554873,artificial intelligence
A5000856508,programming language
A5063188437,operating system
A5089861176,artificial intelligence
A5090934117,database
A5077922785,machine learning
A5039540205,artificial intelligence
A5071093940,artificial intelligence
A5006428426,natural language processing
A5085867312,artificial intelligence
A5056287221,artificial intelligence
A5070805897,artificial intelligence
A5020060490,artificial intelligence
A5051454361,artificial intelligence
A5018228553,library science
A5040393462,library science
A5082526359,artificial intelligence
A5023942737,artificial intelligence
A5028672193,artificial intelligence
A5016727416,artificial intelligence
A5015969910,artificial intelligence
A5046140730,artificial intelligence
A5089079121,artificial intelligence
A5030427578,artificial intelligence
A5001565730,artificial intelligence
A5025877936,artificial intelligence
A5021319515,artificial intelligence
A5044129236,artificial intelligence
A5066762178,artificial intelligence
A5089236260,artificial intelligence
A5021952588,artificial intelligence
A5018976680,artificial intelligence
A5032983456,artificial intelligence
A5002496535,artificial intelligence
A5025120215,machine learning
A5019862542,artificial intelligence
A5066201147,artificial intelligence
A5074906052,artificial intelligence
A5071624109,artificial intelligence
A5053668853,artificial intelligence
A5082321399,artificial intelligence
A5001195384,artificial intelligence
A5065207651,artificial intelligence
A5053742461,data mining
A5081008532,world wide web
A5014096646,artificial intelligence
A5031464037,data mining
A5038657258,artificial intelligence
A5059453152,artificial intelligence
A5028276052,world wide web
A5032206962,operating system
A5069363619,operating system
A5040367566,machine learning
A5091689341,operating system
A5005716005,operating system
A5028886833,artificial intelligence
A5084937471,operating system
A5053903265,artificial intelligence
A5037797631,machine learning
A5016786154,world wide web
A5012899448,world wide web
A5032024278,operating system
A5022013774,artificial intelligence
A5050768547,operating system
A5090060126,artificial intelligence
A5028592776,artificial intelligence
A5059460348,artificial intelligence
A5041486421,artificial intelligence
A5074408924,machine learning
A5024949339,machine learning
A5090650964,artificial intelligence
A5063077252,artificial intelligence
A5073475427,world wide web
A5042777672,artificial intelligence
A5008127339,machine learning
A5085700892,artificial intelligence
A5073601707,artificial intelligence
A5071285863,artificial intelligence
A5020443359,artificial intelligence
A5041070091,artificial intelligence
A5031091803,artificial intelligence
A5037530095,artificial intelligence
A5054581943,programming language
A5084318285,artificial intelligence
A5050701255,artificial intelligence
A5089126757,operating system
A5031121989,artificial intelligence
A5028581860,natural language processing
A5023788914,artificial intelligence
A5070311058,artificial intelligence
A5064073991,artificial intelligence
A5025293749,artificial intelligence
A5012600744,artificial intelligence
A5070582509,operating system
A5090562336,artificial intelligence
A5016082884,theoretical computer science
A5012367814,information retrieval
A5005575421,information retrieval
A5037039482,programming language
A5089173037,artificial intelligence
A5058389135,artificial intelligence
A5088853105,artificial intelligence
A5043327132,operating system
A5026496503,operating system
A5079320411,machine learning
A5051209043,artificial intelligence
A5029550725,artificial intelligence
A5018565944,artificial intelligence
A5063914122,machine learning
A5006376848,artificial intelligence
A5009243659,operating system
A5047248181,artificial intelligence
A5072193842,operating system
A5029798067,data mining
A5037324793,data mining
A5005002693,artificial intelligence
A5028285158,artificial intelligence
A5018765638,artificial intelligence
A5035330439,programming language
A5036306031,operating system
A5038231385,programming language
A5027317977,artificial intelligence
A5055689400,artificial intelligence
A5049581991,artificial intelligence
A5004555174,operating system
A5053783271,operating system
A5036568372,theoretical computer science
A5076742472,artificial intelligence
A5029658435,artificial intelligence
A5055811445,artificial intelligence
A5039226490,machine learning
A5053327046,knowledge management
A5080590199,machine learning
A5018952300,artificial intelligence
A5051170737,artificial intelligence
A5056326007,operating system
A5013922963,machine learning
A5083111529,natural language processing
A5085801774,computer security
A5060509294,artificial intelligence
A5001788144,artificial intelligence
A5077398892,artificial intelligence
A5090048784,artificial intelligence
A5033019082,operating system
A5068223679,operating system
A5085156922,multimedia
A5005781625,multimedia
A5046532358,artificial intelligence
A5066176620,artificial intelligence
A5002842122,artificial intelligence
A5037432395,artificial intelligence
A5034635671,artificial intelligence
A5056365501,artificial intelligence
A5013967803,artificial intelligence
A5026760106,machine learning
A5041346889,operating system
A5032871353,artificial intelligence
A5050580682,artificial intelligence
A5054395893,artificial intelligence
A5084035310,artificial intelligence
A5067901596,artificial intelligence
A5088503300,operating system
A5040886098,world wide web
A5017375713,artificial intelligence
A5072314280,computer vision
A5048486346,machine learning
A5010221865,artificial intelligence
A5008380362,artificial intelligence
A5035273700,artificial intelligence
A5004186327,computer vision
A5013715687,world wide web
A5080503837,world wide web
A5037626321,world wide web
A5063823704,artificial intelligence
A5070711650,operating system
A5027710558,world wide web
A5083918255,artificial intelligence
A5042719748,programming language
A5025241006,machine learning
A5063912131,machine learning
A5015876786,machine learning
A5070184068,artificial intelligence
A5011368149,artificial intelligence
A5008561505,operating system
A5015160716,machine learning
A5045190581,artificial intelligence
A5053156269,artificial intelligence
A5056930369,artificial intelligence
A5021947145,artificial intelligence
A5014135635,artificial intelligence
A5032746152,artificial intelligence
A5079782678,data science
A5014461863,artificial intelligence
A5090108695,artificial intelligence
A5028399577,machine learning
A5019831102,artificial intelligence
A5059110383,knowledge management
A5044498444,operating system
A5041192265,operating system
A5060165491,artificial intelligence
A5012138072,artificial intelligence
A5002077138,artificial intelligence
A5086786635,artificial intelligence
A5031909458,artificial intelligence
A5028144520,artificial intelligence
A5063794565,knowledge management
A5080113505,artificial intelligence
A5019007054,operating system
A5091291266,operating system
A5039248013,artificial intelligence
A5024400994,artificial intelligence
A5055149475,artificial intelligence
A5059934493,operating system
A5021615965,artificial intelligence
A5044959488,artificial intelligence
A5089347287,artificial intelligence
A5067835338,artificial intelligence
A5073568638,artificial intelligence
A5058798782,artificial intelligence
A5001871147,operating system
A5031423617,artificial intelligence
A5025774015,artificial intelligence
A5059305507,artificial intelligence
A5020881876,artificial intelligence
A5010766325,artificial intelligence
A5079760196,artificial intelligence
A5063764379,artificial intelligence
A5011909774,speech recognition
A5058823326,artificial intelligence
A5089630219,artificial intelligence
A5012667640,operating system
A5055524328,artificial intelligence
A5060076255,artificial intelligence
A5010715046,machine learning
A5082042708,artificial intelligence
A5081525335,artificial intelligence
A5023272254,artificial intelligence
A5085941561,machine learning
A5059666184,knowledge management
A5024763537,artificial intelligence
A5080304884,knowledge management
A5067675434,knowledge management
A5080533784,knowledge management
A5063451263,artificial intelligence
A5089029287,artificial intelligence
A5039951150,artificial intelligence
A5065664393,artificial intelligence
A5066462569,artificial intelligence
A5036373073,artificial intelligence
A5032158234,machine learning
A5058200403,artificial intelligence
A5022850081,computer network
A5067610354,artificial intelligence
A5010806251,artificial intelligence
A5031854085,artificial intelligence
A5029107586,artificial intelligence
A5080471614,artificial intelligence
A5021657351,artificial intelligence
A5015388163,machine learning
A5025074757,artificial intelligence
A5003884714,natural language processing
A5042805707,artificial intelligence
A5031492664,artificial intelligence
A5003324590,artificial intelligence
A5052046561,natural language processing
A5011878231,artificial intelligence
A5037577894,operating system
A5077451853,natural language processing
A5071811633,artificial intelligence
A5035314874,artificial intelligence
A5073634264,artificial intelligence
A5047652595,artificial intelligence
A5070657345,artificial intelligence
A5067226620,world wide web
A5054225034,artificial intelligence
A5059879982,programming language
A5053751744,artificial intelligence
A5019148054,artificial intelligence
A5019489166,operating system
A5019922027,programming language
A5020231952,artificial intelligence
A5030743088,artificial intelligence
A5089263417,programming language
A5074122666,artificial intelligence
A5081114810,artificial intelligence
A5088469315,operating system
A5037911741,operating system
A5041534154,artificial intelligence
A5031596945,artificial intelligence
A5088223980,artificial intelligence
A5051314849,artificial intelligence
A5003326020,operating system
A5004874287,computer network
A5032630898,artificial intelligence
A5035583615,artificial intelligence
A5043145803,artificial intelligence
A5086978458,artificial intelligence
A5045487634,programming language
A5040987266,operating system
A5087505725,operating system
A5053328508,artificial intelligence
A5012192569,computer vision
A5029043975,artificial intelligence
A5013432227,artificial intelligence
A5024376647,artificial intelligence
A5042885686,artificial intelligence
A5009381551,artificial intelligence
A5008420778,machine learning
A5087565005,machine learning
A5009341822,artificial intelligence
A5060051494,artificial intelligence
A5065371627,artificial intelligence
A5091435435,artificial intelligence
A5034648399,artificial intelligence
A5028200774,artificial intelligence
A5083232835,artificial intelligence
A5004065024,artificial intelligence
A5060006615,artificial intelligence
A5054036562,artificial intelligence
A5017227823,artificial intelligence
A5007497742,artificial intelligence
A5034089074,operating system
A5077058928,artificial intelligence
A5035571048,artificial intelligence
A5063490873,artificial intelligence
A5008103968,artificial intelligence
A5006872667,artificial intelligence
A5008983457,artificial intelligence
A5048462161,artificial intelligence
A5054526951,artificial intelligence
A5072730926,artificial intelligence
A5037790703,artificial intelligence
A5060286669,artificial intelligence
A5083278631,artificial intelligence
A5064565219,artificial intelligence
A5059672946,artificial intelligence
A5049188669,artificial intelligence
A5068398513,artificial intelligence
A5040395718,artificial intelligence
A5087011942,knowledge management
A5084340576,artificial intelligence
A5054901394,artificial intelligence
A5062211930,artificial intelligence
A5082423050,theoretical computer science
A5079925942,theoretical computer science
A5034720507,artificial intelligence
A5020235876,artificial intelligence
A5089895760,artificial intelligence
A5082105962,artificial intelligence
A5022251129,operating system
A5062262911,machine learning
A5043945029,artificial intelligence
A5026161106,artificial intelligence
A5047222739,artificial intelligence
A5063782677,artificial intelligence
A5011197437,artificial intelligence
A5024323175,artificial intelligence
A5056658934,artificial intelligence
A5032392889,machine learning
A5038934826,artificial intelligence
A5075081444,operating system
A5068553137,artificial intelligence
A5000453966,artificial intelligence
A5002547259,artificial intelligence
A5020425798,artificial intelligence
A5043383832,artificial intelligence
A5049580392,artificial intelligence
A5034210771,programming language
A5019219168,operating system
A5080864681,operating system
A5019789320,operating system
A5050267088,operating system
A5078910994,data mining
A5058621753,artificial intelligence
A5013355577,machine learning
A5030259543,machine learning
A5079097879,machine learning
A5045820324,world wide web
A5031456273,computer vision
A5001410548,natural language processing
A5036448511,artificial intelligence
A5029440428,artificial intelligence
A5050046272,artificial intelligence
A5084466158,artificial intelligence
A5080957042,artificial intelligence
A5087772837,artificial intelligence
A5034269796,artificial intelligence
A5035046919,artificial intelligence
A5064549823,artificial intelligence
A5045853703,programming language
A5001225006,artificial intelligence
A5058139541,artificial intelligence
A5031663445,operating system
A5081555959,operating system
A5067495721,artificial intelligence
A5037048074,artificial intelligence
A5011523845,artificial intelligence
A5061287527,world wide web
A5005267824,artificial intelligence
A5025228155,artificial intelligence
A5076827456,world wide web
A5015551077,artificial intelligence
A5062641378,artificial intelligence
A5036689115,artificial intelligence
A5029854353,operating system
A5015350037,operating system
A5076171972,artificial intelligence
A5031546715,world wide web
A5004191382,operating system
A5054755867,artificial intelligence
A5016226575,artificial intelligence
A5027359359,artificial intelligence
A5041276533,artificial intelligence
A5086674016,artificial intelligence
A5086128963,machine learning
A5039929397,artificial intelligence
A5006604913,artificial intelligence
A5025794971,computer network
A5039029789,programming language
A5032136375,artificial intelligence
A5069282220,artificial intelligence
A5026466952,programming language
A5061804710,machine learning
A5075134010,artificial intelligence
A5049856015,artificial intelligence
A5010802421,artificial intelligence
A5059390779,artificial intelligence
A5072904558,artificial intelligence
A5077802404,operating system
A5019539173,artificial intelligence
A5083866649,artificial intelligence
A5036100755,artificial intelligence
A5032739404,artificial intelligence
A5003578876,operating system
A5076480696,world wide web
A5022658803,artificial intelligence
A5025918292,theoretical computer science
A5044964238,artificial intelligence
A5088353529,artificial intelligence
A5088234173,speech recognition
A5091784081,multimedia
A5074570184,natural language processing
A5062128742,natural language processing
A5062508673,programming language
A5063806519,artificial intelligence
A5058774217,machine learning
A5040402369,operating system
A5052519095,artificial intelligence
A5070220273,world wide web
A5044695992,artificial intelligence
A5019383096,artificial intelligence
A5021553205,artificial intelligence
A5007989524,artificial intelligence
A5042240859,machine learning
A5081307846,artificial intelligence
A5019793735,artificial intelligence
A5086934220,artificial intelligence
A5004601430,artificial intelligence
A5042219993,artificial intelligence
A5041199606,artificial intelligence
A5022176859,artificial intelligence
A5071495561,artificial intelligence
A5047517734,artificial intelligence
A5046572286,artificial intelligence
A5003115000,artificial intelligence
A5063188252,operating system
A5006792775,artificial intelligence
A5067950570,artificial intelligence
A5015129790,artificial intelligence
A5001472309,artificial intelligence
A5064867241,artificial intelligence
A5059555932,artificial intelligence
A5014926679,knowledge management
A5017339070,knowledge management
A5057680944,artificial intelligence
A5042183747,computer network
A5009171844,artificial intelligence
A5060964999,artificial intelligence
A5026318525,artificial intelligence
A5087248790,artificial intelligence
A5040797942,artificial intelligence
A5043222506,artificial intelligence
A5020898778,artificial intelligence
A5028847053,artificial intelligence
A5049175456,computer network
A5077298638,operating system
A5005120265,artificial intelligence
A5036676446,artificial intelligence
A5002984390,artificial intelligence
A5089145554,operating system
A5049501985,artificial intelligence
A5076303346,artificial intelligence
A5067068847,artificial intelligence
A5037449133,artificial intelligence
A5077874981,artificial intelligence
A5084367389,artificial intelligence
A5020291545,machine learning
A5067763491,machine learning
A5033650912,artificial intelligence
A5036687211,artificial intelligence
A5009571654,programming language
A5012345633,artificial intelligence
A5043899242,library science
A5026114344,artificial intelligence
A5007418876,artificial intelligence
A5047535596,speech recognition
A5020868485,artificial intelligence
A5004110022,world wide web
A5053101628,world wide web
A5003909640,operating system
A5088424005,artificial intelligence
A5056652166,machine learning
A5084991115,operating system
A5076883843,artificial intelligence
A5002162282,artificial intelligence
A5054359032,operating system
A5000172227,operating system
A5042850084,machine learning
A5010771495,machine learning
A5042317303,machine learning
A5012223504,artificial intelligence
A5087988831,artificial intelligence
A5062407620,artificial intelligence
A5071162645,artificial intelligence
A5069999239,multimedia
A5046994015,operating system
A5075051338,database
A5028044571,world wide web
A5082501035,operating system
A5066836457,artificial intelligence
A5070896564,artificial intelligence
A5065309078,artificial intelligence
A5005570116,artificial intelligence
A5024501121,programming language
A5087367222,artificial intelligence
A5067599928,artificial intelligence
A5069334140,artificial intelligence
A5090205116,artificial intelligence
A5076918148,artificial intelligence
A5008040085,artificial intelligence
A5087041607,artificial intelligence
A5043334355,artificial intelligence
A5074492402,artificial intelligence
A5003477563,machine learning
A5077826199,machine learning
A5051938848,artificial intelligence
A5012679236,artificial intelligence
A5085569944,machine learning
A5087235995,artificial intelligence
A5073570946,artificial intelligence
A5078937916,artificial intelligence
A5046932726,artificial intelligence
A5047093707,programming language
A5059180650,artificial intelligence
A5087379941,artificial intelligence
A5005721507,artificial intelligence
A5071227510,artificial intelligence
A5028436822,artificial intelligence
A5034656008,data mining
A5059473797,operating system
A5044267284,artificial intelligence
A5064355276,computer security
A5043499130,operating system
A5083435816,computer security
A5081401956,knowledge management
A5029514650,multimedia
A5084949004,world wide web
A5088796666,artificial intelligence
A5082918632,artificial intelligence
A5062906790,artificial intelligence
A5082477337,artificial intelligence
A5011908866,programming language
A5037853738,artificial intelligence
A5051363883,artificial intelligence
A5075459877,artificial intelligence
A5080687354,knowledge management
A5089820135,knowledge management
A5069221071,artificial intelligence
A5049581379,operating system
A5036583267,machine learning
A5047041804,artificial intelligence
A5080175404,artificial intelligence
A5049627979,artificial intelligence
A5051625374,artificial intelligence
A5091037833,artificial intelligence
A5017145937,world wide web
A5032671971,artificial intelligence
A5020284420,artificial intelligence
A5050227787,artificial intelligence
A5017458868,artificial intelligence
A5089754029,artificial intelligence
A5023946047,artificial intelligence
A5061204419,artificial intelligence
A5079914721,artificial intelligence
A5071498028,artificial intelligence
A5036108068,artificial intelligence
A5019035804,artificial intelligence
A5014898916,artificial intelligence
A5053155252,artificial intelligence
A5005258575,artificial intelligence
A5070517688,artificial intelligence
A5042790078,artificial intelligence
A5009372927,machine learning
A5003485327,artificial intelligence
A5024310508,machine learning
A5066292457,knowledge management
A5014153060,artificial intelligence
A5007118559,artificial intelligence
A5004211955,artificial intelligence
A5041358150,artificial intelligence
A5047196177,operating system
A5089378822,machine learning
A5024067855,programming language
A5010035231,world wide web
A5075114235,machine learning
A5040015457,artificial intelligence
A5073622860,artificial intelligence
A5072923302,artificial intelligence
A5027485931,programming language
A5001118110,artificial intelligence
A5064403763,data science
A5058786170,artificial intelligence
A5051231020,operating system
A5029548157,artificial intelligence
A5080092678,artificial intelligence
A5011208990,artificial intelligence
A5068905728,artificial intelligence
A5025795563,artificial intelligence
A5012155627,artificial intelligence
A5072025025,artificial intelligence
A5043060302,artificial intelligence
A5069432042,artificial intelligence
A5024184433,artificial intelligence
A5068531236,operating system
A5016653929,operating system
A5009270487,operating system
A5038400939,artificial intelligence
A5001488523,artificial intelligence
A5068450526,artificial intelligence
A5025947007,computer security
A5040323322,artificial intelligence
A5086572718,artificial intelligence
A5049949859,artificial intelligence
A5020235233,artificial intelligence
A5062137932,artificial intelligence
A5036079119,artificial intelligence
A5036125633,computer vision
A5082975553,artificial intelligence
A5066876742,artificial intelligence
A5075349449,artificial intelligence
A5000683620,operating system
A5001958552,operating system
A5031754189,artificial intelligence
A5072262532,artificial intelligence
A5052050736,knowledge management
A5000991072,knowledge management
A5036173883,machine learning
A5042746008,artificial intelligence
A5044887883,artificial intelligence
A5028039581,artificial intelligence
A5014656063,artificial intelligence
A5007672441,machine learning
A5057947815,artificial intelligence
A5049922804,programming language
A5067328692,computer security
A5051056050,machine learning
A5068456682,computer security
A5023859439,artificial intelligence
A5038044163,computer security
A5081065437,artificial intelligence
A5031663936,artificial intelligence
A5006135009,artificial intelligence
A5026791082,artificial intelligence
A5058331326,machine learning
A5026685411,artificial intelligence
A5030446424,artificial intelligence
A5027632777,artificial intelligence
A5085292942,world wide web
A5022998969,artificial intelligence
A5091287971,artificial intelligence
A5015768486,machine learning
A5021558014,artificial intelligence
A5015444378,machine learning
A5043971314,machine learning
A5026985760,artificial intelligence
A5061061546,artificial intelligence
A5076985479,artificial intelligence
A5007667647,artificial intelligence
A5002994164,artificial intelligence
A5010260112,artificial intelligence
A5066071757,computer security
A5069942717,artificial intelligence
A5075484247,machine learning
A5011142751,machine learning
A5012896462,artificial intelligence
A5089758511,artificial intelligence
A5086328518,artificial intelligence
A5024556557,artificial intelligence
A5063204415,artificial intelligence
A5025304976,programming language
A5052150259,artificial intelligence
A5010079117,artificial intelligence
A5033591566,artificial intelligence
A5063766811,computer security
A5068923033,world wide web
A5054317975,artificial intelligence
A5083093074,operating system
A5031082206,world wide web
A5007242502,artificial intelligence
A5074365325,artificial intelligence
A5082365060,artificial intelligence
A5021627263,programming language
A5081894427,artificial intelligence
A5018336060,operating system
A5080433490,operating system
A5075793654,artificial intelligence
A5033621772,artificial intelligence
A5069043950,artificial intelligence
A5004960011,artificial intelligence
A5091141987,world wide web
A5089612078,artificial intelligence
A5004804647,artificial intelligence
A5076270155,artificial intelligence
A5054447183,artificial intelligence
A5067533270,artificial intelligence
A5018793970,artificial intelligence
A5018004837,programming language
A5002832211,artificial intelligence
A5069162147,natural language processing
A5068488260,artificial intelligence
A5089182744,artificial intelligence
A5078403818,artificial intelligence
A5026570735,artificial intelligence
A5035363559,computer vision
A5067603088,machine learning
A5085913800,artificial intelligence
A5087795875,operating system
A5006048466,programming language
A5057616298,operating system
A5010331685,artificial intelligence
A5035460662,artificial intelligence
A5036073751,artificial intelligence
A5066014874,operating system
A5032017539,operating system
A5063528781,artificial intelligence
A5021797294,machine learning
A5081696143,artificial intelligence
A5016251055,knowledge management
A5078440431,machine learning
A5071223263,artificial intelligence
A5000919706,artificial intelligence
A5027877785,artificial intelligence
A5045521577,artificial intelligence
A5062921042,artificial intelligence
A5037460388,operating system
A5068370225,artificial intelligence
A5070921568,artificial intelligence
A5040160899,artificial intelligence
A5048820381,world wide web
A5083131059,operating system
A5078917791,artificial intelligence
A5081913248,artificial intelligence
A5018142542,machine learning
A5041866246,machine learning
A5050979759,machine learning
A5041289086,machine learning
A5083723615,machine learning
A5053291467,artificial intelligence
A5061499121,artificial intelligence
A5047896814,artificial intelligence
A5031864646,computer vision
A5081587089,computer vision
A5023634064,artificial intelligence
A5074342440,computer vision
A5074431095,artificial intelligence
A5089156426,artificial intelligence
A5007338060,computer vision
A5061292462,data mining
A5002325086,operating system
A5028579097,knowledge management
A5008779348,operating system
A5050286338,artificial intelligence
A5050012170,artificial intelligence
A5030142136,artificial intelligence
A5067001353,artificial intelligence
A5078218246,machine learning
A5082540571,artificial intelligence
A5038075462,artificial intelligence
A5083867344,artificial intelligence
A5091099873,artificial intelligence
A5060336784,theoretical computer science
A5042015768,knowledge management
A5040691261,computer security
A5090455145,computer security
A5078127596,artificial intelligence
A5037138999,artificial intelligence
A5083651238,artificial intelligence
A5043453759,artificial intelligence
A5059076692,artificial intelligence
A5018332066,artificial intelligence
A5060822066,artificial intelligence
A5091409910,artificial intelligence
A5059989473,artificial intelligence
A5038384386,artificial intelligence
A5011754510,artificial intelligence
A5009862837,machine learning
A5053652118,artificial intelligence
A5033873223,artificial intelligence
A5041579438,artificial intelligence
A5002929288,machine learning
A5053603044,operating system
A5060717896,machine learning
A5026486265,operating system
A5048659075,machine learning
A5022618641,programming language
A5070536074,artificial intelligence
A5038173643,artificial intelligence
A5088167386,artificial intelligence
A5085882329,artificial intelligence
A5031535296,multimedia
A5087298067,artificial intelligence
A5070650297,programming language
A5045922484,machine learning
A5068811227,multimedia
A5011466629,artificial intelligence
A5049846164,artificial intelligence
A5054665011,machine learning
A5043995171,machine learning
A5000720054,programming language
A5083864231,operating system
A5019539533,artificial intelligence
A5027447148,operating system
A5056049315,artificial intelligence
A5076541589,machine learning
A5055794961,artificial intelligence
A5045250568,artificial intelligence
A5062282273,programming language
A5003007689,artificial intelligence
A5024861372,knowledge management
A5023556444,operating system
A5061026406,artificial intelligence
A5032834898,artificial intelligence
A5031344449,artificial intelligence
A5005967060,programming language
A5060972706,operating system
A5032891611,artificial intelligence
A5041404337,artificial intelligence
A5026312652,computer security
A5001726650,programming language
A5044268701,programming language
A5041072449,programming language
A5028034006,artificial intelligence
A5020472157,artificial intelligence
A5080276914,artificial intelligence
A5068751690,artificial intelligence
A5054865304,artificial intelligence
A5068959831,multimedia
A5013649214,artificial intelligence
A5089548492,artificial intelligence
A5066684090,artificial intelligence
A5089485352,operating system
A5035681709,artificial intelligence
A5085369152,artificial intelligence
A5046093127,artificial intelligence
A5043670176,artificial intelligence
A5046098033,artificial intelligence
A5045809433,artificial intelligence
A5048247068,artificial intelligence
A5073346538,artificial intelligence
A5032995335,artificial intelligence
A5019155460,artificial intelligence
A5071092440,programming language
A5041776733,knowledge management
A5002443154,artificial intelligence
A5029413905,artificial intelligence
A5049876766,artificial intelligence
A5029924931,knowledge management
A5002571252,artificial intelligence
A5091010426,artificial intelligence
A5079104609,artificial intelligence
A5001322159,artificial intelligence
A5006862051,artificial intelligence
A5083186192,artificial intelligence
A5019775119,artificial intelligence
A5052951288,operating system
A5018663904,database
A5021319094,artificial intelligence
A5052114703,multimedia
A5016611250,artificial intelligence
A5017142812,artificial intelligence
A5020655974,artificial intelligence
A5061448936,artificial intelligence
A5007012705,operating system
A5047427245,operating system
A5046008719,artificial intelligence
A5033622150,operating system
A5059183893,artificial intelligence
A5074857386,artificial intelligence
A5048732165,machine learning
A5056776038,artificial intelligence
A5050776092,operating system
A5033810360,operating system
A5018417961,machine learning
A5090045951,machine learning
A5089601494,computer network
A5067743538,machine learning
A5062747197,artificial intelligence
A5024238143,computer network
A5036663477,artificial intelligence
A5025360037,knowledge management
A5051065439,computer vision
A5005063135,programming language
A5091063664,artificial intelligence
A5029325643,artificial intelligence
A5009455568,artificial intelligence
A5005846844,artificial intelligence
A5019906616,artificial intelligence
A5054182560,artificial intelligence
A5003904999,artificial intelligence
A5026789951,artificial intelligence
A5043872748,artificial intelligence
A5064437896,world wide web
A5075965221,operating system
A5065573453,data mining
A5060546610,computer security
A5058240042,artificial intelligence
A5022116002,artificial intelligence
A5049402680,artificial intelligence
A5036833943,artificial intelligence
A5072431554,artificial intelligence
A5006184530,operating system
A5057569553,operating system
A5061402604,artificial intelligence
A5021145070,artificial intelligence
A5021507717,artificial intelligence
A5024996300,artificial intelligence
A5035388566,artificial intelligence
A5019335128,artificial intelligence
A5017435397,artificial intelligence
A5016082545,artificial intelligence
A5004660453,artificial intelligence
A5069303169,artificial intelligence
A5031895578,world wide web
A5056324053,information retrieval
A5078550972,artificial intelligence
A5049992511,machine learning
A5037823412,programming language
A5046221374,artificial intelligence
A5081463518,artificial intelligence
A5060457595,artificial intelligence
A5040629994,artificial intelligence
A5061522229,artificial intelligence
A5006162152,artificial intelligence
A5014457941,artificial intelligence
A5042759055,artificial intelligence
A5009983639,artificial intelligence
A5035788497,artificial intelligence
A5003259628,artificial intelligence
A5057807510,artificial intelligence
A5074357482,artificial intelligence
A5015482301,artificial intelligence
A5009967164,artificial intelligence
A5021369488,artificial intelligence
A5064219307,artificial intelligence
A5018289828,operating system
A5029516303,programming language
A5081178381,artificial intelligence
A5060759028,artificial intelligence
A5003476748,artificial intelligence
A5033139813,artificial intelligence
A5016139627,artificial intelligence
A5031570473,artificial intelligence
A5082706216,artificial intelligence
A5049783208,artificial intelligence
A5001016541,artificial intelligence
A5037929522,computer security
A5007251880,computer security
A5004028181,artificial intelligence
A5067152840,artificial intelligence
A5047012539,artificial intelligence
A5086228687,programming language
A5059894410,data science
A5006457586,data science
A5079373363,data science
A5036221413,data science
A5088723765,artificial intelligence
A5027432011,artificial intelligence
A5043502041,operating system
A5052731721,artificial intelligence
A5049533477,operating system
A5044481262,artificial intelligence
A5041738640,artificial intelligence
A5054775604,artificial intelligence
A5045832797,artificial intelligence
A5028092082,machine learning
A5056710245,machine learning
A5073234660,computer network
A5017055726,computer network
A5053604478,computer network
A5067265615,artificial intelligence
A5077049258,artificial intelligence
A5018325150,computer vision
A5021143022,artificial intelligence
A5046594293,computer vision
A5082214794,artificial intelligence
A5069852479,artificial intelligence
A5042042997,artificial intelligence
A5032527419,artificial intelligence
A5085732379,artificial intelligence
A5032682986,artificial intelligence
A5015444670,artificial intelligence
A5091227928,artificial intelligence
A5066912525,artificial intelligence
A5004419446,artificial intelligence
A5045613027,machine learning
A5014545661,artificial intelligence
A5008111431,artificial intelligence
A5021949996,operating system
A5055326890,artificial intelligence
A5089467132,artificial intelligence
A5061051545,operating system
A5001314520,operating system
A5051784384,operating system
A5042399676,machine learning
A5081489339,artificial intelligence
A5089662315,artificial intelligence
A5057542856,artificial intelligence
A5047812798,artificial intelligence
A5015734523,operating system
A5088696952,operating system
A5072229733,programming language
A5049041437,artificial intelligence
A5037233397,artificial intelligence
A5038324843,artificial intelligence
A5082828601,artificial intelligence
A5041273626,artificial intelligence
A5076843626,artificial intelligence
A5050589444,computer vision
A5062168098,computer vision
A5033615800,computer vision
A5082817413,computer vision
A5020096432,artificial intelligence
A5049902076,computer vision
A5006866570,artificial intelligence
A5075769580,artificial intelligence
A5029385957,machine learning
A5077872101,artificial intelligence
A5071635853,data science
A5041070092,artificial intelligence
A5003239155,artificial intelligence
A5056716947,artificial intelligence
A5083013251,machine learning
A5068748186,artificial intelligence
A5052433003,artificial intelligence
A5050667900,machine learning
A5053268108,artificial intelligence
A5072934668,artificial intelligence
A5023397334,artificial intelligence
A5074013333,artificial intelligence
A5087987376,artificial intelligence
A5052254085,artificial intelligence
A5082350046,natural language processing
A5009531144,artificial intelligence
A5087189799,natural language processing
A5053338117,artificial intelligence
A5077953037,artificial intelligence
A5039264502,artificial intelligence
A5066888888,artificial intelligence
A5013390628,artificial intelligence
A5040077525,machine learning
A5070191750,operating system
A5018348928,artificial intelligence
A5043222605,multimedia
A5075740003,artificial intelligence
A5068428912,data mining
A5031554273,artificial intelligence
A5070626889,artificial intelligence
A5081473165,artificial intelligence
A5019602694,artificial intelligence
A5034394112,artificial intelligence
A5062714455,artificial intelligence
A5078644151,artificial intelligence
A5064693902,artificial intelligence
A5064821404,artificial intelligence
A5059484441,natural language processing
A5040588174,artificial intelligence
A5091350284,artificial intelligence
A5025038338,world wide web
A5055874976,world wide web
A5025542785,artificial intelligence
A5005383856,artificial intelligence
A5055785001,machine learning
A5076899636,machine learning
A5031719200,programming language
A5012502919,artificial intelligence
A5085968849,machine learning
A5052783753,artificial intelligence
A5089860351,operating system
A5029335324,operating system
A5081219742,artificial intelligence
A5023539329,artificial intelligence
A5038825611,artificial intelligence
A5021015886,artificial intelligence
A5045879377,operating system
A5033632230,world wide web
A5002582314,programming language
A5089685940,artificial intelligence
A5041346094,artificial intelligence
A5051618471,world wide web
A5065683195,programming language
A5053302120,machine learning
A5067298498,artificial intelligence
A5025200643,programming language
A5007341331,knowledge management
A5010357390,artificial intelligence
A5055987663,artificial intelligence
A5035337020,artificial intelligence
A5007155759,programming language
A5031454215,machine learning
A5057914940,computer vision
A5075566300,natural language processing
A5025845058,artificial intelligence
A5068880265,artificial intelligence
A5084818726,artificial intelligence
A5086782075,artificial intelligence
A5060550722,artificial intelligence
A5018183368,artificial intelligence
A5003494036,artificial intelligence
A5059156831,artificial intelligence
A5012042510,artificial intelligence
A5080787031,artificial intelligence
A5061259545,artificial intelligence
A5029914254,artificial intelligence
A5068406436,artificial intelligence
A5074074791,artificial intelligence
A5018785625,artificial intelligence
A5017379684,computer vision
A5072585065,computer vision
A5079208483,world wide web
A5017922440,artificial intelligence
A5052476945,operating system
A5065297366,artificial intelligence
A5061578813,artificial intelligence
A5068316260,artificial intelligence
A5090368430,artificial intelligence
A5008689041,artificial intelligence
A5077974517,artificial intelligence
A5016711703,artificial intelligence
A5048470429,world wide web
A5047015912,artificial intelligence
A5025355465,programming language
A5033327475,artificial intelligence
A5060410945,artificial intelligence
A5002880106,artificial intelligence
A5072561518,programming language
A5089446348,artificial intelligence
A5087274656,artificial intelligence
A5011417359,artificial intelligence
A5042286369,artificial intelligence
A5010058559,artificial intelligence
A5013635993,artificial intelligence
A5053961844,operating system
A5085598532,artificial intelligence
A5066861637,artificial intelligence
A5072241102,artificial intelligence
A5069398574,machine learning
A5029968032,artificial intelligence
A5061253990,artificial intelligence
A5033200783,artificial intelligence
A5015550681,artificial intelligence
A5011976667,artificial intelligence
A5073956678,artificial intelligence
A5080901387,artificial intelligence
A5067231523,artificial intelligence
A5025980889,computer vision
A5016722544,artificial intelligence
A5040909378,artificial intelligence
A5013097925,machine learning
A5035784238,machine learning
A5024483459,machine learning
A5048831718,artificial intelligence
A5000979565,artificial intelligence
A5030574728,artificial intelligence
A5021742266,artificial intelligence
A5011898882,programming language
A5022389672,computer network
A5044905125,data science
A5053102135,data science
A5022925389,artificial intelligence
A5026359531,machine learning
A5052669824,artificial intelligence
A5054297203,artificial intelligence
A5041435494,artificial intelligence
A5068072924,machine learning
A5003499293,artificial intelligence
A5000019969,artificial intelligence
A5037826339,artificial intelligence
A5011223914,artificial intelligence
A5085060529,artificial intelligence
A5025850899,artificial intelligence
A5015173931,artificial intelligence
A5020448024,knowledge management
A5000126821,artificial intelligence
A5083884725,multimedia
A5061587832,world wide web
A5012269935,artificial intelligence
A5084419948,machine learning
A5025412768,artificial intelligence
A5007357347,artificial intelligence
A5085844346,world wide web
A5040826420,world wide web
A5007719662,artificial intelligence
A5028979534,artificial intelligence
A5008622179,world wide web
A5071496825,artificial intelligence
A5028098322,artificial intelligence
A5013794426,computer security
A5011892251,programming language
A5085724874,computer security
A5090988827,natural language processing
A5065315909,artificial intelligence
A5091669020,artificial intelligence
A5030017120,artificial intelligence
A5007144110,artificial intelligence
A5082933440,artificial intelligence
A5065813814,artificial intelligence
A5010574070,artificial intelligence
A5017657481,machine learning
A5025019869,data mining
A5089226693,artificial intelligence
A5091097148,machine learning
A5055147845,machine learning
A5030571651,world wide web
A5021153952,programming language
A5075149391,operating system
A5052072718,artificial intelligence
A5082441727,artificial intelligence
A5066888786,artificial intelligence
A5044868045,operating system
A5001897767,artificial intelligence
A5090511718,artificial intelligence
A5030892258,artificial intelligence
A5003270859,world wide web
A5062736671,artificial intelligence
A5069573108,artificial intelligence
A5047196657,artificial intelligence
A5073156550,artificial intelligence
A5025051687,artificial intelligence
A5072587042,artificial intelligence
A5053217373,machine learning
A5043278419,artificial intelligence
A5068858132,artificial intelligence
A5069580705,programming language
A5024123067,artificial intelligence
A5028146693,theoretical computer science
A5072150711,artificial intelligence
A5029442845,artificial intelligence
A5062936650,artificial intelligence
A5018950644,artificial intelligence
A5087866084,artificial intelligence
A5081570736,artificial intelligence
A5054245918,artificial intelligence
A5071340315,data science
A5059395377,data science
A5019306074,artificial intelligence
A5072657289,artificial intelligence
A5056380828,artificial intelligence
A5082648896,artificial intelligence
A5079812906,artificial intelligence
A5060693139,artificial intelligence
A5057282687,artificial intelligence
A5045863168,artificial intelligence
A5060011792,artificial intelligence
A5073390013,operating system
A5007932751,natural language processing
A5017743551,artificial intelligence
A5020091080,computer security
A5061127138,artificial intelligence
A5027761977,artificial intelligence
A5039740876,artificial intelligence
A5067273251,artificial intelligence
A5007905483,artificial intelligence
A5036993630,operating system
A5082956272,artificial intelligence
A5047142538,data science
A5032726522,artificial intelligence
A5059904315,operating system
A5044280107,operating system
A5048157368,artificial intelligence
A5056798292,artificial intelligence
A5024835047,artificial intelligence
A5003964759,machine learning
A5060986934,artificial intelligence
A5044075941,world wide web
A5033321915,information retrieval
A5084146974,artificial intelligence
A5068053687,artificial intelligence
A5064670487,artificial intelligence
A5043080973,computer security
A5048485737,operating system
A5021013735,data science
A5035355100,machine learning
A5010313800,artificial intelligence
A5006150945,artificial intelligence
A5070689971,operating system
A5073848814,operating system
A5012462608,artificial intelligence
A5059375615,artificial intelligence
A5017149916,artificial intelligence
A5064303268,machine learning
A5084715042,artificial intelligence
A5041621696,artificial intelligence
A5067441596,artificial intelligence
A5025532101,artificial intelligence
A5004350213,machine learning
A5061181545,natural language processing
A5017085949,artificial intelligence
A5065873568,artificial intelligence
A5007348007,artificial intelligence
A5001001475,programming language
A5062263256,artificial intelligence
A5049238367,computer network
A5038229891,artificial intelligence
A5003642294,operating system
A5080340791,operating system
A5015489617,artificial intelligence
A5073233654,database
A5056867259,operating system
A5001738258,programming language
A5006561164,artificial intelligence
A5053489712,programming language
A5053214047,operating system
A5031155155,operating system
A5088807623,artificial intelligence
A5062585774,artificial intelligence
A5006834833,natural language processing
A5010562729,operating system
A5007474538,artificial intelligence
A5012120519,artificial intelligence
A5077917380,artificial intelligence
A5079189391,artificial intelligence
A5087116674,artificial intelligence
A5005926383,computer security
A5040666221,computer vision
A5078939222,artificial intelligence
A5087861219,artificial intelligence
A5022581623,speech recognition
A5021679744,artificial intelligence
A5070680556,artificial intelligence
A5042087981,artificial intelligence
A5069875065,artificial intelligence
A5025978995,artificial intelligence
A5031600713,operating system
A5005922530,artificial intelligence
A5046500091,artificial intelligence
A5041717479,speech recognition
A5050869324,operating system
A5084924744,operating system
A5011494919,natural language processing
A5039402094,artificial intelligence
A5058407177,artificial intelligence
A5072152949,artificial intelligence
A5088457398,artificial intelligence
A5056135811,artificial intelligence
A5033441969,artificial intelligence
A5029998748,artificial intelligence
A5014268576,artificial intelligence
A5001428487,artificial intelligence
A5050110511,artificial intelligence
A5045198704,artificial intelligence
A5040101293,computer network
A5070697660,artificial intelligence
A5005151737,artificial intelligence
A5086689025,artificial intelligence
A5064865254,operating system
A5008986898,artificial intelligence
A5072696337,artificial intelligence
A5020781131,artificial intelligence
A5058341815,artificial intelligence
A5027022098,artificial intelligence
A5040082909,artificial intelligence
A5047189052,artificial intelligence
A5066098278,operating system
A5033133178,artificial intelligence
A5012532291,artificial intelligence
A5038754220,artificial intelligence
A5091763785,knowledge management
A5041564618,artificial intelligence
A5082812594,speech recognition
A5084915488,operating system
A5028921918,operating system
A5023963189,knowledge management
A5004526260,knowledge management
A5083040338,computer network
A5067973810,artificial intelligence
A5037161671,artificial intelligence
A5013710111,artificial intelligence
A5005815043,artificial intelligence
A5038100799,programming language
A5013631723,knowledge management
A5026299811,operating system
A5073245124,computer security
A5058100326,artificial intelligence
A5042080311,artificial intelligence
A5051821799,artificial intelligence
A5033850552,artificial intelligence
A5032492406,natural language processing
A5054859935,artificial intelligence
A5067823969,artificial intelligence
A5036156061,knowledge management
A5021620793,artificial intelligence
A5059795284,operating system
A5057579567,operating system
A5088758379,operating system
A5057184900,artificial intelligence
A5011108953,artificial intelligence
A5078577199,artificial intelligence
A5084619723,artificial intelligence
A5051508511,artificial intelligence
A5080181390,programming language
A5076508187,artificial intelligence
A5017560763,operating system
A5069466172,artificial intelligence
A5009915982,programming language
A5007989062,operating system
A5016214321,artificial intelligence
A5036511259,artificial intelligence
A5083502688,artificial intelligence
A5004385039,artificial intelligence
A5050680939,artificial intelligence
A5055255175,artificial intelligence
A5015527982,world wide web
A5032429408,artificial intelligence
A5067452439,artificial intelligence
A5025248865,artificial intelligence
A5036583939,artificial intelligence
A5021494299,artificial intelligence
A5043317774,artificial intelligence
A5083317982,artificial intelligence
A5027869481,artificial intelligence
A5082461857,multimedia
A5053700476,artificial intelligence
A5091707213,artificial intelligence
A5032387294,artificial intelligence
A5071609609,artificial intelligence
A5057292210,artificial intelligence
A5091720865,machine learning
A5058451476,database
A5075712660,artificial intelligence
A5082978886,artificial intelligence
A5066114237,world wide web
A5047894197,operating system
A5084912618,machine learning
A5059746962,world wide web
A5081832457,machine learning
A5034910352,artificial intelligence
A5070304140,artificial intelligence
A5064208829,artificial intelligence
A5068787013,world wide web
A5062128948,machine learning
A5001755544,machine learning
A5075799156,artificial intelligence
A5016506001,artificial intelligence
A5086286704,artificial intelligence
A5019614099,artificial intelligence
A5052976346,multimedia
A5058887761,machine learning
A5067088014,artificial intelligence
A5084999631,artificial intelligence
A5046676730,artificial intelligence
A5088488739,computer vision
A5053021104,artificial intelligence
A5074021146,operating system
A5043340317,artificial intelligence
A5083720982,information retrieval
A5013836679,artificial intelligence
A5040335377,artificial intelligence
A5059246379,artificial intelligence
A5045806263,artificial intelligence
A5029342918,artificial intelligence
A5013182882,knowledge management
A5090468012,artificial intelligence
A5040124819,artificial intelligence
A5081107954,artificial intelligence
A5080038836,artificial intelligence
A5011320516,world wide web
A5083279638,artificial intelligence
A5058898734,artificial intelligence
A5031220156,artificial intelligence
A5085023621,artificial intelligence
A5047653664,artificial intelligence
A5012433970,artificial intelligence
A5083206686,artificial intelligence
A5049422078,artificial intelligence
A5000515821,artificial intelligence
A5057709904,artificial intelligence
A5031271656,artificial intelligence
A5015749813,artificial intelligence
A5044722223,world wide web
A5062587404,artificial intelligence
A5061520245,artificial intelligence
A5067870200,artificial intelligence
A5023054189,artificial intelligence
A5042465733,artificial intelligence
A5051737014,artificial intelligence
A5065962800,artificial intelligence
A5005633333,database
A5010072790,artificial intelligence
A5035011500,machine learning
A5084773929,artificial intelligence
A5061116975,artificial intelligence
A5026614668,artificial intelligence
A5025231703,artificial intelligence
A5090424792,artificial intelligence
A5060954837,programming language
A5005028714,artificial intelligence
A5084728323,machine learning
A5091038046,artificial intelligence
A5087334854,artificial intelligence
A5012306299,artificial intelligence
A5015524050,artificial intelligence
A5064858640,artificial intelligence
A5031779484,artificial intelligence
A5021845040,operating system
A5067873815,operating system
A5030236479,operating system
A5057463168,knowledge management
A5088553678,artificial intelligence
A5073647473,machine learning
A5091019801,machine learning
A5047600411,operating system
A5029643590,programming language
A5087469578,programming language
A5081653507,programming language
A5035373577,artificial intelligence
A5085822620,artificial intelligence
A5021741190,programming language
A5086834753,machine learning
A5046327941,machine learning
A5064745062,operating system
A5068366252,artificial intelligence
A5053594805,artificial intelligence
A5070397490,artificial intelligence
A5069741452,artificial intelligence
A5070776318,artificial intelligence
A5059876679,artificial intelligence
A5009044173,artificial intelligence
A5011244622,operating system
A5000685260,artificial intelligence
A5080264301,artificial intelligence
A5084463899,data science
A5074320068,natural language processing
A5030108932,natural language processing
A5007345713,artificial intelligence
A5067143303,operating system
A5048396287,artificial intelligence
A5030210439,artificial intelligence
A5024141690,artificial intelligence
A5065478344,artificial intelligence
A5064546889,artificial intelligence
A5029012645,artificial intelligence
A5079862087,artificial intelligence
A5029118616,artificial intelligence
A5011059738,artificial intelligence
A5031376838,artificial intelligence
A5079083101,artificial intelligence
A5066372965,artificial intelligence
A5042208159,operating system
A5014620165,operating system
A5039808494,operating system
A5086461942,artificial intelligence
A5054971100,artificial intelligence
A5040236693,artificial intelligence
A5041897475,artificial intelligence
A5064448841,artificial intelligence
A5003225736,operating system
A5074644948,artificial intelligence
A5025241352,artificial intelligence
A5078535021,machine learning
A5063872988,artificial intelligence
A5021465409,artificial intelligence
A5024991922,artificial intelligence
A5005039328,artificial intelligence
A5032458692,computer hardware
A5012729267,artificial intelligence
A5029318873,artificial intelligence
A5091768977,artificial intelligence
A5012774534,artificial intelligence
A5001187320,artificial intelligence
A5069322561,artificial intelligence
A5083720929,artificial intelligence
A5044845195,artificial intelligence
A5028412655,data science
A5058978684,artificial intelligence
A5028745514,artificial intelligence
A5004617065,artificial intelligence
A5054096071,artificial intelligence
A5084925986,artificial intelligence
A5040821080,artificial intelligence
A5008787905,operating system
A5049422969,operating system
A5009324770,operating system
A5011357293,operating system
A5072750611,artificial intelligence
A5090548745,artificial intelligence
A5058166292,artificial intelligence
A5060812959,artificial intelligence
A5070169836,artificial intelligence
A5012347190,artificial intelligence
A5040542771,artificial intelligence
A5043917711,artificial intelligence
A5048618685,data science
A5079609113,operating system
A5076828114,programming language
A5063634534,database
A5004454214,database
A5067095662,database
A5032641515,database
A5065151932,artificial intelligence
A5037437190,artificial intelligence
A5056804163,artificial intelligence
A5053354039,programming language
A5010415325,artificial intelligence
A5065966118,natural language processing
A5055309798,information retrieval
A5068803496,artificial intelligence
A5033674031,artificial intelligence
A5059505353,knowledge management
A5047107122,artificial intelligence
A5067934930,world wide web
A5080291510,artificial intelligence
A5003863159,artificial intelligence
A5070393968,machine learning
A5064773194,programming language
A5065524943,artificial intelligence
A5073829257,artificial intelligence
A5045503480,operating system
A5073880065,operating system
A5038237158,operating system
A5040032821,computer security
A5049701126,artificial intelligence
A5063846550,programming language
A5078733350,programming language
A5016130435,programming language
A5027911185,artificial intelligence
A5066168365,operating system
A5014463806,artificial intelligence
A5084447736,computer vision
A5068700788,artificial intelligence
A5031555166,computer vision
A5081902245,operating system
A5046608587,machine learning
A5034510270,operating system
A5070770097,database
A5036222330,operating system
A5046980164,data mining
A5001083454,operating system
A5042967855,artificial intelligence
A5051716064,artificial intelligence
A5076581659,artificial intelligence
A5019987811,artificial intelligence
A5043174840,operating system
A5026295377,machine learning
A5033849275,artificial intelligence
A5083732517,artificial intelligence
A5070841724,artificial intelligence
A5041949715,artificial intelligence
A5030087124,machine learning
A5048899939,world wide web
A5069821716,world wide web
A5052621979,artificial intelligence
A5087629740,operating system
A5044961218,artificial intelligence
A5010300565,artificial intelligence
A5002336703,artificial intelligence
A5002228469,artificial intelligence
A5070589969,artificial intelligence
A5042168950,operating system
A5022752708,artificial intelligence
A5046260717,artificial intelligence
A5051531853,artificial intelligence
A5076120553,operating system
A5036454684,artificial intelligence
A5051743487,world wide web
A5053745515,artificial intelligence
A5073278035,data mining
A5032449102,world wide web
A5091392919,artificial intelligence
A5024100585,artificial intelligence
A5001617092,artificial intelligence
A5034235916,artificial intelligence
A5059383949,artificial intelligence
A5018236254,artificial intelligence
A5070135290,artificial intelligence
A5042164206,artificial intelligence
A5031250150,artificial intelligence
A5017326471,artificial intelligence
A5029630688,artificial intelligence
A5068767069,artificial intelligence
A5014709314,artificial intelligence
A5088180686,artificial intelligence
A5021309794,artificial intelligence
A5046738374,artificial intelligence
A5023291208,artificial intelligence
A5020760956,artificial intelligence
A5067894865,artificial intelligence
A5082900845,operating system
A5012676602,operating system
A5052200482,machine learning
A5064725681,artificial intelligence
A5039826742,artificial intelligence
A5079554685,information retrieval
A5079761829,artificial intelligence
A5036256141,artificial intelligence
A5087906427,artificial intelligence
A5033980520,machine learning
A5045296087,artificial intelligence
A5024678101,artificial intelligence
A5000045079,machine learning
A5075000413,artificial intelligence
A5087880855,programming language
A5060898670,computer vision
A5026782847,artificial intelligence
A5024949637,computer vision
A5026038664,artificial intelligence
A5049537828,computer vision
A5060096776,information retrieval
A5074164532,artificial intelligence
A5032833705,artificial intelligence
A5024790189,operating system
A5019333583,computer network
A5011543714,artificial intelligence
A5027441338,machine learning
A5068290307,artificial intelligence
A5033086473,artificial intelligence
A5033754929,artificial intelligence
A5089999264,artificial intelligence
A5003521155,artificial intelligence
A5080088821,computer security
A5033671063,artificial intelligence
A5036243132,operating system
A5043355848,artificial intelligence
A5004680786,artificial intelligence
A5001475768,artificial intelligence
A5003725262,machine learning
A5061699360,artificial intelligence
A5063576496,machine learning
A5038747694,artificial intelligence
A5072985778,database
A5076153820,machine learning
A5078636319,artificial intelligence
A5013306341,artificial intelligence
A5071274975,operating system
A5063154944,artificial intelligence
A5015514948,computer security
A5051746616,programming language
A5050939509,computer security
A5055916038,artificial intelligence
A5039793075,artificial intelligence
A5026910540,artificial intelligence
A5081357817,artificial intelligence
A5086062922,artificial intelligence
A5089174118,knowledge management
A5002501248,artificial intelligence
A5075191567,programming language
A5029142306,multimedia
A5047942180,computer vision
A5043490720,artificial intelligence
A5069170843,artificial intelligence
A5050140147,programming language
A5026666276,artificial intelligence
A5089392906,artificial intelligence
A5051193434,artificial intelligence
A5031580796,artificial intelligence
A5087939869,artificial intelligence
A5088522711,artificial intelligence
A5072645144,artificial intelligence
A5023126809,artificial intelligence
A5065963254,artificial intelligence
A5080019796,machine learning
A5010621134,operating system
A5064644612,artificial intelligence
A5004219694,artificial intelligence
A5024670250,artificial intelligence
A5008411897,artificial intelligence
A5082621363,machine learning
A5091293032,artificial intelligence
A5011939964,artificial intelligence
A5034243845,natural language processing
A5042170109,machine learning
A5015191397,artificial intelligence
A5068413507,machine learning
A5041269918,artificial intelligence
A5082836130,artificial intelligence
A5054051440,artificial intelligence
A5052587059,artificial intelligence
A5084821293,machine learning
A5050863922,programming language
A5042115100,programming language
A5063897224,programming language
A5029344441,artificial intelligence
A5006495935,artificial intelligence
A5090740168,artificial intelligence
A5073757205,artificial intelligence
A5078408789,artificial intelligence
A5035300094,artificial intelligence
A5039141966,computer vision
A5085412004,computer vision
A5041502445,artificial intelligence
A5039500313,artificial intelligence
A5010923592,artificial intelligence
A5057451578,machine learning
A5069943863,artificial intelligence
A5049909316,artificial intelligence
A5080900401,artificial intelligence
A5041387396,artificial intelligence
A5066345725,artificial intelligence
A5053250432,artificial intelligence
A5045004853,artificial intelligence
A5062246198,computer vision
A5011280998,artificial intelligence
A5023298674,artificial intelligence
A5065055739,machine learning
A5068049138,artificial intelligence
A5036380946,artificial intelligence
A5076767065,artificial intelligence
A5040234872,artificial intelligence
A5016253883,artificial intelligence
A5027352462,machine learning
A5025523911,natural language processing
A5023487853,natural language processing
A5014166110,database
A5081847038,artificial intelligence
A5027871963,artificial intelligence
A5046173193,artificial intelligence
A5030688299,machine learning
A5065058581,machine learning
A5036367852,artificial intelligence
A5047059242,artificial intelligence
A5005605270,artificial intelligence
A5029477698,database
A5090732704,artificial intelligence
A5039945857,database
A5046340343,artificial intelligence
A5049560556,artificial intelligence
A5036067425,data science
A5037446815,data science
A5009997455,artificial intelligence
A5010873302,artificial intelligence
A5053140739,artificial intelligence
A5067652312,artificial intelligence
A5071191321,artificial intelligence
A5075671918,artificial intelligence
A5045783666,artificial intelligence
A5022432777,artificial intelligence
A5047932117,artificial intelligence
A5071230449,artificial intelligence
A5081906404,artificial intelligence
A5010734163,artificial intelligence
A5045948507,operating system
A5046208589,operating system
A5015203693,artificial intelligence
A5072566023,artificial intelligence
A5075320184,artificial intelligence
A5030953392,operating system
A5036129923,operating system
A5058536471,operating system
A5079543720,artificial intelligence
A5031371771,artificial intelligence
A5076911801,operating system
A5054563299,artificial intelligence
A5076400481,artificial intelligence
A5013466440,operating system
A5085560354,operating system
A5081457365,multimedia
A5041425039,artificial intelligence
A5042635871,artificial intelligence
A5006813623,artificial intelligence
A5049648759,knowledge management
A5016993530,database
A5018728658,artificial intelligence
A5000835810,artificial intelligence
A5057540939,artificial intelligence
A5017426090,artificial intelligence
A5006286208,computer network
A5070798925,knowledge management
A5021722934,artificial intelligence
A5004800558,machine learning
A5017588215,data science
A5031700222,world wide web
A5089217723,artificial intelligence
A5059814300,artificial intelligence
A5083358892,artificial intelligence
A5035018687,artificial intelligence
A5010570894,operating system
A5018992272,artificial intelligence
A5027271119,operating system
A5081178057,artificial intelligence
A5015455971,knowledge management
A5079426146,artificial intelligence
A5044808320,artificial intelligence
A5004792404,operating system
A5086900317,artificial intelligence
A5071962452,operating system
A5086649944,operating system
A5026635176,artificial intelligence
A5076055067,artificial intelligence
A5076662713,operating system
A5066459681,artificial intelligence
A5007993243,artificial intelligence
A5079101871,artificial intelligence
A5009730676,artificial intelligence
A5021641046,artificial intelligence
A5075630183,artificial intelligence
A5003254265,artificial intelligence
A5035483302,operating system
A5034930946,artificial intelligence
A5023638199,artificial intelligence
A5063242164,operating system
A5013766382,artificial intelligence
A5033879207,artificial intelligence
A5090691489,artificial intelligence
A5082179600,artificial intelligence
A5067297941,artificial intelligence
A5019969191,computer security
A5032556217,artificial intelligence
A5065590978,artificial intelligence
A5033700890,machine learning
A5058974544,internet privacy
A5040041217,operating system
A5042122416,artificial intelligence
A5008903140,artificial intelligence
A5014919862,artificial intelligence
A5050295176,operating system
A5016295654,artificial intelligence
A5090016405,artificial intelligence
A5078094993,artificial intelligence
A5082436527,artificial intelligence
A5073619125,artificial intelligence
A5004696195,machine learning
A5005462033,artificial intelligence
A5017450592,artificial intelligence
A5014931730,programming language
A5062894420,artificial intelligence
A5086060956,artificial intelligence
A5005728523,artificial intelligence
A5089911715,artificial intelligence
A5084574203,artificial intelligence
A5076461974,artificial intelligence
A5004152951,artificial intelligence
A5056970435,artificial intelligence
A5004268590,artificial intelligence
A5055775978,artificial intelligence
A5064168853,artificial intelligence
A5019708391,artificial intelligence
A5044795548,operating system
A5001072898,artificial intelligence
A5024001153,machine learning
A5011145955,multimedia
A5090348702,artificial intelligence
A5077299140,artificial intelligence
A5050172755,operating system
A5024424116,world wide web
A5020210821,artificial intelligence
A5015657679,computer vision
A5075753793,computer vision
A5082732226,machine learning
A5053483773,machine learning
A5053540513,machine learning
A5022243444,machine learning
A5089417510,multimedia
A5057246186,artificial intelligence
A5054528917,operating system
A5000534141,artificial intelligence
A5004087827,artificial intelligence
A5076346273,artificial intelligence
A5005530463,artificial intelligence
A5065208534,artificial intelligence
A5004645706,operating system
A5030098410,artificial intelligence
A5079638672,artificial intelligence
A5047958803,multimedia
A5020664363,artificial intelligence
A5037797829,artificial intelligence
A5041763327,database
A5062845294,operating system
A5056650362,artificial intelligence
A5041588398,machine learning
A5013715271,artificial intelligence
A5049628259,data science
A5060158285,machine learning
A5031373757,programming language
A5057793009,programming language
A5009530895,artificial intelligence
A5000870451,artificial intelligence
A5018394543,natural language processing
A5049217556,artificial intelligence
A5027362193,machine learning
A5052370734,artificial intelligence
A5085865665,speech recognition
A5032881268,world wide web
A5009297196,artificial intelligence
A5028889179,artificial intelligence
A5053927049,multimedia
A5023806348,machine learning
A5067850943,world wide web
A5000669585,machine learning
A5089514202,artificial intelligence
A5070523747,artificial intelligence
A5012682692,artificial intelligence
A5077412220,artificial intelligence
A5052842220,artificial intelligence
A5061752708,artificial intelligence
A5072659945,operating system
A5007172071,world wide web
A5046574640,world wide web
A5035904208,artificial intelligence
A5020665735,artificial intelligence
A5061961859,artificial intelligence
A5060814361,artificial intelligence
A5051650825,information retrieval
A5069681054,artificial intelligence
A5049098969,artificial intelligence
A5023589208,artificial intelligence
A5073626715,operating system
A5047118636,artificial intelligence
A5062912448,artificial intelligence
A5081180585,artificial intelligence
A5057904332,computer network
A5083963854,artificial intelligence
A5042094990,artificial intelligence
A5028163457,artificial intelligence
A5044280576,artificial intelligence
A5025406029,artificial intelligence
A5021756821,world wide web
A5040003187,artificial intelligence
A5077654742,machine learning
A5073683931,machine learning
A5050663093,artificial intelligence
A5089475466,artificial intelligence
A5066096051,artificial intelligence
A5050869595,artificial intelligence
A5067404408,artificial intelligence
A5080044335,computer security
A5011542486,artificial intelligence
A5012991378,artificial intelligence
A5073567796,artificial intelligence
A5052520669,artificial intelligence
A5039983638,artificial intelligence
A5091828542,artificial intelligence
A5019066833,artificial intelligence
A5049216983,artificial intelligence
A5089220913,artificial intelligence
A5009564706,artificial intelligence
A5059479627,artificial intelligence
A5004039843,data mining
A5018063949,operating system
A5073968263,artificial intelligence
A5074757034,machine learning
A5058183307,artificial intelligence
A5014880376,artificial intelligence
A5076697411,artificial intelligence
A5002068604,artificial intelligence
A5064437234,artificial intelligence
A5068432327,artificial intelligence
A5066553616,artificial intelligence
A5004220534,artificial intelligence
A5079965425,artificial intelligence
A5038183997,knowledge management
A5001549651,machine learning
A5013096348,artificial intelligence
A5026557746,artificial intelligence
A5036218196,artificial intelligence
A5036317806,artificial intelligence
A5042844168,programming language
A5060700933,artificial intelligence
A5006073369,operating system
A5030765476,artificial intelligence
A5003949731,operating system
A5028107284,artificial intelligence
A5012372361,artificial intelligence
A5051281006,artificial intelligence
A5041849374,artificial intelligence
A5008552720,artificial intelligence
A5055756907,artificial intelligence
A5011045028,artificial intelligence
A5048305243,artificial intelligence
A5017129044,artificial intelligence
A5059494163,artificial intelligence
A5049321721,artificial intelligence
A5041655293,world wide web
A5088746380,operating system
A5011132889,multimedia
A5086305094,machine learning
A5072517600,machine learning
A5067416693,artificial intelligence
A5079380722,artificial intelligence
A5078717499,artificial intelligence
A5031491416,artificial intelligence
A5084517348,artificial intelligence
A5008197461,artificial intelligence
A5026692089,artificial intelligence
A5004281564,artificial intelligence
A5011514454,artificial intelligence
A5016015016,artificial intelligence
A5039390267,artificial intelligence
A5016238183,artificial intelligence
A5004194130,artificial intelligence
A5090553191,artificial intelligence
A5075287635,artificial intelligence
A5023359945,artificial intelligence
A5003932703,artificial intelligence
A5068564693,artificial intelligence
A5067908103,artificial intelligence
A5060263666,artificial intelligence
A5049040962,artificial intelligence
A5005336449,operating system
A5030109986,artificial intelligence
A5034243484,computer vision
A5028579062,artificial intelligence
A5046141922,computer network
A5071963696,artificial intelligence
A5010962789,artificial intelligence
A5082908174,computer security
A5034391466,operating system
A5082645155,world wide web
A5084835369,artificial intelligence
A5060416195,machine learning
A5074637281,artificial intelligence
A5049980825,computer network
A5013245112,database
A5001575774,artificial intelligence
A5004397914,artificial intelligence
A5076845066,artificial intelligence
A5018312773,artificial intelligence
A5003393933,artificial intelligence
A5048928616,artificial intelligence
A5003276418,artificial intelligence
A5033651710,natural language processing
A5043998433,world wide web
A5006145895,knowledge management
A5085088187,artificial intelligence
A5076766601,artificial intelligence
A5044584294,artificial intelligence
A5047632507,machine learning
A5003201228,machine learning
A5067598423,machine learning
A5053811601,artificial intelligence
A5074367803,artificial intelligence
A5049235512,artificial intelligence
A5065210119,multimedia
A5000618048,artificial intelligence
A5014631662,artificial intelligence
A5079833473,operating system
A5063115461,programming language
A5052171222,artificial intelligence
A5070435685,artificial intelligence
A5076283372,artificial intelligence
A5006205250,artificial intelligence
A5026537714,artificial intelligence
A5017642893,artificial intelligence
A5036052557,artificial intelligence
A5000176044,artificial intelligence
A5041826015,artificial intelligence
A5032518268,computer vision
A5027939946,artificial intelligence
A5007714809,world wide web
A5083717529,machine learning
A5026968273,world wide web
A5086156597,library science
A5080560898,world wide web
A5035738268,machine learning
A5072189257,machine learning
A5054324571,machine learning
A5058920297,operating system
A5031266770,artificial intelligence
A5064562846,artificial intelligence
A5071082834,artificial intelligence
A5034443098,artificial intelligence
A5062564633,artificial intelligence
A5023580231,artificial intelligence
A5000885553,artificial intelligence
A5029072011,operating system
A5050463349,data science
A5029573243,artificial intelligence
A5036400158,machine learning
A5006070343,operating system
A5076370408,operating system
A5059337001,machine learning
A5006211289,programming language
A5007427094,programming language
A5024018042,operating system
A5010941207,artificial intelligence
A5070478834,artificial intelligence
A5003824935,multimedia
A5086015490,artificial intelligence
A5065697164,information retrieval
A5064292854,operating system
A5085176321,artificial intelligence
A5063771738,operating system
A5068676566,operating system
A5087180022,artificial intelligence
A5075788811,artificial intelligence
A5086894677,artificial intelligence
A5059174022,artificial intelligence
A5014385735,data science
A5030467047,artificial intelligence
A5067307112,artificial intelligence
A5039403639,artificial intelligence
A5023185369,machine learning
A5086274478,machine learning
A5079743142,artificial intelligence
A5008503544,machine learning
A5018789687,computer vision
A5040365208,artificial intelligence
A5087920354,artificial intelligence
A5036509639,programming language
A5017817794,artificial intelligence
A5088964037,knowledge management
A5003045321,artificial intelligence
A5006346958,artificial intelligence
A5027652056,machine learning
A5041098471,machine learning
A5063310531,computer vision
A5083220044,artificial intelligence
A5026275444,computer vision
A5085335307,computer vision
A5008051893,computer vision
A5085163349,computer vision
A5065682763,artificial intelligence
A5062694031,artificial intelligence
A5085422836,artificial intelligence
A5089082312,natural language processing
A5029639206,natural language processing
A5058581622,operating system
A5008433679,machine learning
A5063476672,artificial intelligence
A5025022086,database
A5022934757,artificial intelligence
A5035886602,artificial intelligence
A5014467129,operating system
A5078887910,knowledge management
A5068955281,machine learning
A5064331350,artificial intelligence
A5077123581,machine learning
A5089897150,operating system
A5085508752,operating system
A5080190305,operating system
A5025475863,operating system
A5067764381,artificial intelligence
A5077028946,programming language
A5073849580,artificial intelligence
A5070382607,artificial intelligence
A5034253077,artificial intelligence
A5053751069,artificial intelligence
A5090939243,artificial intelligence
A5010950844,machine learning
A5023494109,artificial intelligence
A5005732060,operating system
A5091443670,artificial intelligence
A5017162342,artificial intelligence
A5073724141,machine learning
A5028171673,artificial intelligence
A5075672922,speech recognition
A5032821983,operating system
A5018920322,operating system
A5080503589,knowledge management
A5001547897,artificial intelligence
A5055754208,knowledge management
A5022137187,artificial intelligence
A5069596420,artificial intelligence
A5009166877,artificial intelligence
A5077323643,artificial intelligence
A5022635925,artificial intelligence
A5073775464,multimedia
A5020533881,artificial intelligence
A5061245143,artificial intelligence
A5078964862,computer network
A5030933218,world wide web
A5001786085,world wide web
A5071539131,computer security
A5065853724,computer network
A5025079893,artificial intelligence
A5007692329,knowledge management
A5004587355,knowledge management
A5075601831,machine learning
A5086467691,operating system
A5010184811,operating system
A5015686534,natural language processing
A5021106880,artificial intelligence
A5041317854,programming language
A5049180240,machine learning
A5027176766,artificial intelligence
A5048466461,artificial intelligence
A5078120478,artificial intelligence
A5059042590,world wide web
A5037762972,artificial intelligence
A5038400253,multimedia
A5038383219,artificial intelligence
A5045568346,world wide web
A5090967587,knowledge management
A5000492235,machine learning
A5037681511,machine learning
A5047698688,artificial intelligence
A5050903837,operating system
A5041538123,theoretical computer science
A5080983713,operating system
A5026427534,artificial intelligence
A5051286524,artificial intelligence
A5028441647,artificial intelligence
A5082858886,machine learning
A5007121933,artificial intelligence
A5000186305,artificial intelligence
A5046433642,artificial intelligence
A5038913522,artificial intelligence
A5067968369,natural language processing
A5062942647,natural language processing
A5005053622,natural language processing
A5061719129,world wide web
A5089021831,artificial intelligence
A5006091851,natural language processing
A5039918256,artificial intelligence
A5030929146,operating system
A5059264167,artificial intelligence
A5020530552,artificial intelligence
A5041706189,artificial intelligence
A5006835928,machine learning
A5014380320,machine learning
A5049059264,artificial intelligence
A5014452770,artificial intelligence
A5036485959,artificial intelligence
A5031857121,natural language processing
A5055750376,artificial intelligence
A5066674084,artificial intelligence
A5072377971,artificial intelligence
A5040633710,artificial intelligence
A5051336665,artificial intelligence
A5076587308,artificial intelligence
A5040104451,artificial intelligence
A5004070773,artificial intelligence
A5052858587,artificial intelligence
A5004009884,knowledge management
A5064027149,machine learning
A5006002501,multimedia
A5084996439,artificial intelligence
A5032813047,computer security
A5007635720,information retrieval
A5001343879,artificial intelligence
A5077424581,artificial intelligence
A5090281331,artificial intelligence
A5074694784,artificial intelligence
A5057681089,knowledge management
A5091344250,operating system
A5064801706,machine learning
A5089290365,operating system
A5089837621,artificial intelligence
A5082393601,artificial intelligence
A5068097897,programming language
A5088144038,computer network
A5024800996,artificial intelligence
A5014235461,multimedia
A5009055815,multimedia
A5035671477,artificial intelligence
A5009848832,computer vision
A5017073371,operating system
A5014501729,artificial intelligence
A5078097850,machine learning
A5084031005,machine learning
A5069991474,information retrieval
A5020701488,artificial intelligence
A5034476137,artificial intelligence
A5080254367,artificial intelligence
A5057528939,artificial intelligence
A5062795932,artificial intelligence
A5064600777,artificial intelligence
A5030251080,artificial intelligence
A5062631934,artificial intelligence
A5073750332,artificial intelligence
A5068783500,artificial intelligence
A5029542014,programming language
A5009057924,computer vision
A5072800324,computer vision
A5045123046,artificial intelligence
A5072423303,operating system
A5000546219,artificial intelligence
A5037623834,operating system
A5009322442,machine learning
A5052968889,machine learning
A5019691265,artificial intelligence
A5014451390,artificial intelligence
A5039654589,artificial intelligence
A5008235253,artificial intelligence
A5067611696,operating system
A5075464350,machine learning
A5025731495,information retrieval
A5013292309,operating system
A5053792527,data science
A5064734371,artificial intelligence
A5003871871,artificial intelligence
A5062006648,artificial intelligence
A5044152002,machine learning
A5058021214,artificial intelligence
A5065670073,artificial intelligence
A5050985764,artificial intelligence
A5043142156,programming language
A5027645414,operating system
A5072986862,artificial intelligence
A5039742693,artificial intelligence
A5058466208,artificial intelligence
A5091020771,multimedia
A5062748514,artificial intelligence
A5016398086,artificial intelligence
A5040829874,artificial intelligence
A5017864545,artificial intelligence
A5003537055,world wide web
A5000327658,operating system
A5080392687,artificial intelligence
A5067285661,operating system
A5042918332,artificial intelligence
A5067565879,artificial intelligence
A5009791474,artificial intelligence
A5001153552,artificial intelligence
A5089077811,operating system
A5029411287,artificial intelligence
A5034725162,artificial intelligence
A5080395808,natural language processing
A5075292468,machine learning
A5034694502,machine learning
A5012035215,knowledge management
A5031861840,knowledge management
A5077543890,artificial intelligence
A5066960754,machine learning
A5052150758,computer network
A5087256698,artificial intelligence
A5004171024,operating system
A5060939242,artificial intelligence
A5076635345,computer network
A5065486002,artificial intelligence
A5056179227,artificial intelligence
A5015939203,artificial intelligence
A5038372194,artificial intelligence
A5022700946,artificial intelligence
A5036423849,artificial intelligence
A5021901258,artificial intelligence
A5046226629,operating system
A5073408668,computer security
A5035272803,machine learning
A5009083588,artificial intelligence
A5057837194,artificial intelligence
A5007741837,artificial intelligence
A5082707744,world wide web
A5071792709,artificial intelligence
A5008848936,information retrieval
A5009892717,artificial intelligence
A5059621628,artificial intelligence
A5015228081,machine learning
A5082246965,artificial intelligence
A5057733859,multimedia
A5037576679,knowledge management
A5066265708,knowledge management
A5086501120,artificial intelligence
A5036343985,artificial intelligence
A5057650592,speech recognition
A5074305679,speech recognition
A5076785459,artificial intelligence
A5016435875,computer vision
A5077557534,computer vision
A5032276006,machine learning
A5063471945,artificial intelligence
A5029669651,artificial intelligence
A5064003235,artificial intelligence
A5040559366,artificial intelligence
A5010844099,machine learning
A5010042304,artificial intelligence
A5056809403,artificial intelligence
A5004792776,artificial intelligence
A5080376515,operating system
A5074430413,artificial intelligence
A5062502426,artificial intelligence
A5067561521,artificial intelligence
A5032454122,machine learning
A5073595877,artificial intelligence
A5047528114,artificial intelligence
A5007817577,artificial intelligence
A5041418612,artificial intelligence
A5090222983,artificial intelligence
A5029172870,information retrieval
A5007380083,operating system
A5076809830,machine learning
A5021311306,artificial intelligence
A5037950417,artificial intelligence
A5005453186,computer vision
A5063779091,library science
A5012374674,programming language
A5088133670,artificial intelligence
A5065981590,artificial intelligence
A5043347335,artificial intelligence
A5069148908,programming language
A5013395769,artificial intelligence
A5018380170,artificial intelligence
A5003811106,artificial intelligence
A5075113067,artificial intelligence
A5029126529,artificial intelligence
A5008675858,programming language
A5060727011,machine learning
A5091360778,artificial intelligence
A5087317081,artificial intelligence
A5010119869,artificial intelligence
A5083195984,artificial intelligence
A5064097683,machine learning
A5035181081,artificial intelligence
A5069421451,machine learning
A5073669927,artificial intelligence
A5057722476,world wide web
A5018305440,artificial intelligence
A5042947686,artificial intelligence
A5006228213,artificial intelligence
A5069607027,machine learning
A5088621564,artificial intelligence
A5054748669,world wide web
A5073304892,artificial intelligence
A5023575351,artificial intelligence
A5002604255,artificial intelligence
A5084690736,knowledge management
A5051255092,artificial intelligence
A5059273226,machine learning
A5039487411,data science
A5011465937,artificial intelligence
A5006311694,operating system
A5058645145,artificial intelligence
A5066562031,natural language processing
A5051714366,machine learning
A5064771771,artificial intelligence
A5076881236,machine learning
A5044287302,artificial intelligence
A5090325024,multimedia
A5049903806,multimedia
A5048700164,artificial intelligence
A5046912120,computer security
A5085632474,artificial intelligence
A5085054829,artificial intelligence
A5026240321,artificial intelligence
A5016579792,machine learning
A5007781167,artificial intelligence
A5054699688,artificial intelligence
A5064503736,natural language processing
A5043022218,artificial intelligence
A5070680730,artificial intelligence
A5018729840,artificial intelligence
A5062524005,artificial intelligence
A5083827264,artificial intelligence
A5024914469,natural language processing
A5035473818,artificial intelligence
A5042144156,artificial intelligence
A5065490821,natural language processing
A5076724609,machine learning
A5015665078,computer vision
A5065308447,artificial intelligence
A5052350981,artificial intelligence
A5024116200,computer vision
A5045418207,artificial intelligence
A5085342632,computer vision
A5019453341,operating system
A5025687367,operating system
A5074610982,machine learning
A5036014169,data mining
A5056674547,artificial intelligence
A5091477517,artificial intelligence
A5090721739,machine learning
A5052074339,computer vision
A5027594259,operating system
A5035206323,artificial intelligence
A5038150463,machine learning
A5082893021,database
A5070914674,artificial intelligence
A5090559862,artificial intelligence
A5004568400,programming language
A5049307628,operating system
A5010848871,artificial intelligence
A5034027184,machine learning
A5074377757,artificial intelligence
A5010885971,artificial intelligence
A5078288395,data mining
A5091602832,data mining
A5008269094,data mining
A5010754981,artificial intelligence
A5023041716,machine learning
A5031188606,machine learning
A5036247461,artificial intelligence
A5004420214,artificial intelligence
A5041497235,artificial intelligence
A5008125122,natural language processing
A5063495620,artificial intelligence
A5042080057,artificial intelligence
A5054401063,artificial intelligence
A5077330744,programming language
A5018400355,artificial intelligence
A5086579917,artificial intelligence
A5050590358,world wide web
A5047050571,artificial intelligence
A5090261224,artificial intelligence
A5091297862,artificial intelligence
A5084051615,artificial intelligence
A5016882619,artificial intelligence
A5084943474,artificial intelligence
A5019169592,artificial intelligence
A5016829827,artificial intelligence
A5001733432,artificial intelligence
A5001499140,artificial intelligence
A5076546160,artificial intelligence
A5027382759,machine learning
A5023109012,artificial intelligence
A5044088869,computer vision
A5065535908,artificial intelligence
A5001215167,artificial intelligence
A5023498425,artificial intelligence
A5059976962,machine learning
A5070764916,machine learning
A5056234740,machine learning
A5032470825,machine learning
A5029585274,machine learning
A5077915981,machine learning
A5074593755,artificial intelligence
A5056557145,artificial intelligence
A5044903173,artificial intelligence
A5064609702,artificial intelligence
A5000315816,artificial intelligence
A5088559226,artificial intelligence
A5070820573,artificial intelligence
A5026964820,artificial intelligence
A5024108653,operating system
A5067748313,artificial intelligence
A5088636263,artificial intelligence
A5041035215,artificial intelligence
A5084920912,operating system
A5019757557,artificial intelligence
A5007593192,machine learning
A5002181012,machine learning
A5019878762,machine learning
A5038691287,machine learning
A5006092977,operating system
A5042872250,programming language
A5041240767,operating system
A5036789855,operating system
A5029086985,artificial intelligence
A5030095031,world wide web
A5075300359,artificial intelligence
A5026317660,machine learning
A5075993804,machine learning
A5043476218,artificial intelligence
A5052767951,artificial intelligence
A5047858962,knowledge management
A5037029538,data science
A5042107424,data science
A5085935488,computer hardware
A5061445568,data science
A5087762753,artificial intelligence
A5022137808,artificial intelligence
A5028760842,artificial intelligence
A5076601811,artificial intelligence
A5056423797,machine learning
A5043790271,computer security
A5031228518,operating system
A5024711955,operating system
A5036372456,operating system
A5030890095,operating system
A5024893234,artificial intelligence
A5033868035,natural language processing
A5066041657,natural language processing
A5035213500,machine learning
A5029001932,artificial intelligence
A5061871375,artificial intelligence
A5045957703,artificial intelligence
A5064027625,multimedia
A5022615041,operating system
A5043993835,knowledge management
A5004708418,operating system
A5012034889,artificial intelligence
A5062662647,artificial intelligence
A5089261752,machine learning
A5022195537,operating system
A5029746122,machine learning
A5031273536,artificial intelligence
A5047927390,programming language
A5011525973,artificial intelligence
A5053472123,machine learning
A5062802424,artificial intelligence
A5028613138,artificial intelligence
A5018669587,programming language
A5000975317,artificial intelligence
A5003166497,data science
A5089098731,operating system
A5024212068,world wide web
A5029915039,artificial intelligence
A5074567616,machine learning
A5003537646,machine learning
A5066697683,machine learning
A5041168242,artificial intelligence
A5076898632,artificial intelligence
A5065687300,artificial intelligence
A5058841326,artificial intelligence
A5022323904,artificial intelligence
A5070766199,multimedia
A5057599389,machine learning
A5060478363,machine learning
A5035436540,machine learning
A5042532049,machine learning
A5078290421,data science
A5080241103,machine learning
A5054842596,world wide web
A5047646273,artificial intelligence
A5083447060,machine learning
A5003849672,artificial intelligence
A5055540340,internet privacy
A5016482035,artificial intelligence
A5013614226,artificial intelligence
A5062380830,artificial intelligence
A5002834666,artificial intelligence
A5010697514,artificial intelligence
A5065341742,artificial intelligence
A5089749694,world wide web
A5005933824,machine learning
A5076421509,speech recognition
A5044090969,knowledge management
A5090668643,artificial intelligence
A5059175737,artificial intelligence
A5008893502,artificial intelligence
A5021409117,artificial intelligence
A5027695376,artificial intelligence
A5055774608,artificial intelligence
A5056613651,artificial intelligence
A5048572046,computer security
A5030993729,world wide web
A5054002357,natural language processing
A5011413907,artificial intelligence
A5049836166,machine learning
A5038017409,artificial intelligence
A5036349954,operating system
A5003244142,operating system
A5005849526,artificial intelligence
A5079724880,artificial intelligence
A5048937771,world wide web
A5048708829,operating system
A5061429698,computer network
A5044353531,operating system
A5037527074,artificial intelligence
A5026565671,artificial intelligence
A5007649727,information retrieval
A5077121655,operating system
A5024206144,programming language
A5077391080,multimedia
A5000275037,artificial intelligence
A5039597008,artificial intelligence
A5002358587,artificial intelligence
A5013315393,artificial intelligence
A5086969801,artificial intelligence
A5042469963,artificial intelligence
A5023774096,operating system
A5091267149,artificial intelligence
A5084600715,world wide web
A5015697003,artificial intelligence
A5037007690,computer vision
A5032531133,computer vision
A5001854208,artificial intelligence
A5067781363,computer network
A5082984424,artificial intelligence
A5070727113,artificial intelligence
A5066068682,computer security
A5020080163,artificial intelligence
A5005239114,multimedia
A5077247924,machine learning
A5005383041,machine learning
A5085657122,artificial intelligence
A5085822783,machine learning
A5075109513,artificial intelligence
A5074417323,artificial intelligence
A5056546246,artificial intelligence
A5013275583,artificial intelligence
A5003849853,operating system
A5088817059,operating system
A5081742197,programming language
A5091421960,information retrieval
A5075808202,artificial intelligence
A5010470479,machine learning
A5064838814,artificial intelligence
A5059510779,artificial intelligence
A5048228585,programming language
A5061352683,artificial intelligence
A5024143397,artificial intelligence
A5079984547,machine learning
A5033273214,artificial intelligence
A5055476024,machine learning
A5072890368,artificial intelligence
A5008532090,artificial intelligence
A5059248438,artificial intelligence
A5000200579,operating system
A5038891712,artificial intelligence
A5064439222,artificial intelligence
A5086857303,computer network
A5081390182,programming language
A5002013996,artificial intelligence
A5016723264,artificial intelligence
A5007963210,artificial intelligence
A5036253428,data mining
A5023806776,artificial intelligence
A5031186661,artificial intelligence
A5076172522,operating system
A5075764191,operating system
A5090826498,operating system
A5035085912,programming language
A5006916173,artificial intelligence
A5028236206,artificial intelligence
A5005432861,artificial intelligence
A5057209685,artificial intelligence
A5085423257,programming language
A5086104858,artificial intelligence
A5090699731,programming language
A5091180327,artificial intelligence
A5059408108,artificial intelligence
A5053656188,artificial intelligence
A5029693258,artificial intelligence
A5032307375,artificial intelligence
A5071747219,artificial intelligence
A5051826547,artificial intelligence
A5053575337,artificial intelligence
A5076268379,artificial intelligence
A5087421133,natural language processing
A5003714897,artificial intelligence
A5059655139,operating system
A5013808958,operating system
A5049992888,operating system
A5053534591,artificial intelligence
A5014295479,artificial intelligence
A5076070516,artificial intelligence
A5065953146,operating system
A5014317244,programming language
A5080086968,artificial intelligence
A5066400345,knowledge management
A5022249353,information retrieval
A5070135323,artificial intelligence
A5029545312,operating system
A5054313137,database
A5033242712,artificial intelligence
A5061002947,information retrieval
A5064351554,artificial intelligence
A5054110970,artificial intelligence
A5031758582,machine learning
A5037083521,operating system
A5087869567,artificial intelligence
A5048413120,artificial intelligence
A5001341149,artificial intelligence
A5030226607,artificial intelligence
A5045285887,artificial intelligence
A5073318673,artificial intelligence
A5087739595,artificial intelligence
A5059349324,multimedia
A5063728984,machine learning
A5005569414,computer vision
A5054592564,artificial intelligence
A5026688050,artificial intelligence
A5016807507,artificial intelligence
A5021575740,artificial intelligence
A5003385267,operating system
A5087562048,computer vision
A5017043673,artificial intelligence
A5000210772,artificial intelligence
A5016001919,artificial intelligence
A5043105133,artificial intelligence
A5041978666,artificial intelligence
A5023003974,artificial intelligence
A5000193182,programming language
A5012906113,artificial intelligence
A5023684268,artificial intelligence
A5044326924,machine learning
A5058754609,artificial intelligence
A5062207754,artificial intelligence
A5021072028,artificial intelligence
A5027630744,programming language
A5036547135,artificial intelligence
A5078760410,machine learning
A5061427447,artificial intelligence
A5083465360,artificial intelligence
A5030470214,artificial intelligence
A5043583629,artificial intelligence
A5041095414,machine learning
A5002665378,machine learning
A5000704870,machine learning
A5075136463,artificial intelligence
A5075541016,knowledge management
A5036956115,machine learning
A5011847974,machine learning
A5064587606,artificial intelligence
A5061093480,machine learning
A5077279120,artificial intelligence
A5010504078,machine learning
A5083498592,artificial intelligence
A5001838464,artificial intelligence
A5012227292,machine learning
A5055017686,artificial intelligence
A5075465352,programming language
A5064133004,machine learning
A5060248622,artificial intelligence
A5066682122,artificial intelligence
A5089434965,operating system
A5071177772,artificial intelligence
A5068253885,machine learning
A5044937539,computer security
A5022984013,artificial intelligence
A5060562617,machine learning
A5059340994,artificial intelligence
A5060332975,computer network
A5026066110,artificial intelligence
A5000864476,artificial intelligence
A5054325638,artificial intelligence
A5062063850,operating system
A5045664861,artificial intelligence
A5066049694,computer vision
A5003552858,computer vision
A5054003149,machine learning
A5026549296,artificial intelligence
A5018414569,artificial intelligence
A5076321327,artificial intelligence
A5005466497,artificial intelligence
A5058457898,artificial intelligence
A5067600725,artificial intelligence
A5078355966,artificial intelligence
A5051300169,computer security
A5054904753,artificial intelligence
A5061682583,artificial intelligence
A5024885548,artificial intelligence
A5090210382,artificial intelligence
A5039450800,artificial intelligence
A5032244188,artificial intelligence
A5021432602,artificial intelligence
A5049675814,world wide web
A5024019918,artificial intelligence
A5070291698,world wide web
A5050928584,world wide web
A5018618243,machine learning
A5071816101,artificial intelligence
A5049326631,world wide web
A5056949757,artificial intelligence
A5009953024,computer network
A5032689269,computer network
A5060564722,artificial intelligence
A5001849972,computer network
A5018777296,computer network
A5071445761,computer network
A5032380083,machine learning
A5043896040,computer network
A5076583762,library science
A5055541435,computer network
A5041054273,information retrieval
A5068091152,computer network
A5079183591,library science
A5054355624,computer network
A5086917138,computer network
A5004484537,computer network
A5032784794,computer network
A5076539128,library science
A5044805707,library science
A5015886306,library science
A5077745177,computer network
A5003797160,computer network
A5088352548,machine learning
A5087550260,library science
A5037826585,computer network
A5037588937,computer network
A5002491701,computer network
A5019076656,machine learning
A5053197715,library science
A5014808622,machine learning
A5040975583,library science
A5044538090,artificial intelligence
A5018678826,artificial intelligence
A5013671216,artificial intelligence
A5015051202,artificial intelligence
A5028889705,artificial intelligence
A5068585414,artificial intelligence
A5064554287,database
A5017096005,artificial intelligence
A5003938960,operating system
A5060796410,operating system
A5089465148,machine learning
A5010469915,operating system
A5002284258,artificial intelligence
A5065080333,programming language
A5090167348,artificial intelligence
A5037449634,artificial intelligence
A5001416780,operating system
A5021257502,operating system
A5072920325,operating system
A5081917471,machine learning
A5087531229,computer network
A5030905020,artificial intelligence
A5070884770,computer vision
A5081430748,machine learning
A5030868746,computer vision
A5053158194,artificial intelligence
A5054486464,artificial intelligence
A5088591974,artificial intelligence
A5058542417,operating system
A5075861532,operating system
A5019382586,machine learning
A5086088518,computer security
A5038841329,operating system
A5044748041,information retrieval
A5034312342,artificial intelligence
A5039518516,artificial intelligence
A5072697870,artificial intelligence
A5033899410,operating system
A5052741083,operating system
A5046969541,artificial intelligence
A5058593368,artificial intelligence
A5008804107,machine learning
A5031143293,artificial intelligence
A5039155472,operating system
A5069868868,artificial intelligence
A5063002840,speech recognition
A5068940052,artificial intelligence
A5088002294,operating system
A5037841475,data mining
A5044618645,artificial intelligence
A5001912287,multimedia
A5035306017,artificial intelligence
A5039614564,artificial intelligence
A5064269267,artificial intelligence
A5061223044,programming language
A5003996674,operating system
A5066684369,artificial intelligence
A5054890347,artificial intelligence
A5045213999,artificial intelligence
A5067954749,artificial intelligence
A5041599523,information retrieval
A5024097427,artificial intelligence
A5074224208,artificial intelligence
A5064200591,artificial intelligence
A5020949525,knowledge management
A5002214819,artificial intelligence
A5063918994,artificial intelligence
A5030119480,artificial intelligence
A5058911450,artificial intelligence
A5085916888,artificial intelligence
A5030697947,operating system
A5040491852,programming language
A5016621051,programming language
A5079662288,database
A5028372183,computer vision
A5011927959,multimedia
A5033643890,artificial intelligence
A5041513167,world wide web
A5033924271,machine learning
A5046300674,programming language
A5089682439,operating system
A5043221140,operating system
A5061111021,multimedia
A5058187942,knowledge management
A5082491600,artificial intelligence
A5038859022,operating system
A5069714133,artificial intelligence
A5080474496,artificial intelligence
A5069734774,artificial intelligence
A5062757968,machine learning
A5034743519,artificial intelligence
A5021412121,artificial intelligence
A5028284804,machine learning
A5069242138,speech recognition
A5040000007,artificial intelligence
A5087741613,artificial intelligence
A5089011855,artificial intelligence
A5026551711,artificial intelligence
A5024222338,programming language
A5068504342,programming language
A5066291615,artificial intelligence
A5066243897,operating system
A5050546530,operating system
A5028645862,artificial intelligence
A5089770558,information retrieval
A5061129494,artificial intelligence
A5003056108,machine learning
A5053262733,artificial intelligence
A5004354393,machine learning
A5047165332,artificial intelligence
A5056307860,computer vision
A5002909169,artificial intelligence
A5043126240,artificial intelligence
A5047361439,artificial intelligence
A5037547732,artificial intelligence
A5006400299,machine learning
A5026113025,machine learning
A5084297070,operating system
A5079803949,artificial intelligence
A5047385670,world wide web
A5085561917,data science
A5088257510,artificial intelligence
A5014461473,artificial intelligence
A5048165693,artificial intelligence
A5085987405,artificial intelligence
A5090347412,artificial intelligence
A5071741322,artificial intelligence
A5090448602,artificial intelligence
A5076239691,artificial intelligence
A5039991600,artificial intelligence
A5006365543,artificial intelligence
A5052756345,artificial intelligence
A5051697160,machine learning
A5060287234,artificial intelligence
A5039367648,artificial intelligence
A5038443702,artificial intelligence
A5089092055,artificial intelligence
A5081049776,artificial intelligence
A5084735388,artificial intelligence
A5076027228,operating system
A5025164171,operating system
A5088079956,computer network
A5017648517,computer network
A5027797086,artificial intelligence
A5041787430,artificial intelligence
A5005937041,artificial intelligence
A5045010118,artificial intelligence
A5001264416,artificial intelligence
A5073955919,data science
A5056456196,knowledge management
A5014445825,artificial intelligence
A5028470098,artificial intelligence
A5010305090,artificial intelligence
A5056159864,artificial intelligence
A5022485835,artificial intelligence
A5070552531,knowledge management
A5025138643,artificial intelligence
A5077079119,artificial intelligence
A5085771513,machine learning
A5018990374,knowledge management
A5012793585,natural language processing
A5075405308,natural language processing
A5007831363,machine learning
A5004147750,artificial intelligence
A5037578900,artificial intelligence
A5018443530,artificial intelligence
A5041169953,operating system
A5049028670,natural language processing
A5010491831,operating system
A5020720579,world wide web
A5041247703,world wide web
A5077526337,world wide web
A5063891199,operating system
A5060543503,artificial intelligence
A5019729561,multimedia
A5028707311,multimedia
A5069303481,artificial intelligence
A5077018197,operating system
A5076579586,programming language
A5036695693,multimedia
A5066625366,artificial intelligence
A5046952331,artificial intelligence
A5005645417,artificial intelligence
A5029250489,artificial intelligence
A5085308055,operating system
A5076668019,operating system
A5041614336,operating system
A5081471583,programming language
A5077858418,artificial intelligence
A5002317364,data science
A5037509122,world wide web
A5060081510,operating system
A5021618573,artificial intelligence
A5023842961,artificial intelligence
A5067249512,artificial intelligence
A5064997605,artificial intelligence
A5025611211,artificial intelligence
A5026413148,machine learning
A5075846611,operating system
A5037111173,artificial intelligence
A5047337810,artificial intelligence
A5019010906,artificial intelligence
A5060285076,artificial intelligence
A5056782312,artificial intelligence
A5056342894,artificial intelligence
A5029104139,artificial intelligence
A5001196675,operating system
A5029483508,artificial intelligence
A5060053799,artificial intelligence
A5050176259,artificial intelligence
A5039806532,artificial intelligence
A5084996977,artificial intelligence
A5030578127,operating system
A5086022540,artificial intelligence
A5070807320,database
A5028177865,artificial intelligence
A5058577754,computer vision
A5037274316,artificial intelligence
A5004337930,operating system
A5080285200,operating system
A5010031028,artificial intelligence
A5011718878,artificial intelligence
A5021329808,operating system
A5056663874,artificial intelligence
A5075577966,artificial intelligence
A5000161726,operating system
A5035205164,data mining
A5059610912,artificial intelligence
A5065343783,artificial intelligence
A5075123601,computer vision
A5011698033,operating system
A5015194249,artificial intelligence
A5071542297,operating system
A5086851249,artificial intelligence
A5029130731,artificial intelligence
A5015698449,programming language
A5046593634,computer vision
A5090332383,artificial intelligence
A5005380859,machine learning
A5027508523,machine learning
A5008516724,artificial intelligence
A5077077500,computer vision
A5005893085,computer network
A5003648392,operating system
A5009316832,world wide web
A5034372518,programming language
A5067391190,world wide web
A5046818372,artificial intelligence
A5083747207,artificial intelligence
A5085388539,operating system
A5004718499,artificial intelligence
A5036329030,programming language
A5024521009,programming language
A5019586991,knowledge management
A5013921769,artificial intelligence
A5080546646,computer vision
A5072231425,programming language
A5001651885,operating system
A5055633179,multimedia
A5020019569,knowledge management
A5055194079,artificial intelligence
A5037093688,knowledge management
A5053533202,knowledge management
A5086241050,artificial intelligence
A5081405313,artificial intelligence
A5036670654,programming language
A5036122111,artificial intelligence
A5036977884,machine learning
A5043002718,computer network
A5021450602,machine learning
A5020242101,machine learning
A5009134869,artificial intelligence
A5019414570,artificial intelligence
A5064586878,artificial intelligence
A5041652305,artificial intelligence
A5010033061,artificial intelligence
A5078691765,artificial intelligence
A5054906781,machine learning
A5080214522,operating system
A5090380495,artificial intelligence
A5047319643,artificial intelligence
A5091744010,machine learning
A5042988713,artificial intelligence
A5018191372,machine learning
A5002096284,machine learning
A5009671117,machine learning
A5070922999,machine learning
A5015319638,multimedia
A5031981889,operating system
A5035031826,artificial intelligence
A5032596668,artificial intelligence
A5031429680,artificial intelligence
A5010315281,artificial intelligence
A5050682685,artificial intelligence
A5085144550,artificial intelligence
A5037583341,programming language
A5070055601,artificial intelligence
A5078229670,operating system
A5083170458,artificial intelligence
A5091244381,artificial intelligence
A5013564951,artificial intelligence
A5032044712,computer vision
A5046339877,computer security
A5030749733,artificial intelligence
A5014561100,artificial intelligence
A5013515650,artificial intelligence
A5048858891,computer vision
A5043638391,machine learning
A5073341246,artificial intelligence
A5051249034,artificial intelligence
A5085932391,artificial intelligence
A5085881623,artificial intelligence
A5016043787,operating system
A5063682104,world wide web
A5030096887,artificial intelligence
A5041658587,artificial intelligence
A5032685263,artificial intelligence
A5020523405,artificial intelligence
A5033988758,artificial intelligence
A5002543602,artificial intelligence
A5018652676,computer vision
A5089426119,data science
A5086059245,machine learning
A5046725771,artificial intelligence
A5020329050,artificial intelligence
A5050961647,machine learning
A5091322523,theoretical computer science
A5037065097,operating system
A5065985595,operating system
A5001844771,operating system
A5084452891,operating system
A5036498813,multimedia
A5082569777,multimedia
A5065574554,artificial intelligence
A5078582663,computer vision
A5031149175,artificial intelligence
A5017705639,machine learning
A5003834212,operating system
A5062960948,operating system
A5029872406,operating system
A5035448571,artificial intelligence
A5090972316,machine learning
A5025538755,machine learning
A5018945110,knowledge management
A5068433087,artificial intelligence
A5082056661,machine learning
A5019005247,machine learning
A5007819083,machine learning
A5090201647,programming language
A5051400056,database
A5091117334,artificial intelligence
A5049270435,natural language processing
A5032216892,programming language
A5039809923,artificial intelligence
A5073934226,artificial intelligence
A5074482552,machine learning
A5018699239,computer vision
A5012169751,machine learning
A5014831786,artificial intelligence
A5088693326,artificial intelligence
A5013681236,artificial intelligence
A5076159468,artificial intelligence
A5072183149,artificial intelligence
A5035738936,machine learning
A5088914875,artificial intelligence
A5064358006,artificial intelligence
A5060879844,artificial intelligence
A5072168381,machine learning
A5062043545,artificial intelligence
A5077306511,artificial intelligence
A5063962763,operating system
A5086971582,operating system
A5079645051,machine learning
A5020923231,computer vision
A5032489922,artificial intelligence
A5040622401,artificial intelligence
A5020526736,artificial intelligence
A5031365886,artificial intelligence
A5029165669,artificial intelligence
A5077352742,artificial intelligence
A5036678691,artificial intelligence
A5074680502,artificial intelligence
A5014391077,information retrieval
A5072931958,knowledge management
A5073521235,artificial intelligence
A5072593818,operating system
A5020716169,computer network
A5080614574,knowledge management
A5019857217,artificial intelligence
A5028726027,artificial intelligence
A5006999811,computer security
A5074890487,computer network
A5061980795,artificial intelligence
A5056235349,operating system
A5005977026,computer vision
A5033862904,artificial intelligence
A5032638290,artificial intelligence
A5030854263,artificial intelligence
A5054836293,artificial intelligence
A5091082258,artificial intelligence
A5044151213,machine learning
A5077266703,machine learning
A5040667066,programming language
A5034279848,artificial intelligence
A5027185862,artificial intelligence
A5078357499,machine learning
A5028261729,machine learning
A5036917415,operating system
A5009310227,artificial intelligence
A5057354307,machine learning
A5017055836,machine learning
A5033519431,machine learning
A5060965677,artificial intelligence
A5042365913,artificial intelligence
A5001512244,artificial intelligence
A5081924035,operating system
A5075673393,data mining
A5058909329,computer security
A5012155992,operating system
A5013061967,operating system
A5073947849,artificial intelligence
A5052039290,operating system
A5072661451,artificial intelligence
A5049634965,artificial intelligence
A5028225122,artificial intelligence
A5014929219,operating system
A5054728854,artificial intelligence
A5031008414,artificial intelligence
A5019587718,knowledge management
A5059345601,artificial intelligence
A5037218542,artificial intelligence
A5046213293,artificial intelligence
A5002481111,operating system
A5083290646,artificial intelligence
A5012645966,natural language processing
A5064464229,artificial intelligence
A5081571500,operating system
A5018337455,artificial intelligence
A5069350670,artificial intelligence
A5048900174,artificial intelligence
A5075378946,artificial intelligence
A5084929280,artificial intelligence
A5074399275,artificial intelligence
A5052531402,artificial intelligence
A5025714177,machine learning
A5010812363,artificial intelligence
A5088348597,artificial intelligence
A5002394922,artificial intelligence
A5071922620,artificial intelligence
A5035432458,artificial intelligence
A5047490760,artificial intelligence
A5007624655,artificial intelligence
A5042336798,multimedia
A5081732082,artificial intelligence
A5052583897,artificial intelligence
A5005863795,artificial intelligence
A5017345211,operating system
A5042513830,operating system
A5060507358,information retrieval
A5073582982,machine learning
A5091198089,machine learning
A5048177463,artificial intelligence
A5043876428,operating system
A5017455282,machine learning
A5050592692,artificial intelligence
A5013190044,artificial intelligence
A5089323270,artificial intelligence
A5091251187,artificial intelligence
A5003777693,artificial intelligence
A5044898565,artificial intelligence
A5021520315,knowledge management
A5022459394,artificial intelligence
A5027217125,computer network
A5067053308,computer network
A5020998406,artificial intelligence
A5000321679,speech recognition
A5043162288,artificial intelligence
A5041181114,artificial intelligence
A5047963768,artificial intelligence
A5036169193,operating system
A5026564599,artificial intelligence
A5003606386,computer security
A5057616113,artificial intelligence
A5067431828,artificial intelligence
A5057360317,artificial intelligence
A5090926128,artificial intelligence
A5091911425,artificial intelligence
A5016962434,artificial intelligence
A5031858813,artificial intelligence
A5034653965,data mining
A5066492547,database
A5010569308,artificial intelligence
A5022293638,artificial intelligence
A5017514239,artificial intelligence
A5016063219,artificial intelligence
A5007553818,artificial intelligence
A5061080333,artificial intelligence
A5009336913,operating system
A5058906945,speech recognition
A5086076156,computer vision
A5084587767,artificial intelligence
A5008327509,artificial intelligence
A5015466454,operating system
A5024851258,artificial intelligence
A5089392019,artificial intelligence
A5022575679,artificial intelligence
A5047343832,artificial intelligence
A5080555902,machine learning
A5056216160,artificial intelligence
A5063213285,artificial intelligence
A5014059775,artificial intelligence
A5020125401,data mining
A5007863184,computer network
A5061849730,operating system
A5021624245,artificial intelligence
A5086780943,machine learning
A5031686577,operating system
A5078874607,operating system
A5072386357,artificial intelligence
A5083742762,computer vision
A5032085154,artificial intelligence
A5073068592,computer vision
A5036129699,computer vision
A5065561102,computer vision
A5058637310,artificial intelligence
A5051797124,computer vision
A5038997380,computer vision
A5072064924,artificial intelligence
A5030626126,artificial intelligence
A5047910520,speech recognition
A5073930300,artificial intelligence
A5042458024,artificial intelligence
A5015445645,programming language
A5078158041,computer security
A5082866795,operating system
A5042053401,artificial intelligence
A5058176800,artificial intelligence
A5035285816,artificial intelligence
A5038716285,programming language
A5071456183,artificial intelligence
A5043324195,operating system
A5040115368,database
A5046590841,operating system
A5043100261,data mining
A5031028667,artificial intelligence
A5015307449,computer network
A5058730966,artificial intelligence
A5056851929,artificial intelligence
A5003453498,programming language
A5020352214,artificial intelligence
A5003058253,programming language
A5022489715,machine learning
A5010033050,operating system
A5087086287,theoretical computer science
A5033077581,programming language
A5057601237,artificial intelligence
A5009991953,artificial intelligence
A5037107679,world wide web
A5047895060,artificial intelligence
A5029446357,artificial intelligence
A5017549260,world wide web
A5028248862,artificial intelligence
A5047631076,artificial intelligence
A5026168458,artificial intelligence
A5010231657,artificial intelligence
A5025922639,artificial intelligence
A5082398934,artificial intelligence
A5066817117,artificial intelligence
A5010729082,operating system
A5045127387,programming language
A5026799422,world wide web
A5027589604,artificial intelligence
A5063083891,computer security
A5059049091,machine learning
A5081495111,artificial intelligence
A5031377942,computer vision
A5028770592,operating system
A5072036204,operating system
A5088704743,data science
A5012641249,artificial intelligence
A5013569866,operating system
A5002158379,artificial intelligence
A5078519359,artificial intelligence
A5020344044,artificial intelligence
A5045629392,artificial intelligence
A5048412708,artificial intelligence
A5013744245,artificial intelligence
A5008993223,artificial intelligence
A5066322723,artificial intelligence
A5054518777,computer security
A5030381193,artificial intelligence
A5042513693,artificial intelligence
A5004959666,multimedia
A5089831978,machine learning
A5090819329,programming language
A5014945719,programming language
A5045219123,programming language
A5019943967,information retrieval
A5042535785,machine learning
A5081112548,machine learning
A5012417366,multimedia
A5007290998,machine learning
A5023730036,artificial intelligence
A5066392573,computer security
A5073452579,operating system
A5012910896,computer vision
A5090577104,artificial intelligence
A5089953729,artificial intelligence
A5091012063,artificial intelligence
A5033024496,artificial intelligence
A5005050797,artificial intelligence
A5035126139,world wide web
A5031651630,operating system
A5080364093,theoretical computer science
A5074128649,artificial intelligence
A5076636837,artificial intelligence
A5000361773,artificial intelligence
A5074784549,machine learning
A5063787098,machine learning
A5026469779,operating system
A5091106111,artificial intelligence
A5068554121,data mining
A5007741481,artificial intelligence
A5043023185,world wide web
A5053986996,artificial intelligence
A5011511343,artificial intelligence
A5042845317,artificial intelligence
A5043802309,world wide web
A5045610623,machine learning
A5070891331,artificial intelligence
A5045576849,artificial intelligence
A5069626990,artificial intelligence
A5089086038,artificial intelligence
A5022463037,machine learning
A5033548299,artificial intelligence
A5070109933,machine learning
A5026102359,computer security
A5024664490,machine learning
A5041806215,operating system
A5063004123,machine learning
A5090445142,machine learning
A5045849481,machine learning
A5038808041,multimedia
A5052578002,machine learning
A5090251560,machine learning
A5048866968,artificial intelligence
A5088547412,machine learning
A5012891874,artificial intelligence
A5075061968,computer vision
A5061372850,artificial intelligence
A5089010974,artificial intelligence
A5074873141,computer vision
A5072323755,information retrieval
A5037041374,information retrieval
A5026649428,artificial intelligence
A5030696756,operating system
A5077703323,computer security
A5062502350,artificial intelligence
A5027746500,computer security
A5091339345,artificial intelligence
A5056078268,artificial intelligence
A5028942524,computer security
A5063677424,artificial intelligence
A5001415127,computer vision
A5090958637,operating system
A5048786625,operating system
A5046566798,operating system
A5048793433,artificial intelligence
A5007423481,artificial intelligence
A5080761154,operating system
A5085025362,artificial intelligence
A5007172213,artificial intelligence
A5030688008,artificial intelligence
A5033792847,artificial intelligence
A5060967142,machine learning
A5091637409,machine learning
A5024670588,machine learning
A5034632346,machine learning
A5007178649,machine learning
A5078718861,artificial intelligence
A5045432421,machine learning
A5085123587,artificial intelligence
A5066363875,machine learning
A5034725807,world wide web
A5021909605,artificial intelligence
A5081824706,machine learning
A5070342576,artificial intelligence
A5045402204,artificial intelligence
A5065381091,multimedia
A5007230727,multimedia
A5006909080,artificial intelligence
A5074339505,multimedia
A5072331470,data science
A5037660521,artificial intelligence
A5020382610,artificial intelligence
A5063217975,machine learning
A5089562801,operating system
A5075986583,operating system
A5016015314,multimedia
A5067420832,computer security
A5059226259,computer security
A5018638405,computer security
A5016249965,artificial intelligence
A5030443068,computer vision
A5058810903,artificial intelligence
A5089308804,artificial intelligence
A5009177972,computer network
A5009572325,computer network
A5070968233,operating system
A5059875052,computer hardware
A5033336768,artificial intelligence
A5007181669,computer vision
A5085236507,machine learning
A5085024272,artificial intelligence
A5013949284,knowledge management
A5076790432,computer network
A5089267565,artificial intelligence
A5042128737,operating system
A5073553544,artificial intelligence
A5017450486,operating system
A5003251439,artificial intelligence
A5014052117,world wide web
A5012828752,artificial intelligence
A5028918532,artificial intelligence
A5040713646,operating system
A5027889801,programming language
A5067643274,knowledge management
A5006956273,computer vision
A5065808450,knowledge management
A5081396327,knowledge management
A5082967036,knowledge management
A5090387188,artificial intelligence
A5026289445,multimedia
A5025889510,programming language
A5084600163,artificial intelligence
A5081188266,programming language
A5043411793,operating system
A5077042612,artificial intelligence
A5065852633,computer network
A5011799118,world wide web
A5079131461,operating system
A5019620858,artificial intelligence
A5040895920,operating system
A5083232890,artificial intelligence
A5061163795,computer vision
A5016763720,operating system
A5033121605,artificial intelligence
A5041778182,computer vision
A5080179366,artificial intelligence
A5072444120,computer vision
A5072449224,computer vision
A5042618752,artificial intelligence
A5083104345,artificial intelligence
A5086010541,computer network
A5029926920,artificial intelligence
A5055202815,knowledge management
A5006019252,artificial intelligence
A5013554259,computer network
A5053690115,operating system
A5013185741,artificial intelligence
A5057358562,machine learning
A5057118289,machine learning
A5061547818,artificial intelligence
A5013717712,artificial intelligence
A5090785601,artificial intelligence
A5050959554,artificial intelligence
A5005320725,artificial intelligence
A5034188830,artificial intelligence
A5082838661,artificial intelligence
A5001310791,artificial intelligence
A5013645161,artificial intelligence
A5060463877,artificial intelligence
A5079796160,multimedia
A5063882377,artificial intelligence
A5036036960,artificial intelligence
A5053930393,multimedia
A5041557301,artificial intelligence
A5061718886,artificial intelligence
A5043488271,artificial intelligence
A5008776651,computer vision
A5057450523,computer vision
A5017829224,artificial intelligence
A5063231707,machine learning
A5061997811,machine learning
A5037103656,artificial intelligence
A5076833936,computer hardware
A5010316534,machine learning
A5029963881,machine learning
A5016121500,artificial intelligence
A5012966309,artificial intelligence
A5074472959,artificial intelligence
A5006402469,natural language processing
A5067603422,operating system
A5038405953,artificial intelligence
A5042020981,artificial intelligence
A5076984320,machine learning
A5078971223,artificial intelligence
A5039834507,artificial intelligence
A5081518813,artificial intelligence
A5015503239,knowledge management
A5020439324,artificial intelligence
A5029499569,artificial intelligence
A5031458587,artificial intelligence
A5035159790,operating system
A5040412830,artificial intelligence
A5000670693,programming language
A5063567670,natural language processing
A5084183047,machine learning
A5000325778,operating system
A5034597512,operating system
A5086290308,natural language processing
A5068003343,computer vision
A5047666513,machine learning
A5024402158,artificial intelligence
A5084407366,machine learning
A5033230551,machine learning
A5001321378,artificial intelligence
A5063621558,artificial intelligence
A5086634575,computer vision
A5065416217,artificial intelligence
A5083706403,artificial intelligence
A5091230568,artificial intelligence
A5040281699,speech recognition
A5027627859,computer vision
A5015986887,machine learning
A5038054757,artificial intelligence
A5007761501,artificial intelligence
A5087113710,artificial intelligence
A5007280723,artificial intelligence
A5021464316,computer vision
A5079028722,world wide web
A5007357054,programming language
A5041060923,artificial intelligence
A5088904769,artificial intelligence
A5033581091,artificial intelligence
A5037786810,artificial intelligence
A5044078921,artificial intelligence
A5037299085,artificial intelligence
A5023284500,artificial intelligence
A5075917794,knowledge management
A5014463233,world wide web
A5050475998,artificial intelligence
A5089111249,artificial intelligence
A5089608785,artificial intelligence
A5063546351,natural language processing
A5017018298,artificial intelligence
A5070137282,computer vision
A5054557959,artificial intelligence
A5057619415,artificial intelligence
A5003601272,theoretical computer science
A5084179995,theoretical computer science
A5082863845,theoretical computer science
A5077783446,machine learning
A5012803515,theoretical computer science
A5041522914,operating system
A5011225412,operating system
A5038471812,operating system
A5043126234,operating system
A5035361272,operating system
A5074919383,natural language processing
A5037112834,machine learning
A5062162502,machine learning
A5091756907,artificial intelligence
A5070997190,machine learning
A5077008964,machine learning
A5068262959,knowledge management
A5064697794,operating system
A5027586400,machine learning
A5056407075,artificial intelligence
A5044081052,artificial intelligence
A5045963867,artificial intelligence
A5036242448,artificial intelligence
A5049807156,computer vision
A5089761383,artificial intelligence
A5041484464,artificial intelligence
A5071170354,data science
A5076215989,data science
A5033166994,machine learning
A5075541177,artificial intelligence
A5037183336,artificial intelligence
A5081311646,artificial intelligence
A5028975820,operating system
A5001432791,artificial intelligence
A5038548854,data science
A5026122018,artificial intelligence
A5057686572,artificial intelligence
A5062286850,computer vision
A5048552476,machine learning
A5005156208,operating system
A5020496497,artificial intelligence
A5067635306,machine learning
A5000383228,artificial intelligence
A5003050683,artificial intelligence
A5052417259,machine learning
A5037988724,artificial intelligence
A5089197093,artificial intelligence
A5022327902,artificial intelligence
A5023542920,artificial intelligence
A5005883623,computer vision
A5013882751,operating system
A5023607292,database
A5056984387,computer vision
A5042956303,artificial intelligence
A5034287988,computer vision
A5086260563,knowledge management
A5072521808,operating system
A5076461552,artificial intelligence
A5038687235,artificial intelligence
A5036308035,artificial intelligence
A5039004806,artificial intelligence
A5082458300,artificial intelligence
A5016190305,artificial intelligence
A5082324659,computer vision
A5069530325,artificial intelligence
A5042419686,artificial intelligence
A5006240642,artificial intelligence
A5027830674,artificial intelligence
A5036304439,artificial intelligence
A5054957834,artificial intelligence
A5083094197,artificial intelligence
A5036440989,world wide web
A5074320154,computer security
A5091341657,artificial intelligence
A5075960318,artificial intelligence
A5022915755,computer vision
A5051493118,computer network
A5024583980,artificial intelligence
A5040141816,machine learning
A5065562802,natural language processing
A5057130205,multimedia
A5017138384,multimedia
A5032423773,multimedia
A5048351351,artificial intelligence
A5089594081,artificial intelligence
A5050054411,operating system
A5008526435,programming language
A5065161610,artificial intelligence
A5082333026,artificial intelligence
A5033859037,data science
A5077146178,artificial intelligence
A5036711782,artificial intelligence
A5053055736,distributed computing
A5075852414,artificial intelligence
A5051671885,machine learning
A5011601279,multimedia
A5010128796,artificial intelligence
A5027779191,operating system
A5039741050,artificial intelligence
A5024732598,artificial intelligence
A5055712687,artificial intelligence
A5015002050,world wide web
A5051571996,artificial intelligence
A5084681821,operating system
A5016419576,multimedia
A5089255134,data mining
A5075380262,database
A5028436766,natural language processing
A5063753968,operating system
A5047270698,operating system
A5034821490,machine learning
A5012485420,artificial intelligence
A5056108735,artificial intelligence
A5071851669,artificial intelligence
A5079861542,data science
A5031080409,data science
A5012840554,machine learning
A5014154580,computer network
A5002408359,operating system
A5016806192,multimedia
A5034385170,artificial intelligence
A5040087489,artificial intelligence
A5039086753,artificial intelligence
A5026593556,speech recognition
A5065131221,artificial intelligence
A5076570969,artificial intelligence
A5035264820,artificial intelligence
A5003360050,artificial intelligence
A5015509762,computer vision
A5065852947,world wide web
A5078912757,artificial intelligence
A5073572564,artificial intelligence
A5021882286,artificial intelligence
A5062876837,operating system
A5091863269,artificial intelligence
A5089838275,artificial intelligence
A5039268422,machine learning
A5029957544,natural language processing
A5065151673,machine learning
A5033825961,operating system
A5053972047,operating system
A5021586454,multimedia
A5091753072,artificial intelligence
A5034095096,information retrieval
A5058362562,artificial intelligence
A5060825460,data mining
A5068985335,artificial intelligence
A5036187563,artificial intelligence
A5055794877,artificial intelligence
A5046260517,artificial intelligence
A5049313568,machine learning
A5010530817,artificial intelligence
A5003653682,world wide web
A5008284628,machine learning
A5077867513,world wide web
A5083786076,world wide web
A5009177565,multimedia
A5052872229,artificial intelligence
A5046529790,artificial intelligence
A5045129894,artificial intelligence
A5054038504,machine learning
A5046829156,artificial intelligence
A5046298752,computer vision
A5007272774,machine learning
A5009965786,operating system
A5006634714,artificial intelligence
A5062360079,artificial intelligence
A5050129780,artificial intelligence
A5000103002,programming language
A5073074739,operating system
A5020002602,machine learning
A5026307797,artificial intelligence
A5027211124,artificial intelligence
A5033275679,artificial intelligence
A5070067030,operating system
A5068476782,operating system
A5073371465,machine learning
A5037383955,artificial intelligence
A5008741273,multimedia
A5026341503,artificial intelligence
A5062194044,artificial intelligence
A5079069598,operating system
A5046163675,machine learning
A5014984299,data science
A5028077288,artificial intelligence
A5009043386,artificial intelligence
A5041170815,artificial intelligence
A5031161187,operating system
A5020482984,computer vision
A5005873873,artificial intelligence
A5003274850,multimedia
A5000893617,operating system
A5041853964,operating system
A5074554647,operating system
A5028565685,operating system
A5030936339,artificial intelligence
A5022463458,operating system
A5002559117,artificial intelligence
A5043702904,machine learning
A5031243326,computer vision
A5052964255,artificial intelligence
A5012040294,artificial intelligence
A5079993367,artificial intelligence
A5086345530,artificial intelligence
A5014374227,artificial intelligence
A5003728153,computer vision
A5014030663,multimedia
A5050926336,artificial intelligence
A5038638156,computer network
A5004620577,artificial intelligence
A5068200950,artificial intelligence
A5016099174,artificial intelligence
A5048630082,artificial intelligence
A5083385244,computer vision
A5061323303,artificial intelligence
A5023730581,machine learning
A5048401744,theoretical computer science
A5078531863,artificial intelligence
A5013145254,artificial intelligence
A5025444897,computer network
A5015352504,multimedia
A5066546939,speech recognition
A5044784002,multimedia
A5016185241,artificial intelligence
A5085588878,artificial intelligence
A5079967713,multimedia
A5010614159,artificial intelligence
A5089226244,artificial intelligence
A5040682932,artificial intelligence
A5002537427,operating system
A5030677016,artificial intelligence
A5001773408,artificial intelligence
A5051478037,operating system
A5065174335,machine learning
A5052325109,artificial intelligence
A5068085751,artificial intelligence
A5050342343,artificial intelligence
A5048619902,artificial intelligence
A5053289080,artificial intelligence
A5022712723,artificial intelligence
A5076006527,artificial intelligence
A5042707125,computer network
A5060849589,artificial intelligence
A5027146880,artificial intelligence
A5050117897,artificial intelligence
A5067247596,operating system
A5064587022,information retrieval
A5070350061,artificial intelligence
A5023897775,artificial intelligence
A5091222441,artificial intelligence
A5008710199,natural language processing
A5017826524,natural language processing
A5011522776,artificial intelligence
A5087200438,artificial intelligence
A5075087505,artificial intelligence
A5076071975,artificial intelligence
A5029881706,multimedia
A5069146844,operating system
A5023458444,operating system
A5010351436,operating system
A5073411773,artificial intelligence
A5059751718,multimedia
A5084125289,artificial intelligence
A5011087889,library science
A5068961635,library science
A5039580125,world wide web
A5020495328,data science
A5076025090,artificial intelligence
A5039266794,operating system
A5047431342,data science
A5021630870,operating system
A5046981557,operating system
A5008138860,data science
A5042593029,multimedia
A5007654733,world wide web
A5011307478,artificial intelligence
A5077400159,operating system
A5069921753,artificial intelligence
A5024353506,data science
A5023658225,data science
A5029509412,data science
A5069964451,data science
A5048302669,artificial intelligence
A5091335565,artificial intelligence
A5082046316,artificial intelligence
A5027619089,information retrieval
A5051885442,artificial intelligence
A5087190311,machine learning
A5083351881,machine learning
A5065452451,artificial intelligence
A5018710944,operating system
A5069382698,knowledge management
A5079066886,artificial intelligence
A5020901104,speech recognition
A5073301407,artificial intelligence
A5074504203,artificial intelligence
A5082535573,artificial intelligence
A5055364864,artificial intelligence
A5087350663,artificial intelligence
A5023160093,artificial intelligence
A5033486668,artificial intelligence
A5066791819,artificial intelligence
A5029886298,programming language
A5071177280,machine learning
A5011009172,operating system
A5086264494,programming language
A5032706723,natural language processing
A5015635029,artificial intelligence
A5058438645,artificial intelligence
A5024231600,computer vision
A5077383607,artificial intelligence
A5060672826,artificial intelligence
A5053781080,artificial intelligence
A5060848831,artificial intelligence
A5070226579,artificial intelligence
A5057005457,machine learning
A5028845905,multimedia
A5038551516,machine learning
A5069794621,machine learning
A5060263977,natural language processing
A5082928400,computer vision
A5036351248,artificial intelligence
A5082021344,artificial intelligence
A5025751830,multimedia
A5044754556,artificial intelligence
A5081566791,artificial intelligence
A5089792049,operating system
A5046087654,artificial intelligence
A5035590008,artificial intelligence
A5012700237,artificial intelligence
A5049089277,artificial intelligence
A5077231004,programming language
A5075095908,programming language
A5038703040,artificial intelligence
A5001847261,artificial intelligence
A5049248505,artificial intelligence
A5049987215,artificial intelligence
A5042819179,computer vision
A5028902486,artificial intelligence
A5048764219,operating system
A5044787122,artificial intelligence
A5022709376,operating system
A5049007942,machine learning
A5045217102,artificial intelligence
A5076229848,artificial intelligence
A5083199991,artificial intelligence
A5064912243,artificial intelligence
A5015822694,artificial intelligence
A5083876849,artificial intelligence
A5025369451,artificial intelligence
A5057209396,computer network
A5090942522,artificial intelligence
A5016622553,artificial intelligence
A5070897176,operating system
A5037095518,operating system
A5037797188,artificial intelligence
A5086126814,operating system
A5090192918,artificial intelligence
A5061009525,artificial intelligence
A5003068669,artificial intelligence
A5055551485,artificial intelligence
A5080909388,artificial intelligence
A5089809712,operating system
A5036614045,artificial intelligence
A5066895269,artificial intelligence
A5040340561,artificial intelligence
A5046285835,machine learning
A5051953313,artificial intelligence
A5078948324,programming language
A5014017290,computer vision
A5022769773,computer vision
A5044910076,machine learning
A5033444103,multimedia
A5016571952,artificial intelligence
A5045489036,operating system
A5047944641,operating system
A5059905694,artificial intelligence
A5062753174,artificial intelligence
A5084386176,artificial intelligence
A5056055964,artificial intelligence
A5074116341,artificial intelligence
A5089479454,artificial intelligence
A5034888306,artificial intelligence
A5052852073,computer vision
A5012397554,operating system
A5056914080,operating system
A5003384367,artificial intelligence
A5011845909,operating system
A5021179023,artificial intelligence
A5059344370,artificial intelligence
A5025681725,computer vision
A5055404904,computer vision
A5036137159,information retrieval
A5037855761,artificial intelligence
A5004131861,operating system
A5004038472,artificial intelligence
A5017062954,operating system
A5089266330,operating system
A5089379470,operating system
A5078550692,artificial intelligence
A5017108936,operating system
A5017951302,operating system
A5024888914,multimedia
A5082448270,artificial intelligence
A5022727512,artificial intelligence
A5009055464,artificial intelligence
A5091244241,artificial intelligence
A5016153507,world wide web
A5030631701,world wide web
A5081516210,artificial intelligence
A5001543077,machine learning
A5072857797,computer security
A5021567608,operating system
A5061808800,artificial intelligence
A5050928452,multimedia
A5072524799,world wide web
A5011085987,world wide web
A5043018346,computer vision
A5013793625,artificial intelligence
A5010237299,world wide web
A5079031467,artificial intelligence
A5050817123,operating system
A5078831430,artificial intelligence
A5029484051,artificial intelligence
A5020593424,artificial intelligence
A5007446819,operating system
A5064682819,artificial intelligence
A5015986655,library science
A5020783034,artificial intelligence
A5041523537,machine learning
A5011658323,library science
A5038596700,operating system
A5062554737,artificial intelligence
A5084358904,data science
A5084330610,database
A5013311909,artificial intelligence
A5036559657,generic
A5089117316,generic
A5070452133,generic
A5011069086,artificial intelligence
A5083745534,artificial intelligence
A5069795326,knowledge management
A5089840310,computer vision
A5081595057,programming language
A5027008997,artificial intelligence
A5007566435,artificial intelligence
A5070215581,artificial intelligence
A5028338674,artificial intelligence
A5043266861,operating system
A5021308358,artificial intelligence
A5046553755,machine learning
A5062492556,machine learning
A5080215683,artificial intelligence
A5020886879,artificial intelligence
A5012520419,computer network
A5002534605,computer vision
A5012685850,operating system
A5015034518,artificial intelligence
A5028974526,artificial intelligence
A5091649643,artificial intelligence
A5022787031,multimedia
A5068652542,multimedia
A5007777185,database
A5001596439,artificial intelligence
A5052662161,artificial intelligence
A5014365421,artificial intelligence
A5029539615,programming language
A5041105845,artificial intelligence
A5049948429,operating system
A5009116003,operating system
A5082161208,artificial intelligence
A5023514929,artificial intelligence
A5036289717,operating system
A5086747838,machine learning
A5034903291,artificial intelligence
A5058139714,artificial intelligence
A5005521874,speech recognition
A5041758596,speech recognition
A5052639456,artificial intelligence
A5084944799,speech recognition
A5001426570,knowledge management
A5084987671,operating system
A5068738268,computer network
A5054347607,machine learning
A5002537390,machine learning
A5028352256,artificial intelligence
A5037648726,artificial intelligence
A5038669744,machine learning
A5050368522,artificial intelligence
A5055072173,artificial intelligence
A5082620338,artificial intelligence
A5052627723,operating system
A5045147377,computer vision
A5085711392,artificial intelligence
A5083002089,artificial intelligence
A5058202284,operating system
A5084959652,artificial intelligence
A5019854566,artificial intelligence
A5010057677,information retrieval
A5046164637,artificial intelligence
A5022673348,artificial intelligence
A5009458853,artificial intelligence
A5087471989,artificial intelligence
A5065182890,artificial intelligence
A5045283763,artificial intelligence
A5013884267,operating system
A5025323569,computer vision
A5082133391,artificial intelligence
A5086041272,operating system
A5071741017,artificial intelligence
A5048242293,artificial intelligence
A5077896030,artificial intelligence
A5008613536,artificial intelligence
A5060342944,artificial intelligence
A5079239707,artificial intelligence
A5058687773,artificial intelligence
A5040600525,artificial intelligence
A5070235175,artificial intelligence
A5087599833,operating system
A5013515323,machine learning
A5081413075,artificial intelligence
A5059857460,computer vision
A5027803084,computer vision
A5045235248,artificial intelligence
A5059938999,artificial intelligence
A5031558711,operating system
A5056053188,computer network
A5077871642,operating system
A5065868175,computer security
A5031570096,artificial intelligence
A5077792516,artificial intelligence
A5060870697,artificial intelligence
A5031645239,computer vision
A5045814438,artificial intelligence
A5054782781,computer network
A5029946268,machine learning
A5052459001,machine learning
A5052586692,artificial intelligence
A5085056586,artificial intelligence
A5058883700,artificial intelligence
A5019717058,world wide web
A5024520358,machine learning
A5046186874,computer security
A5013585339,knowledge management
A5042555361,artificial intelligence
A5006433695,artificial intelligence
A5044349047,operating system
A5050445708,programming language
A5044282884,operating system
A5042234925,operating system
A5043474376,computer security
A5049281009,operating system
A5028444402,artificial intelligence
A5005297736,multimedia
A5022495434,natural language processing
A5008514588,machine learning
A5043853736,machine learning
A5041164592,computer vision
A5002203895,artificial intelligence
A5030738704,artificial intelligence
A5019481683,artificial intelligence
A5019520424,operating system
A5045270125,machine learning
A5080961527,computer network
A5041010510,programming language
A5074353764,computer security
A5046571160,knowledge management
A5036707796,operating system
A5015950989,artificial intelligence
A5085699720,artificial intelligence
A5076309074,machine learning
A5052301997,machine learning
A5002788206,natural language processing
A5090079648,natural language processing
A5091908097,natural language processing
A5090497881,natural language processing
A5091723828,artificial intelligence
A5071563667,operating system
A5057919681,artificial intelligence
A5068898625,world wide web
A5067732168,artificial intelligence
A5063268230,world wide web
A5038246634,artificial intelligence
A5047004734,world wide web
A5064659680,data mining
A5057419861,natural language processing
A5050617370,natural language processing
A5056259425,artificial intelligence
A5022225302,artificial intelligence
A5016399094,artificial intelligence
A5002872886,artificial intelligence
A5090148962,artificial intelligence
A5014863973,artificial intelligence
A5044793849,artificial intelligence
A5025285243,artificial intelligence
A5062620116,artificial intelligence
A5032314861,artificial intelligence
A5007661526,artificial intelligence
A5074179530,artificial intelligence
A5032289109,artificial intelligence
A5042421338,artificial intelligence
A5013106167,operating system
A5087797803,artificial intelligence
A5070590853,operating system
A5060700410,artificial intelligence
A5078626575,machine learning
A5089902738,data science
A5061572131,artificial intelligence
A5031298023,artificial intelligence
A5089764170,operating system
A5012017851,programming language
A5086411819,computer hardware
A5043022123,multimedia
A5059865486,programming language
A5064759681,operating system
A5063838698,multimedia
A5065969325,artificial intelligence
A5010022279,programming language
A5075441381,artificial intelligence
A5002681172,multimedia
A5025594132,multimedia
A5017217386,natural language processing
A5073954294,artificial intelligence
A5051301385,operating system
A5020317356,computer network
A5010923297,artificial intelligence
A5062784211,artificial intelligence
A5051542865,operating system
A5057030981,natural language processing
A5032970348,natural language processing
A5006576758,natural language processing
A5022071542,natural language processing
A5066573875,operating system
A5040892472,natural language processing
A5031609548,artificial intelligence
A5033285463,computer vision
A5034163404,multimedia
A5046708984,artificial intelligence
A5050058753,artificial intelligence
A5034328463,natural language processing
A5082447008,computer network
A5068122065,artificial intelligence
A5067584064,computer vision
A5047841971,operating system
A5090778317,artificial intelligence
A5075974647,operating system
A5038733663,artificial intelligence
A5084665500,artificial intelligence
A5043650942,artificial intelligence
A5020679159,computer vision
A5060916421,artificial intelligence
A5001553843,artificial intelligence
A5037243123,natural language processing
A5042092547,natural language processing
A5048309044,operating system
A5052692708,artificial intelligence
A5043740841,artificial intelligence
A5072984243,artificial intelligence
A5082492388,artificial intelligence
A5049420721,artificial intelligence
A5010835082,machine learning
A5059088347,machine learning
A5018868321,machine learning
A5084132742,artificial intelligence
A5054313614,operating system
A5065101661,artificial intelligence
A5040378239,artificial intelligence
A5015329217,artificial intelligence
A5085504011,artificial intelligence
A5044341736,database
A5058938462,artificial intelligence
A5062351903,artificial intelligence
A5087288927,artificial intelligence
A5050314883,artificial intelligence
A5087458064,artificial intelligence
A5038856844,operating system
A5042137965,artificial intelligence
A5043918247,computer vision
A5005067818,artificial intelligence
A5030211091,programming language
A5017720360,artificial intelligence
A5074317478,artificial intelligence
A5028269254,operating system
A5016277487,artificial intelligence
A5000903862,artificial intelligence
A5019314738,artificial intelligence
A5070391437,artificial intelligence
A5064628869,data science
A5084734006,artificial intelligence
A5070250580,natural language processing
A5006231373,artificial intelligence
A5079112987,artificial intelligence
A5087551742,world wide web
A5032603671,machine learning
A5015649543,artificial intelligence
A5006429175,world wide web
A5052373265,artificial intelligence
A5080680869,operating system
A5037744447,artificial intelligence
A5053615321,artificial intelligence
A5045365002,natural language processing
A5033513736,artificial intelligence
A5054274052,world wide web
A5085776925,artificial intelligence
A5026873933,natural language processing
A5043648221,artificial intelligence
A5021363878,multimedia
A5078027976,artificial intelligence
A5045919413,data science
A5001558241,data science
A5024749105,data science
A5050543728,artificial intelligence
A5015500789,artificial intelligence
A5030589675,artificial intelligence
A5084884328,artificial intelligence
A5091317505,computer vision
A5033360088,computer vision
A5069466939,artificial intelligence
A5038568090,machine learning
A5042733210,operating system
A5059187908,artificial intelligence
A5031683179,artificial intelligence
A5065448458,machine learning
A5008973060,artificial intelligence
A5025111900,artificial intelligence
A5074242919,database
A5008257072,operating system
A5030916576,artificial intelligence
A5083069199,artificial intelligence
A5010362868,machine learning
A5063831188,machine learning
A5047972827,knowledge management
A5021165519,knowledge management
A5082581997,computer security
A5017147712,artificial intelligence
A5060207201,artificial intelligence
A5031290426,programming language
A5017233287,operating system
A5054395742,machine learning
A5049947564,machine learning
A5038337158,operating system
A5018496110,multimedia
A5029944686,operating system
A5045616772,artificial intelligence
A5058155162,artificial intelligence
A5014251095,computer network
A5043718699,operating system
A5004391841,machine learning
A5003471263,operating system
A5026309239,operating system
A5064854256,artificial intelligence
A5046677038,operating system
A5033818740,programming language
A5014699397,operating system
A5010787441,artificial intelligence
A5024989959,operating system
A5032146353,world wide web
A5072468632,operating system
A5036299855,operating system
A5042554757,operating system
A5073375704,operating system
A5006720097,computer network
A5028541709,knowledge management
A5010098013,artificial intelligence
A5036312162,multimedia
A5035471780,artificial intelligence
A5026295865,artificial intelligence
A5004383548,artificial intelligence
A5046742683,computer security
A5023585065,artificial intelligence
A5035399427,operating system
A5018037660,natural language processing
A5089334309,computer vision
A5027390954,operating system
A5086428190,artificial intelligence
A5055396083,artificial intelligence
A5072425013,natural language processing
A5019338503,artificial intelligence
A5014987490,artificial intelligence
A5056224988,operating system
A5032956091,artificial intelligence
A5010503156,artificial intelligence
A5003508463,artificial intelligence
A5069221181,artificial intelligence
A5062921222,artificial intelligence
A5036554861,operating system
A5019183919,world wide web
A5069134859,machine learning
A5072090771,machine learning
A5009388529,machine learning
A5049341927,artificial intelligence
A5059757804,operating system
A5059266972,artificial intelligence
A5046824658,computer vision
A5061197652,machine learning
A5001015885,artificial intelligence
A5057515987,world wide web
A5061212792,programming language
A5056704068,natural language processing
A5062011874,artificial intelligence
A5023122420,artificial intelligence
A5054459387,multimedia
A5091663962,artificial intelligence
A5085942306,artificial intelligence
A5072256391,computer network
A5001575970,artificial intelligence
A5090716028,artificial intelligence
A5028577558,multimedia
A5069863269,artificial intelligence
A5051608927,artificial intelligence
A5051250530,computer security
A5001831672,computer network
A5074804622,natural language processing
A5085732584,operating system
A5078247837,operating system
A5066680347,multimedia
A5013266148,artificial intelligence
A5051947687,artificial intelligence
A5049632527,machine learning
A5032128275,artificial intelligence
A5022434051,artificial intelligence
A5024498326,database
A5011645414,operating system
A5079409696,operating system
A5006419852,machine learning
A5079709331,machine learning
A5013400987,programming language
A5009951245,artificial intelligence
A5071368904,operating system
A5079877931,knowledge management
A5050107296,multimedia
A5032686018,machine learning
A5045067400,artificial intelligence
A5043587067,machine learning
A5078053703,multimedia
A5045071015,artificial intelligence
A5058810080,programming language
A5067526160,artificial intelligence
A5038901650,artificial intelligence
A5063861105,artificial intelligence
A5032555290,artificial intelligence
A5047585543,programming language
A5084593174,artificial intelligence
A5059390845,artificial intelligence
A5072833877,operating system
A5047761668,artificial intelligence
A5004144198,computer vision
A5018419686,artificial intelligence
A5078724467,artificial intelligence
A5025605311,artificial intelligence
A5006812955,artificial intelligence
A5087762504,world wide web
A5023884692,artificial intelligence
A5091181333,artificial intelligence
A5073524801,computer vision
A5087612889,artificial intelligence
A5028943473,artificial intelligence
A5001629531,artificial intelligence
A5091406065,artificial intelligence
A5056994525,artificial intelligence
A5059464509,artificial intelligence
A5035618289,artificial intelligence
A5069949225,artificial intelligence
A5024810917,speech recognition
A5027983198,artificial intelligence
A5045601906,artificial intelligence
A5074918450,artificial intelligence
A5053010525,artificial intelligence
A5062850701,artificial intelligence
A5039894610,artificial intelligence
A5008008453,operating system
A5031489232,artificial intelligence
A5083875049,artificial intelligence
A5080629210,machine learning
A5063240982,machine learning
A5077323175,artificial intelligence
A5045938446,artificial intelligence
A5065963956,machine learning
A5076000052,artificial intelligence
A5089567002,machine learning
A5004766751,artificial intelligence
A5049335598,artificial intelligence
A5059613185,operating system
A5059076217,machine learning
A5040107844,artificial intelligence
A5079664997,artificial intelligence
A5007497885,machine learning
A5059447514,artificial intelligence
A5037507373,artificial intelligence
A5090045167,artificial intelligence
A5080510171,artificial intelligence
A5054322229,artificial intelligence
A5063707421,theoretical computer science
A5012514568,theoretical computer science
A5026752007,theoretical computer science
A5068454145,artificial intelligence
A5045243742,artificial intelligence
A5069486276,machine learning
A5090785796,programming language
A5030940799,artificial intelligence
A5008118904,artificial intelligence
A5050583468,artificial intelligence
A5020648546,artificial intelligence
A5023313466,artificial intelligence
A5062348600,artificial intelligence
A5063134687,artificial intelligence
A5068903555,artificial intelligence
A5050441481,artificial intelligence
A5074807737,artificial intelligence
A5054072749,artificial intelligence
A5079028242,artificial intelligence
A5023051744,artificial intelligence
A5048993333,artificial intelligence
A5029550887,artificial intelligence
A5085331622,artificial intelligence
A5057066398,artificial intelligence
A5020512776,artificial intelligence
A5023924564,operating system
A5010473548,machine learning
A5071841929,programming language
A5004474819,natural language processing
A5026577805,artificial intelligence
A5037738598,artificial intelligence
A5055827434,artificial intelligence
A5082035319,artificial intelligence
A5006812348,artificial intelligence
A5073944902,artificial intelligence
A5082974516,artificial intelligence
A5091719023,artificial intelligence
A5021286666,speech recognition
A5067784603,artificial intelligence
A5014707056,artificial intelligence
A5078433435,operating system
A5046245166,machine learning
A5071168060,artificial intelligence
A5029638173,artificial intelligence
A5014840183,machine learning
A5006646696,database
A5028555842,artificial intelligence
A5000851572,computer network
A5013120340,speech recognition
A5079108919,machine learning
A5034518427,artificial intelligence
A5052125429,artificial intelligence
A5060366485,artificial intelligence
A5089977204,speech recognition
A5002744834,artificial intelligence
A5000121724,artificial intelligence
A5083793494,machine learning
A5083191924,machine learning
A5013278746,machine learning
A5039510418,machine learning
A5007729970,artificial intelligence
A5058909328,programming language
A5031928824,artificial intelligence
A5084020886,artificial intelligence
A5066341329,computer vision
A5035103057,artificial intelligence
A5076408885,artificial intelligence
A5070180583,artificial intelligence
A5008785620,internet privacy
A5059306142,artificial intelligence
A5041518985,artificial intelligence
A5048937469,artificial intelligence
A5073782468,programming language
A5033229548,speech recognition
A5063793601,artificial intelligence
A5011370879,operating system
A5091130345,artificial intelligence
A5054072162,artificial intelligence
A5048801846,artificial intelligence
A5080643984,artificial intelligence
A5015862198,computer vision
A5049843883,artificial intelligence
A5062115194,artificial intelligence
A5043097411,artificial intelligence
A5044477933,artificial intelligence
A5035817829,artificial intelligence
A5077657249,machine learning
A5021099497,artificial intelligence
A5053594211,artificial intelligence
A5025076891,artificial intelligence
A5040439719,artificial intelligence
A5034555326,machine learning
A5049393815,artificial intelligence
A5020166814,natural language processing
A5002371519,artificial intelligence
A5026715940,artificial intelligence
A5064954976,artificial intelligence
A5040053125,artificial intelligence
A5007835868,machine learning
A5014931910,machine learning
A5044645767,artificial intelligence
A5086139129,artificial intelligence
A5010673868,artificial intelligence
A5006088324,artificial intelligence
A5075110779,artificial intelligence
A5054719460,speech recognition
A5053650103,artificial intelligence
A5084398502,natural language processing
A5018673845,artificial intelligence
A5071413663,artificial intelligence
A5059904967,artificial intelligence
A5073447411,artificial intelligence
A5039410288,artificial intelligence
A5062121322,artificial intelligence
A5068303856,artificial intelligence
A5014950878,artificial intelligence
A5059051939,artificial intelligence
A5056262194,artificial intelligence
A5060713252,artificial intelligence
A5036113341,artificial intelligence
A5027951598,artificial intelligence
A5011071130,artificial intelligence
A5048623050,artificial intelligence
A5086620720,artificial intelligence
A5087669743,artificial intelligence
A5026197656,artificial intelligence
A5041540679,computer security
A5035479116,artificial intelligence
A5066007406,operating system
A5081011175,artificial intelligence
A5016449324,artificial intelligence
A5034140113,artificial intelligence
A5084267092,database
A5057923349,artificial intelligence
A5090661352,artificial intelligence
A5024904743,artificial intelligence
A5082078671,artificial intelligence
A5032577137,natural language processing
A5002695483,artificial intelligence
A5050642342,multimedia
A5034497011,artificial intelligence
A5043542278,artificial intelligence
A5013606826,artificial intelligence
A5063732032,artificial intelligence
A5071993180,artificial intelligence
A5053539048,computer vision
A5026726877,computer vision
A5084200579,machine learning
A5064042869,operating system
A5091671780,artificial intelligence
A5039584991,machine learning
A5040006825,computer network
A5017944772,computer security
A5022948833,artificial intelligence
A5051579609,artificial intelligence
A5028436684,machine learning
A5007942320,multimedia
A5079858994,natural language processing
A5066865559,artificial intelligence
A5088533277,artificial intelligence
A5089065155,artificial intelligence
A5085774964,artificial intelligence
A5063220389,operating system
A5021367085,artificial intelligence
A5041184857,computer vision
A5076982376,artificial intelligence
A5040126978,artificial intelligence
A5022147264,artificial intelligence
A5066061403,artificial intelligence
A5026172489,artificial intelligence
A5042604489,artificial intelligence
A5066085347,artificial intelligence
A5007322884,natural language processing
A5013452324,artificial intelligence
A5061469691,multimedia
A5070041767,artificial intelligence
A5020791896,natural language processing
A5038306122,programming language
A5075244831,natural language processing
A5007265643,natural language processing
A5072319079,natural language processing
A5073803020,artificial intelligence
A5021017077,artificial intelligence
A5019760928,computer vision
A5033637029,artificial intelligence
A5022084739,artificial intelligence
A5008334023,artificial intelligence
A5053236389,computer network
A5050310382,artificial intelligence
A5067275194,artificial intelligence
A5039970666,information retrieval
A5000863257,artificial intelligence
A5063872092,artificial intelligence
A5079763185,artificial intelligence
A5085895610,artificial intelligence
A5077581403,artificial intelligence
A5082929344,natural language processing
A5016007997,natural language processing
A5042153476,artificial intelligence
A5065688267,computer vision
A5087089729,operating system
A5018707945,artificial intelligence
A5016198475,artificial intelligence
A5005275845,natural language processing
A5028984905,artificial intelligence
A5003373255,artificial intelligence
A5033178923,artificial intelligence
A5065038902,artificial intelligence
A5072912970,artificial intelligence
A5036803875,artificial intelligence
A5047154781,artificial intelligence
A5078781803,artificial intelligence
A5091437294,artificial intelligence
A5014906860,artificial intelligence
A5028391099,artificial intelligence
A5072237165,artificial intelligence
A5088815590,artificial intelligence
A5003774789,artificial intelligence
A5002927216,artificial intelligence
A5026698697,natural language processing
A5018810439,world wide web
A5029351320,computer vision
A5010047975,data science
A5031667486,artificial intelligence
A5014604100,artificial intelligence
A5034225369,computer vision
A5061819639,operating system
A5057620937,data science
A5088329728,operating system
A5013780852,operating system
A5041387017,operating system
A5045576932,natural language processing
A5001016052,data science
A5004581874,natural language processing
A5049268268,natural language processing
A5065292816,artificial intelligence
A5073256411,computer vision
A5051629369,operating system
A5062046042,data mining
A5062924070,artificial intelligence
