src,tgt,position
A5062823200,W1727534288,last
A5085832924,W3026829485,first
A5028919793,W1492815834,first
A5031682567,W1492815834,middle
A5045744709,W1492815834,middle
A5027340494,W1492815834,last
A5032356765,W1531639961,first
A5072247317,W2115295158,first
A5028004665,W2115295158,middle
A5016223285,W1505620647,first
A5085160284,W1505620647,last
A5083607188,W3141440481,first
A5028919793,W4235256446,first
A5031682567,W4235256446,middle
A5045744709,W4235256446,middle
A5027340494,W4235256446,last
A5066373250,W3208674021,first
A5003184366,W2766196653,first
A5012862284,W2766196653,middle
A5086198262,W2766196653,last
A5066434581,W1562656059,first
A5010751143,W4232533539,first
A5019054453,W1592921229,last
A5064699160,W4206320562,first
A5077608032,W4206320562,middle
A5035617528,W4206320562,middle
A5014504793,W4206320562,middle
A5061429095,W4206320562,middle
A5003032696,W4206320562,middle
A5039153937,W4206320562,middle
A5034877995,W4206320562,middle
A5031896681,W4206320562,middle
A5077952586,W4206320562,middle
A5059817205,W4206320562,middle
A5027001546,W4206320562,middle
A5058755355,W4206320562,middle
A5036231132,W4206320562,middle
A5015542293,W4206320562,middle
A5016244525,W4206320562,middle
A5014824446,W4206320562,middle
A5078160983,W4206320562,middle
A5010613767,W4206320562,middle
A5003518978,W4206320562,middle
A5089153368,W4206320562,middle
A5069872293,W4206320562,middle
A5071599724,W4206320562,middle
A5033286190,W4206320562,middle
A5073756389,W4206320562,middle
A5059310658,W4206320562,middle
A5067441201,W4206320562,middle
A5005152458,W4206320562,middle
A5048916516,W4206320562,middle
A5005219368,W4206320562,middle
A5063273639,W4206320562,middle
A5091266570,W4206320562,middle
A5004857863,W4206320562,middle
A5044972281,W4206320562,middle
A5058849006,W4206320562,middle
A5082414223,W4206320562,middle
A5003322209,W4206320562,middle
A5014293815,W4206320562,middle
A5010145630,W4206320562,middle
A5071710055,W4206320562,middle
A5023495279,W4206320562,middle
A5019426968,W4206320562,middle
A5032224643,W4206320562,middle
A5045519627,W4206320562,middle
A5001128596,W4206320562,middle
A5085885345,W4206320562,middle
A5006851333,W4206320562,middle
A5022815450,W4206320562,middle
A5050613147,W4206320562,middle
A5078394535,W4206320562,middle
A5037237895,W4206320562,middle
A5018143257,W4206320562,middle
A5065795593,W4206320562,middle
A5064069283,W4206320562,middle
A5064111411,W4206320562,last
A5047372644,W1490417975,first
A5052058643,W1490417975,middle
A5039311485,W1490417975,last
A5036994172,W2799134332,first
A5017180654,W2799134332,middle
A5079814512,W2799134332,middle
A5029902840,W2799134332,middle
A5008374141,W2799134332,middle
A5041778059,W2799134332,middle
A5062119199,W2799134332,middle
A5057916222,W2799134332,last
A5082056816,W1509901435,first
A5045523675,W2975317124,first
A5083910193,W3137537418,first
A5000363528,W3137537418,middle
A5018987899,W3137537418,middle
A5029965117,W3137537418,last
A5049438854,W1567997379,last
A5046734130,W1501111391,first
A5048780399,W2153667689,first
A5040156274,W3109541805,first
A5000463496,W3109541805,middle
A5033712392,W3109541805,middle
A5013912726,W3109541805,middle
A5026961968,W3109541805,middle
A5068326377,W3109541805,last
A5023019774,W4200428466,middle
A5076891153,W4200428466,last
A5020702999,W4200302993,first
A5061846947,W4205615394,first
A5011296268,W4205615394,middle
A5083636619,W4205615394,middle
A5034178831,W4205615394,middle
A5016587299,W4205615394,last
A5088674607,W617107635,first
A5046206462,W2750961175,first
A5002041772,W4205302485,first
A5038976962,W4205302485,last
A5074501929,W4233638687,first
A5038897476,W2964228184,first
A5034486931,W2964228184,middle
A5007311789,W2964228184,middle
A5010561682,W2964228184,last
A5071180561,W4206171016,first
A5088552753,W3110658132,first
A5062112110,W3110658132,middle
A5044388139,W3110658132,last
A5057358899,W3132264552,first
A5066177168,W3132264552,last
A5078421102,W4285346046,first
A5047787744,W3048672457,first
A5045198429,W3048672457,middle
A5028224738,W4210450858,first
A5026168075,W3036185160,first
A5032775389,W2769502140,first
A5078473649,W2769502140,middle
A5000937401,W2769502140,last
A5074553752,W3132075138,first
A5048179939,W3132075138,last
A5082181724,W4252311668,first
A5005273293,W4252311668,middle
A5036875173,W4252311668,middle
A5057920673,W4252311668,middle
A5084652023,W4252311668,middle
A5062358756,W4252311668,middle
A5079405118,W4252311668,middle
A5012572227,W4252311668,last
A5070251116,W1580469992,first
A5056976720,W3138971549,first
A5084886581,W3138971549,middle
A5027213700,W3138971549,middle
A5053726723,W3138971549,last
A5080971897,W4206658094,first
A5000409877,W4237922884,middle
A5065254923,W4237922884,middle
A5037837474,W4237922884,last
A5077169345,W4243951896,first
A5037217126,W3129758573,first
A5032965630,W4233799299,first
A5087068734,W3194895608,first
A5064734272,W4234836739,first
A5046113582,W4234836739,middle
A5066682425,W4234836739,middle
A5059641282,W4234836739,last
A5089969887,W4213054092,last
A5057455578,W4248156351,first
A5020392160,W3082851515,first
A5045593473,W3082851515,middle
A5041909571,W3082851515,middle
A5089996104,W3082851515,middle
A5060372031,W3082851515,middle
A5066621495,W3082851515,last
A5028965942,W3090787630,first
A5008152552,W4205416474,first
A5009965869,W3209916733,first
A5062351587,W4206713900,first
A5073095019,W4248289657,first
A5088813478,W4255889725,first
A5001270995,W3096858192,first
A5052272753,W3096858192,middle
A5025438346,W3096858192,last
A5040487721,W3160295746,first
A5010336521,W3165418168,first
A5033894707,W3184050708,middle
A5076701363,W4237313096,first
A5077569089,W4237313096,middle
A5051439492,W4237313096,last
A5070898273,W568267356,first
A5083214023,W2107565968,first
A5078584465,W2107565968,last
A5047484294,W3166046723,middle
A5048991827,W3195318676,first
A5005481063,W3195318676,middle
A5061026797,W3195318676,middle
A5085786274,W3195318676,last
A5048872043,W4210827195,first
A5001980782,W4210827195,last
A5058262411,W4254104735,first
A5074141887,W3126720815,first
A5010897184,W3164569368,first
A5018315331,W3164569368,middle
A5021529098,W3164569368,last
A5075208287,W4237073610,first
A5034992584,W4250534264,first
A5078146900,W4250534264,last
A5083985681,W3104845729,first
A5057227579,W3104845729,last
A5065172367,W3134032036,first
A5057964478,W3134032036,last
A5035215084,W3141933633,first
A5019516230,W3176987323,first
A5044133211,W3209092172,first
A5023524684,W3209092172,last
A5086422507,W4211012726,first
A5000975435,W4211012726,middle
A5090666420,W4211012726,last
A5024066584,W4233319239,first
A5079147959,W4233319239,last
A5077978694,W4238732474,first
A5075335677,W4285467418,first
A5063904858,W1506885001,first
A5050687235,W3122346309,first
A5058729018,W3164767989,first
A5080921001,W3211925674,first
A5025665306,W4206643633,first
A5025048437,W4210242600,first
A5040639891,W4210242600,last
A5029763803,W4251387974,first
A5020321792,W1578489670,middle
A5028670144,W1578489670,middle
A5042669477,W1578489670,middle
A5042949804,W1578489670,last
A5055126058,W2183364741,first
A5086198002,W2183364741,last
A5013047787,W2981406182,first
A5051459112,W3107408814,first
A5031258460,W3107408814,middle
A5084403010,W3107408814,middle
A5014829065,W3107408814,last
A5045247206,W3182448054,middle
A5003629170,W3182448054,middle
A5039343167,W3182448054,middle
A5033476997,W3182448054,middle
A5073608768,W3182448054,middle
A5020355540,W3182448054,middle
A5003392216,W3182448054,middle
A5053643500,W3182448054,middle
A5002613720,W3182448054,middle
A5054098705,W3182448054,middle
A5017675104,W3182448054,middle
A5050271867,W3182448054,middle
A5070509762,W3182448054,middle
A5038689064,W3182448054,middle
A5033180477,W3182448054,middle
A5023678033,W3182448054,middle
A5038649236,W3182448054,middle
A5000324864,W3182448054,middle
A5033407263,W3182448054,middle
A5015061143,W3182448054,middle
A5085551438,W3182448054,middle
A5033317069,W3182448054,middle
A5024370717,W3182448054,middle
A5052579652,W3182448054,middle
A5062404117,W3201853876,first
A5074765188,W3201853876,last
A5085021535,W3204938617,first
A5006259564,W4206569879,first
A5072763073,W4211166772,first
A5026400998,W4230118372,last
A5066738004,W4252235309,first
A5009255854,W4252235309,middle
A5073282655,W4252235309,middle
A5051439492,W4252235309,last
A5000595896,W609422438,first
A5082677207,W629806996,first
A5007851872,W3126963040,first
A5083761090,W3126963780,first
A5031630651,W3126963780,middle
A5036648132,W3126963780,last
A5015785439,W3164029002,first
A5035534911,W3164029002,middle
A5001541516,W3164029002,last
A5080143897,W4205473515,last
A5050768547,W4205903454,first
A5073297073,W4205903454,middle
A5075929003,W4205903454,middle
A5049642512,W4205903454,middle
A5017706758,W4205903454,middle
A5085513221,W4205903454,middle
A5070447872,W4205903454,middle
A5084973947,W4205903454,middle
A5058385222,W4205903454,middle
A5084544528,W4205903454,middle
A5068955367,W4205903454,middle
A5006652106,W4205903454,middle
A5064882955,W4205903454,last
A5003402537,W4233624006,first
A5038116135,W4244003854,first
A5049700514,W4245969961,first
A5043408232,W4245969961,middle
A5072826445,W4245969961,last
A5091017313,W4285530062,first
A5086289154,W4285530062,last
A5048502859,W4289718970,first
A5076121553,W1529184667,first
A5007936316,W1529184667,last
A5054469370,W2996983605,middle
A5068289066,W2996983605,last
A5049496911,W3131053508,first
A5053783271,W3162589060,first
A5046768475,W3197020315,middle
A5063375767,W3197020315,middle
A5012629854,W3197020315,middle
A5001322437,W3197020315,middle
A5036024217,W3197020315,middle
A5039440134,W3197020315,middle
A5011105599,W3197020315,middle
A5018150400,W3197020315,middle
A5039596455,W3197020315,middle
A5025702108,W3197020315,middle
A5039280570,W3197020315,middle
A5046024267,W3197020315,middle
A5090347273,W3197020315,middle
A5034691137,W3197020315,middle
A5036369387,W3197020315,middle
A5069488538,W3197020315,middle
A5061496318,W3197020315,middle
A5048250441,W3197020315,middle
A5019968945,W3197020315,middle
A5006475297,W3197731645,first
A5083716187,W3197731645,middle
A5032080789,W3197731645,middle
A5066662318,W3197731645,last
A5027902663,W3203826832,first
A5080682607,W3203826832,middle
A5045021962,W3203826832,last
A5015367317,W3217267641,first
A5040156274,W4206095852,first
A5000463496,W4206095852,middle
A5033712392,W4206095852,middle
A5013912726,W4206095852,middle
A5026961968,W4206095852,middle
A5068326377,W4206095852,last
A5048344653,W4206107469,first
A5058144931,W4206107469,middle
A5036568372,W4206107469,last
A5029713004,W4238475872,first
A5021197146,W4252686459,first
A5001586180,W2284006517,first
A5028287123,W2284006517,last
A5011169535,W2489097739,first
A5028519943,W3130718662,first
A5073988999,W3131271953,first
A5045744709,W3131271953,last
A5025048437,W3160730739,first
A5040639891,W3160730739,last
A5059826957,W3161656768,last
A5069711008,W4205223366,first
A5039253688,W4205223366,middle
A5011176205,W4205223366,last
A5074388586,W4205702555,first
A5079000862,W4205702555,middle
A5060167568,W4205702555,middle
A5002330321,W4205702555,last
A5089575155,W4206312047,first
A5035006871,W4206481447,first
A5053042789,W4206481447,middle
A5086901177,W4206481447,last
A5004587843,W4206759433,first
A5007993661,W4206759433,last
A5071349676,W4213030531,first
A5067216728,W4231438743,first
A5054389106,W4253381101,first
A5061968837,W1530425035,middle
A5073305711,W1530425035,last
A5048214422,W2919675873,last
A5041348809,W3037565879,first
A5050042995,W3037565879,middle
A5011240842,W3037565879,middle
A5047017519,W3037565879,last
A5091587802,W3080858535,first
A5079022553,W3080858535,middle
A5086241268,W3080858535,middle
A5053007340,W3091397169,first
A5074294896,W3139019561,first
A5057933776,W3158382496,last
A5087707410,W3160742094,first
A5075301188,W3167950889,first
A5030680536,W3167950889,last
A5029063875,W3176368795,first
A5014673075,W3176368795,middle
A5081891487,W3182293685,first
A5057148868,W3199968300,first
A5038119641,W3199968300,last
A5065352983,W4206305733,first
A5017220106,W4206305733,last
A5050593520,W4206602494,first
A5066197951,W4243116730,last
A5088671045,W4248577221,first
A5016006232,W4248577221,last
A5026415911,W3038001967,first
A5001771133,W3038001967,last
A5059623314,W3112418383,first
A5059869847,W3112418383,middle
A5082955124,W3112418383,last
A5010812344,W3122748539,first
A5065265823,W3122748539,middle
A5011052188,W3122748539,last
A5017050975,W3127687870,first
A5070988819,W3137498270,first
A5084095026,W3191988852,first
A5052435049,W394724390,middle
A5071451987,W394724390,last
A5074455901,W4205933753,middle
A5081128602,W4206245536,first
A5062481314,W4206245536,middle
A5012663536,W4206245536,last
A5034372799,W4206508063,first
A5008584000,W4206508063,last
A5056291654,W4210243828,first
A5082701259,W4210766352,first
A5072115220,W4210766352,middle
A5004113506,W4210766352,middle
A5074225230,W4230834535,first
A5042555123,W4230834535,last
A5064180238,W4233275153,first
A5076533532,W4234010666,first
A5007027176,W4251574535,first
A5083617435,W4251574535,middle
A5036995215,W4251574535,middle
A5016904175,W4312237300,middle
A5056086147,W2998940041,first
A5070093758,W2998940041,middle
A5036503167,W2998940041,middle
A5089923187,W2998940041,last
A5040074565,W3096973715,first
A5065413037,W3096973715,middle
A5044369720,W3096973715,last
A5044975418,W3113271783,first
A5090022016,W3125140533,last
A5063089732,W3131685225,first
A5064383410,W3135399635,first
A5003302983,W3135399635,middle
A5038132985,W3135399635,middle
A5052772501,W3135399635,last
A5048250441,W3138754781,first
A5046768475,W3138754781,middle
A5001322437,W3138754781,middle
A5011105599,W3138754781,middle
A5026122976,W3152476456,middle
A5048233558,W3155667698,first
A5029763803,W3157115397,first
A5022893278,W3171790520,middle
A5065265823,W3171790520,middle
A5006582558,W3176738191,first
A5037374393,W3184133302,first
A5051755645,W3184133302,middle
A5070891194,W3184133302,middle
A5056654254,W3184133302,middle
A5031457865,W3184133302,last
A5032750099,W3184183255,first
A5087850489,W3198415785,first
A5035000427,W3198415785,middle
A5089868802,W3198415785,middle
A5008685159,W3198415785,middle
A5077979548,W3198415785,middle
A5006876719,W3199034141,first
A5056436780,W3199034141,middle
A5017323092,W3199034141,last
A5070576727,W3199619130,first
A5062508673,W4206433024,first
A5063806519,W4206433024,middle
A5058774217,W4206433024,last
A5012293028,W4210242465,first
A5040978564,W4210242465,middle
A5056029786,W4210242465,middle
A5040772796,W4210242465,middle
A5051297830,W4210242465,last
A5061440337,W4210483072,first
A5040402369,W4210486237,first
A5082234532,W4210486237,last
A5073794606,W4234376514,middle
A5070357435,W4234376514,last
A5043250129,W4247927963,first
A5057431137,W4247927963,middle
A5070322908,W4247927963,middle
A5068550413,W4247927963,middle
A5025807941,W4247927963,last
A5028548984,W4254690433,first
A5027227196,W4285471463,first
A5086413564,W4285471463,last
A5010810631,W2025158707,first
A5003799782,W3048562139,first
A5012275958,W3110321297,first
A5059411618,W3110321297,middle
A5043180844,W3110321297,last
A5084857817,W3124953873,first
A5028934906,W3124953873,middle
A5061379171,W3124953873,middle
A5039097899,W3124953873,last
A5023786683,W3133891627,middle
A5020979414,W3135986649,first
A5084072504,W3135986649,middle
A5019698991,W3135986649,last
A5036659103,W3159095506,last
A5083980731,W3161042137,first
A5075546217,W3173813052,first
A5078048991,W3173813052,last
A5034454965,W3197869561,first
A5023358501,W3202983664,first
A5035564767,W3202983664,last
A5069476728,W3214659258,first
A5031085660,W3214659258,middle
A5081798341,W3214659258,last
A5084818965,W3216001649,first
A5061846947,W4200466024,first
A5048831506,W4200466024,middle
A5010676212,W4200466024,middle
A5033473979,W4200466024,last
A5053424176,W4205662860,first
A5042604128,W4205954251,middle
A5034936246,W4211217989,first
A5064586240,W4230109820,first
A5038171181,W4230109820,middle
A5072673405,W4230109820,last
A5064330768,W4231441224,first
A5090458959,W4231990839,first
A5083528596,W4236606073,first
A5017184057,W4236606073,middle
A5080505347,W4236606073,middle
A5065472011,W4236606073,last
A5020832986,W4239691949,first
A5028996052,W4239691949,last
A5038318637,W4243814307,first
A5010853977,W4251381865,first
A5071546667,W4252406661,first
A5041638443,W4252469236,first
A5039774878,W4254006286,first
A5053249487,W4288076682,first
A5022512432,W438939085,middle
A5039854312,W2944455353,first
A5012777796,W2944455353,last
A5014066075,W3044313595,first
A5001523712,W3044313595,middle
A5036944228,W3044313595,middle
A5008824437,W3044313595,last
A5081449581,W3109165554,first
A5083911717,W3109165554,middle
A5082913979,W3109165554,last
A5085323032,W3120369293,middle
A5057368693,W3122748503,first
A5083240643,W3130909418,first
A5071001890,W3135597079,first
A5025154104,W3135597079,last
A5072080783,W3136655239,first
A5051532910,W3136655239,last
A5023942331,W3142262897,first
A5040056296,W3142262897,middle
A5028410825,W3142262897,middle
A5083983355,W3142262897,middle
A5053054953,W3142262897,middle
A5012010960,W3142262897,middle
A5026994657,W3142262897,middle
A5054460796,W3142262897,middle
A5007060409,W3142262897,middle
A5029628745,W3142262897,last
A5007681808,W3143611789,first
A5088521043,W3146982637,first
A5033579806,W3146982637,last
A5032649566,W3152919688,first
A5062374112,W3152919688,last
A5052930289,W3153831949,last
A5045999939,W3160504190,first
A5037354101,W3177246935,last
A5043995360,W3193448663,first
A5091756520,W3195220909,first
A5080589507,W3198737481,first
A5020424399,W3198737481,middle
A5050062467,W3198737481,last
A5015832913,W3201636660,first
A5090399635,W3201636660,last
A5053228252,W3203830907,first
A5091163780,W3204925787,first
A5081799589,W3204925787,last
A5024996453,W3206172861,middle
A5028427625,W3206172861,middle
A5026653706,W3212631732,first
A5086006330,W3212631732,last
A5038618677,W4200305492,first
A5090679788,W4200305492,last
A5086793581,W4200319157,first
A5030348494,W4200319157,last
A5075496480,W4205090837,first
A5035707838,W4205090837,last
A5049695343,W4205124866,last
A5035553646,W4205207617,first
A5076724368,W4205820386,first
A5030419884,W4206140326,first
A5090818425,W4206497039,first
A5087676774,W4206743951,first
A5047788775,W4206743951,middle
A5080026638,W4206743951,middle
A5041617107,W4206743951,last
A5022822400,W4210429007,first
A5011558517,W4210429007,middle
A5032784865,W4210429007,last
A5004629957,W4237654788,first
A5017995306,W4237654788,middle
A5059337980,W4237654788,last
A5043613674,W4238182573,first
A5079190137,W4242309486,first
A5013327637,W4242309486,middle
A5076741502,W4242309486,middle
A5035627933,W4242309486,middle
A5060504929,W4242309486,middle
A5075099222,W4242309486,middle
A5074815650,W4242309486,middle
A5022431311,W4242309486,middle
A5008292516,W4242309486,middle
A5091556790,W4244701402,last
A5040345337,W4250128812,first
A5064787668,W4252660709,first
A5047814719,W4285486499,first
A5030463262,W2262582429,first
A5024225793,W2337015246,first
A5032103649,W2503135716,first
A5083763815,W2503135716,middle
A5042103095,W2503135716,middle
A5061256389,W2503135716,last
A5083131059,W2609052800,first
A5054814598,W2609052800,middle
A5031448696,W2609052800,last
A5080409343,W3037345018,first
A5074622580,W3037345018,middle
A5082942970,W3037345018,middle
A5000975435,W3037345018,last
A5025125063,W3095327854,first
A5072774939,W3095327854,last
A5053228252,W3105969885,first
A5049566206,W3108240427,first
A5017862380,W3108240427,middle
A5011263433,W3108240427,last
A5078653874,W3110607011,middle
A5014370955,W3110607011,last
A5078508874,W3111058250,first
A5073678932,W3111058250,last
A5070083041,W3111189379,first
A5068308848,W3127833685,last
A5014940395,W3128565970,first
A5073532766,W3128565970,middle
A5073425319,W3128565970,last
A5083275560,W3133200004,first
A5081500464,W3134800109,first
A5026312652,W3134800109,middle
A5039548261,W3134800109,middle
A5058839947,W3134800109,last
A5019128476,W3143433320,first
A5058573778,W3148074385,last
A5059337980,W3154497356,first
A5088631052,W3154497356,middle
A5080734556,W3154497356,middle
A5087865013,W3154497356,middle
A5065555733,W3154497356,last
A5040088510,W3161155176,first
A5041619246,W3161155176,middle
A5021516964,W3161155176,middle
A5069775408,W3162285808,last
A5044062929,W3162855528,last
A5032139438,W3164309576,last
A5027888963,W3164565263,first
A5044268701,W3169147086,first
A5040428971,W3169147086,middle
A5025250457,W3169147086,middle
A5041072449,W3169147086,last
A5077283775,W3173393154,first
A5062453217,W3173393154,middle
A5018926238,W3173393154,last
A5012096611,W3183275957,first
A5042875545,W3183275957,middle
A5078509849,W3184377720,first
A5072083191,W3184377720,middle
A5023358086,W3184377720,middle
A5029163608,W3184377720,last
A5066237365,W3185444974,first
A5050205557,W3185444974,middle
A5088817604,W3185444974,middle
A5010248533,W3185444974,middle
A5048906141,W3185444974,middle
A5000097985,W3185444974,middle
A5050342525,W3185444974,middle
A5037697344,W3185444974,middle
A5041383246,W3185444974,middle
A5069193029,W3185444974,middle
A5071296935,W3185444974,middle
A5049231295,W3185444974,middle
A5084684313,W3185444974,middle
A5032562243,W3185444974,middle
A5077367921,W3185444974,last
A5002511102,W3194993277,first
A5052327236,W3194993277,last
A5054865304,W3195875666,first
A5046633105,W3198707897,first
A5007128197,W3198707897,last
A5009407454,W3206431723,first
A5045012588,W3206431723,last
A5039875968,W3210858548,middle
A5023092016,W3210858548,last
A5082085150,W3213729175,first
A5035651349,W3214216488,first
A5090819693,W3214216488,middle
A5014088092,W3214216488,middle
A5086499806,W3214216488,last
A5036006865,W3216935261,first
A5009201135,W3216935261,middle
A5045860458,W3216935261,last
A5029334337,W4200061061,first
A5019817936,W4200061061,middle
A5077139888,W4200061061,middle
A5011220813,W4200061061,last
A5064830080,W4205349489,first
A5088737112,W4205496116,first
A5004292285,W4206019104,first
A5055312229,W4206370261,first
A5026456188,W4206370261,middle
A5050928648,W4206370261,middle
A5074086920,W4206370261,last
A5023624578,W4206612978,middle
A5078190995,W4212989157,first
A5033985539,W4235017843,middle
A5051331359,W4235017843,last
A5018721774,W4241590591,first
A5010609038,W4241590591,middle
A5070617834,W4241590591,last
A5064834866,W4242460247,first
A5028605138,W4242460247,middle
A5081909889,W4242460247,middle
A5090198147,W4242460247,last
A5072568988,W4252091197,first
A5048940719,W4252091197,middle
A5028572624,W4252091197,middle
A5008933958,W4252091197,last
A5025344373,W4313059608,first
A5002680336,W2184263383,first
A5077600979,W3037581546,first
A5087351938,W3037581546,last
A5040291889,W3048890062,first
A5060440309,W3048890062,last
A5068949782,W3099155453,first
A5083472752,W3099155453,last
A5083222672,W3100684852,last
A5001417775,W3111834075,first
A5066547725,W3111837573,first
A5017736546,W3111837573,middle
A5058323321,W3111837573,middle
A5030707600,W3111837573,last
A5002456113,W3120382853,first
A5027431080,W3121380890,first
A5082942970,W3124565446,first
A5072702926,W3124565446,last
A5048102462,W3125526196,first
A5081975353,W3138942632,first
A5062296400,W3145680558,middle
A5059337980,W3145680558,last
A5054351014,W3150836892,first
A5033228504,W3153736266,first
A5029376687,W3153736266,middle
A5010519304,W3156327225,first
A5044339031,W3157535475,first
A5055965048,W3160246678,first
A5004750582,W3160246678,middle
A5081219742,W3160246678,middle
A5002277423,W3160246678,last
A5028642215,W3161042888,middle
A5012371374,W3161042888,last
A5083763339,W3168285075,first
A5019749644,W3168285075,middle
A5011834074,W3168285075,middle
A5045287606,W3168285075,middle
A5006461848,W3168285075,last
A5000893315,W3169760814,first
A5021015886,W3169760814,middle
A5036734067,W3169760814,last
A5022991626,W3173174913,first
A5045879377,W3173174913,middle
A5056870404,W3173174913,last
A5059435890,W3177373916,first
A5016695259,W3177373916,last
A5041346094,W3182700327,first
A5084957332,W3182700327,middle
A5037199084,W3182700327,last
A5058034531,W3196741980,middle
A5027997472,W3196741980,last
A5048309001,W3200064332,last
A5038860129,W3201825191,first
A5048238798,W3201825191,last
A5052330123,W3203936081,first
A5039187916,W3203936081,middle
A5024048833,W3203936081,middle
A5076195042,W3203936081,middle
A5078351348,W3203936081,last
A5079497219,W3208417108,first
A5004758745,W3209572860,first
A5072189850,W3209572860,middle
A5053926423,W3209572860,last
A5013373153,W4200013141,first
A5031475379,W4200079148,middle
A5082581230,W4200086513,first
A5068843417,W4200126311,first
A5034487077,W4200126311,middle
A5024330637,W4200234245,first
A5055724940,W4200312168,first
A5089051829,W4200312168,last
A5079410507,W4200590529,first
A5026052584,W4200590529,last
A5014509470,W4205113774,first
A5046231968,W4205113774,middle
A5063089732,W4205516034,first
A5018086865,W4205783774,first
A5027497109,W4206030617,first
A5073283055,W4206240779,first
A5080676156,W4206240779,middle
A5045101158,W4206240779,last
A5017534262,W4206387912,first
A5061143931,W4206576501,first
A5010249054,W4206576501,last
A5000914740,W4206606884,first
A5087790566,W4206630282,first
A5048991827,W4206630282,last
A5009228697,W4206690298,first
A5002146004,W4206690298,last
A5043288516,W4206751407,first
A5005659262,W4206751407,last
A5069154267,W4236122619,first
A5083495293,W4236512582,first
A5042500829,W4241526093,first
A5006657610,W4243786783,first
A5011193598,W4245270173,first
A5050141762,W4245270173,last
A5075435196,W4248076234,first
A5076303551,W4248269990,first
A5022110445,W4248269990,last
A5080882119,W4248530517,first
A5001408456,W4248530517,middle
A5039114708,W4248530517,middle
A5059019660,W4248530517,last
A5015345249,W4256642791,first
A5014287041,W4285535056,first
A5077901808,W4285535056,last
A5071532539,W2370164663,first
A5062821250,W2620052971,first
A5058767324,W2794729350,first
A5082776788,W2794729350,middle
A5084293094,W2794729350,middle
A5085036036,W2794729350,last
A5055570754,W3025558299,first
A5091297085,W3025558299,middle
A5010360702,W3025558299,middle
A5000975435,W3025558299,middle
A5013198945,W3025558299,middle
A5023801168,W3044214675,first
A5013198945,W3044214675,middle
A5001845313,W3044214675,middle
A5000179526,W3044214675,middle
A5039275344,W3080200326,first
A5044317982,W3086019041,first
A5012312047,W3088203119,first
A5064442995,W3094493883,first
A5001800500,W3107922254,first
A5032787307,W3119830196,first
A5006312325,W3119830196,middle
A5064908609,W3119830196,last
A5050431536,W3119912425,last
A5022771914,W3125682525,first
A5034513925,W3125682525,middle
A5051314400,W3125682525,middle
A5080926469,W3125682525,middle
A5002232506,W3125682525,middle
A5082043392,W3125682525,last
A5023758935,W3127682383,first
A5004785656,W3127682383,middle
A5054436417,W3127885804,first
A5081132655,W3128413215,first
A5065513121,W3131175575,first
A5052943021,W3131175575,middle
A5083853243,W3131175575,last
A5000618741,W3133674505,first
A5057802822,W3133674505,middle
A5036200976,W3133674505,middle
A5007801126,W3134097128,first
A5045879447,W3134097128,middle
A5037120793,W3134097128,last
A5028371632,W3134838958,first
A5082069004,W3134838958,middle
A5063734564,W3134838958,last
A5033355107,W3137222876,first
A5085607757,W3137222876,middle
A5005847333,W3137222876,middle
A5061379171,W3137222876,last
A5007428307,W3139402365,first
A5047431609,W3139402365,middle
A5070260526,W3139402365,last
A5017619650,W3141816233,first
A5016233029,W3143040205,first
A5045797802,W3145795612,last
A5068522764,W3152788389,first
A5002129545,W3152788389,middle
A5059337980,W3152788389,middle
A5065555733,W3152788389,last
A5044339031,W3157977247,first
A5052803333,W3158178483,first
A5034647327,W3158178483,middle
A5064914434,W3158178483,middle
A5086633120,W3158178483,last
A5053937216,W3159611093,first
A5030679917,W3159611093,last
A5033356690,W3161265956,first
A5059337980,W3161265956,middle
A5065555733,W3161265956,last
A5078326698,W3164164401,first
A5004126693,W3164164401,middle
A5059443966,W3164164401,last
A5039052506,W3165138791,first
A5005192117,W3165138791,middle
A5068384981,W3165138791,middle
A5011937306,W3170528260,first
A5061295826,W3170528260,last
A5033037866,W3173255732,first
A5080691948,W3178510572,first
A5008986898,W3178510572,last
A5000766463,W3180117439,first
A5059964264,W3180528875,first
A5078258583,W3184724154,first
A5064002466,W3184724154,middle
A5005022131,W3184724154,middle
A5067142707,W3184724154,middle
A5056436366,W3184724154,middle
A5059250783,W3184724154,middle
A5056436366,W3184724154,middle
A5044064739,W3184724154,middle
A5064039922,W3184724154,last
A5065352983,W3186634001,first
A5017220106,W3186634001,last
A5063307080,W3188180204,first
A5016593247,W3191418036,first
A5068277129,W3191418036,middle
A5015191127,W3191418036,middle
A5006705415,W3191418036,last
A5022073212,W3197606557,first
A5068270822,W3198955941,first
A5091212723,W3198955941,last
A5037831741,W3199141040,first
A5071084962,W3199957645,first
A5043384287,W3201905955,middle
A5048786965,W3201905955,middle
A5087653788,W3201905955,last
A5037387407,W3202946253,last
A5039109795,W3205364711,last
A5043350556,W3209660615,last
A5085432173,W3210813360,first
A5002155573,W3210813360,last
A5009569829,W3212462075,middle
A5016402421,W3212462075,middle
A5083252662,W3212462075,middle
A5068514720,W3212462075,middle
A5040715141,W3212462075,last
A5060902170,W3215104784,first
A5057096200,W3215104784,last
A5048428891,W3216954298,first
A5019093629,W3216954298,middle
A5023078404,W3216954298,middle
A5020634711,W4200058815,first
A5020794115,W4200500524,first
A5003519952,W4205213201,first
A5087059077,W4205343351,middle
A5057331261,W4205343351,last
A5088868657,W4205776077,first
A5052771275,W4205864284,first
A5040447880,W4205864284,middle
A5059290684,W4205864284,middle
A5054103414,W4206527320,first
A5067353369,W4206527320,middle
A5006620409,W4206527320,last
A5017343541,W4206909977,first
A5019071696,W4207074020,first
A5059789320,W4207074020,last
A5087567209,W4210253486,first
A5020180533,W4210253486,last
A5040900494,W4210477037,first
A5030138295,W4210477037,last
A5034290462,W4213295022,first
A5015200121,W4214898987,first
A5028418850,W4214898987,last
A5032451496,W4226048769,first
A5082946919,W4226048769,middle
A5045400619,W4230213651,first
A5071624510,W4230213651,middle
A5076774643,W4230213651,middle
A5051851807,W4230213651,middle
A5033783997,W4230213651,middle
A5091259315,W4230213651,last
A5030121038,W4231239285,first
A5000949710,W4231239285,middle
A5066029199,W4231239285,middle
A5081098143,W4231239285,last
A5048548313,W4234315399,first
A5075467012,W4234315399,last
A5013717515,W4234844212,first
A5045098894,W4235152108,last
A5051618450,W4235393316,first
A5032706099,W4235393316,middle
A5036792516,W4235393316,middle
A5000355426,W4235393316,last
A5077074252,W4236231812,middle
A5036683370,W4236231812,last
A5033422078,W4237814560,first
A5027838536,W4238126865,first
A5033033856,W4239720551,first
A5009804954,W4240044798,first
A5033350585,W4240044798,middle
A5038908529,W4240044798,last
A5036337528,W4241709325,first
A5037040357,W4241942124,first
A5078484139,W4242157971,last
A5020165040,W4244806567,first
A5029099160,W4245864804,first
A5036498741,W4245864804,middle
A5006125158,W4245864804,middle
A5088539840,W4245864804,middle
A5065682719,W4245864804,middle
A5007407500,W4245864804,last
A5054717936,W4247870575,first
A5018819214,W4249895579,last
A5034541968,W4253351969,first
A5056933813,W4256125077,first
A5023856398,W4256526041,first
A5087542455,W4256526041,middle
A5024167658,W4256526041,middle
A5088547215,W4256526041,middle
A5052320959,W4256526041,last
A5004166892,W4285327864,middle
A5040684547,W4285327864,last
A5045286703,W4285521578,first
A5034823602,W4285529654,first
A5057606819,W4285534539,first
A5071053501,W4285534539,last
A5018138946,W4285537228,first
A5066264257,W4285541638,first
A5004455999,W4285541638,middle
A5087345400,W4285541638,middle
A5015594515,W4285541638,last
A5028538506,W4286909551,last
A5089404640,W4288076644,middle
A5071967339,W4288076644,last
A5028329886,W4312438656,first
A5040718990,W635730992,first
A5047082788,W635730992,last
A5088684558,W648956691,first
A5065494839,W648956691,last
A5028428970,W1601486090,first
A5059466958,W2412825740,first
A5016214321,W2412825740,middle
A5087177394,W2412825740,middle
A5019218327,W2412825740,middle
A5046801770,W2412825740,last
A5056673752,W2608054125,first
A5045849009,W2608054125,middle
A5004974411,W2608054125,middle
A5055149475,W2626934420,first
A5026614668,W2626934420,middle
A5083950680,W2626934420,middle
A5018821033,W2626934420,middle
A5023447670,W2626934420,middle
A5057838181,W2626934420,middle
A5089756532,W2626934420,middle
A5025231703,W2626934420,last
A5003834173,W2888954762,first
A5014613094,W2888954762,middle
A5048579847,W2888954762,last
A5041725375,W3022584614,first
A5078662697,W3037970853,first
A5089994873,W3037970853,last
A5007797577,W3042390883,first
A5056512471,W3042390883,last
A5046804247,W3043793798,middle
A5014923315,W3048400320,first
A5057369600,W3048400320,last
A5071181287,W3058906942,first
A5089921353,W3058906942,last
A5068190061,W3084531004,first
A5024058808,W3089266942,first
A5032282856,W3089266942,middle
A5024678101,W3089266942,last
A5015817965,W3089334447,middle
A5000506517,W3091835142,first
A5078953567,W3091835142,middle
A5091741304,W3094667039,first
A5027067436,W3105380008,first
A5036479507,W3108739657,middle
A5033602352,W3108740759,first
A5009140651,W3119759327,middle
A5021262127,W3119759327,middle
A5053643534,W3119759327,middle
A5069586144,W3119759327,last
A5037913256,W3121039805,first
A5045329304,W3121039805,last
A5009327522,W3121492439,first
A5079659476,W3121492439,middle
A5015516603,W3121492439,middle
A5068293208,W3121492439,middle
A5032690182,W3121492439,last
A5007352803,W3121680257,first
A5087178350,W3121680257,middle
A5083897507,W3121680257,last
A5068848432,W3121852834,first
A5013308197,W3121852834,middle
A5071674067,W3121852834,middle
A5071526154,W3121852834,middle
A5009211982,W3122034024,first
A5072729126,W3122124301,first
A5041813158,W3122124301,last
A5022317106,W3123102913,last
A5072696337,W3123509621,first
A5023816979,W3123509621,middle
A5005837856,W3123509621,last
A5041373175,W3123590180,first
A5074297181,W3123590180,last
A5029999345,W3125973603,first
A5013198945,W3125973603,middle
A5035130915,W3125973603,middle
A5041303201,W3126552127,first
A5059434843,W3126552127,last
A5055148572,W3127230984,first
A5079914183,W3127230984,last
A5054360310,W3127386426,first
A5078546053,W3128217823,first
A5005521425,W3128825193,middle
A5041389182,W3128836686,first
A5057313323,W3128836686,last
A5035961103,W3129733601,first
A5042217598,W3129953891,first
A5070397490,W3131270154,first
A5020669784,W3131270154,middle
A5055720604,W3131270154,last
A5029857529,W3131994385,first
A5059669805,W3133563920,last
A5057583579,W3134599638,first
A5032174404,W3134858234,first
A5040524717,W3134858234,middle
A5003164724,W3134858234,middle
A5016448118,W3134858234,last
A5070886689,W3135615288,first
A5001490863,W3136239032,first
A5053903265,W3136239032,last
A5046476267,W3137381194,first
A5016204649,W3137381194,last
A5036228775,W3139503867,first
A5074164532,W3139503867,last
A5033396638,W3139520246,first
A5036785559,W3139520246,middle
A5001598938,W3139520246,middle
A5001431280,W3139520246,last
A5058066689,W3153465370,last
A5062341746,W3154863796,first
A5059439673,W3154863796,last
A5049610565,W3156127576,middle
A5085709286,W3157092130,first
A5043108758,W3157092130,middle
A5072322964,W3157092130,last
A5078322212,W3157437382,first
A5040291889,W3157885359,first
A5054572006,W3157885359,last
A5048958921,W3158184288,last
A5047331779,W3159147083,first
A5036484429,W3159147083,middle
A5091658795,W3159147083,last
A5040786186,W3159209903,first
A5087628687,W3159219143,middle
A5087944559,W3159219143,middle
A5041370597,W3159219143,last
A5019906827,W3159433460,first
A5066117237,W3159433460,middle
A5006247366,W3159433460,last
A5019071696,W3160449347,first
A5059789320,W3160449347,last
A5054980167,W3160594914,middle
A5012534773,W3160594914,middle
A5027489992,W3162252597,first
A5070071561,W3163228834,first
A5065662869,W3163879537,last
A5086633091,W3165027945,middle
A5080383352,W3165027945,middle
A5075894946,W3165027945,middle
A5041170074,W3165027945,middle
A5024308581,W3165027945,middle
A5042298720,W3165027945,middle
A5030483392,W3165238742,first
A5010478919,W3165238742,last
A5034417376,W3165980463,last
A5038452656,W3167709386,first
A5055576104,W3167709386,middle
A5003819403,W3167709386,last
A5071765018,W3169568724,middle
A5005072193,W3169568724,middle
A5016488771,W3169568724,last
A5023712902,W3169624595,first
A5001901987,W3170444890,first
A5052044181,W3172003138,first
A5052621108,W3174538819,first
A5027328407,W3174538819,middle
A5064959157,W3174538819,last
A5061763061,W3174570365,middle
A5010950113,W3174570365,middle
A5038825800,W3174570365,last
A5029457530,W3176467405,last
A5053421619,W3177035842,first
A5030785658,W3177035842,last
A5057237492,W3180911751,first
A5018549351,W3180911751,middle
A5062125413,W3180911751,middle
A5084945522,W3180911751,last
A5038134940,W3182784051,first
A5068862331,W3184529435,first
A5039106106,W3184529435,middle
A5084384951,W3184529435,last
A5085356362,W3185848493,first
A5056491924,W3185848493,middle
A5022554926,W3185848493,middle
A5084502652,W3188583797,middle
A5029764293,W3188583797,middle
A5065664393,W3188583797,last
A5015891605,W3190679537,first
A5042501964,W3190830633,first
A5014077486,W3192637489,first
A5010687365,W3192637489,middle
A5076789203,W3192637489,middle
A5030788904,W3192637489,middle
A5041682105,W3192637489,last
A5034571717,W3192981509,middle
A5053489712,W3192981509,middle
A5032629854,W3192981509,last
A5060779928,W3193845562,last
A5037810378,W3194161409,first
A5027379704,W3194279028,first
A5013147402,W3194279028,middle
A5063438897,W3194279028,middle
A5067777597,W3194279028,last
A5080306219,W3194660215,first
A5076165837,W3195164676,first
A5049136281,W3195164676,middle
A5082885529,W3195164676,middle
A5088382926,W3195164676,last
A5017562894,W3197477718,first
A5024909557,W3198444201,first
A5031750354,W3199171388,first
A5069241723,W3199171388,middle
A5002855381,W3199171388,last
A5033279381,W3200059108,first
A5068185853,W3200422510,first
A5063032711,W3200422510,last
A5065102810,W3201682500,first
A5071058104,W3201682500,last
A5064942764,W3202726672,middle
A5042823757,W3202726672,middle
A5086527757,W3202726672,middle
A5077332394,W3202726672,middle
A5028204567,W3202726672,last
A5017141233,W3203286921,first
A5056339289,W3205291908,first
A5039596455,W3206041283,middle
A5048250441,W3206041283,middle
A5045436977,W3206268564,first
A5046161436,W3206268564,middle
A5061579550,W3206268564,middle
A5021936757,W3206268564,middle
A5058616015,W3206268564,middle
A5018791466,W3206268564,middle
A5078127997,W3206343020,first
A5052976553,W3208999492,first
A5039029835,W3209910842,first
A5084984590,W3210165401,first
A5028891307,W3210294027,last
A5005282924,W3210491251,first
A5089689368,W3210491251,middle
A5034416673,W3210491251,middle
A5074761112,W3210491251,last
A5016959511,W3210781772,first
A5013823780,W3210781772,middle
A5064204574,W3210781772,last
A5024762984,W3210841714,middle
A5017510608,W3211305597,first
A5021021404,W3212209585,first
A5031405372,W3212571019,last
A5072944307,W3212822313,first
A5023365550,W3213967396,first
A5077484271,W3213967396,middle
A5032485940,W3213967396,last
A5060089396,W3215349251,first
A5080173517,W3215785572,first
A5004794906,W3216926237,first
A5080691948,W3216926237,last
A5011270130,W3217488385,last
A5013428460,W4200014414,middle
A5078636319,W4200226589,last
A5024679496,W4200400869,first
A5014936252,W4205175839,first
A5000914740,W4205228477,first
A5052378602,W4205236796,first
A5010755344,W4205236796,last
A5058275190,W4205290692,first
A5042600463,W4205465791,first
A5081541767,W4205513308,first
A5006138455,W4205768418,first
A5014177911,W4205812715,first
A5053932280,W4205812715,middle
A5000334344,W4205812715,last
A5023717231,W4205980429,first
A5082509767,W4206233472,first
A5007036605,W4206233472,middle
A5072626948,W4206233472,middle
A5031542855,W4206233472,middle
A5064255960,W4206233472,last
A5061157599,W4206315910,first
A5046653466,W4206636137,first
A5084640075,W4206781159,first
A5082170962,W4206974526,first
A5060207092,W4210275717,first
A5013306341,W4210302273,first
A5062358770,W4210457737,first
A5015217002,W4210457737,middle
A5010471152,W4210457737,last
A5089993095,W4210523177,first
A5001188748,W4210523177,last
A5079337546,W4210597472,first
A5030112128,W4210597472,last
A5060651495,W4210888701,first
A5051593977,W4210888701,last
A5055447277,W4213056463,first
A5069148682,W4213056463,middle
A5012481893,W4213056463,last
A5056605626,W4213252230,first
A5019913562,W4230288238,first
A5052018441,W4231504129,first
A5071278984,W4232135564,last
A5017375713,W4232195521,first
A5001770010,W4233878971,first
A5055594838,W4233878971,middle
A5026575568,W4233878971,last
A5086630995,W4234970146,first
A5061293973,W4234970146,middle
A5048416373,W4234970146,middle
A5007980367,W4234970146,last
A5089492666,W4236115906,first
A5070039223,W4236115906,last
A5020849374,W4236350938,first
A5021620586,W4239756397,first
A5082632656,W4239935942,first
A5018783162,W4240667325,last
A5005250411,W4240810048,first
A5042576292,W4240862057,first
A5020310993,W4240954464,first
A5017042977,W4241065292,first
A5007606917,W4241065292,last
A5001246811,W4241097655,first
A5047503590,W4242833460,first
A5083056452,W4242833460,middle
A5016380950,W4242833460,last
A5088982583,W4242900168,middle
A5002734812,W4242900168,last
A5022022325,W4242998734,last
A5045456583,W4243822551,first
A5026453313,W4244382749,first
A5006390574,W4244382749,last
A5045298378,W4246944026,first
A5047521597,W4246944026,middle
A5036820265,W4246944026,last
A5042916844,W4248463091,first
A5085533002,W4250191239,first
A5056986237,W4251103126,first
A5082234532,W4254473177,first
A5084229134,W4254637456,first
A5085880027,W4255824787,first
A5025652541,W4256419287,last
A5053476692,W4285465633,first
A5015611475,W4285465633,last
A5014057564,W4285519482,first
A5087026860,W4285519482,middle
A5080217489,W4285519482,last
A5089501629,W4285552618,first
A5010197781,W4285552618,last
A5067954492,W4288073647,first
A5074160516,W4288073647,last
A5032679417,W4288076663,first
A5064659051,W562552778,first
A5025248878,W1713520343,first
A5013158304,W1713520343,middle
A5077460655,W1713520343,middle
A5022089911,W1713520343,last
A5080232184,W1954493885,first
A5006992974,W1954493885,middle
A5016253883,W1954493885,middle
A5030647388,W1954493885,middle
A5041969975,W1954493885,last
A5072917707,W1982135788,first
A5077971888,W1982135788,last
A5085986673,W2034745970,last
A5013696986,W2060511487,first
A5014515578,W2274896885,first
A5047693644,W2274896885,middle
A5023334974,W2274896885,last
A5056820101,W2341487010,first
A5006270785,W2491916120,first
A5031002895,W2492107376,first
A5037636074,W2492107376,middle
A5032448836,W2492107376,middle
A5037473201,W2492107376,last
A5036045020,W2523640878,first
A5028391851,W2557093224,first
A5088737112,W2561828279,first
A5004152951,W2591829730,first
A5056970435,W2591829730,middle
A5004268590,W2591829730,middle
A5044268701,W2591829730,middle
A5015294604,W2591829730,middle
A5055775978,W2591829730,middle
A5038971425,W2591829730,middle
A5082821741,W2591829730,middle
A5056896764,W2591829730,middle
A5023086436,W2591829730,middle
A5013955924,W2591829730,middle
A5065788780,W2591829730,middle
A5082240280,W2591829730,middle
A5061395500,W2591829730,middle
A5056033447,W2591829730,middle
A5014452528,W2591829730,middle
A5084451404,W2591829730,middle
A5021709117,W2591829730,middle
A5074713301,W2591829730,middle
A5059510260,W2591829730,middle
A5046776265,W2616885852,first
A5060376466,W2616885852,middle
A5034568985,W2616885852,middle
A5079390960,W2616885852,middle
A5028163457,W2616885852,middle
A5042467582,W2616885852,middle
A5049845313,W2616885852,last
A5020247368,W2620544484,first
A5060688886,W2620544484,last
A5058657825,W2758734416,last
A5036868751,W2801913676,first
A5054447617,W2886050270,middle
A5025398350,W2886050270,middle
A5050008389,W2886050270,middle
A5012361203,W2886050270,middle
A5032384002,W2886050270,last
A5017745566,W2889440640,first
A5067952740,W2908198215,first
A5011377962,W2908982320,first
A5058952816,W2981093184,first
A5070045410,W2981093184,middle
A5033395722,W2981093184,last
A5049791941,W2981217057,middle
A5026047614,W2981217057,middle
A5043516133,W2981217057,middle
A5066579939,W2981217057,last
A5066373250,W2985612839,first
A5021255849,W2991143414,first
A5036892531,W2991143414,middle
A5020101419,W2991143414,middle
A5006992777,W2991143414,middle
A5019358769,W2991143414,middle
A5014478452,W2991143414,last
A5088526226,W3009872063,first
A5037601947,W3009872063,last
A5036421091,W3010324636,first
A5049996493,W3025726788,first
A5085220191,W3036665400,first
A5085432173,W3045666450,first
A5001111295,W3082111441,first
A5085785893,W3082111441,middle
A5008560262,W3082111441,middle
A5057278613,W3082111441,middle
A5063667378,W3082111441,last
A5041610838,W3086836893,first
A5042145194,W3088215396,first
A5070050024,W3088215396,last
A5008537902,W3088728299,last
A5026596644,W3089104423,first
A5057010618,W3089104423,middle
A5041530815,W3089104423,last
A5069795537,W3092069494,first
A5059140494,W3093378485,last
A5023504637,W3093530951,first
A5028870837,W3093530951,middle
A5029541965,W3093530951,last
A5085988625,W3094460573,last
A5032175421,W3095034305,first
A5002501779,W3097417906,first
A5064740384,W3097417906,middle
A5065912071,W3097417906,last
A5075900406,W3098100550,first
A5076504951,W3098100550,last
A5029643093,W3099407048,first
A5020518108,W3099407048,middle
A5032488382,W3099407048,last
A5076605128,W3102274738,first
A5077143737,W3102274738,middle
A5064231378,W3102274738,last
A5003499139,W3106498160,first
A5029096455,W3108939289,first
A5028228530,W3108939289,middle
A5076066904,W3108939289,middle
A5060815452,W3108939289,middle
A5045420930,W3108939289,last
A5038229891,W3110402191,first
A5033056152,W3110402191,middle
A5035940683,W3110402191,last
A5038645035,W3111430822,first
A5091798914,W3111430822,middle
A5026612369,W3111430822,last
A5015210265,W3112134343,first
A5069712307,W3112346947,first
A5036568372,W3112588873,first
A5058144931,W3112588873,middle
A5048344653,W3112588873,last
A5020078305,W3116486251,first
A5066109793,W3116670010,first
A5087028802,W3116670010,last
A5090232242,W3118684569,first
A5005636333,W3118684569,last
A5046689943,W3119479745,first
A5061382736,W3121369808,first
A5021005957,W3122039840,first
A5025851205,W3122212461,middle
A5032618637,W3122212461,middle
A5073266272,W3122556555,first
A5078137332,W3124004637,first
A5004426215,W3124396729,first
A5060595477,W3124396729,last
A5043613674,W3124763719,first
A5083938981,W3125718394,middle
A5040335377,W3125718394,middle
A5047871627,W3125718394,last
A5031724499,W3125767970,first
A5018685823,W3125974505,first
A5050916595,W3127729532,middle
A5064967772,W3127729532,middle
A5072419903,W3127785685,middle
A5079888964,W3127785685,middle
A5048758276,W3127785685,middle
A5060551543,W3129349599,first
A5019451812,W3129437089,first
A5047624251,W3129437089,last
A5046173193,W3129632699,first
A5005376765,W3129632699,middle
A5006837984,W3130140376,first
A5056340751,W3130734296,last
A5006051505,W3131304306,middle
A5058469172,W3131304306,last
A5052769076,W3131455896,first
A5070397490,W3131455896,middle
A5079576759,W3131455896,last
A5001121325,W3132400825,first
A5054635541,W3132400825,last
A5038816870,W3133334768,first
A5014917212,W3133334768,last
A5090549590,W3133653079,first
A5033783997,W3133653079,middle
A5062641378,W3133653079,last
A5014868753,W3133987517,first
A5059215546,W3134291281,first
A5085796013,W3134291281,last
A5015835206,W3134800933,first
A5038814924,W3134800933,middle
A5012275958,W3134800933,last
A5040335377,W3135395125,middle
A5079241396,W3135674123,last
A5049140310,W3135792782,first
A5078975428,W3135837345,first
A5003558647,W3135837345,last
A5051437806,W3135917125,first
A5078797025,W3137071164,first
A5086237480,W3137071164,middle
A5050394448,W3137071164,last
A5027777990,W3139038952,last
A5060417049,W3139466607,first
A5002250184,W3139466607,middle
A5012930542,W3139466607,middle
A5051805730,W3139466607,middle
A5046448314,W3139466607,last
A5055174523,W3139911584,first
A5050985764,W3141392623,first
A5003939496,W3141392623,middle
A5083901945,W3146435625,first
A5057996715,W3146435625,last
A5090458959,W3150019403,first
A5052993464,W3151453990,first
A5017357729,W3151463721,first
A5014715195,W3152718534,first
A5073358106,W3152718534,middle
A5005616591,W3152718534,last
A5072986862,W3152729423,first
A5086128963,W3152916666,middle
A5088813478,W3153483422,first
A5082716220,W3154784089,first
A5008665186,W3154784089,last
A5043861405,W3154878802,middle
A5030849815,W3156481130,last
A5057017958,W3156994238,middle
A5078138776,W3157460296,first
A5054684767,W3157551674,last
A5066921914,W3158155751,first
A5089110297,W3158483508,middle
A5036296724,W3158707027,first
A5083904095,W3159823600,middle
A5004691741,W3160945655,middle
A5070871302,W3160945655,middle
A5073789126,W3161146878,first
A5023260780,W3161558521,middle
A5072539710,W3163641070,first
A5031554706,W3163930290,first
A5089995076,W3163968342,first
A5019607825,W3163968342,last
A5033069219,W3164219428,first
A5002326755,W3164322400,first
A5071161048,W3164991630,first
A5007824853,W3164991630,middle
A5042510214,W3164991630,middle
A5019441676,W3164991630,middle
A5010065369,W3164991630,last
A5017371676,W3165016909,first
A5053932280,W3165016909,middle
A5000334344,W3165016909,last
A5005518991,W3165083828,first
A5011757745,W3165587505,first
A5063612469,W3165587505,last
A5090747366,W3166509877,first
A5083026381,W3166509877,middle
A5039929397,W3166509877,middle
A5025754478,W3166509877,middle
A5006966951,W3166509877,middle
A5039742693,W3166509877,middle
A5025331216,W3166509877,middle
A5000232046,W3166509877,middle
A5070966718,W3166509877,middle
A5015182248,W3166509877,last
A5088828799,W3166993200,first
A5049496653,W3167920093,first
A5012275958,W3168476136,first
A5090320352,W3168476136,middle
A5073787661,W3168476136,last
A5049939733,W3168500545,first
A5007338391,W3168500545,last
A5031840995,W3168760438,middle
A5078424756,W3168894416,first
A5044987824,W3168894416,middle
A5021066287,W3168894416,middle
A5083597705,W3168894416,middle
A5026178917,W3168894416,middle
A5048152631,W3168894416,middle
A5039653828,W3168894416,middle
A5051565605,W3168894416,middle
A5091006296,W3168894416,middle
A5009553045,W3168894416,middle
A5058423505,W3168894416,last
A5041241997,W3169197679,last
A5043168021,W3169558976,first
A5036647248,W3169558976,middle
A5054629125,W3169558976,last
A5041348809,W3169785611,first
A5050042995,W3169785611,middle
A5061142267,W3169785611,last
A5074982739,W3169852264,first
A5090088008,W3170495495,first
A5071959897,W3170495495,last
A5065119769,W3170582040,first
A5018983498,W3170582040,middle
A5016326904,W3170828727,first
A5065644953,W3171743688,first
A5024860629,W3171743688,middle
A5082668404,W3171743688,last
A5057790189,W3172831545,first
A5061319881,W3173083222,first
A5076259865,W3173083222,last
A5052031879,W3173418281,first
A5077612740,W3174143086,first
A5089853267,W3174290596,first
A5091020771,W3174393888,first
A5011116979,W3174422390,middle
A5059766027,W3175821012,middle
A5027347969,W3175835834,middle
A5030808913,W3175835834,middle
A5019194000,W3175835834,middle
A5011881836,W3175835834,middle
A5043358163,W3175835834,middle
A5001246811,W3175870117,first
A5006285552,W3175994516,first
A5085796013,W3175994516,last
A5029675591,W3176472792,first
A5022670457,W3176580693,first
A5031371771,W3176781380,first
A5039570133,W3176781380,middle
A5040829874,W3176781380,last
A5077318302,W3178646610,first
A5006613562,W3178750066,first
A5016302052,W3178750066,last
A5083631981,W3179826201,first
A5039146377,W3179826201,last
A5027532459,W3180065729,last
A5042195176,W3181166589,first
A5088549305,W3182733320,first
A5062090450,W3183392287,first
A5004206574,W3183436078,first
A5075173310,W3184993283,first
A5065886493,W3184993283,middle
A5037345774,W3184993283,middle
A5020890536,W3184993283,middle
A5017319459,W3184993283,middle
A5037077763,W3184993283,last
A5077830722,W3185169725,first
A5031674506,W3185169725,middle
A5005650810,W3185169725,last
A5020954840,W3185193989,middle
A5014027718,W3185193989,middle
A5008456610,W3185543031,first
A5045713200,W3186041660,middle
A5057739756,W3186558565,first
A5066238345,W3186558565,last
A5055210685,W3186689792,first
A5058342047,W3187544544,first
A5031512488,W3188448151,first
A5016630281,W3188448151,middle
A5031163594,W3188448151,middle
A5007902286,W3188448151,last
A5060901767,W3189132698,middle
A5052703406,W3189132698,middle
A5014770098,W3189359670,last
A5090967969,W3189419917,first
A5013917113,W3189419917,middle
A5066972805,W3189419917,last
A5030318736,W3194497985,first
A5059215546,W3194497985,last
A5027913628,W3195412396,first
A5028034006,W3195796254,last
A5002059656,W3196616454,first
A5058027565,W3197160462,middle
A5054063286,W3197526823,first
A5038096249,W3197526823,middle
A5016537064,W3197526823,middle
A5008449915,W3197526823,last
A5016100876,W3198079991,first
A5068784665,W3198079991,last
A5043149524,W3198189559,first
A5014238711,W3198189559,middle
A5051286582,W3198189559,middle
A5037930833,W3198318988,first
A5077714205,W3198725858,first
A5052800617,W3198725858,last
A5062480532,W3198749684,first
A5091108132,W3198749684,middle
A5089022499,W3198749684,middle
A5041916316,W3198749684,middle
A5072151198,W3198749684,last
A5036069966,W3198763710,first
A5088881963,W3198763710,last
A5052284218,W3199194126,first
A5077395641,W3199254827,first
A5020653434,W3199516791,first
A5079226898,W3199516791,last
A5060083258,W3201049565,first
A5030602771,W3201593807,first
A5024194868,W3201669132,first
A5006100937,W3201727096,middle
A5083192999,W3201727096,last
A5012895357,W3201927501,first
A5042132837,W3201976123,first
A5065156490,W3201976123,last
A5061459557,W3202446811,first
A5089379749,W3202446811,last
A5033952363,W3202727059,first
A5081037491,W3202727059,middle
A5068807750,W3202727059,last
A5075892407,W3202813240,first
A5012059417,W3203620031,first
A5065418517,W3203815159,first
A5007624977,W3203815159,middle
A5012747021,W3203815159,last
A5046719200,W3203828562,first
A5082242689,W3205812240,first
A5017524660,W3205812240,middle
A5080620663,W3205812240,middle
A5027334214,W3205812240,middle
A5015080938,W3205812240,last
A5089077811,W3205842156,first
A5091880648,W3205842156,middle
A5041650289,W3206775940,first
A5010427390,W3206880932,first
A5030433440,W3206920865,first
A5001849550,W3207154457,first
A5064455835,W3207557769,first
A5090855504,W3207557769,last
A5002879297,W3207758877,first
A5085473486,W3207758877,middle
A5006327684,W3207758877,middle
A5032675786,W3207758877,last
A5076682139,W3207891952,first
A5082850653,W3207891952,middle
A5022821833,W3207891952,last
A5066605031,W3208303488,first
A5090984486,W3208303488,middle
A5064768354,W3208303488,last
A5003283009,W3208445364,middle
A5071730605,W3208445364,middle
A5075301188,W3208750885,first
A5030680536,W3208750885,last
A5022459919,W3209362647,middle
A5090780175,W3209581586,first
A5075292468,W3210765101,first
A5034694502,W3210765101,middle
A5036583267,W3210765101,last
A5041110564,W3211452669,middle
A5059401126,W3211605992,first
A5090575787,W3211605992,middle
A5090506185,W3211605992,last
A5041522926,W3212212214,first
A5073091147,W3212435027,first
A5086650097,W3212435027,last
A5084203038,W3212682274,first
A5070075726,W3212682274,middle
A5028831759,W3212682274,middle
A5065153142,W3212682274,middle
A5082897373,W3212735827,first
A5041402341,W3213395770,first
A5006677148,W3213422917,first
A5087678582,W3213603709,middle
A5050062467,W3213603709,last
A5070443737,W3213622466,first
A5013727792,W3213767025,first
A5088555568,W3213767025,middle
A5006247481,W3213767025,middle
A5055668668,W3213767025,middle
A5050500830,W3213767025,last
A5082242689,W3214775784,first
A5037505239,W3215208783,first
A5052416182,W3215302067,first
A5040722386,W3215302067,middle
A5023810149,W3215302067,middle
A5038512064,W3215302067,last
A5017349031,W3215382309,first
A5040245429,W3215382309,middle
A5050900227,W3215382309,last
A5076142967,W3215956300,first
A5029019884,W3216587829,middle
A5072006522,W3216587829,middle
A5033111482,W3216587829,middle
A5034901180,W3216587829,middle
A5091109916,W3216988630,first
A5066976882,W3217592880,first
A5061775631,W4200069804,first
A5056261845,W4200099352,first
A5008547992,W4200103096,middle
A5052169592,W4200103096,last
A5023910909,W4200180890,first
A5069536590,W4200180890,middle
A5053340752,W4200180890,middle
A5082046789,W4200180890,last
A5083197471,W4200503738,first
A5079815155,W4200520306,first
A5055510228,W4200543761,first
A5030697225,W4200543761,middle
A5046645515,W4200543761,last
A5088256645,W4200554351,first
A5031398742,W4200554351,middle
A5052104910,W4200554351,last
A5060599622,W4200582859,first
A5078477454,W4200582859,last
A5058531311,W4200620150,first
A5032693556,W4205141155,first
A5011600081,W4205141155,last
A5013096348,W4205150644,first
A5091908304,W4205239965,first
A5014011362,W4205324649,first
A5009150883,W4205324649,last
A5079188984,W4205488898,first
A5063909981,W4205498009,first
A5041576777,W4205573291,first
A5013176942,W4205573291,middle
A5046236334,W4205573291,last
A5051173013,W4205578669,first
A5040471798,W4205643533,first
A5062839715,W4205649330,first
A5030886712,W4205720441,first
A5041983910,W4205720441,middle
A5039969991,W4205720441,last
A5071834024,W4205795851,first
A5030742237,W4205816250,first
A5027503712,W4205816250,middle
A5022468649,W4205816250,middle
A5005797988,W4205846446,first
A5070406181,W4205888128,first
A5030032537,W4205888128,middle
A5010538819,W4205888128,middle
A5023954982,W4205941240,first
A5072824564,W4205941240,last
A5051966501,W4205947787,first
A5083362029,W4205989334,middle
A5029610673,W4206141679,first
A5076586224,W4206166298,first
A5084592859,W4206166298,last
A5069141487,W4206175104,first
A5065936625,W4206260015,last
A5022813752,W4206376519,first
A5068586843,W4206424433,first
A5077962545,W4206424433,last
A5042341446,W4206509334,first
A5073082316,W4206527070,last
A5082126056,W4206565284,first
A5039416214,W4206744778,first
A5080470963,W4206744778,last
A5011755091,W4206921286,first
A5000658673,W4206921286,last
A5037648924,W4210539533,middle
A5076635345,W4210554556,last
A5059332839,W4210625636,first
A5042768069,W4210725863,first
A5006197413,W4210753346,middle
A5023274785,W4210753346,middle
A5003469648,W4210753346,middle
A5005661598,W4210753346,last
A5090911320,W4210767489,first
A5048416181,W4210767489,middle
A5082718598,W4210767489,middle
A5061865959,W4210767489,last
A5078148231,W4210913050,first
A5023762919,W4211071417,first
A5050000831,W4212816680,last
A5000942574,W4212831535,first
A5087588754,W4212831535,middle
A5071582618,W4212831535,middle
A5053345854,W4212831535,middle
A5064567419,W4212831535,middle
A5037686951,W4212831535,middle
A5007479295,W4212831535,middle
A5027261841,W4212831535,middle
A5085161160,W4212831535,middle
A5026668088,W4212831535,middle
A5058962719,W4212831535,last
A5026417958,W4214595181,middle
A5055016850,W4214595181,middle
A5044662284,W4214595181,last
A5071682189,W4214939085,last
A5031821887,W4226142647,middle
A5016786154,W4230129212,first
A5012899448,W4230129212,last
A5048394879,W4230593639,last
A5058921150,W4230706155,last
A5024460769,W4231897470,middle
A5090034016,W4231897470,middle
A5038388152,W4232021440,first
A5065058581,W4232994292,first
A5001710847,W4233570878,middle
A5036689338,W4233570878,middle
A5091637832,W4233570878,last
A5034192756,W4233950952,first
A5073774344,W4233995128,middle
A5075056899,W4233995128,middle
A5072703507,W4233995128,middle
A5082707744,W4233995128,last
A5088273498,W4234807624,first
A5022743365,W4236379369,first
A5032173898,W4237512648,first
A5027213342,W4237512648,last
A5089920210,W4237587217,first
A5074670449,W4238184595,first
A5042488360,W4238184595,middle
A5047471512,W4238184595,middle
A5078842606,W4238184595,last
A5026685411,W4238679887,first
A5080546069,W4238679887,middle
A5077953037,W4238679887,middle
A5045554497,W4238679887,last
A5000368081,W4239061574,first
A5089830271,W4239061574,middle
A5077804071,W4239061574,last
A5023370414,W4239726445,first
A5046735737,W4240065871,first
A5053185154,W4240467630,last
A5035759666,W4240784663,first
A5064641470,W4240784663,middle
A5017719381,W4240851066,first
A5046825469,W4241256385,first
A5075640143,W4242948040,first
A5065058581,W4242996108,first
A5019494994,W4242996108,middle
A5054256492,W4242996108,last
A5056867872,W4243630851,first
A5077239665,W4244765440,last
A5050692107,W4245174288,first
A5062416737,W4245944463,first
A5013120793,W4245944463,last
A5031105466,W4246993866,first
A5064813262,W4248678156,middle
A5005227863,W4248690053,first
A5055433807,W4248690053,last
A5005035621,W4249072950,first
A5022870004,W4249072950,last
A5064462116,W4249626821,last
A5028348201,W4250904918,last
A5084740578,W4251030750,middle
A5059340793,W4252269921,first
A5048150326,W4253751270,first
A5031263896,W4253751270,middle
A5029531111,W4253751270,middle
A5036763290,W4253751270,last
A5022269446,W4253962391,first
A5073872240,W4255295985,first
A5068010379,W4285360925,first
A5024949637,W4285522305,first
A5035134691,W4285522305,last
A5000865868,W4285551168,first
A5078909773,W4285556314,middle
A5027033026,W4285556314,last
A5022465917,W4286915486,middle
A5031606341,W4286915486,middle
A5065788780,W4286915486,last
A5059401126,W4288076938,first
A5090575787,W4288076938,last
A5043606036,W4288791838,first
A5053630715,W4293138483,first
A5069264027,W4293138483,last
A5056484820,W4319981612,first
A5026496116,W597512971,first
A5084414791,W597512971,middle
A5051540293,W597512971,last
A5049356189,W613901532,middle
A5073901040,W620905626,last
A5015785160,W635683580,first
A5059657954,W1494862934,first
A5073782726,W1494862934,middle
A5034647295,W1494862934,last
A5068049138,W150599612,first
A5089591271,W150599612,middle
A5043962386,W150599612,last
A5088754375,W1545254169,first
A5041680854,W1545254169,middle
A5038629101,W1545254169,last
A5060651495,W1594284930,first
A5051593977,W1594284930,last
A5059750726,W1889215178,first
A5075432056,W1889215178,middle
A5050044278,W1889215178,middle
A5084139328,W1889215178,last
A5005530908,W2185674598,last
A5017102290,W2252260018,last
A5063904858,W2281741648,first
A5059748921,W2281741648,middle
A5029785409,W2281741648,middle
A5085380450,W2281741648,middle
A5000261188,W2281741648,last
A5018873219,W2339939177,first
A5067511734,W2473743752,first
A5018217411,W2473743752,middle
A5043475280,W2473743752,middle
A5044305127,W2473743752,middle
A5033293944,W2473743752,middle
A5078229465,W2473743752,last
A5054372678,W2486297491,first
A5085504322,W2486297491,middle
A5062108213,W2486297491,last
A5070416327,W2489956879,first
A5086733054,W2489956879,middle
A5086577667,W2489956879,last
A5036008539,W2490517684,first
A5010311538,W2491675385,first
A5088876061,W2500593650,first
A5090179530,W2500593650,last
A5052205649,W2513041412,first
A5034207902,W2523947205,first
A5001976189,W2523947205,middle
A5017498749,W2523947205,last
A5042150057,W2599460564,first
A5089610879,W2603515925,first
A5054437456,W2603642989,first
A5030914810,W2603642989,last
A5009268036,W2753732490,first
A5009477620,W2753732490,middle
A5064749168,W2753732490,last
A5026130386,W2770118326,first
A5041159779,W2790638168,first
A5019022830,W2790638168,middle
A5083606762,W2790638168,last
A5004211439,W2791105220,last
A5029034465,W2793559496,first
A5041987043,W2793559496,middle
A5054803850,W2793559496,last
A5075751190,W28870329,first
A5022446589,W2888168479,middle
A5065319776,W2892166506,middle
A5033591566,W2892261302,first
A5037335239,W2893309698,first
A5031836646,W2895044477,first
A5083438052,W2895060453,first
A5017745566,W2897319766,first
A5008052931,W2907514373,first
A5034800919,W2921184104,middle
A5000653675,W2932612887,first
A5081097218,W2932612887,middle
A5084958051,W2932612887,middle
A5026047614,W2932612887,last
A5054228678,W2938334447,first
A5042655483,W2945570074,first
A5056122666,W2945784886,first
A5070399019,W2945784886,middle
A5078485305,W2945784886,middle
A5047118636,W2945784886,last
A5065592637,W2946324413,first
A5080691948,W2952662681,first
A5087192873,W2966503254,first
A5078624294,W2995209938,first
A5014539248,W2996405046,first
A5043246338,W2999180785,first
A5025281874,W3003227788,first
A5010646067,W3003227788,middle
A5033807547,W3003227788,last
A5017121778,W3011134234,first
A5033033856,W3014572532,first
A5037206621,W3016639465,first
A5042169965,W3018456700,first
A5091777543,W3019686029,first
A5024893234,W3024569342,first
A5071044293,W3025818607,first
A5038116135,W3026136550,first
A5064822688,W3026994270,first
A5018464968,W3026994270,last
A5038138844,W3027396787,middle
A5000416781,W3027396787,last
A5022878111,W3029430775,first
A5069788604,W3030463196,first
A5046606347,W3030463196,last
A5087567209,W3031624047,first
A5020180533,W3031624047,last
A5029128653,W3033077955,first
A5061185640,W3033077955,middle
A5031309837,W3033447910,first
A5008706600,W3035335366,first
A5061206076,W3036997616,first
A5050500595,W3037029215,first
A5080014014,W3037029215,last
A5055326119,W3037063168,first
A5084949004,W3037929576,first
A5024945500,W3038285171,middle
A5027313836,W3038285171,last
A5063793631,W3041103517,first
A5000296607,W3041632112,first
A5048036610,W3043659439,first
A5082408006,W3045080026,first
A5033123476,W3045608587,first
A5045990809,W3046439790,first
A5006560685,W3046585208,first
A5061116687,W3046585208,middle
A5005670314,W3046585208,middle
A5054442637,W3046585208,last
A5034936246,W3047943829,first
A5027963599,W3048164255,first
A5028506992,W3048314164,first
A5027279282,W3048314164,last
A5018025615,W3081337800,first
A5037803714,W3082185713,first
A5033949551,W3082185713,middle
A5033949551,W3082185713,middle
A5037803714,W3082185713,last
A5054374049,W3082355089,first
A5052657912,W3082355089,last
A5085343290,W3083793420,first
A5004774069,W3085423960,first
A5047834226,W3085423960,middle
A5066532082,W3085721323,first
A5060918291,W3085721323,middle
A5049194708,W3085721323,last
A5049294944,W3086902330,first
A5023079553,W3087875326,first
A5012482178,W3087969247,first
A5046521217,W3087969247,middle
A5020338573,W3087969247,last
A5057985654,W3088516296,first
A5058475882,W3088983929,first
A5073956678,W3088983929,middle
A5047652595,W3088983929,last
A5046653466,W3089499187,first
A5017042977,W3089773586,first
A5007606917,W3089773586,last
A5017388383,W3089922482,first
A5077625109,W3091102186,last
A5082703226,W3091918379,first
A5088734341,W3091918379,last
A5016939139,W3092371384,last
A5051774192,W3093181510,first
A5078985846,W3093575034,last
A5072194325,W3093634042,first
A5051711854,W3093748866,first
A5005329645,W3093748866,last
A5013125060,W3094814452,middle
A5020857714,W3095107050,first
A5029475307,W3095107050,middle
A5062756194,W3095107050,last
A5009310227,W3095475950,first
A5018958964,W3096401969,first
A5084644113,W3096430867,first
A5067875018,W3097007809,first
A5009711552,W3097553063,middle
A5052803333,W3097736165,first
A5034647327,W3097736165,middle
A5064914434,W3097736165,middle
A5086633120,W3097736165,last
A5036936081,W3097784924,first
A5090090567,W3097784924,middle
A5049600110,W3098445805,last
A5034290462,W3101248594,first
A5004292285,W3103110751,first
A5084205912,W3104128779,middle
A5019962606,W3104128779,middle
A5052193724,W3104159934,first
A5022813752,W3105123486,first
A5044711688,W3107708722,first
A5030045490,W3107800999,first
A5063846550,W3107912269,first
A5018660127,W3107912269,last
A5015818654,W3108497533,first
A5006093254,W3108777565,first
A5022368866,W3110683619,first
A5047005477,W3110683619,middle
A5076744081,W3110683619,middle
A5083126992,W3110683619,middle
A5011700725,W3110683619,middle
A5060433773,W3110683619,middle
A5064921341,W3110683619,middle
A5044233783,W3110683619,middle
A5042268563,W3110683619,last
A5029157694,W3111313927,first
A5087347697,W3111467250,first
A5065019096,W3111617472,first
A5059236990,W3111617472,last
A5083495293,W3112282838,first
A5014451047,W3112461866,first
A5022840676,W3112472082,first
A5052821522,W3112472082,last
A5088557829,W3112865737,first
A5010294234,W3112865737,middle
A5085252445,W3112865737,last
A5085343290,W3113063471,last
A5040345337,W3113512394,first
A5035956980,W3115111183,first
A5082940954,W3116437299,middle
A5000577539,W3116685903,last
A5090535601,W3116762340,first
A5063764379,W3116762340,middle
A5004011403,W3116762340,last
A5004404965,W3118308918,first
A5052822843,W3118308918,last
A5032359389,W3118329596,middle
A5045456583,W3118649630,first
A5016821063,W3118736412,first
A5087066780,W3118808215,first
A5010384268,W3118809737,first
A5081491178,W3118860494,first
A5067629673,W3118890410,first
A5071260205,W3118945212,first
A5069317254,W3118945212,last
A5000618521,W3118959271,first
A5049701136,W3118959271,middle
A5058922210,W3118959271,last
A5018819214,W3118963720,last
A5067216728,W3119080170,first
A5045286703,W3119108695,first
A5048629954,W3119110824,first
A5000100573,W3119497193,first
A5004393034,W3119497193,middle
A5042916844,W3119510579,first
A5027533888,W3119808925,last
A5005523187,W3119979819,middle
A5022208558,W3120081888,first
A5000851902,W3120247484,first
A5051857079,W3120247484,middle
A5081115472,W3120247484,last
A5018246603,W3120255383,first
A5077978694,W3120371271,first
A5055266234,W3120442674,first
A5021956516,W3120516826,first
A5084591829,W3120766025,first
A5046185637,W3120845897,first
A5051880176,W3121226915,first
A5076586224,W3121268171,first
A5084592859,W3121268171,last
A5060829860,W3121273904,first
A5017984102,W3121711922,first
A5067610354,W3121827802,first
A5013384495,W3121881847,first
A5001908659,W3122015340,first
A5034720507,W3122271164,first
A5033777007,W3122537663,first
A5045047767,W3122537663,middle
A5012027004,W3122537663,middle
A5022473701,W3122537663,middle
A5005836086,W3122537663,middle
A5065335369,W3122537663,middle
A5072618249,W3122537663,middle
A5038483307,W3122537663,middle
A5087534799,W3122537663,middle
A5000445240,W3122537663,middle
A5021022320,W3122537663,middle
A5019773230,W3122537663,middle
A5022710074,W3122537663,middle
A5033248308,W3122537663,middle
A5051132163,W3122537663,middle
A5010766325,W3122537663,middle
A5044510961,W3122537663,middle
A5009733809,W3122537663,last
A5009220389,W3122594733,first
A5084335365,W3122673625,middle
A5075270383,W3122673625,middle
A5009170431,W3122673625,middle
A5084897948,W3122673625,middle
A5015911453,W3122673625,middle
A5085880027,W3122681378,first
A5089398354,W3122707013,first
A5077104036,W3122807877,first
A5018650225,W3122828414,first
A5091023010,W3122870822,first
A5073888022,W3123106706,first
A5010766325,W3123106706,middle
A5041055145,W3123106706,middle
A5000445240,W3123106706,middle
A5054653602,W3123106706,middle
A5041331096,W3123106706,middle
A5059717577,W3123106706,middle
A5019301265,W3123106706,middle
A5043643519,W3123106706,middle
A5034294135,W3123110354,last
A5046689778,W3123222845,first
A5037248538,W3123273391,first
A5012010562,W3123273391,middle
A5033406363,W3123273391,last
A5041784162,W3123351311,first
A5038291633,W3123521045,first
A5044038805,W3123521045,middle
A5042149473,W3123521045,last
A5040716355,W3123536040,middle
A5042576292,W3123833159,first
A5082085150,W3124180383,first
A5031634765,W3124192929,first
A5088574352,W3124254684,first
A5067146623,W3124254684,middle
A5031824776,W3124254684,last
A5028695853,W3124272412,first
A5072763073,W3124350143,first
A5004839622,W3124842306,first
A5090857859,W3124898307,middle
A5008847404,W3124898307,middle
A5062341047,W3124898307,middle
A5068900011,W3124898307,middle
A5011124952,W3124898307,middle
A5076874321,W3124898307,middle
A5006544857,W3124898307,middle
A5087731727,W3124904802,first
A5066323524,W3124921523,first
A5067328692,W3124921523,middle
A5049469197,W3124921523,middle
A5013642374,W3124947355,middle
A5088206947,W3124947355,middle
A5038729249,W3124947355,middle
A5046764771,W3125056143,first
A5003283009,W3125219518,middle
A5071730605,W3125219518,middle
A5080897773,W3125271104,first
A5063053513,W3125324796,first
A5059660958,W3125324796,last
A5071592901,W3125447417,last
A5037648924,W3125666879,middle
A5073888022,W3125781344,first
A5010766325,W3125781344,middle
A5041055145,W3125781344,middle
A5000445240,W3125781344,middle
A5054653602,W3125781344,middle
A5041331096,W3125781344,middle
A5059717577,W3125781344,middle
A5019301265,W3125781344,middle
A5043643519,W3125781344,middle
A5014750183,W3125821820,first
A5078138776,W3125866794,middle
A5023019774,W3126174526,middle
A5076891153,W3126174526,last
A5048758245,W3126184307,first
A5067715723,W3126437730,middle
A5027309456,W3126437730,last
A5063466791,W3126619276,first
A5062189131,W3126620932,first
A5028348201,W3126646222,last
A5063651055,W3126725437,middle
A5003098656,W3126816709,first
A5077569089,W3126829315,first
A5076701363,W3126829315,middle
A5051439492,W3126829315,last
A5021341097,W3126889160,first
A5007741379,W3126960639,first
A5071046303,W3127097559,last
A5035188278,W3127233098,first
A5073256902,W3127233098,last
A5014695494,W3127378919,last
A5002905327,W3127428247,last
A5014936252,W3127439186,first
A5011846917,W3127454266,middle
A5059335262,W3127454266,middle
A5084413042,W3127454266,middle
A5072618249,W3127454266,middle
A5023854303,W3127454266,middle
A5062351587,W3127481637,first
A5086683542,W3127505705,first
A5023771648,W3127505705,last
A5081541767,W3127564112,first
A5076094600,W3127593792,middle
A5062629194,W3127976479,last
A5066305862,W3128153665,first
A5056916227,W3128221365,first
A5005547561,W3128364767,first
A5019267154,W3128364767,last
A5009522954,W3128414376,first
A5085618454,W3128661998,first
A5012542241,W3128743741,first
A5015345249,W3128810923,first
A5073155006,W3128989987,first
A5022547481,W3129006512,first
A5038740186,W3129052145,middle
A5017619299,W3129144985,first
A5063194536,W3129178977,first
A5062751696,W3129447020,first
A5077898761,W3129447378,first
A5070397490,W3129492018,first
A5018288181,W3129492018,middle
A5020116705,W3129492018,last
A5046009592,W3129730937,middle
A5026288547,W3129891555,first
A5039042766,W3129965977,first
A5042441651,W3129965977,middle
A5068956515,W3129965977,last
A5077831333,W3130298391,first
A5010043275,W3130347648,middle
A5080265667,W3130396472,first
A5085323032,W3130449591,middle
A5054647648,W3130505069,first
A5028740097,W3130656518,first
A5003364264,W3130744632,middle
A5065746959,W3130744632,middle
A5069829631,W3130836734,middle
A5021905552,W3130836734,middle
A5026807034,W3130836734,middle
A5005209686,W3130836734,middle
A5059066535,W3130836734,middle
A5016720311,W3130836734,middle
A5014333350,W3130836734,middle
A5079489256,W3130836734,middle
A5043010061,W3130836734,middle
A5048143695,W3130836734,middle
A5005250411,W3130985565,first
A5005797988,W3131288102,first
A5033422078,W3131373230,first
A5075435196,W3131417942,first
A5052668147,W3131649558,first
A5027510291,W3131745800,first
A5087614381,W3131745800,middle
A5064883016,W3131745800,last
A5042993096,W3131814581,first
A5054710928,W3131913685,first
A5020310993,W3131965546,first
A5065058581,W3132042620,first
A5008297571,W3132042620,last
A5090199433,W3132058523,first
A5015643944,W3132109363,first
A5068474010,W3132292105,first
A5053601068,W3132292105,last
A5085203169,W3132332861,last
A5045165993,W3132624709,first
A5026752908,W3132809700,first
A5001052765,W3132861169,first
A5016126102,W3133020134,middle
A5007403016,W3133026046,middle
A5061158647,W3133026046,last
A5046354308,W3133086083,first
A5013188869,W3133128395,first
A5079964536,W3133145763,first
A5003044729,W3133154121,first
A5035908989,W3133154121,middle
A5070939658,W3133154121,middle
A5008935039,W3133154121,last
A5070544233,W3133172663,first
A5018438088,W3133172663,middle
A5043145803,W3133172663,last
A5030775785,W3133579971,first
A5008409909,W3133586230,first
A5019041324,W3133611915,first
A5091633719,W3133611915,last
A5025648274,W3133725189,first
A5015190065,W3133725189,middle
A5016638493,W3133725189,middle
A5035887276,W3133725189,middle
A5060946836,W3133725189,middle
A5008229577,W3133725189,middle
A5018935705,W3133725189,last
A5066269496,W3133828963,first
A5085194150,W3133828963,last
A5041741373,W3133888764,middle
A5060004243,W3133888764,middle
A5048422260,W3133947352,first
A5073765948,W3134215266,first
A5075585231,W3134215266,middle
A5004587843,W3134263679,first
A5007993661,W3134263679,last
A5062416737,W3134386287,first
A5013120793,W3134386287,last
A5041685067,W3134386830,first
A5032484592,W3134386830,middle
A5058101576,W3134386830,middle
A5006992777,W3134386830,middle
A5005837856,W3134386830,last
A5017534262,W3134452474,first
A5069051297,W3134454175,first
A5042600463,W3134463837,first
A5030138295,W3134543948,first
A5040900494,W3134543948,last
A5012312047,W3134681664,first
A5085530459,W3134681664,last
A5013306341,W3134707685,first
A5035226116,W3134764645,first
A5083610939,W3134778503,first
A5087502169,W3134967661,first
A5065058581,W3135009989,first
A5047084018,W3135018646,middle
A5058529157,W3135018646,last
A5054717936,W3135141731,first
A5082701259,W3135413685,first
A5072115220,W3135413685,middle
A5004113506,W3135413685,middle
A5087572406,W3135469646,first
A5090118631,W3135469646,middle
A5025517633,W3135469646,middle
A5021380771,W3135469646,middle
A5024155508,W3135469646,last
A5004168772,W3135539448,first
A5039038406,W3135539448,middle
A5019864721,W3135539448,last
A5034578690,W3135607930,first
A5020185297,W3135750515,first
A5000942574,W3135872807,first
A5050749326,W3135872807,last
A5075331344,W3136042193,first
A5085533002,W3136053237,first
A5026103274,W3136080268,first
A5025751830,W3136188357,first
A5055220196,W3136329394,first
A5063561246,W3136510894,first
A5002185508,W3136510894,last
A5012486505,W3136594438,first
A5022077412,W3136737703,first
A5073178954,W3136833552,first
A5073730375,W3136842421,first
A5052124920,W3136953639,first
A5014011458,W3137245884,first
A5083018960,W3137411517,first
A5056512471,W3137411517,middle
A5065716990,W3137411517,middle
A5073107689,W3137411517,last
A5001198161,W3137426135,first
A5029533931,W3137968924,first
A5036140418,W3138025740,middle
A5052979944,W3138124467,first
A5035675448,W3138125815,first
A5002332272,W3138437195,first
A5084200880,W3138572844,first
A5019601876,W3138641301,last
A5032965630,W3138742375,first
A5032629854,W3139006514,first
A5007007501,W3139006514,middle
A5043571779,W3139006514,middle
A5085643719,W3139006514,last
A5054295296,W3139269350,last
A5082632656,W3139302592,first
A5008589821,W3139365712,first
A5074670449,W3139375967,first
A5042488360,W3139375967,middle
A5047471512,W3139375967,middle
A5007329669,W3139375967,last
A5054238903,W3139419110,first
A5072670483,W3139501714,first
A5029819514,W3139531758,first
A5073568638,W3139531758,last
A5042694328,W3140191732,first
A5069453171,W3140460944,first
A5003298449,W3140596411,first
A5044443092,W3140596411,middle
A5052762681,W3140596411,last
A5039320939,W3140628943,last
A5030886712,W3141033672,first
A5041983910,W3141033672,middle
A5039969991,W3141033672,last
A5035284963,W3141140181,first
A5027838536,W3142632873,first
A5064734272,W3143203252,first
A5046113582,W3143203252,middle
A5066682425,W3143203252,middle
A5059641282,W3143203252,last
A5080427402,W3144098264,first
A5065058581,W3144166692,first
A5038150463,W3144166692,last
A5056005713,W3144586558,first
A5016122387,W3145076089,first
A5004629957,W3145271982,first
A5017995306,W3145271982,middle
A5059337980,W3145271982,last
A5090148107,W3146555760,first
A5077831333,W3147132097,first
A5008617608,W3147228684,first
A5013016113,W3147615477,first
A5066520538,W3147615477,last
A5020794115,W3147853379,first
A5027497109,W3148601551,first
A5056986237,W3148750513,first
A5019913562,W3149353683,first
A5089048868,W3149459925,middle
A5058326477,W3149503861,last
A5056918489,W3149558156,first
A5081985841,W3149558156,last
A5028592528,W3150086808,first
A5074141887,W3150287844,first
A5004674429,W3150582748,first
A5077287712,W3150582748,middle
A5022405104,W3150923731,first
A5082234532,W3151359182,first
A5050692107,W3151589392,first
A5054189628,W3152451418,first
A5060362716,W3152507707,last
A5013288962,W3152570156,last
A5032527789,W3152593553,last
A5033463663,W3152755200,first
A5017722036,W3152922773,first
A5071533944,W3152922773,last
A5033228504,W3152980591,first
A5029376687,W3152980591,middle
A5020210821,W3153082918,first
A5015657679,W3153082918,middle
A5022405104,W3153082918,last
A5065058581,W3153149267,first
A5019494994,W3153149267,middle
A5054256492,W3153149267,last
A5035553646,W3153155616,first
A5023471253,W3153179417,first
A5076720283,W3153392970,middle
A5021955713,W3153392970,middle
A5003304913,W3153392970,middle
A5078146900,W3153639811,first
A5034992584,W3153639811,last
A5014751621,W3153942507,first
A5066168365,W3153942507,last
A5042062197,W3154079101,first
A5060100121,W3154393533,middle
A5071905590,W3154393533,last
A5023762919,W3154427042,first
A5060102543,W3154456473,last
A5004916865,W3154675946,middle
A5050157003,W3154675946,last
A5004420104,W3154677799,first
A5003519952,W3154824155,first
A5079190137,W3154937998,first
A5047787744,W3154937998,middle
A5076741502,W3154937998,middle
A5035627933,W3154937998,middle
A5060504929,W3154937998,middle
A5075099222,W3154937998,middle
A5074815650,W3154937998,middle
A5022431311,W3154937998,middle
A5008292516,W3154937998,middle
A5083055070,W3154981134,first
A5062528117,W3155005826,first
A5019391402,W3155147967,last
A5028548984,W3155159074,first
A5044212535,W3155228091,first
A5036331347,W3155241212,first
A5066710970,W3155241212,middle
A5075459877,W3155301081,last
A5074650679,W3155328670,first
A5024460769,W3155355940,middle
A5090034016,W3155355940,middle
A5058425630,W3155426703,first
A5028288962,W3155465614,first
A5061143931,W3155490963,first
A5010249054,W3155490963,last
A5026261684,W3155620514,middle
A5002204703,W3155713995,first
A5003244142,W3155713995,middle
A5009718393,W3155713995,middle
A5070226727,W3155713995,last
A5068338006,W3155753090,last
A5002496014,W3155778506,first
A5043796981,W3155778506,last
A5009487946,W3155877041,first
A5059408108,W3155877041,middle
A5036587841,W3155877041,last
A5054256492,W3155950995,first
A5065058581,W3155950995,middle
A5019494994,W3155950995,last
A5010806470,W3155956109,middle
A5041383168,W3155956109,last
A5028933270,W3156024145,first
A5051326387,W3156148146,first
A5076238041,W3156187310,first
A5014515838,W3156390394,first
A5001315380,W3156513095,first
A5005968562,W3156529806,first
A5052242583,W3156529806,last
A5019837925,W3156571697,first
A5020307082,W3156654127,first
A5042982783,W3156654127,middle
A5055530650,W3156654127,middle
A5023802533,W3156657815,first
A5068165456,W3156657815,last
A5017430628,W3156681725,first
A5010781223,W3156681725,middle
A5016978596,W3156681725,middle
A5007428198,W3156681725,last
A5065690463,W3156819115,first
A5056408977,W3156867998,first
A5066507377,W3157075479,first
A5007205393,W3157106197,first
A5044522925,W3157141113,first
A5000729733,W3157207425,last
A5028880130,W3157276865,first
A5014816978,W3157301695,middle
A5001066420,W3157301695,last
A5003465807,W3157366216,first
A5066507377,W3157566885,last
A5016624380,W3157623058,middle
A5022018277,W3157696621,first
A5073448059,W3157719436,last
A5025855943,W3157780025,first
A5034249208,W3157792587,first
A5066507377,W3157888942,first
A5075814155,W3157888942,last
A5040805043,W3157928882,first
A5058932893,W3158035207,first
A5064488080,W3158095010,first
A5089261752,W3158119508,last
A5013809895,W3158209111,first
A5051345973,W3158209111,middle
A5073685088,W3158209111,middle
A5082942970,W3158209111,last
A5079815933,W3158290722,middle
A5066507377,W3158495953,first
A5066507377,W3158532770,first
A5066507377,W3158624266,first
A5010344275,W3158736145,middle
A5067190271,W3158736145,middle
A5045825081,W3158736145,last
A5066507377,W3158749955,last
A5066197951,W3158783874,last
A5001568677,W3158963589,first
A5034647327,W3158963589,middle
A5052803333,W3158963589,last
A5052152121,W3158979123,first
A5020078305,W3159203891,first
A5023953202,W3159203891,last
A5089656601,W3159279316,first
A5054119246,W3159322026,first
A5003735157,W3159383284,middle
A5044535444,W3159437433,first
A5053843420,W3159448265,last
A5040485363,W3159553709,middle
A5084447591,W3159579082,first
A5038045438,W3159594515,first
A5032118535,W3159594515,middle
A5041085864,W3159594515,middle
A5054799336,W3159594515,middle
A5072350285,W3159594515,middle
A5076337231,W3159594515,middle
A5061416981,W3159636520,first
A5051429886,W3159636994,first
A5043776219,W3159642208,first
A5050870916,W3159642208,last
A5042604128,W3159712780,middle
A5071245743,W3159730414,first
A5053185154,W3159790542,last
A5013047474,W3159816462,first
A5084401124,W3159816462,last
A5066507377,W3159836882,first
A5055344613,W3159852099,last
A5081848578,W3159910049,first
A5052475314,W3159910049,middle
A5079957387,W3159910049,last
A5066507377,W3159967751,last
A5086134932,W3159992059,first
A5057827975,W3159992059,middle
A5003084591,W3159992059,middle
A5043242807,W3159992059,middle
A5089575155,W3160053873,first
A5016011886,W3160079922,first
A5044152002,W3160079922,middle
A5050714727,W3160088938,last
A5036898504,W3160101332,last
A5019338801,W3160228313,first
A5083896155,W3160228313,last
A5012396102,W3160279090,first
A5087781489,W3160279090,last
A5089543198,W3160466351,first
A5087152800,W3160572268,first
A5008232444,W3160572268,last
A5091842307,W3160578217,first
A5063653804,W3160616621,first
A5043823537,W3160616621,last
A5063994115,W3160758785,last
A5084640075,W3160825853,first
A5020165040,W3160905718,middle
A5007171832,W3161022114,first
A5000973984,W3161022114,last
A5045245743,W3161048012,first
A5054389106,W3161136281,first
A5083633284,W3161136816,first
A5088400668,W3161389056,first
A5015812196,W3161389056,middle
A5077074252,W3161389056,middle
A5036683370,W3161389056,last
A5024066584,W3161488662,first
A5079147959,W3161488662,last
A5000837692,W3161548498,first
A5027324773,W3161548498,middle
A5082739781,W3161548498,last
A5027430653,W3161736377,first
A5051972523,W3161990278,first
A5049749354,W3162235123,first
A5006631854,W3162344179,first
A5057189497,W3162648624,first
A5041109278,W3162676677,middle
A5025400888,W3162676677,middle
A5056505470,W3162676677,middle
A5036175629,W3162676677,middle
A5016529288,W3162676677,middle
A5076813693,W3162676677,middle
A5060994601,W3162676677,last
A5080150318,W3162699916,first
A5090440513,W3162704640,first
A5070869667,W3162792350,first
A5067949602,W3162804222,first
A5018442820,W3162804222,middle
A5021565388,W3162886056,first
A5077039883,W3162892798,first
A5070873702,W3162908867,first
A5035389403,W3162953008,first
A5081891487,W3162955579,first
A5089686987,W3163076470,first
A5051297402,W3163076470,middle
A5048361564,W3163076470,last
A5001970777,W3163115323,first
A5038388152,W3163199073,first
A5043729076,W3163273234,middle
A5064438298,W3163431292,last
A5083132017,W3163448987,first
A5074451226,W3163448987,middle
A5012150553,W3163448987,last
A5089581879,W3163544253,first
A5084441132,W3163564953,first
A5037113249,W3163668080,first
A5037455751,W3163668080,middle
A5041314190,W3163668080,last
A5051314849,W3163813050,first
A5072947986,W3163813050,middle
A5041917550,W3163813050,last
A5071667496,W3163840708,first
A5044584963,W3163974160,first
A5049471853,W3164014607,first
A5088802936,W3164046963,first
A5063909981,W3164239251,last
A5047490908,W3164320423,first
A5046077655,W3164350910,first
A5083658158,W3164350910,last
A5080985746,W3164399447,first
A5086088518,W3164457437,middle
A5027595810,W3164457437,last
A5002363225,W3164585719,middle
A5013840363,W3164585719,last
A5074622168,W3164594139,middle
A5088646910,W3164594139,middle
A5027491673,W3164814707,first
A5025278582,W3164814707,middle
A5017695018,W3164814707,last
A5005343914,W3164843124,first
A5002524055,W3164843124,middle
A5071983674,W3164843124,middle
A5024948465,W3164843124,last
A5056663824,W3165106536,last
A5033958217,W3165119818,first
A5053395647,W3165119818,middle
A5019144248,W3165174382,first
A5040275505,W3165191549,first
A5073283055,W3165201805,first
A5080676156,W3165201805,middle
A5045101158,W3165201805,last
A5058649907,W3165211471,first
A5018157075,W3165211471,last
A5029700747,W3165214939,first
A5042600463,W3165261697,first
A5035954014,W3165271391,first
A5065486002,W3165453955,first
A5052325589,W3165453955,last
A5085642828,W3165548125,first
A5019201161,W3165561478,last
A5008227532,W3165584843,first
A5070859687,W3165600553,first
A5027091367,W3165600553,middle
A5029231501,W3165631808,first
A5049554881,W3165721776,first
A5020006751,W3165827391,last
A5088852985,W3165875677,first
A5063380674,W3166081034,last
A5069787384,W3166126872,first
A5079978522,W3166159862,first
A5055365411,W3166213916,last
A5042603602,W3166260161,first
A5049895689,W3166284648,first
A5058984813,W3166543674,first
A5055126728,W3166543674,last
A5069541757,W3166666469,first
A5045064114,W3166666469,last
A5077391080,W3166784478,first
A5085321842,W3166913480,first
A5045616772,W3166913480,last
A5000942568,W3166914696,first
A5070860872,W3167081392,first
A5085638897,W3167081392,last
A5058656419,W3167294051,middle
A5006121017,W3167294051,middle
A5060219315,W3167294051,middle
A5041002371,W3167506319,first
A5033942292,W3167704146,first
A5060272219,W3167784812,first
A5083189497,W3167794672,first
A5065216243,W3167811352,first
A5004016310,W3167816620,first
A5057485661,W3167816620,last
A5079337546,W3167966818,first
A5030112128,W3167966818,last
A5032728110,W3168046546,first
A5054452935,W3168054216,first
A5010337399,W3168054216,last
A5030139374,W3168116002,middle
A5039162920,W3168116002,last
A5008652406,W3168123532,first
A5089366076,W3168123532,middle
A5064031601,W3168123532,last
A5089993095,W3168132858,first
A5001188748,W3168132858,last
A5080230535,W3168152315,first
A5000327024,W3168173331,first
A5050981515,W3168173331,last
A5087831935,W3168306119,first
A5061995909,W3168591849,first
A5043343079,W3168591849,last
A5089325290,W3168799470,first
A5073212559,W3168799470,middle
A5049813106,W3168799470,last
A5002554768,W3168810560,middle
A5073930300,W3168828678,first
A5025271723,W3168828678,last
A5082516246,W3168841935,middle
A5079131461,W3168841935,last
A5027154445,W3168852939,first
A5088255710,W3169161996,first
A5075043374,W3169188136,middle
A5038217549,W3169188136,middle
A5061632605,W3169188136,last
A5051586829,W3169457018,first
A5047267766,W3169654592,first
A5055824250,W3169654592,last
A5006847405,W3169696583,first
A5056933813,W3169732407,first
A5042603602,W3169912462,first
A5020041250,W3170096716,middle
A5004816307,W3170096716,middle
A5088126959,W3170096716,middle
A5086882585,W3170096716,middle
A5071088913,W3170096716,middle
A5073308733,W3170096716,middle
A5056962902,W3170096716,middle
A5040711832,W3170096716,last
A5069103926,W3170235610,first
A5024751562,W3170542734,first
A5006051505,W3170831266,first
A5026505836,W3170831266,middle
A5052788582,W3170831266,middle
A5084457619,W3170857911,first
A5089267962,W3170857911,middle
A5031703549,W3170857911,last
A5001888977,W3170876849,first
A5091399517,W3171236534,first
A5060716137,W3171274415,first
A5061875476,W3171274415,last
A5030139374,W3171414110,middle
A5039162920,W3171414110,last
A5027038484,W3171424830,first
A5033225342,W3171424830,last
A5025291771,W3171547030,first
A5013641708,W3171550531,first
A5036194121,W3171550531,last
A5014341354,W3171581454,first
A5052980050,W3171970981,first
A5036571660,W3171970981,last
A5017682507,W3171983394,last
A5052931491,W3172049385,first
A5034078369,W3172049385,last
A5051196304,W3172125037,first
A5052073629,W3172125037,last
A5005047709,W3172126650,first
A5024897779,W3172231286,first
A5019771704,W3172555398,first
A5009680183,W3172674788,first
A5022789580,W3172674788,middle
A5047050750,W3172674788,last
A5059055671,W3172729683,middle
A5015509335,W3172729683,middle
A5045629957,W3172729683,last
A5017299960,W3172850255,first
A5001788611,W3172850255,last
A5029461718,W3172850501,first
A5065664393,W3172876541,first
A5023910909,W3172876541,middle
A5006131187,W3172876541,last
A5065527926,W3173089860,first
A5078739589,W3173089860,middle
A5084929849,W3173089860,middle
A5017246972,W3173089860,middle
A5061944739,W3173089860,last
A5076092431,W3173167180,first
A5026435271,W3173167180,last
A5038318637,W3173187804,first
A5006649203,W3173263361,first
A5027567742,W3173263361,last
A5055931745,W3173414851,first
A5087069949,W3173568982,first
A5076262767,W3173608964,first
A5055732608,W3173629131,first
A5038514283,W3173707744,first
A5021226854,W3173707744,middle
A5088375897,W3173707744,middle
A5038352672,W3173707744,middle
A5027063601,W3173707744,middle
A5076476809,W3173707744,last
A5038925727,W3173766317,first
A5024409981,W3173766317,middle
A5054569164,W3173766317,middle
A5032448836,W3173766317,middle
A5009236758,W3173766317,middle
A5032475130,W3173766317,last
A5036551343,W3173870920,first
A5089089696,W3173887042,first
A5079326177,W3173897703,first
A5016250424,W3173939296,first
A5034635089,W3174087619,first
A5034635089,W3174153186,first
A5076070516,W3174190259,middle
A5065953146,W3174190259,last
A5034635089,W3174294465,first
A5051674159,W3174374978,first
A5039551297,W3174475640,first
A5019528050,W3174584862,first
A5040507648,W3174656695,first
A5066420868,W3174658969,first
A5006982483,W3174713967,first
A5032937525,W3174721785,first
A5069471307,W3174721785,middle
A5033663499,W3174721785,last
A5034635089,W3174749255,first
A5034635089,W3174845708,first
A5090210020,W3174852681,first
A5048831651,W3174852681,middle
A5067275668,W3174852681,last
A5081490412,W3174927419,first
A5057753880,W3174927419,middle
A5009912006,W3174927419,last
A5034635089,W3174964093,first
A5075640143,W3174976381,first
A5032911420,W3175081536,middle
A5078425982,W3175081536,last
A5013890247,W3175140814,first
A5079003020,W3175274863,first
A5064341381,W3175384765,first
A5083616531,W3175427330,first
A5032314861,W3175427330,middle
A5054321494,W3175427330,last
A5057936709,W3175431612,first
A5006688577,W3175431612,last
A5023529628,W3175459482,first
A5027675478,W3175494752,middle
A5054710928,W3175584563,first
A5046884211,W3175587308,first
A5052909911,W3175630950,first
A5065100828,W3175630950,last
A5038711297,W3175765823,first
A5069424778,W3175862389,first
A5015383288,W3175927023,first
A5001384764,W3175947670,first
A5051478544,W3175947670,last
A5001980782,W3175948272,last
A5032837208,W3175956589,first
A5018086865,W3176020066,first
A5034635089,W3176058080,first
A5013031722,W3176275927,first
A5070193779,W3176275927,middle
A5042439803,W3176275927,last
A5075250374,W3176376459,first
A5074409158,W3176376459,middle
A5078968973,W3176376459,middle
A5081112273,W3176376459,middle
A5061050264,W3176376459,middle
A5041054091,W3176376459,middle
A5056415454,W3176376459,last
A5024421847,W3176419499,first
A5081097346,W3176419499,last
A5043350556,W3176443325,last
A5034054639,W3176469416,first
A5084742045,W3176479273,first
A5052731721,W3176522854,last
A5081224781,W3176584083,first
A5065576294,W3176702362,first
A5085369152,W3176715942,last
A5090398591,W3176746508,first
A5079340162,W3176785431,first
A5060873638,W3176867111,first
A5046345332,W3176961035,first
A5058630909,W3176961035,last
A5010217538,W3176973709,first
A5070125836,W3176973709,last
A5067003089,W3177007787,first
A5031556811,W3177007787,middle
A5069909605,W3177007787,last
A5032769801,W3177097319,first
A5002107129,W3177097319,middle
A5073575483,W3177097319,middle
A5089994873,W3177097319,last
A5044655311,W3177287670,first
A5046735737,W3177410850,first
A5088797863,W3177430431,first
A5057422723,W3177506331,first
A5083295762,W3177554391,first
A5045545462,W3177554391,middle
A5055138875,W3177554391,middle
A5024633466,W3177554391,last
A5075331100,W3177634032,first
A5073888022,W3177634032,middle
A5000445240,W3177634032,middle
A5079020436,W3177634032,middle
A5016624380,W3177634032,middle
A5065335369,W3177634032,middle
A5056296349,W3177634032,middle
A5025825773,W3177634032,last
A5073930300,W3177671540,first
A5035605920,W3177671540,last
A5064660687,W3177784116,first
A5048831651,W3177784116,middle
A5022255518,W3177784116,last
A5010806171,W3178009706,first
A5006589989,W3178256610,first
A5005976848,W3178256610,middle
A5052771275,W3178339117,first
A5059290684,W3178339117,middle
A5040447880,W3178339117,last
A5059967616,W3178531291,first
A5059829687,W3178531291,middle
A5089202968,W3178531291,last
A5084741530,W3178585010,last
A5031688697,W3178596981,first
A5003325440,W3178942960,first
A5020021079,W3179134982,first
A5017533702,W3179134982,middle
A5060174190,W3179134982,last
A5085378142,W3179356943,first
A5054568856,W3179356943,middle
A5022096550,W3179356943,last
A5036285785,W3179566681,last
A5031225122,W3179676143,first
A5003044729,W3179746472,first
A5055991059,W3179746472,middle
A5035908989,W3179746472,last
A5067604748,W3180125682,last
A5077089270,W3180126853,first
A5088659822,W3180219823,first
A5009433206,W3180289552,first
A5072691870,W3180289552,last
A5056224599,W3180329815,middle
A5073581143,W3180412785,middle
A5006169977,W3180412785,last
A5074525584,W3180816704,middle
A5025092398,W3180816704,last
A5090886267,W3181140240,first
A5050271502,W3181212967,last
A5032248436,W3181248748,first
A5064608039,W3181248748,middle
A5037200145,W3181248748,middle
A5000115067,W3181248748,last
A5050349892,W3181448319,middle
A5020290067,W3181448319,middle
A5010714284,W3181448319,middle
A5045941459,W3181562475,first
A5082549396,W3181562475,middle
A5044627697,W3181562475,last
A5069431890,W3182198721,first
A5090939243,W3182239211,first
A5056272467,W3182599740,last
A5076455938,W3182699905,first
A5003965931,W3182730729,first
A5017042977,W3182730729,middle
A5084254019,W3182730729,middle
A5003479852,W3182730729,last
A5062835253,W3182907331,first
A5075331100,W3182922336,first
A5073888022,W3182922336,middle
A5000445240,W3182922336,middle
A5079020436,W3182922336,middle
A5016624380,W3182922336,middle
A5065335369,W3182922336,middle
A5056296349,W3182922336,middle
A5025825773,W3182922336,last
A5025325866,W3183046835,first
A5054802397,W3183046835,middle
A5078808994,W3183046835,middle
A5085550603,W3183046835,last
A5023494312,W3183183920,last
A5014380320,W3183273515,first
A5016951886,W3183440057,first
A5042884345,W3183440057,middle
A5009754632,W3183540769,last
A5081304017,W3183822361,first
A5038792765,W3183822361,last
A5081882356,W3183830988,first
A5020040330,W3184075251,first
A5082768411,W3184273478,first
A5019197893,W3184273478,middle
A5051201519,W3184273478,last
A5041416082,W3184294575,middle
A5078138776,W3184294575,middle
A5065132415,W3184294575,middle
A5000656581,W3184298048,first
A5010766325,W3184540900,middle
A5042765540,W3184659989,first
A5077083991,W3184733251,middle
A5024995910,W3184733251,middle
A5062043545,W3184837555,first
A5054717560,W3184925186,first
A5071834024,W3185019144,first
A5091673337,W3185242921,first
A5048831651,W3185242921,middle
A5038836690,W3185242921,last
A5006697745,W3185321582,first
A5051067754,W3185372475,first
A5056714859,W3185383161,first
A5029420904,W3185475448,first
A5076494044,W3185521306,first
A5045216464,W3185661812,first
A5046297500,W3185674559,last
A5085566321,W3185779931,first
A5024404688,W3185816581,middle
A5050275408,W3185816581,last
A5005523187,W3185873471,middle
A5026176583,W3185880915,last
A5061404276,W3185948786,first
A5023349180,W3186000990,first
A5082692611,W3186147120,first
A5008614365,W3186147120,middle
A5050233273,W3186247111,middle
A5025986224,W3186247111,last
A5070873702,W3186253436,first
A5038792765,W3186347694,first
A5050841896,W3186411375,first
A5028898755,W3186411375,last
A5071345719,W3186435689,last
A5087421071,W3186608412,first
A5015226412,W3186639847,first
A5028089542,W3186646975,first
A5057586476,W3186684939,first
A5075482342,W3186684939,middle
A5033280983,W3186684939,middle
A5059621414,W3186725541,first
A5060261492,W3186765185,first
A5069668762,W3186765185,middle
A5006849736,W3186766307,first
A5074356467,W3186867137,first
A5037078872,W3186867137,last
A5005523187,W3186959679,middle
A5074242318,W3187012925,first
A5041363284,W3187044773,first
A5067999700,W3187419061,first
A5078634144,W3187565541,first
A5069154267,W3187919357,first
A5090680259,W3187940543,first
A5057141482,W3187940543,last
A5057985975,W3188570716,first
A5065436865,W3188706674,last
A5021872235,W3188735049,first
A5044510961,W3189043906,middle
A5050139285,W3189043906,middle
A5046173193,W3189043906,middle
A5041788462,W3189071712,first
A5060039482,W3189071712,last
A5043250129,W3189095908,first
A5057431137,W3189095908,middle
A5070322908,W3189095908,middle
A5068550413,W3189095908,middle
A5025807941,W3189095908,last
A5028569469,W3189136850,first
A5026688050,W3189153500,first
A5041749192,W3189153500,middle
A5013110560,W3189256368,first
A5053221351,W3189257058,middle
A5084685127,W3189257058,middle
A5086683823,W3189257058,middle
A5000949271,W3189291639,first
A5031528985,W3189291639,last
A5022201814,W3189483765,first
A5031193058,W3189632000,last
A5023504096,W3189819549,first
A5041317183,W3189919864,first
A5088803682,W3189919864,middle
A5040136820,W3189919864,middle
A5024774718,W3189919864,last
A5002680245,W3189930040,first
A5068604484,W3190504440,first
A5090425117,W3190508044,first
A5005458102,W3190508044,last
A5055258367,W3190606846,first
A5048016681,W3190606846,middle
A5079554685,W3190645722,first
A5042155265,W3190645722,middle
A5079761829,W3190645722,last
A5050297893,W3190731989,first
A5053779211,W3190776957,first
A5031344771,W3190854426,last
A5082535573,W3190909675,first
A5050279893,W3190909675,middle
A5052147335,W3190909675,middle
A5070827615,W3190909675,middle
A5013353538,W3190909675,middle
A5023767001,W3190909675,middle
A5008211323,W3190909675,middle
A5089421543,W3190909675,middle
A5043482412,W3190909675,middle
A5019247599,W3190909675,middle
A5048199386,W3190909675,middle
A5044374534,W3190909675,last
A5049225160,W3191192924,first
A5015452632,W3191353917,first
A5046621617,W3191376323,first
A5061707651,W3191538481,first
A5084765224,W3191538481,last
A5081736060,W3191657556,first
A5050629613,W3191657556,last
A5063275693,W3191728594,first
A5037816396,W3191787258,first
A5038567263,W3191787258,last
A5036719135,W3191967067,first
A5052131229,W3191967067,last
A5026162453,W3192034104,first
A5046381546,W3192109923,first
A5069326301,W3192112071,first
A5058681619,W3192112071,last
A5029376687,W3192191569,first
A5033228504,W3192191569,middle
A5010390337,W3192272926,first
A5077821163,W3192366803,middle
A5047471894,W3192414262,first
A5086737486,W3192414262,last
A5060362798,W3192490217,first
A5018006976,W3192490217,middle
A5031146693,W3193017422,last
A5071183264,W3193085383,last
A5041140653,W3193090747,first
A5019157535,W3193249747,first
A5026396822,W3193356996,middle
A5070988819,W3193384960,first
A5049316018,W3193429193,first
A5049316018,W3193429193,middle
A5016364012,W3193429193,last
A5036627372,W3193442791,first
A5056729168,W3193442791,last
A5041055145,W3193495786,first
A5024768539,W3193495786,middle
A5046173193,W3193495786,middle
A5069208662,W3193495786,middle
A5090371608,W3193495786,last
A5029965519,W3193565215,first
A5080916901,W3193566632,first
A5024774687,W3193566632,middle
A5004270435,W3193566632,last
A5067603088,W3193586500,first
A5085576580,W3193586500,last
A5053131261,W3193710941,first
A5064648907,W3193811184,first
A5008252447,W3193811184,last
A5031886487,W3193841357,first
A5064908921,W3193890938,first
A5069506463,W3193890938,middle
A5009786177,W3193924360,first
A5025408026,W3193924360,last
A5061261367,W3193983159,first
A5025922642,W3193983159,last
A5079234915,W3194058932,first
A5037202060,W3194103514,first
A5002919474,W3194386265,last
A5050395348,W3194399127,first
A5057201291,W3194399127,middle
A5057170481,W3194399127,last
A5051049331,W3194513072,first
A5089595222,W3194558004,first
A5011602248,W3194590315,first
A5077398892,W3194590315,middle
A5032928688,W3194590315,last
A5025665306,W3194646883,first
A5014498584,W3194652124,first
A5032965630,W3194652124,last
A5052334999,W3194867028,first
A5068494522,W3194867028,middle
A5041760167,W3194867028,middle
A5078096313,W3194867028,last
A5084863607,W3194983627,first
A5027626001,W3195127566,first
A5020328816,W3195158465,first
A5003558167,W3195198430,first
A5058671542,W3195198430,middle
A5074732967,W3195236445,first
A5005137508,W3195236445,last
A5009333521,W3195339613,first
A5044280107,W3195339613,middle
A5065962800,W3195339613,last
A5048273584,W3195452319,first
A5010461684,W3195482586,first
A5051067754,W3195589138,first
A5019994345,W3195593635,first
A5085768241,W3195831395,first
A5007202295,W3195839263,first
A5080014014,W3195839263,middle
A5074109337,W3195839263,last
A5064648907,W3195947903,first
A5008252447,W3195947903,last
A5053424176,W3195972554,first
A5042916844,W3195976683,first
A5039083900,W3196024674,first
A5042215192,W3196177238,first
A5047871015,W3196177238,middle
A5059972358,W3196177238,middle
A5074313064,W3196177238,last
A5036945937,W3196369963,first
A5082877482,W3196379149,first
A5081500464,W3196379149,middle
A5082877482,W3196379149,last
A5010897495,W3196467784,first
A5053203142,W3196467784,last
A5049304554,W3196552276,first
A5041055145,W3196637120,first
A5024768539,W3196637120,middle
A5046173193,W3196637120,middle
A5069208662,W3196637120,middle
A5090371608,W3196637120,last
A5014449031,W3196656752,first
A5018655903,W3196712511,first
A5046605612,W3196712511,last
A5064149782,W3196714275,first
A5004440705,W3196861565,first
A5007374635,W3196861565,middle
A5007231650,W3196861565,last
A5068085473,W3197008103,first
A5061155260,W3197008103,middle
A5065417380,W3197008103,middle
A5091802290,W3197008103,middle
A5029473053,W3197008103,last
A5070058090,W3197174028,first
A5056556295,W3197202098,first
A5083204519,W3197238063,last
A5072589407,W3197425257,first
A5009487946,W3197456816,first
A5059408108,W3197456816,middle
A5036587841,W3197456816,last
A5029428134,W3197532331,first
A5048290652,W3197626244,last
A5072514860,W3197658206,first
A5056098625,W3197658206,middle
A5036971304,W3197658206,middle
A5068471666,W3197658206,last
A5003392018,W3197681533,first
A5047665199,W3197684573,first
A5088439816,W3197704489,first
A5029942543,W3197704489,middle
A5072210863,W3197704489,last
A5006422398,W3197731078,first
A5043955676,W3197731078,last
A5079128819,W3197736089,middle
A5005428051,W3197736089,middle
A5089446294,W3197736089,middle
A5003466626,W3197736089,middle
A5011455884,W3197736625,first
A5082936216,W3197751924,first
A5029043022,W3197766111,first
A5004370917,W3197799043,first
A5048859324,W3197799043,middle
A5054502285,W3197799043,middle
A5007347877,W3197799043,last
A5087702948,W3197928871,last
A5091881486,W3197930305,middle
A5024029690,W3198009991,middle
A5079242389,W3198009991,middle
A5082595722,W3198009991,middle
A5050701697,W3198009991,middle
A5006717179,W3198009991,middle
A5039681328,W3198073128,first
A5001554813,W3198073128,middle
A5055417788,W3198073128,middle
A5024242405,W3198073128,last
A5049711176,W3198121979,first
A5076521836,W3198174216,first
A5081484667,W3198174216,middle
A5081579931,W3198174216,middle
A5055333085,W3198174216,last
A5062151572,W3198219664,first
A5079236889,W3198233485,first
A5067172669,W3198234459,first
A5075889667,W3198241828,first
A5009005230,W3198391292,first
A5042423207,W3198391292,middle
A5033443706,W3198391292,middle
A5047189052,W3198391292,last
A5084293052,W3198420576,first
A5078984352,W3198420576,middle
A5088881963,W3198420576,last
A5073408099,W3198443496,first
A5012214843,W3198443496,middle
A5080582720,W3198443496,middle
A5010685988,W3198505084,first
A5051031190,W3198587562,middle
A5029854353,W3198606074,first
A5010056351,W3198606074,middle
A5061055543,W3198606074,last
A5082575297,W3198617317,first
A5078833517,W3198617317,last
A5002073851,W3198618225,first
A5029694422,W3198618225,last
A5034493016,W3198647726,first
A5078413640,W3198726958,first
A5012261338,W3198817231,middle
A5037809550,W3198817231,middle
A5054588148,W3198817231,middle
A5050192545,W3198817231,middle
A5045316621,W3198817231,middle
A5037011105,W3198817231,middle
A5038580489,W3198817231,middle
A5089046382,W3198817231,middle
A5035543729,W3198817231,middle
A5018299329,W3198817231,last
A5060599040,W3198910013,last
A5020859112,W3198953873,first
A5010766325,W3198956201,middle
A5078503738,W3198999396,first
A5086262838,W3198999396,last
A5052719504,W3199005789,first
A5034368277,W3199025521,first
A5027165014,W3199065827,first
A5043635991,W3199065827,last
A5063923960,W3199171902,first
A5018667990,W3199171902,last
A5039598830,W3199200024,first
A5048399269,W3199206861,middle
A5039598830,W3199214702,first
A5039598830,W3199235748,first
A5017907077,W3199263003,middle
A5090563946,W3199263003,middle
A5049042097,W3199263003,last
A5088144116,W3199284435,first
A5019619264,W3199284435,last
A5036072256,W3199292550,first
A5001210246,W3199292550,middle
A5067878568,W3199292550,last
A5089687991,W3199324038,first
A5073921920,W3199338254,last
A5039673409,W3199359075,first
A5026942985,W3199359492,first
A5053330354,W3199359492,last
A5045841076,W3199371515,last
A5072609220,W3199477122,first
A5001500702,W3199477122,last
A5039598830,W3199479739,first
A5032369877,W3199503719,middle
A5080779419,W3199503719,last
A5013809751,W3199618276,middle
A5028354383,W3199618276,middle
A5070468573,W3199618276,last
A5040392637,W3199623415,middle
A5047867327,W3199623415,middle
A5003666086,W3199623415,last
A5021008480,W3199770973,first
A5039598830,W3199793681,first
A5039598830,W3199862138,first
A5014423631,W3199900899,first
A5057893119,W3199938565,first
A5059401126,W3199961825,first
A5090575787,W3199961825,last
A5056964395,W3200033592,first
A5010549657,W3200101638,first
A5091022595,W3200101638,last
A5034241456,W3200116468,first
A5089843937,W3200140326,last
A5070058788,W3200177911,first
A5055548600,W3200185468,first
A5082479164,W3200211772,middle
A5050501609,W3200222873,first
A5039598830,W3200233387,first
A5065593897,W3200323084,first
A5077725244,W3200323084,middle
A5081907167,W3200323084,middle
A5001124548,W3200323084,last
A5027109602,W3200382810,first
A5031737525,W3200382810,middle
A5027785359,W3200382810,middle
A5003973273,W3200382810,last
A5051950995,W3200497012,first
A5061746273,W3200518289,first
A5066264021,W3200518289,middle
A5012355577,W3200518289,last
A5061859583,W3200528583,middle
A5029506183,W3200528583,last
A5063217324,W3200531342,first
A5041348809,W3200531342,middle
A5046397615,W3200531342,last
A5051387215,W3200557853,first
A5046617412,W3200557853,last
A5007681440,W3200570799,last
A5089478147,W3200592331,first
A5017599989,W3200615759,first
A5014586259,W3200615759,middle
A5028930426,W3200615759,last
A5059215546,W3200648988,first
A5030318736,W3200648988,last
A5059967616,W3200669642,first
A5039598830,W3200679337,first
A5012834199,W3200705692,first
A5024303278,W3200771127,first
A5023334977,W3200771127,middle
A5069148207,W3200771127,middle
A5029093819,W3200771127,middle
A5039598830,W3200835507,first
A5086891102,W3200836462,middle
A5039598830,W3200852841,first
A5059849698,W3200940081,first
A5047563835,W3200984905,first
A5024430573,W3200995476,first
A5032630890,W3200995476,last
A5039598830,W3201030783,first
A5039598830,W3201063990,first
A5023379719,W3201068881,first
A5057504273,W3201068881,middle
A5029337245,W3201068881,middle
A5008160637,W3201231003,first
A5091109596,W3201231003,middle
A5032426460,W3201231003,middle
A5022700946,W3201231003,last
A5039598830,W3201256427,first
A5086013510,W3201336390,first
A5082191286,W3201336390,middle
A5028835942,W3201336390,middle
A5046620343,W3201336390,last
A5081408353,W3201391829,first
A5010845707,W3201391829,last
A5039598830,W3201397135,first
A5007141309,W3201447115,last
A5066936039,W3201479943,first
A5018809288,W3201514002,first
A5039598830,W3201518984,first
A5036337528,W3201565135,first
A5039598830,W3201652993,first
A5075094875,W3201742899,first
A5000798563,W3201742899,middle
A5014836787,W3201742899,middle
A5055938972,W3201907630,first
A5016111913,W3201969704,first
A5029120809,W3201969704,middle
A5065399770,W3201969704,middle
A5041828083,W3201969704,middle
A5090975476,W3201969704,middle
A5004538072,W3201969704,middle
A5053259161,W3201969704,last
A5026532746,W3202041809,first
A5031078735,W3202115536,first
A5078444239,W3202136968,first
A5037669427,W3202237654,first
A5063342436,W3202428174,first
A5079185773,W3202458243,first
A5056759941,W3202503851,first
A5016193373,W3202650593,first
A5003485327,W3202676706,last
A5072391015,W3202848216,middle
A5025989324,W3202986229,first
A5008745737,W3203007928,first
A5052692708,W3203007928,middle
A5074602415,W3203007928,last
A5023496999,W3203183017,middle
A5040354980,W3203183017,last
A5024925031,W3203195011,first
A5073924795,W3203195011,last
A5031715686,W3203299534,first
A5051387215,W3203419957,first
A5028415636,W3203419957,last
A5064317805,W3203487518,first
A5026288547,W3203487518,middle
A5061746273,W3203729898,first
A5066264021,W3203729898,middle
A5012355577,W3203729898,last
A5047714863,W3203804707,first
A5025279275,W3203863400,middle
A5065927198,W3203863400,last
A5082829937,W3203893501,first
A5022303909,W3203920092,first
A5013313723,W3203951142,first
A5091711243,W3203951142,last
A5050430266,W3203958090,first
A5042930280,W3203958090,middle
A5019764221,W3203958090,middle
A5079879864,W3203958090,middle
A5041629206,W3203958090,middle
A5044639561,W3203958090,middle
A5035297055,W3203958090,middle
A5028221744,W3203958090,middle
A5047608606,W3203958090,middle
A5057803033,W3203958090,last
A5091896080,W3204268495,first
A5018427613,W3204268495,last
A5050738207,W3204509850,first
A5005258575,W3204626964,first
A5029093819,W3204723115,middle
A5077111855,W3204813299,first
A5040636956,W3204956889,middle
A5008942008,W3204981844,first
A5036904939,W3205024772,first
A5056852448,W3205024772,last
A5051392570,W3205126353,first
A5033546888,W3205126353,middle
A5010973698,W3205126353,last
A5053662486,W3205271287,first
A5079171037,W3205271287,last
A5029286218,W3205497432,first
A5015535460,W3205497432,last
A5072489431,W3205545969,first
A5082366423,W3205545969,middle
A5062676523,W3205545969,middle
A5049753764,W3205545969,middle
A5038010386,W3205586502,first
A5027707708,W3205628197,first
A5088621425,W3205712776,first
A5052714134,W3205722082,first
A5014554950,W3206364936,first
A5040245429,W3206364936,last
A5006297499,W3206519158,first
A5090989509,W3206519158,middle
A5003859694,W3206519158,middle
A5079733597,W3206519158,middle
A5081310398,W3206519158,last
A5004180387,W3206643455,first
A5010781223,W3206761278,first
A5089214617,W3206967821,first
A5091636528,W3207108310,first
A5091636528,W3207108310,last
A5036211273,W3207330603,first
A5027401903,W3207330603,middle
A5053577326,W3207330603,middle
A5004588014,W3207330603,middle
A5005934483,W3207336997,first
A5013393872,W3207353905,middle
A5037261758,W3207406733,middle
A5052931994,W3207406733,middle
A5066544193,W3207409989,middle
A5034081357,W3207409989,last
A5052386516,W3207468406,last
A5066960178,W3207558028,middle
A5061896540,W3207688031,first
A5066581366,W3207688031,middle
A5032338316,W3207688031,last
A5027888963,W3207697104,first
A5084918730,W3207697104,middle
A5005238842,W3207697104,last
A5090455704,W3207761691,first
A5035585945,W3207761691,middle
A5032826979,W3207761691,middle
A5082432932,W3207761691,last
A5018563086,W3207830350,first
A5017362544,W3207911136,first
A5069447319,W3207911136,middle
A5078307688,W3207973220,first
A5024909383,W3207973220,middle
A5053698150,W3207973220,middle
A5008135322,W3207973220,last
A5058643222,W3207993644,first
A5003521155,W3208002428,first
A5075419705,W3208086569,middle
A5040324629,W3208339542,first
A5039030171,W3208339542,last
A5065806035,W3208376575,first
A5087749410,W3208400198,first
A5054139301,W3208543763,first
A5048057594,W3208567764,last
A5019058531,W3208585582,first
A5065624441,W3208585582,last
A5073025567,W3208644699,middle
A5040411707,W3208644699,middle
A5059912431,W3208644699,middle
A5022015316,W3208644699,middle
A5038642110,W3208644699,middle
A5037839311,W3208644699,middle
A5019523011,W3208644699,last
A5008501602,W3208655578,first
A5090501915,W3208685623,first
A5025741195,W3208685623,last
A5014013189,W3208825965,first
A5037158234,W3208825965,middle
A5050730423,W3208825965,last
A5088443633,W3208840784,last
A5091683104,W3208890437,first
A5071046786,W3209009238,first
A5068291323,W3209009238,middle
A5046934667,W3209009238,middle
A5053804092,W3209053199,middle
A5082949751,W3209106686,first
A5007465292,W3209238020,first
A5063985497,W3209238020,middle
A5057863052,W3209238020,last
A5075459877,W3209238203,last
A5027282397,W3209477407,first
A5040245429,W3209477407,middle
A5082836366,W3209477407,last
A5025241006,W3209678147,first
A5010344275,W3209678147,middle
A5055375825,W3209678147,middle
A5045655705,W3209678147,middle
A5031002895,W3209708143,first
A5037636074,W3209708143,middle
A5032448836,W3209708143,middle
A5037473201,W3209708143,last
A5056812379,W3209731988,first
A5041191772,W3209751462,middle
A5020702999,W3209863062,first
A5018593969,W3209942929,first
A5028091939,W3210126310,first
A5054279715,W3210126310,middle
A5026731419,W3210126310,last
A5084823359,W3210211330,first
A5015301645,W3210316776,first
A5074737251,W3210394525,first
A5002315545,W3210394525,middle
A5007635720,W3210394525,middle
A5006872667,W3210394525,middle
A5045494777,W3210394525,middle
A5027667267,W3210394525,middle
A5031895578,W3210394525,middle
A5073404100,W3210394525,middle
A5077435236,W3210394525,middle
A5031651630,W3210394525,middle
A5070290151,W3210394525,middle
A5054561327,W3210394525,last
A5041626389,W3210491190,first
A5083990407,W3210504390,first
A5057217338,W3210509079,first
A5025599895,W3210509079,last
A5038870228,W3210649667,middle
A5075794405,W3210711116,middle
A5002422328,W3210711116,last
A5083185319,W3210804902,first
A5065953146,W3210804902,middle
A5076070516,W3210804902,last
A5021835804,W3210827504,first
A5027918520,W3210827504,middle
A5073351465,W3210827504,last
A5076683183,W3210873070,first
A5077949687,W3210873070,last
A5026043956,W3210966758,middle
A5027225138,W3210966758,last
A5082683748,W3211055873,first
A5015896033,W3211062021,middle
A5034292557,W3211062021,last
A5038229891,W3211084142,first
A5060490902,W3211084142,middle
A5022700946,W3211084142,last
A5012589230,W3211122464,last
A5020404880,W3211345412,last
A5029187193,W3211422645,first
A5074637011,W3211619956,last
A5033402068,W3211633599,first
A5079714506,W3211643663,first
A5073794606,W3211665612,middle
A5070357435,W3211665612,last
A5007129282,W3211688835,first
A5009939605,W3211688835,middle
A5005793330,W3211688835,last
A5045799208,W3211749854,first
A5085228028,W3211770386,first
A5057185084,W3211772148,first
A5061775631,W3211785582,first
A5049606809,W3211881964,last
A5053642227,W3211895138,last
A5080996343,W3211962617,first
A5049606809,W3211962617,last
A5050624163,W3212007902,first
A5045316734,W3212019107,first
A5032679417,W3212112489,first
A5067283758,W3212220889,first
A5087786275,W3212235391,first
A5049700514,W3212300087,first
A5058377871,W3212300087,last
A5048470429,W3212328949,middle
A5043466701,W3212403251,first
A5078007621,W3212464039,first
A5056108169,W3212464039,middle
A5087439823,W3212464039,middle
A5069383879,W3212464039,last
A5060201688,W3212505272,middle
A5022572062,W3212505272,middle
A5089101580,W3212505272,middle
A5069245868,W3212505272,middle
A5049806248,W3212505272,last
A5089030037,W3212523953,middle
A5066738004,W3212530733,first
A5009255854,W3212530733,middle
A5063553347,W3212530733,middle
A5016371456,W3212530733,last
A5086891275,W3212531503,middle
A5016007342,W3212531503,last
A5038618677,W3212543153,first
A5090679788,W3212543153,last
A5086319254,W3212699188,first
A5030221723,W3212711400,first
A5001089616,W3212767327,last
A5084775793,W3212783276,first
A5005839517,W3212783276,middle
A5033387685,W3212783276,middle
A5062549399,W3212783276,last
A5077561974,W3212819125,first
A5042600463,W3212875658,first
A5003010217,W3212972196,first
A5055555073,W3212972196,last
A5011442841,W3213209078,first
A5015902125,W3213209078,middle
A5044282179,W3213209078,middle
A5019609485,W3213209078,middle
A5048937508,W3213209078,middle
A5067143303,W3213209078,middle
A5090950667,W3213209078,middle
A5070093758,W3213209078,middle
A5009351660,W3213209078,middle
A5000489917,W3213209078,middle
A5058586148,W3213209078,middle
A5044680920,W3213209078,middle
A5039192021,W3213209078,middle
A5030748343,W3213209078,middle
A5074169307,W3213209078,last
A5029834729,W3213318884,first
A5083807291,W3213318884,middle
A5085622001,W3213318884,last
A5074743573,W3213327651,first
A5072739775,W3213327651,middle
A5005481063,W3213327651,middle
A5066044089,W3213327651,last
A5076996703,W3213373984,first
A5013938111,W3213469589,first
A5003531216,W3213521152,first
A5091672606,W3213536833,first
A5004618233,W3213657690,first
A5086865721,W3213657690,last
A5045418207,W3213698072,first
A5004674515,W3213999353,first
A5041778179,W3214109842,first
A5020905473,W3214179469,first
A5049398785,W3214191884,first
A5060763533,W3214191884,middle
A5066680347,W3214191884,middle
A5013266148,W3214191884,middle
A5033198799,W3214191884,middle
A5042745853,W3214191884,middle
A5005866826,W3214191884,last
A5090841336,W3214246856,first
A5062266220,W3214246856,last
A5022610775,W3214271521,first
A5004109203,W3214271521,last
A5090482311,W3214426774,first
A5016062350,W3214438125,first
A5002253643,W3214438125,middle
A5056252762,W3214438125,middle
A5045173458,W3214438125,last
A5063526991,W3214473339,first
A5061491521,W3214478875,middle
A5030377777,W3214478875,last
A5036267497,W3214909426,first
A5086298624,W3215010086,first
A5055386329,W3215104810,first
A5041839314,W3215167416,first
A5001610837,W3215167416,last
A5008057207,W3215203884,first
A5070591850,W3215203884,last
A5085798332,W3215236952,first
A5038468196,W3215278657,first
A5089191902,W3215346821,first
A5088868795,W3215725618,first
A5086403520,W3215726891,first
A5074493410,W3215726891,middle
A5059188832,W3215726891,last
A5088743816,W3215764685,first
A5082651095,W3215764685,last
A5025644020,W3215870646,first
A5010753267,W3215933629,middle
A5016624813,W3216020689,first
A5046277889,W3216056228,first
A5018353623,W3216056228,middle
A5033982876,W3216056228,middle
A5079139740,W3216089776,first
A5061283138,W3216089776,last
A5044718910,W3216138053,middle
A5033074824,W3216138053,middle
A5044934727,W3216138053,last
A5064135868,W3216245604,middle
A5016541555,W3216451719,first
A5087401250,W3216451719,middle
A5033912893,W3216451719,last
A5070693239,W3216550112,middle
A5007723033,W3216695357,first
A5075717701,W3216695357,middle
A5034826144,W3216695357,middle
A5063642673,W3216695357,middle
A5072404159,W3216695357,middle
A5005904006,W3216695357,middle
A5018527188,W3216695357,last
A5028962014,W3216717697,first
A5030692011,W3216717697,middle
A5056112602,W3216717697,last
A5022061562,W3216730735,middle
A5084984842,W3216787227,first
A5022835083,W3216853802,last
A5075491724,W3216896584,first
A5086208264,W3216921511,first
A5064320284,W3216997546,middle
A5044101391,W3217127403,first
A5054138257,W3217253295,first
A5048480522,W3217388243,first
A5014243196,W3217410858,middle
A5028962014,W3217419104,first
A5030692011,W3217419104,middle
A5056112602,W3217419104,last
A5021494213,W3217439602,first
A5045400757,W3217439602,middle
A5021883918,W3217439602,middle
A5067624245,W3217439669,first
A5022735755,W3217440224,first
A5003904999,W3217671738,first
A5049405285,W3217671738,last
A5074285591,W3217753115,first
A5081097346,W3217753115,last
A5041096205,W3217797705,first
A5005240622,W3217797705,middle
A5011038627,W3217797705,last
A5081500464,W4200053806,first
A5082877482,W4200053806,last
A5010025659,W4200062079,first
A5017984606,W4200062079,middle
A5004969470,W4200065222,first
A5001709007,W4200065222,last
A5005337570,W4200085649,first
A5068537685,W4200087342,first
A5032826979,W4200090313,first
A5047246113,W4200090542,first
A5037089112,W4200099337,last
A5050616228,W4200117901,first
A5046421151,W4200117901,last
A5008528194,W4200127534,middle
A5049857076,W4200131795,middle
A5031591032,W4200155962,first
A5060077214,W4200156952,first
A5083331228,W4200160474,first
A5042695842,W4200177939,first
A5089555754,W4200177939,last
A5029390596,W4200183120,first
A5009636640,W4200183120,middle
A5036599013,W4200183120,last
A5058531311,W4200186022,first
A5084309516,W4200197693,first
A5084982785,W4200207376,first
A5010470292,W4200250718,middle
A5078490300,W4200250718,last
A5004218907,W4200289320,first
A5008814570,W4200289851,last
A5016879829,W4200309270,first
A5089407434,W4200309270,last
A5021008480,W4200370114,first
A5025747344,W4200411302,first
A5062283593,W4200411312,first
A5029475975,W4200411312,last
A5070195528,W4200446595,first
A5000950203,W4200470454,first
A5040392637,W4200477333,middle
A5047867327,W4200477333,middle
A5003666086,W4200477333,last
A5056362927,W4200479774,middle
A5084753239,W4200479774,middle
A5000100609,W4200479774,middle
A5088491556,W4200479774,middle
A5078331060,W4200479774,middle
A5037668866,W4200479774,last
A5011781957,W4200522719,first
A5081687048,W4200570211,last
A5045418207,W4200572473,first
A5016786154,W4200573396,first
A5028023816,W4200589637,first
A5070329417,W4200599943,first
A5021008480,W4200602921,first
A5014303414,W4205112501,first
A5089434478,W4205116518,first
A5086292038,W4205132269,first
A5030221723,W4205137597,first
A5007324249,W4205178673,first
A5042885060,W4205178673,last
A5069453171,W4205200171,first
A5071385388,W4205200576,first
A5090125204,W4205274471,first
A5080366175,W4205323807,first
A5083132017,W4205335526,first
A5074451226,W4205335526,middle
A5012150553,W4205335526,last
A5062043545,W4205349203,first
A5018876883,W4205367706,last
A5034635089,W4205375353,first
A5014702428,W4205397725,first
A5033158286,W4205397725,middle
A5034864773,W4205397725,last
A5048758245,W4205440101,first
A5024610782,W4205442023,last
A5073287833,W4205453615,first
A5067610354,W4205465645,first
A5019197893,W4205505473,first
A5051201519,W4205505473,middle
A5082768411,W4205505473,last
A5067024577,W4205507686,first
A5080150318,W4205567455,first
A5032304732,W4205572115,first
A5073351355,W4205610320,first
A5054423586,W4205635358,first
A5024430573,W4205662162,first
A5032630890,W4205662162,middle
A5070920133,W4205669704,last
A5005072193,W4205675980,first
A5067299655,W4205675980,last
A5057341982,W4205702708,first
A5009201646,W4205702708,middle
A5066539391,W4205702708,middle
A5045091456,W4205702708,middle
A5010786661,W4205702708,middle
A5085826758,W4205702708,last
A5004801704,W4205813379,first
A5055533566,W4205813379,last
A5026103274,W4205911177,first
A5018873219,W4205994708,first
A5089687991,W4205997287,first
A5013016113,W4206003412,first
A5066520538,W4206003412,last
A5031736512,W4206041853,first
A5053446418,W4206073653,first
A5051966501,W4206127944,first
A5087065870,W4206127944,last
A5063202877,W4206127984,first
A5057189497,W4206141334,first
A5074178920,W4206163571,first
A5053118519,W4206165728,first
A5013337350,W4206168113,first
A5067439115,W4206192904,first
A5003523497,W4206194688,first
A5055717338,W4206216576,last
A5003810007,W4206232241,first
A5066378717,W4206243882,first
A5017202660,W4206243882,last
A5059332839,W4206253830,first
A5027017018,W4206296466,first
A5032413984,W4206296847,first
A5038878860,W4206296847,last
A5000499123,W4206303177,first
A5088505348,W4206303177,last
A5090425117,W4206324729,first
A5005458102,W4206324729,last
A5080546750,W4206356265,first
A5029740367,W4206356265,middle
A5017587633,W4206358195,middle
A5036350314,W4206372035,first
A5050660826,W4206380693,first
A5065368881,W4206380693,middle
A5067205988,W4206380693,middle
A5075516550,W4206380693,middle
A5012966309,W4206380693,middle
A5007359599,W4206380693,middle
A5029243115,W4206380693,middle
A5005867844,W4206380693,middle
A5077667229,W4206380693,last
A5085081376,W4206446363,first
A5013025849,W4206451024,first
A5058816575,W4206451024,middle
A5013635993,W4206451024,last
A5042789505,W4206454280,middle
A5018323169,W4206454280,middle
A5026370269,W4206454280,middle
A5087875836,W4206454280,middle
A5001060120,W4206454280,last
A5039125762,W4206475901,first
A5028740097,W4206485343,first
A5023036312,W4206517754,first
A5014011458,W4206551624,first
A5005047709,W4206577085,first
A5066289364,W4206676080,last
A5051966501,W4206679775,first
A5014610602,W4206679775,last
A5009845454,W4206726704,middle
A5041363284,W4206813190,first
A5036417789,W4206815362,first
A5024327117,W4206849617,middle
A5047720240,W4206849617,middle
A5091392485,W4206849617,middle
A5000813701,W4206872895,first
A5015742012,W4206872895,last
A5013640212,W4206913464,first
A5078810500,W4206913464,last
A5006820576,W4207037093,first
A5063994115,W4210291929,last
A5070393587,W4210292381,first
A5013195270,W4210294775,first
A5044167939,W4210294775,middle
A5052352119,W4210294775,middle
A5004370917,W4210294775,last
A5031125458,W4210334977,first
A5070997886,W4210346265,last
A5019847073,W4210365714,first
A5004905403,W4210365714,middle
A5026499318,W4210365714,last
A5008652406,W4210408230,first
A5089366076,W4210408230,middle
A5052810941,W4210408230,last
A5065353209,W4210502306,first
A5052695968,W4210502306,last
A5051231020,W4210535523,first
A5006135009,W4210538193,first
A5059332839,W4210676196,first
A5038592969,W4210762195,first
A5053051375,W4210859210,first
A5021498391,W4210953694,middle
A5068370580,W4210953694,middle
A5063653804,W4211012458,first
A5043823537,W4211012458,last
A5035456881,W4211034951,first
A5017332073,W4211137057,middle
A5078929177,W4211137057,middle
A5069899760,W4211137057,middle
A5062915021,W4211137057,middle
A5072766585,W4211137057,middle
A5019041324,W4212763782,first
A5091633719,W4212763782,last
A5050115416,W4212782067,first
A5088144116,W4212785773,first
A5019619264,W4212785773,last
A5009924754,W4212925498,first
A5014171906,W4212925498,middle
A5031666849,W4212925498,middle
A5020976628,W4212925498,last
A5071274975,W4213000121,middle
A5063154944,W4213000121,last
A5087502169,W4213005697,last
A5006922713,W4213065317,first
A5060640173,W4213085134,first
A5056556295,W4213156248,first
A5010192969,W4213191373,first
A5087347697,W4213229974,first
A5081825312,W4213427378,first
A5030781096,W4214512842,first
A5074650679,W4214624602,first
A5037632750,W4214745913,middle
A5004977018,W4214745913,middle
A5028763319,W4214745913,middle
A5067457694,W4214819213,first
A5088353043,W4214830974,first
A5078223990,W4214956958,first
A5050888090,W4214956958,middle
A5077832285,W4214956958,middle
A5038858424,W4214956958,last
A5057674986,W4225243748,first
A5008993849,W4226000590,first
A5057674986,W4226070963,first
A5008993849,W4226150884,first
A5057674986,W4226159922,first
A5067643590,W4226311670,first
A5057674986,W4226318853,first
A5057674986,W4226372419,first
A5057674986,W4226511169,first
A5050107296,W4229771357,first
A5004728349,W4230020168,first
A5059515614,W4230020168,middle
A5049464802,W4230020168,last
A5033463663,W4230079425,first
A5072898619,W4230450804,first
A5030551100,W4230450804,middle
A5054710928,W4230652752,first
A5081334025,W4230940333,last
A5037761912,W4230988243,first
A5075116212,W4231043245,first
A5066507377,W4231533568,first
A5017093934,W4231877744,first
A5015829118,W4231877744,last
A5086814293,W4231975285,first
A5014438160,W4231975285,middle
A5091120215,W4231975285,middle
A5057071669,W4231975285,middle
A5037484503,W4231975285,last
A5070083041,W4232439613,first
A5074878980,W4232590580,first
A5034635089,W4232600610,first
A5051586829,W4233034831,first
A5064621861,W4233147957,first
A5003105685,W4233147957,middle
A5048354076,W4233147957,last
A5034635089,W4233193694,first
A5066111003,W4233568328,first
A5063632175,W4234016179,first
A5011182510,W4234016179,middle
A5078830328,W4234016179,last
A5066816675,W4234080213,first
A5036137202,W4234858868,first
A5020753219,W4234924280,first
A5067024166,W4235464802,first
A5019915730,W4235533661,first
A5028137676,W4236117011,first
A5035188278,W4236201940,first
A5073256902,W4236201940,last
A5034635089,W4236275715,first
A5022840676,W4236829967,first
A5052821522,W4236829967,last
A5016569068,W4237116467,first
A5039320939,W4237116467,last
A5059437475,W4237235357,first
A5089509156,W4237740384,first
A5043606036,W4237740384,last
A5046185637,W4238197573,first
A5000496733,W4238382809,first
A5058984813,W4238429884,first
A5055126728,W4238429884,last
A5009911041,W4238469000,first
A5025518674,W4238584912,first
A5017680634,W4238649238,middle
A5042936210,W4238649238,last
A5016838632,W4238665159,first
A5074413858,W4238665159,middle
A5084074039,W4238665159,middle
A5004523290,W4238665159,middle
A5063188437,W4238665159,last
A5017619299,W4238694435,first
A5052475314,W4239183780,first
A5049507162,W4239183780,last
A5026260048,W4239342031,last
A5068010379,W4239357082,first
A5027099057,W4239523593,first
A5074780573,W4239523593,last
A5016953660,W4239540249,first
A5062481872,W4239692908,first
A5069573186,W4240531855,first
A5009966952,W4240627500,first
A5007586905,W4240961983,first
A5028844862,W4240996462,first
A5065058581,W4241601870,first
A5008297571,W4241601870,last
A5010325897,W4241972347,last
A5046226173,W4242027552,first
A5059044651,W4242027552,last
A5066507377,W4242523226,middle
A5018938738,W4242523226,last
A5082645155,W4243193632,first
A5034635089,W4243247525,first
A5029477698,W4243284333,first
A5083194558,W4243284333,middle
A5024556694,W4243284333,last
A5059885970,W4243385371,first
A5066507377,W4243599895,first
A5084582990,W4243781741,last
A5064149782,W4243807550,middle
A5028762211,W4243935913,first
A5085181870,W4243935913,last
A5025961342,W4243997632,first
A5065576294,W4244071129,first
A5070054935,W4244250136,first
A5060137850,W4244336715,first
A5030562076,W4244336715,last
A5072001527,W4244531724,first
A5072990609,W4244531724,middle
A5091732799,W4244531724,middle
A5038870778,W4244531724,middle
A5089375131,W4244531724,middle
A5016101298,W4244531724,middle
A5031770296,W4244531724,middle
A5051536989,W4244531724,middle
A5086679725,W4244531724,middle
A5080326559,W4244531724,middle
A5011855832,W4244531724,middle
A5075613137,W4244531724,middle
A5000451908,W4244531724,middle
A5039959769,W4244531724,middle
A5020438142,W4244531724,last
A5057552053,W4245173720,first
A5046521217,W4245173720,middle
A5020338573,W4245173720,last
A5081406315,W4245520637,first
A5069051297,W4245643869,last
A5025655254,W4245650827,first
A5000851902,W4245688337,first
A5051857079,W4245688337,middle
A5081115472,W4245688337,last
A5034635089,W4245906715,first
A5065058581,W4245914376,first
A5019494994,W4245914376,middle
A5054256492,W4245914376,last
A5084742045,W4245917457,first
A5090440513,W4245972986,first
A5075822986,W4245990720,first
A5079174269,W4245990720,middle
A5043945029,W4245990720,last
A5034249208,W4246092475,first
A5069787384,W4246695517,first
A5008052931,W4246872309,first
A5066389295,W4246995590,first
A5075646521,W4246995590,middle
A5064756979,W4246995590,middle
A5032100434,W4246995590,last
A5028863006,W4247384401,first
A5049004212,W4247507032,first
A5021341097,W4247514705,first
A5069775907,W4247581620,first
A5017680634,W4247633554,middle
A5042936210,W4247633554,last
A5033049702,W4248272393,first
A5040485363,W4248591519,middle
A5063994115,W4249088606,last
A5034635089,W4249208005,first
A5050841896,W4249309160,first
A5028898755,W4249309160,last
A5017670243,W4249538993,first
A5077625109,W4249711689,last
A5034635089,W4249715341,first
A5064660687,W4250173822,first
A5048831651,W4250173822,middle
A5045447396,W4251019251,first
A5020729884,W4251019251,middle
A5036677589,W4251019251,middle
A5086764360,W4251019251,middle
A5084069506,W4251019251,middle
A5068567982,W4251019251,last
A5021308196,W4251623074,first
A5082144210,W4251623074,last
A5049532227,W4251653130,first
A5034493016,W4251714057,first
A5052124920,W4251760513,first
A5034635089,W4251993019,first
A5013271758,W4252103872,first
A5028101541,W4252285990,first
A5016174489,W4253229390,first
A5050279461,W4253481554,first
A5014750183,W4254017947,first
A5045436977,W4254503583,first
A5043414998,W4254503583,middle
A5033814219,W4254698011,last
A5024976783,W4254987494,first
A5013989294,W4255432119,first
A5028863006,W4255847854,first
A5081848578,W4256281879,first
A5052475314,W4256281879,middle
A5079957387,W4256281879,last
A5004393034,W4256334917,first
A5000100573,W4256334917,middle
A5009138721,W4256366928,first
A5020915110,W4285050707,first
A5046627731,W4285050707,last
A5051596272,W4285328636,first
A5069573186,W4285344551,first
A5079166749,W4285357630,first
A5046621617,W4285362882,first
A5046621617,W4285362891,first
A5046621617,W4285363531,first
A5073958329,W4285489125,first
A5044038805,W4285489125,middle
A5042149473,W4285489125,last
A5088746380,W4285521182,first
A5032964462,W4285521182,middle
A5003469648,W4285521182,middle
A5068205624,W4285521182,middle
A5045535958,W4285521182,last
A5060576521,W4285532271,first
A5053042574,W4285532271,middle
A5028639654,W4285532271,middle
A5063481738,W4285532271,last
A5019999408,W4285539210,first
A5065364725,W4285539210,middle
A5012055259,W4285539210,middle
A5046143115,W4285539210,last
A5048105169,W4285545687,first
A5009900084,W4285550244,first
A5003469648,W4286386746,first
A5076204770,W4286386746,middle
A5067643590,W4286844675,first
A5014827780,W4286895292,first
A5057674986,W4286899239,first
A5024703801,W4286903400,first
A5067609002,W4286903400,middle
A5046665823,W4286903400,last
A5049398785,W4286904783,first
A5060763533,W4286904783,middle
A5066680347,W4286904783,middle
A5013266148,W4286904783,middle
A5061469691,W4286904783,middle
A5042745853,W4286904783,middle
A5005866826,W4286904783,last
A5057674986,W4286904874,first
A5038096249,W4286905390,first
A5005844253,W4286905390,middle
A5053984451,W4286905390,middle
A5037103764,W4286905390,middle
A5041809825,W4286905390,middle
A5017614195,W4286905390,middle
A5073699642,W4286905390,middle
A5051459358,W4286905390,last
A5057674986,W4286953259,first
A5032667893,W4286963486,first
A5067228330,W4286963486,middle
A5030109986,W4286963486,last
A5016233029,W4286963520,first
A5032667893,W4286963817,first
A5067228330,W4286963817,middle
A5030109986,W4286963817,last
A5032667893,W4286964316,first
A5067228330,W4286964316,middle
A5030109986,W4286964316,last
A5032667893,W4286964948,first
A5067228330,W4286964948,middle
A5030109986,W4286964948,last
A5032667893,W4286965021,first
A5067228330,W4286965021,middle
A5030109986,W4286965021,last
A5057674986,W4286967576,first
A5057674986,W4286974553,first
A5057674986,W4286982957,first
A5054064145,W4286983953,first
A5088425419,W4287006315,last
A5057674986,W4287007089,first
A5040374672,W4287020485,first
A5064887259,W4287020485,last
A5000813701,W4287021267,first
A5015742012,W4287021267,last
A5057674986,W4287022139,first
A5078147241,W4287025632,first
A5009305087,W4287025632,middle
A5082535573,W4287025632,middle
A5046630253,W4287025632,middle
A5063091956,W4287025632,last
A5057674986,W4287026128,first
A5057674986,W4287028651,first
A5057674986,W4287064851,first
A5057674986,W4287070172,first
A5057674986,W4287077818,first
A5057674986,W4287083385,first
A5057674986,W4287109969,first
A5057674986,W4287114264,first
A5057674986,W4287117724,first
A5083440261,W4287121251,middle
A5057674986,W4287121752,first
A5057674986,W4287122598,first
A5057674986,W4287126675,first
A5086441180,W4287164788,middle
A5088235676,W4287164788,middle
A5046039018,W4287164788,middle
A5014987643,W4287164788,middle
A5003849047,W4287164788,middle
A5037762915,W4287164788,last
A5057674986,W4287168563,first
A5057674986,W4287179551,first
A5057674986,W4287181897,first
A5077899424,W4287183002,first
A5057674986,W4287184352,first
A5057674986,W4287196527,first
A5057674986,W4287202282,first
A5088440366,W4287210453,first
A5057674986,W4287215020,first
A5047932202,W4287244988,first
A5077254831,W4287244988,middle
A5025565543,W4287244988,middle
A5026536318,W4287244988,middle
A5016618286,W4287244988,middle
A5051697772,W4287244988,middle
A5037332948,W4287244988,middle
A5078574033,W4287244988,middle
A5088738795,W4287244988,middle
A5048379980,W4287244988,middle
A5072739193,W4287244988,middle
A5012292616,W4287244988,middle
A5055312025,W4287244988,middle
A5009309313,W4287244988,middle
A5066359799,W4287244988,middle
A5031572520,W4287244988,middle
A5013190596,W4287244988,middle
A5041146664,W4287244988,middle
A5028754666,W4287244988,middle
A5005156318,W4287244988,middle
A5039584836,W4287244988,middle
A5068543892,W4287244988,middle
A5074885928,W4287244988,middle
A5071655967,W4287244988,middle
A5043327775,W4287244988,middle
A5062906790,W4287244988,middle
A5012748071,W4287244988,middle
A5056588536,W4287244988,middle
A5060690216,W4287244988,middle
A5019192130,W4287244988,middle
A5039217965,W4287244988,middle
A5066835422,W4287244988,middle
A5040561508,W4287244988,middle
A5059439673,W4287244988,middle
A5080510693,W4287244988,middle
A5002747181,W4287244988,middle
A5040324682,W4287244988,middle
A5002979461,W4287244988,middle
A5067028329,W4287244988,middle
A5040468806,W4287244988,middle
A5056965097,W4287244988,middle
A5041326453,W4287244988,middle
A5022828632,W4287244988,middle
A5023833979,W4287244988,middle
A5012498699,W4287244988,middle
A5073373203,W4287244988,middle
A5075497720,W4287244988,middle
A5041322005,W4287244988,middle
A5068365822,W4287244988,middle
A5049170646,W4287244988,middle
A5068026012,W4287244988,middle
A5016693103,W4287244988,middle
A5016050401,W4287244988,middle
A5050720850,W4287244988,last
A5047932202,W4287248643,first
A5077254831,W4287248643,middle
A5025565543,W4287248643,middle
A5026536318,W4287248643,middle
A5016618286,W4287248643,middle
A5051697772,W4287248643,middle
A5037332948,W4287248643,middle
A5078574033,W4287248643,middle
A5088738795,W4287248643,middle
A5048379980,W4287248643,middle
A5072739193,W4287248643,middle
A5012292616,W4287248643,middle
A5055312025,W4287248643,middle
A5009309313,W4287248643,middle
A5066359799,W4287248643,middle
A5031572520,W4287248643,middle
A5013190596,W4287248643,middle
A5041146664,W4287248643,middle
A5028754666,W4287248643,middle
A5005156318,W4287248643,middle
A5039584836,W4287248643,middle
A5068543892,W4287248643,middle
A5074885928,W4287248643,middle
A5071655967,W4287248643,middle
A5043327775,W4287248643,middle
A5062906790,W4287248643,middle
A5012748071,W4287248643,middle
A5056588536,W4287248643,middle
A5060690216,W4287248643,middle
A5019192130,W4287248643,middle
A5039217965,W4287248643,middle
A5040561508,W4287248643,middle
A5059439673,W4287248643,middle
A5080510693,W4287248643,middle
A5002747181,W4287248643,middle
A5040324682,W4287248643,middle
A5002979461,W4287248643,middle
A5067028329,W4287248643,middle
A5040468806,W4287248643,middle
A5056965097,W4287248643,middle
A5041326453,W4287248643,middle
A5022828632,W4287248643,middle
A5023833979,W4287248643,middle
A5012498699,W4287248643,middle
A5073373203,W4287248643,middle
A5075497720,W4287248643,middle
A5041322005,W4287248643,middle
A5068365822,W4287248643,middle
A5049170646,W4287248643,middle
A5068026012,W4287248643,middle
A5016693103,W4287248643,middle
A5016050401,W4287248643,middle
A5050720850,W4287248643,last
A5070988819,W4287252681,first
A5057674986,W4287265596,first
A5057674986,W4287326485,first
A5057674986,W4287329197,first
A5057674986,W4287332106,first
A5009487946,W4287332266,first
A5059408108,W4287332266,middle
A5036587841,W4287332266,last
A5070041767,W4287338510,first
A5090062144,W4287338510,last
A5057674986,W4287365150,first
A5044667397,W4287369862,first
A5012906070,W4287370163,last
A5037736274,W4287371669,first
A5057674986,W4287372112,first
A5057674986,W4287389619,first
A5057674986,W4287392721,first
A5050274397,W4287395560,middle
A5002099952,W4287395560,last
A5011228467,W4287411919,first
A5052050350,W4287411919,last
A5001036185,W4287412996,first
A5009098368,W4287412996,middle
A5091408329,W4287412996,last
A5011116979,W4287426361,middle
A5011228467,W4287480323,first
A5052050350,W4287480323,last
A5054103414,W4287518856,first
A5067353369,W4287518856,middle
A5042307561,W4287518856,last
A5057674986,W4287519629,first
A5020915110,W4287532054,first
A5046627731,W4287532054,last
A5001568677,W4287635972,first
A5034647327,W4287635972,middle
A5052803333,W4287635972,last
A5070041767,W4288416544,first
A5090062144,W4288416544,last
A5074774086,W4288793340,first
A5025881984,W4288793340,middle
A5026067285,W4288793340,middle
A5039321020,W4288793340,last
A5013431272,W4288793341,first
A5081026210,W4288793341,middle
A5030691023,W4288793341,last
A5072289693,W4288793343,last
A5077634959,W4288793344,first
A5048981050,W4288793344,middle
A5072289693,W4288793344,middle
A5017796029,W4288793344,middle
A5041586281,W4288793344,last
A5029160657,W4288793345,first
A5009746150,W4288793345,middle
A5031634954,W4288793345,middle
A5067478115,W4288793345,middle
A5075220998,W4288793345,middle
A5024474977,W4288793345,last
A5013431272,W4288793346,first
A5081026210,W4288793346,middle
A5030691023,W4288793346,last
A5080351769,W4289547401,first
A5069121941,W4291307824,middle
A5067976836,W4293060545,first
A5085503571,W4293112400,first
A5085503571,W4293112459,first
A5085503571,W4293112474,first
A5085503571,W4293112476,first
A5025099251,W4293113747,first
A5035936080,W4293128443,first
A5048141471,W4293170347,first
A5027490032,W4293171560,first
A5034218164,W4299128724,first
A5067643590,W4304099591,first
A5082535573,W4307102366,first
A5050279893,W4307102366,middle
A5052147335,W4307102366,middle
A5070827615,W4307102366,middle
A5013353538,W4307102366,middle
A5023767001,W4307102366,middle
A5008211323,W4307102366,middle
A5089421543,W4307102366,middle
A5043482412,W4307102366,middle
A5019247599,W4307102366,middle
A5048199386,W4307102366,middle
A5044374534,W4307102366,last
A5078147241,W4307304202,first
A5009305087,W4307304202,middle
A5082535573,W4307304202,middle
A5046630253,W4307304202,middle
A5063091956,W4307304202,last
A5079099911,W4312309005,first
A5041557343,W4312433144,middle
A5089509156,W4312461551,first
A5043606036,W4312461551,last
A5072117551,W4312518454,first
A5006706172,W4312623501,first
A5049939733,W4312877307,first
A5007338391,W4312877307,last
A5089561193,W4312959603,first
A5023712902,W4312981984,first
A5006582558,W4313043549,first
A5069323451,W4313176930,first
A5032496774,W4316169058,last
A5017594367,W4318203241,first
A5059413846,W4318828237,middle
A5061196319,W4318828237,last
A5079588173,W4319721282,first
A5019466280,W4320858207,middle
A5001279752,W4320858207,middle
A5031108297,W4320858207,middle
A5076723837,W4320858207,middle
A5033606498,W4320858207,middle
A5024831674,W4320858207,last
A5065732688,W4362725897,first
A5008533295,W4362725897,last
A5061605384,W4366324308,first
A5059009835,W4367469421,first
A5020867167,W4367498655,first
A5022879666,W4367665285,first
A5033490141,W4368283601,first
A5033946000,W4368283601,last
A5010705375,W4372058481,last
A5060228783,W4372058502,first
A5026135784,W4372058502,last
A5030040305,W4372058515,first
A5091307413,W564673091,last
A5071396833,W580676825,first
A5078550670,W634508846,first
A5013149033,W634508846,last
A5086292038,W639082904,first
