src,tgt,position
W1727534288,A5062823200,last
W3026829485,A5085832924,first
W1492815834,A5028919793,first
W1492815834,A5031682567,middle
W1492815834,A5045744709,middle
W1492815834,A5027340494,last
W1531639961,A5032356765,first
W2115295158,A5072247317,first
W2115295158,A5028004665,middle
W1505620647,A5016223285,first
W1505620647,A5085160284,last
W3141440481,A5083607188,first
W4235256446,A5028919793,first
W4235256446,A5031682567,middle
W4235256446,A5045744709,middle
W4235256446,A5027340494,last
W3208674021,A5066373250,first
W2766196653,A5003184366,first
W2766196653,A5012862284,middle
W2766196653,A5086198262,last
W1562656059,A5066434581,first
W4232533539,A5010751143,first
W1592921229,A5019054453,last
W4206320562,A5064699160,first
W4206320562,A5077608032,middle
W4206320562,A5035617528,middle
W4206320562,A5014504793,middle
W4206320562,A5061429095,middle
W4206320562,A5003032696,middle
W4206320562,A5039153937,middle
W4206320562,A5034877995,middle
W4206320562,A5031896681,middle
W4206320562,A5077952586,middle
W4206320562,A5059817205,middle
W4206320562,A5027001546,middle
W4206320562,A5058755355,middle
W4206320562,A5036231132,middle
W4206320562,A5015542293,middle
W4206320562,A5016244525,middle
W4206320562,A5014824446,middle
W4206320562,A5078160983,middle
W4206320562,A5010613767,middle
W4206320562,A5003518978,middle
W4206320562,A5089153368,middle
W4206320562,A5069872293,middle
W4206320562,A5071599724,middle
W4206320562,A5033286190,middle
W4206320562,A5073756389,middle
W4206320562,A5059310658,middle
W4206320562,A5067441201,middle
W4206320562,A5005152458,middle
W4206320562,A5048916516,middle
W4206320562,A5005219368,middle
W4206320562,A5063273639,middle
W4206320562,A5091266570,middle
W4206320562,A5004857863,middle
W4206320562,A5044972281,middle
W4206320562,A5058849006,middle
W4206320562,A5082414223,middle
W4206320562,A5003322209,middle
W4206320562,A5014293815,middle
W4206320562,A5010145630,middle
W4206320562,A5071710055,middle
W4206320562,A5023495279,middle
W4206320562,A5019426968,middle
W4206320562,A5032224643,middle
W4206320562,A5045519627,middle
W4206320562,A5001128596,middle
W4206320562,A5085885345,middle
W4206320562,A5006851333,middle
W4206320562,A5022815450,middle
W4206320562,A5050613147,middle
W4206320562,A5078394535,middle
W4206320562,A5037237895,middle
W4206320562,A5018143257,middle
W4206320562,A5065795593,middle
W4206320562,A5064069283,middle
W4206320562,A5064111411,last
W1490417975,A5047372644,first
W1490417975,A5052058643,middle
W1490417975,A5039311485,last
W2799134332,A5036994172,first
W2799134332,A5017180654,middle
W2799134332,A5079814512,middle
W2799134332,A5029902840,middle
W2799134332,A5008374141,middle
W2799134332,A5041778059,middle
W2799134332,A5062119199,middle
W2799134332,A5057916222,last
W1509901435,A5082056816,first
W2975317124,A5045523675,first
W3137537418,A5083910193,first
W3137537418,A5000363528,middle
W3137537418,A5018987899,middle
W3137537418,A5029965117,last
W1567997379,A5049438854,last
W1501111391,A5046734130,first
W2153667689,A5048780399,first
W3109541805,A5040156274,first
W3109541805,A5000463496,middle
W3109541805,A5033712392,middle
W3109541805,A5013912726,middle
W3109541805,A5026961968,middle
W3109541805,A5068326377,last
W4200428466,A5023019774,middle
W4200428466,A5076891153,last
W4200302993,A5020702999,first
W4205615394,A5061846947,first
W4205615394,A5011296268,middle
W4205615394,A5083636619,middle
W4205615394,A5034178831,middle
W4205615394,A5016587299,last
W617107635,A5088674607,first
W2750961175,A5046206462,first
W4205302485,A5002041772,first
W4205302485,A5038976962,last
W4233638687,A5074501929,first
W2964228184,A5038897476,first
W2964228184,A5034486931,middle
W2964228184,A5007311789,middle
W2964228184,A5010561682,last
W4206171016,A5071180561,first
W3110658132,A5088552753,first
W3110658132,A5062112110,middle
W3110658132,A5044388139,last
W3132264552,A5057358899,first
W3132264552,A5066177168,last
W4285346046,A5078421102,first
W3048672457,A5047787744,first
W3048672457,A5045198429,middle
W4210450858,A5028224738,first
W3036185160,A5026168075,first
W2769502140,A5032775389,first
W2769502140,A5078473649,middle
W2769502140,A5000937401,last
W3132075138,A5074553752,first
W3132075138,A5048179939,last
W4252311668,A5082181724,first
W4252311668,A5005273293,middle
W4252311668,A5036875173,middle
W4252311668,A5057920673,middle
W4252311668,A5084652023,middle
W4252311668,A5062358756,middle
W4252311668,A5079405118,middle
W4252311668,A5012572227,last
W1580469992,A5070251116,first
W3138971549,A5056976720,first
W3138971549,A5084886581,middle
W3138971549,A5027213700,middle
W3138971549,A5053726723,last
W4206658094,A5080971897,first
W4237922884,A5000409877,middle
W4237922884,A5065254923,middle
W4237922884,A5037837474,last
W4243951896,A5077169345,first
W3129758573,A5037217126,first
W4233799299,A5032965630,first
W3194895608,A5087068734,first
W4234836739,A5064734272,first
W4234836739,A5046113582,middle
W4234836739,A5066682425,middle
W4234836739,A5059641282,last
W4213054092,A5089969887,last
W4248156351,A5057455578,first
W3082851515,A5020392160,first
W3082851515,A5045593473,middle
W3082851515,A5041909571,middle
W3082851515,A5089996104,middle
W3082851515,A5060372031,middle
W3082851515,A5066621495,last
W3090787630,A5028965942,first
W4205416474,A5008152552,first
W3209916733,A5009965869,first
W4206713900,A5062351587,first
W4248289657,A5073095019,first
W4255889725,A5088813478,first
W3096858192,A5001270995,first
W3096858192,A5052272753,middle
W3096858192,A5025438346,last
W3160295746,A5040487721,first
W3165418168,A5010336521,first
W3184050708,A5033894707,middle
W4237313096,A5076701363,first
W4237313096,A5077569089,middle
W4237313096,A5051439492,last
W568267356,A5070898273,first
W2107565968,A5083214023,first
W2107565968,A5078584465,last
W3166046723,A5047484294,middle
W3195318676,A5048991827,first
W3195318676,A5005481063,middle
W3195318676,A5061026797,middle
W3195318676,A5085786274,last
W4210827195,A5048872043,first
W4210827195,A5001980782,last
W4254104735,A5058262411,first
W3126720815,A5074141887,first
W3164569368,A5010897184,first
W3164569368,A5018315331,middle
W3164569368,A5021529098,last
W4237073610,A5075208287,first
W4250534264,A5034992584,first
W4250534264,A5078146900,last
W3104845729,A5083985681,first
W3104845729,A5057227579,last
W3134032036,A5065172367,first
W3134032036,A5057964478,last
W3141933633,A5035215084,first
W3176987323,A5019516230,first
W3209092172,A5044133211,first
W3209092172,A5023524684,last
W4211012726,A5086422507,first
W4211012726,A5000975435,middle
W4211012726,A5090666420,last
W4233319239,A5024066584,first
W4233319239,A5079147959,last
W4238732474,A5077978694,first
W4285467418,A5075335677,first
W1506885001,A5063904858,first
W3122346309,A5050687235,first
W3164767989,A5058729018,first
W3211925674,A5080921001,first
W4206643633,A5025665306,first
W4210242600,A5025048437,first
W4210242600,A5040639891,last
W4251387974,A5029763803,first
W1578489670,A5020321792,middle
W1578489670,A5028670144,middle
W1578489670,A5042669477,middle
W1578489670,A5042949804,last
W2183364741,A5055126058,first
W2183364741,A5086198002,last
W2981406182,A5013047787,first
W3107408814,A5051459112,first
W3107408814,A5031258460,middle
W3107408814,A5084403010,middle
W3107408814,A5014829065,last
W3182448054,A5045247206,middle
W3182448054,A5003629170,middle
W3182448054,A5039343167,middle
W3182448054,A5033476997,middle
W3182448054,A5073608768,middle
W3182448054,A5020355540,middle
W3182448054,A5003392216,middle
W3182448054,A5053643500,middle
W3182448054,A5002613720,middle
W3182448054,A5054098705,middle
W3182448054,A5017675104,middle
W3182448054,A5050271867,middle
W3182448054,A5070509762,middle
W3182448054,A5038689064,middle
W3182448054,A5033180477,middle
W3182448054,A5023678033,middle
W3182448054,A5038649236,middle
W3182448054,A5000324864,middle
W3182448054,A5033407263,middle
W3182448054,A5015061143,middle
W3182448054,A5085551438,middle
W3182448054,A5033317069,middle
W3182448054,A5024370717,middle
W3182448054,A5052579652,middle
W3201853876,A5062404117,first
W3201853876,A5074765188,last
W3204938617,A5085021535,first
W4206569879,A5006259564,first
W4211166772,A5072763073,first
W4230118372,A5026400998,last
W4252235309,A5066738004,first
W4252235309,A5009255854,middle
W4252235309,A5073282655,middle
W4252235309,A5051439492,last
W609422438,A5000595896,first
W629806996,A5082677207,first
W3126963040,A5007851872,first
W3126963780,A5083761090,first
W3126963780,A5031630651,middle
W3126963780,A5036648132,last
W3164029002,A5015785439,first
W3164029002,A5035534911,middle
W3164029002,A5001541516,last
W4205473515,A5080143897,last
W4205903454,A5050768547,first
W4205903454,A5073297073,middle
W4205903454,A5075929003,middle
W4205903454,A5049642512,middle
W4205903454,A5017706758,middle
W4205903454,A5085513221,middle
W4205903454,A5070447872,middle
W4205903454,A5084973947,middle
W4205903454,A5058385222,middle
W4205903454,A5084544528,middle
W4205903454,A5068955367,middle
W4205903454,A5006652106,middle
W4205903454,A5064882955,last
W4233624006,A5003402537,first
W4244003854,A5038116135,first
W4245969961,A5049700514,first
W4245969961,A5043408232,middle
W4245969961,A5072826445,last
W4285530062,A5091017313,first
W4285530062,A5086289154,last
W4289718970,A5048502859,first
W1529184667,A5076121553,first
W1529184667,A5007936316,last
W2996983605,A5054469370,middle
W2996983605,A5068289066,last
W3131053508,A5049496911,first
W3162589060,A5053783271,first
W3197020315,A5046768475,middle
W3197020315,A5063375767,middle
W3197020315,A5012629854,middle
W3197020315,A5001322437,middle
W3197020315,A5036024217,middle
W3197020315,A5039440134,middle
W3197020315,A5011105599,middle
W3197020315,A5018150400,middle
W3197020315,A5039596455,middle
W3197020315,A5025702108,middle
W3197020315,A5039280570,middle
W3197020315,A5046024267,middle
W3197020315,A5090347273,middle
W3197020315,A5034691137,middle
W3197020315,A5036369387,middle
W3197020315,A5069488538,middle
W3197020315,A5061496318,middle
W3197020315,A5048250441,middle
W3197020315,A5019968945,middle
W3197731645,A5006475297,first
W3197731645,A5083716187,middle
W3197731645,A5032080789,middle
W3197731645,A5066662318,last
W3203826832,A5027902663,first
W3203826832,A5080682607,middle
W3203826832,A5045021962,last
W3217267641,A5015367317,first
W4206095852,A5040156274,first
W4206095852,A5000463496,middle
W4206095852,A5033712392,middle
W4206095852,A5013912726,middle
W4206095852,A5026961968,middle
W4206095852,A5068326377,last
W4206107469,A5048344653,first
W4206107469,A5058144931,middle
W4206107469,A5036568372,last
W4238475872,A5029713004,first
W4252686459,A5021197146,first
W2284006517,A5001586180,first
W2284006517,A5028287123,last
W2489097739,A5011169535,first
W3130718662,A5028519943,first
W3131271953,A5073988999,first
W3131271953,A5045744709,last
W3160730739,A5025048437,first
W3160730739,A5040639891,last
W3161656768,A5059826957,last
W4205223366,A5069711008,first
W4205223366,A5039253688,middle
W4205223366,A5011176205,last
W4205702555,A5074388586,first
W4205702555,A5079000862,middle
W4205702555,A5060167568,middle
W4205702555,A5002330321,last
W4206312047,A5089575155,first
W4206481447,A5035006871,first
W4206481447,A5053042789,middle
W4206481447,A5086901177,last
W4206759433,A5004587843,first
W4206759433,A5007993661,last
W4213030531,A5071349676,first
W4231438743,A5067216728,first
W4253381101,A5054389106,first
W1530425035,A5061968837,middle
W1530425035,A5073305711,last
W2919675873,A5048214422,last
W3037565879,A5041348809,first
W3037565879,A5050042995,middle
W3037565879,A5011240842,middle
W3037565879,A5047017519,last
W3080858535,A5091587802,first
W3080858535,A5079022553,middle
W3080858535,A5086241268,middle
W3091397169,A5053007340,first
W3139019561,A5074294896,first
W3158382496,A5057933776,last
W3160742094,A5087707410,first
W3167950889,A5075301188,first
W3167950889,A5030680536,last
W3176368795,A5029063875,first
W3176368795,A5014673075,middle
W3182293685,A5081891487,first
W3199968300,A5057148868,first
W3199968300,A5038119641,last
W4206305733,A5065352983,first
W4206305733,A5017220106,last
W4206602494,A5050593520,first
W4243116730,A5066197951,last
W4248577221,A5088671045,first
W4248577221,A5016006232,last
W3038001967,A5026415911,first
W3038001967,A5001771133,last
W3112418383,A5059623314,first
W3112418383,A5059869847,middle
W3112418383,A5082955124,last
W3122748539,A5010812344,first
W3122748539,A5065265823,middle
W3122748539,A5011052188,last
W3127687870,A5017050975,first
W3137498270,A5070988819,first
W3191988852,A5084095026,first
W394724390,A5052435049,middle
W394724390,A5071451987,last
W4205933753,A5074455901,middle
W4206245536,A5081128602,first
W4206245536,A5062481314,middle
W4206245536,A5012663536,last
W4206508063,A5034372799,first
W4206508063,A5008584000,last
W4210243828,A5056291654,first
W4210766352,A5082701259,first
W4210766352,A5072115220,middle
W4210766352,A5004113506,middle
W4230834535,A5074225230,first
W4230834535,A5042555123,last
W4233275153,A5064180238,first
W4234010666,A5076533532,first
W4251574535,A5007027176,first
W4251574535,A5083617435,middle
W4251574535,A5036995215,middle
W4312237300,A5016904175,middle
W2998940041,A5056086147,first
W2998940041,A5070093758,middle
W2998940041,A5036503167,middle
W2998940041,A5089923187,last
W3096973715,A5040074565,first
W3096973715,A5065413037,middle
W3096973715,A5044369720,last
W3113271783,A5044975418,first
W3125140533,A5090022016,last
W3131685225,A5063089732,first
W3135399635,A5064383410,first
W3135399635,A5003302983,middle
W3135399635,A5038132985,middle
W3135399635,A5052772501,last
W3138754781,A5048250441,first
W3138754781,A5046768475,middle
W3138754781,A5001322437,middle
W3138754781,A5011105599,middle
W3152476456,A5026122976,middle
W3155667698,A5048233558,first
W3157115397,A5029763803,first
W3171790520,A5022893278,middle
W3171790520,A5065265823,middle
W3176738191,A5006582558,first
W3184133302,A5037374393,first
W3184133302,A5051755645,middle
W3184133302,A5070891194,middle
W3184133302,A5056654254,middle
W3184133302,A5031457865,last
W3184183255,A5032750099,first
W3198415785,A5087850489,first
W3198415785,A5035000427,middle
W3198415785,A5089868802,middle
W3198415785,A5008685159,middle
W3198415785,A5077979548,middle
W3199034141,A5006876719,first
W3199034141,A5056436780,middle
W3199034141,A5017323092,last
W3199619130,A5070576727,first
W4206433024,A5062508673,first
W4206433024,A5063806519,middle
W4206433024,A5058774217,last
W4210242465,A5012293028,first
W4210242465,A5040978564,middle
W4210242465,A5056029786,middle
W4210242465,A5040772796,middle
W4210242465,A5051297830,last
W4210483072,A5061440337,first
W4210486237,A5040402369,first
W4210486237,A5082234532,last
W4234376514,A5073794606,middle
W4234376514,A5070357435,last
W4247927963,A5043250129,first
W4247927963,A5057431137,middle
W4247927963,A5070322908,middle
W4247927963,A5068550413,middle
W4247927963,A5025807941,last
W4254690433,A5028548984,first
W4285471463,A5027227196,first
W4285471463,A5086413564,last
W2025158707,A5010810631,first
W3048562139,A5003799782,first
W3110321297,A5012275958,first
W3110321297,A5059411618,middle
W3110321297,A5043180844,last
W3124953873,A5084857817,first
W3124953873,A5028934906,middle
W3124953873,A5061379171,middle
W3124953873,A5039097899,last
W3133891627,A5023786683,middle
W3135986649,A5020979414,first
W3135986649,A5084072504,middle
W3135986649,A5019698991,last
W3159095506,A5036659103,last
W3161042137,A5083980731,first
W3173813052,A5075546217,first
W3173813052,A5078048991,last
W3197869561,A5034454965,first
W3202983664,A5023358501,first
W3202983664,A5035564767,last
W3214659258,A5069476728,first
W3214659258,A5031085660,middle
W3214659258,A5081798341,last
W3216001649,A5084818965,first
W4200466024,A5061846947,first
W4200466024,A5048831506,middle
W4200466024,A5010676212,middle
W4200466024,A5033473979,last
W4205662860,A5053424176,first
W4205954251,A5042604128,middle
W4211217989,A5034936246,first
W4230109820,A5064586240,first
W4230109820,A5038171181,middle
W4230109820,A5072673405,last
W4231441224,A5064330768,first
W4231990839,A5090458959,first
W4236606073,A5083528596,first
W4236606073,A5017184057,middle
W4236606073,A5080505347,middle
W4236606073,A5065472011,last
W4239691949,A5020832986,first
W4239691949,A5028996052,last
W4243814307,A5038318637,first
W4251381865,A5010853977,first
W4252406661,A5071546667,first
W4252469236,A5041638443,first
W4254006286,A5039774878,first
W4288076682,A5053249487,first
W438939085,A5022512432,middle
W2944455353,A5039854312,first
W2944455353,A5012777796,last
W3044313595,A5014066075,first
W3044313595,A5001523712,middle
W3044313595,A5036944228,middle
W3044313595,A5008824437,last
W3109165554,A5081449581,first
W3109165554,A5083911717,middle
W3109165554,A5082913979,last
W3120369293,A5085323032,middle
W3122748503,A5057368693,first
W3130909418,A5083240643,first
W3135597079,A5071001890,first
W3135597079,A5025154104,last
W3136655239,A5072080783,first
W3136655239,A5051532910,last
W3142262897,A5023942331,first
W3142262897,A5040056296,middle
W3142262897,A5028410825,middle
W3142262897,A5083983355,middle
W3142262897,A5053054953,middle
W3142262897,A5012010960,middle
W3142262897,A5026994657,middle
W3142262897,A5054460796,middle
W3142262897,A5007060409,middle
W3142262897,A5029628745,last
W3143611789,A5007681808,first
W3146982637,A5088521043,first
W3146982637,A5033579806,last
W3152919688,A5032649566,first
W3152919688,A5062374112,last
W3153831949,A5052930289,last
W3160504190,A5045999939,first
W3177246935,A5037354101,last
W3193448663,A5043995360,first
W3195220909,A5091756520,first
W3198737481,A5080589507,first
W3198737481,A5020424399,middle
W3198737481,A5050062467,last
W3201636660,A5015832913,first
W3201636660,A5090399635,last
W3203830907,A5053228252,first
W3204925787,A5091163780,first
W3204925787,A5081799589,last
W3206172861,A5024996453,middle
W3206172861,A5028427625,middle
W3212631732,A5026653706,first
W3212631732,A5086006330,last
W4200305492,A5038618677,first
W4200305492,A5090679788,last
W4200319157,A5086793581,first
W4200319157,A5030348494,last
W4205090837,A5075496480,first
W4205090837,A5035707838,last
W4205124866,A5049695343,last
W4205207617,A5035553646,first
W4205820386,A5076724368,first
W4206140326,A5030419884,first
W4206497039,A5090818425,first
W4206743951,A5087676774,first
W4206743951,A5047788775,middle
W4206743951,A5080026638,middle
W4206743951,A5041617107,last
W4210429007,A5022822400,first
W4210429007,A5011558517,middle
W4210429007,A5032784865,last
W4237654788,A5004629957,first
W4237654788,A5017995306,middle
W4237654788,A5059337980,last
W4238182573,A5043613674,first
W4242309486,A5079190137,first
W4242309486,A5013327637,middle
W4242309486,A5076741502,middle
W4242309486,A5035627933,middle
W4242309486,A5060504929,middle
W4242309486,A5075099222,middle
W4242309486,A5074815650,middle
W4242309486,A5022431311,middle
W4242309486,A5008292516,middle
W4244701402,A5091556790,last
W4250128812,A5040345337,first
W4252660709,A5064787668,first
W4285486499,A5047814719,first
W2262582429,A5030463262,first
W2337015246,A5024225793,first
W2503135716,A5032103649,first
W2503135716,A5083763815,middle
W2503135716,A5042103095,middle
W2503135716,A5061256389,last
W2609052800,A5083131059,first
W2609052800,A5054814598,middle
W2609052800,A5031448696,last
W3037345018,A5080409343,first
W3037345018,A5074622580,middle
W3037345018,A5082942970,middle
W3037345018,A5000975435,last
W3095327854,A5025125063,first
W3095327854,A5072774939,last
W3105969885,A5053228252,first
W3108240427,A5049566206,first
W3108240427,A5017862380,middle
W3108240427,A5011263433,last
W3110607011,A5078653874,middle
W3110607011,A5014370955,last
W3111058250,A5078508874,first
W3111058250,A5073678932,last
W3111189379,A5070083041,first
W3127833685,A5068308848,last
W3128565970,A5014940395,first
W3128565970,A5073532766,middle
W3128565970,A5073425319,last
W3133200004,A5083275560,first
W3134800109,A5081500464,first
W3134800109,A5026312652,middle
W3134800109,A5039548261,middle
W3134800109,A5058839947,last
W3143433320,A5019128476,first
W3148074385,A5058573778,last
W3154497356,A5059337980,first
W3154497356,A5088631052,middle
W3154497356,A5080734556,middle
W3154497356,A5087865013,middle
W3154497356,A5065555733,last
W3161155176,A5040088510,first
W3161155176,A5041619246,middle
W3161155176,A5021516964,middle
W3162285808,A5069775408,last
W3162855528,A5044062929,last
W3164309576,A5032139438,last
W3164565263,A5027888963,first
W3169147086,A5044268701,first
W3169147086,A5040428971,middle
W3169147086,A5025250457,middle
W3169147086,A5041072449,last
W3173393154,A5077283775,first
W3173393154,A5062453217,middle
W3173393154,A5018926238,last
W3183275957,A5012096611,first
W3183275957,A5042875545,middle
W3184377720,A5078509849,first
W3184377720,A5072083191,middle
W3184377720,A5023358086,middle
W3184377720,A5029163608,last
W3185444974,A5066237365,first
W3185444974,A5050205557,middle
W3185444974,A5088817604,middle
W3185444974,A5010248533,middle
W3185444974,A5048906141,middle
W3185444974,A5000097985,middle
W3185444974,A5050342525,middle
W3185444974,A5037697344,middle
W3185444974,A5041383246,middle
W3185444974,A5069193029,middle
W3185444974,A5071296935,middle
W3185444974,A5049231295,middle
W3185444974,A5084684313,middle
W3185444974,A5032562243,middle
W3185444974,A5077367921,last
W3194993277,A5002511102,first
W3194993277,A5052327236,last
W3195875666,A5054865304,first
W3198707897,A5046633105,first
W3198707897,A5007128197,last
W3206431723,A5009407454,first
W3206431723,A5045012588,last
W3210858548,A5039875968,middle
W3210858548,A5023092016,last
W3213729175,A5082085150,first
W3214216488,A5035651349,first
W3214216488,A5090819693,middle
W3214216488,A5014088092,middle
W3214216488,A5086499806,last
W3216935261,A5036006865,first
W3216935261,A5009201135,middle
W3216935261,A5045860458,last
W4200061061,A5029334337,first
W4200061061,A5019817936,middle
W4200061061,A5077139888,middle
W4200061061,A5011220813,last
W4205349489,A5064830080,first
W4205496116,A5088737112,first
W4206019104,A5004292285,first
W4206370261,A5055312229,first
W4206370261,A5026456188,middle
W4206370261,A5050928648,middle
W4206370261,A5074086920,last
W4206612978,A5023624578,middle
W4212989157,A5078190995,first
W4235017843,A5033985539,middle
W4235017843,A5051331359,last
W4241590591,A5018721774,first
W4241590591,A5010609038,middle
W4241590591,A5070617834,last
W4242460247,A5064834866,first
W4242460247,A5028605138,middle
W4242460247,A5081909889,middle
W4242460247,A5090198147,last
W4252091197,A5072568988,first
W4252091197,A5048940719,middle
W4252091197,A5028572624,middle
W4252091197,A5008933958,last
W4313059608,A5025344373,first
W2184263383,A5002680336,first
W3037581546,A5077600979,first
W3037581546,A5087351938,last
W3048890062,A5040291889,first
W3048890062,A5060440309,last
W3099155453,A5068949782,first
W3099155453,A5083472752,last
W3100684852,A5083222672,last
W3111834075,A5001417775,first
W3111837573,A5066547725,first
W3111837573,A5017736546,middle
W3111837573,A5058323321,middle
W3111837573,A5030707600,last
W3120382853,A5002456113,first
W3121380890,A5027431080,first
W3124565446,A5082942970,first
W3124565446,A5072702926,last
W3125526196,A5048102462,first
W3138942632,A5081975353,first
W3145680558,A5062296400,middle
W3145680558,A5059337980,last
W3150836892,A5054351014,first
W3153736266,A5033228504,first
W3153736266,A5029376687,middle
W3156327225,A5010519304,first
W3157535475,A5044339031,first
W3160246678,A5055965048,first
W3160246678,A5004750582,middle
W3160246678,A5081219742,middle
W3160246678,A5002277423,last
W3161042888,A5028642215,middle
W3161042888,A5012371374,last
W3168285075,A5083763339,first
W3168285075,A5019749644,middle
W3168285075,A5011834074,middle
W3168285075,A5045287606,middle
W3168285075,A5006461848,last
W3169760814,A5000893315,first
W3169760814,A5021015886,middle
W3169760814,A5036734067,last
W3173174913,A5022991626,first
W3173174913,A5045879377,middle
W3173174913,A5056870404,last
W3177373916,A5059435890,first
W3177373916,A5016695259,last
W3182700327,A5041346094,first
W3182700327,A5084957332,middle
W3182700327,A5037199084,last
W3196741980,A5058034531,middle
W3196741980,A5027997472,last
W3200064332,A5048309001,last
W3201825191,A5038860129,first
W3201825191,A5048238798,last
W3203936081,A5052330123,first
W3203936081,A5039187916,middle
W3203936081,A5024048833,middle
W3203936081,A5076195042,middle
W3203936081,A5078351348,last
W3208417108,A5079497219,first
W3209572860,A5004758745,first
W3209572860,A5072189850,middle
W3209572860,A5053926423,last
W4200013141,A5013373153,first
W4200079148,A5031475379,middle
W4200086513,A5082581230,first
W4200126311,A5068843417,first
W4200126311,A5034487077,middle
W4200234245,A5024330637,first
W4200312168,A5055724940,first
W4200312168,A5089051829,last
W4200590529,A5079410507,first
W4200590529,A5026052584,last
W4205113774,A5014509470,first
W4205113774,A5046231968,middle
W4205516034,A5063089732,first
W4205783774,A5018086865,first
W4206030617,A5027497109,first
W4206240779,A5073283055,first
W4206240779,A5080676156,middle
W4206240779,A5045101158,last
W4206387912,A5017534262,first
W4206576501,A5061143931,first
W4206576501,A5010249054,last
W4206606884,A5000914740,first
W4206630282,A5087790566,first
W4206630282,A5048991827,last
W4206690298,A5009228697,first
W4206690298,A5002146004,last
W4206751407,A5043288516,first
W4206751407,A5005659262,last
W4236122619,A5069154267,first
W4236512582,A5083495293,first
W4241526093,A5042500829,first
W4243786783,A5006657610,first
W4245270173,A5011193598,first
W4245270173,A5050141762,last
W4248076234,A5075435196,first
W4248269990,A5076303551,first
W4248269990,A5022110445,last
W4248530517,A5080882119,first
W4248530517,A5001408456,middle
W4248530517,A5039114708,middle
W4248530517,A5059019660,last
W4256642791,A5015345249,first
W4285535056,A5014287041,first
W4285535056,A5077901808,last
W2370164663,A5071532539,first
W2620052971,A5062821250,first
W2794729350,A5058767324,first
W2794729350,A5082776788,middle
W2794729350,A5084293094,middle
W2794729350,A5085036036,last
W3025558299,A5055570754,first
W3025558299,A5091297085,middle
W3025558299,A5010360702,middle
W3025558299,A5000975435,middle
W3025558299,A5013198945,middle
W3044214675,A5023801168,first
W3044214675,A5013198945,middle
W3044214675,A5001845313,middle
W3044214675,A5000179526,middle
W3080200326,A5039275344,first
W3086019041,A5044317982,first
W3088203119,A5012312047,first
W3094493883,A5064442995,first
W3107922254,A5001800500,first
W3119830196,A5032787307,first
W3119830196,A5006312325,middle
W3119830196,A5064908609,last
W3119912425,A5050431536,last
W3125682525,A5022771914,first
W3125682525,A5034513925,middle
W3125682525,A5051314400,middle
W3125682525,A5080926469,middle
W3125682525,A5002232506,middle
W3125682525,A5082043392,last
W3127682383,A5023758935,first
W3127682383,A5004785656,middle
W3127885804,A5054436417,first
W3128413215,A5081132655,first
W3131175575,A5065513121,first
W3131175575,A5052943021,middle
W3131175575,A5083853243,last
W3133674505,A5000618741,first
W3133674505,A5057802822,middle
W3133674505,A5036200976,middle
W3134097128,A5007801126,first
W3134097128,A5045879447,middle
W3134097128,A5037120793,last
W3134838958,A5028371632,first
W3134838958,A5082069004,middle
W3134838958,A5063734564,last
W3137222876,A5033355107,first
W3137222876,A5085607757,middle
W3137222876,A5005847333,middle
W3137222876,A5061379171,last
W3139402365,A5007428307,first
W3139402365,A5047431609,middle
W3139402365,A5070260526,last
W3141816233,A5017619650,first
W3143040205,A5016233029,first
W3145795612,A5045797802,last
W3152788389,A5068522764,first
W3152788389,A5002129545,middle
W3152788389,A5059337980,middle
W3152788389,A5065555733,last
W3157977247,A5044339031,first
W3158178483,A5052803333,first
W3158178483,A5034647327,middle
W3158178483,A5064914434,middle
W3158178483,A5086633120,last
W3159611093,A5053937216,first
W3159611093,A5030679917,last
W3161265956,A5033356690,first
W3161265956,A5059337980,middle
W3161265956,A5065555733,last
W3164164401,A5078326698,first
W3164164401,A5004126693,middle
W3164164401,A5059443966,last
W3165138791,A5039052506,first
W3165138791,A5005192117,middle
W3165138791,A5068384981,middle
W3170528260,A5011937306,first
W3170528260,A5061295826,last
W3173255732,A5033037866,first
W3178510572,A5080691948,first
W3178510572,A5008986898,last
W3180117439,A5000766463,first
W3180528875,A5059964264,first
W3184724154,A5078258583,first
W3184724154,A5064002466,middle
W3184724154,A5005022131,middle
W3184724154,A5067142707,middle
W3184724154,A5056436366,middle
W3184724154,A5059250783,middle
W3184724154,A5056436366,middle
W3184724154,A5044064739,middle
W3184724154,A5064039922,last
W3186634001,A5065352983,first
W3186634001,A5017220106,last
W3188180204,A5063307080,first
W3191418036,A5016593247,first
W3191418036,A5068277129,middle
W3191418036,A5015191127,middle
W3191418036,A5006705415,last
W3197606557,A5022073212,first
W3198955941,A5068270822,first
W3198955941,A5091212723,last
W3199141040,A5037831741,first
W3199957645,A5071084962,first
W3201905955,A5043384287,middle
W3201905955,A5048786965,middle
W3201905955,A5087653788,last
W3202946253,A5037387407,last
W3205364711,A5039109795,last
W3209660615,A5043350556,last
W3210813360,A5085432173,first
W3210813360,A5002155573,last
W3212462075,A5009569829,middle
W3212462075,A5016402421,middle
W3212462075,A5083252662,middle
W3212462075,A5068514720,middle
W3212462075,A5040715141,last
W3215104784,A5060902170,first
W3215104784,A5057096200,last
W3216954298,A5048428891,first
W3216954298,A5019093629,middle
W3216954298,A5023078404,middle
W4200058815,A5020634711,first
W4200500524,A5020794115,first
W4205213201,A5003519952,first
W4205343351,A5087059077,middle
W4205343351,A5057331261,last
W4205776077,A5088868657,first
W4205864284,A5052771275,first
W4205864284,A5040447880,middle
W4205864284,A5059290684,middle
W4206527320,A5054103414,first
W4206527320,A5067353369,middle
W4206527320,A5006620409,last
W4206909977,A5017343541,first
W4207074020,A5019071696,first
W4207074020,A5059789320,last
W4210253486,A5087567209,first
W4210253486,A5020180533,last
W4210477037,A5040900494,first
W4210477037,A5030138295,last
W4213295022,A5034290462,first
W4214898987,A5015200121,first
W4214898987,A5028418850,last
W4226048769,A5032451496,first
W4226048769,A5082946919,middle
W4230213651,A5045400619,first
W4230213651,A5071624510,middle
W4230213651,A5076774643,middle
W4230213651,A5051851807,middle
W4230213651,A5033783997,middle
W4230213651,A5091259315,last
W4231239285,A5030121038,first
W4231239285,A5000949710,middle
W4231239285,A5066029199,middle
W4231239285,A5081098143,last
W4234315399,A5048548313,first
W4234315399,A5075467012,last
W4234844212,A5013717515,first
W4235152108,A5045098894,last
W4235393316,A5051618450,first
W4235393316,A5032706099,middle
W4235393316,A5036792516,middle
W4235393316,A5000355426,last
W4236231812,A5077074252,middle
W4236231812,A5036683370,last
W4237814560,A5033422078,first
W4238126865,A5027838536,first
W4239720551,A5033033856,first
W4240044798,A5009804954,first
W4240044798,A5033350585,middle
W4240044798,A5038908529,last
W4241709325,A5036337528,first
W4241942124,A5037040357,first
W4242157971,A5078484139,last
W4244806567,A5020165040,first
W4245864804,A5029099160,first
W4245864804,A5036498741,middle
W4245864804,A5006125158,middle
W4245864804,A5088539840,middle
W4245864804,A5065682719,middle
W4245864804,A5007407500,last
W4247870575,A5054717936,first
W4249895579,A5018819214,last
W4253351969,A5034541968,first
W4256125077,A5056933813,first
W4256526041,A5023856398,first
W4256526041,A5087542455,middle
W4256526041,A5024167658,middle
W4256526041,A5088547215,middle
W4256526041,A5052320959,last
W4285327864,A5004166892,middle
W4285327864,A5040684547,last
W4285521578,A5045286703,first
W4285529654,A5034823602,first
W4285534539,A5057606819,first
W4285534539,A5071053501,last
W4285537228,A5018138946,first
W4285541638,A5066264257,first
W4285541638,A5004455999,middle
W4285541638,A5087345400,middle
W4285541638,A5015594515,last
W4286909551,A5028538506,last
W4288076644,A5089404640,middle
W4288076644,A5071967339,last
W4312438656,A5028329886,first
W635730992,A5040718990,first
W635730992,A5047082788,last
W648956691,A5088684558,first
W648956691,A5065494839,last
W1601486090,A5028428970,first
W2412825740,A5059466958,first
W2412825740,A5016214321,middle
W2412825740,A5087177394,middle
W2412825740,A5019218327,middle
W2412825740,A5046801770,last
W2608054125,A5056673752,first
W2608054125,A5045849009,middle
W2608054125,A5004974411,middle
W2626934420,A5055149475,first
W2626934420,A5026614668,middle
W2626934420,A5083950680,middle
W2626934420,A5018821033,middle
W2626934420,A5023447670,middle
W2626934420,A5057838181,middle
W2626934420,A5089756532,middle
W2626934420,A5025231703,last
W2888954762,A5003834173,first
W2888954762,A5014613094,middle
W2888954762,A5048579847,last
W3022584614,A5041725375,first
W3037970853,A5078662697,first
W3037970853,A5089994873,last
W3042390883,A5007797577,first
W3042390883,A5056512471,last
W3043793798,A5046804247,middle
W3048400320,A5014923315,first
W3048400320,A5057369600,last
W3058906942,A5071181287,first
W3058906942,A5089921353,last
W3084531004,A5068190061,first
W3089266942,A5024058808,first
W3089266942,A5032282856,middle
W3089266942,A5024678101,last
W3089334447,A5015817965,middle
W3091835142,A5000506517,first
W3091835142,A5078953567,middle
W3094667039,A5091741304,first
W3105380008,A5027067436,first
W3108739657,A5036479507,middle
W3108740759,A5033602352,first
W3119759327,A5009140651,middle
W3119759327,A5021262127,middle
W3119759327,A5053643534,middle
W3119759327,A5069586144,last
W3121039805,A5037913256,first
W3121039805,A5045329304,last
W3121492439,A5009327522,first
W3121492439,A5079659476,middle
W3121492439,A5015516603,middle
W3121492439,A5068293208,middle
W3121492439,A5032690182,last
W3121680257,A5007352803,first
W3121680257,A5087178350,middle
W3121680257,A5083897507,last
W3121852834,A5068848432,first
W3121852834,A5013308197,middle
W3121852834,A5071674067,middle
W3121852834,A5071526154,middle
W3122034024,A5009211982,first
W3122124301,A5072729126,first
W3122124301,A5041813158,last
W3123102913,A5022317106,last
W3123509621,A5072696337,first
W3123509621,A5023816979,middle
W3123509621,A5005837856,last
W3123590180,A5041373175,first
W3123590180,A5074297181,last
W3125973603,A5029999345,first
W3125973603,A5013198945,middle
W3125973603,A5035130915,middle
W3126552127,A5041303201,first
W3126552127,A5059434843,last
W3127230984,A5055148572,first
W3127230984,A5079914183,last
W3127386426,A5054360310,first
W3128217823,A5078546053,first
W3128825193,A5005521425,middle
W3128836686,A5041389182,first
W3128836686,A5057313323,last
W3129733601,A5035961103,first
W3129953891,A5042217598,first
W3131270154,A5070397490,first
W3131270154,A5020669784,middle
W3131270154,A5055720604,last
W3131994385,A5029857529,first
W3133563920,A5059669805,last
W3134599638,A5057583579,first
W3134858234,A5032174404,first
W3134858234,A5040524717,middle
W3134858234,A5003164724,middle
W3134858234,A5016448118,last
W3135615288,A5070886689,first
W3136239032,A5001490863,first
W3136239032,A5053903265,last
W3137381194,A5046476267,first
W3137381194,A5016204649,last
W3139503867,A5036228775,first
W3139503867,A5074164532,last
W3139520246,A5033396638,first
W3139520246,A5036785559,middle
W3139520246,A5001598938,middle
W3139520246,A5001431280,last
W3153465370,A5058066689,last
W3154863796,A5062341746,first
W3154863796,A5059439673,last
W3156127576,A5049610565,middle
W3157092130,A5085709286,first
W3157092130,A5043108758,middle
W3157092130,A5072322964,last
W3157437382,A5078322212,first
W3157885359,A5040291889,first
W3157885359,A5054572006,last
W3158184288,A5048958921,last
W3159147083,A5047331779,first
W3159147083,A5036484429,middle
W3159147083,A5091658795,last
W3159209903,A5040786186,first
W3159219143,A5087628687,middle
W3159219143,A5087944559,middle
W3159219143,A5041370597,last
W3159433460,A5019906827,first
W3159433460,A5066117237,middle
W3159433460,A5006247366,last
W3160449347,A5019071696,first
W3160449347,A5059789320,last
W3160594914,A5054980167,middle
W3160594914,A5012534773,middle
W3162252597,A5027489992,first
W3163228834,A5070071561,first
W3163879537,A5065662869,last
W3165027945,A5086633091,middle
W3165027945,A5080383352,middle
W3165027945,A5075894946,middle
W3165027945,A5041170074,middle
W3165027945,A5024308581,middle
W3165027945,A5042298720,middle
W3165238742,A5030483392,first
W3165238742,A5010478919,last
W3165980463,A5034417376,last
W3167709386,A5038452656,first
W3167709386,A5055576104,middle
W3167709386,A5003819403,last
W3169568724,A5071765018,middle
W3169568724,A5005072193,middle
W3169568724,A5016488771,last
W3169624595,A5023712902,first
W3170444890,A5001901987,first
W3172003138,A5052044181,first
W3174538819,A5052621108,first
W3174538819,A5027328407,middle
W3174538819,A5064959157,last
W3174570365,A5061763061,middle
W3174570365,A5010950113,middle
W3174570365,A5038825800,last
W3176467405,A5029457530,last
W3177035842,A5053421619,first
W3177035842,A5030785658,last
W3180911751,A5057237492,first
W3180911751,A5018549351,middle
W3180911751,A5062125413,middle
W3180911751,A5084945522,last
W3182784051,A5038134940,first
W3184529435,A5068862331,first
W3184529435,A5039106106,middle
W3184529435,A5084384951,last
W3185848493,A5085356362,first
W3185848493,A5056491924,middle
W3185848493,A5022554926,middle
W3188583797,A5084502652,middle
W3188583797,A5029764293,middle
W3188583797,A5065664393,last
W3190679537,A5015891605,first
W3190830633,A5042501964,first
W3192637489,A5014077486,first
W3192637489,A5010687365,middle
W3192637489,A5076789203,middle
W3192637489,A5030788904,middle
W3192637489,A5041682105,last
W3192981509,A5034571717,middle
W3192981509,A5053489712,middle
W3192981509,A5032629854,last
W3193845562,A5060779928,last
W3194161409,A5037810378,first
W3194279028,A5027379704,first
W3194279028,A5013147402,middle
W3194279028,A5063438897,middle
W3194279028,A5067777597,last
W3194660215,A5080306219,first
W3195164676,A5076165837,first
W3195164676,A5049136281,middle
W3195164676,A5082885529,middle
W3195164676,A5088382926,last
W3197477718,A5017562894,first
W3198444201,A5024909557,first
W3199171388,A5031750354,first
W3199171388,A5069241723,middle
W3199171388,A5002855381,last
W3200059108,A5033279381,first
W3200422510,A5068185853,first
W3200422510,A5063032711,last
W3201682500,A5065102810,first
W3201682500,A5071058104,last
W3202726672,A5064942764,middle
W3202726672,A5042823757,middle
W3202726672,A5086527757,middle
W3202726672,A5077332394,middle
W3202726672,A5028204567,last
W3203286921,A5017141233,first
W3205291908,A5056339289,first
W3206041283,A5039596455,middle
W3206041283,A5048250441,middle
W3206268564,A5045436977,first
W3206268564,A5046161436,middle
W3206268564,A5061579550,middle
W3206268564,A5021936757,middle
W3206268564,A5058616015,middle
W3206268564,A5018791466,middle
W3206343020,A5078127997,first
W3208999492,A5052976553,first
W3209910842,A5039029835,first
W3210165401,A5084984590,first
W3210294027,A5028891307,last
W3210491251,A5005282924,first
W3210491251,A5089689368,middle
W3210491251,A5034416673,middle
W3210491251,A5074761112,last
W3210781772,A5016959511,first
W3210781772,A5013823780,middle
W3210781772,A5064204574,last
W3210841714,A5024762984,middle
W3211305597,A5017510608,first
W3212209585,A5021021404,first
W3212571019,A5031405372,last
W3212822313,A5072944307,first
W3213967396,A5023365550,first
W3213967396,A5077484271,middle
W3213967396,A5032485940,last
W3215349251,A5060089396,first
W3215785572,A5080173517,first
W3216926237,A5004794906,first
W3216926237,A5080691948,last
W3217488385,A5011270130,last
W4200014414,A5013428460,middle
W4200226589,A5078636319,last
W4200400869,A5024679496,first
W4205175839,A5014936252,first
W4205228477,A5000914740,first
W4205236796,A5052378602,first
W4205236796,A5010755344,last
W4205290692,A5058275190,first
W4205465791,A5042600463,first
W4205513308,A5081541767,first
W4205768418,A5006138455,first
W4205812715,A5014177911,first
W4205812715,A5053932280,middle
W4205812715,A5000334344,last
W4205980429,A5023717231,first
W4206233472,A5082509767,first
W4206233472,A5007036605,middle
W4206233472,A5072626948,middle
W4206233472,A5031542855,middle
W4206233472,A5064255960,last
W4206315910,A5061157599,first
W4206636137,A5046653466,first
W4206781159,A5084640075,first
W4206974526,A5082170962,first
W4210275717,A5060207092,first
W4210302273,A5013306341,first
W4210457737,A5062358770,first
W4210457737,A5015217002,middle
W4210457737,A5010471152,last
W4210523177,A5089993095,first
W4210523177,A5001188748,last
W4210597472,A5079337546,first
W4210597472,A5030112128,last
W4210888701,A5060651495,first
W4210888701,A5051593977,last
W4213056463,A5055447277,first
W4213056463,A5069148682,middle
W4213056463,A5012481893,last
W4213252230,A5056605626,first
W4230288238,A5019913562,first
W4231504129,A5052018441,first
W4232135564,A5071278984,last
W4232195521,A5017375713,first
W4233878971,A5001770010,first
W4233878971,A5055594838,middle
W4233878971,A5026575568,last
W4234970146,A5086630995,first
W4234970146,A5061293973,middle
W4234970146,A5048416373,middle
W4234970146,A5007980367,last
W4236115906,A5089492666,first
W4236115906,A5070039223,last
W4236350938,A5020849374,first
W4239756397,A5021620586,first
W4239935942,A5082632656,first
W4240667325,A5018783162,last
W4240810048,A5005250411,first
W4240862057,A5042576292,first
W4240954464,A5020310993,first
W4241065292,A5017042977,first
W4241065292,A5007606917,last
W4241097655,A5001246811,first
W4242833460,A5047503590,first
W4242833460,A5083056452,middle
W4242833460,A5016380950,last
W4242900168,A5088982583,middle
W4242900168,A5002734812,last
W4242998734,A5022022325,last
W4243822551,A5045456583,first
W4244382749,A5026453313,first
W4244382749,A5006390574,last
W4246944026,A5045298378,first
W4246944026,A5047521597,middle
W4246944026,A5036820265,last
W4248463091,A5042916844,first
W4250191239,A5085533002,first
W4251103126,A5056986237,first
W4254473177,A5082234532,first
W4254637456,A5084229134,first
W4255824787,A5085880027,first
W4256419287,A5025652541,last
W4285465633,A5053476692,first
W4285465633,A5015611475,last
W4285519482,A5014057564,first
W4285519482,A5087026860,middle
W4285519482,A5080217489,last
W4285552618,A5089501629,first
W4285552618,A5010197781,last
W4288073647,A5067954492,first
W4288073647,A5074160516,last
W4288076663,A5032679417,first
W562552778,A5064659051,first
W1713520343,A5025248878,first
W1713520343,A5013158304,middle
W1713520343,A5077460655,middle
W1713520343,A5022089911,last
W1954493885,A5080232184,first
W1954493885,A5006992974,middle
W1954493885,A5016253883,middle
W1954493885,A5030647388,middle
W1954493885,A5041969975,last
W1982135788,A5072917707,first
W1982135788,A5077971888,last
W2034745970,A5085986673,last
W2060511487,A5013696986,first
W2274896885,A5014515578,first
W2274896885,A5047693644,middle
W2274896885,A5023334974,last
W2341487010,A5056820101,first
W2491916120,A5006270785,first
W2492107376,A5031002895,first
W2492107376,A5037636074,middle
W2492107376,A5032448836,middle
W2492107376,A5037473201,last
W2523640878,A5036045020,first
W2557093224,A5028391851,first
W2561828279,A5088737112,first
W2591829730,A5004152951,first
W2591829730,A5056970435,middle
W2591829730,A5004268590,middle
W2591829730,A5044268701,middle
W2591829730,A5015294604,middle
W2591829730,A5055775978,middle
W2591829730,A5038971425,middle
W2591829730,A5082821741,middle
W2591829730,A5056896764,middle
W2591829730,A5023086436,middle
W2591829730,A5013955924,middle
W2591829730,A5065788780,middle
W2591829730,A5082240280,middle
W2591829730,A5061395500,middle
W2591829730,A5056033447,middle
W2591829730,A5014452528,middle
W2591829730,A5084451404,middle
W2591829730,A5021709117,middle
W2591829730,A5074713301,middle
W2591829730,A5059510260,middle
W2616885852,A5046776265,first
W2616885852,A5060376466,middle
W2616885852,A5034568985,middle
W2616885852,A5079390960,middle
W2616885852,A5028163457,middle
W2616885852,A5042467582,middle
W2616885852,A5049845313,last
W2620544484,A5020247368,first
W2620544484,A5060688886,last
W2758734416,A5058657825,last
W2801913676,A5036868751,first
W2886050270,A5054447617,middle
W2886050270,A5025398350,middle
W2886050270,A5050008389,middle
W2886050270,A5012361203,middle
W2886050270,A5032384002,last
W2889440640,A5017745566,first
W2908198215,A5067952740,first
W2908982320,A5011377962,first
W2981093184,A5058952816,first
W2981093184,A5070045410,middle
W2981093184,A5033395722,last
W2981217057,A5049791941,middle
W2981217057,A5026047614,middle
W2981217057,A5043516133,middle
W2981217057,A5066579939,last
W2985612839,A5066373250,first
W2991143414,A5021255849,first
W2991143414,A5036892531,middle
W2991143414,A5020101419,middle
W2991143414,A5006992777,middle
W2991143414,A5019358769,middle
W2991143414,A5014478452,last
W3009872063,A5088526226,first
W3009872063,A5037601947,last
W3010324636,A5036421091,first
W3025726788,A5049996493,first
W3036665400,A5085220191,first
W3045666450,A5085432173,first
W3082111441,A5001111295,first
W3082111441,A5085785893,middle
W3082111441,A5008560262,middle
W3082111441,A5057278613,middle
W3082111441,A5063667378,last
W3086836893,A5041610838,first
W3088215396,A5042145194,first
W3088215396,A5070050024,last
W3088728299,A5008537902,last
W3089104423,A5026596644,first
W3089104423,A5057010618,middle
W3089104423,A5041530815,last
W3092069494,A5069795537,first
W3093378485,A5059140494,last
W3093530951,A5023504637,first
W3093530951,A5028870837,middle
W3093530951,A5029541965,last
W3094460573,A5085988625,last
W3095034305,A5032175421,first
W3097417906,A5002501779,first
W3097417906,A5064740384,middle
W3097417906,A5065912071,last
W3098100550,A5075900406,first
W3098100550,A5076504951,last
W3099407048,A5029643093,first
W3099407048,A5020518108,middle
W3099407048,A5032488382,last
W3102274738,A5076605128,first
W3102274738,A5077143737,middle
W3102274738,A5064231378,last
W3106498160,A5003499139,first
W3108939289,A5029096455,first
W3108939289,A5028228530,middle
W3108939289,A5076066904,middle
W3108939289,A5060815452,middle
W3108939289,A5045420930,last
W3110402191,A5038229891,first
W3110402191,A5033056152,middle
W3110402191,A5035940683,last
W3111430822,A5038645035,first
W3111430822,A5091798914,middle
W3111430822,A5026612369,last
W3112134343,A5015210265,first
W3112346947,A5069712307,first
W3112588873,A5036568372,first
W3112588873,A5058144931,middle
W3112588873,A5048344653,last
W3116486251,A5020078305,first
W3116670010,A5066109793,first
W3116670010,A5087028802,last
W3118684569,A5090232242,first
W3118684569,A5005636333,last
W3119479745,A5046689943,first
W3121369808,A5061382736,first
W3122039840,A5021005957,first
W3122212461,A5025851205,middle
W3122212461,A5032618637,middle
W3122556555,A5073266272,first
W3124004637,A5078137332,first
W3124396729,A5004426215,first
W3124396729,A5060595477,last
W3124763719,A5043613674,first
W3125718394,A5083938981,middle
W3125718394,A5040335377,middle
W3125718394,A5047871627,last
W3125767970,A5031724499,first
W3125974505,A5018685823,first
W3127729532,A5050916595,middle
W3127729532,A5064967772,middle
W3127785685,A5072419903,middle
W3127785685,A5079888964,middle
W3127785685,A5048758276,middle
W3129349599,A5060551543,first
W3129437089,A5019451812,first
W3129437089,A5047624251,last
W3129632699,A5046173193,first
W3129632699,A5005376765,middle
W3130140376,A5006837984,first
W3130734296,A5056340751,last
W3131304306,A5006051505,middle
W3131304306,A5058469172,last
W3131455896,A5052769076,first
W3131455896,A5070397490,middle
W3131455896,A5079576759,last
W3132400825,A5001121325,first
W3132400825,A5054635541,last
W3133334768,A5038816870,first
W3133334768,A5014917212,last
W3133653079,A5090549590,first
W3133653079,A5033783997,middle
W3133653079,A5062641378,last
W3133987517,A5014868753,first
W3134291281,A5059215546,first
W3134291281,A5085796013,last
W3134800933,A5015835206,first
W3134800933,A5038814924,middle
W3134800933,A5012275958,last
W3135395125,A5040335377,middle
W3135674123,A5079241396,last
W3135792782,A5049140310,first
W3135837345,A5078975428,first
W3135837345,A5003558647,last
W3135917125,A5051437806,first
W3137071164,A5078797025,first
W3137071164,A5086237480,middle
W3137071164,A5050394448,last
W3139038952,A5027777990,last
W3139466607,A5060417049,first
W3139466607,A5002250184,middle
W3139466607,A5012930542,middle
W3139466607,A5051805730,middle
W3139466607,A5046448314,last
W3139911584,A5055174523,first
W3141392623,A5050985764,first
W3141392623,A5003939496,middle
W3146435625,A5083901945,first
W3146435625,A5057996715,last
W3150019403,A5090458959,first
W3151453990,A5052993464,first
W3151463721,A5017357729,first
W3152718534,A5014715195,first
W3152718534,A5073358106,middle
W3152718534,A5005616591,last
W3152729423,A5072986862,first
W3152916666,A5086128963,middle
W3153483422,A5088813478,first
W3154784089,A5082716220,first
W3154784089,A5008665186,last
W3154878802,A5043861405,middle
W3156481130,A5030849815,last
W3156994238,A5057017958,middle
W3157460296,A5078138776,first
W3157551674,A5054684767,last
W3158155751,A5066921914,first
W3158483508,A5089110297,middle
W3158707027,A5036296724,first
W3159823600,A5083904095,middle
W3160945655,A5004691741,middle
W3160945655,A5070871302,middle
W3161146878,A5073789126,first
W3161558521,A5023260780,middle
W3163641070,A5072539710,first
W3163930290,A5031554706,first
W3163968342,A5089995076,first
W3163968342,A5019607825,last
W3164219428,A5033069219,first
W3164322400,A5002326755,first
W3164991630,A5071161048,first
W3164991630,A5007824853,middle
W3164991630,A5042510214,middle
W3164991630,A5019441676,middle
W3164991630,A5010065369,last
W3165016909,A5017371676,first
W3165016909,A5053932280,middle
W3165016909,A5000334344,last
W3165083828,A5005518991,first
W3165587505,A5011757745,first
W3165587505,A5063612469,last
W3166509877,A5090747366,first
W3166509877,A5083026381,middle
W3166509877,A5039929397,middle
W3166509877,A5025754478,middle
W3166509877,A5006966951,middle
W3166509877,A5039742693,middle
W3166509877,A5025331216,middle
W3166509877,A5000232046,middle
W3166509877,A5070966718,middle
W3166509877,A5015182248,last
W3166993200,A5088828799,first
W3167920093,A5049496653,first
W3168476136,A5012275958,first
W3168476136,A5090320352,middle
W3168476136,A5073787661,last
W3168500545,A5049939733,first
W3168500545,A5007338391,last
W3168760438,A5031840995,middle
W3168894416,A5078424756,first
W3168894416,A5044987824,middle
W3168894416,A5021066287,middle
W3168894416,A5083597705,middle
W3168894416,A5026178917,middle
W3168894416,A5048152631,middle
W3168894416,A5039653828,middle
W3168894416,A5051565605,middle
W3168894416,A5091006296,middle
W3168894416,A5009553045,middle
W3168894416,A5058423505,last
W3169197679,A5041241997,last
W3169558976,A5043168021,first
W3169558976,A5036647248,middle
W3169558976,A5054629125,last
W3169785611,A5041348809,first
W3169785611,A5050042995,middle
W3169785611,A5061142267,last
W3169852264,A5074982739,first
W3170495495,A5090088008,first
W3170495495,A5071959897,last
W3170582040,A5065119769,first
W3170582040,A5018983498,middle
W3170828727,A5016326904,first
W3171743688,A5065644953,first
W3171743688,A5024860629,middle
W3171743688,A5082668404,last
W3172831545,A5057790189,first
W3173083222,A5061319881,first
W3173083222,A5076259865,last
W3173418281,A5052031879,first
W3174143086,A5077612740,first
W3174290596,A5089853267,first
W3174393888,A5091020771,first
W3174422390,A5011116979,middle
W3175821012,A5059766027,middle
W3175835834,A5027347969,middle
W3175835834,A5030808913,middle
W3175835834,A5019194000,middle
W3175835834,A5011881836,middle
W3175835834,A5043358163,middle
W3175870117,A5001246811,first
W3175994516,A5006285552,first
W3175994516,A5085796013,last
W3176472792,A5029675591,first
W3176580693,A5022670457,first
W3176781380,A5031371771,first
W3176781380,A5039570133,middle
W3176781380,A5040829874,last
W3178646610,A5077318302,first
W3178750066,A5006613562,first
W3178750066,A5016302052,last
W3179826201,A5083631981,first
W3179826201,A5039146377,last
W3180065729,A5027532459,last
W3181166589,A5042195176,first
W3182733320,A5088549305,first
W3183392287,A5062090450,first
W3183436078,A5004206574,first
W3184993283,A5075173310,first
W3184993283,A5065886493,middle
W3184993283,A5037345774,middle
W3184993283,A5020890536,middle
W3184993283,A5017319459,middle
W3184993283,A5037077763,last
W3185169725,A5077830722,first
W3185169725,A5031674506,middle
W3185169725,A5005650810,last
W3185193989,A5020954840,middle
W3185193989,A5014027718,middle
W3185543031,A5008456610,first
W3186041660,A5045713200,middle
W3186558565,A5057739756,first
W3186558565,A5066238345,last
W3186689792,A5055210685,first
W3187544544,A5058342047,first
W3188448151,A5031512488,first
W3188448151,A5016630281,middle
W3188448151,A5031163594,middle
W3188448151,A5007902286,last
W3189132698,A5060901767,middle
W3189132698,A5052703406,middle
W3189359670,A5014770098,last
W3189419917,A5090967969,first
W3189419917,A5013917113,middle
W3189419917,A5066972805,last
W3194497985,A5030318736,first
W3194497985,A5059215546,last
W3195412396,A5027913628,first
W3195796254,A5028034006,last
W3196616454,A5002059656,first
W3197160462,A5058027565,middle
W3197526823,A5054063286,first
W3197526823,A5038096249,middle
W3197526823,A5016537064,middle
W3197526823,A5008449915,last
W3198079991,A5016100876,first
W3198079991,A5068784665,last
W3198189559,A5043149524,first
W3198189559,A5014238711,middle
W3198189559,A5051286582,middle
W3198318988,A5037930833,first
W3198725858,A5077714205,first
W3198725858,A5052800617,last
W3198749684,A5062480532,first
W3198749684,A5091108132,middle
W3198749684,A5089022499,middle
W3198749684,A5041916316,middle
W3198749684,A5072151198,last
W3198763710,A5036069966,first
W3198763710,A5088881963,last
W3199194126,A5052284218,first
W3199254827,A5077395641,first
W3199516791,A5020653434,first
W3199516791,A5079226898,last
W3201049565,A5060083258,first
W3201593807,A5030602771,first
W3201669132,A5024194868,first
W3201727096,A5006100937,middle
W3201727096,A5083192999,last
W3201927501,A5012895357,first
W3201976123,A5042132837,first
W3201976123,A5065156490,last
W3202446811,A5061459557,first
W3202446811,A5089379749,last
W3202727059,A5033952363,first
W3202727059,A5081037491,middle
W3202727059,A5068807750,last
W3202813240,A5075892407,first
W3203620031,A5012059417,first
W3203815159,A5065418517,first
W3203815159,A5007624977,middle
W3203815159,A5012747021,last
W3203828562,A5046719200,first
W3205812240,A5082242689,first
W3205812240,A5017524660,middle
W3205812240,A5080620663,middle
W3205812240,A5027334214,middle
W3205812240,A5015080938,last
W3205842156,A5089077811,first
W3205842156,A5091880648,middle
W3206775940,A5041650289,first
W3206880932,A5010427390,first
W3206920865,A5030433440,first
W3207154457,A5001849550,first
W3207557769,A5064455835,first
W3207557769,A5090855504,last
W3207758877,A5002879297,first
W3207758877,A5085473486,middle
W3207758877,A5006327684,middle
W3207758877,A5032675786,last
W3207891952,A5076682139,first
W3207891952,A5082850653,middle
W3207891952,A5022821833,last
W3208303488,A5066605031,first
W3208303488,A5090984486,middle
W3208303488,A5064768354,last
W3208445364,A5003283009,middle
W3208445364,A5071730605,middle
W3208750885,A5075301188,first
W3208750885,A5030680536,last
W3209362647,A5022459919,middle
W3209581586,A5090780175,first
W3210765101,A5075292468,first
W3210765101,A5034694502,middle
W3210765101,A5036583267,last
W3211452669,A5041110564,middle
W3211605992,A5059401126,first
W3211605992,A5090575787,middle
W3211605992,A5090506185,last
W3212212214,A5041522926,first
W3212435027,A5073091147,first
W3212435027,A5086650097,last
W3212682274,A5084203038,first
W3212682274,A5070075726,middle
W3212682274,A5028831759,middle
W3212682274,A5065153142,middle
W3212735827,A5082897373,first
W3213395770,A5041402341,first
W3213422917,A5006677148,first
W3213603709,A5087678582,middle
W3213603709,A5050062467,last
W3213622466,A5070443737,first
W3213767025,A5013727792,first
W3213767025,A5088555568,middle
W3213767025,A5006247481,middle
W3213767025,A5055668668,middle
W3213767025,A5050500830,last
W3214775784,A5082242689,first
W3215208783,A5037505239,first
W3215302067,A5052416182,first
W3215302067,A5040722386,middle
W3215302067,A5023810149,middle
W3215302067,A5038512064,last
W3215382309,A5017349031,first
W3215382309,A5040245429,middle
W3215382309,A5050900227,last
W3215956300,A5076142967,first
W3216587829,A5029019884,middle
W3216587829,A5072006522,middle
W3216587829,A5033111482,middle
W3216587829,A5034901180,middle
W3216988630,A5091109916,first
W3217592880,A5066976882,first
W4200069804,A5061775631,first
W4200099352,A5056261845,first
W4200103096,A5008547992,middle
W4200103096,A5052169592,last
W4200180890,A5023910909,first
W4200180890,A5069536590,middle
W4200180890,A5053340752,middle
W4200180890,A5082046789,last
W4200503738,A5083197471,first
W4200520306,A5079815155,first
W4200543761,A5055510228,first
W4200543761,A5030697225,middle
W4200543761,A5046645515,last
W4200554351,A5088256645,first
W4200554351,A5031398742,middle
W4200554351,A5052104910,last
W4200582859,A5060599622,first
W4200582859,A5078477454,last
W4200620150,A5058531311,first
W4205141155,A5032693556,first
W4205141155,A5011600081,last
W4205150644,A5013096348,first
W4205239965,A5091908304,first
W4205324649,A5014011362,first
W4205324649,A5009150883,last
W4205488898,A5079188984,first
W4205498009,A5063909981,first
W4205573291,A5041576777,first
W4205573291,A5013176942,middle
W4205573291,A5046236334,last
W4205578669,A5051173013,first
W4205643533,A5040471798,first
W4205649330,A5062839715,first
W4205720441,A5030886712,first
W4205720441,A5041983910,middle
W4205720441,A5039969991,last
W4205795851,A5071834024,first
W4205816250,A5030742237,first
W4205816250,A5027503712,middle
W4205816250,A5022468649,middle
W4205846446,A5005797988,first
W4205888128,A5070406181,first
W4205888128,A5030032537,middle
W4205888128,A5010538819,middle
W4205941240,A5023954982,first
W4205941240,A5072824564,last
W4205947787,A5051966501,first
W4205989334,A5083362029,middle
W4206141679,A5029610673,first
W4206166298,A5076586224,first
W4206166298,A5084592859,last
W4206175104,A5069141487,first
W4206260015,A5065936625,last
W4206376519,A5022813752,first
W4206424433,A5068586843,first
W4206424433,A5077962545,last
W4206509334,A5042341446,first
W4206527070,A5073082316,last
W4206565284,A5082126056,first
W4206744778,A5039416214,first
W4206744778,A5080470963,last
W4206921286,A5011755091,first
W4206921286,A5000658673,last
W4210539533,A5037648924,middle
W4210554556,A5076635345,last
W4210625636,A5059332839,first
W4210725863,A5042768069,first
W4210753346,A5006197413,middle
W4210753346,A5023274785,middle
W4210753346,A5003469648,middle
W4210753346,A5005661598,last
W4210767489,A5090911320,first
W4210767489,A5048416181,middle
W4210767489,A5082718598,middle
W4210767489,A5061865959,last
W4210913050,A5078148231,first
W4211071417,A5023762919,first
W4212816680,A5050000831,last
W4212831535,A5000942574,first
W4212831535,A5087588754,middle
W4212831535,A5071582618,middle
W4212831535,A5053345854,middle
W4212831535,A5064567419,middle
W4212831535,A5037686951,middle
W4212831535,A5007479295,middle
W4212831535,A5027261841,middle
W4212831535,A5085161160,middle
W4212831535,A5026668088,middle
W4212831535,A5058962719,last
W4214595181,A5026417958,middle
W4214595181,A5055016850,middle
W4214595181,A5044662284,last
W4214939085,A5071682189,last
W4226142647,A5031821887,middle
W4230129212,A5016786154,first
W4230129212,A5012899448,last
W4230593639,A5048394879,last
W4230706155,A5058921150,last
W4231897470,A5024460769,middle
W4231897470,A5090034016,middle
W4232021440,A5038388152,first
W4232994292,A5065058581,first
W4233570878,A5001710847,middle
W4233570878,A5036689338,middle
W4233570878,A5091637832,last
W4233950952,A5034192756,first
W4233995128,A5073774344,middle
W4233995128,A5075056899,middle
W4233995128,A5072703507,middle
W4233995128,A5082707744,last
W4234807624,A5088273498,first
W4236379369,A5022743365,first
W4237512648,A5032173898,first
W4237512648,A5027213342,last
W4237587217,A5089920210,first
W4238184595,A5074670449,first
W4238184595,A5042488360,middle
W4238184595,A5047471512,middle
W4238184595,A5078842606,last
W4238679887,A5026685411,first
W4238679887,A5080546069,middle
W4238679887,A5077953037,middle
W4238679887,A5045554497,last
W4239061574,A5000368081,first
W4239061574,A5089830271,middle
W4239061574,A5077804071,last
W4239726445,A5023370414,first
W4240065871,A5046735737,first
W4240467630,A5053185154,last
W4240784663,A5035759666,first
W4240784663,A5064641470,middle
W4240851066,A5017719381,first
W4241256385,A5046825469,first
W4242948040,A5075640143,first
W4242996108,A5065058581,first
W4242996108,A5019494994,middle
W4242996108,A5054256492,last
W4243630851,A5056867872,first
W4244765440,A5077239665,last
W4245174288,A5050692107,first
W4245944463,A5062416737,first
W4245944463,A5013120793,last
W4246993866,A5031105466,first
W4248678156,A5064813262,middle
W4248690053,A5005227863,first
W4248690053,A5055433807,last
W4249072950,A5005035621,first
W4249072950,A5022870004,last
W4249626821,A5064462116,last
W4250904918,A5028348201,last
W4251030750,A5084740578,middle
W4252269921,A5059340793,first
W4253751270,A5048150326,first
W4253751270,A5031263896,middle
W4253751270,A5029531111,middle
W4253751270,A5036763290,last
W4253962391,A5022269446,first
W4255295985,A5073872240,first
W4285360925,A5068010379,first
W4285522305,A5024949637,first
W4285522305,A5035134691,last
W4285551168,A5000865868,first
W4285556314,A5078909773,middle
W4285556314,A5027033026,last
W4286915486,A5022465917,middle
W4286915486,A5031606341,middle
W4286915486,A5065788780,last
W4288076938,A5059401126,first
W4288076938,A5090575787,last
W4288791838,A5043606036,first
W4293138483,A5053630715,first
W4293138483,A5069264027,last
W4319981612,A5056484820,first
W597512971,A5026496116,first
W597512971,A5084414791,middle
W597512971,A5051540293,last
W613901532,A5049356189,middle
W620905626,A5073901040,last
W635683580,A5015785160,first
W1494862934,A5059657954,first
W1494862934,A5073782726,middle
W1494862934,A5034647295,last
W150599612,A5068049138,first
W150599612,A5089591271,middle
W150599612,A5043962386,last
W1545254169,A5088754375,first
W1545254169,A5041680854,middle
W1545254169,A5038629101,last
W1594284930,A5060651495,first
W1594284930,A5051593977,last
W1889215178,A5059750726,first
W1889215178,A5075432056,middle
W1889215178,A5050044278,middle
W1889215178,A5084139328,last
W2185674598,A5005530908,last
W2252260018,A5017102290,last
W2281741648,A5063904858,first
W2281741648,A5059748921,middle
W2281741648,A5029785409,middle
W2281741648,A5085380450,middle
W2281741648,A5000261188,last
W2339939177,A5018873219,first
W2473743752,A5067511734,first
W2473743752,A5018217411,middle
W2473743752,A5043475280,middle
W2473743752,A5044305127,middle
W2473743752,A5033293944,middle
W2473743752,A5078229465,last
W2486297491,A5054372678,first
W2486297491,A5085504322,middle
W2486297491,A5062108213,last
W2489956879,A5070416327,first
W2489956879,A5086733054,middle
W2489956879,A5086577667,last
W2490517684,A5036008539,first
W2491675385,A5010311538,first
W2500593650,A5088876061,first
W2500593650,A5090179530,last
W2513041412,A5052205649,first
W2523947205,A5034207902,first
W2523947205,A5001976189,middle
W2523947205,A5017498749,last
W2599460564,A5042150057,first
W2603515925,A5089610879,first
W2603642989,A5054437456,first
W2603642989,A5030914810,last
W2753732490,A5009268036,first
W2753732490,A5009477620,middle
W2753732490,A5064749168,last
W2770118326,A5026130386,first
W2790638168,A5041159779,first
W2790638168,A5019022830,middle
W2790638168,A5083606762,last
W2791105220,A5004211439,last
W2793559496,A5029034465,first
W2793559496,A5041987043,middle
W2793559496,A5054803850,last
W28870329,A5075751190,first
W2888168479,A5022446589,middle
W2892166506,A5065319776,middle
W2892261302,A5033591566,first
W2893309698,A5037335239,first
W2895044477,A5031836646,first
W2895060453,A5083438052,first
W2897319766,A5017745566,first
W2907514373,A5008052931,first
W2921184104,A5034800919,middle
W2932612887,A5000653675,first
W2932612887,A5081097218,middle
W2932612887,A5084958051,middle
W2932612887,A5026047614,last
W2938334447,A5054228678,first
W2945570074,A5042655483,first
W2945784886,A5056122666,first
W2945784886,A5070399019,middle
W2945784886,A5078485305,middle
W2945784886,A5047118636,last
W2946324413,A5065592637,first
W2952662681,A5080691948,first
W2966503254,A5087192873,first
W2995209938,A5078624294,first
W2996405046,A5014539248,first
W2999180785,A5043246338,first
W3003227788,A5025281874,first
W3003227788,A5010646067,middle
W3003227788,A5033807547,last
W3011134234,A5017121778,first
W3014572532,A5033033856,first
W3016639465,A5037206621,first
W3018456700,A5042169965,first
W3019686029,A5091777543,first
W3024569342,A5024893234,first
W3025818607,A5071044293,first
W3026136550,A5038116135,first
W3026994270,A5064822688,first
W3026994270,A5018464968,last
W3027396787,A5038138844,middle
W3027396787,A5000416781,last
W3029430775,A5022878111,first
W3030463196,A5069788604,first
W3030463196,A5046606347,last
W3031624047,A5087567209,first
W3031624047,A5020180533,last
W3033077955,A5029128653,first
W3033077955,A5061185640,middle
W3033447910,A5031309837,first
W3035335366,A5008706600,first
W3036997616,A5061206076,first
W3037029215,A5050500595,first
W3037029215,A5080014014,last
W3037063168,A5055326119,first
W3037929576,A5084949004,first
W3038285171,A5024945500,middle
W3038285171,A5027313836,last
W3041103517,A5063793631,first
W3041632112,A5000296607,first
W3043659439,A5048036610,first
W3045080026,A5082408006,first
W3045608587,A5033123476,first
W3046439790,A5045990809,first
W3046585208,A5006560685,first
W3046585208,A5061116687,middle
W3046585208,A5005670314,middle
W3046585208,A5054442637,last
W3047943829,A5034936246,first
W3048164255,A5027963599,first
W3048314164,A5028506992,first
W3048314164,A5027279282,last
W3081337800,A5018025615,first
W3082185713,A5037803714,first
W3082185713,A5033949551,middle
W3082185713,A5033949551,middle
W3082185713,A5037803714,last
W3082355089,A5054374049,first
W3082355089,A5052657912,last
W3083793420,A5085343290,first
W3085423960,A5004774069,first
W3085423960,A5047834226,middle
W3085721323,A5066532082,first
W3085721323,A5060918291,middle
W3085721323,A5049194708,last
W3086902330,A5049294944,first
W3087875326,A5023079553,first
W3087969247,A5012482178,first
W3087969247,A5046521217,middle
W3087969247,A5020338573,last
W3088516296,A5057985654,first
W3088983929,A5058475882,first
W3088983929,A5073956678,middle
W3088983929,A5047652595,last
W3089499187,A5046653466,first
W3089773586,A5017042977,first
W3089773586,A5007606917,last
W3089922482,A5017388383,first
W3091102186,A5077625109,last
W3091918379,A5082703226,first
W3091918379,A5088734341,last
W3092371384,A5016939139,last
W3093181510,A5051774192,first
W3093575034,A5078985846,last
W3093634042,A5072194325,first
W3093748866,A5051711854,first
W3093748866,A5005329645,last
W3094814452,A5013125060,middle
W3095107050,A5020857714,first
W3095107050,A5029475307,middle
W3095107050,A5062756194,last
W3095475950,A5009310227,first
W3096401969,A5018958964,first
W3096430867,A5084644113,first
W3097007809,A5067875018,first
W3097553063,A5009711552,middle
W3097736165,A5052803333,first
W3097736165,A5034647327,middle
W3097736165,A5064914434,middle
W3097736165,A5086633120,last
W3097784924,A5036936081,first
W3097784924,A5090090567,middle
W3098445805,A5049600110,last
W3101248594,A5034290462,first
W3103110751,A5004292285,first
W3104128779,A5084205912,middle
W3104128779,A5019962606,middle
W3104159934,A5052193724,first
W3105123486,A5022813752,first
W3107708722,A5044711688,first
W3107800999,A5030045490,first
W3107912269,A5063846550,first
W3107912269,A5018660127,last
W3108497533,A5015818654,first
W3108777565,A5006093254,first
W3110683619,A5022368866,first
W3110683619,A5047005477,middle
W3110683619,A5076744081,middle
W3110683619,A5083126992,middle
W3110683619,A5011700725,middle
W3110683619,A5060433773,middle
W3110683619,A5064921341,middle
W3110683619,A5044233783,middle
W3110683619,A5042268563,last
W3111313927,A5029157694,first
W3111467250,A5087347697,first
W3111617472,A5065019096,first
W3111617472,A5059236990,last
W3112282838,A5083495293,first
W3112461866,A5014451047,first
W3112472082,A5022840676,first
W3112472082,A5052821522,last
W3112865737,A5088557829,first
W3112865737,A5010294234,middle
W3112865737,A5085252445,last
W3113063471,A5085343290,last
W3113512394,A5040345337,first
W3115111183,A5035956980,first
W3116437299,A5082940954,middle
W3116685903,A5000577539,last
W3116762340,A5090535601,first
W3116762340,A5063764379,middle
W3116762340,A5004011403,last
W3118308918,A5004404965,first
W3118308918,A5052822843,last
W3118329596,A5032359389,middle
W3118649630,A5045456583,first
W3118736412,A5016821063,first
W3118808215,A5087066780,first
W3118809737,A5010384268,first
W3118860494,A5081491178,first
W3118890410,A5067629673,first
W3118945212,A5071260205,first
W3118945212,A5069317254,last
W3118959271,A5000618521,first
W3118959271,A5049701136,middle
W3118959271,A5058922210,last
W3118963720,A5018819214,last
W3119080170,A5067216728,first
W3119108695,A5045286703,first
W3119110824,A5048629954,first
W3119497193,A5000100573,first
W3119497193,A5004393034,middle
W3119510579,A5042916844,first
W3119808925,A5027533888,last
W3119979819,A5005523187,middle
W3120081888,A5022208558,first
W3120247484,A5000851902,first
W3120247484,A5051857079,middle
W3120247484,A5081115472,last
W3120255383,A5018246603,first
W3120371271,A5077978694,first
W3120442674,A5055266234,first
W3120516826,A5021956516,first
W3120766025,A5084591829,first
W3120845897,A5046185637,first
W3121226915,A5051880176,first
W3121268171,A5076586224,first
W3121268171,A5084592859,last
W3121273904,A5060829860,first
W3121711922,A5017984102,first
W3121827802,A5067610354,first
W3121881847,A5013384495,first
W3122015340,A5001908659,first
W3122271164,A5034720507,first
W3122537663,A5033777007,first
W3122537663,A5045047767,middle
W3122537663,A5012027004,middle
W3122537663,A5022473701,middle
W3122537663,A5005836086,middle
W3122537663,A5065335369,middle
W3122537663,A5072618249,middle
W3122537663,A5038483307,middle
W3122537663,A5087534799,middle
W3122537663,A5000445240,middle
W3122537663,A5021022320,middle
W3122537663,A5019773230,middle
W3122537663,A5022710074,middle
W3122537663,A5033248308,middle
W3122537663,A5051132163,middle
W3122537663,A5010766325,middle
W3122537663,A5044510961,middle
W3122537663,A5009733809,last
W3122594733,A5009220389,first
W3122673625,A5084335365,middle
W3122673625,A5075270383,middle
W3122673625,A5009170431,middle
W3122673625,A5084897948,middle
W3122673625,A5015911453,middle
W3122681378,A5085880027,first
W3122707013,A5089398354,first
W3122807877,A5077104036,first
W3122828414,A5018650225,first
W3122870822,A5091023010,first
W3123106706,A5073888022,first
W3123106706,A5010766325,middle
W3123106706,A5041055145,middle
W3123106706,A5000445240,middle
W3123106706,A5054653602,middle
W3123106706,A5041331096,middle
W3123106706,A5059717577,middle
W3123106706,A5019301265,middle
W3123106706,A5043643519,middle
W3123110354,A5034294135,last
W3123222845,A5046689778,first
W3123273391,A5037248538,first
W3123273391,A5012010562,middle
W3123273391,A5033406363,last
W3123351311,A5041784162,first
W3123521045,A5038291633,first
W3123521045,A5044038805,middle
W3123521045,A5042149473,last
W3123536040,A5040716355,middle
W3123833159,A5042576292,first
W3124180383,A5082085150,first
W3124192929,A5031634765,first
W3124254684,A5088574352,first
W3124254684,A5067146623,middle
W3124254684,A5031824776,last
W3124272412,A5028695853,first
W3124350143,A5072763073,first
W3124842306,A5004839622,first
W3124898307,A5090857859,middle
W3124898307,A5008847404,middle
W3124898307,A5062341047,middle
W3124898307,A5068900011,middle
W3124898307,A5011124952,middle
W3124898307,A5076874321,middle
W3124898307,A5006544857,middle
W3124904802,A5087731727,first
W3124921523,A5066323524,first
W3124921523,A5067328692,middle
W3124921523,A5049469197,middle
W3124947355,A5013642374,middle
W3124947355,A5088206947,middle
W3124947355,A5038729249,middle
W3125056143,A5046764771,first
W3125219518,A5003283009,middle
W3125219518,A5071730605,middle
W3125271104,A5080897773,first
W3125324796,A5063053513,first
W3125324796,A5059660958,last
W3125447417,A5071592901,last
W3125666879,A5037648924,middle
W3125781344,A5073888022,first
W3125781344,A5010766325,middle
W3125781344,A5041055145,middle
W3125781344,A5000445240,middle
W3125781344,A5054653602,middle
W3125781344,A5041331096,middle
W3125781344,A5059717577,middle
W3125781344,A5019301265,middle
W3125781344,A5043643519,middle
W3125821820,A5014750183,first
W3125866794,A5078138776,middle
W3126174526,A5023019774,middle
W3126174526,A5076891153,last
W3126184307,A5048758245,first
W3126437730,A5067715723,middle
W3126437730,A5027309456,last
W3126619276,A5063466791,first
W3126620932,A5062189131,first
W3126646222,A5028348201,last
W3126725437,A5063651055,middle
W3126816709,A5003098656,first
W3126829315,A5077569089,first
W3126829315,A5076701363,middle
W3126829315,A5051439492,last
W3126889160,A5021341097,first
W3126960639,A5007741379,first
W3127097559,A5071046303,last
W3127233098,A5035188278,first
W3127233098,A5073256902,last
W3127378919,A5014695494,last
W3127428247,A5002905327,last
W3127439186,A5014936252,first
W3127454266,A5011846917,middle
W3127454266,A5059335262,middle
W3127454266,A5084413042,middle
W3127454266,A5072618249,middle
W3127454266,A5023854303,middle
W3127481637,A5062351587,first
W3127505705,A5086683542,first
W3127505705,A5023771648,last
W3127564112,A5081541767,first
W3127593792,A5076094600,middle
W3127976479,A5062629194,last
W3128153665,A5066305862,first
W3128221365,A5056916227,first
W3128364767,A5005547561,first
W3128364767,A5019267154,last
W3128414376,A5009522954,first
W3128661998,A5085618454,first
W3128743741,A5012542241,first
W3128810923,A5015345249,first
W3128989987,A5073155006,first
W3129006512,A5022547481,first
W3129052145,A5038740186,middle
W3129144985,A5017619299,first
W3129178977,A5063194536,first
W3129447020,A5062751696,first
W3129447378,A5077898761,first
W3129492018,A5070397490,first
W3129492018,A5018288181,middle
W3129492018,A5020116705,last
W3129730937,A5046009592,middle
W3129891555,A5026288547,first
W3129965977,A5039042766,first
W3129965977,A5042441651,middle
W3129965977,A5068956515,last
W3130298391,A5077831333,first
W3130347648,A5010043275,middle
W3130396472,A5080265667,first
W3130449591,A5085323032,middle
W3130505069,A5054647648,first
W3130656518,A5028740097,first
W3130744632,A5003364264,middle
W3130744632,A5065746959,middle
W3130836734,A5069829631,middle
W3130836734,A5021905552,middle
W3130836734,A5026807034,middle
W3130836734,A5005209686,middle
W3130836734,A5059066535,middle
W3130836734,A5016720311,middle
W3130836734,A5014333350,middle
W3130836734,A5079489256,middle
W3130836734,A5043010061,middle
W3130836734,A5048143695,middle
W3130985565,A5005250411,first
W3131288102,A5005797988,first
W3131373230,A5033422078,first
W3131417942,A5075435196,first
W3131649558,A5052668147,first
W3131745800,A5027510291,first
W3131745800,A5087614381,middle
W3131745800,A5064883016,last
W3131814581,A5042993096,first
W3131913685,A5054710928,first
W3131965546,A5020310993,first
W3132042620,A5065058581,first
W3132042620,A5008297571,last
W3132058523,A5090199433,first
W3132109363,A5015643944,first
W3132292105,A5068474010,first
W3132292105,A5053601068,last
W3132332861,A5085203169,last
W3132624709,A5045165993,first
W3132809700,A5026752908,first
W3132861169,A5001052765,first
W3133020134,A5016126102,middle
W3133026046,A5007403016,middle
W3133026046,A5061158647,last
W3133086083,A5046354308,first
W3133128395,A5013188869,first
W3133145763,A5079964536,first
W3133154121,A5003044729,first
W3133154121,A5035908989,middle
W3133154121,A5070939658,middle
W3133154121,A5008935039,last
W3133172663,A5070544233,first
W3133172663,A5018438088,middle
W3133172663,A5043145803,last
W3133579971,A5030775785,first
W3133586230,A5008409909,first
W3133611915,A5019041324,first
W3133611915,A5091633719,last
W3133725189,A5025648274,first
W3133725189,A5015190065,middle
W3133725189,A5016638493,middle
W3133725189,A5035887276,middle
W3133725189,A5060946836,middle
W3133725189,A5008229577,middle
W3133725189,A5018935705,last
W3133828963,A5066269496,first
W3133828963,A5085194150,last
W3133888764,A5041741373,middle
W3133888764,A5060004243,middle
W3133947352,A5048422260,first
W3134215266,A5073765948,first
W3134215266,A5075585231,middle
W3134263679,A5004587843,first
W3134263679,A5007993661,last
W3134386287,A5062416737,first
W3134386287,A5013120793,last
W3134386830,A5041685067,first
W3134386830,A5032484592,middle
W3134386830,A5058101576,middle
W3134386830,A5006992777,middle
W3134386830,A5005837856,last
W3134452474,A5017534262,first
W3134454175,A5069051297,first
W3134463837,A5042600463,first
W3134543948,A5030138295,first
W3134543948,A5040900494,last
W3134681664,A5012312047,first
W3134681664,A5085530459,last
W3134707685,A5013306341,first
W3134764645,A5035226116,first
W3134778503,A5083610939,first
W3134967661,A5087502169,first
W3135009989,A5065058581,first
W3135018646,A5047084018,middle
W3135018646,A5058529157,last
W3135141731,A5054717936,first
W3135413685,A5082701259,first
W3135413685,A5072115220,middle
W3135413685,A5004113506,middle
W3135469646,A5087572406,first
W3135469646,A5090118631,middle
W3135469646,A5025517633,middle
W3135469646,A5021380771,middle
W3135469646,A5024155508,last
W3135539448,A5004168772,first
W3135539448,A5039038406,middle
W3135539448,A5019864721,last
W3135607930,A5034578690,first
W3135750515,A5020185297,first
W3135872807,A5000942574,first
W3135872807,A5050749326,last
W3136042193,A5075331344,first
W3136053237,A5085533002,first
W3136080268,A5026103274,first
W3136188357,A5025751830,first
W3136329394,A5055220196,first
W3136510894,A5063561246,first
W3136510894,A5002185508,last
W3136594438,A5012486505,first
W3136737703,A5022077412,first
W3136833552,A5073178954,first
W3136842421,A5073730375,first
W3136953639,A5052124920,first
W3137245884,A5014011458,first
W3137411517,A5083018960,first
W3137411517,A5056512471,middle
W3137411517,A5065716990,middle
W3137411517,A5073107689,last
W3137426135,A5001198161,first
W3137968924,A5029533931,first
W3138025740,A5036140418,middle
W3138124467,A5052979944,first
W3138125815,A5035675448,first
W3138437195,A5002332272,first
W3138572844,A5084200880,first
W3138641301,A5019601876,last
W3138742375,A5032965630,first
W3139006514,A5032629854,first
W3139006514,A5007007501,middle
W3139006514,A5043571779,middle
W3139006514,A5085643719,last
W3139269350,A5054295296,last
W3139302592,A5082632656,first
W3139365712,A5008589821,first
W3139375967,A5074670449,first
W3139375967,A5042488360,middle
W3139375967,A5047471512,middle
W3139375967,A5007329669,last
W3139419110,A5054238903,first
W3139501714,A5072670483,first
W3139531758,A5029819514,first
W3139531758,A5073568638,last
W3140191732,A5042694328,first
W3140460944,A5069453171,first
W3140596411,A5003298449,first
W3140596411,A5044443092,middle
W3140596411,A5052762681,last
W3140628943,A5039320939,last
W3141033672,A5030886712,first
W3141033672,A5041983910,middle
W3141033672,A5039969991,last
W3141140181,A5035284963,first
W3142632873,A5027838536,first
W3143203252,A5064734272,first
W3143203252,A5046113582,middle
W3143203252,A5066682425,middle
W3143203252,A5059641282,last
W3144098264,A5080427402,first
W3144166692,A5065058581,first
W3144166692,A5038150463,last
W3144586558,A5056005713,first
W3145076089,A5016122387,first
W3145271982,A5004629957,first
W3145271982,A5017995306,middle
W3145271982,A5059337980,last
W3146555760,A5090148107,first
W3147132097,A5077831333,first
W3147228684,A5008617608,first
W3147615477,A5013016113,first
W3147615477,A5066520538,last
W3147853379,A5020794115,first
W3148601551,A5027497109,first
W3148750513,A5056986237,first
W3149353683,A5019913562,first
W3149459925,A5089048868,middle
W3149503861,A5058326477,last
W3149558156,A5056918489,first
W3149558156,A5081985841,last
W3150086808,A5028592528,first
W3150287844,A5074141887,first
W3150582748,A5004674429,first
W3150582748,A5077287712,middle
W3150923731,A5022405104,first
W3151359182,A5082234532,first
W3151589392,A5050692107,first
W3152451418,A5054189628,first
W3152507707,A5060362716,last
W3152570156,A5013288962,last
W3152593553,A5032527789,last
W3152755200,A5033463663,first
W3152922773,A5017722036,first
W3152922773,A5071533944,last
W3152980591,A5033228504,first
W3152980591,A5029376687,middle
W3153082918,A5020210821,first
W3153082918,A5015657679,middle
W3153082918,A5022405104,last
W3153149267,A5065058581,first
W3153149267,A5019494994,middle
W3153149267,A5054256492,last
W3153155616,A5035553646,first
W3153179417,A5023471253,first
W3153392970,A5076720283,middle
W3153392970,A5021955713,middle
W3153392970,A5003304913,middle
W3153639811,A5078146900,first
W3153639811,A5034992584,last
W3153942507,A5014751621,first
W3153942507,A5066168365,last
W3154079101,A5042062197,first
W3154393533,A5060100121,middle
W3154393533,A5071905590,last
W3154427042,A5023762919,first
W3154456473,A5060102543,last
W3154675946,A5004916865,middle
W3154675946,A5050157003,last
W3154677799,A5004420104,first
W3154824155,A5003519952,first
W3154937998,A5079190137,first
W3154937998,A5047787744,middle
W3154937998,A5076741502,middle
W3154937998,A5035627933,middle
W3154937998,A5060504929,middle
W3154937998,A5075099222,middle
W3154937998,A5074815650,middle
W3154937998,A5022431311,middle
W3154937998,A5008292516,middle
W3154981134,A5083055070,first
W3155005826,A5062528117,first
W3155147967,A5019391402,last
W3155159074,A5028548984,first
W3155228091,A5044212535,first
W3155241212,A5036331347,first
W3155241212,A5066710970,middle
W3155301081,A5075459877,last
W3155328670,A5074650679,first
W3155355940,A5024460769,middle
W3155355940,A5090034016,middle
W3155426703,A5058425630,first
W3155465614,A5028288962,first
W3155490963,A5061143931,first
W3155490963,A5010249054,last
W3155620514,A5026261684,middle
W3155713995,A5002204703,first
W3155713995,A5003244142,middle
W3155713995,A5009718393,middle
W3155713995,A5070226727,last
W3155753090,A5068338006,last
W3155778506,A5002496014,first
W3155778506,A5043796981,last
W3155877041,A5009487946,first
W3155877041,A5059408108,middle
W3155877041,A5036587841,last
W3155950995,A5054256492,first
W3155950995,A5065058581,middle
W3155950995,A5019494994,last
W3155956109,A5010806470,middle
W3155956109,A5041383168,last
W3156024145,A5028933270,first
W3156148146,A5051326387,first
W3156187310,A5076238041,first
W3156390394,A5014515838,first
W3156513095,A5001315380,first
W3156529806,A5005968562,first
W3156529806,A5052242583,last
W3156571697,A5019837925,first
W3156654127,A5020307082,first
W3156654127,A5042982783,middle
W3156654127,A5055530650,middle
W3156657815,A5023802533,first
W3156657815,A5068165456,last
W3156681725,A5017430628,first
W3156681725,A5010781223,middle
W3156681725,A5016978596,middle
W3156681725,A5007428198,last
W3156819115,A5065690463,first
W3156867998,A5056408977,first
W3157075479,A5066507377,first
W3157106197,A5007205393,first
W3157141113,A5044522925,first
W3157207425,A5000729733,last
W3157276865,A5028880130,first
W3157301695,A5014816978,middle
W3157301695,A5001066420,last
W3157366216,A5003465807,first
W3157566885,A5066507377,last
W3157623058,A5016624380,middle
W3157696621,A5022018277,first
W3157719436,A5073448059,last
W3157780025,A5025855943,first
W3157792587,A5034249208,first
W3157888942,A5066507377,first
W3157888942,A5075814155,last
W3157928882,A5040805043,first
W3158035207,A5058932893,first
W3158095010,A5064488080,first
W3158119508,A5089261752,last
W3158209111,A5013809895,first
W3158209111,A5051345973,middle
W3158209111,A5073685088,middle
W3158209111,A5082942970,last
W3158290722,A5079815933,middle
W3158495953,A5066507377,first
W3158532770,A5066507377,first
W3158624266,A5066507377,first
W3158736145,A5010344275,middle
W3158736145,A5067190271,middle
W3158736145,A5045825081,last
W3158749955,A5066507377,last
W3158783874,A5066197951,last
W3158963589,A5001568677,first
W3158963589,A5034647327,middle
W3158963589,A5052803333,last
W3158979123,A5052152121,first
W3159203891,A5020078305,first
W3159203891,A5023953202,last
W3159279316,A5089656601,first
W3159322026,A5054119246,first
W3159383284,A5003735157,middle
W3159437433,A5044535444,first
W3159448265,A5053843420,last
W3159553709,A5040485363,middle
W3159579082,A5084447591,first
W3159594515,A5038045438,first
W3159594515,A5032118535,middle
W3159594515,A5041085864,middle
W3159594515,A5054799336,middle
W3159594515,A5072350285,middle
W3159594515,A5076337231,middle
W3159636520,A5061416981,first
W3159636994,A5051429886,first
W3159642208,A5043776219,first
W3159642208,A5050870916,last
W3159712780,A5042604128,middle
W3159730414,A5071245743,first
W3159790542,A5053185154,last
W3159816462,A5013047474,first
W3159816462,A5084401124,last
W3159836882,A5066507377,first
W3159852099,A5055344613,last
W3159910049,A5081848578,first
W3159910049,A5052475314,middle
W3159910049,A5079957387,last
W3159967751,A5066507377,last
W3159992059,A5086134932,first
W3159992059,A5057827975,middle
W3159992059,A5003084591,middle
W3159992059,A5043242807,middle
W3160053873,A5089575155,first
W3160079922,A5016011886,first
W3160079922,A5044152002,middle
W3160088938,A5050714727,last
W3160101332,A5036898504,last
W3160228313,A5019338801,first
W3160228313,A5083896155,last
W3160279090,A5012396102,first
W3160279090,A5087781489,last
W3160466351,A5089543198,first
W3160572268,A5087152800,first
W3160572268,A5008232444,last
W3160578217,A5091842307,first
W3160616621,A5063653804,first
W3160616621,A5043823537,last
W3160758785,A5063994115,last
W3160825853,A5084640075,first
W3160905718,A5020165040,middle
W3161022114,A5007171832,first
W3161022114,A5000973984,last
W3161048012,A5045245743,first
W3161136281,A5054389106,first
W3161136816,A5083633284,first
W3161389056,A5088400668,first
W3161389056,A5015812196,middle
W3161389056,A5077074252,middle
W3161389056,A5036683370,last
W3161488662,A5024066584,first
W3161488662,A5079147959,last
W3161548498,A5000837692,first
W3161548498,A5027324773,middle
W3161548498,A5082739781,last
W3161736377,A5027430653,first
W3161990278,A5051972523,first
W3162235123,A5049749354,first
W3162344179,A5006631854,first
W3162648624,A5057189497,first
W3162676677,A5041109278,middle
W3162676677,A5025400888,middle
W3162676677,A5056505470,middle
W3162676677,A5036175629,middle
W3162676677,A5016529288,middle
W3162676677,A5076813693,middle
W3162676677,A5060994601,last
W3162699916,A5080150318,first
W3162704640,A5090440513,first
W3162792350,A5070869667,first
W3162804222,A5067949602,first
W3162804222,A5018442820,middle
W3162886056,A5021565388,first
W3162892798,A5077039883,first
W3162908867,A5070873702,first
W3162953008,A5035389403,first
W3162955579,A5081891487,first
W3163076470,A5089686987,first
W3163076470,A5051297402,middle
W3163076470,A5048361564,last
W3163115323,A5001970777,first
W3163199073,A5038388152,first
W3163273234,A5043729076,middle
W3163431292,A5064438298,last
W3163448987,A5083132017,first
W3163448987,A5074451226,middle
W3163448987,A5012150553,last
W3163544253,A5089581879,first
W3163564953,A5084441132,first
W3163668080,A5037113249,first
W3163668080,A5037455751,middle
W3163668080,A5041314190,last
W3163813050,A5051314849,first
W3163813050,A5072947986,middle
W3163813050,A5041917550,last
W3163840708,A5071667496,first
W3163974160,A5044584963,first
W3164014607,A5049471853,first
W3164046963,A5088802936,first
W3164239251,A5063909981,last
W3164320423,A5047490908,first
W3164350910,A5046077655,first
W3164350910,A5083658158,last
W3164399447,A5080985746,first
W3164457437,A5086088518,middle
W3164457437,A5027595810,last
W3164585719,A5002363225,middle
W3164585719,A5013840363,last
W3164594139,A5074622168,middle
W3164594139,A5088646910,middle
W3164814707,A5027491673,first
W3164814707,A5025278582,middle
W3164814707,A5017695018,last
W3164843124,A5005343914,first
W3164843124,A5002524055,middle
W3164843124,A5071983674,middle
W3164843124,A5024948465,last
W3165106536,A5056663824,last
W3165119818,A5033958217,first
W3165119818,A5053395647,middle
W3165174382,A5019144248,first
W3165191549,A5040275505,first
W3165201805,A5073283055,first
W3165201805,A5080676156,middle
W3165201805,A5045101158,last
W3165211471,A5058649907,first
W3165211471,A5018157075,last
W3165214939,A5029700747,first
W3165261697,A5042600463,first
W3165271391,A5035954014,first
W3165453955,A5065486002,first
W3165453955,A5052325589,last
W3165548125,A5085642828,first
W3165561478,A5019201161,last
W3165584843,A5008227532,first
W3165600553,A5070859687,first
W3165600553,A5027091367,middle
W3165631808,A5029231501,first
W3165721776,A5049554881,first
W3165827391,A5020006751,last
W3165875677,A5088852985,first
W3166081034,A5063380674,last
W3166126872,A5069787384,first
W3166159862,A5079978522,first
W3166213916,A5055365411,last
W3166260161,A5042603602,first
W3166284648,A5049895689,first
W3166543674,A5058984813,first
W3166543674,A5055126728,last
W3166666469,A5069541757,first
W3166666469,A5045064114,last
W3166784478,A5077391080,first
W3166913480,A5085321842,first
W3166913480,A5045616772,last
W3166914696,A5000942568,first
W3167081392,A5070860872,first
W3167081392,A5085638897,last
W3167294051,A5058656419,middle
W3167294051,A5006121017,middle
W3167294051,A5060219315,middle
W3167506319,A5041002371,first
W3167704146,A5033942292,first
W3167784812,A5060272219,first
W3167794672,A5083189497,first
W3167811352,A5065216243,first
W3167816620,A5004016310,first
W3167816620,A5057485661,last
W3167966818,A5079337546,first
W3167966818,A5030112128,last
W3168046546,A5032728110,first
W3168054216,A5054452935,first
W3168054216,A5010337399,last
W3168116002,A5030139374,middle
W3168116002,A5039162920,last
W3168123532,A5008652406,first
W3168123532,A5089366076,middle
W3168123532,A5064031601,last
W3168132858,A5089993095,first
W3168132858,A5001188748,last
W3168152315,A5080230535,first
W3168173331,A5000327024,first
W3168173331,A5050981515,last
W3168306119,A5087831935,first
W3168591849,A5061995909,first
W3168591849,A5043343079,last
W3168799470,A5089325290,first
W3168799470,A5073212559,middle
W3168799470,A5049813106,last
W3168810560,A5002554768,middle
W3168828678,A5073930300,first
W3168828678,A5025271723,last
W3168841935,A5082516246,middle
W3168841935,A5079131461,last
W3168852939,A5027154445,first
W3169161996,A5088255710,first
W3169188136,A5075043374,middle
W3169188136,A5038217549,middle
W3169188136,A5061632605,last
W3169457018,A5051586829,first
W3169654592,A5047267766,first
W3169654592,A5055824250,last
W3169696583,A5006847405,first
W3169732407,A5056933813,first
W3169912462,A5042603602,first
W3170096716,A5020041250,middle
W3170096716,A5004816307,middle
W3170096716,A5088126959,middle
W3170096716,A5086882585,middle
W3170096716,A5071088913,middle
W3170096716,A5073308733,middle
W3170096716,A5056962902,middle
W3170096716,A5040711832,last
W3170235610,A5069103926,first
W3170542734,A5024751562,first
W3170831266,A5006051505,first
W3170831266,A5026505836,middle
W3170831266,A5052788582,middle
W3170857911,A5084457619,first
W3170857911,A5089267962,middle
W3170857911,A5031703549,last
W3170876849,A5001888977,first
W3171236534,A5091399517,first
W3171274415,A5060716137,first
W3171274415,A5061875476,last
W3171414110,A5030139374,middle
W3171414110,A5039162920,last
W3171424830,A5027038484,first
W3171424830,A5033225342,last
W3171547030,A5025291771,first
W3171550531,A5013641708,first
W3171550531,A5036194121,last
W3171581454,A5014341354,first
W3171970981,A5052980050,first
W3171970981,A5036571660,last
W3171983394,A5017682507,last
W3172049385,A5052931491,first
W3172049385,A5034078369,last
W3172125037,A5051196304,first
W3172125037,A5052073629,last
W3172126650,A5005047709,first
W3172231286,A5024897779,first
W3172555398,A5019771704,first
W3172674788,A5009680183,first
W3172674788,A5022789580,middle
W3172674788,A5047050750,last
W3172729683,A5059055671,middle
W3172729683,A5015509335,middle
W3172729683,A5045629957,last
W3172850255,A5017299960,first
W3172850255,A5001788611,last
W3172850501,A5029461718,first
W3172876541,A5065664393,first
W3172876541,A5023910909,middle
W3172876541,A5006131187,last
W3173089860,A5065527926,first
W3173089860,A5078739589,middle
W3173089860,A5084929849,middle
W3173089860,A5017246972,middle
W3173089860,A5061944739,last
W3173167180,A5076092431,first
W3173167180,A5026435271,last
W3173187804,A5038318637,first
W3173263361,A5006649203,first
W3173263361,A5027567742,last
W3173414851,A5055931745,first
W3173568982,A5087069949,first
W3173608964,A5076262767,first
W3173629131,A5055732608,first
W3173707744,A5038514283,first
W3173707744,A5021226854,middle
W3173707744,A5088375897,middle
W3173707744,A5038352672,middle
W3173707744,A5027063601,middle
W3173707744,A5076476809,last
W3173766317,A5038925727,first
W3173766317,A5024409981,middle
W3173766317,A5054569164,middle
W3173766317,A5032448836,middle
W3173766317,A5009236758,middle
W3173766317,A5032475130,last
W3173870920,A5036551343,first
W3173887042,A5089089696,first
W3173897703,A5079326177,first
W3173939296,A5016250424,first
W3174087619,A5034635089,first
W3174153186,A5034635089,first
W3174190259,A5076070516,middle
W3174190259,A5065953146,last
W3174294465,A5034635089,first
W3174374978,A5051674159,first
W3174475640,A5039551297,first
W3174584862,A5019528050,first
W3174656695,A5040507648,first
W3174658969,A5066420868,first
W3174713967,A5006982483,first
W3174721785,A5032937525,first
W3174721785,A5069471307,middle
W3174721785,A5033663499,last
W3174749255,A5034635089,first
W3174845708,A5034635089,first
W3174852681,A5090210020,first
W3174852681,A5048831651,middle
W3174852681,A5067275668,last
W3174927419,A5081490412,first
W3174927419,A5057753880,middle
W3174927419,A5009912006,last
W3174964093,A5034635089,first
W3174976381,A5075640143,first
W3175081536,A5032911420,middle
W3175081536,A5078425982,last
W3175140814,A5013890247,first
W3175274863,A5079003020,first
W3175384765,A5064341381,first
W3175427330,A5083616531,first
W3175427330,A5032314861,middle
W3175427330,A5054321494,last
W3175431612,A5057936709,first
W3175431612,A5006688577,last
W3175459482,A5023529628,first
W3175494752,A5027675478,middle
W3175584563,A5054710928,first
W3175587308,A5046884211,first
W3175630950,A5052909911,first
W3175630950,A5065100828,last
W3175765823,A5038711297,first
W3175862389,A5069424778,first
W3175927023,A5015383288,first
W3175947670,A5001384764,first
W3175947670,A5051478544,last
W3175948272,A5001980782,last
W3175956589,A5032837208,first
W3176020066,A5018086865,first
W3176058080,A5034635089,first
W3176275927,A5013031722,first
W3176275927,A5070193779,middle
W3176275927,A5042439803,last
W3176376459,A5075250374,first
W3176376459,A5074409158,middle
W3176376459,A5078968973,middle
W3176376459,A5081112273,middle
W3176376459,A5061050264,middle
W3176376459,A5041054091,middle
W3176376459,A5056415454,last
W3176419499,A5024421847,first
W3176419499,A5081097346,last
W3176443325,A5043350556,last
W3176469416,A5034054639,first
W3176479273,A5084742045,first
W3176522854,A5052731721,last
W3176584083,A5081224781,first
W3176702362,A5065576294,first
W3176715942,A5085369152,last
W3176746508,A5090398591,first
W3176785431,A5079340162,first
W3176867111,A5060873638,first
W3176961035,A5046345332,first
W3176961035,A5058630909,last
W3176973709,A5010217538,first
W3176973709,A5070125836,last
W3177007787,A5067003089,first
W3177007787,A5031556811,middle
W3177007787,A5069909605,last
W3177097319,A5032769801,first
W3177097319,A5002107129,middle
W3177097319,A5073575483,middle
W3177097319,A5089994873,last
W3177287670,A5044655311,first
W3177410850,A5046735737,first
W3177430431,A5088797863,first
W3177506331,A5057422723,first
W3177554391,A5083295762,first
W3177554391,A5045545462,middle
W3177554391,A5055138875,middle
W3177554391,A5024633466,last
W3177634032,A5075331100,first
W3177634032,A5073888022,middle
W3177634032,A5000445240,middle
W3177634032,A5079020436,middle
W3177634032,A5016624380,middle
W3177634032,A5065335369,middle
W3177634032,A5056296349,middle
W3177634032,A5025825773,last
W3177671540,A5073930300,first
W3177671540,A5035605920,last
W3177784116,A5064660687,first
W3177784116,A5048831651,middle
W3177784116,A5022255518,last
W3178009706,A5010806171,first
W3178256610,A5006589989,first
W3178256610,A5005976848,middle
W3178339117,A5052771275,first
W3178339117,A5059290684,middle
W3178339117,A5040447880,last
W3178531291,A5059967616,first
W3178531291,A5059829687,middle
W3178531291,A5089202968,last
W3178585010,A5084741530,last
W3178596981,A5031688697,first
W3178942960,A5003325440,first
W3179134982,A5020021079,first
W3179134982,A5017533702,middle
W3179134982,A5060174190,last
W3179356943,A5085378142,first
W3179356943,A5054568856,middle
W3179356943,A5022096550,last
W3179566681,A5036285785,last
W3179676143,A5031225122,first
W3179746472,A5003044729,first
W3179746472,A5055991059,middle
W3179746472,A5035908989,last
W3180125682,A5067604748,last
W3180126853,A5077089270,first
W3180219823,A5088659822,first
W3180289552,A5009433206,first
W3180289552,A5072691870,last
W3180329815,A5056224599,middle
W3180412785,A5073581143,middle
W3180412785,A5006169977,last
W3180816704,A5074525584,middle
W3180816704,A5025092398,last
W3181140240,A5090886267,first
W3181212967,A5050271502,last
W3181248748,A5032248436,first
W3181248748,A5064608039,middle
W3181248748,A5037200145,middle
W3181248748,A5000115067,last
W3181448319,A5050349892,middle
W3181448319,A5020290067,middle
W3181448319,A5010714284,middle
W3181562475,A5045941459,first
W3181562475,A5082549396,middle
W3181562475,A5044627697,last
W3182198721,A5069431890,first
W3182239211,A5090939243,first
W3182599740,A5056272467,last
W3182699905,A5076455938,first
W3182730729,A5003965931,first
W3182730729,A5017042977,middle
W3182730729,A5084254019,middle
W3182730729,A5003479852,last
W3182907331,A5062835253,first
W3182922336,A5075331100,first
W3182922336,A5073888022,middle
W3182922336,A5000445240,middle
W3182922336,A5079020436,middle
W3182922336,A5016624380,middle
W3182922336,A5065335369,middle
W3182922336,A5056296349,middle
W3182922336,A5025825773,last
W3183046835,A5025325866,first
W3183046835,A5054802397,middle
W3183046835,A5078808994,middle
W3183046835,A5085550603,last
W3183183920,A5023494312,last
W3183273515,A5014380320,first
W3183440057,A5016951886,first
W3183440057,A5042884345,middle
W3183540769,A5009754632,last
W3183822361,A5081304017,first
W3183822361,A5038792765,last
W3183830988,A5081882356,first
W3184075251,A5020040330,first
W3184273478,A5082768411,first
W3184273478,A5019197893,middle
W3184273478,A5051201519,last
W3184294575,A5041416082,middle
W3184294575,A5078138776,middle
W3184294575,A5065132415,middle
W3184298048,A5000656581,first
W3184540900,A5010766325,middle
W3184659989,A5042765540,first
W3184733251,A5077083991,middle
W3184733251,A5024995910,middle
W3184837555,A5062043545,first
W3184925186,A5054717560,first
W3185019144,A5071834024,first
W3185242921,A5091673337,first
W3185242921,A5048831651,middle
W3185242921,A5038836690,last
W3185321582,A5006697745,first
W3185372475,A5051067754,first
W3185383161,A5056714859,first
W3185475448,A5029420904,first
W3185521306,A5076494044,first
W3185661812,A5045216464,first
W3185674559,A5046297500,last
W3185779931,A5085566321,first
W3185816581,A5024404688,middle
W3185816581,A5050275408,last
W3185873471,A5005523187,middle
W3185880915,A5026176583,last
W3185948786,A5061404276,first
W3186000990,A5023349180,first
W3186147120,A5082692611,first
W3186147120,A5008614365,middle
W3186247111,A5050233273,middle
W3186247111,A5025986224,last
W3186253436,A5070873702,first
W3186347694,A5038792765,first
W3186411375,A5050841896,first
W3186411375,A5028898755,last
W3186435689,A5071345719,last
W3186608412,A5087421071,first
W3186639847,A5015226412,first
W3186646975,A5028089542,first
W3186684939,A5057586476,first
W3186684939,A5075482342,middle
W3186684939,A5033280983,middle
W3186725541,A5059621414,first
W3186765185,A5060261492,first
W3186765185,A5069668762,middle
W3186766307,A5006849736,first
W3186867137,A5074356467,first
W3186867137,A5037078872,last
W3186959679,A5005523187,middle
W3187012925,A5074242318,first
W3187044773,A5041363284,first
W3187419061,A5067999700,first
W3187565541,A5078634144,first
W3187919357,A5069154267,first
W3187940543,A5090680259,first
W3187940543,A5057141482,last
W3188570716,A5057985975,first
W3188706674,A5065436865,last
W3188735049,A5021872235,first
W3189043906,A5044510961,middle
W3189043906,A5050139285,middle
W3189043906,A5046173193,middle
W3189071712,A5041788462,first
W3189071712,A5060039482,last
W3189095908,A5043250129,first
W3189095908,A5057431137,middle
W3189095908,A5070322908,middle
W3189095908,A5068550413,middle
W3189095908,A5025807941,last
W3189136850,A5028569469,first
W3189153500,A5026688050,first
W3189153500,A5041749192,middle
W3189256368,A5013110560,first
W3189257058,A5053221351,middle
W3189257058,A5084685127,middle
W3189257058,A5086683823,middle
W3189291639,A5000949271,first
W3189291639,A5031528985,last
W3189483765,A5022201814,first
W3189632000,A5031193058,last
W3189819549,A5023504096,first
W3189919864,A5041317183,first
W3189919864,A5088803682,middle
W3189919864,A5040136820,middle
W3189919864,A5024774718,last
W3189930040,A5002680245,first
W3190504440,A5068604484,first
W3190508044,A5090425117,first
W3190508044,A5005458102,last
W3190606846,A5055258367,first
W3190606846,A5048016681,middle
W3190645722,A5079554685,first
W3190645722,A5042155265,middle
W3190645722,A5079761829,last
W3190731989,A5050297893,first
W3190776957,A5053779211,first
W3190854426,A5031344771,last
W3190909675,A5082535573,first
W3190909675,A5050279893,middle
W3190909675,A5052147335,middle
W3190909675,A5070827615,middle
W3190909675,A5013353538,middle
W3190909675,A5023767001,middle
W3190909675,A5008211323,middle
W3190909675,A5089421543,middle
W3190909675,A5043482412,middle
W3190909675,A5019247599,middle
W3190909675,A5048199386,middle
W3190909675,A5044374534,last
W3191192924,A5049225160,first
W3191353917,A5015452632,first
W3191376323,A5046621617,first
W3191538481,A5061707651,first
W3191538481,A5084765224,last
W3191657556,A5081736060,first
W3191657556,A5050629613,last
W3191728594,A5063275693,first
W3191787258,A5037816396,first
W3191787258,A5038567263,last
W3191967067,A5036719135,first
W3191967067,A5052131229,last
W3192034104,A5026162453,first
W3192109923,A5046381546,first
W3192112071,A5069326301,first
W3192112071,A5058681619,last
W3192191569,A5029376687,first
W3192191569,A5033228504,middle
W3192272926,A5010390337,first
W3192366803,A5077821163,middle
W3192414262,A5047471894,first
W3192414262,A5086737486,last
W3192490217,A5060362798,first
W3192490217,A5018006976,middle
W3193017422,A5031146693,last
W3193085383,A5071183264,last
W3193090747,A5041140653,first
W3193249747,A5019157535,first
W3193356996,A5026396822,middle
W3193384960,A5070988819,first
W3193429193,A5049316018,first
W3193429193,A5049316018,middle
W3193429193,A5016364012,last
W3193442791,A5036627372,first
W3193442791,A5056729168,last
W3193495786,A5041055145,first
W3193495786,A5024768539,middle
W3193495786,A5046173193,middle
W3193495786,A5069208662,middle
W3193495786,A5090371608,last
W3193565215,A5029965519,first
W3193566632,A5080916901,first
W3193566632,A5024774687,middle
W3193566632,A5004270435,last
W3193586500,A5067603088,first
W3193586500,A5085576580,last
W3193710941,A5053131261,first
W3193811184,A5064648907,first
W3193811184,A5008252447,last
W3193841357,A5031886487,first
W3193890938,A5064908921,first
W3193890938,A5069506463,middle
W3193924360,A5009786177,first
W3193924360,A5025408026,last
W3193983159,A5061261367,first
W3193983159,A5025922642,last
W3194058932,A5079234915,first
W3194103514,A5037202060,first
W3194386265,A5002919474,last
W3194399127,A5050395348,first
W3194399127,A5057201291,middle
W3194399127,A5057170481,last
W3194513072,A5051049331,first
W3194558004,A5089595222,first
W3194590315,A5011602248,first
W3194590315,A5077398892,middle
W3194590315,A5032928688,last
W3194646883,A5025665306,first
W3194652124,A5014498584,first
W3194652124,A5032965630,last
W3194867028,A5052334999,first
W3194867028,A5068494522,middle
W3194867028,A5041760167,middle
W3194867028,A5078096313,last
W3194983627,A5084863607,first
W3195127566,A5027626001,first
W3195158465,A5020328816,first
W3195198430,A5003558167,first
W3195198430,A5058671542,middle
W3195236445,A5074732967,first
W3195236445,A5005137508,last
W3195339613,A5009333521,first
W3195339613,A5044280107,middle
W3195339613,A5065962800,last
W3195452319,A5048273584,first
W3195482586,A5010461684,first
W3195589138,A5051067754,first
W3195593635,A5019994345,first
W3195831395,A5085768241,first
W3195839263,A5007202295,first
W3195839263,A5080014014,middle
W3195839263,A5074109337,last
W3195947903,A5064648907,first
W3195947903,A5008252447,last
W3195972554,A5053424176,first
W3195976683,A5042916844,first
W3196024674,A5039083900,first
W3196177238,A5042215192,first
W3196177238,A5047871015,middle
W3196177238,A5059972358,middle
W3196177238,A5074313064,last
W3196369963,A5036945937,first
W3196379149,A5082877482,first
W3196379149,A5081500464,middle
W3196379149,A5082877482,last
W3196467784,A5010897495,first
W3196467784,A5053203142,last
W3196552276,A5049304554,first
W3196637120,A5041055145,first
W3196637120,A5024768539,middle
W3196637120,A5046173193,middle
W3196637120,A5069208662,middle
W3196637120,A5090371608,last
W3196656752,A5014449031,first
W3196712511,A5018655903,first
W3196712511,A5046605612,last
W3196714275,A5064149782,first
W3196861565,A5004440705,first
W3196861565,A5007374635,middle
W3196861565,A5007231650,last
W3197008103,A5068085473,first
W3197008103,A5061155260,middle
W3197008103,A5065417380,middle
W3197008103,A5091802290,middle
W3197008103,A5029473053,last
W3197174028,A5070058090,first
W3197202098,A5056556295,first
W3197238063,A5083204519,last
W3197425257,A5072589407,first
W3197456816,A5009487946,first
W3197456816,A5059408108,middle
W3197456816,A5036587841,last
W3197532331,A5029428134,first
W3197626244,A5048290652,last
W3197658206,A5072514860,first
W3197658206,A5056098625,middle
W3197658206,A5036971304,middle
W3197658206,A5068471666,last
W3197681533,A5003392018,first
W3197684573,A5047665199,first
W3197704489,A5088439816,first
W3197704489,A5029942543,middle
W3197704489,A5072210863,last
W3197731078,A5006422398,first
W3197731078,A5043955676,last
W3197736089,A5079128819,middle
W3197736089,A5005428051,middle
W3197736089,A5089446294,middle
W3197736089,A5003466626,middle
W3197736625,A5011455884,first
W3197751924,A5082936216,first
W3197766111,A5029043022,first
W3197799043,A5004370917,first
W3197799043,A5048859324,middle
W3197799043,A5054502285,middle
W3197799043,A5007347877,last
W3197928871,A5087702948,last
W3197930305,A5091881486,middle
W3198009991,A5024029690,middle
W3198009991,A5079242389,middle
W3198009991,A5082595722,middle
W3198009991,A5050701697,middle
W3198009991,A5006717179,middle
W3198073128,A5039681328,first
W3198073128,A5001554813,middle
W3198073128,A5055417788,middle
W3198073128,A5024242405,last
W3198121979,A5049711176,first
W3198174216,A5076521836,first
W3198174216,A5081484667,middle
W3198174216,A5081579931,middle
W3198174216,A5055333085,last
W3198219664,A5062151572,first
W3198233485,A5079236889,first
W3198234459,A5067172669,first
W3198241828,A5075889667,first
W3198391292,A5009005230,first
W3198391292,A5042423207,middle
W3198391292,A5033443706,middle
W3198391292,A5047189052,last
W3198420576,A5084293052,first
W3198420576,A5078984352,middle
W3198420576,A5088881963,last
W3198443496,A5073408099,first
W3198443496,A5012214843,middle
W3198443496,A5080582720,middle
W3198505084,A5010685988,first
W3198587562,A5051031190,middle
W3198606074,A5029854353,first
W3198606074,A5010056351,middle
W3198606074,A5061055543,last
W3198617317,A5082575297,first
W3198617317,A5078833517,last
W3198618225,A5002073851,first
W3198618225,A5029694422,last
W3198647726,A5034493016,first
W3198726958,A5078413640,first
W3198817231,A5012261338,middle
W3198817231,A5037809550,middle
W3198817231,A5054588148,middle
W3198817231,A5050192545,middle
W3198817231,A5045316621,middle
W3198817231,A5037011105,middle
W3198817231,A5038580489,middle
W3198817231,A5089046382,middle
W3198817231,A5035543729,middle
W3198817231,A5018299329,last
W3198910013,A5060599040,last
W3198953873,A5020859112,first
W3198956201,A5010766325,middle
W3198999396,A5078503738,first
W3198999396,A5086262838,last
W3199005789,A5052719504,first
W3199025521,A5034368277,first
W3199065827,A5027165014,first
W3199065827,A5043635991,last
W3199171902,A5063923960,first
W3199171902,A5018667990,last
W3199200024,A5039598830,first
W3199206861,A5048399269,middle
W3199214702,A5039598830,first
W3199235748,A5039598830,first
W3199263003,A5017907077,middle
W3199263003,A5090563946,middle
W3199263003,A5049042097,last
W3199284435,A5088144116,first
W3199284435,A5019619264,last
W3199292550,A5036072256,first
W3199292550,A5001210246,middle
W3199292550,A5067878568,last
W3199324038,A5089687991,first
W3199338254,A5073921920,last
W3199359075,A5039673409,first
W3199359492,A5026942985,first
W3199359492,A5053330354,last
W3199371515,A5045841076,last
W3199477122,A5072609220,first
W3199477122,A5001500702,last
W3199479739,A5039598830,first
W3199503719,A5032369877,middle
W3199503719,A5080779419,last
W3199618276,A5013809751,middle
W3199618276,A5028354383,middle
W3199618276,A5070468573,last
W3199623415,A5040392637,middle
W3199623415,A5047867327,middle
W3199623415,A5003666086,last
W3199770973,A5021008480,first
W3199793681,A5039598830,first
W3199862138,A5039598830,first
W3199900899,A5014423631,first
W3199938565,A5057893119,first
W3199961825,A5059401126,first
W3199961825,A5090575787,last
W3200033592,A5056964395,first
W3200101638,A5010549657,first
W3200101638,A5091022595,last
W3200116468,A5034241456,first
W3200140326,A5089843937,last
W3200177911,A5070058788,first
W3200185468,A5055548600,first
W3200211772,A5082479164,middle
W3200222873,A5050501609,first
W3200233387,A5039598830,first
W3200323084,A5065593897,first
W3200323084,A5077725244,middle
W3200323084,A5081907167,middle
W3200323084,A5001124548,last
W3200382810,A5027109602,first
W3200382810,A5031737525,middle
W3200382810,A5027785359,middle
W3200382810,A5003973273,last
W3200497012,A5051950995,first
W3200518289,A5061746273,first
W3200518289,A5066264021,middle
W3200518289,A5012355577,last
W3200528583,A5061859583,middle
W3200528583,A5029506183,last
W3200531342,A5063217324,first
W3200531342,A5041348809,middle
W3200531342,A5046397615,last
W3200557853,A5051387215,first
W3200557853,A5046617412,last
W3200570799,A5007681440,last
W3200592331,A5089478147,first
W3200615759,A5017599989,first
W3200615759,A5014586259,middle
W3200615759,A5028930426,last
W3200648988,A5059215546,first
W3200648988,A5030318736,last
W3200669642,A5059967616,first
W3200679337,A5039598830,first
W3200705692,A5012834199,first
W3200771127,A5024303278,first
W3200771127,A5023334977,middle
W3200771127,A5069148207,middle
W3200771127,A5029093819,middle
W3200835507,A5039598830,first
W3200836462,A5086891102,middle
W3200852841,A5039598830,first
W3200940081,A5059849698,first
W3200984905,A5047563835,first
W3200995476,A5024430573,first
W3200995476,A5032630890,last
W3201030783,A5039598830,first
W3201063990,A5039598830,first
W3201068881,A5023379719,first
W3201068881,A5057504273,middle
W3201068881,A5029337245,middle
W3201231003,A5008160637,first
W3201231003,A5091109596,middle
W3201231003,A5032426460,middle
W3201231003,A5022700946,last
W3201256427,A5039598830,first
W3201336390,A5086013510,first
W3201336390,A5082191286,middle
W3201336390,A5028835942,middle
W3201336390,A5046620343,last
W3201391829,A5081408353,first
W3201391829,A5010845707,last
W3201397135,A5039598830,first
W3201447115,A5007141309,last
W3201479943,A5066936039,first
W3201514002,A5018809288,first
W3201518984,A5039598830,first
W3201565135,A5036337528,first
W3201652993,A5039598830,first
W3201742899,A5075094875,first
W3201742899,A5000798563,middle
W3201742899,A5014836787,middle
W3201907630,A5055938972,first
W3201969704,A5016111913,first
W3201969704,A5029120809,middle
W3201969704,A5065399770,middle
W3201969704,A5041828083,middle
W3201969704,A5090975476,middle
W3201969704,A5004538072,middle
W3201969704,A5053259161,last
W3202041809,A5026532746,first
W3202115536,A5031078735,first
W3202136968,A5078444239,first
W3202237654,A5037669427,first
W3202428174,A5063342436,first
W3202458243,A5079185773,first
W3202503851,A5056759941,first
W3202650593,A5016193373,first
W3202676706,A5003485327,last
W3202848216,A5072391015,middle
W3202986229,A5025989324,first
W3203007928,A5008745737,first
W3203007928,A5052692708,middle
W3203007928,A5074602415,last
W3203183017,A5023496999,middle
W3203183017,A5040354980,last
W3203195011,A5024925031,first
W3203195011,A5073924795,last
W3203299534,A5031715686,first
W3203419957,A5051387215,first
W3203419957,A5028415636,last
W3203487518,A5064317805,first
W3203487518,A5026288547,middle
W3203729898,A5061746273,first
W3203729898,A5066264021,middle
W3203729898,A5012355577,last
W3203804707,A5047714863,first
W3203863400,A5025279275,middle
W3203863400,A5065927198,last
W3203893501,A5082829937,first
W3203920092,A5022303909,first
W3203951142,A5013313723,first
W3203951142,A5091711243,last
W3203958090,A5050430266,first
W3203958090,A5042930280,middle
W3203958090,A5019764221,middle
W3203958090,A5079879864,middle
W3203958090,A5041629206,middle
W3203958090,A5044639561,middle
W3203958090,A5035297055,middle
W3203958090,A5028221744,middle
W3203958090,A5047608606,middle
W3203958090,A5057803033,last
W3204268495,A5091896080,first
W3204268495,A5018427613,last
W3204509850,A5050738207,first
W3204626964,A5005258575,first
W3204723115,A5029093819,middle
W3204813299,A5077111855,first
W3204956889,A5040636956,middle
W3204981844,A5008942008,first
W3205024772,A5036904939,first
W3205024772,A5056852448,last
W3205126353,A5051392570,first
W3205126353,A5033546888,middle
W3205126353,A5010973698,last
W3205271287,A5053662486,first
W3205271287,A5079171037,last
W3205497432,A5029286218,first
W3205497432,A5015535460,last
W3205545969,A5072489431,first
W3205545969,A5082366423,middle
W3205545969,A5062676523,middle
W3205545969,A5049753764,middle
W3205586502,A5038010386,first
W3205628197,A5027707708,first
W3205712776,A5088621425,first
W3205722082,A5052714134,first
W3206364936,A5014554950,first
W3206364936,A5040245429,last
W3206519158,A5006297499,first
W3206519158,A5090989509,middle
W3206519158,A5003859694,middle
W3206519158,A5079733597,middle
W3206519158,A5081310398,last
W3206643455,A5004180387,first
W3206761278,A5010781223,first
W3206967821,A5089214617,first
W3207108310,A5091636528,first
W3207108310,A5091636528,last
W3207330603,A5036211273,first
W3207330603,A5027401903,middle
W3207330603,A5053577326,middle
W3207330603,A5004588014,middle
W3207336997,A5005934483,first
W3207353905,A5013393872,middle
W3207406733,A5037261758,middle
W3207406733,A5052931994,middle
W3207409989,A5066544193,middle
W3207409989,A5034081357,last
W3207468406,A5052386516,last
W3207558028,A5066960178,middle
W3207688031,A5061896540,first
W3207688031,A5066581366,middle
W3207688031,A5032338316,last
W3207697104,A5027888963,first
W3207697104,A5084918730,middle
W3207697104,A5005238842,last
W3207761691,A5090455704,first
W3207761691,A5035585945,middle
W3207761691,A5032826979,middle
W3207761691,A5082432932,last
W3207830350,A5018563086,first
W3207911136,A5017362544,first
W3207911136,A5069447319,middle
W3207973220,A5078307688,first
W3207973220,A5024909383,middle
W3207973220,A5053698150,middle
W3207973220,A5008135322,last
W3207993644,A5058643222,first
W3208002428,A5003521155,first
W3208086569,A5075419705,middle
W3208339542,A5040324629,first
W3208339542,A5039030171,last
W3208376575,A5065806035,first
W3208400198,A5087749410,first
W3208543763,A5054139301,first
W3208567764,A5048057594,last
W3208585582,A5019058531,first
W3208585582,A5065624441,last
W3208644699,A5073025567,middle
W3208644699,A5040411707,middle
W3208644699,A5059912431,middle
W3208644699,A5022015316,middle
W3208644699,A5038642110,middle
W3208644699,A5037839311,middle
W3208644699,A5019523011,last
W3208655578,A5008501602,first
W3208685623,A5090501915,first
W3208685623,A5025741195,last
W3208825965,A5014013189,first
W3208825965,A5037158234,middle
W3208825965,A5050730423,last
W3208840784,A5088443633,last
W3208890437,A5091683104,first
W3209009238,A5071046786,first
W3209009238,A5068291323,middle
W3209009238,A5046934667,middle
W3209053199,A5053804092,middle
W3209106686,A5082949751,first
W3209238020,A5007465292,first
W3209238020,A5063985497,middle
W3209238020,A5057863052,last
W3209238203,A5075459877,last
W3209477407,A5027282397,first
W3209477407,A5040245429,middle
W3209477407,A5082836366,last
W3209678147,A5025241006,first
W3209678147,A5010344275,middle
W3209678147,A5055375825,middle
W3209678147,A5045655705,middle
W3209708143,A5031002895,first
W3209708143,A5037636074,middle
W3209708143,A5032448836,middle
W3209708143,A5037473201,last
W3209731988,A5056812379,first
W3209751462,A5041191772,middle
W3209863062,A5020702999,first
W3209942929,A5018593969,first
W3210126310,A5028091939,first
W3210126310,A5054279715,middle
W3210126310,A5026731419,last
W3210211330,A5084823359,first
W3210316776,A5015301645,first
W3210394525,A5074737251,first
W3210394525,A5002315545,middle
W3210394525,A5007635720,middle
W3210394525,A5006872667,middle
W3210394525,A5045494777,middle
W3210394525,A5027667267,middle
W3210394525,A5031895578,middle
W3210394525,A5073404100,middle
W3210394525,A5077435236,middle
W3210394525,A5031651630,middle
W3210394525,A5070290151,middle
W3210394525,A5054561327,last
W3210491190,A5041626389,first
W3210504390,A5083990407,first
W3210509079,A5057217338,first
W3210509079,A5025599895,last
W3210649667,A5038870228,middle
W3210711116,A5075794405,middle
W3210711116,A5002422328,last
W3210804902,A5083185319,first
W3210804902,A5065953146,middle
W3210804902,A5076070516,last
W3210827504,A5021835804,first
W3210827504,A5027918520,middle
W3210827504,A5073351465,last
W3210873070,A5076683183,first
W3210873070,A5077949687,last
W3210966758,A5026043956,middle
W3210966758,A5027225138,last
W3211055873,A5082683748,first
W3211062021,A5015896033,middle
W3211062021,A5034292557,last
W3211084142,A5038229891,first
W3211084142,A5060490902,middle
W3211084142,A5022700946,last
W3211122464,A5012589230,last
W3211345412,A5020404880,last
W3211422645,A5029187193,first
W3211619956,A5074637011,last
W3211633599,A5033402068,first
W3211643663,A5079714506,first
W3211665612,A5073794606,middle
W3211665612,A5070357435,last
W3211688835,A5007129282,first
W3211688835,A5009939605,middle
W3211688835,A5005793330,last
W3211749854,A5045799208,first
W3211770386,A5085228028,first
W3211772148,A5057185084,first
W3211785582,A5061775631,first
W3211881964,A5049606809,last
W3211895138,A5053642227,last
W3211962617,A5080996343,first
W3211962617,A5049606809,last
W3212007902,A5050624163,first
W3212019107,A5045316734,first
W3212112489,A5032679417,first
W3212220889,A5067283758,first
W3212235391,A5087786275,first
W3212300087,A5049700514,first
W3212300087,A5058377871,last
W3212328949,A5048470429,middle
W3212403251,A5043466701,first
W3212464039,A5078007621,first
W3212464039,A5056108169,middle
W3212464039,A5087439823,middle
W3212464039,A5069383879,last
W3212505272,A5060201688,middle
W3212505272,A5022572062,middle
W3212505272,A5089101580,middle
W3212505272,A5069245868,middle
W3212505272,A5049806248,last
W3212523953,A5089030037,middle
W3212530733,A5066738004,first
W3212530733,A5009255854,middle
W3212530733,A5063553347,middle
W3212530733,A5016371456,last
W3212531503,A5086891275,middle
W3212531503,A5016007342,last
W3212543153,A5038618677,first
W3212543153,A5090679788,last
W3212699188,A5086319254,first
W3212711400,A5030221723,first
W3212767327,A5001089616,last
W3212783276,A5084775793,first
W3212783276,A5005839517,middle
W3212783276,A5033387685,middle
W3212783276,A5062549399,last
W3212819125,A5077561974,first
W3212875658,A5042600463,first
W3212972196,A5003010217,first
W3212972196,A5055555073,last
W3213209078,A5011442841,first
W3213209078,A5015902125,middle
W3213209078,A5044282179,middle
W3213209078,A5019609485,middle
W3213209078,A5048937508,middle
W3213209078,A5067143303,middle
W3213209078,A5090950667,middle
W3213209078,A5070093758,middle
W3213209078,A5009351660,middle
W3213209078,A5000489917,middle
W3213209078,A5058586148,middle
W3213209078,A5044680920,middle
W3213209078,A5039192021,middle
W3213209078,A5030748343,middle
W3213209078,A5074169307,last
W3213318884,A5029834729,first
W3213318884,A5083807291,middle
W3213318884,A5085622001,last
W3213327651,A5074743573,first
W3213327651,A5072739775,middle
W3213327651,A5005481063,middle
W3213327651,A5066044089,last
W3213373984,A5076996703,first
W3213469589,A5013938111,first
W3213521152,A5003531216,first
W3213536833,A5091672606,first
W3213657690,A5004618233,first
W3213657690,A5086865721,last
W3213698072,A5045418207,first
W3213999353,A5004674515,first
W3214109842,A5041778179,first
W3214179469,A5020905473,first
W3214191884,A5049398785,first
W3214191884,A5060763533,middle
W3214191884,A5066680347,middle
W3214191884,A5013266148,middle
W3214191884,A5033198799,middle
W3214191884,A5042745853,middle
W3214191884,A5005866826,last
W3214246856,A5090841336,first
W3214246856,A5062266220,last
W3214271521,A5022610775,first
W3214271521,A5004109203,last
W3214426774,A5090482311,first
W3214438125,A5016062350,first
W3214438125,A5002253643,middle
W3214438125,A5056252762,middle
W3214438125,A5045173458,last
W3214473339,A5063526991,first
W3214478875,A5061491521,middle
W3214478875,A5030377777,last
W3214909426,A5036267497,first
W3215010086,A5086298624,first
W3215104810,A5055386329,first
W3215167416,A5041839314,first
W3215167416,A5001610837,last
W3215203884,A5008057207,first
W3215203884,A5070591850,last
W3215236952,A5085798332,first
W3215278657,A5038468196,first
W3215346821,A5089191902,first
W3215725618,A5088868795,first
W3215726891,A5086403520,first
W3215726891,A5074493410,middle
W3215726891,A5059188832,last
W3215764685,A5088743816,first
W3215764685,A5082651095,last
W3215870646,A5025644020,first
W3215933629,A5010753267,middle
W3216020689,A5016624813,first
W3216056228,A5046277889,first
W3216056228,A5018353623,middle
W3216056228,A5033982876,middle
W3216089776,A5079139740,first
W3216089776,A5061283138,last
W3216138053,A5044718910,middle
W3216138053,A5033074824,middle
W3216138053,A5044934727,last
W3216245604,A5064135868,middle
W3216451719,A5016541555,first
W3216451719,A5087401250,middle
W3216451719,A5033912893,last
W3216550112,A5070693239,middle
W3216695357,A5007723033,first
W3216695357,A5075717701,middle
W3216695357,A5034826144,middle
W3216695357,A5063642673,middle
W3216695357,A5072404159,middle
W3216695357,A5005904006,middle
W3216695357,A5018527188,last
W3216717697,A5028962014,first
W3216717697,A5030692011,middle
W3216717697,A5056112602,last
W3216730735,A5022061562,middle
W3216787227,A5084984842,first
W3216853802,A5022835083,last
W3216896584,A5075491724,first
W3216921511,A5086208264,first
W3216997546,A5064320284,middle
W3217127403,A5044101391,first
W3217253295,A5054138257,first
W3217388243,A5048480522,first
W3217410858,A5014243196,middle
W3217419104,A5028962014,first
W3217419104,A5030692011,middle
W3217419104,A5056112602,last
W3217439602,A5021494213,first
W3217439602,A5045400757,middle
W3217439602,A5021883918,middle
W3217439669,A5067624245,first
W3217440224,A5022735755,first
W3217671738,A5003904999,first
W3217671738,A5049405285,last
W3217753115,A5074285591,first
W3217753115,A5081097346,last
W3217797705,A5041096205,first
W3217797705,A5005240622,middle
W3217797705,A5011038627,last
W4200053806,A5081500464,first
W4200053806,A5082877482,last
W4200062079,A5010025659,first
W4200062079,A5017984606,middle
W4200065222,A5004969470,first
W4200065222,A5001709007,last
W4200085649,A5005337570,first
W4200087342,A5068537685,first
W4200090313,A5032826979,first
W4200090542,A5047246113,first
W4200099337,A5037089112,last
W4200117901,A5050616228,first
W4200117901,A5046421151,last
W4200127534,A5008528194,middle
W4200131795,A5049857076,middle
W4200155962,A5031591032,first
W4200156952,A5060077214,first
W4200160474,A5083331228,first
W4200177939,A5042695842,first
W4200177939,A5089555754,last
W4200183120,A5029390596,first
W4200183120,A5009636640,middle
W4200183120,A5036599013,last
W4200186022,A5058531311,first
W4200197693,A5084309516,first
W4200207376,A5084982785,first
W4200250718,A5010470292,middle
W4200250718,A5078490300,last
W4200289320,A5004218907,first
W4200289851,A5008814570,last
W4200309270,A5016879829,first
W4200309270,A5089407434,last
W4200370114,A5021008480,first
W4200411302,A5025747344,first
W4200411312,A5062283593,first
W4200411312,A5029475975,last
W4200446595,A5070195528,first
W4200470454,A5000950203,first
W4200477333,A5040392637,middle
W4200477333,A5047867327,middle
W4200477333,A5003666086,last
W4200479774,A5056362927,middle
W4200479774,A5084753239,middle
W4200479774,A5000100609,middle
W4200479774,A5088491556,middle
W4200479774,A5078331060,middle
W4200479774,A5037668866,last
W4200522719,A5011781957,first
W4200570211,A5081687048,last
W4200572473,A5045418207,first
W4200573396,A5016786154,first
W4200589637,A5028023816,first
W4200599943,A5070329417,first
W4200602921,A5021008480,first
W4205112501,A5014303414,first
W4205116518,A5089434478,first
W4205132269,A5086292038,first
W4205137597,A5030221723,first
W4205178673,A5007324249,first
W4205178673,A5042885060,last
W4205200171,A5069453171,first
W4205200576,A5071385388,first
W4205274471,A5090125204,first
W4205323807,A5080366175,first
W4205335526,A5083132017,first
W4205335526,A5074451226,middle
W4205335526,A5012150553,last
W4205349203,A5062043545,first
W4205367706,A5018876883,last
W4205375353,A5034635089,first
W4205397725,A5014702428,first
W4205397725,A5033158286,middle
W4205397725,A5034864773,last
W4205440101,A5048758245,first
W4205442023,A5024610782,last
W4205453615,A5073287833,first
W4205465645,A5067610354,first
W4205505473,A5019197893,first
W4205505473,A5051201519,middle
W4205505473,A5082768411,last
W4205507686,A5067024577,first
W4205567455,A5080150318,first
W4205572115,A5032304732,first
W4205610320,A5073351355,first
W4205635358,A5054423586,first
W4205662162,A5024430573,first
W4205662162,A5032630890,middle
W4205669704,A5070920133,last
W4205675980,A5005072193,first
W4205675980,A5067299655,last
W4205702708,A5057341982,first
W4205702708,A5009201646,middle
W4205702708,A5066539391,middle
W4205702708,A5045091456,middle
W4205702708,A5010786661,middle
W4205702708,A5085826758,last
W4205813379,A5004801704,first
W4205813379,A5055533566,last
W4205911177,A5026103274,first
W4205994708,A5018873219,first
W4205997287,A5089687991,first
W4206003412,A5013016113,first
W4206003412,A5066520538,last
W4206041853,A5031736512,first
W4206073653,A5053446418,first
W4206127944,A5051966501,first
W4206127944,A5087065870,last
W4206127984,A5063202877,first
W4206141334,A5057189497,first
W4206163571,A5074178920,first
W4206165728,A5053118519,first
W4206168113,A5013337350,first
W4206192904,A5067439115,first
W4206194688,A5003523497,first
W4206216576,A5055717338,last
W4206232241,A5003810007,first
W4206243882,A5066378717,first
W4206243882,A5017202660,last
W4206253830,A5059332839,first
W4206296466,A5027017018,first
W4206296847,A5032413984,first
W4206296847,A5038878860,last
W4206303177,A5000499123,first
W4206303177,A5088505348,last
W4206324729,A5090425117,first
W4206324729,A5005458102,last
W4206356265,A5080546750,first
W4206356265,A5029740367,middle
W4206358195,A5017587633,middle
W4206372035,A5036350314,first
W4206380693,A5050660826,first
W4206380693,A5065368881,middle
W4206380693,A5067205988,middle
W4206380693,A5075516550,middle
W4206380693,A5012966309,middle
W4206380693,A5007359599,middle
W4206380693,A5029243115,middle
W4206380693,A5005867844,middle
W4206380693,A5077667229,last
W4206446363,A5085081376,first
W4206451024,A5013025849,first
W4206451024,A5058816575,middle
W4206451024,A5013635993,last
W4206454280,A5042789505,middle
W4206454280,A5018323169,middle
W4206454280,A5026370269,middle
W4206454280,A5087875836,middle
W4206454280,A5001060120,last
W4206475901,A5039125762,first
W4206485343,A5028740097,first
W4206517754,A5023036312,first
W4206551624,A5014011458,first
W4206577085,A5005047709,first
W4206676080,A5066289364,last
W4206679775,A5051966501,first
W4206679775,A5014610602,last
W4206726704,A5009845454,middle
W4206813190,A5041363284,first
W4206815362,A5036417789,first
W4206849617,A5024327117,middle
W4206849617,A5047720240,middle
W4206849617,A5091392485,middle
W4206872895,A5000813701,first
W4206872895,A5015742012,last
W4206913464,A5013640212,first
W4206913464,A5078810500,last
W4207037093,A5006820576,first
W4210291929,A5063994115,last
W4210292381,A5070393587,first
W4210294775,A5013195270,first
W4210294775,A5044167939,middle
W4210294775,A5052352119,middle
W4210294775,A5004370917,last
W4210334977,A5031125458,first
W4210346265,A5070997886,last
W4210365714,A5019847073,first
W4210365714,A5004905403,middle
W4210365714,A5026499318,last
W4210408230,A5008652406,first
W4210408230,A5089366076,middle
W4210408230,A5052810941,last
W4210502306,A5065353209,first
W4210502306,A5052695968,last
W4210535523,A5051231020,first
W4210538193,A5006135009,first
W4210676196,A5059332839,first
W4210762195,A5038592969,first
W4210859210,A5053051375,first
W4210953694,A5021498391,middle
W4210953694,A5068370580,middle
W4211012458,A5063653804,first
W4211012458,A5043823537,last
W4211034951,A5035456881,first
W4211137057,A5017332073,middle
W4211137057,A5078929177,middle
W4211137057,A5069899760,middle
W4211137057,A5062915021,middle
W4211137057,A5072766585,middle
W4212763782,A5019041324,first
W4212763782,A5091633719,last
W4212782067,A5050115416,first
W4212785773,A5088144116,first
W4212785773,A5019619264,last
W4212925498,A5009924754,first
W4212925498,A5014171906,middle
W4212925498,A5031666849,middle
W4212925498,A5020976628,last
W4213000121,A5071274975,middle
W4213000121,A5063154944,last
W4213005697,A5087502169,last
W4213065317,A5006922713,first
W4213085134,A5060640173,first
W4213156248,A5056556295,first
W4213191373,A5010192969,first
W4213229974,A5087347697,first
W4213427378,A5081825312,first
W4214512842,A5030781096,first
W4214624602,A5074650679,first
W4214745913,A5037632750,middle
W4214745913,A5004977018,middle
W4214745913,A5028763319,middle
W4214819213,A5067457694,first
W4214830974,A5088353043,first
W4214956958,A5078223990,first
W4214956958,A5050888090,middle
W4214956958,A5077832285,middle
W4214956958,A5038858424,last
W4225243748,A5057674986,first
W4226000590,A5008993849,first
W4226070963,A5057674986,first
W4226150884,A5008993849,first
W4226159922,A5057674986,first
W4226311670,A5067643590,first
W4226318853,A5057674986,first
W4226372419,A5057674986,first
W4226511169,A5057674986,first
W4229771357,A5050107296,first
W4230020168,A5004728349,first
W4230020168,A5059515614,middle
W4230020168,A5049464802,last
W4230079425,A5033463663,first
W4230450804,A5072898619,first
W4230450804,A5030551100,middle
W4230652752,A5054710928,first
W4230940333,A5081334025,last
W4230988243,A5037761912,first
W4231043245,A5075116212,first
W4231533568,A5066507377,first
W4231877744,A5017093934,first
W4231877744,A5015829118,last
W4231975285,A5086814293,first
W4231975285,A5014438160,middle
W4231975285,A5091120215,middle
W4231975285,A5057071669,middle
W4231975285,A5037484503,last
W4232439613,A5070083041,first
W4232590580,A5074878980,first
W4232600610,A5034635089,first
W4233034831,A5051586829,first
W4233147957,A5064621861,first
W4233147957,A5003105685,middle
W4233147957,A5048354076,last
W4233193694,A5034635089,first
W4233568328,A5066111003,first
W4234016179,A5063632175,first
W4234016179,A5011182510,middle
W4234016179,A5078830328,last
W4234080213,A5066816675,first
W4234858868,A5036137202,first
W4234924280,A5020753219,first
W4235464802,A5067024166,first
W4235533661,A5019915730,first
W4236117011,A5028137676,first
W4236201940,A5035188278,first
W4236201940,A5073256902,last
W4236275715,A5034635089,first
W4236829967,A5022840676,first
W4236829967,A5052821522,last
W4237116467,A5016569068,first
W4237116467,A5039320939,last
W4237235357,A5059437475,first
W4237740384,A5089509156,first
W4237740384,A5043606036,last
W4238197573,A5046185637,first
W4238382809,A5000496733,first
W4238429884,A5058984813,first
W4238429884,A5055126728,last
W4238469000,A5009911041,first
W4238584912,A5025518674,first
W4238649238,A5017680634,middle
W4238649238,A5042936210,last
W4238665159,A5016838632,first
W4238665159,A5074413858,middle
W4238665159,A5084074039,middle
W4238665159,A5004523290,middle
W4238665159,A5063188437,last
W4238694435,A5017619299,first
W4239183780,A5052475314,first
W4239183780,A5049507162,last
W4239342031,A5026260048,last
W4239357082,A5068010379,first
W4239523593,A5027099057,first
W4239523593,A5074780573,last
W4239540249,A5016953660,first
W4239692908,A5062481872,first
W4240531855,A5069573186,first
W4240627500,A5009966952,first
W4240961983,A5007586905,first
W4240996462,A5028844862,first
W4241601870,A5065058581,first
W4241601870,A5008297571,last
W4241972347,A5010325897,last
W4242027552,A5046226173,first
W4242027552,A5059044651,last
W4242523226,A5066507377,middle
W4242523226,A5018938738,last
W4243193632,A5082645155,first
W4243247525,A5034635089,first
W4243284333,A5029477698,first
W4243284333,A5083194558,middle
W4243284333,A5024556694,last
W4243385371,A5059885970,first
W4243599895,A5066507377,first
W4243781741,A5084582990,last
W4243807550,A5064149782,middle
W4243935913,A5028762211,first
W4243935913,A5085181870,last
W4243997632,A5025961342,first
W4244071129,A5065576294,first
W4244250136,A5070054935,first
W4244336715,A5060137850,first
W4244336715,A5030562076,last
W4244531724,A5072001527,first
W4244531724,A5072990609,middle
W4244531724,A5091732799,middle
W4244531724,A5038870778,middle
W4244531724,A5089375131,middle
W4244531724,A5016101298,middle
W4244531724,A5031770296,middle
W4244531724,A5051536989,middle
W4244531724,A5086679725,middle
W4244531724,A5080326559,middle
W4244531724,A5011855832,middle
W4244531724,A5075613137,middle
W4244531724,A5000451908,middle
W4244531724,A5039959769,middle
W4244531724,A5020438142,last
W4245173720,A5057552053,first
W4245173720,A5046521217,middle
W4245173720,A5020338573,last
W4245520637,A5081406315,first
W4245643869,A5069051297,last
W4245650827,A5025655254,first
W4245688337,A5000851902,first
W4245688337,A5051857079,middle
W4245688337,A5081115472,last
W4245906715,A5034635089,first
W4245914376,A5065058581,first
W4245914376,A5019494994,middle
W4245914376,A5054256492,last
W4245917457,A5084742045,first
W4245972986,A5090440513,first
W4245990720,A5075822986,first
W4245990720,A5079174269,middle
W4245990720,A5043945029,last
W4246092475,A5034249208,first
W4246695517,A5069787384,first
W4246872309,A5008052931,first
W4246995590,A5066389295,first
W4246995590,A5075646521,middle
W4246995590,A5064756979,middle
W4246995590,A5032100434,last
W4247384401,A5028863006,first
W4247507032,A5049004212,first
W4247514705,A5021341097,first
W4247581620,A5069775907,first
W4247633554,A5017680634,middle
W4247633554,A5042936210,last
W4248272393,A5033049702,first
W4248591519,A5040485363,middle
W4249088606,A5063994115,last
W4249208005,A5034635089,first
W4249309160,A5050841896,first
W4249309160,A5028898755,last
W4249538993,A5017670243,first
W4249711689,A5077625109,last
W4249715341,A5034635089,first
W4250173822,A5064660687,first
W4250173822,A5048831651,middle
W4251019251,A5045447396,first
W4251019251,A5020729884,middle
W4251019251,A5036677589,middle
W4251019251,A5086764360,middle
W4251019251,A5084069506,middle
W4251019251,A5068567982,last
W4251623074,A5021308196,first
W4251623074,A5082144210,last
W4251653130,A5049532227,first
W4251714057,A5034493016,first
W4251760513,A5052124920,first
W4251993019,A5034635089,first
W4252103872,A5013271758,first
W4252285990,A5028101541,first
W4253229390,A5016174489,first
W4253481554,A5050279461,first
W4254017947,A5014750183,first
W4254503583,A5045436977,first
W4254503583,A5043414998,middle
W4254698011,A5033814219,last
W4254987494,A5024976783,first
W4255432119,A5013989294,first
W4255847854,A5028863006,first
W4256281879,A5081848578,first
W4256281879,A5052475314,middle
W4256281879,A5079957387,last
W4256334917,A5004393034,first
W4256334917,A5000100573,middle
W4256366928,A5009138721,first
W4285050707,A5020915110,first
W4285050707,A5046627731,last
W4285328636,A5051596272,first
W4285344551,A5069573186,first
W4285357630,A5079166749,first
W4285362882,A5046621617,first
W4285362891,A5046621617,first
W4285363531,A5046621617,first
W4285489125,A5073958329,first
W4285489125,A5044038805,middle
W4285489125,A5042149473,last
W4285521182,A5088746380,first
W4285521182,A5032964462,middle
W4285521182,A5003469648,middle
W4285521182,A5068205624,middle
W4285521182,A5045535958,last
W4285532271,A5060576521,first
W4285532271,A5053042574,middle
W4285532271,A5028639654,middle
W4285532271,A5063481738,last
W4285539210,A5019999408,first
W4285539210,A5065364725,middle
W4285539210,A5012055259,middle
W4285539210,A5046143115,last
W4285545687,A5048105169,first
W4285550244,A5009900084,first
W4286386746,A5003469648,first
W4286386746,A5076204770,middle
W4286844675,A5067643590,first
W4286895292,A5014827780,first
W4286899239,A5057674986,first
W4286903400,A5024703801,first
W4286903400,A5067609002,middle
W4286903400,A5046665823,last
W4286904783,A5049398785,first
W4286904783,A5060763533,middle
W4286904783,A5066680347,middle
W4286904783,A5013266148,middle
W4286904783,A5061469691,middle
W4286904783,A5042745853,middle
W4286904783,A5005866826,last
W4286904874,A5057674986,first
W4286905390,A5038096249,first
W4286905390,A5005844253,middle
W4286905390,A5053984451,middle
W4286905390,A5037103764,middle
W4286905390,A5041809825,middle
W4286905390,A5017614195,middle
W4286905390,A5073699642,middle
W4286905390,A5051459358,last
W4286953259,A5057674986,first
W4286963486,A5032667893,first
W4286963486,A5067228330,middle
W4286963486,A5030109986,last
W4286963520,A5016233029,first
W4286963817,A5032667893,first
W4286963817,A5067228330,middle
W4286963817,A5030109986,last
W4286964316,A5032667893,first
W4286964316,A5067228330,middle
W4286964316,A5030109986,last
W4286964948,A5032667893,first
W4286964948,A5067228330,middle
W4286964948,A5030109986,last
W4286965021,A5032667893,first
W4286965021,A5067228330,middle
W4286965021,A5030109986,last
W4286967576,A5057674986,first
W4286974553,A5057674986,first
W4286982957,A5057674986,first
W4286983953,A5054064145,first
W4287006315,A5088425419,last
W4287007089,A5057674986,first
W4287020485,A5040374672,first
W4287020485,A5064887259,last
W4287021267,A5000813701,first
W4287021267,A5015742012,last
W4287022139,A5057674986,first
W4287025632,A5078147241,first
W4287025632,A5009305087,middle
W4287025632,A5082535573,middle
W4287025632,A5046630253,middle
W4287025632,A5063091956,last
W4287026128,A5057674986,first
W4287028651,A5057674986,first
W4287064851,A5057674986,first
W4287070172,A5057674986,first
W4287077818,A5057674986,first
W4287083385,A5057674986,first
W4287109969,A5057674986,first
W4287114264,A5057674986,first
W4287117724,A5057674986,first
W4287121251,A5083440261,middle
W4287121752,A5057674986,first
W4287122598,A5057674986,first
W4287126675,A5057674986,first
W4287164788,A5086441180,middle
W4287164788,A5088235676,middle
W4287164788,A5046039018,middle
W4287164788,A5014987643,middle
W4287164788,A5003849047,middle
W4287164788,A5037762915,last
W4287168563,A5057674986,first
W4287179551,A5057674986,first
W4287181897,A5057674986,first
W4287183002,A5077899424,first
W4287184352,A5057674986,first
W4287196527,A5057674986,first
W4287202282,A5057674986,first
W4287210453,A5088440366,first
W4287215020,A5057674986,first
W4287244988,A5047932202,first
W4287244988,A5077254831,middle
W4287244988,A5025565543,middle
W4287244988,A5026536318,middle
W4287244988,A5016618286,middle
W4287244988,A5051697772,middle
W4287244988,A5037332948,middle
W4287244988,A5078574033,middle
W4287244988,A5088738795,middle
W4287244988,A5048379980,middle
W4287244988,A5072739193,middle
W4287244988,A5012292616,middle
W4287244988,A5055312025,middle
W4287244988,A5009309313,middle
W4287244988,A5066359799,middle
W4287244988,A5031572520,middle
W4287244988,A5013190596,middle
W4287244988,A5041146664,middle
W4287244988,A5028754666,middle
W4287244988,A5005156318,middle
W4287244988,A5039584836,middle
W4287244988,A5068543892,middle
W4287244988,A5074885928,middle
W4287244988,A5071655967,middle
W4287244988,A5043327775,middle
W4287244988,A5062906790,middle
W4287244988,A5012748071,middle
W4287244988,A5056588536,middle
W4287244988,A5060690216,middle
W4287244988,A5019192130,middle
W4287244988,A5039217965,middle
W4287244988,A5066835422,middle
W4287244988,A5040561508,middle
W4287244988,A5059439673,middle
W4287244988,A5080510693,middle
W4287244988,A5002747181,middle
W4287244988,A5040324682,middle
W4287244988,A5002979461,middle
W4287244988,A5067028329,middle
W4287244988,A5040468806,middle
W4287244988,A5056965097,middle
W4287244988,A5041326453,middle
W4287244988,A5022828632,middle
W4287244988,A5023833979,middle
W4287244988,A5012498699,middle
W4287244988,A5073373203,middle
W4287244988,A5075497720,middle
W4287244988,A5041322005,middle
W4287244988,A5068365822,middle
W4287244988,A5049170646,middle
W4287244988,A5068026012,middle
W4287244988,A5016693103,middle
W4287244988,A5016050401,middle
W4287244988,A5050720850,last
W4287248643,A5047932202,first
W4287248643,A5077254831,middle
W4287248643,A5025565543,middle
W4287248643,A5026536318,middle
W4287248643,A5016618286,middle
W4287248643,A5051697772,middle
W4287248643,A5037332948,middle
W4287248643,A5078574033,middle
W4287248643,A5088738795,middle
W4287248643,A5048379980,middle
W4287248643,A5072739193,middle
W4287248643,A5012292616,middle
W4287248643,A5055312025,middle
W4287248643,A5009309313,middle
W4287248643,A5066359799,middle
W4287248643,A5031572520,middle
W4287248643,A5013190596,middle
W4287248643,A5041146664,middle
W4287248643,A5028754666,middle
W4287248643,A5005156318,middle
W4287248643,A5039584836,middle
W4287248643,A5068543892,middle
W4287248643,A5074885928,middle
W4287248643,A5071655967,middle
W4287248643,A5043327775,middle
W4287248643,A5062906790,middle
W4287248643,A5012748071,middle
W4287248643,A5056588536,middle
W4287248643,A5060690216,middle
W4287248643,A5019192130,middle
W4287248643,A5039217965,middle
W4287248643,A5040561508,middle
W4287248643,A5059439673,middle
W4287248643,A5080510693,middle
W4287248643,A5002747181,middle
W4287248643,A5040324682,middle
W4287248643,A5002979461,middle
W4287248643,A5067028329,middle
W4287248643,A5040468806,middle
W4287248643,A5056965097,middle
W4287248643,A5041326453,middle
W4287248643,A5022828632,middle
W4287248643,A5023833979,middle
W4287248643,A5012498699,middle
W4287248643,A5073373203,middle
W4287248643,A5075497720,middle
W4287248643,A5041322005,middle
W4287248643,A5068365822,middle
W4287248643,A5049170646,middle
W4287248643,A5068026012,middle
W4287248643,A5016693103,middle
W4287248643,A5016050401,middle
W4287248643,A5050720850,last
W4287252681,A5070988819,first
W4287265596,A5057674986,first
W4287326485,A5057674986,first
W4287329197,A5057674986,first
W4287332106,A5057674986,first
W4287332266,A5009487946,first
W4287332266,A5059408108,middle
W4287332266,A5036587841,last
W4287338510,A5070041767,first
W4287338510,A5090062144,last
W4287365150,A5057674986,first
W4287369862,A5044667397,first
W4287370163,A5012906070,last
W4287371669,A5037736274,first
W4287372112,A5057674986,first
W4287389619,A5057674986,first
W4287392721,A5057674986,first
W4287395560,A5050274397,middle
W4287395560,A5002099952,last
W4287411919,A5011228467,first
W4287411919,A5052050350,last
W4287412996,A5001036185,first
W4287412996,A5009098368,middle
W4287412996,A5091408329,last
W4287426361,A5011116979,middle
W4287480323,A5011228467,first
W4287480323,A5052050350,last
W4287518856,A5054103414,first
W4287518856,A5067353369,middle
W4287518856,A5042307561,last
W4287519629,A5057674986,first
W4287532054,A5020915110,first
W4287532054,A5046627731,last
W4287635972,A5001568677,first
W4287635972,A5034647327,middle
W4287635972,A5052803333,last
W4288416544,A5070041767,first
W4288416544,A5090062144,last
W4288793340,A5074774086,first
W4288793340,A5025881984,middle
W4288793340,A5026067285,middle
W4288793340,A5039321020,last
W4288793341,A5013431272,first
W4288793341,A5081026210,middle
W4288793341,A5030691023,last
W4288793343,A5072289693,last
W4288793344,A5077634959,first
W4288793344,A5048981050,middle
W4288793344,A5072289693,middle
W4288793344,A5017796029,middle
W4288793344,A5041586281,last
W4288793345,A5029160657,first
W4288793345,A5009746150,middle
W4288793345,A5031634954,middle
W4288793345,A5067478115,middle
W4288793345,A5075220998,middle
W4288793345,A5024474977,last
W4288793346,A5013431272,first
W4288793346,A5081026210,middle
W4288793346,A5030691023,last
W4289547401,A5080351769,first
W4291307824,A5069121941,middle
W4293060545,A5067976836,first
W4293112400,A5085503571,first
W4293112459,A5085503571,first
W4293112474,A5085503571,first
W4293112476,A5085503571,first
W4293113747,A5025099251,first
W4293128443,A5035936080,first
W4293170347,A5048141471,first
W4293171560,A5027490032,first
W4299128724,A5034218164,first
W4304099591,A5067643590,first
W4307102366,A5082535573,first
W4307102366,A5050279893,middle
W4307102366,A5052147335,middle
W4307102366,A5070827615,middle
W4307102366,A5013353538,middle
W4307102366,A5023767001,middle
W4307102366,A5008211323,middle
W4307102366,A5089421543,middle
W4307102366,A5043482412,middle
W4307102366,A5019247599,middle
W4307102366,A5048199386,middle
W4307102366,A5044374534,last
W4307304202,A5078147241,first
W4307304202,A5009305087,middle
W4307304202,A5082535573,middle
W4307304202,A5046630253,middle
W4307304202,A5063091956,last
W4312309005,A5079099911,first
W4312433144,A5041557343,middle
W4312461551,A5089509156,first
W4312461551,A5043606036,last
W4312518454,A5072117551,first
W4312623501,A5006706172,first
W4312877307,A5049939733,first
W4312877307,A5007338391,last
W4312959603,A5089561193,first
W4312981984,A5023712902,first
W4313043549,A5006582558,first
W4313176930,A5069323451,first
W4316169058,A5032496774,last
W4318203241,A5017594367,first
W4318828237,A5059413846,middle
W4318828237,A5061196319,last
W4319721282,A5079588173,first
W4320858207,A5019466280,middle
W4320858207,A5001279752,middle
W4320858207,A5031108297,middle
W4320858207,A5076723837,middle
W4320858207,A5033606498,middle
W4320858207,A5024831674,last
W4362725897,A5065732688,first
W4362725897,A5008533295,last
W4366324308,A5061605384,first
W4367469421,A5059009835,first
W4367498655,A5020867167,first
W4367665285,A5022879666,first
W4368283601,A5033490141,first
W4368283601,A5033946000,last
W4372058481,A5010705375,last
W4372058502,A5060228783,first
W4372058502,A5026135784,last
W4372058515,A5030040305,first
W564673091,A5091307413,last
W580676825,A5071396833,first
W634508846,A5078550670,first
W634508846,A5013149033,last
W639082904,A5086292038,first
