src,tgt,position
W1588594383,A5042195176,first
W4235019172,A5067142016,first
W2896556344,A5028089542,first
W1947595544,A5011572373,first
W1947595544,A5033311124,middle
W1947595544,A5001676164,last
W1853322427,A5074590042,first
W2891381594,A5038820830,first
W2787248994,A5070281692,first
W1480083809,A5019626466,first
W1504362584,A5078231177,first
W1504362584,A5037697344,middle
W1504362584,A5053183805,middle
W1504362584,A5064759122,last
W1193630639,A5025308299,first
W2559839022,A5055776312,first
W2891696188,A5043823616,first
W2891696188,A5029696881,last
W4243367342,A5090921348,first
W4243367342,A5078909305,middle
W4243367342,A5021241636,middle
W4243367342,A5005717519,middle
W4243367342,A5054879396,middle
W4243367342,A5045016749,last
W1566144858,A5046237389,first
W1566144858,A5057168176,last
W592289905,A5040485375,first
W592289905,A5029137480,last
W3123212791,A5015166903,first
W3123212791,A5027489992,middle
W3123212791,A5079926596,middle
W3123212791,A5001087292,middle
W3123212791,A5080591144,last
W1531910981,A5028089542,first
W1531910981,A5001022750,last
W4230008158,A5057846027,first
W4230008158,A5053452011,last
W2565989828,A5074754590,first
W2895152177,A5044778185,first
W2895152177,A5042200719,middle
W2895152177,A5018479163,last
W603636824,A5065613852,first
W2082397409,A5062394620,last
W4211152370,A5075877563,first
W4252306240,A5035659125,first
W2794908222,A5028032706,first
W2794908222,A5017983137,middle
W2794908222,A5088394978,middle
W2794908222,A5034064327,middle
W2794908222,A5049349154,middle
W2794908222,A5071367253,last
W2963007936,A5051068084,first
W2963007936,A5045543562,middle
W2963007936,A5061745728,middle
W2963007936,A5015899120,middle
W2963007936,A5067555437,last
W627666456,A5065271403,first
W626427215,A5041785812,first
W3159754263,A5042776527,first
W2888774813,A5073832417,first
W1548951236,A5088572875,last
W1269046860,A5035017068,first
W1269046860,A5011489869,last
W2792919371,A5072029181,first
W2792919371,A5077267552,last
W1498790384,A5079968957,first
W1498790384,A5003810287,middle
W1498790384,A5076461197,last
W2790892475,A5017908221,first
W1479664672,A5067767409,first
W1562133001,A5079110692,first
W1562133001,A5031233699,last
W2494880031,A5055123607,first
W4229985423,A5039348290,first
W4253395936,A5053053957,middle
W4253395936,A5010033316,middle
W1162378864,A5078910343,first
W2899906720,A5090549112,middle
W2899906720,A5045723090,middle
W1599786999,A5010097254,first
W2901930902,A5019906371,first
W2901930902,A5043775533,middle
W2918296821,A5065635001,first
W2918296821,A5049691461,middle
W2918296821,A5001052072,last
W4211020619,A5001274499,first
W1487104801,A5067434821,first
W1487104801,A5045974590,last
W2930789748,A5044141636,first
W646585437,A5055035329,first
W2924601890,A5019265966,first
W3145123113,A5047750218,first
W3145123113,A5070754732,last
W2789600509,A5063206976,first
W2790404387,A5028089542,first
W646525801,A5021219790,first
W646525801,A5077620594,last
W3124672479,A5015167951,first
W2767251818,A5085640653,first
W4246095787,A5034052082,first
W1561991101,A5088876922,last
W2968572135,A5032456310,last
W4256317682,A5007383027,first
W4256317682,A5027278867,last
W1548553338,A5063105048,first
W1549818157,A5034510935,first
W1549818157,A5050040144,middle
W1549818157,A5014758289,last
W4211037655,A5088817813,first
W4211037655,A5008209934,middle
W4211037655,A5023330178,last
W1699326048,A5054926685,first
W1699326048,A5084702125,last
W4248196296,A5029483412,first
W4248196296,A5068542997,last
W1575158140,A5070311545,first
W1575158140,A5036127371,last
W4300852401,A5012655817,first
W4300852401,A5049303874,middle
W4300852401,A5009750573,last
W1533710763,A5088726927,first
W4232483202,A5012449597,first
W2801183640,A5080970505,first
W2801183640,A5008441213,middle
W2801183640,A5039739707,middle
W2801183640,A5087785022,middle
W2801183640,A5001483226,last
W2897534840,A5066580481,first
W2897534840,A5022060377,last
W4235118199,A5067767740,first
W4298069009,A5068971635,first
W4298069009,A5083542637,middle
W4298069009,A5014274064,last
W79676656,A5050857344,first
W79676656,A5081023829,last
W2626788661,A5005793995,first
W2626788661,A5015025226,last
W2800431972,A5023994037,first
W2800431972,A5055191887,last
W2748667071,A5000975435,first
W2748667071,A5085432173,middle
W2748667071,A5001025165,middle
W2748667071,A5068271733,middle
W2748667071,A5058475882,last
W10284730,A5060859546,first
W2891705360,A5065949038,first
W2891705360,A5017713842,last
W2886189420,A5038669899,first
W2886189420,A5087192873,last
W1488964931,A5036119057,first
W2773050805,A5079596102,first
W2773050805,A5065692438,last
W2889274797,A5083681758,first
W2778939515,A5053973465,first
W2790414966,A5077470909,first
W2790414966,A5017914184,last
W4244736247,A5066486631,first
W1523530191,A5090592264,first
W1523530191,A5023739663,last
W2804231115,A5071485698,first
W2804231115,A5016116024,middle
W2804231115,A5033261896,last
W2884226563,A5060960665,middle
W2884226563,A5060883307,middle
W2884226563,A5088673875,middle
W2884226563,A5062662924,middle
W2884226563,A5082357282,last
W2982479912,A5057581747,last
W2899417759,A5090310668,first
W2166391214,A5001404174,first
W2166391214,A5036426837,middle
W2166391214,A5033007233,middle
W2166391214,A5087411137,middle
W2800330509,A5071224574,first
W2800330509,A5081019368,middle
W2800330509,A5058488295,middle
W2800330509,A5032651215,last
W4230324267,A5021609011,last
W4289556003,A5069178881,first
W4289556003,A5046172297,last
W626115176,A5050221120,first
W2908623690,A5046971896,first
W2908623690,A5037160280,middle
W2908623690,A5076051651,middle
W2908623690,A5038379562,last
W4251048456,A5039563504,first
W1689203892,A5037942591,first
W1689203892,A5042186901,last
W4240499199,A5055204699,first
W4240499199,A5001870814,last
W4241760637,A5051199777,first
W2772042667,A5023472679,middle
W2811690141,A5003025480,last
W591821914,A5038793166,first
W591821914,A5071436704,last
W1599444075,A5015067771,first
W1599444075,A5060246986,middle
W1599444075,A5055719436,last
W2809390628,A5055514112,first
W2809390628,A5046342507,middle
W2809390628,A5016342533,last
W2783751658,A5060268098,middle
W2783751658,A5008878885,last
W2895610758,A5091880648,first
W2895610758,A5014894748,middle
W2895610758,A5034416673,last
W3134535214,A5046258663,last
W2739487749,A5004084740,first
W2739487749,A5031586533,middle
W2739487749,A5040405791,middle
W2739487749,A5082529659,middle
W2739487749,A5020862612,last
W2962844010,A5017736224,first
W4239148225,A5042833743,first
W4239148225,A5044050863,last
W4245746631,A5004521033,first
W4246604800,A5082124101,first
W4298336795,A5057583579,first
W614763693,A5018936199,first
W1563672609,A5026298167,first
W1563672609,A5059259271,last
W4230378863,A5057432759,last
W2767094092,A5000975435,first
W657628220,A5071884484,first
W1598908885,A5083767132,first
W2794362071,A5029559430,first
W2800392078,A5063078131,first
W2800392078,A5071587979,middle
W2800392078,A5024008270,middle
W2800392078,A5074020902,last
W2805812609,A5080529550,first
W1568311678,A5009237221,first
W1568311678,A5080291650,last
W2795798228,A5009012021,first
W2796909983,A5075085472,first
W2796909983,A5074872410,middle
W2796909983,A5015692994,last
W2968584812,A5011615735,first
W649855407,A5009505287,first
W649855407,A5023084705,middle
W649855407,A5071471344,last
W2789585573,A5006499420,first
W2789585573,A5090203902,last
W2904302066,A5090388284,last
W1414451058,A5016137188,first
W1414451058,A5069702292,last
W1421932409,A5066499664,first
W1977613481,A5045745957,first
W1977613481,A5013018127,last
W4211164359,A5006052956,first
W1446648422,A5055360058,last
W2730059884,A5011600518,first
W2888126660,A5065554904,first
W400269483,A5062375227,first
W400269483,A5014940420,last
W648326949,A5081366032,last
W2035575455,A5050719415,first
W2336723934,A5085432173,first
W2336723934,A5080910201,last
W2793521043,A5058698597,first
W2734847652,A5002712538,first
W2734847652,A5007728434,last
W2897069058,A5021241636,middle
W619520426,A5067513618,first
W619520426,A5000074040,last
W4249235730,A5061845817,first
W4249235730,A5052189277,middle
W4249235730,A5080482528,middle
W4249235730,A5006633956,middle
W4249235730,A5048490462,last
W4253431684,A5018475166,first
W2776904200,A5056843687,middle
W2776904200,A5023044082,last
W2970759099,A5047580007,first
W2970759099,A5031160941,last
W3206219585,A5054638114,first
W3206219585,A5005914878,last
W3217529127,A5029127674,first
W4210980843,A5078255358,first
W4210980843,A5024362147,last
W4230630710,A5018874659,first
W4230630710,A5090319741,middle
W2767822406,A5010696459,first
W4211264793,A5034088489,first
W4211264793,A5051247445,middle
W4211264793,A5036222248,last
W4246692440,A5076782862,last
W1562367216,A5032387890,first
W2783757880,A5031610815,last
W2801887640,A5028703297,first
W4210953053,A5079436055,first
W4241363768,A5073145218,first
W4241363768,A5029845097,last
W2891852097,A5089996439,first
W2894218541,A5053217291,first
W2894218541,A5065368839,middle
W2894218541,A5091411181,last
W1504420621,A5065307086,first
W1504420621,A5044857735,last
W1884620219,A5040848437,middle
W1884620219,A5018439678,last
W2316865521,A5081318069,first
W2316865521,A5001279687,last
W2502139158,A5067720298,first
W2895158256,A5059926999,first
W2903962827,A5043000577,first
W2903962827,A5067089715,last
W2998722390,A5027549551,middle
W2779321393,A5084187981,first
W2779321393,A5020620391,middle
W2779321393,A5065170124,last
W2784119346,A5029463428,first
W2888499542,A5028089542,first
W2897765576,A5053224623,first
W2897765576,A5052534111,last
W4230817348,A5088267964,first
W2618902684,A5054359566,first
W2618902684,A5054568856,middle
W2618902684,A5057092836,last
W4243292681,A5038754332,first
W2901697776,A5043775533,first
W2901697776,A5019906371,middle
W2901697776,A5079192313,last
W4206210655,A5076464455,first
W4206210655,A5038228433,middle
W4206210655,A5006360335,middle
W4206210655,A5066568193,middle
W4206210655,A5087017723,middle
W4206210655,A5038235574,middle
W4206210655,A5074794877,last
W1965765145,A5029829322,first
W2753034999,A5047750218,first
W2753034999,A5070754732,last
W2791908750,A5013286831,first
W2791908750,A5077605824,last
W2793017134,A5036944228,first
W2793017134,A5085887146,middle
W2793017134,A5047613312,middle
W2793017134,A5050967657,middle
W2793017134,A5008824437,last
W2800587078,A5000445240,first
W2805918584,A5015253912,first
W2805918584,A5029499294,last
W2887381086,A5037978750,first
W2887381086,A5061679303,middle
W2887381086,A5088531690,middle
W2887381086,A5027464929,middle
W2887381086,A5037013857,last
W2888040285,A5056084685,first
W2888040285,A5083522214,last
W4250012170,A5065428845,first
W4252552129,A5057357328,first
W617909835,A5062077940,first
W617909835,A5067046312,middle
W617909835,A5007118592,last
W2060501565,A5036445445,first
W2293909219,A5062015657,first
W2477175076,A5036320427,first
W2477175076,A5056360019,middle
W2477175076,A5040205022,middle
W2477175076,A5077692655,last
W2743407241,A5009407454,first
W2743407241,A5045012588,last
W2785248751,A5038638081,first
W2811114122,A5043919626,first
W2901835294,A5011307781,first
W4211153193,A5090763434,first
W4244536387,A5048533217,first
W4244536387,A5055132321,last
W4289085709,A5088185533,first
W4289085709,A5057571751,last
W4289127527,A5057294414,first
W4289127527,A5085164888,last
W2791064953,A5020620391,first
W2791064953,A5065170124,middle
W2791064953,A5065170124,middle
W2791064953,A5084187981,last
W2793605351,A5025866626,first
W2795663299,A5001328562,first
W2795663299,A5005715860,middle
W2795663299,A5031785324,middle
W2795663299,A5068601055,last
W2893467165,A5051047547,first
W2909748942,A5004629198,first
W4239701533,A5022392851,first
W902180,A5071383424,first
W902180,A5009215869,last
W2306288190,A5045798295,first
W2809614265,A5047183527,first
W2888264921,A5054032428,first
W2889110741,A5061917565,first
W2890458042,A5071115047,first
W2971503667,A5080970505,first
W2971503667,A5008441213,middle
W2971503667,A5039739707,middle
W2971503667,A5087785022,last
W658945110,A5058002649,first
W658945110,A5038091880,middle
W2810576820,A5011797382,first
W2810576820,A5051709851,middle
W2810576820,A5064315225,last
W2886353311,A5040845666,first
W2886353311,A5042025810,last
W2899012101,A5025249509,first
W2899012101,A5077231672,last
W900263586,A5039602200,first
W1487813067,A5073514351,first
W2893487324,A5069762345,first
W2893487324,A5076158905,last
W2912975021,A5009598151,first
W4246137357,A5034641763,first
W1491682173,A5082471864,middle
W1491682173,A5089697598,last
W1504306462,A5085946799,first
W1504306462,A5012152274,middle
W1504306462,A5007146500,last
W2782191780,A5008362078,middle
W2782191780,A5044165385,middle
W2782191780,A5051203631,middle
W2907286165,A5048862815,first
W2907286165,A5076950139,middle
W2907286165,A5053311080,last
W4238367216,A5036337528,first
W567920967,A5061475112,first
W567920967,A5041794762,middle
W567920967,A5005510641,last
W1560704918,A5015471641,first
W1560704918,A5090506270,middle
W1560704918,A5044785782,last
W2908425202,A5077660261,first
W2908425202,A5028184409,middle
W2908425202,A5071153314,middle
W2908425202,A5073836657,middle
W2908425202,A5045578913,middle
W2908425202,A5072271728,middle
W2908425202,A5041499017,middle
W2908425202,A5042332909,middle
W2908425202,A5018599588,middle
W2908425202,A5074824323,middle
W2908425202,A5017647508,middle
W2908425202,A5064812943,middle
W2908425202,A5039919980,last
W3167120235,A5074020697,first
W3167120235,A5018084803,last
W4251382371,A5056849976,last
W4313159552,A5090193930,first
W2354891821,A5004840435,middle
W2354891821,A5073716487,last
W2765736339,A5067217647,first
W2975777055,A5011176205,first
W2975777055,A5017990990,last
W3082378133,A5078918402,first
W4300930208,A5022077412,first
W2147099270,A5005507069,first
W2765367384,A5024326128,first
W2765367384,A5072774939,last
W2790633453,A5024161281,middle
W2790633453,A5048773916,middle
W2793329737,A5034052082,first
W2795156864,A5023894377,first
W2795156864,A5051649145,middle
W2795156864,A5070942254,last
W2898496484,A5090666420,first
W2898496484,A5000975435,last
W4213245259,A5018606903,first
W4251237444,A5090973753,first
W2758271746,A5044217809,first
W2758271746,A5085924325,last
W2890284466,A5075877563,first
W2897083303,A5070465786,first
W2897083303,A5004387574,last
W2905708866,A5041140653,first
W2947087028,A5091441358,first
W4248978423,A5068207469,first
W4250180581,A5020630464,first
W4250180581,A5073451613,last
W11477303,A5085946799,first
W11477303,A5017205055,middle
W11477303,A5012152274,middle
W11477303,A5050257808,last
W2804631621,A5027426452,first
W2884768864,A5040429744,first
W2904313980,A5014654464,first
W2904313980,A5034081636,middle
W2904313980,A5082824002,middle
W2904313980,A5025550736,middle
W2904313980,A5053010883,middle
W2904313980,A5008583848,last
W3095606439,A5021273410,first
W3095606439,A5024635859,last
W3169389953,A5069543375,middle
W3169389953,A5045098894,last
W4238546553,A5065903280,first
W645220771,A5055416007,first
W1480228395,A5061151468,first
W2760687290,A5007171832,first
W2790815852,A5089713497,first
W2790815852,A5010560354,last
W2809975818,A5082450455,last
W2895348995,A5071802800,first
W2895348995,A5024732230,last
W2898808247,A5051203367,first
W3109777290,A5069871949,first
W3109777290,A5083466715,last
W4247615697,A5079988916,first
W608088085,A5078160812,first
W608088085,A5029465668,last
W2886195809,A5031387492,first
W2886195809,A5023212550,middle
W2887851234,A5065002867,first
W3037138990,A5011553620,first
W567999022,A5061909708,first
W2731293563,A5003626250,first
W2731293563,A5045825380,middle
W2731293563,A5005286828,last
W2790435797,A5089775223,first
W2791243661,A5011572373,first
W2791243661,A5033311124,middle
W2791243661,A5001676164,last
W2804092337,A5003684805,first
W2804092337,A5015716594,last
W2883393582,A5090259408,first
W2883393582,A5069596903,middle
W2883393582,A5016869251,last
W2886692379,A5067915957,middle
W2886692379,A5001270198,middle
W2895222304,A5030799206,first
W2895222304,A5014319066,last
W2906226743,A5039292216,first
W2906226743,A5074524157,last
W2906340660,A5069573186,first
W2982962517,A5021555712,first
W2982962517,A5060896454,last
W1597102781,A5057166510,first
W1597102781,A5079538687,last
W2617567260,A5003626250,first
W2762146562,A5066105783,first
W2762146562,A5050626793,last
W2794335402,A5066433806,first
W2889671875,A5046773162,first
W2905757992,A5041020110,first
W2914352122,A5060778033,first
W2914352122,A5069699303,last
W2965889227,A5020702999,first
W2987093993,A5068713051,first
W3088011702,A5029523168,first
W3130385304,A5025395728,first
W4229913047,A5071518229,first
W4229913047,A5057024015,middle
W4229913047,A5009276619,middle
W4229913047,A5027520495,middle
W4231497568,A5091908304,first
W4235540801,A5000798681,first
W4236343950,A5064525703,first
W4237750864,A5001665434,first
W4255483301,A5024901674,first
W629739200,A5045462352,first
W629739200,A5010097254,last
W631280653,A5046381546,first
W631280653,A5043088088,last
W1545725744,A5084377510,first
W2525572760,A5022150743,middle
W2792653607,A5070826172,first
W2792653607,A5050302985,last
W2884808449,A5031517902,middle
W2884808449,A5010134341,last
W2894671621,A5055933956,first
W2894671621,A5028256522,last
W2904238620,A5063307502,first
W2904238620,A5054652937,middle
W2904238620,A5044244190,middle
W2904238620,A5077401595,last
W368614749,A5053989922,first
W4243617875,A5023595778,first
W2339253690,A5031263620,first
W2339253690,A5061275811,last
W2494959310,A5061775910,first
W2601899024,A5087793102,first
W2766082632,A5004967317,first
W2772998927,A5000392417,first
W2772998927,A5084722189,last
W2773161892,A5034088489,first
W2773161892,A5051247445,middle
W2773161892,A5036222248,last
W2795471550,A5028800814,first
W2812065559,A5076792725,first
W2812065559,A5070067140,middle
W2812065559,A5008108577,last
W2884509455,A5005908452,first
W2888578441,A5016779313,first
W2888813595,A5078657315,first
W3005295096,A5026771187,middle
W3015578946,A5064346361,middle
W3015578946,A5087856032,last
W3127901733,A5030506701,first
W3127901733,A5074543641,last
W3145335111,A5066589049,middle
W4211100478,A5052745577,first
W4236668530,A5024626195,first
W4236668530,A5032043599,middle
W4236668530,A5045415159,middle
W4236668530,A5006203581,middle
W4236668530,A5014758459,middle
W4236668530,A5036915320,middle
W4236668530,A5028555421,middle
W4236668530,A5014913261,middle
W4253345053,A5064399695,first
W1651609297,A5013045029,first
W1651609297,A5046896448,middle
W1651609297,A5057583165,middle
W1651609297,A5033933581,last
W2485539076,A5000975435,first
W2754943414,A5064469861,first
W2793464324,A5066273713,first
W2793464324,A5078710069,middle
W2793464324,A5012723133,last
W2802038788,A5061930677,first
W2803791261,A5040228009,last
W2888080725,A5058104501,first
W2888080725,A5068605992,middle
W2888080725,A5076622154,last
W2912285856,A5028047738,first
W2912285856,A5053742635,middle
W2912285856,A5074904348,last
W3003275808,A5085432173,first
W3003275808,A5000975435,middle
W4230352642,A5034420722,first
W4230352642,A5011292913,last
W4245773234,A5003539831,first
W4249870969,A5005735641,first
W2727040849,A5072647800,first
W2727040849,A5020482673,middle
W2727040849,A5041176403,middle
W2727040849,A5029228546,middle
W2727040849,A5088137293,middle
W2727040849,A5027292126,last
W2766585039,A5057404113,first
W2766585039,A5071725533,middle
W2766585039,A5065365889,last
W2791591346,A5030762120,first
W2794619582,A5024335175,first
W2800286772,A5024995961,first
W2811178295,A5028638153,first
W2811178295,A5079499583,middle
W2811178295,A5024333004,last
W2889075141,A5024892806,middle
W2898559087,A5047023326,first
W4239918117,A5059260146,first
W4289361794,A5080665337,first
W611159907,A5088128501,first
W636303388,A5006996966,first
W636303388,A5033287584,last
W2767203839,A5010641205,first
W2767203839,A5037152117,middle
W2767203839,A5081914097,middle
W2778975414,A5028929923,first
W2778975414,A5048491739,middle
W2778975414,A5040035817,middle
W2792863444,A5017922679,first
W2803540096,A5034271321,first
W2808026833,A5011528639,first
W2810705130,A5091610469,first
W2810705130,A5071519931,last
W2918093727,A5014322108,first
W2952756408,A5063668258,first
W2952756408,A5036860260,middle
W2952756408,A5088185533,middle
W2952756408,A5057571751,last
W3100104438,A5086178969,first
W3100104438,A5020579305,middle
W3100104438,A5039140022,last
W4232717040,A5068207469,first
W4234551707,A5020756135,first
W4234551707,A5035194938,last
W4246207038,A5062697559,first
W4246207038,A5008403359,last
W4361794133,A5004549631,first
W1534592813,A5002692390,last
W1536534905,A5042575843,first
W1815119434,A5036001306,first
W2738008627,A5011764880,first
W2765411697,A5026132957,first
W2796075181,A5045023760,last
W2801598696,A5007171832,first
W2801598696,A5061536058,last
W2801679303,A5048204142,first
W2802309331,A5057846027,first
W2802309331,A5053452011,last
W2803069484,A5078345967,first
W2886097490,A5030748781,first
W3123759384,A5001234997,first
W4232420959,A5059386185,first
W4256050743,A5056079279,first
W571736359,A5077697207,first
W611426844,A5003528506,middle
W641750148,A5011141557,first
W1245041676,A5013766379,first
W245430726,A5081534736,first
W245430726,A5070046659,middle
W245430726,A5051099574,last
W2499935382,A5061775910,first
W2766696612,A5075920182,first
W2766696612,A5018395536,last
W2773863050,A5076796430,first
W2773863050,A5045997631,middle
W2773863050,A5025869535,last
W2790990039,A5055341021,first
W2790990039,A5001870814,last
W2793892336,A5027512257,last
W2809585623,A5088267964,first
W2810850966,A5062756194,first
W2810850966,A5059577520,middle
W2810850966,A5019624328,middle
W2810850966,A5087409178,last
W2890916528,A5001274499,first
W2898827543,A5075848838,first
W2901024544,A5011307781,first
W2901465529,A5071736895,last
W2979053816,A5064346465,first
W2979053816,A5007427934,last
W3001391159,A5008769600,first
W3180152402,A5049770689,first
W3180152402,A5068148710,last
W4211212531,A5030159286,first
W4231976715,A5063069231,first
W4235120320,A5066130528,first
W4242777570,A5061561391,first
W4242777570,A5036297916,last
W4245175512,A5077330113,first
W4245175512,A5001193136,middle
W4245175512,A5081225515,last
W4249692156,A5089314771,last
W4249974340,A5042655177,first
W4254012778,A5006656063,first
W614475708,A5075972955,first
W1790799809,A5002969533,first
W1790799809,A5063924433,last
W1969042088,A5038795110,last
W2162979574,A5073400616,first
W2765333890,A5082792511,first
W2765333890,A5023085223,last
W2768829501,A5010393120,first
W2768829501,A5016219113,middle
W2768829501,A5055416007,last
W2775427599,A5054390222,last
W2783173416,A5090487464,first
W2791695920,A5051017261,middle
W2791695920,A5048829230,middle
W2791695920,A5031328909,middle
W2791695920,A5002147518,last
W2791870102,A5088027169,first
W2792966959,A5080524011,first
W2795660140,A5003308778,first
W2795660140,A5011664630,last
W2797426066,A5021595667,first
W2799628493,A5005464312,first
W2799628493,A5005804800,middle
W2799628493,A5059888734,last
W2804877068,A5065184308,first
W2804877068,A5027705027,middle
W2804877068,A5045617522,last
W2885041712,A5056707008,first
W2902839325,A5054399289,first
W3144728342,A5047493969,first
W3144728342,A5072980637,last
W4211246444,A5045798295,first
W4232604647,A5041121124,first
W4232604647,A5045462352,middle
W4232604647,A5032201822,last
W4244512132,A5007237462,first
W4251846674,A5027963823,first
W4251846674,A5025102332,middle
W4251846674,A5070462807,last
W4289437471,A5053636147,first
W4289437471,A5015026639,middle
W4289437471,A5021194696,middle
W4302047259,A5034271321,first
W590436769,A5042469429,last
W1524781844,A5060656142,first
W1524781844,A5053636147,middle
W1524781844,A5023942737,last
W1596777508,A5059351460,first
W1596777508,A5024921109,last
W1608928078,A5080497057,first
W234507240,A5044903825,middle
W2739399997,A5060942351,first
W2739399997,A5080876617,middle
W2739399997,A5015615281,last
W2771973451,A5083584929,first
W2771973451,A5045179278,middle
W2771973451,A5010612676,middle
W2771973451,A5009831803,last
W2785652191,A5054988467,first
W2789832915,A5083819212,first
W2789832915,A5054869562,middle
W2789832915,A5072139180,middle
W2789832915,A5045388427,last
W2790020560,A5074594320,first
W2802471748,A5034192756,first
W2808730702,A5019299813,first
W2809398929,A5042423207,first
W2895670599,A5069874026,first
W2895670599,A5087564128,last
W2896541058,A5064468056,first
W2980114489,A5039348290,first
W3003668765,A5061006709,first
W3020228454,A5086633091,last
W3173989688,A5068815148,first
W3173989688,A5020349013,middle
W3173989688,A5049476860,middle
W3173989688,A5016032267,middle
W3173989688,A5023432298,last
W392911911,A5043420790,first
W4235377041,A5031800049,first
W4235377041,A5080926827,last
W4236603377,A5087790566,first
W4242825150,A5030101234,first
W4242825150,A5004660959,middle
W4242825150,A5078471429,last
W4312317522,A5010944499,first
W1583919945,A5049926577,first
W2275695835,A5036442723,first
W2275695835,A5075373200,middle
W2275695835,A5085821552,last
W2761013743,A5038493235,first
W2766400329,A5014013504,first
W2769774273,A5083081160,middle
W2769774273,A5055264305,last
W2777433848,A5060635914,first
W2777433848,A5010998360,last
W2782631468,A5024273013,first
W2782631468,A5056237133,middle
W2782631468,A5065543182,middle
W2782631468,A5019055429,last
W2792259108,A5063206976,first
W2792544840,A5037167523,first
W2796093515,A5033699946,first
W2796093515,A5007141073,last
W2800010055,A5091634526,first
W2800098000,A5060494518,first
W2800880722,A5078213715,first
W2804575892,A5050890174,middle
W2805279658,A5034420722,first
W2805279658,A5011292913,last
W2809610562,A5003499139,first
W2809610562,A5073451815,middle
W2809610562,A5042180955,last
W2883093327,A5020702999,first
W2886634998,A5085290807,first
W2886634998,A5065451895,middle
W2886634998,A5004759226,last
W2887885934,A5039887114,first
W2887885934,A5037082770,last
W2889951924,A5014813782,first
W2889951924,A5043069455,middle
W2889951924,A5086445784,last
W2890901368,A5026495223,first
W2895189142,A5043889695,first
W2896734340,A5000635753,first
W2896734340,A5076993375,middle
W2896734340,A5055865042,middle
W2896734340,A5000981259,middle
W2896734340,A5071193114,middle
W2896734340,A5059162387,middle
W2896734340,A5012932412,last
W2963175505,A5090742213,first
W3154891223,A5004555174,first
W4211169376,A5025686476,first
W4213353691,A5016064966,first
W4230423821,A5031004593,first
W4230774863,A5086373411,middle
W4233780167,A5030298693,first
W4247832021,A5040763929,first
W4248457741,A5024036401,middle
W4252853834,A5006045778,last
W427461433,A5061807602,first
W427461433,A5082286181,last
W1558976419,A5078964969,first
W1558976419,A5056326007,middle
W1980388727,A5044183000,first
W2183172051,A5058839771,first
W2183172051,A5090103863,middle
W2183172051,A5011926448,last
W2546879872,A5025661647,first
W2546879872,A5060825472,last
W2621415688,A5016129540,first
W2621415688,A5075758770,middle
W2621415688,A5027498937,middle
W2621415688,A5036186948,last
W2758184393,A5026062107,first
W2758184393,A5090048784,middle
W2758184393,A5001788144,middle
W2758184393,A5077398892,last
W2768041162,A5031730766,first
W2778322365,A5011368149,first
W2778322365,A5038650948,middle
W2778322365,A5008561505,last
W2789215765,A5048171501,first
W2789215765,A5011889540,middle
W2789215765,A5061033797,middle
W2789215765,A5056507889,middle
W2789215765,A5060492418,last
W2789699212,A5064800801,first
W2789699212,A5032480831,middle
W2789699212,A5004942120,middle
W2789699212,A5090232242,middle
W2789699212,A5008375520,middle
W2789699212,A5067261120,last
W2791902434,A5057846027,first
W2791902434,A5053452011,last
W2794066138,A5061795150,first
W2801987522,A5034770996,first
W2804664626,A5010279607,first
W2883844122,A5089212858,first
W2885988988,A5028048352,last
W2887284428,A5025255782,first
W2887284428,A5049812527,middle
W2887284428,A5004921249,last
W2887655669,A5061575875,first
W2887655669,A5051522114,last
W2889997036,A5033228504,middle
W2893030633,A5045190581,first
W2893030633,A5005077196,last
W2894649960,A5002662383,first
W2894649960,A5048060386,last
W2897464817,A5030652122,first
W2897464817,A5008091461,last
W2901357499,A5058730535,first
W2901357499,A5071736895,last
W2901368359,A5081361766,first
W2904943432,A5071983422,first
W2904943432,A5006081005,last
W2906821200,A5020476861,first
W2955758456,A5036552518,first
W2955758456,A5044453435,last
W3003560111,A5084287332,first
W3003560111,A5000268019,last
W3217050021,A5065735496,first
W4229785079,A5087378145,first
W4242290395,A5066834236,first
W4242290395,A5011801033,middle
W4242290395,A5089418748,last
W4243755867,A5004048459,first
W4243755867,A5055771849,last
W4251389266,A5089983341,first
W2103673374,A5004580149,first
W2163788035,A5037077763,first
W2163788035,A5055149475,last
W2731009836,A5038798689,first
W2731009836,A5091536303,middle
W2731009836,A5044496582,last
W2761383769,A5085432173,first
W2761383769,A5006876719,last
W2777578647,A5048667897,first
W2777578647,A5073529648,middle
W2777578647,A5054917794,last
W2783172479,A5050949810,first
W2783172479,A5026977716,last
W2783939054,A5048574995,first
W2789253169,A5051528024,first
W2789253169,A5000193419,last
W2792459926,A5016743815,first
W2792459926,A5049237651,last
W2792528628,A5060602998,first
W2793389807,A5062903761,first
W2794951777,A5078843436,middle
W2799650617,A5045886501,last
W2800753541,A5073418911,first
W2807543221,A5012996772,first
W2808786894,A5067163892,first
W2809650735,A5063827643,first
W2886919222,A5056018684,first
W2886919222,A5089382518,last
W2888666945,A5057850155,first
W2890958833,A5063451263,first
W2894666242,A5034876222,middle
W2897095218,A5048737655,first
W2897095218,A5086900692,middle
W2897095218,A5048354773,middle
W2898863789,A5068504294,first
W2903993021,A5018289932,first
W2907663980,A5035118178,first
W2908167283,A5083387069,first
W2908167283,A5048256265,middle
W2908167283,A5064181963,middle
W2908167283,A5023173503,last
W2910632054,A5077795166,first
W2945698053,A5064468056,first
W2979801952,A5061331167,first
W2987627224,A5032132302,first
W2987627224,A5060779928,middle
W3007280101,A5050521702,first
W3007280101,A5011779957,middle
W3007280101,A5020310463,last
W3027202064,A5013488153,last
W3144971684,A5049475868,first
W4230800303,A5010806251,first
W4230800303,A5031854085,middle
W4230800303,A5029107586,last
W4246258237,A5086220702,first
W4248601800,A5045078233,first
W4248601800,A5061752593,middle
W4248601800,A5065694652,middle
W4248601800,A5061699800,middle
W4248601800,A5054742942,last
W4254239016,A5089332324,last
W4301667642,A5085082332,first
W590597044,A5005217078,first
W1230776743,A5059853805,first
W1497779383,A5088969354,first
W1497779383,A5083003222,last
W2395510410,A5080305735,first
W2483206378,A5011466065,first
W2483206378,A5025663548,middle
W2483206378,A5006730304,middle
W2483206378,A5019489166,last
W2497625550,A5069982192,first
W2497625550,A5070377174,middle
W2497625550,A5006166354,last
W2499903672,A5056808390,first
W2598346175,A5058679589,first
W2626637886,A5025308299,first
W2734500145,A5077458525,first
W2744425276,A5072263969,first
W2744425276,A5070195520,middle
W2744425276,A5085634615,middle
W2744425276,A5036553343,middle
W2744425276,A5032469771,last
W2745262649,A5054642987,first
W2745262649,A5067118505,middle
W2745262649,A5064933026,last
W2763703400,A5023890658,first
W2768470599,A5077623837,middle
W2776558731,A5066614231,first
W2776558731,A5083573588,last
W2781487949,A5082955124,first
W2781487949,A5084550608,middle
W2781487949,A5091541952,last
W2782512931,A5019119605,first
W2782512931,A5023829131,last
W2790153498,A5059317875,first
W2793914895,A5019499716,first
W2793914895,A5081159398,last
W2801159946,A5065082533,middle
W2801159946,A5040583269,last
W2808067736,A5005925953,first
W2810572654,A5020089835,first
W2886385474,A5035049338,first
W2886385474,A5091141642,middle
W2886385474,A5080689214,last
W2888276084,A5003439985,first
W2888276084,A5024024284,middle
W2889020420,A5047168561,first
W2890156809,A5051641702,first
W2890776228,A5079988916,first
W2896243798,A5053584642,middle
W2900880468,A5039588891,first
W2901070617,A5076464455,first
W2901070617,A5038228433,middle
W2901070617,A5006360335,middle
W2901070617,A5066568193,middle
W2901070617,A5087017723,middle
W2901070617,A5038235574,middle
W2901070617,A5074794877,last
W2901457389,A5082772341,first
W2901569953,A5021872235,first
W2909682354,A5057357227,first
W2915377110,A5019880283,middle
W2915377110,A5032518636,last
W2917619907,A5021677581,first
W2917619907,A5002389217,last
W2921053840,A5083734148,first
W2939079655,A5057833935,first
W2939079655,A5015981050,middle
W2939079655,A5080720267,last
W2992247793,A5034385365,first
W3084162619,A5054362485,first
W3173812217,A5017042977,first
W3173812217,A5084254019,last
W4229652269,A5067230761,first
W4238648756,A5074384016,first
W4238648756,A5085944678,middle
W4238648756,A5016285305,middle
W4239450024,A5002896307,first
W4239450024,A5056078914,middle
W4242457953,A5002547259,last
W4247767659,A5050831061,first
W4249344112,A5073681191,first
W4249344112,A5011166875,middle
W4249344112,A5078453268,last
W4249551553,A5043216917,first
W4249551553,A5091037083,last
W124429634,A5052600495,first
W1586750735,A5038861185,first
W1822883780,A5027417057,last
W2118130283,A5078989577,first
W2131090958,A5070036422,first
W2197550910,A5081344771,first
W2226520862,A5036776562,first
W2755682944,A5065501675,first
W2755682944,A5053670340,last
W2756222249,A5018474051,first
W2756222249,A5002076661,middle
W2756222249,A5025987638,middle
W2756222249,A5050171153,last
W2770793394,A5005886245,first
W2782083508,A5088753497,first
W2782083508,A5028996052,middle
W2782083508,A5017610833,last
W2782750828,A5037774075,middle
W2790251875,A5059529586,first
W2790251875,A5065100828,middle
W2790251875,A5069487278,last
W2792235673,A5088029529,first
W2799633853,A5078139667,first
W2799633853,A5012200905,middle
W2799633853,A5075040909,last
W2800058122,A5014940591,middle
W2802666861,A5088302903,first
W2802666861,A5046882659,last
W2804169354,A5006950092,first
W2807722568,A5033041607,first
W2883667815,A5084602371,first
W2884987911,A5032284977,first
W2884987911,A5055086464,last
W2885965553,A5074754590,first
W2886314222,A5033395559,first
W2887324295,A5026824769,first
W2899145913,A5078409718,first
W2899145913,A5067997466,middle
W2899145913,A5014261374,middle
W2899145913,A5091479367,last
W2900834202,A5090374124,first
W2905632667,A5073946109,first
W2906396375,A5061130264,first
W2917017152,A5043674662,middle
W2971679533,A5068207469,first
W3004516819,A5031279847,first
W3004516819,A5065418889,last
W4231211112,A5023650696,first
W4231211112,A5051629581,last
W4232208980,A5012536517,first
W4233811027,A5070220273,first
W4233811027,A5082063720,last
W4237239272,A5035180201,first
W4241290227,A5086124602,first
W4242247902,A5046787083,first
W4247190243,A5052275875,first
W4251641579,A5012236884,first
W4251641579,A5065620912,last
W4252372869,A5024763537,first
W4255081164,A5047222739,last
W590154512,A5054617824,first
W1525233228,A5002088981,first
W1525233228,A5086595410,last
W2207202256,A5071284440,first
W2418023685,A5083592351,first
W2418023685,A5078265147,middle
W2435238507,A5009128577,first
W2435238507,A5049437648,middle
W2435238507,A5053028480,last
W2483273151,A5031737525,first
W2483273151,A5027785359,middle
W2483273151,A5014229486,last
W2496979002,A5064867241,first
W2583974513,A5087835107,first
W2754021078,A5079174269,first
W2754021078,A5043945029,middle
W2754021078,A5079174269,last
W2761904588,A5017195195,first
W2766417137,A5080231752,first
W2766417137,A5071758245,last
W2771608193,A5001328463,first
W2771608193,A5083812959,last
W2780230622,A5080541933,first
W2792735994,A5008743721,first
W2792735994,A5061095576,last
W2792889105,A5049682921,first
W2792889105,A5026064134,last
W2793155154,A5006052956,first
W2794215115,A5041617107,first
W2794215115,A5072743620,middle
W2794215115,A5045627721,last
W2794968836,A5059345440,first
W2794968836,A5063492725,last
W2795122210,A5019681057,first
W2802427852,A5084993547,first
W2802709838,A5042436168,first
W2802709838,A5048207145,last
W2806755432,A5034203731,first
W2807434254,A5007498387,first
W2807807586,A5068279499,first
W2809948269,A5047289579,first
W2809948269,A5086128972,middle
W2809948269,A5060697545,last
W2817068999,A5053304894,first
W2827888205,A5062757270,first
W2851092556,A5001234997,first
W2885349698,A5015776363,middle
W2885538857,A5067513618,first
W2885538857,A5041133445,last
W2886369120,A5048361904,first
W2886369120,A5065100828,last
W2888547600,A5085054688,first
W2888791327,A5072396493,last
W2889069467,A5045778917,last
W2889509335,A5001570784,first
W2892255421,A5084281668,first
W2894937241,A5079992885,first
W2897527925,A5018068810,last
W2898889740,A5074270481,first
W2900708427,A5076388751,first
W2900708427,A5020413756,middle
W2905357760,A5030391938,first
W2905586964,A5061617070,middle
W2913417478,A5078889863,first
W2913417478,A5068240114,last
W2924029591,A5055578419,first
W2971707607,A5039641760,first
W2971707607,A5014775429,last
W2971954097,A5083663917,middle
W2971954097,A5002390731,middle
W2971954097,A5078140718,middle
W2971954097,A5030303725,middle
W2971954097,A5015371403,middle
W2971954097,A5054565933,middle
W2971954097,A5019569574,middle
W2971954097,A5062695688,middle
W2984425963,A5045952842,first
W2989736471,A5024734094,first
W3005572278,A5023980885,middle
W3005572278,A5050923109,last
W3013476770,A5068085383,first
W3020394397,A5087137767,middle
W3156759790,A5055630766,first
W4210959062,A5045303041,first
W4211168048,A5033802529,first
W4211168048,A5072252688,last
W4214825689,A5034657358,first
W4214825689,A5064355276,middle
W4214825689,A5043499130,middle
W4214825689,A5083435816,last
W4234077260,A5035342633,first
W4236227484,A5071154745,first
W4236800444,A5084949004,first
W4245865535,A5019384559,first
W4249050850,A5063462800,first
W4251037696,A5080349849,first
W4251831499,A5044141636,last
W579907960,A5090793875,last
W1816207741,A5084213178,first
W1816207741,A5090729968,last
W2097708853,A5025491509,first
W2097708853,A5066230818,last
W2231887682,A5053850171,last
W2294699627,A5008147879,first
W2416062892,A5049030644,middle
W2517551726,A5088933186,middle
W2518974982,A5057260089,first
W2518974982,A5073869382,last
W2588415371,A5071445146,last
W2598043874,A5027485931,middle
W2607508279,A5049756010,first
W2607508279,A5089476776,last
W2625056686,A5087825639,first
W2625056686,A5040323322,middle
W2625056686,A5086572718,middle
W2625056686,A5049949859,last
W2641437438,A5021102755,first
W2641437438,A5079123162,middle
W2641437438,A5029981129,last
W2728053710,A5016732026,first
W2728053710,A5066728847,last
W2753639319,A5022456933,first
W2753639319,A5056214167,middle
W2753639319,A5068143882,middle
W2753639319,A5023499084,last
W2757789861,A5079143473,first
W2757789861,A5005837856,middle
W2757789861,A5060011738,middle
W2757789861,A5023880784,last
W2765090334,A5060203725,first
W2767791353,A5057947815,first
W2767791353,A5041730641,middle
W2767791353,A5032612218,middle
W2767791353,A5055569781,middle
W2767791353,A5034459552,last
W2777743018,A5067810736,first
W2777743018,A5049591033,middle
W2777743018,A5029854233,last
W2778212626,A5083199558,first
W2782018122,A5085942072,first
W2789499602,A5042394011,first
W2791278960,A5006617173,last
W2791380640,A5049986671,first
W2791380640,A5051056050,last
W2792169121,A5013431253,last
W2792635111,A5039428749,middle
W2792635111,A5082773596,last
W2793405985,A5072181180,first
W2797335891,A5008406974,first
W2797335891,A5062646692,last
W2797577657,A5054013683,first
W2797577657,A5087596327,last
W2799842474,A5029240602,first
W2799842474,A5090728745,middle
W2799842474,A5005401257,last
W2800753245,A5055468639,first
W2801504091,A5056123517,first
W2801504091,A5004650353,middle
W2801504091,A5079590099,middle
W2801504091,A5023859439,last
W2801896431,A5041924377,first
W2806527569,A5080442126,first
W2807735665,A5051533204,first
W2807735665,A5070858823,last
W2809380503,A5021832071,first
W2809380503,A5002367171,last
W2810222521,A5044121708,first
W2839769188,A5087599384,first
W2883014194,A5017983243,first
W2887826002,A5057282370,first
W2888016601,A5001586663,first
W2888876162,A5077155540,first
W2888876162,A5081334927,middle
W2888876162,A5035916046,last
W2889380962,A5004370917,middle
W2890446802,A5077565006,middle
W2895270378,A5056664279,first
W2895270378,A5061944412,middle
W2895270378,A5057163859,middle
W2895270378,A5090142469,last
W2895851130,A5009979787,first
W2897046633,A5040442622,first
W2897666594,A5015068464,first
W2898098432,A5057131034,first
W2898497939,A5048466788,middle
W2898497939,A5081533451,middle
W2898738390,A5051859673,middle
W2900268997,A5019265966,first
W2939019350,A5069154075,first
W2984354420,A5047988825,first
W2984354420,A5028287123,middle
W2984354420,A5013169538,middle
W2984354420,A5022131196,last
W3004465380,A5062375486,middle
W3004820316,A5041191772,middle
W3049228855,A5003674456,first
W3088079168,A5012957949,middle
W3088079168,A5037029993,last
W3119429152,A5042522667,first
W3119429152,A5044191969,last
W3143962837,A5019035804,first
W3143962837,A5009074046,last
W4230466833,A5003762688,first
W4234302141,A5066245188,first
W4234302141,A5034739083,middle
W4234302141,A5041796122,middle
W4234302141,A5046679226,last
W4237407241,A5079555490,first
W4237612085,A5082510785,first
W4248238816,A5016129715,last
W4253191182,A5045754764,first
W4253191182,A5079887001,last
W4255927938,A5038653363,first
W4255927938,A5055012056,middle
W4255927938,A5007973281,last
W4289555302,A5015400817,first
W4289555302,A5057214563,middle
W4289555302,A5031354927,last
W4298364885,A5007571091,first
W4298364885,A5007242502,last
W566701957,A5012830787,first
W596690317,A5051968942,last
W1480880155,A5067599928,first
W1480880155,A5024501121,last
W1913624433,A5055368141,middle
W1913624433,A5085628798,middle
W22315754,A5086373411,first
W2274600189,A5088359990,first
W2274600189,A5089754785,middle
W2274600189,A5050476102,middle
W2274600189,A5035698777,middle
W2274600189,A5046899009,middle
W2274600189,A5007379202,last
W246844335,A5042861245,first
W2494006559,A5076734326,first
W2497219611,A5002385420,middle
W2497219611,A5050865451,middle
W2497219611,A5004960011,middle
W2497219611,A5083458209,middle
W2497219611,A5086336877,middle
W2497219611,A5003446912,middle
W2497219611,A5026515643,middle
W2497219611,A5026157285,middle
W2497219611,A5050062467,middle
W2497219611,A5057469037,middle
W2497219611,A5091141987,last
W2739331704,A5074469154,first
W2739331704,A5052487601,middle
W2739331704,A5044783910,middle
W2739331704,A5078269845,middle
W2739331704,A5039389081,last
W2749478104,A5073488200,first
W2749478104,A5064495710,middle
W2749478104,A5057431380,last
W2751306880,A5059584746,first
W2754542527,A5003831845,last
W2755919815,A5001172087,first
W2758528623,A5034571386,middle
W2758528623,A5063906598,middle
W2758528623,A5030438756,last
W2772355969,A5071094001,first
W2780287068,A5073952438,first
W2780287068,A5058896802,middle
W2782214136,A5047728262,first
W2782214136,A5004609539,middle
W2792735146,A5000766463,first
W2792735146,A5007430819,last
W2792819952,A5089691652,first
W2793140470,A5041101317,first
W2793140470,A5090316903,last
W2793977484,A5043134112,first
W2793977484,A5051220559,middle
W2793977484,A5005158034,middle
W2793977484,A5073740769,middle
W2794478735,A5089396802,first
W2799288525,A5060960665,middle
W2799288525,A5060883307,middle
W2799288525,A5088673875,middle
W2799288525,A5062662924,middle
W2799288525,A5082357282,last
W2799789318,A5011466629,first
W2799789318,A5084640876,last
W2800780036,A5040534841,first
W2800780036,A5089451267,middle
W2802199319,A5020601268,last
W2803622019,A5019355486,first
W2804155702,A5069354293,first
W2804155702,A5090114526,middle
W2804721401,A5059577520,first
W2805144244,A5011889143,first
W2810578659,A5032543777,first
W2810578659,A5089797194,middle
W2810578659,A5079757002,middle
W2810578659,A5018944119,last
W2884062205,A5003488353,first
W2884985123,A5089646965,first
W2885023641,A5021609011,last
W2885486127,A5048026278,first
W2887386157,A5077005608,first
W2887897629,A5028919793,first
W2889195930,A5049834238,first
W2889396243,A5006745763,middle
W2889396243,A5061493516,last
W2889972279,A5039646359,first
W2889972279,A5054743037,last
W2890371819,A5010594548,first
W2891522255,A5018628934,middle
W2891522255,A5056250862,middle
W2891522255,A5082390181,middle
W2891522255,A5006946871,middle
W2894666656,A5050188124,last
W2895736922,A5081948057,first
W2896994706,A5004130903,first
W2897853054,A5085361118,first
W2900324964,A5021211836,first
W2900324964,A5041660039,last
W2900665451,A5033551985,first
W2900665451,A5000736540,last
W2901053866,A5047840462,first
W2905327064,A5041091856,first
W2905327064,A5060723344,last
W2908478591,A5062697559,first
W2908478591,A5008403359,last
W2910684283,A5004072574,first
W2910684283,A5033347199,middle
W2912764670,A5083864231,first
W2914994324,A5051998252,first
W2942865170,A5042621569,first
W2942865170,A5059080695,middle
W2942865170,A5057285672,last
W2948896378,A5068715764,first
W2948896378,A5065544496,last
W2950105622,A5087244907,first
W2950105622,A5073402040,middle
W2950105622,A5077163269,middle
W2950105622,A5003776093,middle
W2950105622,A5074351315,middle
W2950105622,A5057253596,middle
W2950105622,A5022267407,middle
W2950105622,A5029788536,middle
W2950105622,A5004331952,middle
W2950105622,A5047965987,middle
W2950105622,A5022733451,middle
W2950105622,A5059626541,middle
W2950105622,A5082711456,middle
W2950105622,A5055374737,middle
W2950105622,A5080422825,middle
W2950105622,A5071388278,middle
W2950105622,A5091193387,middle
W2950105622,A5037370047,middle
W2950105622,A5008120275,middle
W2950105622,A5039820270,middle
W2950105622,A5010974553,middle
W2950105622,A5020204733,middle
W2950105622,A5036160602,middle
W2950105622,A5044484291,middle
W2950105622,A5013723473,middle
W2950105622,A5043650939,middle
W2950105622,A5056055676,middle
W2950105622,A5027838944,middle
W2950105622,A5049442085,middle
W2950105622,A5027644564,middle
W2950105622,A5017252408,middle
W2950105622,A5086634780,middle
W2950105622,A5034914954,middle
W2950105622,A5049392901,middle
W2950105622,A5034323705,middle
W2950105622,A5044141636,middle
W2950105622,A5017685611,middle
W2950105622,A5060751908,middle
W2950105622,A5011808796,middle
W2950105622,A5025823907,middle
W2950105622,A5016126519,middle
W2950105622,A5082377417,last
W2985137303,A5073588989,first
W2985137303,A5008290114,middle
W2985137303,A5060309231,last
W2987406376,A5018871994,first
W2987406376,A5072509740,last
W3000541958,A5021890370,first
W3000541958,A5008209934,last
W3002409721,A5007453299,middle
W3002409721,A5047991986,last
W3003892346,A5018627421,middle
W3005425737,A5033512118,first
W3005425737,A5072710973,last
W3043995533,A5023556444,middle
W3043995533,A5028238769,middle
W3043995533,A5055245450,last
W3097188489,A5063431322,first
W3104658280,A5049756010,first
W3104658280,A5089476776,last
W3196253748,A5049864778,middle
W3209114782,A5011763643,first
W3209114782,A5090081010,last
W4210975952,A5052940722,first
W4231523733,A5017876411,first
W4231866445,A5032787307,first
W4244355250,A5062944003,last
W4245284057,A5060675384,first
W4245284057,A5069696839,last
W4248921113,A5013766379,first
W4253349640,A5029240602,first
W4253349640,A5090728745,middle
W4253349640,A5005401257,last
W4254870614,A5006862051,first
W4300650007,A5015129861,first
W4301867026,A5043480875,first
W588854059,A5055300903,first
W601766861,A5090257188,first
W601766861,A5087017155,last
W607932943,A5052226311,first
W619011732,A5038050126,first
W634261051,A5074047278,first
W634261051,A5063333307,middle
W634261051,A5067635743,middle
W634261051,A5025782059,last
W634530495,A5017169979,first
W644085275,A5077890878,last
W1208334693,A5018556916,first
W1512314337,A5043185084,first
W1960486839,A5078729656,first
W1960486839,A5047924976,last
W211671548,A5058390268,first
W211671548,A5053019641,middle
W211671548,A5077389686,middle
W211671548,A5085823067,last
W2165289600,A5051796953,first
W232428390,A5090289031,last
W2477229113,A5067142016,first
W2478994808,A5058256601,first
W2505752680,A5086085795,first
W2620626310,A5059698359,first
W2734860730,A5053881527,middle
W2734860730,A5015929028,middle
W2734860730,A5047113585,last
W2735631329,A5080948360,first
W2735631329,A5068068436,middle
W2735631329,A5022569505,last
W2744219408,A5003689610,first
W2744219408,A5005495624,middle
W2745363099,A5044672544,first
W2745363099,A5065664393,last
W2754276167,A5070182401,first
W2754276167,A5066130528,last
W2760426769,A5091286205,first
W2766991080,A5077021792,first
W2766991080,A5067457382,middle
W2766991080,A5053595098,last
W2767534138,A5082828601,last
W2767654620,A5039480864,first
W2767654620,A5042119350,middle
W2767654620,A5084306663,last
W2768299058,A5072206223,first
W2768299058,A5001740984,middle
W2768299058,A5006713963,middle
W2768299058,A5079992660,middle
W2770654065,A5090445830,first
W2770654065,A5024633466,last
W2781159589,A5013096663,first
W2781976166,A5057139859,first
W2783153065,A5031765586,middle
W2787036754,A5067810736,first
W2787036754,A5053268108,middle
W2787036754,A5085498608,middle
W2787036754,A5045665091,last
W2788734921,A5091290326,middle
W2789657995,A5041617107,first
W2789657995,A5011581212,last
W2789682102,A5015066385,first
W2790120064,A5018857572,first
W2790598736,A5055489209,first
W2790598736,A5047652595,middle
W2790598736,A5085924003,last
W2790629738,A5031442575,last
W2791111874,A5007297008,first
W2791111874,A5046412881,middle
W2791111874,A5024616914,last
W2791696674,A5071599724,first
W2791723675,A5070533996,first
W2791723675,A5050745579,last
W2792596580,A5045627721,first
W2792814629,A5072934668,first
W2793181780,A5015162878,first
W2793260526,A5045670674,last
W2793960396,A5063368702,first
W2795092572,A5032698683,first
W2795583324,A5008191922,first
W2795749711,A5077328267,last
W2796027102,A5048375359,first
W2796027102,A5067840437,last
W2801162095,A5060291820,first
W2801474551,A5069068878,first
W2801474551,A5025097632,last
W2801534310,A5048277088,first
W2807358544,A5091288250,first
W2811330025,A5076788896,last
W2884857433,A5023101745,first
W2884870329,A5087189799,first
W2886216898,A5000337740,first
W2886216898,A5022975114,last
W2887468402,A5060176570,first
W2888045883,A5080848262,first
W2888045883,A5070071735,last
W2888742719,A5073230848,first
W2889038061,A5022590563,first
W2889038061,A5037179493,middle
W2889109550,A5059159928,first
W2890132509,A5073846453,first
W2890501979,A5039264502,first
W2890501979,A5066888888,last
W2891170663,A5062275782,first
W2892393568,A5003539831,first
W2894597338,A5019631284,last
W2895834617,A5060921040,first
W2895834617,A5060596453,last
W2896773493,A5030749351,first
W2897056336,A5070745825,first
W2897405602,A5071889433,last
W2897872938,A5081860562,first
W2897872938,A5052240751,middle
W2897872938,A5066521241,middle
W2897872938,A5076239112,last
W2897930988,A5085325081,first
W2897930988,A5006581225,last
W2897932850,A5062117019,first
W2897932850,A5062211930,middle
W2897932850,A5059908545,middle
W2897932850,A5056296476,middle
W2897932850,A5015735678,middle
W2897932850,A5044628233,last
W2899111549,A5081036659,first
W2899111549,A5031762854,middle
W2899111549,A5089042848,last
W2899192009,A5020822497,first
W2901091110,A5073507781,first
W2901550168,A5021591252,first
W2901575149,A5039745529,first
W2903890558,A5075740003,first
W2903890558,A5047033264,last
W2905034761,A5036536237,first
W2905473775,A5070182401,first
W2905473775,A5066130528,last
W2907304721,A5072549161,first
W2911337463,A5042954329,first
W2912543023,A5085030338,first
W2914525556,A5049235570,first
W2917024514,A5060779928,first
W2928698795,A5061561391,first
W2928698795,A5036297916,last
W2943638878,A5090855504,first
W2945404993,A5067767740,first
W2947927997,A5061306312,last
W2954485439,A5079473592,first
W2955014061,A5034953138,first
W2971118163,A5038634610,first
W2971118163,A5065472011,middle
W2971118163,A5001853454,middle
W2971118163,A5081786269,middle
W2971118163,A5077089622,middle
W2971118163,A5034248834,last
W2972235367,A5034996425,first
W2972235367,A5062084038,middle
W2972235367,A5088007324,middle
W2972235367,A5006453896,last
W2982153618,A5085356362,first
W2982153618,A5021085078,middle
W2982153618,A5052729672,last
W2990784678,A5034542641,first
W2990784678,A5062823430,last
W3000446030,A5000636604,first
W3136647119,A5047114159,first
W3136647119,A5048058395,last
W3157588291,A5050363496,first
W3157588291,A5019739552,middle
W3157588291,A5054273103,last
W316095872,A5081173401,middle
W3165541020,A5014847368,first
W3165541020,A5049841184,last
W3176925946,A5055060163,last
W4229948856,A5039486588,first
W4229948856,A5090727234,middle
W4229948856,A5015424372,middle
W4229948856,A5043209677,last
W4230231292,A5052782939,first
W4230231292,A5085856054,middle
W4237262586,A5007155759,last
W4239223408,A5040670023,first
W4239466719,A5083763848,first
W4241455939,A5025017380,first
W4241960520,A5035337020,first
W4245286434,A5029299671,first
W4246807070,A5053440165,first
W4247844310,A5083687551,first
W4252084451,A5047685878,first
W4252358453,A5073005597,first
W4252358453,A5075373200,middle
W4252358453,A5061118449,middle
W4252358453,A5085821552,last
W4256544755,A5008117868,first
W4256544755,A5051083730,last
W4299305737,A5034366344,first
W4299305737,A5046558241,middle
W4299305737,A5014998669,middle
W4299305737,A5084213178,last
W4299993138,A5006979328,first
W4301655307,A5071394525,first
W562330438,A5063105834,first
W650528313,A5013567946,first
W769527554,A5064633247,first
W769527554,A5020836373,middle
W769527554,A5001898958,middle
W769527554,A5018876311,last
W77512341,A5012924253,first
W77512341,A5080497057,last
W1604789821,A5017163861,middle
W2230993748,A5053778380,first
W2499969501,A5087675371,first
W2558487592,A5073956678,first
W2558487592,A5068848432,middle
W2558487592,A5048799922,middle
W2558487592,A5076384144,middle
W2558487592,A5001507976,middle
W2577540505,A5002216594,last
W2610994310,A5047369662,middle
W2610994310,A5048518433,last
W2613654191,A5083691458,first
W2616094827,A5038480602,first
W2737078764,A5012107816,first
W2737078764,A5015005939,last
W2738680856,A5026453313,first
W2738680856,A5006390574,last
W2740629511,A5000883886,first
W2740629511,A5066589199,middle
W2740629511,A5078055724,last
W2744787817,A5001172312,first
W2744787817,A5075720299,last
W2746752613,A5087610918,first
W2750868717,A5019922027,first
W2750868717,A5089263417,middle
W2750868717,A5074122666,last
W2752745005,A5070182534,middle
W2752745005,A5070383646,last
W2755293938,A5025987638,first
W2755293938,A5018474051,middle
W2755293938,A5088791566,last
W2756269477,A5079293684,first
W2760717683,A5089339256,last
W2763144831,A5085555688,first
W2763144831,A5035513892,middle
W2763144831,A5001914426,last
W2765720068,A5036087185,first
W2766350618,A5046631338,first
W2767789152,A5071019230,last
W2770124172,A5019717997,first
W2770124172,A5009127451,middle
W2770124172,A5065664393,last
W2770457525,A5090445830,first
W2770457525,A5089550455,middle
W2770457525,A5026468033,middle
W2770457525,A5071511229,last
W2773525919,A5056798292,first
W2773525919,A5024835047,last
W2773538277,A5029398803,first
W2773538277,A5022258428,last
W2774630443,A5070918132,first
W2777044251,A5062776702,first
W2777044251,A5017573625,last
W2777948887,A5064525703,first
W2779348605,A5060986934,first
W2780060617,A5035314874,first
W2780060617,A5047652595,middle
W2780060617,A5073634264,last
W2780269343,A5000238703,first
W2781099010,A5058159249,first
W2784739107,A5002085926,first
W2784739107,A5015400578,middle
W2784739107,A5089887345,last
W2785465078,A5068053687,first
W2785465078,A5034070847,middle
W2785465078,A5021111659,middle
W2785465078,A5037420527,middle
W2785465078,A5091616977,last
W2790415937,A5011347323,first
W2790415937,A5079293684,middle
W2790415937,A5054214970,last
W2790707386,A5041617107,first
W2790707386,A5072743620,middle
W2790707386,A5045627721,last
W2790762520,A5091142246,first
W2791043346,A5064529820,first
W2791043346,A5013182705,last
W2791316233,A5000163896,last
W2791528160,A5018547819,first
W2791528160,A5090320352,middle
W2791528160,A5012275958,last
W2791796836,A5010845707,first
W2791796836,A5001923312,middle
W2791796836,A5081408353,last
W2791908723,A5064425475,first
W2793673065,A5051924919,first
W2793919044,A5031278336,first
W2794087097,A5080892223,first
W2794087097,A5074148946,middle
W2794087097,A5087909013,middle
W2794087097,A5077109450,last
W2794154696,A5058416870,first
W2794154696,A5069849643,last
W2794239289,A5043080973,last
W2794505171,A5042080383,first
W2795459931,A5076800686,first
W2795879047,A5077879451,first
W2795879047,A5000700306,middle
W2795879047,A5005012613,last
W2797800246,A5010766325,first
W2797800246,A5041191772,middle
W2798923144,A5014280268,first
W2799519694,A5005061793,last
W2799630526,A5001681038,first
W2799630526,A5015524514,last
W2799772899,A5089306519,first
W2800376068,A5016966514,first
W2801026247,A5028467872,first
W2802055212,A5041273484,first
W2802352283,A5029451644,first
W2803492939,A5027648655,last
W2803698099,A5055069190,first
W2803698099,A5065423139,last
W2803901957,A5059734965,last
W2804439268,A5012518928,first
W2804439268,A5002513825,last
W2807782549,A5053898210,first
W2808841575,A5007505981,first
W2808841575,A5021039615,middle
W2808841575,A5059786971,last
W2809219654,A5012027004,first
W2809219654,A5041055145,middle
W2818685984,A5033693858,last
W2841883001,A5034663047,first
W2850828722,A5078138776,first
W2884216492,A5050087146,first
W2885463404,A5008199122,first
W2885463404,A5032467047,last
W2885529102,A5054453995,first
W2885762402,A5065525613,middle
W2885762402,A5026361868,last
W2888359544,A5006238145,first
W2888359544,A5014150958,last
W2889405035,A5030016107,first
W2889405035,A5039211759,middle
W2889405035,A5034939930,last
W2889441883,A5057260089,first
W2889441883,A5019645491,middle
W2889441883,A5005298745,last
W2890013249,A5028919793,middle
W2891065069,A5014843021,first
W2892331365,A5050085003,first
W2892364161,A5032077769,first
W2893902883,A5038668071,first
W2893902883,A5032689906,middle
W2894992451,A5024821632,first
W2894992451,A5049100391,last
W2895016179,A5024763537,first
W2895016179,A5052003560,last
W2895207701,A5034267468,middle
W2895207701,A5056968920,middle
W2895207701,A5006581225,last
W2897683918,A5041427594,first
W2897683918,A5068059152,last
W2897699401,A5065873568,first
W2898013722,A5005108215,last
W2899096485,A5064944667,middle
W2899096485,A5051708329,middle
W2899096485,A5064939637,middle
W2899096485,A5082688078,middle
W2899096485,A5081825061,middle
W2899096485,A5062263256,middle
W2899096485,A5006950092,last
W2899247797,A5075371863,middle
W2900100881,A5017430628,first
W2901884619,A5028171384,first
W2907239922,A5046307961,middle
W2907239922,A5068851817,last
W2908120081,A5072641170,first
W2908120081,A5043380578,middle
W2908120081,A5076595826,middle
W2908120081,A5077137296,middle
W2908120081,A5024717956,middle
W2908120081,A5022659812,last
W2908289137,A5003044729,first
W2909266503,A5027548609,first
W2909929065,A5006561164,first
W2910110977,A5087718805,first
W2910540732,A5060988200,first
W2910540732,A5027942291,last
W2912800354,A5008214116,middle
W2912800354,A5078472992,last
W2930417753,A5088817813,first
W2930417753,A5008209934,middle
W2930417753,A5023330178,last
W2940401688,A5008810909,first
W2940401688,A5043651693,middle
W2940401688,A5037257043,last
W2954661042,A5041746321,middle
W2966178500,A5000170791,first
W2966178500,A5015858391,middle
W2966178500,A5006796448,middle
W2966178500,A5061036764,middle
W2966178500,A5030480677,last
W2970803287,A5076418777,last
W2970913158,A5020399250,first
W2980092020,A5031600713,first
W2989411518,A5079583921,first
W2989733497,A5037704684,first
W2989733497,A5016387967,middle
W2989733497,A5090816690,middle
W2989733497,A5041145702,middle
W2989733497,A5085355318,last
W3005734044,A5020885720,last
W3007719962,A5069800795,last
W3011019774,A5027729282,first
W3011019774,A5002290761,last
W3011891244,A5008771402,first
W3011891244,A5004135554,last
W3012053204,A5033071660,first
W3012912993,A5012579303,middle
W3012912993,A5009946637,last
W3046331229,A5005059260,first
W3046331229,A5045700177,middle
W3046331229,A5033419153,last
W3161373834,A5005258575,first
W398090858,A5031737874,first
W398090858,A5048111142,last
W4211016476,A5018237224,first
W4229503396,A5039374866,middle
W4229503396,A5003317150,last
W4229963444,A5040082909,first
W4233316048,A5048361904,first
W4233316048,A5065100828,last
W4234617799,A5090781321,first
W4234617799,A5000405639,last
W4234691748,A5046229554,first
W4238542023,A5079106322,first
W4246944263,A5000506517,first
W4246944263,A5034988029,middle
W4246944263,A5003319227,last
W4247476933,A5062460419,first
W4247476933,A5069256488,last
W4247983445,A5014280268,first
W4249133793,A5016405213,first
W4249133793,A5004370275,last
W4249498589,A5012836708,first
W4249756488,A5051715993,middle
W4249756488,A5083245721,middle
W4249756488,A5009156899,middle
W4249756488,A5005707213,last
W4252001384,A5080279749,first
W4254451400,A5069590205,first
W4254451400,A5059227346,middle
W4254451400,A5068664074,middle
W4254451400,A5056217038,middle
W4255045881,A5064047164,first
W4255048749,A5005507069,first
W51913652,A5042010403,first
W560461467,A5063390327,first
W584065354,A5086400846,first
W616952762,A5031804995,first
W616952762,A5031950673,middle
W616952762,A5084645511,last
W618708010,A5079948174,first
W643346352,A5063827581,first
W76129504,A5071941451,first
W76129504,A5062957277,last
W106345039,A5002465187,first
W106345039,A5067903248,last
W1522537505,A5030705383,first
W1522537505,A5067509397,middle
W1523796380,A5075426292,first
W1523796380,A5016263132,last
W1540161133,A5040191968,first
W1593669961,A5024596760,first
W1635546998,A5021620793,first
W1813483587,A5076780054,first
W1813483587,A5046224413,middle
W1813483587,A5070622144,last
W1941901676,A5050167251,first
W1941901676,A5070609086,last
W2132167962,A5011108953,first
W2144631306,A5059490192,middle
W2165209565,A5038053428,middle
W2165209565,A5090916324,middle
W2213982452,A5004840435,first
W2236551791,A5028900472,first
W2236551791,A5015466370,last
W2255970580,A5051362804,first
W2255970580,A5014128981,last
W232809021,A5052031579,first
W2412586022,A5056512425,first
W2460142088,A5049246587,first
W2497722793,A5014941094,first
W2497722793,A5056415233,middle
W2497722793,A5015918714,middle
W2497722793,A5061118449,last
W2499367854,A5019990324,first
W2499367854,A5054231594,middle
W2499367854,A5001386557,middle
W2499367854,A5064472777,last
W2505850456,A5069430528,first
W2505850456,A5043631718,middle
W2505850456,A5054083146,last
W2564596893,A5033071376,first
W2589744646,A5074998159,first
W2589744646,A5032779747,last
W2607618344,A5052534652,first
W2607618344,A5012865337,last
W2615076165,A5082757811,first
W2615076165,A5014454962,middle
W2615076165,A5031192315,last
W2616897914,A5065912071,first
W2616897914,A5050729402,last
W2622618182,A5088469315,first
W2622618182,A5089812166,last
W2625952085,A5000655556,first
W2625952085,A5062857386,last
W2688692503,A5059508944,first
W2696605565,A5049001989,first
W2727688599,A5060878039,middle
W2727688599,A5066187139,middle
W2730437450,A5013748687,middle
W2730437450,A5068375854,middle
W2737417475,A5012581597,first
W2737417475,A5012869619,middle
W2737417475,A5000206320,middle
W2737417475,A5027849780,middle
W2737417475,A5030448202,last
W2741445464,A5026613100,first
W2741445464,A5022974795,middle
W2741445464,A5022662181,middle
W2741445464,A5023298229,middle
W2742957429,A5070891194,first
W2743668557,A5071524185,first
W2745101173,A5005236954,first
W2751470898,A5005837856,first
W2751470898,A5068977486,middle
W2751470898,A5006992777,middle
W2751470898,A5038199341,middle
W2751470898,A5074955676,last
W2752215935,A5080194185,first
W2752215935,A5071376063,last
W2754303041,A5076838978,last
W2754610520,A5001079181,first
W2758046939,A5076419208,first
W2758046939,A5067017529,middle
W2758046939,A5084154943,last
W2763841509,A5050289999,first
W2763841509,A5077895096,middle
W2763841509,A5023537016,last
W2766035339,A5082955124,first
W2766035339,A5091541952,middle
W2766035339,A5054848365,last
W2767343966,A5026048440,first
W2768820034,A5044672764,first
W2770170494,A5072057899,first
W2770170494,A5009078028,middle
W2770170494,A5031462168,last
W2770719629,A5082254718,first
W2770719629,A5063241360,middle
W2770719629,A5028770720,last
W2772844003,A5045879054,first
W2772844003,A5060561123,middle
W2772844003,A5081072903,last
W2772868728,A5020245252,first
W2772868728,A5010415325,last
W2773395755,A5062575571,last
W2774061959,A5020254377,first
W2774061959,A5058359305,middle
W2774061959,A5061744779,middle
W2774061959,A5052330334,last
W2774488060,A5074298006,first
W2774488060,A5008482038,last
W2777287832,A5039902854,first
W2777767508,A5080836487,first
W2778639274,A5008763383,first
W2778639274,A5059603729,middle
W2778639274,A5075830877,middle
W2778639274,A5086102702,last
W2778693011,A5085491407,first
W2780470903,A5033084721,first
W2780470903,A5040575826,middle
W2780470903,A5010974487,middle
W2780470903,A5034112897,last
W2780887553,A5052208842,middle
W2781231121,A5062726336,first
W2781847877,A5038083093,last
W2783978417,A5018606903,first
W2785418420,A5009311799,first
W2787774753,A5073721588,first
W2788478065,A5044745972,first
W2788478065,A5052334999,middle
W2788478065,A5027243034,last
W2789241411,A5055190103,first
W2789241411,A5081274548,middle
W2789241411,A5087011942,middle
W2789241411,A5013031365,last
W2789395321,A5071605907,first
W2789452866,A5077865215,first
W2789564889,A5000111276,first
W2789564889,A5080622873,middle
W2789564889,A5055430742,middle
W2789564889,A5086732692,last
W2789671598,A5062603804,first
W2790004790,A5005183383,first
W2790004790,A5083208040,last
W2790694701,A5049701126,first
W2790694701,A5055414768,last
W2790751345,A5069275810,last
W2790904640,A5059241117,first
W2790933266,A5051639778,first
W2790933266,A5025307084,last
W2791077586,A5075878748,first
W2791077586,A5003799782,last
W2791200943,A5047113234,first
W2791200943,A5063846550,last
W2791451511,A5008863188,last
W2791592062,A5083988526,first
W2791716581,A5090973753,first
W2791748592,A5033032183,first
W2791748592,A5031593708,last
W2791822338,A5058051179,first
W2791822338,A5082419153,last
W2791885340,A5054364264,first
W2792228175,A5058624569,last
W2792361174,A5076302616,first
W2792361174,A5078926753,middle
W2792361174,A5015139881,middle
W2792361174,A5080692067,last
W2792649161,A5086723654,first
W2792649161,A5076628907,middle
W2792649161,A5012275958,middle
W2792649161,A5090320352,last
W2792650984,A5014094125,last
W2792869293,A5082773596,middle
W2792921728,A5012536517,first
W2793481759,A5034207902,first
W2793618135,A5001301383,last
W2793660241,A5014873401,first
W2793660241,A5030571810,last
W2793770756,A5021872235,first
W2794382750,A5075471642,first
W2794382750,A5006886753,last
W2795870193,A5080349849,first
W2796143838,A5041908906,first
W2796175238,A5064715052,first
W2796255551,A5082028602,first
W2796300807,A5046787083,first
W2796451969,A5086739926,first
W2800705907,A5086124602,first
W2801440975,A5066168365,first
W2801440975,A5056602415,middle
W2801440975,A5006440045,last
W2801739506,A5056303279,first
W2801739881,A5004151614,middle
W2801774317,A5025686476,first
W2801790101,A5063203268,first
W2802924332,A5083718069,first
W2803211473,A5064346361,middle
W2803211473,A5087856032,last
W2803283142,A5035316804,first
W2803928314,A5032698683,last
W2806628354,A5073039630,first
W2806628354,A5079308383,middle
W2806628354,A5068606430,middle
W2806628354,A5048886526,middle
W2806628354,A5083436721,last
W2807714571,A5014463806,first
W2807714571,A5066932450,last
W2808150417,A5019321436,middle
W2808448522,A5020083072,first
W2809174622,A5010441998,first
W2809174622,A5050547417,last
W2809204361,A5055265640,first
W2809445166,A5001981242,first
W2810165093,A5084361258,last
W2811355591,A5073698588,first
W2883347180,A5091438547,middle
W2883423081,A5063541445,first
W2883507562,A5013615238,last
W2883522479,A5085423076,first
W2883522479,A5016923663,middle
W288382923,A5002085159,first
W2884390738,A5046828484,first
W2884605670,A5071729841,first
W2884605670,A5008691007,middle
W2884605670,A5000975435,middle
W2884605670,A5068271733,last
W2885034243,A5084233428,middle
W2885034243,A5032708586,middle
W2885034243,A5035801377,middle
W2885034243,A5004092347,middle
W2885034243,A5030509986,middle
W2885034243,A5005650307,middle
W2885034243,A5082817413,last
W2885404359,A5041746321,middle
W2886122248,A5012703845,first
W2886288975,A5045707834,last
W2887548691,A5028674162,first
W2887548691,A5023788914,last
W2887634117,A5070697660,first
W2887634117,A5080744092,last
W2888090941,A5068110218,first
W2888090941,A5037175476,last
W2888126105,A5063100809,first
W2888172174,A5030159286,first
W2888197188,A5060136462,first
W2888197188,A5033673904,middle
W2888197188,A5045018699,middle
W2888402614,A5012667640,middle
W2888641942,A5069240871,first
W2888703885,A5045032489,middle
W2888703885,A5039819154,last
W2888869297,A5084047748,last
W2889239463,A5011859309,first
W2889239463,A5041470575,middle
W2889239463,A5018292481,last
W2889580012,A5087790566,first
W2889622557,A5024763537,first
W2889777759,A5046303841,middle
W2889777759,A5028209738,middle
W2889777759,A5054241527,last
W2889882769,A5040564397,first
W2889882769,A5083814185,last
W2889942868,A5052745577,first
W2890087603,A5001198161,first
W2890151496,A5029807024,first
W2890151496,A5041147074,last
W2890193423,A5043823616,first
W2890307952,A5010033316,first
W2890307952,A5016920715,last
W2890697659,A5036326453,first
W2891050451,A5069963289,first
W2891572140,A5064658255,first
W2891808375,A5032439452,first
W2891993883,A5042620889,first
W2892534727,A5033240437,first
W2892569185,A5046062994,first
W2893351499,A5030404959,first
W2894493399,A5086220702,first
W2894552767,A5046588386,first
W2894559879,A5088006732,first
W2894559879,A5017233630,middle
W2894559879,A5005096130,middle
W2894559879,A5062704227,last
W2895016520,A5088096263,first
W2895016520,A5084180560,middle
W2895016520,A5056327046,middle
W2895016520,A5040700878,last
W2895187097,A5032202052,first
W2895395514,A5077398892,first
W2895395514,A5019664392,middle
W2895395514,A5001788144,last
W2895518365,A5027548609,first
W2895572558,A5076344816,middle
W2895572558,A5059204546,middle
W2895572558,A5090316903,last
W2895665523,A5013391395,first
W2895669535,A5064181963,first
W2895669535,A5081751699,middle
W2895669535,A5007994353,last
W2895685660,A5062424191,first
W2895685660,A5024490909,middle
W2895685660,A5071483672,middle
W2895685660,A5022537740,middle
W2895685660,A5009310543,last
W2896481001,A5037162383,first
W2896859058,A5007493975,first
W2896859058,A5013922919,middle
W2896859058,A5071959897,last
W2896972990,A5088267964,first
W2897105980,A5058662464,first
W2897239863,A5067780630,first
W2897466405,A5068147122,first
W2897666954,A5077083529,first
W2897666954,A5045361090,middle
W2897666954,A5032935410,middle
W2897666954,A5045982340,last
W2898057441,A5047674143,first
W2898152282,A5037910592,last
W2898153412,A5030749351,first
W2898569753,A5050451604,last
W2898643625,A5050399847,first
W2898643625,A5003896730,middle
W2898643625,A5053205646,middle
W2898643625,A5041526805,middle
W2899018772,A5043174840,middle
W2899018772,A5010975997,middle
W2900060686,A5016111265,first
W2900060686,A5086682030,last
W2900453604,A5014140235,middle
W2900902541,A5036337528,first
W2900911919,A5044434024,first
W2900927266,A5047191996,first
W2900927266,A5068239690,middle
W2900927266,A5070226189,last
W2901205902,A5044107637,last
W2901356144,A5008442944,first
W2902886731,A5016380055,middle
W2902886731,A5047208473,middle
W2902886731,A5033849275,last
W2903055217,A5020493508,first
W2903456669,A5085074585,first
W2903519534,A5081510302,first
W2903569669,A5085672038,middle
W2903920737,A5077087464,first
W2904188368,A5089646965,first
W2904272130,A5084545998,last
W2904467173,A5057100747,first
W2904549650,A5019148232,first
W2904707349,A5087963345,first
W2906048916,A5029583587,first
W2906048916,A5055123256,last
W2906861296,A5078968093,first
W2906861296,A5076247828,middle
W2907203658,A5090193930,first
W2910101112,A5001971648,last
W2911052307,A5066044089,first
W2916381769,A5062872740,first
W2917204234,A5083307224,first
W2917641715,A5044961218,first
W2917641715,A5010300565,last
W2923637721,A5034469128,first
W2924507669,A5061061546,first
W2924507669,A5022752708,middle
W2924507669,A5014225361,last
W2943781901,A5024740669,last
W2946013408,A5015386665,first
W2946013408,A5066447873,middle
W2946013408,A5069825472,middle
W2946013408,A5012853792,last
W2947052993,A5043340317,first
W2947052993,A5066265052,last
W2947159404,A5017729368,first
W2950807255,A5015676987,middle
W2952266427,A5049533477,first
W2952428901,A5053609121,first
W2952428901,A5042166396,middle
W2952428901,A5028524442,middle
W2964238286,A5079870236,first
W2964238286,A5014066476,middle
W2964238286,A5036901295,last
W2970014450,A5013497553,first
W2970014450,A5042842713,middle
W2970014450,A5017282481,last
W2970338919,A5029036361,middle
W2970871969,A5064743621,first
W2978360897,A5072242525,first
W2978360897,A5060070553,last
W2995303529,A5062331827,first
W2995303529,A5037112414,last
W2995354676,A5008359376,first
W2995354676,A5058759070,last
W2996749562,A5075820550,last
W3001400026,A5040604701,middle
W3001400026,A5015590561,middle
W3005957885,A5042672503,middle
W3010146033,A5047645187,first
W3014827369,A5072275205,first
W3014827369,A5030525029,middle
W3014827369,A5091142246,middle
W3014827369,A5012971515,last
W3026724047,A5080607601,first
W3036314176,A5020259131,first
W3041759287,A5091392919,first
W3041759287,A5016877609,middle
W3041759287,A5027558519,last
W3081974451,A5082557029,first
W3082869974,A5015088023,last
W3087992781,A5035695000,first
W3100124573,A5080442126,first
W3109202007,A5064273772,first
W3109202007,A5041007156,middle
W3109202007,A5012336677,middle
W3109202007,A5059829097,middle
W3109202007,A5010621788,last
W3112955976,A5041248493,first
W3126107058,A5061652769,first
W3159020548,A5063992873,first
W3159020548,A5057892705,last
W3159915338,A5032534279,first
W3159915338,A5062219576,last
W3161952091,A5043968860,first
W3162647096,A5089531231,middle
W3162647096,A5018410445,last
W3175157785,A5027752791,first
W3182246425,A5065100828,first
W3182246425,A5044410518,middle
W3182246425,A5027548364,middle
W3182246425,A5033785345,last
W3208005859,A5089999978,first
W3217135021,A5074417300,first
W4210555801,A5024251161,first
W4210966361,A5091261479,first
W4214574086,A5054413131,first
W4229587630,A5082740280,first
W4229587630,A5057877861,middle
W4229587630,A5044292056,middle
W4229587630,A5083875852,last
W4230019331,A5061756334,first
W4230488587,A5066044089,first
W4231115877,A5041277833,first
W4231115877,A5060332228,middle
W4231115877,A5067214173,last
W4233510815,A5089174118,last
W4234270254,A5035193180,first
W4235889164,A5029156210,first
W4239252428,A5064529311,first
W4239799714,A5055803695,first
W4240758970,A5067264401,first
W4241190803,A5060021216,first
W4242241942,A5011939964,first
W4242813818,A5076166508,first
W4244056743,A5011244209,first
W4247697785,A5057512440,first
W4247697785,A5030710823,middle
W4247697785,A5054051440,last
W4250053483,A5073394318,first
W4252560902,A5005507069,first
W4253247317,A5029344441,first
W4253414475,A5066168365,first
W4253414475,A5003378212,last
W4253702238,A5065086706,first
W4253702238,A5053265699,last
W4253772806,A5023021087,first
W4289146455,A5000478791,first
W4289420922,A5057717765,last
W4289543855,A5058290707,middle
W4289543855,A5046907706,middle
W4289543855,A5077737512,middle
W4289543855,A5011066754,middle
W4289543855,A5088455497,middle
W4289543855,A5029092355,middle
W4289543855,A5027761977,last
W4289553992,A5021734434,first
W4289553992,A5029817092,last
W4294723207,A5085622532,first
W4302065232,A5015554622,first
W4365788919,A5083307224,first
W635851628,A5036139525,first
W646085770,A5086650097,first
W651451346,A5052734194,first
W651451346,A5036380871,last
W651845909,A5079948174,first
W95030477,A5047535596,first
W104907371,A5064876632,first
W104907371,A5041387396,middle
W104907371,A5027045502,middle
W104907371,A5035645484,middle
W104907371,A5062057702,middle
W104907371,A5087506309,middle
W104907371,A5034668928,middle
W104907371,A5051474976,middle
W104907371,A5066899551,middle
W104907371,A5029757626,middle
W104907371,A5060367013,middle
W104907371,A5020207982,middle
W104907371,A5075562557,middle
W104907371,A5019994210,middle
W104907371,A5011113578,middle
W104907371,A5045010829,middle
W104907371,A5066345725,middle
W104907371,A5082586707,middle
W104907371,A5081356898,middle
W104907371,A5005325818,middle
W104907371,A5005516592,middle
W104907371,A5038398326,middle
W104907371,A5054337500,middle
W104907371,A5053449559,middle
W104907371,A5070169969,middle
W104907371,A5076261469,middle
W104907371,A5015577064,middle
W104907371,A5087505541,middle
W104907371,A5020957918,middle
W104907371,A5087735078,middle
W104907371,A5001141284,middle
W104907371,A5014225579,middle
W104907371,A5003106445,middle
W104907371,A5072966374,last
W142580591,A5046459179,first
W145227375,A5000452220,first
W145227375,A5060072987,middle
W145227375,A5054819263,middle
W145227375,A5017108129,middle
W145227375,A5052831617,middle
W145227375,A5065280368,middle
W145227375,A5025969569,middle
W145227375,A5080325587,middle
W145227375,A5013328806,middle
W145227375,A5019438521,last
W1492061580,A5022048163,middle
W1492061580,A5048575057,middle
W1492061580,A5080484251,last
W1538611941,A5083111529,first
W1549591085,A5034881777,first
W1586105819,A5043383306,first
W1602268222,A5081561985,first
W1612392380,A5077023305,first
W196721094,A5091171451,first
W2014802453,A5077709991,first
W2153872522,A5078123101,first
W2164252638,A5043433515,first
W2208772846,A5076734377,first
W2241403022,A5014088772,first
W2255126668,A5056246453,first
W2255126668,A5024361328,middle
W2255126668,A5049319155,middle
W2255126668,A5025337981,middle
W2255126668,A5072082268,middle
W2255126668,A5046752980,last
W2300134728,A5030688299,first
W2300134728,A5054511485,last
W2314098432,A5071285788,first
W2461777175,A5050061039,first
W2479477286,A5078910343,first
W2479477286,A5057534575,last
W2484809222,A5080689412,first
W2484809222,A5064025444,last
W2494613133,A5064867241,first
W2495442162,A5053328508,first
W2495442162,A5055416007,last
W2507058536,A5087542455,first
W2507058536,A5008746204,middle
W2507058536,A5085432173,middle
W2507058536,A5084629490,middle
W2507058536,A5075416779,last
W2563366889,A5048486979,first
W2566445996,A5000878731,last
W2606286849,A5053860294,first
W2609734986,A5025073736,first
W2611665591,A5006746248,first
W2617279959,A5090400959,first
W2620282799,A5091445163,first
W2734396628,A5011813952,first
W2735750337,A5078917036,last
W2735957252,A5088486867,first
W2735975622,A5022212660,first
W2736381107,A5025435172,first
W2737259875,A5059140237,first
W2740166739,A5042992199,first
W2740166739,A5014324882,middle
W2740166739,A5074832005,middle
W2743336922,A5011045028,first
W2743336922,A5011813952,last
W2746961746,A5005023779,first
W2748482669,A5055283040,first
W2748482669,A5023465449,middle
W2748710212,A5063428503,first
W2748710212,A5023134890,middle
W2748710212,A5040738604,last
W2753452619,A5069147685,first
W2754972728,A5042278159,first
W2756549333,A5038199341,first
W2756549333,A5005837856,middle
W2756549333,A5074955676,middle
W2756549333,A5041685067,middle
W2756549333,A5019081739,middle
W2756549333,A5037075751,middle
W2756549333,A5068977486,middle
W2756549333,A5006992777,last
W2758189588,A5053505976,first
W2758189588,A5008201587,last
W2760033059,A5043630948,first
W2760033059,A5024828202,middle
W2760033059,A5010246605,middle
W2760033059,A5024494462,last
W2760895203,A5059655101,first
W2761207554,A5014725717,first
W2762127006,A5076352077,first
W2762127006,A5033499806,middle
W2762127006,A5076488485,middle
W2762127006,A5038919661,last
W2762770917,A5083680421,first
W2762892934,A5046454054,first
W2766189362,A5089589896,first
W2766189362,A5089302640,last
W2767793596,A5054348145,first
W2767793596,A5025058941,middle
W2768204734,A5071082834,first
W2768204734,A5034443098,middle
W2768204734,A5062564633,last
W2768258883,A5003669802,first
W2768572627,A5079465943,first
W2768684722,A5086132081,first
W2768684722,A5090320352,middle
W2768684722,A5012275958,last
W2769297686,A5079881929,first
W2769297686,A5047339175,middle
W2769297686,A5011508990,last
W2771611162,A5040035817,first
W2771611162,A5058887761,middle
W2771611162,A5013408670,last
W2771675406,A5083358892,first
W2771675406,A5016029586,middle
W2771675406,A5011118787,middle
W2771675406,A5057878386,last
W2773150992,A5003871253,first
W2775919388,A5036473782,first
W2776176772,A5036848702,first
W2776176772,A5053093268,last
W2776681159,A5070285520,first
W2777610394,A5061934496,first
W2777610394,A5026962283,last
W2778316586,A5028990544,middle
W2778316586,A5013412298,last
W2778556006,A5080038924,last
W2779269324,A5023910909,first
W2779269324,A5046289188,last
W2781839673,A5079215617,first
W2781839673,A5074503092,middle
W2781844517,A5050131784,first
W2781952656,A5022990733,last
W2782054800,A5029588495,first
W2782184092,A5072810735,middle
W2782856720,A5007222325,first
W2782856720,A5046695536,middle
W2782856720,A5074167224,middle
W2782856720,A5065229483,middle
W2782856720,A5088035307,last
W2783257812,A5012275958,first
W2783257812,A5090320352,middle
W2783257812,A5005837856,last
W2783400907,A5080604534,middle
W2783400907,A5048251473,middle
W2785745450,A5010157704,first
W2785745450,A5008627422,last
W2787924122,A5058864144,first
W2788623102,A5078133370,middle
W2788727012,A5048453813,first
W2788727012,A5057625730,middle
W2788727012,A5036233252,middle
W2788727012,A5017817794,last
W2788755967,A5071108661,first
W2789002745,A5051481815,first
W2789408944,A5009699658,first
W2789408944,A5006840555,middle
W2789424691,A5027874759,first
W2789424691,A5021992506,last
W2790366894,A5024492164,first
W2790386236,A5083405389,first
W2790386236,A5016915945,middle
W2790386236,A5004691007,middle
W2790386236,A5015431521,last
W2790430846,A5075794405,first
W2790639052,A5017351111,first
W2790643155,A5088948725,middle
W2791354366,A5047046643,first
W2791365847,A5020750585,first
W2791588650,A5017912812,first
W2791601718,A5091572278,first
W2791865769,A5020620251,first
W2791865769,A5090104266,last
W2791919177,A5022054335,first
W2792576131,A5082313167,first
W2792576131,A5075402619,last
W2792727857,A5045303041,first
W2792917396,A5025842302,first
W2792917396,A5041925521,last
W2792948722,A5005315004,first
W2792948722,A5003312902,last
W2793909660,A5048537903,first
W2793992973,A5004087086,last
W2794223819,A5027542699,first
W2794223819,A5043554743,last
W2794247413,A5031937756,first
W2794302138,A5024036401,middle
W2795529872,A5029535063,first
W2795529872,A5044636781,middle
W2795529872,A5069949633,last
W2795773753,A5074326342,first
W2796333726,A5065682763,last
W2796564471,A5003446196,first
W2796576409,A5025241006,first
W2796576409,A5010344275,middle
W2796576409,A5000961497,middle
W2796576409,A5045655705,middle
W2797638797,A5035454824,first
W2797841071,A5021778229,middle
W2797841071,A5016930945,middle
W2797841071,A5082596185,middle
W2797841071,A5000973754,last
W2799275523,A5067961945,first
W2799275523,A5043113255,middle
W2799275523,A5030659500,middle
W2799275523,A5023634064,last
W2799806247,A5032772439,first
W2799844494,A5022212660,first
W2800770649,A5065058581,first
W2800849958,A5077340927,first
W2801170720,A5015223894,last
W2801189954,A5034847201,first
W2801189954,A5019947674,middle
W2801189954,A5057662113,last
W2802047250,A5069949281,first
W2802277929,A5073782037,first
W2802277929,A5072329833,last
W2802783875,A5012498525,first
W2802794336,A5047487369,middle
W2802896123,A5056500675,first
W2802896123,A5065542478,last
W2803224782,A5035778877,first
W2803224782,A5056276034,last
W2803292331,A5055190103,first
W2803292331,A5087011942,middle
W2803410817,A5060243152,first
W2803848006,A5003970817,first
W2803848006,A5086297533,last
W2804106352,A5049106602,first
W2804106352,A5047046643,middle
W2804106352,A5043651693,middle
W2804106352,A5058725243,middle
W2804106352,A5037257043,last
W2804183611,A5023307347,first
W2804470713,A5057291202,first
W2804470713,A5023423378,last
W2804815143,A5002179026,first
W2804991745,A5037257043,first
W2804991745,A5058725243,last
W2805754729,A5001193136,first
W2805754729,A5081225515,last
W2805821593,A5044271294,first
W2807178071,A5009359917,first
W2807178071,A5077271345,middle
W2807178071,A5073001343,middle
W2807997249,A5032993700,first
W2807997249,A5036607482,middle
W2807997249,A5045189499,middle
W2807997249,A5056371786,last
W2808465184,A5011303864,first
W2808502472,A5027713032,first
W2808761447,A5031103460,first
W2808895072,A5060881195,first
W2808914599,A5065569192,first
W2808914599,A5067104092,last
W2808916036,A5029344441,first
W2809135279,A5048598782,first
W2809226300,A5054882631,first
W2809243714,A5051124210,last
W2809482689,A5088264215,first
W2809498097,A5063346157,first
W2809498097,A5001210175,last
W2809545798,A5034563317,first
W2809545798,A5026601861,middle
W2809545798,A5072948963,middle
W2809545798,A5019124286,middle
W2809557495,A5085008668,first
W2809557495,A5051522114,last
W2809558944,A5031883190,first
W2809572023,A5065588377,first
W2809629634,A5001500450,first
W2809663327,A5078633097,first
W2809663327,A5013009407,last
W2809801298,A5080454457,first
W2810888438,A5027930488,first
W2810888438,A5054285669,middle
W2810888438,A5009555575,last
W2868988716,A5036772175,first
W2868988716,A5004165504,last
W2869545153,A5029906218,first
W2879720491,A5063685809,first
W2883120588,A5015167951,first
W2883344129,A5031902350,first
W2884732314,A5087692829,middle
W2885139770,A5013036463,last
W2885233573,A5008646120,first
W2887379257,A5008992519,first
W2887379257,A5008992519,last
W2887548057,A5001893144,first
W2888148207,A5065554904,first
W2888168091,A5065554904,first
W2888316139,A5045609071,first
W2888374207,A5058920297,first
W2888463658,A5090939243,first
W2888487374,A5021219896,first
W2888749704,A5066834236,first
W2888749704,A5011801033,middle
W2888749704,A5089418748,last
W2888907688,A5066285335,first
W2888911142,A5033202985,middle
W2888911142,A5033512523,middle
W2888932391,A5029486852,first
W2888932391,A5085624007,last
W2888934247,A5005605270,first
W2888934247,A5038228433,last
W2888951500,A5007483551,first
W2888951500,A5009339596,middle
W2888951500,A5064335604,middle
W2888951500,A5020839119,last
W2888993145,A5070891194,first
W2889032444,A5059386185,first
W2889045658,A5016195511,last
W2889119306,A5004048459,first
W2889119306,A5055771849,last
W2889599075,A5051746616,first
W2889640824,A5013823763,first
W2889672932,A5071349676,first
W2889672932,A5072206499,last
W2889775514,A5090763434,first
W2890041087,A5061680998,first
W2890413276,A5022582888,last
W2890741686,A5067698928,first
W2890743052,A5003035425,first
W2890806965,A5022115864,first
W2890806965,A5036303407,last
W2891145395,A5043823616,first
W2891145395,A5029696881,last
W2891159285,A5015162878,first
W2891280071,A5067915957,middle
W2891280071,A5001270198,middle
W2891335898,A5054550312,first
W2891335898,A5081440698,last
W2891475007,A5059327561,first
W2891527648,A5074384016,first
W2891527648,A5085944678,middle
W2891527648,A5016285305,middle
W2891837821,A5043823616,first
W2891837821,A5029696881,last
W2891909584,A5086161225,first
W2892008898,A5074478582,middle
W2892061856,A5054847421,first
W2892061856,A5054073324,middle
W2892061856,A5052266601,middle
W2892061856,A5030596302,middle
W2892061856,A5020979732,last
W2892072248,A5068341934,first
W2892119422,A5072269257,first
W2892573311,A5013387777,first
W2892883174,A5049631570,first
W2892883174,A5054799641,last
W2893234515,A5022137187,first
W2893234515,A5054051440,last
W2893323633,A5039718400,first
W2893346372,A5054341757,first
W2893903497,A5069543375,middle
W2893903497,A5045098894,last
W2894392316,A5057371611,middle
W2894745057,A5048396287,first
W2894834067,A5060376966,first
W2894953906,A5054096071,first
W2894953906,A5028745514,last
W2895171935,A5008534798,first
W2895236088,A5070223223,first
W2895236088,A5086991086,last
W2895481014,A5002374531,first
W2895578964,A5020929756,first
W2895636127,A5065195268,first
W2895840457,A5041009429,first
W2895872336,A5026596644,first
W2895990181,A5081341022,first
W2895990181,A5028687545,last
W2896232788,A5044733478,first
W2896232788,A5031752065,middle
W2896232788,A5084142782,last
W2896247147,A5066141913,middle
W2896247147,A5060816627,middle
W2896247147,A5070023796,middle
W2896247147,A5090643027,last
W2896703473,A5043887593,first
W2896703473,A5009847987,last
W2896710032,A5070901859,first
W2896848771,A5016968166,first
W2897284666,A5043585652,first
W2897315989,A5061910461,first
W2897315989,A5011350393,middle
W2897315989,A5012150553,last
W2897353281,A5064474527,first
W2897486000,A5005735641,first
W2897669549,A5057296347,first
W2898071722,A5037643513,first
W2898248621,A5008665186,first
W2898286156,A5043313665,last
W2898378489,A5083169717,last
W2898565258,A5050408923,middle
W2898815724,A5074249075,first
W2898815724,A5020967535,middle
W2898815724,A5004589419,middle
W2898815724,A5047740819,middle
W2898815724,A5078965949,last
W2898873438,A5063069231,first
W2899225846,A5087116674,first
W2899304215,A5012275958,first
W2899304215,A5091082682,last
W2899870274,A5021045772,last
W2899917220,A5038148603,first
W2900513507,A5066902956,first
W2900513507,A5025563494,last
W2900698634,A5078317404,last
W2900759144,A5076147636,first
W2900863312,A5065275011,first
W2901113024,A5043775533,first
W2901113024,A5019906371,middle
W2901113024,A5079192313,last
W2901170196,A5046625276,last
W2901190242,A5032822351,first
W2901603486,A5062819015,first
W2901606565,A5090935546,last
W2902235277,A5040335377,middle
W2902258717,A5028726488,middle
W2902297543,A5059260146,first
W2902473721,A5024602195,middle
W2902473721,A5008407215,last
W2902497517,A5081510302,first
W2902632177,A5088011202,middle
W2902632177,A5069964901,last
W2903209513,A5068571624,first
W2903527064,A5011244209,first
W2903924721,A5037088308,first
W2904089940,A5024031480,middle
W2904089940,A5072632015,middle
W2904089940,A5079114730,middle
W2904089940,A5042843799,middle
W2904089940,A5051537941,middle
W2904234906,A5008662310,middle
W2904234906,A5008662310,last
W2904300041,A5039934056,middle
W2904300041,A5056506416,last
W2905006438,A5056803574,first
W2905006438,A5064908841,middle
W2905006438,A5005445685,last
W2905083061,A5072361278,first
W2905083061,A5089476688,middle
W2905083061,A5039202251,last
W2905168238,A5048884184,first
W2905389082,A5046907784,first
W2905477978,A5006982483,first
W2905495345,A5069474743,middle
W2905495345,A5034376042,middle
W2905495345,A5042070464,last
W2905504056,A5054245918,first
W2905504056,A5024078415,middle
W2905504056,A5083458247,last
W2906605091,A5007587082,first
W2906605091,A5000460595,middle
W2906605091,A5028574146,last
W2908356423,A5088167386,first
W2908814798,A5056281498,first
W2909477622,A5079730455,first
W2910381341,A5087220015,first
W2910385045,A5021734434,first
W2910385045,A5027926451,last
W2910552558,A5028422125,first
W2910552558,A5090043416,middle
W2910552558,A5080630773,last
W2910946604,A5058095630,first
W2910946604,A5062115805,last
W2911369990,A5044925835,first
W2911369990,A5001740078,middle
W2911369990,A5054568856,middle
W2911369990,A5069202152,last
W2911639488,A5012432864,first
W2912213254,A5086863678,first
W2912674959,A5008243219,first
W2913345483,A5009299736,first
W2913377773,A5081334179,first
W2914965496,A5068252109,last
W2915656765,A5086146493,middle
W2915936308,A5015041746,first
W2916124374,A5054848365,first
W2916124374,A5014807074,last
W2916697651,A5043359548,last
W2917607950,A5076362929,first
W2919487127,A5013760848,first
W2920988999,A5002555209,first
W2920988999,A5065053049,middle
W2920997070,A5037614461,first
W2921827901,A5087344658,first
W2921827901,A5012941995,middle
W2921827901,A5043862324,last
W2922339387,A5031933061,first
W2935908114,A5048363152,first
W2935908114,A5013230909,last
W2944135036,A5000856508,first
W2944135036,A5004297417,middle
W2944135036,A5081145311,middle
W2944135036,A5051539004,middle
W2944135036,A5061593701,last
W2944316008,A5057305454,first
W2944316008,A5090503795,middle
W2944316008,A5007375044,middle
W2944316008,A5032749574,middle
W2944316008,A5076869167,middle
W2945365400,A5028460646,last
W2948052957,A5018855931,first
W2951933113,A5032903292,first
W2951933113,A5063808461,middle
W2951933113,A5057562290,middle
W2951933113,A5052606001,last
W2952169981,A5039051309,first
W2952169981,A5080273782,middle
W2952169981,A5050372377,last
W2952240810,A5037722182,first
W2952240810,A5050608631,middle
W2952630638,A5050384013,first
W2952975513,A5027166029,first
W2952975513,A5065095363,middle
W2952975513,A5004951814,last
W2953222679,A5038912795,first
W2953222679,A5056621893,middle
W2953222679,A5080624394,last
W2954666683,A5090782160,first
W2954666683,A5031705322,last
W2955256148,A5007128197,first
W2959218321,A5009492831,first
W2963366592,A5021663399,middle
W2964529973,A5006172884,last
W2966970649,A5016777444,first
W2966970649,A5032708586,middle
W2966970649,A5062199764,middle
W2966970649,A5022862728,middle
W2966970649,A5031688872,middle
W2966970649,A5009288293,middle
W2966970649,A5072363242,middle
W2966970649,A5076898216,last
W2970213015,A5072724096,last
W2970755283,A5020049376,first
W2974168418,A5003756290,first
W2974769810,A5061779025,first
W2975751692,A5071518229,first
W2975751692,A5057024015,middle
W2975751692,A5009276619,middle
W2975751692,A5027520495,middle
W2981948510,A5002354348,middle
W2982805653,A5085304587,first
W2982805653,A5085573463,last
W2983623962,A5084666745,first
W2983623962,A5017791049,middle
W2983623962,A5036317856,middle
W2985160006,A5072077396,first
W2985223217,A5077419666,middle
W2985223217,A5020426896,middle
W2985223217,A5075820550,last
W2989857058,A5068529809,first
W2990003751,A5001888939,first
W2990924072,A5059327561,first
W2998150433,A5000909172,first
W2998150433,A5003056361,last
W2998556336,A5000909172,first
W2998556336,A5003056361,last
W2999497677,A5007505113,first
W2999497677,A5009095158,last
W2999635945,A5084829091,first
W2999635945,A5074877221,middle
W2999635945,A5043637608,last
W3000251537,A5003578069,last
W3000390498,A5074047278,first
W3000390498,A5037743017,middle
W3000390498,A5067635743,middle
W3000390498,A5087008140,last
W3003679951,A5041799942,first
W3003728365,A5051466324,middle
W3005379087,A5052743179,first
W3005379087,A5017210698,last
W3011167952,A5087390098,first
W3013677661,A5029052652,first
W3013677661,A5048214856,last
W3014013412,A5056428848,first
W3014013412,A5084386755,middle
W3014013412,A5069573465,last
W3021616185,A5052886544,first
W3026136286,A5086311456,last
W3027192666,A5056479939,first
W3027192666,A5024831674,middle
W3027192666,A5080544237,middle
W3027192666,A5014008069,middle
W3027192666,A5032376498,middle
W3027192666,A5012221966,middle
W3027192666,A5011950025,last
W3027965428,A5055489209,first
W3027965428,A5048292729,middle
W3027965428,A5047652595,last
W3027994426,A5067014911,middle
W3027994426,A5022215826,last
W3028470800,A5040978295,first
W3028684888,A5011845543,first
W3032616180,A5087857759,first
W3035798318,A5051174276,first
W3035798318,A5024010407,middle
W3035798318,A5048439332,middle
W3035798318,A5032361483,last
W3036410859,A5050112798,last
W3040445104,A5010099253,last
W3060748354,A5049555582,first
W3080406805,A5038419922,first
W3080406805,A5029548157,last
W3080962687,A5010975997,first
W3084366889,A5077897039,first
W3092122712,A5052682036,first
W3097382450,A5052484574,first
W3098656187,A5077630267,first
W3098656187,A5055587668,middle
W3098656187,A5071529846,middle
W3098656187,A5057284370,middle
W3098656187,A5029260213,middle
W3098656187,A5023493127,middle
W3098656187,A5068848432,middle
W3098656187,A5042053820,middle
W3098656187,A5003275797,middle
W3098656187,A5027065196,middle
W3098656187,A5078047670,middle
W3098656187,A5009086349,middle
W3098656187,A5056241875,middle
W3098656187,A5082167522,middle
W3098656187,A5078473649,middle
W3098656187,A5027642699,last
W3101339749,A5018376555,first
W3101814947,A5000389309,first
W3101814947,A5009887598,middle
W3101814947,A5000546219,last
W3106033416,A5008581282,last
W3108472407,A5002242511,first
W3108472407,A5088644080,last
W3110908089,A5016200356,first
W3112171386,A5030629766,first
W3112171386,A5005007948,middle
W3112171386,A5000070779,middle
W3112171386,A5000097884,middle
W3112171386,A5053131458,middle
W3112171386,A5079725820,last
W3114096309,A5013207986,last
W3122908413,A5014329991,first
W3122908413,A5031706667,middle
W3122908413,A5036414920,middle
W3123308483,A5004215141,first
W3125099652,A5070376070,first
W3125648845,A5049375194,first
W3125648845,A5067214242,middle
W3125648845,A5085226753,last
W3128229227,A5066978481,first
W3134912024,A5022683587,first
W3134912024,A5019076179,last
W3137693382,A5016825271,last
W3139001295,A5072181180,first
W3150718737,A5051878521,first
W3151911977,A5081792846,first
W3151911977,A5072133522,last
W3152625897,A5077844387,last
W3158521292,A5079639609,first
W3159598128,A5071074705,first
W3159598128,A5084318285,middle
W3159598128,A5070475244,middle
W3159738615,A5028083158,first
W3159738615,A5069192282,middle
W3159738615,A5081658546,middle
W3159738615,A5000686370,middle
W3159738615,A5087512556,last
W3159983487,A5008537775,middle
W3159983487,A5006281808,middle
W3160648105,A5090429070,first
W3160648105,A5059639181,middle
W3160648105,A5005514726,middle
W3160648105,A5076187962,middle
W3160648105,A5084091340,last
W3161962849,A5034621211,last
W3164557563,A5086770752,first
W3164920149,A5084153650,first
W3165174904,A5004837138,first
W3165174904,A5028297977,middle
W3165174904,A5072614975,middle
W3165174904,A5065014144,last
W3166957122,A5056763353,first
W3166957122,A5015757197,middle
W3170335532,A5032168348,first
W3170335532,A5048403488,middle
W3170335532,A5020372476,middle
W3170335532,A5061603682,last
W3170780307,A5076596015,first
W3170780307,A5015804886,last
W3173310275,A5004006026,first
W3186489357,A5022419670,first
W3186489357,A5044304787,middle
W3186489357,A5057103962,last
W3207826929,A5022738870,first
W3214316853,A5084267183,last
W369246531,A5000650893,last
W4206402824,A5002160160,first
W4229828127,A5036985909,last
W4229994547,A5052226311,first
W4231293584,A5047893446,first
W4231293584,A5057515348,middle
W4231293584,A5025474694,middle
W4231293584,A5066608996,last
W4231485487,A5060836180,first
W4233204822,A5009244291,first
W4233274566,A5015573203,first
W4234189565,A5013009407,first
W4234189565,A5078633097,last
W4235476757,A5074012261,first
W4235519819,A5067690517,first
W4236207965,A5001893144,first
W4237032122,A5015897265,first
W4237134264,A5033223750,first
W4238446634,A5072610420,last
W4238835982,A5071082834,first
W4238835982,A5034443098,middle
W4238835982,A5062564633,last
W4239720300,A5005605270,first
W4239720300,A5052246884,middle
W4239720300,A5053780228,middle
W4239720300,A5053960744,middle
W4239720300,A5033281973,last
W4240809161,A5043484752,first
W4240809161,A5028665407,last
W4241278576,A5000453966,first
W4241278576,A5003367528,last
W4241548096,A5047893446,first
W4241548096,A5057515348,middle
W4241548096,A5025474694,middle
W4241548096,A5066608996,last
W4242310584,A5020442900,first
W4242680539,A5011244209,first
W4243385413,A5054426043,first
W4244037104,A5032276006,first
W4244320610,A5029669651,first
W4244320610,A5013681777,last
W4244789337,A5018924838,first
W4244789337,A5028239602,middle
W4244789337,A5024753578,middle
W4244789337,A5033002944,last
W4244917173,A5005507069,first
W4245452971,A5066141913,middle
W4245452971,A5060816627,middle
W4245452971,A5068538399,middle
W4245948096,A5082773596,last
W4246106519,A5011649614,first
W4246708645,A5070197079,first
W4246772399,A5016693585,first
W4246884504,A5029466870,first
W4247353278,A5084961243,first
W4248191626,A5013009407,first
W4248191626,A5027223190,last
W4248997922,A5057054714,first
W4250317762,A5015897265,first
W4251028212,A5062159741,first
W4251769089,A5004185399,first
W4252385110,A5012536517,first
W4253286449,A5083169717,last
W4256567997,A5032768602,first
W4289752129,A5087383914,middle
W4289752129,A5072761721,middle
W4289752129,A5034110857,last
W4289763622,A5019384559,first
W4298404904,A5005494593,first
W4299529712,A5027057380,last
W4299913643,A5013387777,first
W4300601920,A5073829170,first
W4300638312,A5009408707,first
W4300638312,A5019539533,last
W4300881977,A5044171839,first
W4300881977,A5083037952,last
W4302092768,A5076299288,first
W4302092768,A5001914278,middle
W4302092768,A5010248533,last
W4302170793,A5082158620,last
W4320302286,A5021623573,first
W4320302286,A5033874688,last
W4361830257,A5071963371,first
W597515299,A5084307473,first
W603649248,A5084019087,first
W626320082,A5082941356,first
W629946050,A5000494272,first
W638112709,A5088522359,first
W1495029556,A5037268482,first
W1525495177,A5063811929,first
W1535699664,A5028542544,last
W1566996685,A5090325024,middle
W1566996685,A5049903806,last
W1578005346,A5070617703,middle
W1595980270,A5083186562,first
W1595980270,A5080574338,last
W1596765396,A5063348590,first
W1599342848,A5086407676,last
W1600724030,A5016307270,first
W1600724030,A5039519783,middle
W1600724030,A5027894926,middle
W1600724030,A5016270268,last
W1606802444,A5058652387,first
W1607237495,A5048713989,first
W1607937911,A5088488739,first
W1607937911,A5036380871,middle
W1607937911,A5052734194,last
W1846640183,A5028728477,first
W1846640183,A5070783633,last
W1858774052,A5009995333,first
W200732582,A5019474621,middle
W200732582,A5039777054,middle
W200732582,A5077373404,middle
W200732582,A5010565795,middle
W200732582,A5073502574,middle
W200732582,A5031490552,middle
W200732582,A5055862445,middle
W200732582,A5000949899,middle
W200732582,A5034890553,middle
W200732582,A5056342874,middle
W2041441784,A5067181588,first
W2041441784,A5045715820,middle
W2041441784,A5057697626,last
W2116186185,A5035316804,first
W2122067739,A5086551874,first
W2122067739,A5043377275,last
W2134140362,A5036380871,first
W2134140362,A5052734194,last
W2164993098,A5015890523,first
W2183444877,A5081577591,first
W2185373949,A5032452851,first
W2185373949,A5072316485,middle
W2185373949,A5080483470,middle
W2188425111,A5050453963,first
W2188425111,A5069071397,last
W2218847311,A5003398799,last
W2218907539,A5032504673,first
W2225771778,A5049203731,first
W2259627757,A5025184150,first
W2260918320,A5015588536,first
W2261291000,A5059818157,first
W2286206261,A5009405250,first
W2288021952,A5086440258,first
W2290779589,A5005877932,first
W2402081386,A5039647770,middle
W2435709876,A5048742384,first
W2468526769,A5085432173,first
W2468526769,A5061699800,middle
W2468526769,A5000140420,middle
W2468526769,A5007596905,last
W2478426917,A5089029287,first
W2478426917,A5058407177,middle
W2478426917,A5039951150,last
W2488254256,A5062308708,first
W2488254256,A5013861133,middle
W2488254256,A5045874694,last
W2488767075,A5023330662,middle
W2489252995,A5037195696,middle
W2489252995,A5041806372,last
W2491458749,A5053053957,middle
W2491458749,A5010033316,middle
W2492600572,A5057512440,first
W2492600572,A5030710823,middle
W2492910115,A5050050462,first
W2507358669,A5002349071,first
W2507358669,A5011642353,middle
W2507358669,A5058654623,last
W2524697165,A5008409828,first
W2524864523,A5026052584,first
W2524864523,A5071435315,last
W2533575919,A5029086985,last
W2536606192,A5011909774,first
W2536606192,A5040736087,last
W2548599065,A5021539256,first
W2548599065,A5027111738,last
W2556335701,A5011738956,first
W2567003787,A5091582627,last
W2567431526,A5088466247,first
W2567431526,A5083484586,last
W2568040890,A5011525973,first
W2568040890,A5047509839,last
W2569600615,A5037353778,first
W2584428523,A5032895568,first
W2584428523,A5054002357,middle
W2584428523,A5025918331,last
W259025110,A5079815832,first
W259025110,A5001899552,last
W2590572898,A5076192249,first
W2592144929,A5032531133,first
W2593187276,A5020244586,first
W2595283787,A5062479016,first
W2599489125,A5071298657,first
W2599489125,A5081667124,last
W2607235177,A5004404965,last
W2607867584,A5049783208,first
W2608186671,A5053790054,first
W2609420697,A5021875322,first
W2611247984,A5048307575,first
W2615796472,A5079736229,first
W2615796472,A5066963602,middle
W2620343017,A5005849526,first
W2620555748,A5029350115,first
W2622059018,A5005647308,first
W2622059018,A5029017321,last
W2622687458,A5028034646,first
W2622793108,A5078233856,first
W2622793108,A5061521665,middle
W2622841822,A5080647847,first
W2624778886,A5073631841,first
W2684229825,A5032034759,first
W2687690259,A5091171451,first
W2727980273,A5064816810,last
W2733008002,A5006635298,first
W2734470499,A5025330517,first
W2734470499,A5085497865,middle
W2734470499,A5006712665,last
W2735464494,A5067231523,first
W2737367740,A5088837582,first
W2737367740,A5080612158,last
W2741226967,A5079940769,first
W2744434410,A5007026632,first
W2744434410,A5069676058,last
W2745168173,A5066884782,first
W2745391842,A5076503652,first
W2745391842,A5008779348,middle
W2745391842,A5066265052,last
W2745741929,A5010327355,first
W2745926944,A5047375286,first
W2747099526,A5087542455,first
W2747099526,A5085408978,middle
W2747099526,A5088547215,middle
W2747099526,A5001690160,last
W2750843380,A5015196087,first
W2750843380,A5008717316,middle
W2752604044,A5013843519,first
W2755240394,A5068929414,first
W2756263215,A5038653363,first
W2756263215,A5080743076,middle
W2756263215,A5057294414,middle
W2756263215,A5007973281,last
W2756834153,A5090413486,first
W2760226467,A5088934266,first
W2760226467,A5019440355,middle
W2760226467,A5019810689,middle
W2760226467,A5011543714,last
W2760340475,A5031177481,first
W2760527625,A5020403076,middle
W2761199205,A5028727536,first
W2761199205,A5037334697,last
W2761677245,A5035738936,middle
W2761677245,A5073107314,last
W2763400469,A5040763929,first
W2763400469,A5024306150,last
W2765104035,A5060446935,first
W2765104035,A5079537786,middle
W2765104035,A5061803229,last
W2766274265,A5028638195,first
W2766274265,A5055416007,last
W2766824631,A5031700222,first
W2766824631,A5089217723,middle
W2766824631,A5059814300,last
W2767269115,A5056235750,last
W2767431770,A5005944620,first
W2767556775,A5065833288,last
W2767994195,A5086317775,first
W2767994195,A5082816457,last
W2768884888,A5081202658,last
W2769349152,A5033404468,first
W2769922419,A5003732929,first
W2769922419,A5060887195,last
W2775021507,A5028754736,first
W2775021507,A5013833647,middle
W2775043876,A5016489337,middle
W2775043876,A5066350266,last
W2775948270,A5069298900,last
W2776029046,A5058277874,first
W2778475148,A5068257486,first
W2778475148,A5020064362,middle
W2778475148,A5065559740,last
W2778645960,A5041627571,first
W2778645960,A5041627571,last
W2779172602,A5070766199,first
W2779172602,A5037232465,last
W2779343338,A5012096611,first
W2779343338,A5042875545,last
W2781014400,A5035022200,first
W2781198832,A5072036204,first
W2781198832,A5088704743,middle
W2781198832,A5012641249,last
W2781285285,A5001172312,first
W2781285285,A5015116587,middle
W2781285285,A5012130214,last
W2781352344,A5053051197,last
W2781503384,A5007568348,first
W2781545413,A5014871132,first
W2781600517,A5088239985,first
W2781600517,A5061554663,middle
W2781716953,A5021071699,first
W2781716953,A5002978672,middle
W2781716953,A5015262164,middle
W2781716953,A5023115847,middle
W2781716953,A5088084415,last
W2781721766,A5072196323,first
W2781962203,A5029155420,first
W2781981678,A5077269649,middle
W2781981678,A5072810735,last
W2781988707,A5029023971,first
W2782014130,A5017959151,first
W2782021026,A5033013754,first
W2782070057,A5035284028,middle
W2782070057,A5083005695,middle
W2782070057,A5012371112,middle
W2782099004,A5090444554,first
W2782114020,A5077773787,last
W2782119697,A5019091472,first
W2782213145,A5012030694,first
W2782229574,A5074546704,first
W2782229574,A5010986052,last
W2782253908,A5015419430,first
W2782253908,A5073274033,middle
W2782253908,A5058138918,last
W2782326265,A5085269208,first
W2782327001,A5075221512,first
W2782327001,A5082085580,last
W2782532851,A5057139859,first
W2782532851,A5028546847,last
W2782543204,A5057412354,first
W2783118178,A5056605626,first
W2783273481,A5042689791,first
W2783418811,A5050271091,first
W2783418811,A5016231697,last
W2783656231,A5037167224,first
W2783656231,A5054967700,middle
W2783656231,A5054970101,middle
W2783656231,A5055829030,middle
W2783656231,A5023248191,middle
W2783656231,A5071794481,middle
W2783656231,A5021056103,middle
W2783656231,A5009882313,middle
W2783787710,A5052128042,last
W2783804074,A5043458817,middle
W2783899380,A5068632289,first
W2784751312,A5001612712,first
W2784878264,A5018091748,first
W2784898975,A5036880592,first
W2785278717,A5025777650,first
W2785328795,A5016202466,first
W2785725967,A5081924837,first
W2786468206,A5062460419,first
W2786468206,A5069256488,last
W2786621213,A5040581270,first
W2786974272,A5004104247,first
W2786974272,A5000558231,middle
W2786974272,A5080343005,last
W2787165513,A5023893919,first
W2787165513,A5036868977,last
W2787839037,A5062992527,last
W2787912227,A5029030965,middle
W2787912227,A5050058264,last
W2788252427,A5025825652,first
W2788413356,A5052442922,first
W2788469902,A5059875052,first
W2788710747,A5083641056,last
W2789252988,A5034052082,first
W2789322676,A5063446221,first
W2789336669,A5089110297,first
W2789386082,A5018106273,first
W2789391960,A5047046643,first
W2789499132,A5037571534,last
W2789518936,A5058698597,first
W2789536094,A5057462369,first
W2789557880,A5034136464,middle
W2789591792,A5091620083,first
W2789703962,A5052014007,first
W2789709118,A5090195152,first
W2789709118,A5037708137,last
W2789719888,A5066433806,first
W2789724309,A5010845707,first
W2789724309,A5091608695,last
W2789738934,A5016585506,first
W2789802953,A5072765215,first
W2789802953,A5029561912,middle
W2789802953,A5026937925,middle
W2789802953,A5018132799,last
W2789808408,A5064694066,first
W2789842237,A5077392127,first
W2789842237,A5050425004,middle
W2789842237,A5041615708,middle
W2789842237,A5069745169,last
W2789870474,A5037571534,last
W2789877374,A5033913998,middle
W2789877374,A5061788602,last
W2789902859,A5013031365,middle
W2789929069,A5033467673,first
W2790123776,A5074549228,first
W2790140416,A5065709615,last
W2790230857,A5040243327,middle
W2790230857,A5051011439,middle
W2790245368,A5040550359,middle
W2790245368,A5082773596,last
W2790272309,A5065351164,first
W2790280470,A5016765555,first
W2790318828,A5066719217,first
W2790343719,A5012449597,first
W2790391749,A5015866767,first
W2790398750,A5044536839,first
W2790398750,A5084237593,last
W2790405705,A5007773115,first
W2790525943,A5015344526,first
W2790529641,A5039065759,first
W2790583039,A5029186968,first
W2790595370,A5074607480,last
W2790598669,A5005046076,first
W2790607861,A5004519615,first
W2790607861,A5082765640,middle
W2790607861,A5032391112,last
W2790613114,A5060064623,first
W2790714516,A5017922679,first
W2790744411,A5090472979,first
W2790758294,A5041778353,first
W2790783323,A5015056889,first
W2790845410,A5015701007,first
W2790845563,A5023441863,first
W2790845563,A5045551872,middle
W2790965797,A5063454149,middle
W2790965797,A5075037874,middle
W2790965797,A5005293560,last
W2790988559,A5091339345,first
W2790988559,A5056078268,last
W2791013460,A5040589990,first
W2791013460,A5016655218,middle
W2791013460,A5045190581,last
W2791014730,A5079473592,first
W2791014730,A5089334775,middle
W2791014730,A5079416432,last
W2791026295,A5012449597,first
W2791046488,A5085344538,first
W2791110708,A5029559430,first
W2791134402,A5064694066,first
W2791140203,A5002804357,first
W2791140203,A5003956030,middle
W2791206830,A5068982579,first
W2791206830,A5002645109,last
W2791259788,A5046452800,middle
W2791259788,A5012782091,last
W2791281749,A5000797954,last
W2791283260,A5078448852,first
W2791283260,A5036607218,last
W2791342499,A5071876610,last
W2791344241,A5064456444,first
W2791344241,A5054250222,last
W2791352672,A5048873335,first
W2791352672,A5083245722,middle
W2791352672,A5025522320,last
W2791393496,A5036825863,middle
W2791393496,A5082773596,last
W2791395057,A5012449597,first
W2791455691,A5002454785,last
W2791465207,A5022140594,middle
W2791465207,A5022140594,last
W2791488920,A5049067370,first
W2791497592,A5086822183,last
W2791535264,A5085941561,first
W2791543889,A5023280101,first
W2791543889,A5086975714,last
W2791604925,A5012027004,first
W2791604925,A5041055145,middle
W2791604925,A5034722482,middle
W2791604925,A5073888022,middle
W2791604925,A5023758808,last
W2791627769,A5061006709,first
W2791631358,A5060647692,first
W2791631358,A5080505035,middle
W2791633639,A5028904453,first
W2791695597,A5034662260,last
W2791710165,A5006893669,first
W2791710165,A5009268269,last
W2791724914,A5008802074,first
W2791810830,A5074985455,first
W2791837338,A5070685553,first
W2791904853,A5032131834,first
W2791904853,A5051954012,last
W2791962382,A5022047689,first
W2792019458,A5072743620,first
W2792019458,A5023170794,last
W2792025206,A5066556534,last
W2792094780,A5052014007,first
W2792120321,A5059241117,first
W2792136187,A5037778920,first
W2792177064,A5021547450,first
W2792228016,A5042511048,first
W2792247964,A5020784668,first
W2792247964,A5077085400,last
W2792259314,A5066433806,first
W2792304583,A5076510440,first
W2792311414,A5020784668,first
W2792311414,A5077085400,last
W2792326966,A5091805676,first
W2792388056,A5029057336,first
W2792392552,A5086452969,first
W2792392552,A5017563509,middle
W2792400221,A5037571534,last
W2792417271,A5041230534,last
W2792421552,A5035365146,first
W2792438704,A5033913998,middle
W2792438704,A5061788602,last
W2792445222,A5005310933,first
W2792445222,A5036264294,last
W2792516121,A5047523245,first
W2792516121,A5078748099,last
W2792585358,A5032861763,first
W2792603774,A5011828259,first
W2792632241,A5012031147,first
W2792632241,A5071060187,last
W2792639058,A5034052082,first
W2792664707,A5060671078,first
W2792664707,A5040915036,middle
W2792664707,A5032134965,last
W2792731416,A5078605314,first
W2792801290,A5064694066,first
W2792877243,A5018008030,first
W2792879718,A5036588142,first
W2792904330,A5044020782,first
W2792907876,A5067690517,first
W2792941493,A5076741955,first
W2792946515,A5039628342,first
W2792952041,A5053977259,first
W2792952041,A5013127565,middle
W2792952041,A5033093688,last
W2793050285,A5000845491,first
W2793054533,A5042629796,first
W2793097131,A5036825863,middle
W2793097131,A5082773596,last
W2793115409,A5033913998,middle
W2793115409,A5061788602,last
W2793185112,A5039348290,first
W2793217500,A5016733511,first
W2793257064,A5037571534,last
W2793306202,A5056352759,first
W2793306202,A5009649999,middle
W2793315472,A5066556534,last
W2793333713,A5056015987,first
W2793352747,A5017471980,first
W2793473851,A5074985455,first
W2793571764,A5020221507,first
W2793640687,A5080661130,last
W2793700663,A5051437720,first
W2793701935,A5007444588,first
W2793701935,A5008286949,last
W2793711928,A5047433330,first
W2793852850,A5006498359,first
W2793852850,A5066917049,last
W2793856955,A5005995672,first
W2793858810,A5070945310,first
W2793885430,A5038445455,first
W2793885430,A5080042065,middle
W2793885430,A5008201596,middle
W2793885430,A5064325570,last
W2793979073,A5030390100,first
W2793979073,A5050636427,middle
W2793979073,A5059614756,last
W2793981186,A5029559430,first
W2794010612,A5048731832,first
W2794010612,A5087244073,last
W2794031564,A5083253390,first
W2794118612,A5029559430,first
W2794123660,A5048541101,first
W2794123660,A5009453538,middle
W2794123660,A5010514636,last
W2794142421,A5016367953,first
W2794142421,A5078140503,middle
W2794142421,A5031123449,middle
W2794142421,A5044623945,middle
W2794197713,A5063446221,first
W2794240404,A5082313167,first
W2794240549,A5008763970,first
W2794240549,A5059723521,last
W2794245084,A5085944039,first
W2794294106,A5069811637,first
W2794330603,A5036508725,first
W2794415402,A5089493235,middle
W2794701897,A5032114728,first
W2794724692,A5087814029,first
W2794747963,A5053385416,middle
W2794854049,A5018964045,first
W2794854049,A5087694258,last
W2794860616,A5042833743,first
W2794860616,A5044050863,last
W2794888208,A5073414672,first
W2795138267,A5039118607,first
W2795150535,A5036115723,first
W2795170774,A5000788327,first
W2795170774,A5002298486,middle
W2795170774,A5004877287,middle
W2795170774,A5056483533,middle
W2795718506,A5080279749,first
W2795866543,A5071747545,first
W2795906333,A5083206187,first
W2796067941,A5077831333,first
W2796107799,A5091843462,first
W2796273028,A5057647935,middle
W2796273028,A5077042612,middle
W2796406002,A5053938953,first
W2797029022,A5032485319,first
W2797034175,A5060985142,first
W2797034175,A5016654061,middle
W2797034175,A5089339495,last
W2797275507,A5076112103,first
W2797305094,A5029144226,first
W2797305094,A5041915855,last
W2797454389,A5073180732,first
W2797706210,A5004554028,first
W2797794942,A5078348929,first
W2798109057,A5067087274,first
W2798264940,A5032768602,first
W2798672351,A5052829792,last
W2799303927,A5033977272,first
W2799317004,A5012470448,first
W2799317004,A5077189258,last
W2799329519,A5074278000,first
W2799389349,A5006507517,middle
W2799389349,A5072373139,middle
W2799389349,A5023543685,last
W2799456027,A5087844336,first
W2799456027,A5029419124,last
W2799467637,A5067961945,first
W2799467637,A5043113255,middle
W2799467637,A5030659500,middle
W2799467637,A5023634064,last
W2799494630,A5029624141,first
W2799494630,A5047509459,middle
W2799494630,A5081145146,middle
W2799619177,A5024989865,first
W2799619177,A5063661970,middle
W2799619177,A5054612207,last
W2799708323,A5057584195,first
W2799894754,A5024487443,first
W2799894754,A5024487443,middle
W2799894754,A5002274852,middle
W2799894754,A5002274852,middle
W2799894754,A5027347555,middle
W2799894754,A5027347555,last
W2799983815,A5006507517,first
W2799983815,A5013203959,middle
W2799983815,A5024615634,middle
W2799983815,A5059660196,middle
W2799983815,A5086573631,middle
W2799983815,A5074598961,last
W2800002222,A5087844336,first
W2800002222,A5029419124,last
W2800019783,A5082318770,last
W2800148692,A5005494593,first
W2800148692,A5030186646,last
W2800151271,A5034562713,first
W2800264781,A5023351996,first
W2800270027,A5043571465,first
W2800270027,A5014127537,last
W2800294386,A5015223894,last
W2800296236,A5033298958,first
W2800364395,A5057294126,first
W2800364395,A5071847978,middle
W2800378936,A5053889460,first
W2800408665,A5088842209,first
W2800408665,A5069633812,middle
W2800460321,A5087844336,first
W2800460321,A5029419124,last
W2800526533,A5091774239,first
W2800642149,A5023317142,last
W2800642836,A5087844336,first
W2800642836,A5029419124,last
W2800676565,A5061229826,middle
W2800676565,A5018447003,middle
W2800676565,A5089610698,middle
W2800676565,A5088394978,last
W2801013809,A5011483066,first
W2801013809,A5043518369,middle
W2801013809,A5083587924,last
W2801073141,A5033298958,first
W2801083285,A5015793758,first
W2801083285,A5078928773,middle
W2801100182,A5087844336,first
W2801100182,A5029419124,last
W2801205449,A5075063126,first
W2801205449,A5076999659,last
W2801217670,A5028703297,first
W2801236207,A5042366616,first
W2801341379,A5080540067,first
W2801341379,A5072805914,last
W2801343328,A5025352089,first
W2801472776,A5012470448,first
W2801472776,A5077189258,last
W2801540375,A5068869290,first
W2801542865,A5025331881,first
W2801560305,A5045300723,first
W2801617633,A5071487883,first
W2801617633,A5007237506,middle
W2801617633,A5084200723,middle
W2801651817,A5027216424,first
W2801855036,A5069400663,first
W2801872691,A5087844336,first
W2801872691,A5029419124,last
W2801875703,A5071529251,first
W2801913250,A5087844336,first
W2801913250,A5029419124,last
W2801960367,A5087844336,first
W2801960367,A5029419124,last
W2802008531,A5079767864,first
W2802061202,A5074278000,first
W2802069911,A5004244696,first
W2802069911,A5022427155,middle
W2802091445,A5018237224,first
W2802199950,A5033298958,first
W2802214026,A5089967942,middle
W2802214026,A5062554575,middle
W2802214026,A5022442940,last
W2802245936,A5015969910,first
W2802245936,A5013717515,last
W2802404553,A5087844336,first
W2802404553,A5029419124,last
W2802475578,A5018086309,first
W2802478021,A5046602742,first
W2802521845,A5028703297,first
W2802620733,A5011029503,first
W2802620733,A5016182658,middle
W2802620733,A5046441443,last
W2802681205,A5028703297,first
W2802701405,A5075867138,last
W2802747930,A5073917126,first
W2802909462,A5048753927,first
W2802940278,A5087394928,first
W2802958525,A5033298958,first
W2803045906,A5006910307,last
W2803058365,A5062772209,middle
W2803089118,A5075063126,first
W2803089118,A5076999659,last
W2803099121,A5089214416,middle
W2803099121,A5009304455,last
W2803110726,A5052396175,first
W2803110726,A5042618835,middle
W2803124302,A5034641763,first
W2803286907,A5050316031,first
W2803375953,A5083565505,first
W2803436977,A5066922944,first
W2803511073,A5072665489,first
W2803556929,A5019203630,first
W2803839384,A5077330113,first
W2803839384,A5001193136,middle
W2803839384,A5081225515,last
W2804055465,A5037426564,first
W2804072399,A5077679359,first
W2804097468,A5035316804,first
W2804106729,A5072665489,first
W2804180114,A5001052765,first
W2804193472,A5088750767,first
W2804244039,A5072665489,first
W2804258622,A5039114347,first
W2804298833,A5007711310,first
W2804302857,A5058869461,first
W2804327195,A5083565505,first
W2804459877,A5062523830,middle
W2804459877,A5009512834,last
W2804461949,A5002239056,first
W2804485272,A5053224730,first
W2804604640,A5051199777,first
W2804649412,A5019355486,first
W2804801828,A5022590563,first
W2804812943,A5001837630,first
W2804812943,A5064507733,middle
W2804812943,A5079222778,last
W2804821144,A5062407617,first
W2804821144,A5031632209,last
W2804935196,A5019355486,first
W2804950126,A5086542918,first
W2804950126,A5010482042,middle
W2804950126,A5088738795,last
W2805105268,A5001757189,first
W2805105268,A5028128510,last
W2805216113,A5082548671,middle
W2805216113,A5047213634,middle
W2805216113,A5078936954,last
W2805265466,A5023694192,middle
W2805392714,A5032114728,first
W2805504328,A5019715403,first
W2805505393,A5032578243,first
W2805547333,A5013736925,first
W2805840821,A5029953622,first
W2805840821,A5081908723,middle
W2806372088,A5062583998,first
W2806499186,A5085217765,first
W2806499186,A5026436478,last
W2806709064,A5039563504,first
W2806758747,A5005258575,first
W2807120044,A5032979408,first
W2807120044,A5015422745,middle
W2807120044,A5069909551,last
W2807199286,A5007264873,last
W2807219922,A5050394459,first
W2807266764,A5042622378,first
W2807293819,A5087357135,first
W2807500698,A5048305279,first
W2807552917,A5078722752,middle
W2807552917,A5011305397,last
W2807577216,A5076378292,first
W2807681961,A5072279812,first
W2807715499,A5041746321,middle
W2807773755,A5025435172,first
W2807862927,A5008286949,first
W2807862927,A5002898623,last
W2807939357,A5031087676,first
W2807995910,A5066072804,first
W2808040439,A5019881692,first
W2808040439,A5021135236,last
W2808078471,A5067834629,first
W2808078471,A5057089451,last
W2808083078,A5090487464,middle
W2808155234,A5077056848,first
W2808215945,A5014609707,first
W2808240458,A5060729470,first
W2808278386,A5005774676,first
W2808278386,A5036281885,last
W2808440864,A5059804119,first
W2808454022,A5021493216,middle
W2808454022,A5073967877,last
W2808552674,A5081648660,first
W2808664441,A5060026558,first
W2808722776,A5019728721,first
W2808737338,A5079413812,first
W2808737338,A5040511727,last
W2808769123,A5075092293,last
W2808798777,A5046475070,first
W2808816876,A5045231831,first
W2808816876,A5078633097,last
W2808834125,A5044985800,first
W2808841038,A5022836666,first
W2808842146,A5046083078,first
W2808842146,A5051822671,last
W2808903611,A5013009407,last
W2808937162,A5088267964,first
W2808938868,A5048189519,middle
W2808943499,A5034462620,first
W2808943499,A5050112798,last
W2808969258,A5034462620,first
W2808969258,A5050112798,last
W2808994067,A5078633097,first
W2808998531,A5030749351,first
W2809008505,A5011029503,first
W2809008505,A5016182658,middle
W2809008505,A5046441443,last
W2809021121,A5031886656,first
W2809067703,A5084627413,first
W2809067783,A5002469406,first
W2809078021,A5015897265,first
W2809078021,A5078633097,middle
W2809078021,A5013009407,last
W2809080963,A5073057540,first
W2809135712,A5082510785,first
W2809155777,A5078633097,first
W2809181328,A5033074490,first
W2809181328,A5089444322,last
W2809214388,A5066791342,first
W2809237734,A5005720600,first
W2809239668,A5076782439,first
W2809250589,A5034152853,first
W2809282069,A5079406545,first
W2809307568,A5046683404,first
W2809320951,A5017342485,middle
W2809324040,A5000579390,first
W2809357340,A5053156731,first
W2809359411,A5043247740,first
W2809359411,A5078548833,middle
W2809359411,A5088108309,last
W2809378487,A5088267964,first
W2809434432,A5065352683,first
W2809434432,A5025446551,last
W2809450821,A5040601103,first
W2809465979,A5051726590,first
W2809472700,A5040601103,first
W2809531234,A5076782439,first
W2809544910,A5040601103,first
W2809545358,A5013009407,first
W2809564207,A5063827643,first
W2809564494,A5070369423,first
W2809568994,A5075092293,last
W2809571528,A5061903937,first
W2809605075,A5078241160,first
W2809647034,A5079532515,first
W2809654902,A5040601103,first
W2809684927,A5090032106,first
W2809695778,A5045434575,first
W2809735759,A5021941059,first
W2809735759,A5007964143,middle
W2809735759,A5024513618,last
W2809747020,A5000839924,first
W2809747020,A5013189970,last
W2809757846,A5024377287,first
W2809757846,A5039939205,middle
W2809757846,A5088272362,middle
W2809757846,A5038162518,last
W2809825152,A5019311783,first
W2809825152,A5089026394,last
W2809963847,A5088723194,first
W2809995639,A5069291490,first
W2809995639,A5047195524,last
W2810130549,A5070170188,first
W2810130549,A5016375857,middle
W2810411568,A5070170188,first
W2810411568,A5016375857,middle
W2810485718,A5029392229,first
W2810485718,A5034120372,last
W2810520415,A5065682763,last
W2810772618,A5082619310,last
W2810783579,A5000839924,first
W2810783579,A5013189970,last
W2810828366,A5070170188,first
W2810828366,A5016375857,middle
W2810842559,A5022595755,first
W2810842559,A5076256836,last
W2810908644,A5062354922,first
W2810908644,A5071787894,middle
W2810908644,A5010460596,last
W2810967090,A5070170188,first
W2810967090,A5016375857,middle
W2810977484,A5030266296,first
W2810993587,A5070170188,first
W2810993587,A5016375857,middle
W2810998690,A5009060646,first
W2811080687,A5070170188,first
W2811080687,A5016375857,middle
W2811089347,A5025057083,first
W2811225922,A5019711891,first
W2811239116,A5079359530,first
W2811246726,A5070170188,first
W2811246726,A5016375857,middle
W2811291494,A5071079253,first
W2811291670,A5019315136,first
W2811301524,A5038317092,first
W2811311516,A5059470272,last
W2811491122,A5000786672,last
W2811493250,A5078076211,first
W2812783626,A5026643932,first
W2812783626,A5026072601,middle
W2812783626,A5040483828,middle
W2812783626,A5070470547,last
W2816440635,A5032995111,first
W2816508182,A5036365606,first
W2816508182,A5075849195,last
W2823810714,A5041927057,first
W2826706657,A5007752731,first
W2827939601,A5007259218,first
W2832834073,A5020083072,first
W2837138650,A5057922563,last
W2841186290,A5005625331,first
W2842271227,A5067363936,first
W2842271227,A5036070524,last
W2848392631,A5083657837,first
W2852277784,A5003259212,middle
W2852277784,A5083174847,middle
W2852277784,A5080921975,middle
W2852277784,A5015341832,middle
W2852277784,A5011759382,middle
W2852277784,A5003678206,middle
W2852277784,A5068616472,middle
W2852277784,A5025951290,middle
W2852277784,A5056076984,last
W2872229194,A5012994088,first
W2879677348,A5059696986,last
W2881375673,A5033741873,first
W2882970072,A5062828160,last
W2882971404,A5064636592,first
W2882971404,A5075551090,middle
W2882971404,A5080706226,middle
W2882971404,A5009597218,middle
W2882980435,A5047698688,first
W2883039341,A5016938663,first
W2883075349,A5015167951,first
W2883096934,A5083066821,last
W2883219557,A5010984242,first
W2883219557,A5039617569,middle
W2883219557,A5081036622,last
W2883292608,A5081840017,first
W2883292608,A5030392253,last
W2883363933,A5015167951,first
W2883368663,A5091728630,last
W2883434350,A5016317255,first
W2883434350,A5071070222,middle
W2883434350,A5048008694,middle
W2883437172,A5019509861,first
W2883443809,A5038992145,first
W2883489016,A5031116162,first
W2883489016,A5001381023,last
W2883527548,A5026919456,first
W2883527548,A5003856618,middle
W2883527548,A5033996359,last
W2883544365,A5020893051,first
W2883572478,A5015167951,first
W2883572879,A5089967942,middle
W2883572879,A5062554575,middle
W2883572879,A5022442940,last
W2883631708,A5063687677,last
W2883632290,A5053053957,last
W2883678286,A5031116162,first
W2883678286,A5001381023,last
W2883751247,A5091908304,first
W2883779626,A5015154253,first
W2883888300,A5051776419,first
W2883966117,A5082383510,first
W2883988107,A5069712071,first
W2884036984,A5031116162,first
W2884036984,A5001381023,last
W2884060865,A5079086807,first
W2884075609,A5031116162,first
W2884075609,A5001381023,last
W2884093315,A5025625704,first
W2884112152,A5076660280,first
W2884221452,A5028231204,first
W2884254579,A5055824250,first
W2884292644,A5069590205,first
W2884292644,A5064369361,middle
W2884292644,A5068664074,middle
W2884292644,A5056217038,middle
W2884370608,A5070298394,first
W2884416223,A5028231204,first
W2884479566,A5015886313,first
W2884484058,A5089624139,first
W2884527686,A5028231204,first
W2884570111,A5028231204,first
W2884593419,A5058363300,first
W2884685137,A5037918738,first
W2884696816,A5002547259,last
W2884735024,A5019509861,first
W2884765002,A5015167951,first
W2884769404,A5000453966,first
W2884769404,A5003367528,last
W2884797295,A5019509861,first
W2884817003,A5083794116,first
W2884871087,A5041165953,first
W2884874280,A5041510294,first
W2884874280,A5018206036,last
W2884963677,A5013071938,first
W2885017353,A5015167951,first
W2885149778,A5047148711,first
W2885185971,A5031570473,first
W2885185971,A5022708495,middle
W2885186011,A5059914505,first
W2885248340,A5058662537,middle
W2885278477,A5077484807,first
W2885301405,A5071672056,first
W2885301405,A5037064832,middle
W2885301405,A5001588690,last
W2885315954,A5020809586,first
W2885325580,A5016313864,first
W2885344629,A5077391080,first
W2885422965,A5069821895,first
W2885422965,A5080262886,middle
W2885422965,A5032943807,last
W2885459774,A5065754816,last
W2885490869,A5028943281,first
W2885490869,A5039122016,middle
W2885490869,A5060809236,last
W2885504549,A5018667469,last
W2885560243,A5018432268,first
W2885573840,A5079982787,first
W2885676305,A5019549867,first
W2885841911,A5018436136,middle
W2885841911,A5019678801,middle
W2885841911,A5065968760,middle
W2885841911,A5083896651,middle
W2885841911,A5012060246,middle
W2885841911,A5089421014,middle
W2885846418,A5055282355,first
W2885870973,A5085829847,first
W2885878575,A5082381156,first
W2885931534,A5040670023,first
W2886016830,A5013266887,first
W2886048058,A5049233494,first
W2886099876,A5067513618,first
W2886099876,A5041133445,last
W2886173682,A5004615152,last
W2886186751,A5036529804,first
W2886223091,A5045943670,first
W2886331765,A5030098068,first
W2886352955,A5001022530,first
W2886366444,A5013519991,first
W2886398378,A5085239834,middle
W2886426656,A5037816255,first
W2886557809,A5012475052,first
W2886606776,A5043287052,first
W2886618301,A5006150251,middle
W2886618301,A5002088981,last
W2886644465,A5035160608,first
W2886644465,A5043871498,last
W2886693898,A5043484752,first
W2886693898,A5028665407,last
W2886761524,A5023665625,first
W2886761524,A5029699800,middle
W2886795874,A5005367514,first
W2886829822,A5012475052,first
W2886833092,A5061229826,first
W2886833092,A5018447003,middle
W2886833092,A5001308079,middle
W2886833092,A5088394978,last
W2886862518,A5024669831,middle
W2886862518,A5014011362,last
W2886988798,A5019393851,first
W2886990235,A5081587138,first
W2887003342,A5028882889,last
W2887006528,A5062268595,first
W2887006528,A5050718141,middle
W2887006528,A5033773480,middle
W2887006528,A5078633907,middle
W2887006528,A5087995658,last
W2887024209,A5061172607,first
W2887067399,A5083357151,first
W2887067399,A5004113668,last
W2887104442,A5009515878,first
W2887104442,A5079051775,middle
W2887104442,A5011072391,last
W2887123218,A5074426382,first
W2887123218,A5000074040,last
W2887158608,A5073090648,middle
W2887158608,A5026161843,middle
W2887158608,A5050869170,middle
W2887158608,A5064423842,middle
W2887158608,A5055657125,middle
W2887158608,A5089790645,middle
W2887158608,A5007816829,middle
W2887158608,A5049669664,middle
W2887158608,A5023626757,middle
W2887158608,A5053983511,last
W2887260113,A5032586510,first
W2887260113,A5024943157,middle
W2887260113,A5002154840,last
W2887331946,A5068729286,first
W2887331946,A5086643947,last
W2887614650,A5056965955,first
W2887614650,A5027324518,middle
W2887614650,A5011950780,middle
W2887614650,A5056078914,last
W2887634861,A5048588454,first
W2887687859,A5018497995,first
W2887687859,A5083872718,middle
W2887801889,A5022608022,first
W2887801889,A5046739023,middle
W2887801889,A5035626728,middle
W2887801889,A5003133775,middle
W2887801889,A5037224858,middle
W2887801889,A5081062619,last
W2888034108,A5057203811,last
W2888044385,A5052886544,first
W2888045535,A5031784704,first
W2888079606,A5065554904,first
W2888110475,A5065554904,first
W2888168636,A5065554904,first
W2888192042,A5079953468,first
W2888216153,A5065554904,first
W2888222570,A5090690248,first
W2888224310,A5065554904,first
W2888236695,A5084926427,middle
W2888236695,A5004125713,last
W2888254617,A5013746205,first
W2888276482,A5052886544,first
W2888337595,A5035363813,first
W2888343112,A5079953468,first
W2888347031,A5047051984,first
W2888376354,A5039187315,last
W2888386093,A5010417374,first
W2888418347,A5037914359,first
W2888422475,A5003670134,first
W2888441992,A5084124274,last
W2888447262,A5039527428,first
W2888462065,A5087372020,first
W2888462065,A5033199621,last
W2888482376,A5038138844,last
W2888575264,A5052886544,first
W2888592145,A5027708988,middle
W2888592145,A5027890375,middle
W2888592145,A5000475893,middle
W2888628450,A5063992873,first
W2888628450,A5057892705,last
W2888648552,A5076461974,first
W2888663707,A5046024059,first
W2888681084,A5031784704,first
W2888756459,A5084942381,first
W2888781287,A5035855364,first
W2888828681,A5059197011,first
W2888865932,A5030298693,first
W2888881726,A5087532463,first
W2888916949,A5025941662,middle
W2889014791,A5083864231,first
W2889055694,A5053182737,first
W2889116509,A5038675968,first
W2889134233,A5040628216,first
W2889155975,A5090314257,first
W2889170294,A5091441358,first
W2889178498,A5069738110,first
W2889183014,A5076579586,last
W2889185177,A5020442900,first
W2889193590,A5007629219,first
W2889258944,A5069441330,first
W2889258944,A5048832439,last
W2889269796,A5053739875,first
W2889293789,A5089411858,first
W2889301954,A5056475160,first
W2889309953,A5043259985,first
W2889321371,A5075679779,first
W2889329397,A5089388395,first
W2889397517,A5038644188,first
W2889414078,A5045585076,first
W2889414078,A5064115801,last
W2889467875,A5053566937,first
W2889467875,A5063622872,middle
W2889467875,A5047693971,last
W2889471856,A5066044089,first
W2889475848,A5007029790,first
W2889475848,A5081688435,middle
W2889475848,A5078021986,middle
W2889475848,A5009588345,last
W2889502889,A5035778771,last
W2889514181,A5020079516,first
W2889533468,A5013446855,first
W2889628606,A5078818619,first
W2889652743,A5043823616,first
W2889652743,A5029696881,last
W2889662966,A5067328692,first
W2889662966,A5083689159,last
W2889674396,A5048395925,last
W2889691120,A5018094689,first
W2889717954,A5016676689,first
W2889717954,A5069426855,last
W2889742555,A5043823616,first
W2889742555,A5029696881,last
W2889769777,A5043823616,first
W2889769777,A5029696881,last
W2889796390,A5043823616,first
W2889796390,A5029696881,last
W2889812114,A5043823616,first
W2889812114,A5029696881,last
W2889993976,A5006910307,first
W2889994476,A5066734954,first
W2890022122,A5037873810,last
W2890027974,A5066734954,first
W2890111248,A5043823616,first
W2890111248,A5029696881,last
W2890138298,A5058718652,first
W2890171573,A5015419040,first
W2890192348,A5067230761,first
W2890195594,A5043823616,first
W2890195594,A5029696881,last
W2890215218,A5043823616,first
W2890217917,A5063945566,first
W2890219359,A5089996439,first
W2890237498,A5030101234,first
W2890237498,A5004660959,middle
W2890237498,A5078471429,last
W2890253346,A5051625374,first
W2890253346,A5031823995,middle
W2890253346,A5091037833,last
W2890256631,A5089422869,first
W2890313720,A5017854609,first
W2890313720,A5042196702,last
W2890335981,A5041891217,first
W2890335981,A5054973692,middle
W2890335981,A5040158999,last
W2890338393,A5028201055,first
W2890475868,A5065086706,first
W2890525045,A5078195631,first
W2890578524,A5029340745,first
W2890578524,A5018313286,last
W2890663773,A5029229494,last
W2890685064,A5089996439,first
W2890737711,A5046165780,first
W2890756428,A5006344371,first
W2890767834,A5089931422,first
W2890767834,A5055671840,last
W2890779675,A5055562417,first
W2890788786,A5036015808,first
W2890800734,A5059934493,last
W2890873201,A5024742008,first
W2890874922,A5043823616,first
W2890874922,A5029696881,last
W2890889372,A5043823616,first
W2890948147,A5074079884,first
W2890991235,A5051531263,first
W2891024378,A5043823616,first
W2891032068,A5066130528,first
W2891037057,A5043823616,first
W2891037057,A5029696881,last
W2891043329,A5026490561,first
W2891043329,A5058790873,last
W2891044896,A5033514957,first
W2891044896,A5016082545,middle
W2891044896,A5082402937,last
W2891081878,A5080522156,first
W2891118193,A5043823616,first
W2891118193,A5029696881,last
W2891204372,A5038686310,first
W2891208123,A5084001911,first
W2891230788,A5043823616,first
W2891230788,A5029696881,last
W2891235475,A5076007172,last
W2891289711,A5068631421,first
W2891311322,A5055374361,middle
W2891311322,A5036559500,last
W2891313418,A5053440165,first
W2891331320,A5078195631,first
W2891348016,A5084281668,first
W2891349222,A5043823616,first
W2891349222,A5029696881,last
W2891360672,A5056272841,first
W2891381832,A5033717113,first
W2891434248,A5043823616,first
W2891434248,A5029696881,last
W2891445801,A5043823616,first
W2891445801,A5029696881,last
W2891534650,A5039448597,first
W2891534650,A5026258308,middle
W2891534650,A5043453620,middle
W2891534650,A5089616760,last
W2891566500,A5049055839,last
W2891625203,A5034160482,first
W2891686118,A5062811315,first
W2891758243,A5007582570,first
W2891791262,A5043823616,first
W2891791262,A5029696881,last
W2891834725,A5059746910,first
W2891834725,A5060198976,last
W2891865257,A5007748495,first
W2891883400,A5059752174,first
W2891900945,A5082772792,first
W2891900945,A5045632956,last
W2891946045,A5084444924,first
W2891975794,A5008117868,first
W2891975794,A5051083730,last
W2892003487,A5043823616,first
W2892003487,A5029696881,last
W2892012695,A5043823616,first
W2892014556,A5043823616,first
W2892014556,A5029696881,last
W2892096234,A5078195631,first
W2892126973,A5005995672,first
W2892149214,A5067597688,first
W2892151715,A5054496884,first
W2892179816,A5070568314,first
W2892201785,A5002785992,first
W2892291494,A5084281668,first
W2892299074,A5088812981,first
W2892317363,A5043823616,first
W2892317363,A5029696881,last
W2892350164,A5049634011,first
W2892456795,A5063244616,first
W2892713000,A5012677173,last
W2892773177,A5039486588,first
W2892773177,A5090727234,middle
W2892773177,A5015424372,middle
W2892773177,A5043209677,last
W2892894189,A5031191384,first
W2893157098,A5051919749,middle
W2893436731,A5004555174,first
W2893589945,A5057825054,first
W2893668696,A5008406974,first
W2893668696,A5062646692,last
W2894335183,A5091371096,first
W2894335183,A5024055023,last
W2894399981,A5005153278,first
W2894399981,A5015186395,middle
W2894399981,A5043201304,middle
W2894399981,A5034220928,last
W2894403887,A5075530467,first
W2894466200,A5053407281,middle
W2894550406,A5001981294,last
W2894585651,A5050831061,first
W2894586214,A5043876428,first
W2894593212,A5034560396,first
W2894618570,A5088746356,first
W2894640566,A5084309516,first
W2894641807,A5002035751,first
W2894641807,A5031166206,middle
W2894641807,A5032633292,last
W2894687049,A5059406680,middle
W2894804627,A5074130561,first
W2894900823,A5074668069,first
W2894913118,A5077739972,first
W2894913118,A5084344454,middle
W2894914735,A5040226526,first
W2894947713,A5047568654,first
W2894959198,A5038536357,first
W2894993764,A5082471864,first
W2895127930,A5005882933,first
W2895127989,A5032408478,first
W2895127989,A5090171111,middle
W2895127989,A5018516368,last
W2895180540,A5084261733,first
W2895180540,A5088113932,middle
W2895180540,A5073115503,middle
W2895180540,A5074002901,middle
W2895180540,A5076033599,middle
W2895180540,A5037539801,middle
W2895180540,A5029536811,middle
W2895180540,A5058919374,middle
W2895180540,A5017639098,middle
W2895180540,A5025868347,middle
W2895180540,A5069131707,middle
W2895180540,A5080450263,middle
W2895180540,A5029361057,middle
W2895180540,A5034463778,last
W2895188932,A5083687551,first
W2895256730,A5018361251,first
W2895267970,A5085131079,first
W2895267970,A5090048784,middle
W2895267970,A5019007054,middle
W2895313864,A5072445597,first
W2895313864,A5078305333,last
W2895337850,A5017890742,last
W2895343425,A5077028946,first
W2895403921,A5013264903,first
W2895466615,A5014452528,first
W2895530919,A5035843564,first
W2895530919,A5023258012,middle
W2895530919,A5007121098,last
W2895663002,A5064137502,first
W2895668398,A5031233579,first
W2895752430,A5034248834,middle
W2895787119,A5008919735,first
W2895787119,A5050396158,last
W2895793795,A5001668653,first
W2895805480,A5090369126,first
W2895859205,A5032644747,last
W2895867549,A5078329096,middle
W2895867549,A5001523618,middle
W2895867549,A5050971671,middle
W2895867549,A5079802207,last
W2895903721,A5043618291,middle
W2895916050,A5025919783,first
W2895916050,A5061651734,last
W2895998611,A5089846623,first
W2896027165,A5058922970,middle
W2896027165,A5078963225,middle
W2896027165,A5009120455,last
W2896054556,A5023344922,first
W2896145731,A5047685878,first
W2896210866,A5017384631,first
W2896232884,A5049067664,first
W2896257897,A5045410054,first
W2896265542,A5088266860,first
W2896330961,A5019150262,first
W2896335417,A5000852615,first
W2896427554,A5005215564,first
W2896427554,A5019718926,last
W2896440821,A5035862996,first
W2896440821,A5028378670,last
W2896467124,A5087504224,first
W2896508039,A5089261752,middle
W2896542764,A5069335565,first
W2896542764,A5047912178,last
W2896583739,A5011723389,first
W2896589993,A5056055322,first
W2896589993,A5061804138,last
W2896624009,A5028171150,first
W2896634773,A5047685878,first
W2896657945,A5042961223,first
W2896671693,A5068485323,first
W2896901209,A5028796908,first
W2896901209,A5020641334,middle
W2896901209,A5013149426,middle
W2896901209,A5071806731,middle
W2896901209,A5072401918,middle
W2896901209,A5022560995,middle
W2896901209,A5023594724,middle
W2896901209,A5032662383,middle
W2896901209,A5043246335,middle
W2896901209,A5008413164,middle
W2896901209,A5075428325,middle
W2896901209,A5009910775,middle
W2896901209,A5057536063,middle
W2896901209,A5011379480,middle
W2896901209,A5013707993,middle
W2896901209,A5060445057,middle
W2896901209,A5085984071,middle
W2896901209,A5038842491,middle
W2896901209,A5004970380,middle
W2896901209,A5079601913,last
W2896916240,A5064236279,first
W2896916240,A5014089678,last
W2896926331,A5018863343,first
W2896926331,A5026958336,middle
W2896926781,A5074547227,first
W2896932529,A5037144281,first
W2896980662,A5060836180,first
W2896996169,A5010530817,first
W2897019919,A5048570794,first
W2897110388,A5003985470,first
W2897159357,A5013450785,first
W2897159357,A5072269767,middle
W2897159357,A5050124233,last
W2897215032,A5016475372,first
W2897229398,A5013861626,first
W2897248596,A5035815795,middle
W2897289974,A5047222739,last
W2897301222,A5034994727,first
W2897330726,A5038390659,first
W2897348272,A5029890862,first
W2897356487,A5019008103,first
W2897356487,A5076785459,last
W2897377194,A5045107562,last
W2897442975,A5025075234,first
W2897442975,A5014971160,middle
W2897442975,A5050188066,middle
W2897442975,A5049699344,middle
W2897455360,A5006429708,last
W2897470129,A5031435335,first
W2897603586,A5032787307,first
W2897650039,A5013861626,first
W2897752768,A5045107562,last
W2897759081,A5063626140,first
W2897833088,A5032091977,first
W2897841514,A5032091977,first
W2897926517,A5011723389,first
W2897966623,A5005562306,first
W2898014255,A5082912082,first
W2898014255,A5064759433,middle
W2898014255,A5030876099,last
W2898022295,A5039525154,first
W2898022295,A5082379288,middle
W2898022295,A5029639206,last
W2898086236,A5042927466,first
W2898105455,A5052623072,first
W2898125127,A5035337020,first
W2898136223,A5059007442,first
W2898180301,A5021986973,first
W2898243022,A5091339345,first
W2898243022,A5056078268,last
W2898267045,A5055286494,first
W2898373489,A5081159238,first
W2898373489,A5010781960,last
W2898432194,A5088671898,first
W2898444628,A5057412737,last
W2898452084,A5046933025,first
W2898513995,A5015548774,first
W2898513995,A5039659770,last
W2898519288,A5085871964,middle
W2898552782,A5080024397,middle
W2898606595,A5059874615,first
W2898839068,A5081117883,first
W2898895948,A5050983810,last
W2898896241,A5015599228,first
W2898915126,A5090400959,first
W2898999046,A5041000166,first
W2899124900,A5064399695,first
W2899139192,A5008065624,middle
W2899139192,A5069275031,last
W2899310919,A5064529678,first
W2899417372,A5043174840,middle
W2899417372,A5010975997,middle
W2899421250,A5011676424,first
W2899426767,A5033228504,middle
W2899456491,A5005936929,first
W2899506676,A5033228504,middle
W2899565710,A5041069614,middle
W2899865225,A5018155823,first
W2899923741,A5006922318,first
W2900014892,A5017982693,first
W2900014892,A5052772433,last
W2900094080,A5087126106,first
W2900107951,A5019446231,middle
W2900132001,A5050600918,middle
W2900132001,A5091066896,last
W2900413493,A5036623489,first
W2900432592,A5049747850,first
W2900573699,A5020485335,first
W2900596387,A5021385416,first
W2900601033,A5048698192,first
W2900601033,A5001986172,middle
W2900601033,A5005117665,last
W2900627771,A5086603533,last
W2900631115,A5073604834,first
W2900631115,A5013411309,middle
W2900631115,A5018144910,middle
W2900645588,A5077132751,first
W2900657174,A5082645155,first
W2900693692,A5063541445,first
W2900751601,A5063541445,first
W2900781169,A5014591918,first
W2900781169,A5019777096,middle
W2900781169,A5078414072,last
W2900804400,A5001540646,first
W2900837430,A5028171384,first
W2900883798,A5043775533,first
W2900883798,A5019906371,middle
W2900883798,A5079192313,last
W2900885222,A5012310859,first
W2900956842,A5042720607,first
W2900956842,A5018090246,last
W2900992871,A5080247598,first
W2901019583,A5041748066,first
W2901022898,A5051550649,first
W2901022898,A5058334237,last
W2901097608,A5028171384,first
W2901099886,A5008763383,first
W2901099886,A5013019993,last
W2901144278,A5004368910,first
W2901366631,A5043775533,first
W2901366631,A5019906371,middle
W2901366631,A5079192313,last
W2901388213,A5063541445,first
W2901418377,A5062043545,first
W2901450008,A5028171384,first
W2901476463,A5011307781,first
W2901477184,A5063541445,first
W2901507362,A5034392811,last
W2901509783,A5007563411,first
W2901578874,A5001270995,first
W2901615283,A5077525214,first
W2901683896,A5081913248,first
W2901721327,A5077713490,middle
W2901721327,A5065852609,last
W2901722600,A5063541445,first
W2901726407,A5034020789,first
W2901734227,A5015918027,first
W2901734227,A5087292183,last
W2901808106,A5087366883,last
W2901826235,A5022392851,first
W2901832151,A5028171384,first
W2901835890,A5012458324,first
W2901838706,A5037782220,first
W2901847677,A5028171384,first
W2901929764,A5011307781,first
W2901955463,A5021797294,first
W2901955463,A5021947145,middle
W2901955463,A5003896096,last
W2902014325,A5013322194,middle
W2902014325,A5044128852,last
W2902224471,A5089217968,first
W2902279498,A5060660874,first
W2902406613,A5081510302,first
W2902544675,A5005450605,middle
W2902544675,A5005450605,last
W2902659018,A5035845580,first
W2902766006,A5065215128,first
W2902787071,A5020865241,first
W2902816437,A5003044729,middle
W2902865650,A5081510302,first
W2902902649,A5010832933,first
W2902912156,A5085229882,first
W2902931292,A5009505719,first
W2902955373,A5084087393,first
W2902955373,A5007796791,middle
W2902955373,A5038297843,last
W2902984833,A5087126106,first
W2903133245,A5043920881,first
W2903133245,A5010867791,middle
W2903133245,A5016353717,last
W2903289828,A5040396362,last
W2903328653,A5060992774,middle
W2903584254,A5063713058,first
W2903684333,A5061451835,first
W2903684333,A5090649077,last
W2903778554,A5050358854,first
W2903778554,A5041469768,last
W2903803869,A5032487213,first
W2903824942,A5042006491,first
W2903902147,A5047513643,first
W2903944873,A5024623650,last
W2904072591,A5034097062,first
W2904072591,A5071168106,middle
W2904072591,A5010228049,last
W2904076887,A5011223251,first
W2904091566,A5056764577,first
W2904119685,A5052405783,first
W2904431489,A5081051731,first
W2904431489,A5015789676,middle
W2904431489,A5074675941,last
W2904435869,A5024916657,middle
W2904505882,A5010276520,middle
W2904576238,A5059470360,first
W2904596204,A5078146900,first
W2904707299,A5006580423,middle
W2904707299,A5013717801,last
W2904744627,A5048219277,first
W2904744627,A5005635869,middle
W2904744627,A5027778188,last
W2904805404,A5071893904,first
W2904834002,A5077862545,middle
W2904834002,A5016434389,last
W2904951564,A5033397269,first
W2904982796,A5015044819,first
W2905059907,A5013221359,first
W2905059907,A5013221359,middle
W2905059907,A5017255714,middle
W2905059907,A5017255714,middle
W2905059907,A5060852285,middle
W2905059907,A5041763987,middle
W2905059907,A5013754599,middle
W2905059907,A5013754599,last
W2905104009,A5063087627,middle
W2905104009,A5088773540,middle
W2905104009,A5088773540,last
W2905148012,A5056866203,middle
W2905148012,A5079703038,last
W2905210865,A5022467264,first
W2905373700,A5007289720,first
W2905373700,A5067231523,last
W2905393934,A5077587036,first
W2905498811,A5014078084,first
W2905498811,A5041220813,middle
W2905498811,A5014597941,middle
W2905498811,A5012077298,last
W2905683673,A5040250564,first
W2905683673,A5063232741,last
W2905734975,A5022121668,middle
W2905825492,A5006193639,first
W2905873359,A5071262206,first
W2905873359,A5071262206,last
W2905963975,A5076969286,first
W2906117371,A5085055899,first
W2906117371,A5046625836,middle
W2906117371,A5027961582,middle
W2906237876,A5042843799,first
W2906237876,A5030628024,middle
W2906237876,A5070432997,middle
W2906237876,A5049177709,middle
W2906237876,A5018851377,middle
W2906237876,A5086001240,middle
W2906240762,A5091488899,first
W2906365464,A5016252624,first
W2906365464,A5088573517,middle
W2906386398,A5049533477,first
W2906386398,A5060859546,middle
W2906386398,A5060839259,middle
W2906440622,A5052287475,first
W2906459850,A5040090013,first
W2906526658,A5056457723,first
W2906728300,A5054997402,last
W2906744797,A5016336989,first
W2906830811,A5032883452,first
W2906875891,A5069272947,first
W2906904752,A5080299749,middle
W2907186434,A5087103237,first
W2907335657,A5029855697,first
W2907335657,A5022994735,middle
W2907335657,A5069621169,middle
W2907335657,A5046433224,middle
W2907335657,A5063351141,last
W2907416968,A5003059745,first
W2907431086,A5050262009,first
W2907500860,A5091111184,first
W2907626663,A5019300753,first
W2907792177,A5075248091,first
W2907816252,A5084865620,first
W2907834287,A5012749835,first
W2907834287,A5028293171,last
W2907933339,A5030571810,first
W2907933339,A5079646776,middle
W2907933339,A5014873401,middle
W2907933339,A5007781745,middle
W2907933339,A5040261980,middle
W2907943942,A5002098738,first
W2907991301,A5067612545,first
W2908119853,A5060358754,first
W2908119853,A5042944723,middle
W2908119853,A5033692670,middle
W2908119853,A5046867271,last
W2908133761,A5006035066,middle
W2908133761,A5034399299,middle
W2908133761,A5013598689,middle
W2908133761,A5027480849,last
W2908168827,A5067722086,first
W2908383114,A5083153534,last
W2908581474,A5064669606,first
W2908686322,A5011466629,first
W2908691599,A5046257126,first
W2908691599,A5040604289,last
W2908744652,A5015129792,first
W2908954412,A5011198932,first
W2909185673,A5089548492,first
W2909207912,A5039984550,first
W2909222159,A5091568769,first
W2909309035,A5085224650,first
W2909379137,A5079357805,first
W2909379137,A5001052072,middle
W2909379137,A5000267925,middle
W2909379137,A5066967599,middle
W2909379137,A5070391893,last
W2909515565,A5007718967,first
W2909515565,A5033471518,last
W2909618266,A5066392573,first
W2909928324,A5002027879,first
W2909928324,A5022425127,middle
W2909928324,A5057043630,last
W2909970779,A5015639435,first
W2910048965,A5026908578,first
W2910266448,A5072125123,first
W2910409625,A5023018999,first
W2910409625,A5029400117,middle
W2910409625,A5038669776,middle
W2910409625,A5022071894,middle
W2910409625,A5022972921,middle
W2910409625,A5014975311,last
W2910474419,A5041346094,first
W2910474419,A5008154038,last
W2910910232,A5014997928,first
W2911065127,A5090165417,last
W2911323230,A5020254377,first
W2911536033,A5071538220,first
W2911657108,A5021797294,first
W2911657108,A5003896096,middle
W2911657108,A5021947145,last
W2911815834,A5045103919,first
W2911815834,A5044471799,middle
W2911815834,A5020095710,middle
W2911815834,A5015705042,last
W2911861330,A5003579441,first
W2911902695,A5010313058,first
W2912501701,A5056478052,first
W2912501701,A5036789938,last
W2912562865,A5060621628,first
W2912630667,A5042529608,last
W2913078803,A5084153650,first
W2913078803,A5088261260,middle
W2913078803,A5018375599,middle
W2913078803,A5011045028,middle
W2913078803,A5063227743,middle
W2913078803,A5056892202,middle
W2913078803,A5027862575,last
W2913115616,A5054617824,first
W2913254656,A5069148706,first
W2913254656,A5077398892,middle
W2913254656,A5035908722,last
W2913397501,A5062171574,first
W2913446633,A5045643358,first
W2913452598,A5004191688,first
W2913452598,A5008287533,middle
W2913452598,A5045879142,last
W2913484691,A5079948174,first
W2913605786,A5030114446,first
W2913642386,A5039202154,middle
W2913687493,A5009662232,first
W2913968588,A5059572265,first
W2913977933,A5006151150,first
W2913988024,A5021089781,first
W2913988024,A5041588523,middle
W2913988024,A5057215675,last
W2914110174,A5013047474,first
W2914110174,A5084401124,last
W2914156697,A5047004719,middle
W2914156697,A5025766461,middle
W2914156697,A5001378235,last
W2914259889,A5086513946,first
W2914316728,A5034437304,first
W2914409449,A5011361507,first
W2914409449,A5005072283,middle
W2914409449,A5066499473,middle
W2914409449,A5038804417,last
W2914429640,A5006849736,first
W2914542899,A5086166406,first
W2914663829,A5069313811,first
W2914663829,A5019453069,last
W2914752122,A5030477716,middle
W2915072352,A5035663513,first
W2915890232,A5053328508,first
W2915890232,A5055416007,last
W2916537398,A5002427757,first
W2916596734,A5084146015,first
W2916909342,A5019489166,first
W2916909342,A5025097632,middle
W2916909342,A5065820146,last
W2916953727,A5030702179,first
W2917114981,A5060342235,first
W2917114981,A5004740671,middle
W2917114981,A5029538388,last
W2917291033,A5044725661,first
W2917400006,A5053259338,first
W2917400006,A5054811733,last
W2917634272,A5066036328,last
W2917811181,A5036722831,first
W2917811181,A5025322443,middle
W2918142956,A5017754561,first
W2918190516,A5011466629,first
W2918909932,A5049417438,first
W2918909932,A5012667644,last
W2919731931,A5061249763,first
W2920437189,A5063613109,first
W2920437189,A5001592685,middle
W2920437189,A5083203245,last
W2920740113,A5059869608,first
W2920903229,A5042006835,first
W2920903229,A5074732015,last
W2921010948,A5061078240,first
W2921103986,A5080740138,first
W2921139603,A5082557029,first
W2921591353,A5035902839,first
W2921620490,A5012259705,last
W2921988787,A5042620889,first
W2921988787,A5057215675,middle
W2921988787,A5080607601,last
W2922596606,A5016549645,last
W2922719929,A5084071142,first
W2922721683,A5030239102,first
W2922721683,A5036248045,middle
W2923177654,A5037880759,first
W2923177654,A5036128581,middle
W2923177654,A5086041678,last
W2923534827,A5028974192,first
W2923933340,A5054862685,first
W2924338395,A5048602133,first
W2924338395,A5084880581,last
W2924476832,A5067727119,first
W2924479446,A5075365208,first
W2924732108,A5000982829,first
W2925305651,A5049352418,first
W2925305651,A5051993117,last
W2931145807,A5016222661,first
W2932706478,A5054766285,first
W2934474762,A5005350139,first
W2934772462,A5023600903,last
W2936182442,A5051234257,first
W2936564471,A5056137946,first
W2936564471,A5007429654,middle
W2936564471,A5070788015,middle
W2936564471,A5047766247,middle
W2936564471,A5090204404,last
W2937111841,A5014100758,middle
W2937197788,A5053395388,first
W2937465684,A5088308988,first
W2937465684,A5076674918,middle
W2937465684,A5002305347,middle
W2937465684,A5065980941,middle
W2937465684,A5004993070,last
W2937644573,A5014438135,first
W2937644573,A5075394907,middle
W2937644573,A5086689025,last
W2937783056,A5068726680,first
W2938055081,A5036722831,first
W2938147808,A5007349672,first
W2938147808,A5052362645,middle
W2938147808,A5076774589,middle
W2938147808,A5075830877,middle
W2938147808,A5062936650,last
W2938879213,A5036313535,middle
W2938879213,A5037633168,middle
W2938879213,A5012451008,middle
W2938879213,A5011293986,middle
W2938939143,A5022164566,first
W2941208131,A5023287214,first
W2941208131,A5036079811,last
W2941925706,A5005482363,first
W2942866525,A5047046643,first
W2942866525,A5072539388,middle
W2942866525,A5040437375,middle
W2942866525,A5073824764,middle
W2942866525,A5091165056,middle
W2942866525,A5004916797,middle
W2942931362,A5076786517,first
W2942931362,A5013744245,last
W2944136770,A5064924149,first
W2944309888,A5057105042,first
W2944339030,A5038048546,first
W2944339030,A5058166217,middle
W2944339030,A5048583478,last
W2944574993,A5017326471,first
W2944574993,A5079997651,middle
W2944574993,A5027706529,middle
W2944574993,A5002501413,last
W2944716157,A5051114509,first
W2944810839,A5087621364,first
W2944810839,A5053300261,middle
W2944810839,A5046030036,last
W2944819618,A5047237052,first
W2944819618,A5068616270,middle
W2944819618,A5079745190,last
W2945196806,A5083365460,first
W2945196806,A5061222346,middle
W2945196806,A5046826650,middle
W2945196806,A5044077211,last
W2945528347,A5072333684,last
W2945671495,A5083365460,first
W2945671495,A5041281094,middle
W2945671495,A5007462386,middle
W2945671495,A5042766889,middle
W2945671495,A5088289092,middle
W2945671495,A5062767287,middle
W2945671495,A5068274020,middle
W2945671495,A5035566210,middle
W2945671495,A5048325805,middle
W2945671495,A5025375129,middle
W2945671495,A5068397109,middle
W2945671495,A5003722908,middle
W2945671495,A5039782094,middle
W2945671495,A5022384773,middle
W2945671495,A5075340592,middle
W2945671495,A5020418265,middle
W2945671495,A5048821886,last
W2945709080,A5021523372,middle
W2945919213,A5058074271,first
W2945919213,A5065396938,middle
W2945919213,A5065353209,middle
W2945919213,A5021541754,middle
W2945922666,A5061419471,first
W2946052727,A5035800510,first
W2946052727,A5071953423,last
W2946200047,A5049662768,first
W2946200047,A5042700944,middle
W2946200047,A5082437449,last
W2946529738,A5027190519,last
W2946549952,A5015194249,first
W2946549952,A5012700237,middle
W2946549952,A5049089277,last
W2946795144,A5048277088,first
W2947408029,A5088201292,first
W2947520985,A5024654679,first
W2947758427,A5059001924,first
W2947981602,A5073090115,first
W2948363490,A5054204683,first
W2948363490,A5046910432,last
W2948507518,A5082830586,first
W2948984390,A5013691247,first
W2948986478,A5072025025,first
W2948986478,A5052703085,middle
W2948986478,A5069432042,middle
W2948986478,A5024184433,middle
W2948986478,A5068531236,last
W2949106494,A5069115650,first
W2949358806,A5084293899,last
W2949715957,A5049491141,first
W2949715957,A5025408765,middle
W2949715957,A5086948169,middle
W2949715957,A5057571751,middle
W2949715957,A5016347476,middle
W2949715957,A5083521045,last
W2949735140,A5081817597,first
W2950815083,A5080419271,first
W2950935800,A5034995797,first
W2950935800,A5031215253,middle
W2950935800,A5075750933,last
W2951779230,A5053305036,first
W2951779230,A5011409545,last
W2951891763,A5044789227,first
W2951909982,A5086555187,first
W2951909982,A5046732485,middle
W2951909982,A5023770552,middle
W2951909982,A5054687784,middle
W2951909982,A5027265271,middle
W2951973486,A5055651722,first
W2951973486,A5017251198,middle
W2951973486,A5071193114,middle
W2951973486,A5027428789,middle
W2951973486,A5087659689,middle
W2951973486,A5062053942,last
W2951989466,A5039753473,first
W2952274833,A5047679407,first
W2952274833,A5085891679,last
W2952943052,A5030955986,first
W2952943052,A5079881929,middle
W2952943052,A5047339175,middle
W2952943052,A5011508990,last
W2954110998,A5076205810,middle
W2954110998,A5031760676,middle
W2954110998,A5026443758,last
W2954259607,A5068327848,first
W2954935926,A5069845822,first
W2955009141,A5090738326,first
W2955021804,A5085272326,middle
W2955026516,A5001903780,first
W2955288464,A5059490857,first
W2955475561,A5020310463,first
W2955475561,A5028143781,last
W2955603359,A5068370225,first
W2955603359,A5070921568,middle
W2955603359,A5088217927,middle
W2955603359,A5040160899,middle
W2955603359,A5002452272,last
W2955736810,A5062659356,middle
W2956041297,A5088197388,first
W2956071017,A5013468757,first
W2956071017,A5000118141,last
W2956126250,A5060077168,first
W2956555720,A5078594026,first
W2957891972,A5086829278,last
W2959843859,A5038563745,first
W2960002801,A5031271088,first
W2960002801,A5082679007,middle
W2960002801,A5009046975,last
W2960858555,A5014790021,middle
W2960858555,A5089365591,middle
W2960858555,A5045479633,middle
W2962407911,A5046698524,first
W2962790419,A5000320822,middle
W2963053874,A5065901303,last
W2963904108,A5014987798,first
W2964170181,A5000143938,first
W2964273438,A5050253226,first
W2964694177,A5033281717,first
W2965270182,A5025604189,first
W2965270182,A5049516208,middle
W2965270182,A5029450263,last
W2965487165,A5060242586,first
W2966429183,A5019513884,first
W2966764523,A5044586993,first
W2967334658,A5067307112,first
W2967909609,A5084753587,first
W2968463920,A5028987575,first
W2969461968,A5034693908,middle
W2969461968,A5090158426,last
W2969619019,A5029428134,first
W2969780574,A5010320111,first
W2970047291,A5007832979,first
W2970090714,A5058686408,first
W2970142417,A5087980205,first
W2970162947,A5016314879,first
W2970238227,A5060568399,first
W2970277619,A5048302225,middle
W2970277619,A5084851156,middle
W2970277619,A5060301930,middle
W2970277619,A5019196462,last
W2970328221,A5037275153,first
W2970420158,A5057980684,first
W2970420158,A5052797961,last
W2970423483,A5028653647,first
W2970547213,A5084204089,first
W2970549407,A5077292533,first
W2970576159,A5009140651,first
W2970684330,A5066691587,first
W2970740758,A5090534902,first
W2970740758,A5044129236,last
W2970808876,A5063116902,first
W2970853197,A5023625780,first
W2970977811,A5066800919,first
W2970977811,A5063119906,middle
W2970977811,A5069041011,last
W2971012909,A5089199027,first
W2971024768,A5088658259,first
W2971024768,A5027652330,last
W2971061452,A5060599622,first
W2971085642,A5005953524,first
W2971085642,A5047340145,last
W2971111740,A5050946774,first
W2971280004,A5033717113,first
W2971345190,A5079434890,first
W2971491398,A5078292413,first
W2971491398,A5048214969,last
W2971937552,A5002879297,first
W2971937552,A5052933367,middle
W2971937552,A5071610141,last
W2971942692,A5036205709,first
W2971956093,A5090805320,first
W2971956093,A5078676366,last
W2972029398,A5081314604,first
W2972830156,A5041317854,first
W2972832706,A5049366007,first
W2973010730,A5078076211,first
W2973473682,A5007792638,first
W2973644701,A5084310114,first
W2973644701,A5024239321,last
W2974110149,A5056955579,first
W2974128392,A5061770338,first
W2974128392,A5066700066,last
W2974201844,A5036483564,first
W2974383650,A5019236770,first
W2974383650,A5047555947,last
W2974474974,A5046435231,first
W2974474974,A5021312670,middle
W2974543887,A5010548129,first
W2975554317,A5009164938,first
W2975754351,A5059176055,first
W2976010303,A5091723253,first
W2976220729,A5014789284,first
W2976387847,A5060204100,first
W2976451348,A5077848839,first
W2976451348,A5076557159,middle
W2976451348,A5028723705,last
W2976668583,A5002970133,first
W2976668583,A5064389860,middle
W2976668583,A5047499530,middle
W2976668583,A5073201403,last
W2977167015,A5037121744,first
W2977167015,A5048175000,middle
W2977167015,A5089148668,middle
W2977167015,A5024362147,middle
W2977167015,A5083821830,last
W2978132669,A5035904230,first
W2978132669,A5072639010,middle
W2978132669,A5073368209,middle
W2978132669,A5004208288,middle
W2978132669,A5070503010,last
W2978220975,A5034917021,first
W2978601369,A5069874026,first
W2978601369,A5020358865,middle
W2978601369,A5061496724,last
W2978837456,A5032132997,middle
W2978867244,A5053081905,first
W2978931095,A5080397541,last
W2979016320,A5029384171,first
W2979016320,A5035919267,middle
W2979016320,A5001714538,middle
W2979016320,A5081782440,middle
W2979016320,A5040401781,last
W2979179393,A5060998135,first
W2979901005,A5083420537,first
W2980860604,A5029805698,first
W2980860604,A5047553523,middle
W2980860604,A5049881815,middle
W2980860604,A5033512118,last
W2980865111,A5006494576,first
W2981490975,A5073027507,first
W2981490975,A5052347812,middle
W2981490975,A5003645987,middle
W2981490975,A5055769728,middle
W2981490975,A5023859439,middle
W2981490975,A5056123517,middle
W2981490975,A5079590099,middle
W2981490975,A5004650353,last
W2981886562,A5055852370,last
W2981915938,A5036948425,first
W2981915938,A5007513751,middle
W2981915938,A5024097140,last
W2983233294,A5032993700,first
W2983233294,A5005803234,last
W2984199480,A5018911577,first
W2984199480,A5053313174,last
W2984506757,A5019751498,first
W2984506757,A5058927105,last
W2985281241,A5042805604,first
W2985281241,A5042778267,middle
W2985281241,A5031476598,last
W2988041840,A5039659020,middle
W2988288420,A5003067491,middle
W2988288420,A5029188594,middle
W2988520017,A5054952975,first
W2988689256,A5025074757,first
W2989337849,A5057454661,first
W2990080203,A5040233627,first
W2990199015,A5024664490,first
W2990199015,A5041806215,middle
W2990199015,A5063004123,middle
W2990199015,A5090445142,middle
W2990199015,A5045849481,middle
W2990199015,A5026912732,last
W2990425701,A5076955221,first
W2990446240,A5038265911,first
W2990463910,A5072662963,first
W2990574707,A5082190371,first
W2990880479,A5011307781,first
W2990883898,A5001757189,first
W2991120381,A5043728503,first
W2991156611,A5082610868,last
W2991217250,A5014638847,first
W2991616663,A5002555209,first
W2991616663,A5064592375,middle
W2991684344,A5058865022,first
W2991715546,A5080640458,first
W2991776370,A5000875826,middle
W2991776370,A5022153143,last
W2991865288,A5033051443,first
W2992371668,A5008074400,first
W2993392869,A5014812510,first
W2993734408,A5024856343,first
W2993734408,A5082277105,last
W2994740560,A5032571830,first
W2994792033,A5064025183,first
W2994792033,A5035502074,last
W2995026605,A5019152600,middle
W2995586026,A5008006977,first
W2996098179,A5065721750,first
W2996098179,A5006016609,middle
W2996098179,A5018207100,last
W2996826646,A5016075426,middle
W2996826646,A5076524025,last
W2997188615,A5015463109,first
W2997307763,A5047877922,first
W2997337516,A5001630834,first
W2997337516,A5041866872,last
W2997476460,A5078798863,middle
W2997776084,A5026430952,first
W2998346668,A5031703652,first
W2998346668,A5065607470,middle
W2998618329,A5047824037,first
W2998618329,A5003560222,last
W2998716661,A5029655819,first
W2998956228,A5061009833,first
W2998956228,A5069704629,last
W2999161593,A5068346716,middle
W2999161593,A5034323397,last
W2999249560,A5084230337,first
W2999249560,A5085031981,middle
W2999249560,A5076868461,last
W2999636529,A5054487356,first
W2999876526,A5039531890,middle
W2999882088,A5056622770,last
W3000064793,A5076363759,last
W3000373417,A5011709144,first
W3000373417,A5057345471,middle
W3000373417,A5039253696,middle
W3000373417,A5046020736,last
W3000688269,A5001996050,last
W3000739793,A5047525543,first
W3000781945,A5020344574,middle
W3000781945,A5002855497,middle
W3000781945,A5046173193,middle
W3000781945,A5078138776,middle
W3000781945,A5047871627,middle
W3000781945,A5041231488,last
W3000989341,A5029325643,first
W3000989341,A5084367389,last
W3001004720,A5032965630,first
W3002284541,A5067323690,first
W3002284541,A5072352760,last
W3002479491,A5069353228,first
W3002479491,A5066077296,middle
W3002479491,A5066187890,middle
W3002479491,A5039482178,last
W3002481506,A5044488112,first
W3002664601,A5019567980,first
W3002790206,A5026602064,first
W3003027695,A5043535021,first
W3003442112,A5000000930,middle
W3004905496,A5071164290,first
W3004905496,A5015555181,last
W3005018521,A5041065120,first
W3005111253,A5055476024,first
W3005564375,A5023807359,first
W3005569642,A5087542455,first
W3005569642,A5060033388,last
W3005674901,A5029466513,first
W3005915845,A5065922323,first
W3005915845,A5006608970,middle
W3005915845,A5082392125,last
W3006358144,A5022957551,first
W3006604677,A5010641948,first
W3006867625,A5035240470,middle
W3006884996,A5040499839,first
W3008547998,A5082881413,first
W3009083581,A5047962926,first
W3009109036,A5031705322,first
W3009406693,A5089939075,first
W3010814719,A5021169417,first
W3010814719,A5090118894,last
W3011183391,A5048701946,first
W3011183391,A5087667273,middle
W3011418142,A5062041438,first
W3011418142,A5090287644,middle
W3011418142,A5017870557,middle
W3011418142,A5058838804,middle
W3011418142,A5040001719,middle
W3011418142,A5058668148,last
W3013222850,A5049897140,first
W3013922780,A5040389724,first
W3015144559,A5057308995,first
W3015144559,A5090516089,last
W3015172538,A5009511898,first
W3015443381,A5055158724,first
W3015458298,A5070451506,first
W3015682154,A5069269172,first
W3015945743,A5069512650,first
W3015985514,A5053103453,first
W3017609229,A5042371113,first
W3021025792,A5007222325,first
W3021025792,A5046695536,middle
W3021025792,A5074167224,middle
W3021025792,A5065229483,middle
W3021025792,A5088035307,last
W3021200901,A5072661451,first
W3021200901,A5001172312,middle
W3021200901,A5084828574,last
W3021485317,A5037094318,first
W3021531878,A5035355993,first
W3021556747,A5064366529,first
W3022039142,A5091421960,first
W3022039142,A5075808202,middle
W3022039142,A5029413634,middle
W3022039142,A5007356161,middle
W3022039142,A5089270767,last
W3022604703,A5058546401,first
W3022812129,A5077630267,first
W3022812129,A5055587668,middle
W3022812129,A5002905948,middle
W3022812129,A5010906829,middle
W3022812129,A5029260213,middle
W3022812129,A5023493127,middle
W3022812129,A5069179055,middle
W3022812129,A5073507574,middle
W3022812129,A5008103968,middle
W3022812129,A5061241647,middle
W3022812129,A5084778782,middle
W3022812129,A5083464568,middle
W3022812129,A5032968409,middle
W3022812129,A5082882667,middle
W3022812129,A5089575197,last
W3022972064,A5019387398,first
W3022972064,A5049525856,middle
W3022972064,A5007660738,middle
W3022972064,A5090579531,middle
W3022972064,A5031809108,last
W3023829493,A5038023618,first
W3024023755,A5017523300,first
W3024023755,A5013849208,last
W3024401633,A5089179753,first
W3024669471,A5026901317,first
W3024669471,A5086713264,last
W3030324562,A5083369863,first
W3031231235,A5023638199,first
W3031231235,A5029533833,middle
W3031231235,A5034930946,last
W3031391443,A5089764170,first
W3032000467,A5027843256,first
W3033240188,A5003906710,middle
W3033240188,A5027708560,middle
W3033240188,A5015604654,last
W3033435561,A5012017851,first
W3034490922,A5019720452,first
W3034962348,A5015734871,first
W3034962348,A5012948510,last
W3035409486,A5000638135,first
W3036086682,A5012703845,first
W3036086682,A5089205317,middle
W3036086682,A5053214329,last
W3037745528,A5087126106,first
W303909009,A5061568872,first
W303909009,A5050849027,middle
W303909009,A5016651335,last
W3040587222,A5054729540,middle
W3040587222,A5057814451,middle
W3041555175,A5078305333,first
W3041555175,A5019309075,middle
W3041555175,A5032111132,last
W3042334837,A5047216109,first
W3042445582,A5090728423,first
W3042445582,A5041550474,middle
W3042547662,A5076224482,last
W3042681442,A5049555582,first
W3042885363,A5056488578,first
W3042996543,A5038219293,first
W3043021426,A5074147556,first
W3043139341,A5081938937,last
W3044402460,A5090162029,first
W3044446233,A5081229928,first
W3045004441,A5038712987,first
W3045004441,A5006966951,last
W3045319304,A5004222927,first
W3045340377,A5036746954,first
W3046527903,A5033851703,first
W3046527903,A5088088698,middle
W3046527903,A5043448211,middle
W3046527903,A5091904987,middle
W3046527903,A5026808011,last
W3048450800,A5065692839,first
W3048450800,A5052146430,last
W3048536121,A5038566015,first
W3049469178,A5003495763,first
W3080323207,A5020415668,first
W3080323207,A5072958491,middle
W3080323207,A5040168235,last
W3082935766,A5055450995,first
W3083363305,A5006980824,first
W3083376569,A5077630267,first
W3083376569,A5055587668,middle
W3083376569,A5049150711,middle
W3083376569,A5083445640,middle
W3083376569,A5029260213,middle
W3083376569,A5023493127,middle
W3083376569,A5065402185,middle
W3083376569,A5072083470,middle
W3083376569,A5041762013,middle
W3083376569,A5046955009,middle
W3083376569,A5021882557,middle
W3083376569,A5085228308,middle
W3083376569,A5031371103,middle
W3083376569,A5042645593,middle
W3083376569,A5083464568,middle
W3083376569,A5006937759,middle
W3083376569,A5029098035,last
W3084699720,A5043739234,first
W3085865222,A5085060299,last
W3088361508,A5036418930,first
W3088361508,A5058054791,last
W3089935856,A5033580974,first
W3091992155,A5035876418,first
W3091992155,A5006632660,middle
W3091992155,A5072503957,last
W3092351571,A5059283207,middle
W3092351571,A5068230098,last
W3092648158,A5025588068,first
W3093298591,A5065603792,first
W3094772487,A5029029594,first
W3094772487,A5035274820,last
W3094985840,A5029323227,first
W3094985840,A5027277210,middle
W3094985840,A5039202649,middle
W3094985840,A5007760832,last
W3096001994,A5052724932,first
W3096001994,A5069292182,last
W3097059735,A5047817959,first
W3099595065,A5048876887,middle
W3099595065,A5036239818,middle
W3099595065,A5014715208,last
W3101698737,A5029466870,first
W3102162226,A5032716678,last
W3103754794,A5038509770,first
W3103754794,A5051246328,middle
W3103754794,A5032306956,last
W3104089315,A5070045969,first
W3105650030,A5027210829,first
W3105650030,A5058290707,middle
W3105650030,A5046907706,middle
W3105650030,A5077737512,middle
W3105650030,A5011066754,middle
W3105650030,A5088455497,middle
W3105650030,A5029092355,middle
W3105650030,A5027761977,last
W3106466228,A5069609720,first
W3106466228,A5077638675,middle
W3106466228,A5079769433,last
W3106856962,A5079030209,first
W3106893437,A5089510150,first
W3107070263,A5067193631,first
W3107070263,A5076759099,middle
W3107070263,A5026459289,middle
W3107070263,A5056896764,last
W3107438971,A5074221470,first
W3107698310,A5000209112,first
W3108617265,A5058101296,first
W3108822455,A5054045967,middle
W3110062706,A5081678170,first
W3110171631,A5049081595,first
W3110949613,A5000956371,first
W3111236403,A5050085003,first
W3112139167,A5085765854,first
W3113072414,A5012242083,first
W3113072414,A5026277978,middle
W3113072414,A5062292584,middle
W3113072414,A5022671404,middle
W3113072414,A5020116998,middle
W3113072414,A5061766614,last
W3113088546,A5082576141,first
W3113088546,A5007081337,middle
W3113088546,A5019044789,middle
W3113088546,A5082763737,last
W3113162289,A5077391080,first
W3114298004,A5012064717,first
W3115361091,A5024045124,first
W3118391021,A5057484918,first
W3118770253,A5059137500,first
W3119068601,A5009687652,first
W3119068601,A5049533407,middle
W3119406609,A5074164532,first
W3119406609,A5036228775,middle
W3119406609,A5032234075,last
W3119670327,A5052239762,first
W3119670327,A5006595915,middle
W3119670327,A5083947113,last
W3120264225,A5088696583,first
W3120264225,A5040953644,last
W3120416042,A5088201292,first
W3122105404,A5040450505,first
W3122759224,A5036583267,first
W3122759224,A5075292468,middle
W3122759224,A5034694502,last
W3123622265,A5075942748,first
W3123622265,A5080988465,last
W3123983399,A5089351189,last
W3124398886,A5051371497,first
W3124528262,A5000325979,last
W3125475029,A5067743538,first
W3126187596,A5030657462,first
W3126272238,A5058023476,first
W3126276867,A5034995797,first
W3126817728,A5039765065,first
W3127211444,A5081008721,first
W3127211444,A5081815959,last
W3127502352,A5072959518,first
W3127502352,A5021811279,middle
W3127502352,A5050729175,last
W3128252200,A5084131011,first
W3128280771,A5000874394,first
W3129611842,A5046746726,first
W3131075976,A5008763383,last
W3132092974,A5045797300,first
W3132160025,A5030646218,first
W3132160025,A5061589828,last
W3132186778,A5000512876,first
W3132186778,A5061285898,last
W3133221824,A5091136016,first
W3133221824,A5009034971,middle
W3133221824,A5056275572,middle
W3133221824,A5012730104,last
W3133508809,A5045452648,first
W3133552658,A5022292069,first
W3134858752,A5053819321,first
W3134858752,A5001462349,middle
W3134858752,A5018713641,last
W3136676280,A5066709254,first
W3136676280,A5044475069,middle
W3136676280,A5079152917,middle
W3136676280,A5012758634,middle
W3136815814,A5060892722,middle
W3136815814,A5013174025,last
W3137973521,A5030576167,middle
W3137973521,A5045815409,middle
W3137973521,A5079646040,middle
W3137973521,A5033169668,middle
W3137973521,A5002520399,last
W3138754713,A5070667566,first
W3139398240,A5048340039,first
W3139398240,A5086266449,middle
W3141879274,A5065969325,first
W3142047574,A5060006507,first
W3144807579,A5031987743,last
W3145028966,A5090468012,first
W3148021554,A5002141743,middle
W3148021554,A5015684803,middle
W3148021554,A5035968362,middle
W3149726279,A5083525475,first
W3150597516,A5020802157,first
W3150734357,A5048058793,middle
W3151710375,A5000975435,first
W3151710375,A5062283593,middle
W3151724855,A5028815058,first
W3153701638,A5032729775,first
W3153701638,A5072207649,middle
W3153701638,A5077871846,last
W3153904378,A5069068878,first
W3153904378,A5025097632,last
W3155205798,A5057105042,first
W3157232645,A5020680402,first
W3157232645,A5079728203,last
W3157239271,A5055435555,first
W3157592218,A5064867241,first
W3157671824,A5016953181,first
W3157671824,A5011949661,middle
W3157671824,A5000055372,middle
W3157671824,A5024166388,last
W3157810822,A5053178984,first
W3157942385,A5089675121,first
W3157942385,A5080028071,last
W3157953209,A5012389938,middle
W3157953209,A5057921104,middle
W3157984133,A5074714690,first
W3158569864,A5090445830,first
W3158569864,A5020231952,middle
W3158569864,A5034931207,middle
W3158569864,A5067701783,last
W3159061145,A5016819758,first
W3159097721,A5061046549,first
W3159114429,A5022911583,first
W3159450951,A5001086146,first
W3159450951,A5039613107,last
W3159719734,A5053078684,first
W3159737536,A5000874394,first
W3160091507,A5065014144,first
W3160091507,A5064399866,middle
W3160091507,A5046167827,middle
W3160091507,A5082760460,last
W3160400016,A5027889696,last
W3160855286,A5020306808,first
W3161014944,A5022644023,last
W3161591992,A5013691247,first
W3161938386,A5042683841,first
W3162317925,A5090400959,first
W3162544901,A5031290426,first
W3162836634,A5027156159,first
W3162836634,A5064002639,last
W3163158582,A5022457625,first
W3163314445,A5082557029,first
W3163314445,A5018167947,last
W3165035386,A5086810812,first
W3165308536,A5006576758,first
W3165767388,A5003416111,last
W3168113949,A5044544868,first
W3168113949,A5054385012,middle
W3168113949,A5048453541,last
W3169713520,A5033966208,first
W3170376071,A5032543777,first
W3170376071,A5089797194,middle
W3170376071,A5079757002,middle
W3170376071,A5018944119,last
W3171573297,A5026341306,first
W3171573297,A5000037532,middle
W3171573297,A5059819810,last
W3173239227,A5061151861,last
W3173508447,A5007074763,first
W3174188316,A5034061494,first
W3177131194,A5043287052,first
W3182313804,A5015086558,first
W3183519965,A5006082418,first
W3184163683,A5012919085,first
W3185667066,A5031424456,first
W3186298969,A5088410108,first
W3189461114,A5053116848,first
W3189821652,A5016416125,first
W3190035709,A5084665500,first
W3190035709,A5066345725,last
W3191448812,A5044528555,first
W3191448812,A5056482307,middle
W3191448812,A5048669520,last
W3191668879,A5069820567,first
W3192200663,A5087007601,first
W3192255712,A5016067477,first
W3192255712,A5054388070,last
W3192456552,A5021872235,first
W3193321391,A5052287475,first
W3193350848,A5065576608,first
W3193436436,A5062786685,first
W3194010450,A5054252986,last
W3194098247,A5006494576,first
W3194203098,A5072110183,first
W3194682896,A5085259867,first
W3194858243,A5016218862,first
W3195038095,A5051561723,first
W3195264325,A5038324680,first
W3196342748,A5040032556,first
W3197283146,A5018931412,first
W3197701866,A5026607137,first
W3197701866,A5000577025,last
W3197979581,A5091189502,first
W3197979581,A5069702452,last
W3198727761,A5004388759,first
W3199610564,A5059332839,first
W3199783319,A5025369451,first
W3199873586,A5028073912,first
W3199873586,A5008278786,middle
W3200588260,A5072222653,first
W3200715071,A5050852920,middle
W3202644524,A5019947674,first
W3204160987,A5037823914,first
W3204202941,A5061723535,first
W3205674586,A5010296051,first
W3205674586,A5075983291,middle
W3205674586,A5078345211,last
W3206472141,A5030456223,first
W3206472141,A5038476051,last
W3206938849,A5024091899,first
W3206938849,A5061782786,middle
W3206938849,A5007446175,middle
W3206938849,A5038380720,middle
W3206938849,A5052225367,middle
W3206938849,A5055111984,last
W3207083495,A5001693960,first
W3207083495,A5053261136,middle
W3207083495,A5077837597,last
W3207155446,A5024091899,first
W3207155446,A5061782786,middle
W3207155446,A5007446175,middle
W3207155446,A5038380720,middle
W3207155446,A5052225367,middle
W3207155446,A5055111984,last
W3207389516,A5000965220,first
W3208415666,A5056880615,first
W3208550692,A5059757804,middle
W3208647483,A5056078130,first
W3208691635,A5050377449,first
W3208734334,A5054797050,first
W3208734334,A5065837677,last
W3210281757,A5069920834,first
W3210667995,A5017781286,first
W3210667995,A5080607601,middle
W3210667995,A5037762972,last
W3211870751,A5054390222,last
W3211888416,A5000751233,last
W3212511690,A5002858527,first
W3212540349,A5050909872,first
W3213926804,A5007639805,first
W3214058016,A5076214858,first
W3216450099,A5000288793,first
W3216450099,A5010058559,middle
W3216450099,A5091180862,middle
W3216450099,A5013635993,middle
W3216450099,A5013025849,last
W347259659,A5077182035,first
W360363118,A5051884721,first
W360363118,A5018338763,last
W390942286,A5024494276,first
W398276130,A5040863296,first
W4205905465,A5084153650,first
W4205905465,A5088261260,middle
W4205905465,A5018375599,middle
W4205905465,A5011045028,middle
W4205905465,A5063227743,middle
W4205905465,A5056892202,middle
W4205905465,A5027862575,last
W4206078672,A5027156159,first
W4206078672,A5064002639,middle
W4206383696,A5005849526,first
W4206762583,A5039742693,first
W4206762583,A5021901258,middle
W4206762583,A5011521692,middle
W4206762583,A5032407315,last
W4206859289,A5006030692,middle
W4214941203,A5037816423,last
W4229614995,A5049475868,first
W4229714867,A5028762537,middle
W4229839024,A5013861626,first
W4230222587,A5030506701,first
W4230222587,A5060592685,last
W4230433429,A5004955754,middle
W4230583418,A5035816930,first
W4230583418,A5035466033,middle
W4230583418,A5047592841,last
W4231044318,A5037571534,last
W4231070291,A5054740621,first
W4231070291,A5078058679,last
W4231468010,A5039348290,first
W4231531630,A5075092293,last
W4231532614,A5028171384,first
W4231566138,A5079953468,first
W4231593620,A5014500880,first
W4231609487,A5033397269,first
W4231703356,A5019509861,first
W4231867102,A5038754332,first
W4231890260,A5065086706,first
W4231966206,A5088812981,first
W4232057920,A5005610054,first
W4232074249,A5010400463,first
W4232150707,A5034641763,first
W4232198134,A5075252209,first
W4232710892,A5089996439,first
W4232724009,A5074081869,first
W4232730009,A5015041746,first
W4232862920,A5037571534,last
W4232876124,A5078633097,first
W4233044063,A5007268087,first
W4233098103,A5086108041,first
W4233098103,A5012775344,last
W4233156081,A5028231204,first
W4233195025,A5066734954,first
W4233321680,A5052014007,first
W4233452798,A5039348290,first
W4233670370,A5038754332,first
W4233799707,A5019355486,first
W4233802656,A5047685878,first
W4233824943,A5074534441,first
W4233978305,A5049055839,first
W4233983685,A5032023065,first
W4234006103,A5054808675,first
W4234006103,A5001833084,last
W4234067497,A5014413697,first
W4234067497,A5037130457,last
W4234091820,A5067284113,first
W4234338327,A5084452891,first
W4234373031,A5074887428,first
W4234373031,A5043595448,middle
W4234373031,A5006652905,last
W4234493522,A5057658631,first
W4234646829,A5055500666,first
W4234955434,A5053889460,first
W4235270931,A5084281668,first
W4235278123,A5039348290,first
W4235341087,A5005936929,first
W4235443439,A5020482984,first
W4235766784,A5063446221,first
W4235771930,A5038754332,first
W4236208265,A5017269699,first
W4236249133,A5034968076,last
W4236307290,A5039348290,first
W4236366382,A5010067832,first
W4236527783,A5046475070,first
W4236782554,A5001668653,first
W4236795280,A5012536517,first
W4237005539,A5019509861,first
W4237212754,A5075092293,last
W4237567176,A5074534441,first
W4237644988,A5082773596,last
W4237740863,A5029559430,first
W4237741863,A5028177734,first
W4237966029,A5075640071,middle
W4237966029,A5040265291,middle
W4237966029,A5076829791,middle
W4237999475,A5057100747,first
W4238057233,A5071903732,first
W4238057233,A5005971159,middle
W4238114209,A5087814029,first
W4238277406,A5010708009,first
W4238439485,A5002039998,first
W4238527096,A5044469248,first
W4238579297,A5048855960,first
W4238656203,A5034462620,first
W4238656203,A5050112798,last
W4238871356,A5043651693,first
W4238871356,A5058725243,last
W4238910399,A5012772285,last
W4239109252,A5014329991,first
W4239152530,A5011307781,first
W4239603282,A5088267964,first
W4239815595,A5058698597,first
W4240014311,A5080892223,middle
W4240014311,A5042452579,middle
W4240014311,A5003084232,middle
W4240037714,A5091111184,first
W4240094335,A5075014721,first
W4240144654,A5051199777,first
W4240338953,A5051199777,first
W4240404195,A5000566033,first
W4240638111,A5091340136,first
W4240838379,A5067743538,middle
W4240838379,A5025250674,middle
W4241257491,A5047685878,first
W4241306133,A5047893446,first
W4241306133,A5032056508,middle
W4241306133,A5025474694,middle
W4241306133,A5066608996,last
W4241379367,A5023149101,middle
W4241445977,A5027366670,first
W4241555838,A5043831565,middle
W4241586988,A5030749351,first
W4241766760,A5077357100,first
W4241990111,A5008959531,first
W4242038437,A5037571534,last
W4242201839,A5044020782,first
W4242419505,A5022392851,first
W4242835555,A5052801389,middle
W4242928836,A5033298958,first
W4242988338,A5007210755,first
W4243227015,A5028703297,first
W4243244667,A5050946774,first
W4243245427,A5015886313,first
W4243423910,A5013304554,middle
W4243423910,A5063471945,middle
W4243758007,A5047893446,first
W4243758007,A5057515348,middle
W4243758007,A5025474694,middle
W4243758007,A5066608996,last
W4244073040,A5002171227,last
W4244357279,A5021520315,first
W4244357279,A5022459394,middle
W4244378738,A5052014007,first
W4244407676,A5088665937,first
W4244407676,A5058768233,middle
W4244407676,A5032928854,middle
W4244407676,A5027581501,last
W4244542424,A5039909995,first
W4244603749,A5030334025,last
W4244643673,A5032276006,first
W4244834604,A5025000908,first
W4245253701,A5021620793,first
W4245311515,A5039348290,first
W4245354429,A5039348290,first
W4245380363,A5010033316,middle
W4245559646,A5015167951,first
W4245870989,A5010033316,middle
W4245900994,A5057927701,first
W4245982066,A5029559430,first
W4246103321,A5024590179,first
W4246180381,A5036798684,first
W4246180381,A5011185444,last
W4246212524,A5082645155,first
W4246219616,A5000453966,first
W4246219616,A5003367528,last
W4246230226,A5028631384,first
W4246231848,A5089996439,first
W4246317742,A5053443627,first
W4246317742,A5076785459,last
W4246719125,A5056859585,first
W4246719125,A5072883087,middle
W4246719125,A5023574545,middle
W4246719125,A5039463595,last
W4246820951,A5075566300,first
W4246918260,A5013009407,first
W4246986587,A5012449597,first
W4247012422,A5012404045,first
W4247012422,A5086976067,last
W4247162326,A5041627571,first
W4247311307,A5084313902,first
W4247311307,A5028526661,middle
W4247400609,A5077116089,first
W4247439484,A5013009407,first
W4247462438,A5045565551,first
W4247462438,A5019906371,middle
W4247462438,A5079192313,last
W4247570419,A5065931982,first
W4247628966,A5015897265,first
W4247826630,A5034968076,last
W4247962965,A5010033316,middle
W4248124584,A5078195631,first
W4248280570,A5037558831,first
W4248478879,A5012449597,first
W4248520967,A5090690248,first
W4248568388,A5019355486,first
W4248575844,A5033298958,first
W4248623425,A5079588463,first
W4248668776,A5039348290,first
W4248679390,A5028171384,first
W4249002533,A5084281668,first
W4249071580,A5010845707,first
W4249071580,A5091608695,last
W4249737756,A5051199777,first
W4249829903,A5079342653,first
W4249987823,A5028703297,first
W4250028476,A5002695483,first
W4250237138,A5028703297,first
W4250403461,A5014886788,first
W4250473261,A5034968076,last
W4250508801,A5017922679,first
W4250794484,A5048698192,first
W4250794484,A5001986172,middle
W4250794484,A5005117665,last
W4250834699,A5077026648,last
W4250933519,A5081643763,first
W4251108567,A5049475868,first
W4251238868,A5034462620,first
W4251238868,A5050112798,last
W4251394831,A5019509861,first
W4251477896,A5004198858,first
W4251552374,A5089801184,first
W4251576196,A5045565551,first
W4251576196,A5019906371,middle
W4251576196,A5079192313,last
W4251663296,A5063547323,last
W4251775575,A5034462620,first
W4251775575,A5050112798,last
W4251875780,A5056475160,first
W4252145017,A5028231204,first
W4252228410,A5085284222,last
W4252540506,A5035962270,first
W4252540506,A5028145050,last
W4252566062,A5015897265,first
W4252781220,A5001668653,first
W4252894441,A5012536517,first
W4253071831,A5091387682,first
W4253147819,A5077328267,last
W4253156347,A5048448258,first
W4253508304,A5028703297,first
W4253708937,A5033298958,first
W4253811888,A5017922679,first
W4253820454,A5014909036,first
W4253851064,A5026351162,first
W4253898035,A5034968076,last
W4254065829,A5047895060,first
W4254456003,A5045565551,first
W4254456003,A5019906371,middle
W4254456003,A5079192313,last
W4254539614,A5086022540,first
W4254618310,A5017384631,first
W4254643643,A5037571534,last
W4254720724,A5052014007,first
W4254833307,A5033350754,first
W4254833307,A5027653263,last
W4255148443,A5052886544,first
W4255508378,A5070044992,first
W4255657459,A5080187138,last
W4255896626,A5029559430,first
W4255924078,A5013861626,first
W4256045025,A5047871627,first
W4256062782,A5052014007,first
W4256170068,A5074513022,first
W4256402885,A5000239534,first
W4256492017,A5022787031,first
W4256606601,A5078195631,first
W4256678344,A5030334025,last
W4285017924,A5043716892,first
W4285053035,A5017877687,first
W4285053035,A5027376400,last
W4288357271,A5003469648,first
W4288357271,A5076204770,middle
W4289105685,A5026240321,first
W4289143645,A5047963487,first
W4289143808,A5047963487,first
W4289219492,A5024005264,middle
W4289219492,A5054605178,middle
W4289300275,A5064669606,first
W4289304797,A5090741987,first
W4289305121,A5090741987,first
W4289421431,A5036793243,first
W4289421431,A5067180534,last
W4289440791,A5045260328,middle
W4289440791,A5050101853,middle
W4289440791,A5073261976,middle
W4289440791,A5079589122,middle
W4289440791,A5044141437,middle
W4289464348,A5054656590,first
W4289563530,A5031290426,first
W4289581341,A5047396175,first
W4289763638,A5019384559,first
W4291801915,A5024556694,first
W4291801915,A5058323326,middle
W4291801915,A5012189192,middle
W4291801915,A5018935948,middle
W4291801915,A5054297203,last
W4292068536,A5034469128,first
W4293256284,A5044686680,first
W4293278131,A5083546474,last
W4298191702,A5057560797,first
W4298199388,A5042087981,first
W4298297552,A5036763862,first
W4298297552,A5057150812,middle
W4298297552,A5064720940,last
W4298371359,A5088201292,first
W4298442612,A5030965539,first
W4299299923,A5042626028,last
W4299649040,A5045223251,first
W4299649040,A5044232910,middle
W4299649040,A5044475069,last
W4299662578,A5042626028,last
W4299945402,A5081231803,first
W4299945402,A5014118555,middle
W4299945402,A5075318719,last
W4300012591,A5043989022,first
W4300012591,A5044171839,middle
W4300012591,A5056324053,middle
W4300012591,A5009022005,middle
W4300012591,A5068065546,last
W4300136065,A5075781933,first
W4300421815,A5084281668,first
W4300494970,A5044453604,first
W4300494970,A5088884307,middle
W4300494970,A5055489124,last
W4300586218,A5056079279,first
W4300665212,A5036503167,first
W4300665212,A5070093758,middle
W4300665212,A5026988679,middle
W4300665212,A5089923187,middle
W4300665212,A5091474891,last
W4301936357,A5037166380,first
W4301936357,A5028407427,last
W4302126709,A5085235281,last
W4302310212,A5068643465,first
W4302310212,A5063196700,middle
W4302310212,A5008718829,last
W4302355285,A5042626028,last
W4302439823,A5076493100,first
W4302439823,A5053238873,middle
W4302439823,A5004221491,last
W4302551964,A5030965539,first
W4302793207,A5000083284,first
W4302793207,A5053823442,last
W4304207363,A5060722636,first
W4304688010,A5060722636,first
W4306293733,A5031290426,first
W4312067825,A5090036050,first
W4312067825,A5036868977,last
W4312603493,A5088568415,first
W4312603493,A5078910758,last
W4313829551,A5052724932,first
W4313829551,A5069292182,last
W4323791311,A5059479147,first
W4366761911,A5069276731,last
W4368252666,A5076380470,first
W4372060295,A5066022755,first
W4372060295,A5085902706,middle
W4372060295,A5001679987,last
W53273316,A5035808622,first
W568978483,A5038565072,first
W569384102,A5052300296,first
W569498708,A5008046811,first
W574763538,A5051255092,first
W582011389,A5064627702,first
W590950420,A5063096281,last
W599455660,A5005101221,first
W603421311,A5049433883,first
W612501502,A5034218945,first
W613483500,A5040333990,first
W623231428,A5019086364,first
W624559770,A5039981280,last
W632791933,A5014854062,first
W634079634,A5013757589,first
W640907563,A5016778825,middle
W640907563,A5008776409,last
W642400297,A5061654970,last
W644377170,A5054653215,first
W645239920,A5035711999,first
W655738502,A5057041170,last
W656067031,A5074430969,first
W657980420,A5036142553,last
W67357811,A5016745853,last
W777468465,A5049015097,middle
W872519116,A5009233096,first
W872519116,A5039742565,middle
W990354926,A5020048778,first
