src,tgt,position
A5042195176,W1588594383,first
A5067142016,W4235019172,first
A5028089542,W2896556344,first
A5011572373,W1947595544,first
A5033311124,W1947595544,middle
A5001676164,W1947595544,last
A5074590042,W1853322427,first
A5038820830,W2891381594,first
A5070281692,W2787248994,first
A5019626466,W1480083809,first
A5078231177,W1504362584,first
A5037697344,W1504362584,middle
A5053183805,W1504362584,middle
A5064759122,W1504362584,last
A5025308299,W1193630639,first
A5055776312,W2559839022,first
A5043823616,W2891696188,first
A5029696881,W2891696188,last
A5090921348,W4243367342,first
A5078909305,W4243367342,middle
A5021241636,W4243367342,middle
A5005717519,W4243367342,middle
A5054879396,W4243367342,middle
A5045016749,W4243367342,last
A5046237389,W1566144858,first
A5057168176,W1566144858,last
A5040485375,W592289905,first
A5029137480,W592289905,last
A5015166903,W3123212791,first
A5027489992,W3123212791,middle
A5079926596,W3123212791,middle
A5001087292,W3123212791,middle
A5080591144,W3123212791,last
A5028089542,W1531910981,first
A5001022750,W1531910981,last
A5057846027,W4230008158,first
A5053452011,W4230008158,last
A5074754590,W2565989828,first
A5044778185,W2895152177,first
A5042200719,W2895152177,middle
A5018479163,W2895152177,last
A5065613852,W603636824,first
A5062394620,W2082397409,last
A5075877563,W4211152370,first
A5035659125,W4252306240,first
A5028032706,W2794908222,first
A5017983137,W2794908222,middle
A5088394978,W2794908222,middle
A5034064327,W2794908222,middle
A5049349154,W2794908222,middle
A5071367253,W2794908222,last
A5051068084,W2963007936,first
A5045543562,W2963007936,middle
A5061745728,W2963007936,middle
A5015899120,W2963007936,middle
A5067555437,W2963007936,last
A5065271403,W627666456,first
A5041785812,W626427215,first
A5042776527,W3159754263,first
A5073832417,W2888774813,first
A5088572875,W1548951236,last
A5035017068,W1269046860,first
A5011489869,W1269046860,last
A5072029181,W2792919371,first
A5077267552,W2792919371,last
A5079968957,W1498790384,first
A5003810287,W1498790384,middle
A5076461197,W1498790384,last
A5017908221,W2790892475,first
A5067767409,W1479664672,first
A5079110692,W1562133001,first
A5031233699,W1562133001,last
A5055123607,W2494880031,first
A5039348290,W4229985423,first
A5053053957,W4253395936,middle
A5010033316,W4253395936,middle
A5078910343,W1162378864,first
A5090549112,W2899906720,middle
A5045723090,W2899906720,middle
A5010097254,W1599786999,first
A5019906371,W2901930902,first
A5043775533,W2901930902,middle
A5065635001,W2918296821,first
A5049691461,W2918296821,middle
A5001052072,W2918296821,last
A5001274499,W4211020619,first
A5067434821,W1487104801,first
A5045974590,W1487104801,last
A5044141636,W2930789748,first
A5055035329,W646585437,first
A5019265966,W2924601890,first
A5047750218,W3145123113,first
A5070754732,W3145123113,last
A5063206976,W2789600509,first
A5028089542,W2790404387,first
A5021219790,W646525801,first
A5077620594,W646525801,last
A5015167951,W3124672479,first
A5085640653,W2767251818,first
A5034052082,W4246095787,first
A5088876922,W1561991101,last
A5032456310,W2968572135,last
A5007383027,W4256317682,first
A5027278867,W4256317682,last
A5063105048,W1548553338,first
A5034510935,W1549818157,first
A5050040144,W1549818157,middle
A5014758289,W1549818157,last
A5088817813,W4211037655,first
A5008209934,W4211037655,middle
A5023330178,W4211037655,last
A5054926685,W1699326048,first
A5084702125,W1699326048,last
A5029483412,W4248196296,first
A5068542997,W4248196296,last
A5070311545,W1575158140,first
A5036127371,W1575158140,last
A5012655817,W4300852401,first
A5049303874,W4300852401,middle
A5009750573,W4300852401,last
A5088726927,W1533710763,first
A5012449597,W4232483202,first
A5080970505,W2801183640,first
A5008441213,W2801183640,middle
A5039739707,W2801183640,middle
A5087785022,W2801183640,middle
A5001483226,W2801183640,last
A5066580481,W2897534840,first
A5022060377,W2897534840,last
A5067767740,W4235118199,first
A5068971635,W4298069009,first
A5083542637,W4298069009,middle
A5014274064,W4298069009,last
A5050857344,W79676656,first
A5081023829,W79676656,last
A5005793995,W2626788661,first
A5015025226,W2626788661,last
A5023994037,W2800431972,first
A5055191887,W2800431972,last
A5000975435,W2748667071,first
A5085432173,W2748667071,middle
A5001025165,W2748667071,middle
A5068271733,W2748667071,middle
A5058475882,W2748667071,last
A5060859546,W10284730,first
A5065949038,W2891705360,first
A5017713842,W2891705360,last
A5038669899,W2886189420,first
A5087192873,W2886189420,last
A5036119057,W1488964931,first
A5079596102,W2773050805,first
A5065692438,W2773050805,last
A5083681758,W2889274797,first
A5053973465,W2778939515,first
A5077470909,W2790414966,first
A5017914184,W2790414966,last
A5066486631,W4244736247,first
A5090592264,W1523530191,first
A5023739663,W1523530191,last
A5071485698,W2804231115,first
A5016116024,W2804231115,middle
A5033261896,W2804231115,last
A5060960665,W2884226563,middle
A5060883307,W2884226563,middle
A5088673875,W2884226563,middle
A5062662924,W2884226563,middle
A5082357282,W2884226563,last
A5057581747,W2982479912,last
A5090310668,W2899417759,first
A5001404174,W2166391214,first
A5036426837,W2166391214,middle
A5033007233,W2166391214,middle
A5087411137,W2166391214,middle
A5071224574,W2800330509,first
A5081019368,W2800330509,middle
A5058488295,W2800330509,middle
A5032651215,W2800330509,last
A5021609011,W4230324267,last
A5069178881,W4289556003,first
A5046172297,W4289556003,last
A5050221120,W626115176,first
A5046971896,W2908623690,first
A5037160280,W2908623690,middle
A5076051651,W2908623690,middle
A5038379562,W2908623690,last
A5039563504,W4251048456,first
A5037942591,W1689203892,first
A5042186901,W1689203892,last
A5055204699,W4240499199,first
A5001870814,W4240499199,last
A5051199777,W4241760637,first
A5023472679,W2772042667,middle
A5003025480,W2811690141,last
A5038793166,W591821914,first
A5071436704,W591821914,last
A5015067771,W1599444075,first
A5060246986,W1599444075,middle
A5055719436,W1599444075,last
A5055514112,W2809390628,first
A5046342507,W2809390628,middle
A5016342533,W2809390628,last
A5060268098,W2783751658,middle
A5008878885,W2783751658,last
A5091880648,W2895610758,first
A5014894748,W2895610758,middle
A5034416673,W2895610758,last
A5046258663,W3134535214,last
A5004084740,W2739487749,first
A5031586533,W2739487749,middle
A5040405791,W2739487749,middle
A5082529659,W2739487749,middle
A5020862612,W2739487749,last
A5017736224,W2962844010,first
A5042833743,W4239148225,first
A5044050863,W4239148225,last
A5004521033,W4245746631,first
A5082124101,W4246604800,first
A5057583579,W4298336795,first
A5018936199,W614763693,first
A5026298167,W1563672609,first
A5059259271,W1563672609,last
A5057432759,W4230378863,last
A5000975435,W2767094092,first
A5071884484,W657628220,first
A5083767132,W1598908885,first
A5029559430,W2794362071,first
A5063078131,W2800392078,first
A5071587979,W2800392078,middle
A5024008270,W2800392078,middle
A5074020902,W2800392078,last
A5080529550,W2805812609,first
A5009237221,W1568311678,first
A5080291650,W1568311678,last
A5009012021,W2795798228,first
A5075085472,W2796909983,first
A5074872410,W2796909983,middle
A5015692994,W2796909983,last
A5011615735,W2968584812,first
A5009505287,W649855407,first
A5023084705,W649855407,middle
A5071471344,W649855407,last
A5006499420,W2789585573,first
A5090203902,W2789585573,last
A5090388284,W2904302066,last
A5016137188,W1414451058,first
A5069702292,W1414451058,last
A5066499664,W1421932409,first
A5045745957,W1977613481,first
A5013018127,W1977613481,last
A5006052956,W4211164359,first
A5055360058,W1446648422,last
A5011600518,W2730059884,first
A5065554904,W2888126660,first
A5062375227,W400269483,first
A5014940420,W400269483,last
A5081366032,W648326949,last
A5050719415,W2035575455,first
A5085432173,W2336723934,first
A5080910201,W2336723934,last
A5058698597,W2793521043,first
A5002712538,W2734847652,first
A5007728434,W2734847652,last
A5021241636,W2897069058,middle
A5067513618,W619520426,first
A5000074040,W619520426,last
A5061845817,W4249235730,first
A5052189277,W4249235730,middle
A5080482528,W4249235730,middle
A5006633956,W4249235730,middle
A5048490462,W4249235730,last
A5018475166,W4253431684,first
A5056843687,W2776904200,middle
A5023044082,W2776904200,last
A5047580007,W2970759099,first
A5031160941,W2970759099,last
A5054638114,W3206219585,first
A5005914878,W3206219585,last
A5029127674,W3217529127,first
A5078255358,W4210980843,first
A5024362147,W4210980843,last
A5018874659,W4230630710,first
A5090319741,W4230630710,middle
A5010696459,W2767822406,first
A5034088489,W4211264793,first
A5051247445,W4211264793,middle
A5036222248,W4211264793,last
A5076782862,W4246692440,last
A5032387890,W1562367216,first
A5031610815,W2783757880,last
A5028703297,W2801887640,first
A5079436055,W4210953053,first
A5073145218,W4241363768,first
A5029845097,W4241363768,last
A5089996439,W2891852097,first
A5053217291,W2894218541,first
A5065368839,W2894218541,middle
A5091411181,W2894218541,last
A5065307086,W1504420621,first
A5044857735,W1504420621,last
A5040848437,W1884620219,middle
A5018439678,W1884620219,last
A5081318069,W2316865521,first
A5001279687,W2316865521,last
A5067720298,W2502139158,first
A5059926999,W2895158256,first
A5043000577,W2903962827,first
A5067089715,W2903962827,last
A5027549551,W2998722390,middle
A5084187981,W2779321393,first
A5020620391,W2779321393,middle
A5065170124,W2779321393,last
A5029463428,W2784119346,first
A5028089542,W2888499542,first
A5053224623,W2897765576,first
A5052534111,W2897765576,last
A5088267964,W4230817348,first
A5054359566,W2618902684,first
A5054568856,W2618902684,middle
A5057092836,W2618902684,last
A5038754332,W4243292681,first
A5043775533,W2901697776,first
A5019906371,W2901697776,middle
A5079192313,W2901697776,last
A5076464455,W4206210655,first
A5038228433,W4206210655,middle
A5006360335,W4206210655,middle
A5066568193,W4206210655,middle
A5087017723,W4206210655,middle
A5038235574,W4206210655,middle
A5074794877,W4206210655,last
A5029829322,W1965765145,first
A5047750218,W2753034999,first
A5070754732,W2753034999,last
A5013286831,W2791908750,first
A5077605824,W2791908750,last
A5036944228,W2793017134,first
A5085887146,W2793017134,middle
A5047613312,W2793017134,middle
A5050967657,W2793017134,middle
A5008824437,W2793017134,last
A5000445240,W2800587078,first
A5015253912,W2805918584,first
A5029499294,W2805918584,last
A5037978750,W2887381086,first
A5061679303,W2887381086,middle
A5088531690,W2887381086,middle
A5027464929,W2887381086,middle
A5037013857,W2887381086,last
A5056084685,W2888040285,first
A5083522214,W2888040285,last
A5065428845,W4250012170,first
A5057357328,W4252552129,first
A5062077940,W617909835,first
A5067046312,W617909835,middle
A5007118592,W617909835,last
A5036445445,W2060501565,first
A5062015657,W2293909219,first
A5036320427,W2477175076,first
A5056360019,W2477175076,middle
A5040205022,W2477175076,middle
A5077692655,W2477175076,last
A5009407454,W2743407241,first
A5045012588,W2743407241,last
A5038638081,W2785248751,first
A5043919626,W2811114122,first
A5011307781,W2901835294,first
A5090763434,W4211153193,first
A5048533217,W4244536387,first
A5055132321,W4244536387,last
A5088185533,W4289085709,first
A5057571751,W4289085709,last
A5057294414,W4289127527,first
A5085164888,W4289127527,last
A5020620391,W2791064953,first
A5065170124,W2791064953,middle
A5065170124,W2791064953,middle
A5084187981,W2791064953,last
A5025866626,W2793605351,first
A5001328562,W2795663299,first
A5005715860,W2795663299,middle
A5031785324,W2795663299,middle
A5068601055,W2795663299,last
A5051047547,W2893467165,first
A5004629198,W2909748942,first
A5022392851,W4239701533,first
A5071383424,W902180,first
A5009215869,W902180,last
A5045798295,W2306288190,first
A5047183527,W2809614265,first
A5054032428,W2888264921,first
A5061917565,W2889110741,first
A5071115047,W2890458042,first
A5080970505,W2971503667,first
A5008441213,W2971503667,middle
A5039739707,W2971503667,middle
A5087785022,W2971503667,last
A5058002649,W658945110,first
A5038091880,W658945110,middle
A5011797382,W2810576820,first
A5051709851,W2810576820,middle
A5064315225,W2810576820,last
A5040845666,W2886353311,first
A5042025810,W2886353311,last
A5025249509,W2899012101,first
A5077231672,W2899012101,last
A5039602200,W900263586,first
A5073514351,W1487813067,first
A5069762345,W2893487324,first
A5076158905,W2893487324,last
A5009598151,W2912975021,first
A5034641763,W4246137357,first
A5082471864,W1491682173,middle
A5089697598,W1491682173,last
A5085946799,W1504306462,first
A5012152274,W1504306462,middle
A5007146500,W1504306462,last
A5008362078,W2782191780,middle
A5044165385,W2782191780,middle
A5051203631,W2782191780,middle
A5048862815,W2907286165,first
A5076950139,W2907286165,middle
A5053311080,W2907286165,last
A5036337528,W4238367216,first
A5061475112,W567920967,first
A5041794762,W567920967,middle
A5005510641,W567920967,last
A5015471641,W1560704918,first
A5090506270,W1560704918,middle
A5044785782,W1560704918,last
A5077660261,W2908425202,first
A5028184409,W2908425202,middle
A5071153314,W2908425202,middle
A5073836657,W2908425202,middle
A5045578913,W2908425202,middle
A5072271728,W2908425202,middle
A5041499017,W2908425202,middle
A5042332909,W2908425202,middle
A5018599588,W2908425202,middle
A5074824323,W2908425202,middle
A5017647508,W2908425202,middle
A5064812943,W2908425202,middle
A5039919980,W2908425202,last
A5074020697,W3167120235,first
A5018084803,W3167120235,last
A5056849976,W4251382371,last
A5090193930,W4313159552,first
A5004840435,W2354891821,middle
A5073716487,W2354891821,last
A5067217647,W2765736339,first
A5011176205,W2975777055,first
A5017990990,W2975777055,last
A5078918402,W3082378133,first
A5022077412,W4300930208,first
A5005507069,W2147099270,first
A5024326128,W2765367384,first
A5072774939,W2765367384,last
A5024161281,W2790633453,middle
A5048773916,W2790633453,middle
A5034052082,W2793329737,first
A5023894377,W2795156864,first
A5051649145,W2795156864,middle
A5070942254,W2795156864,last
A5090666420,W2898496484,first
A5000975435,W2898496484,last
A5018606903,W4213245259,first
A5090973753,W4251237444,first
A5044217809,W2758271746,first
A5085924325,W2758271746,last
A5075877563,W2890284466,first
A5070465786,W2897083303,first
A5004387574,W2897083303,last
A5041140653,W2905708866,first
A5091441358,W2947087028,first
A5068207469,W4248978423,first
A5020630464,W4250180581,first
A5073451613,W4250180581,last
A5085946799,W11477303,first
A5017205055,W11477303,middle
A5012152274,W11477303,middle
A5050257808,W11477303,last
A5027426452,W2804631621,first
A5040429744,W2884768864,first
A5014654464,W2904313980,first
A5034081636,W2904313980,middle
A5082824002,W2904313980,middle
A5025550736,W2904313980,middle
A5053010883,W2904313980,middle
A5008583848,W2904313980,last
A5021273410,W3095606439,first
A5024635859,W3095606439,last
A5069543375,W3169389953,middle
A5045098894,W3169389953,last
A5065903280,W4238546553,first
A5055416007,W645220771,first
A5061151468,W1480228395,first
A5007171832,W2760687290,first
A5089713497,W2790815852,first
A5010560354,W2790815852,last
A5082450455,W2809975818,last
A5071802800,W2895348995,first
A5024732230,W2895348995,last
A5051203367,W2898808247,first
A5069871949,W3109777290,first
A5083466715,W3109777290,last
A5079988916,W4247615697,first
A5078160812,W608088085,first
A5029465668,W608088085,last
A5031387492,W2886195809,first
A5023212550,W2886195809,middle
A5065002867,W2887851234,first
A5011553620,W3037138990,first
A5061909708,W567999022,first
A5003626250,W2731293563,first
A5045825380,W2731293563,middle
A5005286828,W2731293563,last
A5089775223,W2790435797,first
A5011572373,W2791243661,first
A5033311124,W2791243661,middle
A5001676164,W2791243661,last
A5003684805,W2804092337,first
A5015716594,W2804092337,last
A5090259408,W2883393582,first
A5069596903,W2883393582,middle
A5016869251,W2883393582,last
A5067915957,W2886692379,middle
A5001270198,W2886692379,middle
A5030799206,W2895222304,first
A5014319066,W2895222304,last
A5039292216,W2906226743,first
A5074524157,W2906226743,last
A5069573186,W2906340660,first
A5021555712,W2982962517,first
A5060896454,W2982962517,last
A5057166510,W1597102781,first
A5079538687,W1597102781,last
A5003626250,W2617567260,first
A5066105783,W2762146562,first
A5050626793,W2762146562,last
A5066433806,W2794335402,first
A5046773162,W2889671875,first
A5041020110,W2905757992,first
A5060778033,W2914352122,first
A5069699303,W2914352122,last
A5020702999,W2965889227,first
A5068713051,W2987093993,first
A5029523168,W3088011702,first
A5025395728,W3130385304,first
A5071518229,W4229913047,first
A5057024015,W4229913047,middle
A5009276619,W4229913047,middle
A5027520495,W4229913047,middle
A5091908304,W4231497568,first
A5000798681,W4235540801,first
A5064525703,W4236343950,first
A5001665434,W4237750864,first
A5024901674,W4255483301,first
A5045462352,W629739200,first
A5010097254,W629739200,last
A5046381546,W631280653,first
A5043088088,W631280653,last
A5084377510,W1545725744,first
A5022150743,W2525572760,middle
A5070826172,W2792653607,first
A5050302985,W2792653607,last
A5031517902,W2884808449,middle
A5010134341,W2884808449,last
A5055933956,W2894671621,first
A5028256522,W2894671621,last
A5063307502,W2904238620,first
A5054652937,W2904238620,middle
A5044244190,W2904238620,middle
A5077401595,W2904238620,last
A5053989922,W368614749,first
A5023595778,W4243617875,first
A5031263620,W2339253690,first
A5061275811,W2339253690,last
A5061775910,W2494959310,first
A5087793102,W2601899024,first
A5004967317,W2766082632,first
A5000392417,W2772998927,first
A5084722189,W2772998927,last
A5034088489,W2773161892,first
A5051247445,W2773161892,middle
A5036222248,W2773161892,last
A5028800814,W2795471550,first
A5076792725,W2812065559,first
A5070067140,W2812065559,middle
A5008108577,W2812065559,last
A5005908452,W2884509455,first
A5016779313,W2888578441,first
A5078657315,W2888813595,first
A5026771187,W3005295096,middle
A5064346361,W3015578946,middle
A5087856032,W3015578946,last
A5030506701,W3127901733,first
A5074543641,W3127901733,last
A5066589049,W3145335111,middle
A5052745577,W4211100478,first
A5024626195,W4236668530,first
A5032043599,W4236668530,middle
A5045415159,W4236668530,middle
A5006203581,W4236668530,middle
A5014758459,W4236668530,middle
A5036915320,W4236668530,middle
A5028555421,W4236668530,middle
A5014913261,W4236668530,middle
A5064399695,W4253345053,first
A5013045029,W1651609297,first
A5046896448,W1651609297,middle
A5057583165,W1651609297,middle
A5033933581,W1651609297,last
A5000975435,W2485539076,first
A5064469861,W2754943414,first
A5066273713,W2793464324,first
A5078710069,W2793464324,middle
A5012723133,W2793464324,last
A5061930677,W2802038788,first
A5040228009,W2803791261,last
A5058104501,W2888080725,first
A5068605992,W2888080725,middle
A5076622154,W2888080725,last
A5028047738,W2912285856,first
A5053742635,W2912285856,middle
A5074904348,W2912285856,last
A5085432173,W3003275808,first
A5000975435,W3003275808,middle
A5034420722,W4230352642,first
A5011292913,W4230352642,last
A5003539831,W4245773234,first
A5005735641,W4249870969,first
A5072647800,W2727040849,first
A5020482673,W2727040849,middle
A5041176403,W2727040849,middle
A5029228546,W2727040849,middle
A5088137293,W2727040849,middle
A5027292126,W2727040849,last
A5057404113,W2766585039,first
A5071725533,W2766585039,middle
A5065365889,W2766585039,last
A5030762120,W2791591346,first
A5024335175,W2794619582,first
A5024995961,W2800286772,first
A5028638153,W2811178295,first
A5079499583,W2811178295,middle
A5024333004,W2811178295,last
A5024892806,W2889075141,middle
A5047023326,W2898559087,first
A5059260146,W4239918117,first
A5080665337,W4289361794,first
A5088128501,W611159907,first
A5006996966,W636303388,first
A5033287584,W636303388,last
A5010641205,W2767203839,first
A5037152117,W2767203839,middle
A5081914097,W2767203839,middle
A5028929923,W2778975414,first
A5048491739,W2778975414,middle
A5040035817,W2778975414,middle
A5017922679,W2792863444,first
A5034271321,W2803540096,first
A5011528639,W2808026833,first
A5091610469,W2810705130,first
A5071519931,W2810705130,last
A5014322108,W2918093727,first
A5063668258,W2952756408,first
A5036860260,W2952756408,middle
A5088185533,W2952756408,middle
A5057571751,W2952756408,last
A5086178969,W3100104438,first
A5020579305,W3100104438,middle
A5039140022,W3100104438,last
A5068207469,W4232717040,first
A5020756135,W4234551707,first
A5035194938,W4234551707,last
A5062697559,W4246207038,first
A5008403359,W4246207038,last
A5004549631,W4361794133,first
A5002692390,W1534592813,last
A5042575843,W1536534905,first
A5036001306,W1815119434,first
A5011764880,W2738008627,first
A5026132957,W2765411697,first
A5045023760,W2796075181,last
A5007171832,W2801598696,first
A5061536058,W2801598696,last
A5048204142,W2801679303,first
A5057846027,W2802309331,first
A5053452011,W2802309331,last
A5078345967,W2803069484,first
A5030748781,W2886097490,first
A5001234997,W3123759384,first
A5059386185,W4232420959,first
A5056079279,W4256050743,first
A5077697207,W571736359,first
A5003528506,W611426844,middle
A5011141557,W641750148,first
A5013766379,W1245041676,first
A5081534736,W245430726,first
A5070046659,W245430726,middle
A5051099574,W245430726,last
A5061775910,W2499935382,first
A5075920182,W2766696612,first
A5018395536,W2766696612,last
A5076796430,W2773863050,first
A5045997631,W2773863050,middle
A5025869535,W2773863050,last
A5055341021,W2790990039,first
A5001870814,W2790990039,last
A5027512257,W2793892336,last
A5088267964,W2809585623,first
A5062756194,W2810850966,first
A5059577520,W2810850966,middle
A5019624328,W2810850966,middle
A5087409178,W2810850966,last
A5001274499,W2890916528,first
A5075848838,W2898827543,first
A5011307781,W2901024544,first
A5071736895,W2901465529,last
A5064346465,W2979053816,first
A5007427934,W2979053816,last
A5008769600,W3001391159,first
A5049770689,W3180152402,first
A5068148710,W3180152402,last
A5030159286,W4211212531,first
A5063069231,W4231976715,first
A5066130528,W4235120320,first
A5061561391,W4242777570,first
A5036297916,W4242777570,last
A5077330113,W4245175512,first
A5001193136,W4245175512,middle
A5081225515,W4245175512,last
A5089314771,W4249692156,last
A5042655177,W4249974340,first
A5006656063,W4254012778,first
A5075972955,W614475708,first
A5002969533,W1790799809,first
A5063924433,W1790799809,last
A5038795110,W1969042088,last
A5073400616,W2162979574,first
A5082792511,W2765333890,first
A5023085223,W2765333890,last
A5010393120,W2768829501,first
A5016219113,W2768829501,middle
A5055416007,W2768829501,last
A5054390222,W2775427599,last
A5090487464,W2783173416,first
A5051017261,W2791695920,middle
A5048829230,W2791695920,middle
A5031328909,W2791695920,middle
A5002147518,W2791695920,last
A5088027169,W2791870102,first
A5080524011,W2792966959,first
A5003308778,W2795660140,first
A5011664630,W2795660140,last
A5021595667,W2797426066,first
A5005464312,W2799628493,first
A5005804800,W2799628493,middle
A5059888734,W2799628493,last
A5065184308,W2804877068,first
A5027705027,W2804877068,middle
A5045617522,W2804877068,last
A5056707008,W2885041712,first
A5054399289,W2902839325,first
A5047493969,W3144728342,first
A5072980637,W3144728342,last
A5045798295,W4211246444,first
A5041121124,W4232604647,first
A5045462352,W4232604647,middle
A5032201822,W4232604647,last
A5007237462,W4244512132,first
A5027963823,W4251846674,first
A5025102332,W4251846674,middle
A5070462807,W4251846674,last
A5053636147,W4289437471,first
A5015026639,W4289437471,middle
A5021194696,W4289437471,middle
A5034271321,W4302047259,first
A5042469429,W590436769,last
A5060656142,W1524781844,first
A5053636147,W1524781844,middle
A5023942737,W1524781844,last
A5059351460,W1596777508,first
A5024921109,W1596777508,last
A5080497057,W1608928078,first
A5044903825,W234507240,middle
A5060942351,W2739399997,first
A5080876617,W2739399997,middle
A5015615281,W2739399997,last
A5083584929,W2771973451,first
A5045179278,W2771973451,middle
A5010612676,W2771973451,middle
A5009831803,W2771973451,last
A5054988467,W2785652191,first
A5083819212,W2789832915,first
A5054869562,W2789832915,middle
A5072139180,W2789832915,middle
A5045388427,W2789832915,last
A5074594320,W2790020560,first
A5034192756,W2802471748,first
A5019299813,W2808730702,first
A5042423207,W2809398929,first
A5069874026,W2895670599,first
A5087564128,W2895670599,last
A5064468056,W2896541058,first
A5039348290,W2980114489,first
A5061006709,W3003668765,first
A5086633091,W3020228454,last
A5068815148,W3173989688,first
A5020349013,W3173989688,middle
A5049476860,W3173989688,middle
A5016032267,W3173989688,middle
A5023432298,W3173989688,last
A5043420790,W392911911,first
A5031800049,W4235377041,first
A5080926827,W4235377041,last
A5087790566,W4236603377,first
A5030101234,W4242825150,first
A5004660959,W4242825150,middle
A5078471429,W4242825150,last
A5010944499,W4312317522,first
A5049926577,W1583919945,first
A5036442723,W2275695835,first
A5075373200,W2275695835,middle
A5085821552,W2275695835,last
A5038493235,W2761013743,first
A5014013504,W2766400329,first
A5083081160,W2769774273,middle
A5055264305,W2769774273,last
A5060635914,W2777433848,first
A5010998360,W2777433848,last
A5024273013,W2782631468,first
A5056237133,W2782631468,middle
A5065543182,W2782631468,middle
A5019055429,W2782631468,last
A5063206976,W2792259108,first
A5037167523,W2792544840,first
A5033699946,W2796093515,first
A5007141073,W2796093515,last
A5091634526,W2800010055,first
A5060494518,W2800098000,first
A5078213715,W2800880722,first
A5050890174,W2804575892,middle
A5034420722,W2805279658,first
A5011292913,W2805279658,last
A5003499139,W2809610562,first
A5073451815,W2809610562,middle
A5042180955,W2809610562,last
A5020702999,W2883093327,first
A5085290807,W2886634998,first
A5065451895,W2886634998,middle
A5004759226,W2886634998,last
A5039887114,W2887885934,first
A5037082770,W2887885934,last
A5014813782,W2889951924,first
A5043069455,W2889951924,middle
A5086445784,W2889951924,last
A5026495223,W2890901368,first
A5043889695,W2895189142,first
A5000635753,W2896734340,first
A5076993375,W2896734340,middle
A5055865042,W2896734340,middle
A5000981259,W2896734340,middle
A5071193114,W2896734340,middle
A5059162387,W2896734340,middle
A5012932412,W2896734340,last
A5090742213,W2963175505,first
A5004555174,W3154891223,first
A5025686476,W4211169376,first
A5016064966,W4213353691,first
A5031004593,W4230423821,first
A5086373411,W4230774863,middle
A5030298693,W4233780167,first
A5040763929,W4247832021,first
A5024036401,W4248457741,middle
A5006045778,W4252853834,last
A5061807602,W427461433,first
A5082286181,W427461433,last
A5078964969,W1558976419,first
A5056326007,W1558976419,middle
A5044183000,W1980388727,first
A5058839771,W2183172051,first
A5090103863,W2183172051,middle
A5011926448,W2183172051,last
A5025661647,W2546879872,first
A5060825472,W2546879872,last
A5016129540,W2621415688,first
A5075758770,W2621415688,middle
A5027498937,W2621415688,middle
A5036186948,W2621415688,last
A5026062107,W2758184393,first
A5090048784,W2758184393,middle
A5001788144,W2758184393,middle
A5077398892,W2758184393,last
A5031730766,W2768041162,first
A5011368149,W2778322365,first
A5038650948,W2778322365,middle
A5008561505,W2778322365,last
A5048171501,W2789215765,first
A5011889540,W2789215765,middle
A5061033797,W2789215765,middle
A5056507889,W2789215765,middle
A5060492418,W2789215765,last
A5064800801,W2789699212,first
A5032480831,W2789699212,middle
A5004942120,W2789699212,middle
A5090232242,W2789699212,middle
A5008375520,W2789699212,middle
A5067261120,W2789699212,last
A5057846027,W2791902434,first
A5053452011,W2791902434,last
A5061795150,W2794066138,first
A5034770996,W2801987522,first
A5010279607,W2804664626,first
A5089212858,W2883844122,first
A5028048352,W2885988988,last
A5025255782,W2887284428,first
A5049812527,W2887284428,middle
A5004921249,W2887284428,last
A5061575875,W2887655669,first
A5051522114,W2887655669,last
A5033228504,W2889997036,middle
A5045190581,W2893030633,first
A5005077196,W2893030633,last
A5002662383,W2894649960,first
A5048060386,W2894649960,last
A5030652122,W2897464817,first
A5008091461,W2897464817,last
A5058730535,W2901357499,first
A5071736895,W2901357499,last
A5081361766,W2901368359,first
A5071983422,W2904943432,first
A5006081005,W2904943432,last
A5020476861,W2906821200,first
A5036552518,W2955758456,first
A5044453435,W2955758456,last
A5084287332,W3003560111,first
A5000268019,W3003560111,last
A5065735496,W3217050021,first
A5087378145,W4229785079,first
A5066834236,W4242290395,first
A5011801033,W4242290395,middle
A5089418748,W4242290395,last
A5004048459,W4243755867,first
A5055771849,W4243755867,last
A5089983341,W4251389266,first
A5004580149,W2103673374,first
A5037077763,W2163788035,first
A5055149475,W2163788035,last
A5038798689,W2731009836,first
A5091536303,W2731009836,middle
A5044496582,W2731009836,last
A5085432173,W2761383769,first
A5006876719,W2761383769,last
A5048667897,W2777578647,first
A5073529648,W2777578647,middle
A5054917794,W2777578647,last
A5050949810,W2783172479,first
A5026977716,W2783172479,last
A5048574995,W2783939054,first
A5051528024,W2789253169,first
A5000193419,W2789253169,last
A5016743815,W2792459926,first
A5049237651,W2792459926,last
A5060602998,W2792528628,first
A5062903761,W2793389807,first
A5078843436,W2794951777,middle
A5045886501,W2799650617,last
A5073418911,W2800753541,first
A5012996772,W2807543221,first
A5067163892,W2808786894,first
A5063827643,W2809650735,first
A5056018684,W2886919222,first
A5089382518,W2886919222,last
A5057850155,W2888666945,first
A5063451263,W2890958833,first
A5034876222,W2894666242,middle
A5048737655,W2897095218,first
A5086900692,W2897095218,middle
A5048354773,W2897095218,middle
A5068504294,W2898863789,first
A5018289932,W2903993021,first
A5035118178,W2907663980,first
A5083387069,W2908167283,first
A5048256265,W2908167283,middle
A5064181963,W2908167283,middle
A5023173503,W2908167283,last
A5077795166,W2910632054,first
A5064468056,W2945698053,first
A5061331167,W2979801952,first
A5032132302,W2987627224,first
A5060779928,W2987627224,middle
A5050521702,W3007280101,first
A5011779957,W3007280101,middle
A5020310463,W3007280101,last
A5013488153,W3027202064,last
A5049475868,W3144971684,first
A5010806251,W4230800303,first
A5031854085,W4230800303,middle
A5029107586,W4230800303,last
A5086220702,W4246258237,first
A5045078233,W4248601800,first
A5061752593,W4248601800,middle
A5065694652,W4248601800,middle
A5061699800,W4248601800,middle
A5054742942,W4248601800,last
A5089332324,W4254239016,last
A5085082332,W4301667642,first
A5005217078,W590597044,first
A5059853805,W1230776743,first
A5088969354,W1497779383,first
A5083003222,W1497779383,last
A5080305735,W2395510410,first
A5011466065,W2483206378,first
A5025663548,W2483206378,middle
A5006730304,W2483206378,middle
A5019489166,W2483206378,last
A5069982192,W2497625550,first
A5070377174,W2497625550,middle
A5006166354,W2497625550,last
A5056808390,W2499903672,first
A5058679589,W2598346175,first
A5025308299,W2626637886,first
A5077458525,W2734500145,first
A5072263969,W2744425276,first
A5070195520,W2744425276,middle
A5085634615,W2744425276,middle
A5036553343,W2744425276,middle
A5032469771,W2744425276,last
A5054642987,W2745262649,first
A5067118505,W2745262649,middle
A5064933026,W2745262649,last
A5023890658,W2763703400,first
A5077623837,W2768470599,middle
A5066614231,W2776558731,first
A5083573588,W2776558731,last
A5082955124,W2781487949,first
A5084550608,W2781487949,middle
A5091541952,W2781487949,last
A5019119605,W2782512931,first
A5023829131,W2782512931,last
A5059317875,W2790153498,first
A5019499716,W2793914895,first
A5081159398,W2793914895,last
A5065082533,W2801159946,middle
A5040583269,W2801159946,last
A5005925953,W2808067736,first
A5020089835,W2810572654,first
A5035049338,W2886385474,first
A5091141642,W2886385474,middle
A5080689214,W2886385474,last
A5003439985,W2888276084,first
A5024024284,W2888276084,middle
A5047168561,W2889020420,first
A5051641702,W2890156809,first
A5079988916,W2890776228,first
A5053584642,W2896243798,middle
A5039588891,W2900880468,first
A5076464455,W2901070617,first
A5038228433,W2901070617,middle
A5006360335,W2901070617,middle
A5066568193,W2901070617,middle
A5087017723,W2901070617,middle
A5038235574,W2901070617,middle
A5074794877,W2901070617,last
A5082772341,W2901457389,first
A5021872235,W2901569953,first
A5057357227,W2909682354,first
A5019880283,W2915377110,middle
A5032518636,W2915377110,last
A5021677581,W2917619907,first
A5002389217,W2917619907,last
A5083734148,W2921053840,first
A5057833935,W2939079655,first
A5015981050,W2939079655,middle
A5080720267,W2939079655,last
A5034385365,W2992247793,first
A5054362485,W3084162619,first
A5017042977,W3173812217,first
A5084254019,W3173812217,last
A5067230761,W4229652269,first
A5074384016,W4238648756,first
A5085944678,W4238648756,middle
A5016285305,W4238648756,middle
A5002896307,W4239450024,first
A5056078914,W4239450024,middle
A5002547259,W4242457953,last
A5050831061,W4247767659,first
A5073681191,W4249344112,first
A5011166875,W4249344112,middle
A5078453268,W4249344112,last
A5043216917,W4249551553,first
A5091037083,W4249551553,last
A5052600495,W124429634,first
A5038861185,W1586750735,first
A5027417057,W1822883780,last
A5078989577,W2118130283,first
A5070036422,W2131090958,first
A5081344771,W2197550910,first
A5036776562,W2226520862,first
A5065501675,W2755682944,first
A5053670340,W2755682944,last
A5018474051,W2756222249,first
A5002076661,W2756222249,middle
A5025987638,W2756222249,middle
A5050171153,W2756222249,last
A5005886245,W2770793394,first
A5088753497,W2782083508,first
A5028996052,W2782083508,middle
A5017610833,W2782083508,last
A5037774075,W2782750828,middle
A5059529586,W2790251875,first
A5065100828,W2790251875,middle
A5069487278,W2790251875,last
A5088029529,W2792235673,first
A5078139667,W2799633853,first
A5012200905,W2799633853,middle
A5075040909,W2799633853,last
A5014940591,W2800058122,middle
A5088302903,W2802666861,first
A5046882659,W2802666861,last
A5006950092,W2804169354,first
A5033041607,W2807722568,first
A5084602371,W2883667815,first
A5032284977,W2884987911,first
A5055086464,W2884987911,last
A5074754590,W2885965553,first
A5033395559,W2886314222,first
A5026824769,W2887324295,first
A5078409718,W2899145913,first
A5067997466,W2899145913,middle
A5014261374,W2899145913,middle
A5091479367,W2899145913,last
A5090374124,W2900834202,first
A5073946109,W2905632667,first
A5061130264,W2906396375,first
A5043674662,W2917017152,middle
A5068207469,W2971679533,first
A5031279847,W3004516819,first
A5065418889,W3004516819,last
A5023650696,W4231211112,first
A5051629581,W4231211112,last
A5012536517,W4232208980,first
A5070220273,W4233811027,first
A5082063720,W4233811027,last
A5035180201,W4237239272,first
A5086124602,W4241290227,first
A5046787083,W4242247902,first
A5052275875,W4247190243,first
A5012236884,W4251641579,first
A5065620912,W4251641579,last
A5024763537,W4252372869,first
A5047222739,W4255081164,last
A5054617824,W590154512,first
A5002088981,W1525233228,first
A5086595410,W1525233228,last
A5071284440,W2207202256,first
A5083592351,W2418023685,first
A5078265147,W2418023685,middle
A5009128577,W2435238507,first
A5049437648,W2435238507,middle
A5053028480,W2435238507,last
A5031737525,W2483273151,first
A5027785359,W2483273151,middle
A5014229486,W2483273151,last
A5064867241,W2496979002,first
A5087835107,W2583974513,first
A5079174269,W2754021078,first
A5043945029,W2754021078,middle
A5079174269,W2754021078,last
A5017195195,W2761904588,first
A5080231752,W2766417137,first
A5071758245,W2766417137,last
A5001328463,W2771608193,first
A5083812959,W2771608193,last
A5080541933,W2780230622,first
A5008743721,W2792735994,first
A5061095576,W2792735994,last
A5049682921,W2792889105,first
A5026064134,W2792889105,last
A5006052956,W2793155154,first
A5041617107,W2794215115,first
A5072743620,W2794215115,middle
A5045627721,W2794215115,last
A5059345440,W2794968836,first
A5063492725,W2794968836,last
A5019681057,W2795122210,first
A5084993547,W2802427852,first
A5042436168,W2802709838,first
A5048207145,W2802709838,last
A5034203731,W2806755432,first
A5007498387,W2807434254,first
A5068279499,W2807807586,first
A5047289579,W2809948269,first
A5086128972,W2809948269,middle
A5060697545,W2809948269,last
A5053304894,W2817068999,first
A5062757270,W2827888205,first
A5001234997,W2851092556,first
A5015776363,W2885349698,middle
A5067513618,W2885538857,first
A5041133445,W2885538857,last
A5048361904,W2886369120,first
A5065100828,W2886369120,last
A5085054688,W2888547600,first
A5072396493,W2888791327,last
A5045778917,W2889069467,last
A5001570784,W2889509335,first
A5084281668,W2892255421,first
A5079992885,W2894937241,first
A5018068810,W2897527925,last
A5074270481,W2898889740,first
A5076388751,W2900708427,first
A5020413756,W2900708427,middle
A5030391938,W2905357760,first
A5061617070,W2905586964,middle
A5078889863,W2913417478,first
A5068240114,W2913417478,last
A5055578419,W2924029591,first
A5039641760,W2971707607,first
A5014775429,W2971707607,last
A5083663917,W2971954097,middle
A5002390731,W2971954097,middle
A5078140718,W2971954097,middle
A5030303725,W2971954097,middle
A5015371403,W2971954097,middle
A5054565933,W2971954097,middle
A5019569574,W2971954097,middle
A5062695688,W2971954097,middle
A5045952842,W2984425963,first
A5024734094,W2989736471,first
A5023980885,W3005572278,middle
A5050923109,W3005572278,last
A5068085383,W3013476770,first
A5087137767,W3020394397,middle
A5055630766,W3156759790,first
A5045303041,W4210959062,first
A5033802529,W4211168048,first
A5072252688,W4211168048,last
A5034657358,W4214825689,first
A5064355276,W4214825689,middle
A5043499130,W4214825689,middle
A5083435816,W4214825689,last
A5035342633,W4234077260,first
A5071154745,W4236227484,first
A5084949004,W4236800444,first
A5019384559,W4245865535,first
A5063462800,W4249050850,first
A5080349849,W4251037696,first
A5044141636,W4251831499,last
A5090793875,W579907960,last
A5084213178,W1816207741,first
A5090729968,W1816207741,last
A5025491509,W2097708853,first
A5066230818,W2097708853,last
A5053850171,W2231887682,last
A5008147879,W2294699627,first
A5049030644,W2416062892,middle
A5088933186,W2517551726,middle
A5057260089,W2518974982,first
A5073869382,W2518974982,last
A5071445146,W2588415371,last
A5027485931,W2598043874,middle
A5049756010,W2607508279,first
A5089476776,W2607508279,last
A5087825639,W2625056686,first
A5040323322,W2625056686,middle
A5086572718,W2625056686,middle
A5049949859,W2625056686,last
A5021102755,W2641437438,first
A5079123162,W2641437438,middle
A5029981129,W2641437438,last
A5016732026,W2728053710,first
A5066728847,W2728053710,last
A5022456933,W2753639319,first
A5056214167,W2753639319,middle
A5068143882,W2753639319,middle
A5023499084,W2753639319,last
A5079143473,W2757789861,first
A5005837856,W2757789861,middle
A5060011738,W2757789861,middle
A5023880784,W2757789861,last
A5060203725,W2765090334,first
A5057947815,W2767791353,first
A5041730641,W2767791353,middle
A5032612218,W2767791353,middle
A5055569781,W2767791353,middle
A5034459552,W2767791353,last
A5067810736,W2777743018,first
A5049591033,W2777743018,middle
A5029854233,W2777743018,last
A5083199558,W2778212626,first
A5085942072,W2782018122,first
A5042394011,W2789499602,first
A5006617173,W2791278960,last
A5049986671,W2791380640,first
A5051056050,W2791380640,last
A5013431253,W2792169121,last
A5039428749,W2792635111,middle
A5082773596,W2792635111,last
A5072181180,W2793405985,first
A5008406974,W2797335891,first
A5062646692,W2797335891,last
A5054013683,W2797577657,first
A5087596327,W2797577657,last
A5029240602,W2799842474,first
A5090728745,W2799842474,middle
A5005401257,W2799842474,last
A5055468639,W2800753245,first
A5056123517,W2801504091,first
A5004650353,W2801504091,middle
A5079590099,W2801504091,middle
A5023859439,W2801504091,last
A5041924377,W2801896431,first
A5080442126,W2806527569,first
A5051533204,W2807735665,first
A5070858823,W2807735665,last
A5021832071,W2809380503,first
A5002367171,W2809380503,last
A5044121708,W2810222521,first
A5087599384,W2839769188,first
A5017983243,W2883014194,first
A5057282370,W2887826002,first
A5001586663,W2888016601,first
A5077155540,W2888876162,first
A5081334927,W2888876162,middle
A5035916046,W2888876162,last
A5004370917,W2889380962,middle
A5077565006,W2890446802,middle
A5056664279,W2895270378,first
A5061944412,W2895270378,middle
A5057163859,W2895270378,middle
A5090142469,W2895270378,last
A5009979787,W2895851130,first
A5040442622,W2897046633,first
A5015068464,W2897666594,first
A5057131034,W2898098432,first
A5048466788,W2898497939,middle
A5081533451,W2898497939,middle
A5051859673,W2898738390,middle
A5019265966,W2900268997,first
A5069154075,W2939019350,first
A5047988825,W2984354420,first
A5028287123,W2984354420,middle
A5013169538,W2984354420,middle
A5022131196,W2984354420,last
A5062375486,W3004465380,middle
A5041191772,W3004820316,middle
A5003674456,W3049228855,first
A5012957949,W3088079168,middle
A5037029993,W3088079168,last
A5042522667,W3119429152,first
A5044191969,W3119429152,last
A5019035804,W3143962837,first
A5009074046,W3143962837,last
A5003762688,W4230466833,first
A5066245188,W4234302141,first
A5034739083,W4234302141,middle
A5041796122,W4234302141,middle
A5046679226,W4234302141,last
A5079555490,W4237407241,first
A5082510785,W4237612085,first
A5016129715,W4248238816,last
A5045754764,W4253191182,first
A5079887001,W4253191182,last
A5038653363,W4255927938,first
A5055012056,W4255927938,middle
A5007973281,W4255927938,last
A5015400817,W4289555302,first
A5057214563,W4289555302,middle
A5031354927,W4289555302,last
A5007571091,W4298364885,first
A5007242502,W4298364885,last
A5012830787,W566701957,first
A5051968942,W596690317,last
A5067599928,W1480880155,first
A5024501121,W1480880155,last
A5055368141,W1913624433,middle
A5085628798,W1913624433,middle
A5086373411,W22315754,first
A5088359990,W2274600189,first
A5089754785,W2274600189,middle
A5050476102,W2274600189,middle
A5035698777,W2274600189,middle
A5046899009,W2274600189,middle
A5007379202,W2274600189,last
A5042861245,W246844335,first
A5076734326,W2494006559,first
A5002385420,W2497219611,middle
A5050865451,W2497219611,middle
A5004960011,W2497219611,middle
A5083458209,W2497219611,middle
A5086336877,W2497219611,middle
A5003446912,W2497219611,middle
A5026515643,W2497219611,middle
A5026157285,W2497219611,middle
A5050062467,W2497219611,middle
A5057469037,W2497219611,middle
A5091141987,W2497219611,last
A5074469154,W2739331704,first
A5052487601,W2739331704,middle
A5044783910,W2739331704,middle
A5078269845,W2739331704,middle
A5039389081,W2739331704,last
A5073488200,W2749478104,first
A5064495710,W2749478104,middle
A5057431380,W2749478104,last
A5059584746,W2751306880,first
A5003831845,W2754542527,last
A5001172087,W2755919815,first
A5034571386,W2758528623,middle
A5063906598,W2758528623,middle
A5030438756,W2758528623,last
A5071094001,W2772355969,first
A5073952438,W2780287068,first
A5058896802,W2780287068,middle
A5047728262,W2782214136,first
A5004609539,W2782214136,middle
A5000766463,W2792735146,first
A5007430819,W2792735146,last
A5089691652,W2792819952,first
A5041101317,W2793140470,first
A5090316903,W2793140470,last
A5043134112,W2793977484,first
A5051220559,W2793977484,middle
A5005158034,W2793977484,middle
A5073740769,W2793977484,middle
A5089396802,W2794478735,first
A5060960665,W2799288525,middle
A5060883307,W2799288525,middle
A5088673875,W2799288525,middle
A5062662924,W2799288525,middle
A5082357282,W2799288525,last
A5011466629,W2799789318,first
A5084640876,W2799789318,last
A5040534841,W2800780036,first
A5089451267,W2800780036,middle
A5020601268,W2802199319,last
A5019355486,W2803622019,first
A5069354293,W2804155702,first
A5090114526,W2804155702,middle
A5059577520,W2804721401,first
A5011889143,W2805144244,first
A5032543777,W2810578659,first
A5089797194,W2810578659,middle
A5079757002,W2810578659,middle
A5018944119,W2810578659,last
A5003488353,W2884062205,first
A5089646965,W2884985123,first
A5021609011,W2885023641,last
A5048026278,W2885486127,first
A5077005608,W2887386157,first
A5028919793,W2887897629,first
A5049834238,W2889195930,first
A5006745763,W2889396243,middle
A5061493516,W2889396243,last
A5039646359,W2889972279,first
A5054743037,W2889972279,last
A5010594548,W2890371819,first
A5018628934,W2891522255,middle
A5056250862,W2891522255,middle
A5082390181,W2891522255,middle
A5006946871,W2891522255,middle
A5050188124,W2894666656,last
A5081948057,W2895736922,first
A5004130903,W2896994706,first
A5085361118,W2897853054,first
A5021211836,W2900324964,first
A5041660039,W2900324964,last
A5033551985,W2900665451,first
A5000736540,W2900665451,last
A5047840462,W2901053866,first
A5041091856,W2905327064,first
A5060723344,W2905327064,last
A5062697559,W2908478591,first
A5008403359,W2908478591,last
A5004072574,W2910684283,first
A5033347199,W2910684283,middle
A5083864231,W2912764670,first
A5051998252,W2914994324,first
A5042621569,W2942865170,first
A5059080695,W2942865170,middle
A5057285672,W2942865170,last
A5068715764,W2948896378,first
A5065544496,W2948896378,last
A5087244907,W2950105622,first
A5073402040,W2950105622,middle
A5077163269,W2950105622,middle
A5003776093,W2950105622,middle
A5074351315,W2950105622,middle
A5057253596,W2950105622,middle
A5022267407,W2950105622,middle
A5029788536,W2950105622,middle
A5004331952,W2950105622,middle
A5047965987,W2950105622,middle
A5022733451,W2950105622,middle
A5059626541,W2950105622,middle
A5082711456,W2950105622,middle
A5055374737,W2950105622,middle
A5080422825,W2950105622,middle
A5071388278,W2950105622,middle
A5091193387,W2950105622,middle
A5037370047,W2950105622,middle
A5008120275,W2950105622,middle
A5039820270,W2950105622,middle
A5010974553,W2950105622,middle
A5020204733,W2950105622,middle
A5036160602,W2950105622,middle
A5044484291,W2950105622,middle
A5013723473,W2950105622,middle
A5043650939,W2950105622,middle
A5056055676,W2950105622,middle
A5027838944,W2950105622,middle
A5049442085,W2950105622,middle
A5027644564,W2950105622,middle
A5017252408,W2950105622,middle
A5086634780,W2950105622,middle
A5034914954,W2950105622,middle
A5049392901,W2950105622,middle
A5034323705,W2950105622,middle
A5044141636,W2950105622,middle
A5017685611,W2950105622,middle
A5060751908,W2950105622,middle
A5011808796,W2950105622,middle
A5025823907,W2950105622,middle
A5016126519,W2950105622,middle
A5082377417,W2950105622,last
A5073588989,W2985137303,first
A5008290114,W2985137303,middle
A5060309231,W2985137303,last
A5018871994,W2987406376,first
A5072509740,W2987406376,last
A5021890370,W3000541958,first
A5008209934,W3000541958,last
A5007453299,W3002409721,middle
A5047991986,W3002409721,last
A5018627421,W3003892346,middle
A5033512118,W3005425737,first
A5072710973,W3005425737,last
A5023556444,W3043995533,middle
A5028238769,W3043995533,middle
A5055245450,W3043995533,last
A5063431322,W3097188489,first
A5049756010,W3104658280,first
A5089476776,W3104658280,last
A5049864778,W3196253748,middle
A5011763643,W3209114782,first
A5090081010,W3209114782,last
A5052940722,W4210975952,first
A5017876411,W4231523733,first
A5032787307,W4231866445,first
A5062944003,W4244355250,last
A5060675384,W4245284057,first
A5069696839,W4245284057,last
A5013766379,W4248921113,first
A5029240602,W4253349640,first
A5090728745,W4253349640,middle
A5005401257,W4253349640,last
A5006862051,W4254870614,first
A5015129861,W4300650007,first
A5043480875,W4301867026,first
A5055300903,W588854059,first
A5090257188,W601766861,first
A5087017155,W601766861,last
A5052226311,W607932943,first
A5038050126,W619011732,first
A5074047278,W634261051,first
A5063333307,W634261051,middle
A5067635743,W634261051,middle
A5025782059,W634261051,last
A5017169979,W634530495,first
A5077890878,W644085275,last
A5018556916,W1208334693,first
A5043185084,W1512314337,first
A5078729656,W1960486839,first
A5047924976,W1960486839,last
A5058390268,W211671548,first
A5053019641,W211671548,middle
A5077389686,W211671548,middle
A5085823067,W211671548,last
A5051796953,W2165289600,first
A5090289031,W232428390,last
A5067142016,W2477229113,first
A5058256601,W2478994808,first
A5086085795,W2505752680,first
A5059698359,W2620626310,first
A5053881527,W2734860730,middle
A5015929028,W2734860730,middle
A5047113585,W2734860730,last
A5080948360,W2735631329,first
A5068068436,W2735631329,middle
A5022569505,W2735631329,last
A5003689610,W2744219408,first
A5005495624,W2744219408,middle
A5044672544,W2745363099,first
A5065664393,W2745363099,last
A5070182401,W2754276167,first
A5066130528,W2754276167,last
A5091286205,W2760426769,first
A5077021792,W2766991080,first
A5067457382,W2766991080,middle
A5053595098,W2766991080,last
A5082828601,W2767534138,last
A5039480864,W2767654620,first
A5042119350,W2767654620,middle
A5084306663,W2767654620,last
A5072206223,W2768299058,first
A5001740984,W2768299058,middle
A5006713963,W2768299058,middle
A5079992660,W2768299058,middle
A5090445830,W2770654065,first
A5024633466,W2770654065,last
A5013096663,W2781159589,first
A5057139859,W2781976166,first
A5031765586,W2783153065,middle
A5067810736,W2787036754,first
A5053268108,W2787036754,middle
A5085498608,W2787036754,middle
A5045665091,W2787036754,last
A5091290326,W2788734921,middle
A5041617107,W2789657995,first
A5011581212,W2789657995,last
A5015066385,W2789682102,first
A5018857572,W2790120064,first
A5055489209,W2790598736,first
A5047652595,W2790598736,middle
A5085924003,W2790598736,last
A5031442575,W2790629738,last
A5007297008,W2791111874,first
A5046412881,W2791111874,middle
A5024616914,W2791111874,last
A5071599724,W2791696674,first
A5070533996,W2791723675,first
A5050745579,W2791723675,last
A5045627721,W2792596580,first
A5072934668,W2792814629,first
A5015162878,W2793181780,first
A5045670674,W2793260526,last
A5063368702,W2793960396,first
A5032698683,W2795092572,first
A5008191922,W2795583324,first
A5077328267,W2795749711,last
A5048375359,W2796027102,first
A5067840437,W2796027102,last
A5060291820,W2801162095,first
A5069068878,W2801474551,first
A5025097632,W2801474551,last
A5048277088,W2801534310,first
A5091288250,W2807358544,first
A5076788896,W2811330025,last
A5023101745,W2884857433,first
A5087189799,W2884870329,first
A5000337740,W2886216898,first
A5022975114,W2886216898,last
A5060176570,W2887468402,first
A5080848262,W2888045883,first
A5070071735,W2888045883,last
A5073230848,W2888742719,first
A5022590563,W2889038061,first
A5037179493,W2889038061,middle
A5059159928,W2889109550,first
A5073846453,W2890132509,first
A5039264502,W2890501979,first
A5066888888,W2890501979,last
A5062275782,W2891170663,first
A5003539831,W2892393568,first
A5019631284,W2894597338,last
A5060921040,W2895834617,first
A5060596453,W2895834617,last
A5030749351,W2896773493,first
A5070745825,W2897056336,first
A5071889433,W2897405602,last
A5081860562,W2897872938,first
A5052240751,W2897872938,middle
A5066521241,W2897872938,middle
A5076239112,W2897872938,last
A5085325081,W2897930988,first
A5006581225,W2897930988,last
A5062117019,W2897932850,first
A5062211930,W2897932850,middle
A5059908545,W2897932850,middle
A5056296476,W2897932850,middle
A5015735678,W2897932850,middle
A5044628233,W2897932850,last
A5081036659,W2899111549,first
A5031762854,W2899111549,middle
A5089042848,W2899111549,last
A5020822497,W2899192009,first
A5073507781,W2901091110,first
A5021591252,W2901550168,first
A5039745529,W2901575149,first
A5075740003,W2903890558,first
A5047033264,W2903890558,last
A5036536237,W2905034761,first
A5070182401,W2905473775,first
A5066130528,W2905473775,last
A5072549161,W2907304721,first
A5042954329,W2911337463,first
A5085030338,W2912543023,first
A5049235570,W2914525556,first
A5060779928,W2917024514,first
A5061561391,W2928698795,first
A5036297916,W2928698795,last
A5090855504,W2943638878,first
A5067767740,W2945404993,first
A5061306312,W2947927997,last
A5079473592,W2954485439,first
A5034953138,W2955014061,first
A5038634610,W2971118163,first
A5065472011,W2971118163,middle
A5001853454,W2971118163,middle
A5081786269,W2971118163,middle
A5077089622,W2971118163,middle
A5034248834,W2971118163,last
A5034996425,W2972235367,first
A5062084038,W2972235367,middle
A5088007324,W2972235367,middle
A5006453896,W2972235367,last
A5085356362,W2982153618,first
A5021085078,W2982153618,middle
A5052729672,W2982153618,last
A5034542641,W2990784678,first
A5062823430,W2990784678,last
A5000636604,W3000446030,first
A5047114159,W3136647119,first
A5048058395,W3136647119,last
A5050363496,W3157588291,first
A5019739552,W3157588291,middle
A5054273103,W3157588291,last
A5081173401,W316095872,middle
A5014847368,W3165541020,first
A5049841184,W3165541020,last
A5055060163,W3176925946,last
A5039486588,W4229948856,first
A5090727234,W4229948856,middle
A5015424372,W4229948856,middle
A5043209677,W4229948856,last
A5052782939,W4230231292,first
A5085856054,W4230231292,middle
A5007155759,W4237262586,last
A5040670023,W4239223408,first
A5083763848,W4239466719,first
A5025017380,W4241455939,first
A5035337020,W4241960520,first
A5029299671,W4245286434,first
A5053440165,W4246807070,first
A5083687551,W4247844310,first
A5047685878,W4252084451,first
A5073005597,W4252358453,first
A5075373200,W4252358453,middle
A5061118449,W4252358453,middle
A5085821552,W4252358453,last
A5008117868,W4256544755,first
A5051083730,W4256544755,last
A5034366344,W4299305737,first
A5046558241,W4299305737,middle
A5014998669,W4299305737,middle
A5084213178,W4299305737,last
A5006979328,W4299993138,first
A5071394525,W4301655307,first
A5063105834,W562330438,first
A5013567946,W650528313,first
A5064633247,W769527554,first
A5020836373,W769527554,middle
A5001898958,W769527554,middle
A5018876311,W769527554,last
A5012924253,W77512341,first
A5080497057,W77512341,last
A5017163861,W1604789821,middle
A5053778380,W2230993748,first
A5087675371,W2499969501,first
A5073956678,W2558487592,first
A5068848432,W2558487592,middle
A5048799922,W2558487592,middle
A5076384144,W2558487592,middle
A5001507976,W2558487592,middle
A5002216594,W2577540505,last
A5047369662,W2610994310,middle
A5048518433,W2610994310,last
A5083691458,W2613654191,first
A5038480602,W2616094827,first
A5012107816,W2737078764,first
A5015005939,W2737078764,last
A5026453313,W2738680856,first
A5006390574,W2738680856,last
A5000883886,W2740629511,first
A5066589199,W2740629511,middle
A5078055724,W2740629511,last
A5001172312,W2744787817,first
A5075720299,W2744787817,last
A5087610918,W2746752613,first
A5019922027,W2750868717,first
A5089263417,W2750868717,middle
A5074122666,W2750868717,last
A5070182534,W2752745005,middle
A5070383646,W2752745005,last
A5025987638,W2755293938,first
A5018474051,W2755293938,middle
A5088791566,W2755293938,last
A5079293684,W2756269477,first
A5089339256,W2760717683,last
A5085555688,W2763144831,first
A5035513892,W2763144831,middle
A5001914426,W2763144831,last
A5036087185,W2765720068,first
A5046631338,W2766350618,first
A5071019230,W2767789152,last
A5019717997,W2770124172,first
A5009127451,W2770124172,middle
A5065664393,W2770124172,last
A5090445830,W2770457525,first
A5089550455,W2770457525,middle
A5026468033,W2770457525,middle
A5071511229,W2770457525,last
A5056798292,W2773525919,first
A5024835047,W2773525919,last
A5029398803,W2773538277,first
A5022258428,W2773538277,last
A5070918132,W2774630443,first
A5062776702,W2777044251,first
A5017573625,W2777044251,last
A5064525703,W2777948887,first
A5060986934,W2779348605,first
A5035314874,W2780060617,first
A5047652595,W2780060617,middle
A5073634264,W2780060617,last
A5000238703,W2780269343,first
A5058159249,W2781099010,first
A5002085926,W2784739107,first
A5015400578,W2784739107,middle
A5089887345,W2784739107,last
A5068053687,W2785465078,first
A5034070847,W2785465078,middle
A5021111659,W2785465078,middle
A5037420527,W2785465078,middle
A5091616977,W2785465078,last
A5011347323,W2790415937,first
A5079293684,W2790415937,middle
A5054214970,W2790415937,last
A5041617107,W2790707386,first
A5072743620,W2790707386,middle
A5045627721,W2790707386,last
A5091142246,W2790762520,first
A5064529820,W2791043346,first
A5013182705,W2791043346,last
A5000163896,W2791316233,last
A5018547819,W2791528160,first
A5090320352,W2791528160,middle
A5012275958,W2791528160,last
A5010845707,W2791796836,first
A5001923312,W2791796836,middle
A5081408353,W2791796836,last
A5064425475,W2791908723,first
A5051924919,W2793673065,first
A5031278336,W2793919044,first
A5080892223,W2794087097,first
A5074148946,W2794087097,middle
A5087909013,W2794087097,middle
A5077109450,W2794087097,last
A5058416870,W2794154696,first
A5069849643,W2794154696,last
A5043080973,W2794239289,last
A5042080383,W2794505171,first
A5076800686,W2795459931,first
A5077879451,W2795879047,first
A5000700306,W2795879047,middle
A5005012613,W2795879047,last
A5010766325,W2797800246,first
A5041191772,W2797800246,middle
A5014280268,W2798923144,first
A5005061793,W2799519694,last
A5001681038,W2799630526,first
A5015524514,W2799630526,last
A5089306519,W2799772899,first
A5016966514,W2800376068,first
A5028467872,W2801026247,first
A5041273484,W2802055212,first
A5029451644,W2802352283,first
A5027648655,W2803492939,last
A5055069190,W2803698099,first
A5065423139,W2803698099,last
A5059734965,W2803901957,last
A5012518928,W2804439268,first
A5002513825,W2804439268,last
A5053898210,W2807782549,first
A5007505981,W2808841575,first
A5021039615,W2808841575,middle
A5059786971,W2808841575,last
A5012027004,W2809219654,first
A5041055145,W2809219654,middle
A5033693858,W2818685984,last
A5034663047,W2841883001,first
A5078138776,W2850828722,first
A5050087146,W2884216492,first
A5008199122,W2885463404,first
A5032467047,W2885463404,last
A5054453995,W2885529102,first
A5065525613,W2885762402,middle
A5026361868,W2885762402,last
A5006238145,W2888359544,first
A5014150958,W2888359544,last
A5030016107,W2889405035,first
A5039211759,W2889405035,middle
A5034939930,W2889405035,last
A5057260089,W2889441883,first
A5019645491,W2889441883,middle
A5005298745,W2889441883,last
A5028919793,W2890013249,middle
A5014843021,W2891065069,first
A5050085003,W2892331365,first
A5032077769,W2892364161,first
A5038668071,W2893902883,first
A5032689906,W2893902883,middle
A5024821632,W2894992451,first
A5049100391,W2894992451,last
A5024763537,W2895016179,first
A5052003560,W2895016179,last
A5034267468,W2895207701,middle
A5056968920,W2895207701,middle
A5006581225,W2895207701,last
A5041427594,W2897683918,first
A5068059152,W2897683918,last
A5065873568,W2897699401,first
A5005108215,W2898013722,last
A5064944667,W2899096485,middle
A5051708329,W2899096485,middle
A5064939637,W2899096485,middle
A5082688078,W2899096485,middle
A5081825061,W2899096485,middle
A5062263256,W2899096485,middle
A5006950092,W2899096485,last
A5075371863,W2899247797,middle
A5017430628,W2900100881,first
A5028171384,W2901884619,first
A5046307961,W2907239922,middle
A5068851817,W2907239922,last
A5072641170,W2908120081,first
A5043380578,W2908120081,middle
A5076595826,W2908120081,middle
A5077137296,W2908120081,middle
A5024717956,W2908120081,middle
A5022659812,W2908120081,last
A5003044729,W2908289137,first
A5027548609,W2909266503,first
A5006561164,W2909929065,first
A5087718805,W2910110977,first
A5060988200,W2910540732,first
A5027942291,W2910540732,last
A5008214116,W2912800354,middle
A5078472992,W2912800354,last
A5088817813,W2930417753,first
A5008209934,W2930417753,middle
A5023330178,W2930417753,last
A5008810909,W2940401688,first
A5043651693,W2940401688,middle
A5037257043,W2940401688,last
A5041746321,W2954661042,middle
A5000170791,W2966178500,first
A5015858391,W2966178500,middle
A5006796448,W2966178500,middle
A5061036764,W2966178500,middle
A5030480677,W2966178500,last
A5076418777,W2970803287,last
A5020399250,W2970913158,first
A5031600713,W2980092020,first
A5079583921,W2989411518,first
A5037704684,W2989733497,first
A5016387967,W2989733497,middle
A5090816690,W2989733497,middle
A5041145702,W2989733497,middle
A5085355318,W2989733497,last
A5020885720,W3005734044,last
A5069800795,W3007719962,last
A5027729282,W3011019774,first
A5002290761,W3011019774,last
A5008771402,W3011891244,first
A5004135554,W3011891244,last
A5033071660,W3012053204,first
A5012579303,W3012912993,middle
A5009946637,W3012912993,last
A5005059260,W3046331229,first
A5045700177,W3046331229,middle
A5033419153,W3046331229,last
A5005258575,W3161373834,first
A5031737874,W398090858,first
A5048111142,W398090858,last
A5018237224,W4211016476,first
A5039374866,W4229503396,middle
A5003317150,W4229503396,last
A5040082909,W4229963444,first
A5048361904,W4233316048,first
A5065100828,W4233316048,last
A5090781321,W4234617799,first
A5000405639,W4234617799,last
A5046229554,W4234691748,first
A5079106322,W4238542023,first
A5000506517,W4246944263,first
A5034988029,W4246944263,middle
A5003319227,W4246944263,last
A5062460419,W4247476933,first
A5069256488,W4247476933,last
A5014280268,W4247983445,first
A5016405213,W4249133793,first
A5004370275,W4249133793,last
A5012836708,W4249498589,first
A5051715993,W4249756488,middle
A5083245721,W4249756488,middle
A5009156899,W4249756488,middle
A5005707213,W4249756488,last
A5080279749,W4252001384,first
A5069590205,W4254451400,first
A5059227346,W4254451400,middle
A5068664074,W4254451400,middle
A5056217038,W4254451400,middle
A5064047164,W4255045881,first
A5005507069,W4255048749,first
A5042010403,W51913652,first
A5063390327,W560461467,first
A5086400846,W584065354,first
A5031804995,W616952762,first
A5031950673,W616952762,middle
A5084645511,W616952762,last
A5079948174,W618708010,first
A5063827581,W643346352,first
A5071941451,W76129504,first
A5062957277,W76129504,last
A5002465187,W106345039,first
A5067903248,W106345039,last
A5030705383,W1522537505,first
A5067509397,W1522537505,middle
A5075426292,W1523796380,first
A5016263132,W1523796380,last
A5040191968,W1540161133,first
A5024596760,W1593669961,first
A5021620793,W1635546998,first
A5076780054,W1813483587,first
A5046224413,W1813483587,middle
A5070622144,W1813483587,last
A5050167251,W1941901676,first
A5070609086,W1941901676,last
A5011108953,W2132167962,first
A5059490192,W2144631306,middle
A5038053428,W2165209565,middle
A5090916324,W2165209565,middle
A5004840435,W2213982452,first
A5028900472,W2236551791,first
A5015466370,W2236551791,last
A5051362804,W2255970580,first
A5014128981,W2255970580,last
A5052031579,W232809021,first
A5056512425,W2412586022,first
A5049246587,W2460142088,first
A5014941094,W2497722793,first
A5056415233,W2497722793,middle
A5015918714,W2497722793,middle
A5061118449,W2497722793,last
A5019990324,W2499367854,first
A5054231594,W2499367854,middle
A5001386557,W2499367854,middle
A5064472777,W2499367854,last
A5069430528,W2505850456,first
A5043631718,W2505850456,middle
A5054083146,W2505850456,last
A5033071376,W2564596893,first
A5074998159,W2589744646,first
A5032779747,W2589744646,last
A5052534652,W2607618344,first
A5012865337,W2607618344,last
A5082757811,W2615076165,first
A5014454962,W2615076165,middle
A5031192315,W2615076165,last
A5065912071,W2616897914,first
A5050729402,W2616897914,last
A5088469315,W2622618182,first
A5089812166,W2622618182,last
A5000655556,W2625952085,first
A5062857386,W2625952085,last
A5059508944,W2688692503,first
A5049001989,W2696605565,first
A5060878039,W2727688599,middle
A5066187139,W2727688599,middle
A5013748687,W2730437450,middle
A5068375854,W2730437450,middle
A5012581597,W2737417475,first
A5012869619,W2737417475,middle
A5000206320,W2737417475,middle
A5027849780,W2737417475,middle
A5030448202,W2737417475,last
A5026613100,W2741445464,first
A5022974795,W2741445464,middle
A5022662181,W2741445464,middle
A5023298229,W2741445464,middle
A5070891194,W2742957429,first
A5071524185,W2743668557,first
A5005236954,W2745101173,first
A5005837856,W2751470898,first
A5068977486,W2751470898,middle
A5006992777,W2751470898,middle
A5038199341,W2751470898,middle
A5074955676,W2751470898,last
A5080194185,W2752215935,first
A5071376063,W2752215935,last
A5076838978,W2754303041,last
A5001079181,W2754610520,first
A5076419208,W2758046939,first
A5067017529,W2758046939,middle
A5084154943,W2758046939,last
A5050289999,W2763841509,first
A5077895096,W2763841509,middle
A5023537016,W2763841509,last
A5082955124,W2766035339,first
A5091541952,W2766035339,middle
A5054848365,W2766035339,last
A5026048440,W2767343966,first
A5044672764,W2768820034,first
A5072057899,W2770170494,first
A5009078028,W2770170494,middle
A5031462168,W2770170494,last
A5082254718,W2770719629,first
A5063241360,W2770719629,middle
A5028770720,W2770719629,last
A5045879054,W2772844003,first
A5060561123,W2772844003,middle
A5081072903,W2772844003,last
A5020245252,W2772868728,first
A5010415325,W2772868728,last
A5062575571,W2773395755,last
A5020254377,W2774061959,first
A5058359305,W2774061959,middle
A5061744779,W2774061959,middle
A5052330334,W2774061959,last
A5074298006,W2774488060,first
A5008482038,W2774488060,last
A5039902854,W2777287832,first
A5080836487,W2777767508,first
A5008763383,W2778639274,first
A5059603729,W2778639274,middle
A5075830877,W2778639274,middle
A5086102702,W2778639274,last
A5085491407,W2778693011,first
A5033084721,W2780470903,first
A5040575826,W2780470903,middle
A5010974487,W2780470903,middle
A5034112897,W2780470903,last
A5052208842,W2780887553,middle
A5062726336,W2781231121,first
A5038083093,W2781847877,last
A5018606903,W2783978417,first
A5009311799,W2785418420,first
A5073721588,W2787774753,first
A5044745972,W2788478065,first
A5052334999,W2788478065,middle
A5027243034,W2788478065,last
A5055190103,W2789241411,first
A5081274548,W2789241411,middle
A5087011942,W2789241411,middle
A5013031365,W2789241411,last
A5071605907,W2789395321,first
A5077865215,W2789452866,first
A5000111276,W2789564889,first
A5080622873,W2789564889,middle
A5055430742,W2789564889,middle
A5086732692,W2789564889,last
A5062603804,W2789671598,first
A5005183383,W2790004790,first
A5083208040,W2790004790,last
A5049701126,W2790694701,first
A5055414768,W2790694701,last
A5069275810,W2790751345,last
A5059241117,W2790904640,first
A5051639778,W2790933266,first
A5025307084,W2790933266,last
A5075878748,W2791077586,first
A5003799782,W2791077586,last
A5047113234,W2791200943,first
A5063846550,W2791200943,last
A5008863188,W2791451511,last
A5083988526,W2791592062,first
A5090973753,W2791716581,first
A5033032183,W2791748592,first
A5031593708,W2791748592,last
A5058051179,W2791822338,first
A5082419153,W2791822338,last
A5054364264,W2791885340,first
A5058624569,W2792228175,last
A5076302616,W2792361174,first
A5078926753,W2792361174,middle
A5015139881,W2792361174,middle
A5080692067,W2792361174,last
A5086723654,W2792649161,first
A5076628907,W2792649161,middle
A5012275958,W2792649161,middle
A5090320352,W2792649161,last
A5014094125,W2792650984,last
A5082773596,W2792869293,middle
A5012536517,W2792921728,first
A5034207902,W2793481759,first
A5001301383,W2793618135,last
A5014873401,W2793660241,first
A5030571810,W2793660241,last
A5021872235,W2793770756,first
A5075471642,W2794382750,first
A5006886753,W2794382750,last
A5080349849,W2795870193,first
A5041908906,W2796143838,first
A5064715052,W2796175238,first
A5082028602,W2796255551,first
A5046787083,W2796300807,first
A5086739926,W2796451969,first
A5086124602,W2800705907,first
A5066168365,W2801440975,first
A5056602415,W2801440975,middle
A5006440045,W2801440975,last
A5056303279,W2801739506,first
A5004151614,W2801739881,middle
A5025686476,W2801774317,first
A5063203268,W2801790101,first
A5083718069,W2802924332,first
A5064346361,W2803211473,middle
A5087856032,W2803211473,last
A5035316804,W2803283142,first
A5032698683,W2803928314,last
A5073039630,W2806628354,first
A5079308383,W2806628354,middle
A5068606430,W2806628354,middle
A5048886526,W2806628354,middle
A5083436721,W2806628354,last
A5014463806,W2807714571,first
A5066932450,W2807714571,last
A5019321436,W2808150417,middle
A5020083072,W2808448522,first
A5010441998,W2809174622,first
A5050547417,W2809174622,last
A5055265640,W2809204361,first
A5001981242,W2809445166,first
A5084361258,W2810165093,last
A5073698588,W2811355591,first
A5091438547,W2883347180,middle
A5063541445,W2883423081,first
A5013615238,W2883507562,last
A5085423076,W2883522479,first
A5016923663,W2883522479,middle
A5002085159,W288382923,first
A5046828484,W2884390738,first
A5071729841,W2884605670,first
A5008691007,W2884605670,middle
A5000975435,W2884605670,middle
A5068271733,W2884605670,last
A5084233428,W2885034243,middle
A5032708586,W2885034243,middle
A5035801377,W2885034243,middle
A5004092347,W2885034243,middle
A5030509986,W2885034243,middle
A5005650307,W2885034243,middle
A5082817413,W2885034243,last
A5041746321,W2885404359,middle
A5012703845,W2886122248,first
A5045707834,W2886288975,last
A5028674162,W2887548691,first
A5023788914,W2887548691,last
A5070697660,W2887634117,first
A5080744092,W2887634117,last
A5068110218,W2888090941,first
A5037175476,W2888090941,last
A5063100809,W2888126105,first
A5030159286,W2888172174,first
A5060136462,W2888197188,first
A5033673904,W2888197188,middle
A5045018699,W2888197188,middle
A5012667640,W2888402614,middle
A5069240871,W2888641942,first
A5045032489,W2888703885,middle
A5039819154,W2888703885,last
A5084047748,W2888869297,last
A5011859309,W2889239463,first
A5041470575,W2889239463,middle
A5018292481,W2889239463,last
A5087790566,W2889580012,first
A5024763537,W2889622557,first
A5046303841,W2889777759,middle
A5028209738,W2889777759,middle
A5054241527,W2889777759,last
A5040564397,W2889882769,first
A5083814185,W2889882769,last
A5052745577,W2889942868,first
A5001198161,W2890087603,first
A5029807024,W2890151496,first
A5041147074,W2890151496,last
A5043823616,W2890193423,first
A5010033316,W2890307952,first
A5016920715,W2890307952,last
A5036326453,W2890697659,first
A5069963289,W2891050451,first
A5064658255,W2891572140,first
A5032439452,W2891808375,first
A5042620889,W2891993883,first
A5033240437,W2892534727,first
A5046062994,W2892569185,first
A5030404959,W2893351499,first
A5086220702,W2894493399,first
A5046588386,W2894552767,first
A5088006732,W2894559879,first
A5017233630,W2894559879,middle
A5005096130,W2894559879,middle
A5062704227,W2894559879,last
A5088096263,W2895016520,first
A5084180560,W2895016520,middle
A5056327046,W2895016520,middle
A5040700878,W2895016520,last
A5032202052,W2895187097,first
A5077398892,W2895395514,first
A5019664392,W2895395514,middle
A5001788144,W2895395514,last
A5027548609,W2895518365,first
A5076344816,W2895572558,middle
A5059204546,W2895572558,middle
A5090316903,W2895572558,last
A5013391395,W2895665523,first
A5064181963,W2895669535,first
A5081751699,W2895669535,middle
A5007994353,W2895669535,last
A5062424191,W2895685660,first
A5024490909,W2895685660,middle
A5071483672,W2895685660,middle
A5022537740,W2895685660,middle
A5009310543,W2895685660,last
A5037162383,W2896481001,first
A5007493975,W2896859058,first
A5013922919,W2896859058,middle
A5071959897,W2896859058,last
A5088267964,W2896972990,first
A5058662464,W2897105980,first
A5067780630,W2897239863,first
A5068147122,W2897466405,first
A5077083529,W2897666954,first
A5045361090,W2897666954,middle
A5032935410,W2897666954,middle
A5045982340,W2897666954,last
A5047674143,W2898057441,first
A5037910592,W2898152282,last
A5030749351,W2898153412,first
A5050451604,W2898569753,last
A5050399847,W2898643625,first
A5003896730,W2898643625,middle
A5053205646,W2898643625,middle
A5041526805,W2898643625,middle
A5043174840,W2899018772,middle
A5010975997,W2899018772,middle
A5016111265,W2900060686,first
A5086682030,W2900060686,last
A5014140235,W2900453604,middle
A5036337528,W2900902541,first
A5044434024,W2900911919,first
A5047191996,W2900927266,first
A5068239690,W2900927266,middle
A5070226189,W2900927266,last
A5044107637,W2901205902,last
A5008442944,W2901356144,first
A5016380055,W2902886731,middle
A5047208473,W2902886731,middle
A5033849275,W2902886731,last
A5020493508,W2903055217,first
A5085074585,W2903456669,first
A5081510302,W2903519534,first
A5085672038,W2903569669,middle
A5077087464,W2903920737,first
A5089646965,W2904188368,first
A5084545998,W2904272130,last
A5057100747,W2904467173,first
A5019148232,W2904549650,first
A5087963345,W2904707349,first
A5029583587,W2906048916,first
A5055123256,W2906048916,last
A5078968093,W2906861296,first
A5076247828,W2906861296,middle
A5090193930,W2907203658,first
A5001971648,W2910101112,last
A5066044089,W2911052307,first
A5062872740,W2916381769,first
A5083307224,W2917204234,first
A5044961218,W2917641715,first
A5010300565,W2917641715,last
A5034469128,W2923637721,first
A5061061546,W2924507669,first
A5022752708,W2924507669,middle
A5014225361,W2924507669,last
A5024740669,W2943781901,last
A5015386665,W2946013408,first
A5066447873,W2946013408,middle
A5069825472,W2946013408,middle
A5012853792,W2946013408,last
A5043340317,W2947052993,first
A5066265052,W2947052993,last
A5017729368,W2947159404,first
A5015676987,W2950807255,middle
A5049533477,W2952266427,first
A5053609121,W2952428901,first
A5042166396,W2952428901,middle
A5028524442,W2952428901,middle
A5079870236,W2964238286,first
A5014066476,W2964238286,middle
A5036901295,W2964238286,last
A5013497553,W2970014450,first
A5042842713,W2970014450,middle
A5017282481,W2970014450,last
A5029036361,W2970338919,middle
A5064743621,W2970871969,first
A5072242525,W2978360897,first
A5060070553,W2978360897,last
A5062331827,W2995303529,first
A5037112414,W2995303529,last
A5008359376,W2995354676,first
A5058759070,W2995354676,last
A5075820550,W2996749562,last
A5040604701,W3001400026,middle
A5015590561,W3001400026,middle
A5042672503,W3005957885,middle
A5047645187,W3010146033,first
A5072275205,W3014827369,first
A5030525029,W3014827369,middle
A5091142246,W3014827369,middle
A5012971515,W3014827369,last
A5080607601,W3026724047,first
A5020259131,W3036314176,first
A5091392919,W3041759287,first
A5016877609,W3041759287,middle
A5027558519,W3041759287,last
A5082557029,W3081974451,first
A5015088023,W3082869974,last
A5035695000,W3087992781,first
A5080442126,W3100124573,first
A5064273772,W3109202007,first
A5041007156,W3109202007,middle
A5012336677,W3109202007,middle
A5059829097,W3109202007,middle
A5010621788,W3109202007,last
A5041248493,W3112955976,first
A5061652769,W3126107058,first
A5063992873,W3159020548,first
A5057892705,W3159020548,last
A5032534279,W3159915338,first
A5062219576,W3159915338,last
A5043968860,W3161952091,first
A5089531231,W3162647096,middle
A5018410445,W3162647096,last
A5027752791,W3175157785,first
A5065100828,W3182246425,first
A5044410518,W3182246425,middle
A5027548364,W3182246425,middle
A5033785345,W3182246425,last
A5089999978,W3208005859,first
A5074417300,W3217135021,first
A5024251161,W4210555801,first
A5091261479,W4210966361,first
A5054413131,W4214574086,first
A5082740280,W4229587630,first
A5057877861,W4229587630,middle
A5044292056,W4229587630,middle
A5083875852,W4229587630,last
A5061756334,W4230019331,first
A5066044089,W4230488587,first
A5041277833,W4231115877,first
A5060332228,W4231115877,middle
A5067214173,W4231115877,last
A5089174118,W4233510815,last
A5035193180,W4234270254,first
A5029156210,W4235889164,first
A5064529311,W4239252428,first
A5055803695,W4239799714,first
A5067264401,W4240758970,first
A5060021216,W4241190803,first
A5011939964,W4242241942,first
A5076166508,W4242813818,first
A5011244209,W4244056743,first
A5057512440,W4247697785,first
A5030710823,W4247697785,middle
A5054051440,W4247697785,last
A5073394318,W4250053483,first
A5005507069,W4252560902,first
A5029344441,W4253247317,first
A5066168365,W4253414475,first
A5003378212,W4253414475,last
A5065086706,W4253702238,first
A5053265699,W4253702238,last
A5023021087,W4253772806,first
A5000478791,W4289146455,first
A5057717765,W4289420922,last
A5058290707,W4289543855,middle
A5046907706,W4289543855,middle
A5077737512,W4289543855,middle
A5011066754,W4289543855,middle
A5088455497,W4289543855,middle
A5029092355,W4289543855,middle
A5027761977,W4289543855,last
A5021734434,W4289553992,first
A5029817092,W4289553992,last
A5085622532,W4294723207,first
A5015554622,W4302065232,first
A5083307224,W4365788919,first
A5036139525,W635851628,first
A5086650097,W646085770,first
A5052734194,W651451346,first
A5036380871,W651451346,last
A5079948174,W651845909,first
A5047535596,W95030477,first
A5064876632,W104907371,first
A5041387396,W104907371,middle
A5027045502,W104907371,middle
A5035645484,W104907371,middle
A5062057702,W104907371,middle
A5087506309,W104907371,middle
A5034668928,W104907371,middle
A5051474976,W104907371,middle
A5066899551,W104907371,middle
A5029757626,W104907371,middle
A5060367013,W104907371,middle
A5020207982,W104907371,middle
A5075562557,W104907371,middle
A5019994210,W104907371,middle
A5011113578,W104907371,middle
A5045010829,W104907371,middle
A5066345725,W104907371,middle
A5082586707,W104907371,middle
A5081356898,W104907371,middle
A5005325818,W104907371,middle
A5005516592,W104907371,middle
A5038398326,W104907371,middle
A5054337500,W104907371,middle
A5053449559,W104907371,middle
A5070169969,W104907371,middle
A5076261469,W104907371,middle
A5015577064,W104907371,middle
A5087505541,W104907371,middle
A5020957918,W104907371,middle
A5087735078,W104907371,middle
A5001141284,W104907371,middle
A5014225579,W104907371,middle
A5003106445,W104907371,middle
A5072966374,W104907371,last
A5046459179,W142580591,first
A5000452220,W145227375,first
A5060072987,W145227375,middle
A5054819263,W145227375,middle
A5017108129,W145227375,middle
A5052831617,W145227375,middle
A5065280368,W145227375,middle
A5025969569,W145227375,middle
A5080325587,W145227375,middle
A5013328806,W145227375,middle
A5019438521,W145227375,last
A5022048163,W1492061580,middle
A5048575057,W1492061580,middle
A5080484251,W1492061580,last
A5083111529,W1538611941,first
A5034881777,W1549591085,first
A5043383306,W1586105819,first
A5081561985,W1602268222,first
A5077023305,W1612392380,first
A5091171451,W196721094,first
A5077709991,W2014802453,first
A5078123101,W2153872522,first
A5043433515,W2164252638,first
A5076734377,W2208772846,first
A5014088772,W2241403022,first
A5056246453,W2255126668,first
A5024361328,W2255126668,middle
A5049319155,W2255126668,middle
A5025337981,W2255126668,middle
A5072082268,W2255126668,middle
A5046752980,W2255126668,last
A5030688299,W2300134728,first
A5054511485,W2300134728,last
A5071285788,W2314098432,first
A5050061039,W2461777175,first
A5078910343,W2479477286,first
A5057534575,W2479477286,last
A5080689412,W2484809222,first
A5064025444,W2484809222,last
A5064867241,W2494613133,first
A5053328508,W2495442162,first
A5055416007,W2495442162,last
A5087542455,W2507058536,first
A5008746204,W2507058536,middle
A5085432173,W2507058536,middle
A5084629490,W2507058536,middle
A5075416779,W2507058536,last
A5048486979,W2563366889,first
A5000878731,W2566445996,last
A5053860294,W2606286849,first
A5025073736,W2609734986,first
A5006746248,W2611665591,first
A5090400959,W2617279959,first
A5091445163,W2620282799,first
A5011813952,W2734396628,first
A5078917036,W2735750337,last
A5088486867,W2735957252,first
A5022212660,W2735975622,first
A5025435172,W2736381107,first
A5059140237,W2737259875,first
A5042992199,W2740166739,first
A5014324882,W2740166739,middle
A5074832005,W2740166739,middle
A5011045028,W2743336922,first
A5011813952,W2743336922,last
A5005023779,W2746961746,first
A5055283040,W2748482669,first
A5023465449,W2748482669,middle
A5063428503,W2748710212,first
A5023134890,W2748710212,middle
A5040738604,W2748710212,last
A5069147685,W2753452619,first
A5042278159,W2754972728,first
A5038199341,W2756549333,first
A5005837856,W2756549333,middle
A5074955676,W2756549333,middle
A5041685067,W2756549333,middle
A5019081739,W2756549333,middle
A5037075751,W2756549333,middle
A5068977486,W2756549333,middle
A5006992777,W2756549333,last
A5053505976,W2758189588,first
A5008201587,W2758189588,last
A5043630948,W2760033059,first
A5024828202,W2760033059,middle
A5010246605,W2760033059,middle
A5024494462,W2760033059,last
A5059655101,W2760895203,first
A5014725717,W2761207554,first
A5076352077,W2762127006,first
A5033499806,W2762127006,middle
A5076488485,W2762127006,middle
A5038919661,W2762127006,last
A5083680421,W2762770917,first
A5046454054,W2762892934,first
A5089589896,W2766189362,first
A5089302640,W2766189362,last
A5054348145,W2767793596,first
A5025058941,W2767793596,middle
A5071082834,W2768204734,first
A5034443098,W2768204734,middle
A5062564633,W2768204734,last
A5003669802,W2768258883,first
A5079465943,W2768572627,first
A5086132081,W2768684722,first
A5090320352,W2768684722,middle
A5012275958,W2768684722,last
A5079881929,W2769297686,first
A5047339175,W2769297686,middle
A5011508990,W2769297686,last
A5040035817,W2771611162,first
A5058887761,W2771611162,middle
A5013408670,W2771611162,last
A5083358892,W2771675406,first
A5016029586,W2771675406,middle
A5011118787,W2771675406,middle
A5057878386,W2771675406,last
A5003871253,W2773150992,first
A5036473782,W2775919388,first
A5036848702,W2776176772,first
A5053093268,W2776176772,last
A5070285520,W2776681159,first
A5061934496,W2777610394,first
A5026962283,W2777610394,last
A5028990544,W2778316586,middle
A5013412298,W2778316586,last
A5080038924,W2778556006,last
A5023910909,W2779269324,first
A5046289188,W2779269324,last
A5079215617,W2781839673,first
A5074503092,W2781839673,middle
A5050131784,W2781844517,first
A5022990733,W2781952656,last
A5029588495,W2782054800,first
A5072810735,W2782184092,middle
A5007222325,W2782856720,first
A5046695536,W2782856720,middle
A5074167224,W2782856720,middle
A5065229483,W2782856720,middle
A5088035307,W2782856720,last
A5012275958,W2783257812,first
A5090320352,W2783257812,middle
A5005837856,W2783257812,last
A5080604534,W2783400907,middle
A5048251473,W2783400907,middle
A5010157704,W2785745450,first
A5008627422,W2785745450,last
A5058864144,W2787924122,first
A5078133370,W2788623102,middle
A5048453813,W2788727012,first
A5057625730,W2788727012,middle
A5036233252,W2788727012,middle
A5017817794,W2788727012,last
A5071108661,W2788755967,first
A5051481815,W2789002745,first
A5009699658,W2789408944,first
A5006840555,W2789408944,middle
A5027874759,W2789424691,first
A5021992506,W2789424691,last
A5024492164,W2790366894,first
A5083405389,W2790386236,first
A5016915945,W2790386236,middle
A5004691007,W2790386236,middle
A5015431521,W2790386236,last
A5075794405,W2790430846,first
A5017351111,W2790639052,first
A5088948725,W2790643155,middle
A5047046643,W2791354366,first
A5020750585,W2791365847,first
A5017912812,W2791588650,first
A5091572278,W2791601718,first
A5020620251,W2791865769,first
A5090104266,W2791865769,last
A5022054335,W2791919177,first
A5082313167,W2792576131,first
A5075402619,W2792576131,last
A5045303041,W2792727857,first
A5025842302,W2792917396,first
A5041925521,W2792917396,last
A5005315004,W2792948722,first
A5003312902,W2792948722,last
A5048537903,W2793909660,first
A5004087086,W2793992973,last
A5027542699,W2794223819,first
A5043554743,W2794223819,last
A5031937756,W2794247413,first
A5024036401,W2794302138,middle
A5029535063,W2795529872,first
A5044636781,W2795529872,middle
A5069949633,W2795529872,last
A5074326342,W2795773753,first
A5065682763,W2796333726,last
A5003446196,W2796564471,first
A5025241006,W2796576409,first
A5010344275,W2796576409,middle
A5000961497,W2796576409,middle
A5045655705,W2796576409,middle
A5035454824,W2797638797,first
A5021778229,W2797841071,middle
A5016930945,W2797841071,middle
A5082596185,W2797841071,middle
A5000973754,W2797841071,last
A5067961945,W2799275523,first
A5043113255,W2799275523,middle
A5030659500,W2799275523,middle
A5023634064,W2799275523,last
A5032772439,W2799806247,first
A5022212660,W2799844494,first
A5065058581,W2800770649,first
A5077340927,W2800849958,first
A5015223894,W2801170720,last
A5034847201,W2801189954,first
A5019947674,W2801189954,middle
A5057662113,W2801189954,last
A5069949281,W2802047250,first
A5073782037,W2802277929,first
A5072329833,W2802277929,last
A5012498525,W2802783875,first
A5047487369,W2802794336,middle
A5056500675,W2802896123,first
A5065542478,W2802896123,last
A5035778877,W2803224782,first
A5056276034,W2803224782,last
A5055190103,W2803292331,first
A5087011942,W2803292331,middle
A5060243152,W2803410817,first
A5003970817,W2803848006,first
A5086297533,W2803848006,last
A5049106602,W2804106352,first
A5047046643,W2804106352,middle
A5043651693,W2804106352,middle
A5058725243,W2804106352,middle
A5037257043,W2804106352,last
A5023307347,W2804183611,first
A5057291202,W2804470713,first
A5023423378,W2804470713,last
A5002179026,W2804815143,first
A5037257043,W2804991745,first
A5058725243,W2804991745,last
A5001193136,W2805754729,first
A5081225515,W2805754729,last
A5044271294,W2805821593,first
A5009359917,W2807178071,first
A5077271345,W2807178071,middle
A5073001343,W2807178071,middle
A5032993700,W2807997249,first
A5036607482,W2807997249,middle
A5045189499,W2807997249,middle
A5056371786,W2807997249,last
A5011303864,W2808465184,first
A5027713032,W2808502472,first
A5031103460,W2808761447,first
A5060881195,W2808895072,first
A5065569192,W2808914599,first
A5067104092,W2808914599,last
A5029344441,W2808916036,first
A5048598782,W2809135279,first
A5054882631,W2809226300,first
A5051124210,W2809243714,last
A5088264215,W2809482689,first
A5063346157,W2809498097,first
A5001210175,W2809498097,last
A5034563317,W2809545798,first
A5026601861,W2809545798,middle
A5072948963,W2809545798,middle
A5019124286,W2809545798,middle
A5085008668,W2809557495,first
A5051522114,W2809557495,last
A5031883190,W2809558944,first
A5065588377,W2809572023,first
A5001500450,W2809629634,first
A5078633097,W2809663327,first
A5013009407,W2809663327,last
A5080454457,W2809801298,first
A5027930488,W2810888438,first
A5054285669,W2810888438,middle
A5009555575,W2810888438,last
A5036772175,W2868988716,first
A5004165504,W2868988716,last
A5029906218,W2869545153,first
A5063685809,W2879720491,first
A5015167951,W2883120588,first
A5031902350,W2883344129,first
A5087692829,W2884732314,middle
A5013036463,W2885139770,last
A5008646120,W2885233573,first
A5008992519,W2887379257,first
A5008992519,W2887379257,last
A5001893144,W2887548057,first
A5065554904,W2888148207,first
A5065554904,W2888168091,first
A5045609071,W2888316139,first
A5058920297,W2888374207,first
A5090939243,W2888463658,first
A5021219896,W2888487374,first
A5066834236,W2888749704,first
A5011801033,W2888749704,middle
A5089418748,W2888749704,last
A5066285335,W2888907688,first
A5033202985,W2888911142,middle
A5033512523,W2888911142,middle
A5029486852,W2888932391,first
A5085624007,W2888932391,last
A5005605270,W2888934247,first
A5038228433,W2888934247,last
A5007483551,W2888951500,first
A5009339596,W2888951500,middle
A5064335604,W2888951500,middle
A5020839119,W2888951500,last
A5070891194,W2888993145,first
A5059386185,W2889032444,first
A5016195511,W2889045658,last
A5004048459,W2889119306,first
A5055771849,W2889119306,last
A5051746616,W2889599075,first
A5013823763,W2889640824,first
A5071349676,W2889672932,first
A5072206499,W2889672932,last
A5090763434,W2889775514,first
A5061680998,W2890041087,first
A5022582888,W2890413276,last
A5067698928,W2890741686,first
A5003035425,W2890743052,first
A5022115864,W2890806965,first
A5036303407,W2890806965,last
A5043823616,W2891145395,first
A5029696881,W2891145395,last
A5015162878,W2891159285,first
A5067915957,W2891280071,middle
A5001270198,W2891280071,middle
A5054550312,W2891335898,first
A5081440698,W2891335898,last
A5059327561,W2891475007,first
A5074384016,W2891527648,first
A5085944678,W2891527648,middle
A5016285305,W2891527648,middle
A5043823616,W2891837821,first
A5029696881,W2891837821,last
A5086161225,W2891909584,first
A5074478582,W2892008898,middle
A5054847421,W2892061856,first
A5054073324,W2892061856,middle
A5052266601,W2892061856,middle
A5030596302,W2892061856,middle
A5020979732,W2892061856,last
A5068341934,W2892072248,first
A5072269257,W2892119422,first
A5013387777,W2892573311,first
A5049631570,W2892883174,first
A5054799641,W2892883174,last
A5022137187,W2893234515,first
A5054051440,W2893234515,last
A5039718400,W2893323633,first
A5054341757,W2893346372,first
A5069543375,W2893903497,middle
A5045098894,W2893903497,last
A5057371611,W2894392316,middle
A5048396287,W2894745057,first
A5060376966,W2894834067,first
A5054096071,W2894953906,first
A5028745514,W2894953906,last
A5008534798,W2895171935,first
A5070223223,W2895236088,first
A5086991086,W2895236088,last
A5002374531,W2895481014,first
A5020929756,W2895578964,first
A5065195268,W2895636127,first
A5041009429,W2895840457,first
A5026596644,W2895872336,first
A5081341022,W2895990181,first
A5028687545,W2895990181,last
A5044733478,W2896232788,first
A5031752065,W2896232788,middle
A5084142782,W2896232788,last
A5066141913,W2896247147,middle
A5060816627,W2896247147,middle
A5070023796,W2896247147,middle
A5090643027,W2896247147,last
A5043887593,W2896703473,first
A5009847987,W2896703473,last
A5070901859,W2896710032,first
A5016968166,W2896848771,first
A5043585652,W2897284666,first
A5061910461,W2897315989,first
A5011350393,W2897315989,middle
A5012150553,W2897315989,last
A5064474527,W2897353281,first
A5005735641,W2897486000,first
A5057296347,W2897669549,first
A5037643513,W2898071722,first
A5008665186,W2898248621,first
A5043313665,W2898286156,last
A5083169717,W2898378489,last
A5050408923,W2898565258,middle
A5074249075,W2898815724,first
A5020967535,W2898815724,middle
A5004589419,W2898815724,middle
A5047740819,W2898815724,middle
A5078965949,W2898815724,last
A5063069231,W2898873438,first
A5087116674,W2899225846,first
A5012275958,W2899304215,first
A5091082682,W2899304215,last
A5021045772,W2899870274,last
A5038148603,W2899917220,first
A5066902956,W2900513507,first
A5025563494,W2900513507,last
A5078317404,W2900698634,last
A5076147636,W2900759144,first
A5065275011,W2900863312,first
A5043775533,W2901113024,first
A5019906371,W2901113024,middle
A5079192313,W2901113024,last
A5046625276,W2901170196,last
A5032822351,W2901190242,first
A5062819015,W2901603486,first
A5090935546,W2901606565,last
A5040335377,W2902235277,middle
A5028726488,W2902258717,middle
A5059260146,W2902297543,first
A5024602195,W2902473721,middle
A5008407215,W2902473721,last
A5081510302,W2902497517,first
A5088011202,W2902632177,middle
A5069964901,W2902632177,last
A5068571624,W2903209513,first
A5011244209,W2903527064,first
A5037088308,W2903924721,first
A5024031480,W2904089940,middle
A5072632015,W2904089940,middle
A5079114730,W2904089940,middle
A5042843799,W2904089940,middle
A5051537941,W2904089940,middle
A5008662310,W2904234906,middle
A5008662310,W2904234906,last
A5039934056,W2904300041,middle
A5056506416,W2904300041,last
A5056803574,W2905006438,first
A5064908841,W2905006438,middle
A5005445685,W2905006438,last
A5072361278,W2905083061,first
A5089476688,W2905083061,middle
A5039202251,W2905083061,last
A5048884184,W2905168238,first
A5046907784,W2905389082,first
A5006982483,W2905477978,first
A5069474743,W2905495345,middle
A5034376042,W2905495345,middle
A5042070464,W2905495345,last
A5054245918,W2905504056,first
A5024078415,W2905504056,middle
A5083458247,W2905504056,last
A5007587082,W2906605091,first
A5000460595,W2906605091,middle
A5028574146,W2906605091,last
A5088167386,W2908356423,first
A5056281498,W2908814798,first
A5079730455,W2909477622,first
A5087220015,W2910381341,first
A5021734434,W2910385045,first
A5027926451,W2910385045,last
A5028422125,W2910552558,first
A5090043416,W2910552558,middle
A5080630773,W2910552558,last
A5058095630,W2910946604,first
A5062115805,W2910946604,last
A5044925835,W2911369990,first
A5001740078,W2911369990,middle
A5054568856,W2911369990,middle
A5069202152,W2911369990,last
A5012432864,W2911639488,first
A5086863678,W2912213254,first
A5008243219,W2912674959,first
A5009299736,W2913345483,first
A5081334179,W2913377773,first
A5068252109,W2914965496,last
A5086146493,W2915656765,middle
A5015041746,W2915936308,first
A5054848365,W2916124374,first
A5014807074,W2916124374,last
A5043359548,W2916697651,last
A5076362929,W2917607950,first
A5013760848,W2919487127,first
A5002555209,W2920988999,first
A5065053049,W2920988999,middle
A5037614461,W2920997070,first
A5087344658,W2921827901,first
A5012941995,W2921827901,middle
A5043862324,W2921827901,last
A5031933061,W2922339387,first
A5048363152,W2935908114,first
A5013230909,W2935908114,last
A5000856508,W2944135036,first
A5004297417,W2944135036,middle
A5081145311,W2944135036,middle
A5051539004,W2944135036,middle
A5061593701,W2944135036,last
A5057305454,W2944316008,first
A5090503795,W2944316008,middle
A5007375044,W2944316008,middle
A5032749574,W2944316008,middle
A5076869167,W2944316008,middle
A5028460646,W2945365400,last
A5018855931,W2948052957,first
A5032903292,W2951933113,first
A5063808461,W2951933113,middle
A5057562290,W2951933113,middle
A5052606001,W2951933113,last
A5039051309,W2952169981,first
A5080273782,W2952169981,middle
A5050372377,W2952169981,last
A5037722182,W2952240810,first
A5050608631,W2952240810,middle
A5050384013,W2952630638,first
A5027166029,W2952975513,first
A5065095363,W2952975513,middle
A5004951814,W2952975513,last
A5038912795,W2953222679,first
A5056621893,W2953222679,middle
A5080624394,W2953222679,last
A5090782160,W2954666683,first
A5031705322,W2954666683,last
A5007128197,W2955256148,first
A5009492831,W2959218321,first
A5021663399,W2963366592,middle
A5006172884,W2964529973,last
A5016777444,W2966970649,first
A5032708586,W2966970649,middle
A5062199764,W2966970649,middle
A5022862728,W2966970649,middle
A5031688872,W2966970649,middle
A5009288293,W2966970649,middle
A5072363242,W2966970649,middle
A5076898216,W2966970649,last
A5072724096,W2970213015,last
A5020049376,W2970755283,first
A5003756290,W2974168418,first
A5061779025,W2974769810,first
A5071518229,W2975751692,first
A5057024015,W2975751692,middle
A5009276619,W2975751692,middle
A5027520495,W2975751692,middle
A5002354348,W2981948510,middle
A5085304587,W2982805653,first
A5085573463,W2982805653,last
A5084666745,W2983623962,first
A5017791049,W2983623962,middle
A5036317856,W2983623962,middle
A5072077396,W2985160006,first
A5077419666,W2985223217,middle
A5020426896,W2985223217,middle
A5075820550,W2985223217,last
A5068529809,W2989857058,first
A5001888939,W2990003751,first
A5059327561,W2990924072,first
A5000909172,W2998150433,first
A5003056361,W2998150433,last
A5000909172,W2998556336,first
A5003056361,W2998556336,last
A5007505113,W2999497677,first
A5009095158,W2999497677,last
A5084829091,W2999635945,first
A5074877221,W2999635945,middle
A5043637608,W2999635945,last
A5003578069,W3000251537,last
A5074047278,W3000390498,first
A5037743017,W3000390498,middle
A5067635743,W3000390498,middle
A5087008140,W3000390498,last
A5041799942,W3003679951,first
A5051466324,W3003728365,middle
A5052743179,W3005379087,first
A5017210698,W3005379087,last
A5087390098,W3011167952,first
A5029052652,W3013677661,first
A5048214856,W3013677661,last
A5056428848,W3014013412,first
A5084386755,W3014013412,middle
A5069573465,W3014013412,last
A5052886544,W3021616185,first
A5086311456,W3026136286,last
A5056479939,W3027192666,first
A5024831674,W3027192666,middle
A5080544237,W3027192666,middle
A5014008069,W3027192666,middle
A5032376498,W3027192666,middle
A5012221966,W3027192666,middle
A5011950025,W3027192666,last
A5055489209,W3027965428,first
A5048292729,W3027965428,middle
A5047652595,W3027965428,last
A5067014911,W3027994426,middle
A5022215826,W3027994426,last
A5040978295,W3028470800,first
A5011845543,W3028684888,first
A5087857759,W3032616180,first
A5051174276,W3035798318,first
A5024010407,W3035798318,middle
A5048439332,W3035798318,middle
A5032361483,W3035798318,last
A5050112798,W3036410859,last
A5010099253,W3040445104,last
A5049555582,W3060748354,first
A5038419922,W3080406805,first
A5029548157,W3080406805,last
A5010975997,W3080962687,first
A5077897039,W3084366889,first
A5052682036,W3092122712,first
A5052484574,W3097382450,first
A5077630267,W3098656187,first
A5055587668,W3098656187,middle
A5071529846,W3098656187,middle
A5057284370,W3098656187,middle
A5029260213,W3098656187,middle
A5023493127,W3098656187,middle
A5068848432,W3098656187,middle
A5042053820,W3098656187,middle
A5003275797,W3098656187,middle
A5027065196,W3098656187,middle
A5078047670,W3098656187,middle
A5009086349,W3098656187,middle
A5056241875,W3098656187,middle
A5082167522,W3098656187,middle
A5078473649,W3098656187,middle
A5027642699,W3098656187,last
A5018376555,W3101339749,first
A5000389309,W3101814947,first
A5009887598,W3101814947,middle
A5000546219,W3101814947,last
A5008581282,W3106033416,last
A5002242511,W3108472407,first
A5088644080,W3108472407,last
A5016200356,W3110908089,first
A5030629766,W3112171386,first
A5005007948,W3112171386,middle
A5000070779,W3112171386,middle
A5000097884,W3112171386,middle
A5053131458,W3112171386,middle
A5079725820,W3112171386,last
A5013207986,W3114096309,last
A5014329991,W3122908413,first
A5031706667,W3122908413,middle
A5036414920,W3122908413,middle
A5004215141,W3123308483,first
A5070376070,W3125099652,first
A5049375194,W3125648845,first
A5067214242,W3125648845,middle
A5085226753,W3125648845,last
A5066978481,W3128229227,first
A5022683587,W3134912024,first
A5019076179,W3134912024,last
A5016825271,W3137693382,last
A5072181180,W3139001295,first
A5051878521,W3150718737,first
A5081792846,W3151911977,first
A5072133522,W3151911977,last
A5077844387,W3152625897,last
A5079639609,W3158521292,first
A5071074705,W3159598128,first
A5084318285,W3159598128,middle
A5070475244,W3159598128,middle
A5028083158,W3159738615,first
A5069192282,W3159738615,middle
A5081658546,W3159738615,middle
A5000686370,W3159738615,middle
A5087512556,W3159738615,last
A5008537775,W3159983487,middle
A5006281808,W3159983487,middle
A5090429070,W3160648105,first
A5059639181,W3160648105,middle
A5005514726,W3160648105,middle
A5076187962,W3160648105,middle
A5084091340,W3160648105,last
A5034621211,W3161962849,last
A5086770752,W3164557563,first
A5084153650,W3164920149,first
A5004837138,W3165174904,first
A5028297977,W3165174904,middle
A5072614975,W3165174904,middle
A5065014144,W3165174904,last
A5056763353,W3166957122,first
A5015757197,W3166957122,middle
A5032168348,W3170335532,first
A5048403488,W3170335532,middle
A5020372476,W3170335532,middle
A5061603682,W3170335532,last
A5076596015,W3170780307,first
A5015804886,W3170780307,last
A5004006026,W3173310275,first
A5022419670,W3186489357,first
A5044304787,W3186489357,middle
A5057103962,W3186489357,last
A5022738870,W3207826929,first
A5084267183,W3214316853,last
A5000650893,W369246531,last
A5002160160,W4206402824,first
A5036985909,W4229828127,last
A5052226311,W4229994547,first
A5047893446,W4231293584,first
A5057515348,W4231293584,middle
A5025474694,W4231293584,middle
A5066608996,W4231293584,last
A5060836180,W4231485487,first
A5009244291,W4233204822,first
A5015573203,W4233274566,first
A5013009407,W4234189565,first
A5078633097,W4234189565,last
A5074012261,W4235476757,first
A5067690517,W4235519819,first
A5001893144,W4236207965,first
A5015897265,W4237032122,first
A5033223750,W4237134264,first
A5072610420,W4238446634,last
A5071082834,W4238835982,first
A5034443098,W4238835982,middle
A5062564633,W4238835982,last
A5005605270,W4239720300,first
A5052246884,W4239720300,middle
A5053780228,W4239720300,middle
A5053960744,W4239720300,middle
A5033281973,W4239720300,last
A5043484752,W4240809161,first
A5028665407,W4240809161,last
A5000453966,W4241278576,first
A5003367528,W4241278576,last
A5047893446,W4241548096,first
A5057515348,W4241548096,middle
A5025474694,W4241548096,middle
A5066608996,W4241548096,last
A5020442900,W4242310584,first
A5011244209,W4242680539,first
A5054426043,W4243385413,first
A5032276006,W4244037104,first
A5029669651,W4244320610,first
A5013681777,W4244320610,last
A5018924838,W4244789337,first
A5028239602,W4244789337,middle
A5024753578,W4244789337,middle
A5033002944,W4244789337,last
A5005507069,W4244917173,first
A5066141913,W4245452971,middle
A5060816627,W4245452971,middle
A5068538399,W4245452971,middle
A5082773596,W4245948096,last
A5011649614,W4246106519,first
A5070197079,W4246708645,first
A5016693585,W4246772399,first
A5029466870,W4246884504,first
A5084961243,W4247353278,first
A5013009407,W4248191626,first
A5027223190,W4248191626,last
A5057054714,W4248997922,first
A5015897265,W4250317762,first
A5062159741,W4251028212,first
A5004185399,W4251769089,first
A5012536517,W4252385110,first
A5083169717,W4253286449,last
A5032768602,W4256567997,first
A5087383914,W4289752129,middle
A5072761721,W4289752129,middle
A5034110857,W4289752129,last
A5019384559,W4289763622,first
A5005494593,W4298404904,first
A5027057380,W4299529712,last
A5013387777,W4299913643,first
A5073829170,W4300601920,first
A5009408707,W4300638312,first
A5019539533,W4300638312,last
A5044171839,W4300881977,first
A5083037952,W4300881977,last
A5076299288,W4302092768,first
A5001914278,W4302092768,middle
A5010248533,W4302092768,last
A5082158620,W4302170793,last
A5021623573,W4320302286,first
A5033874688,W4320302286,last
A5071963371,W4361830257,first
A5084307473,W597515299,first
A5084019087,W603649248,first
A5082941356,W626320082,first
A5000494272,W629946050,first
A5088522359,W638112709,first
A5037268482,W1495029556,first
A5063811929,W1525495177,first
A5028542544,W1535699664,last
A5090325024,W1566996685,middle
A5049903806,W1566996685,last
A5070617703,W1578005346,middle
A5083186562,W1595980270,first
A5080574338,W1595980270,last
A5063348590,W1596765396,first
A5086407676,W1599342848,last
A5016307270,W1600724030,first
A5039519783,W1600724030,middle
A5027894926,W1600724030,middle
A5016270268,W1600724030,last
A5058652387,W1606802444,first
A5048713989,W1607237495,first
A5088488739,W1607937911,first
A5036380871,W1607937911,middle
A5052734194,W1607937911,last
A5028728477,W1846640183,first
A5070783633,W1846640183,last
A5009995333,W1858774052,first
A5019474621,W200732582,middle
A5039777054,W200732582,middle
A5077373404,W200732582,middle
A5010565795,W200732582,middle
A5073502574,W200732582,middle
A5031490552,W200732582,middle
A5055862445,W200732582,middle
A5000949899,W200732582,middle
A5034890553,W200732582,middle
A5056342874,W200732582,middle
A5067181588,W2041441784,first
A5045715820,W2041441784,middle
A5057697626,W2041441784,last
A5035316804,W2116186185,first
A5086551874,W2122067739,first
A5043377275,W2122067739,last
A5036380871,W2134140362,first
A5052734194,W2134140362,last
A5015890523,W2164993098,first
A5081577591,W2183444877,first
A5032452851,W2185373949,first
A5072316485,W2185373949,middle
A5080483470,W2185373949,middle
A5050453963,W2188425111,first
A5069071397,W2188425111,last
A5003398799,W2218847311,last
A5032504673,W2218907539,first
A5049203731,W2225771778,first
A5025184150,W2259627757,first
A5015588536,W2260918320,first
A5059818157,W2261291000,first
A5009405250,W2286206261,first
A5086440258,W2288021952,first
A5005877932,W2290779589,first
A5039647770,W2402081386,middle
A5048742384,W2435709876,first
A5085432173,W2468526769,first
A5061699800,W2468526769,middle
A5000140420,W2468526769,middle
A5007596905,W2468526769,last
A5089029287,W2478426917,first
A5058407177,W2478426917,middle
A5039951150,W2478426917,last
A5062308708,W2488254256,first
A5013861133,W2488254256,middle
A5045874694,W2488254256,last
A5023330662,W2488767075,middle
A5037195696,W2489252995,middle
A5041806372,W2489252995,last
A5053053957,W2491458749,middle
A5010033316,W2491458749,middle
A5057512440,W2492600572,first
A5030710823,W2492600572,middle
A5050050462,W2492910115,first
A5002349071,W2507358669,first
A5011642353,W2507358669,middle
A5058654623,W2507358669,last
A5008409828,W2524697165,first
A5026052584,W2524864523,first
A5071435315,W2524864523,last
A5029086985,W2533575919,last
A5011909774,W2536606192,first
A5040736087,W2536606192,last
A5021539256,W2548599065,first
A5027111738,W2548599065,last
A5011738956,W2556335701,first
A5091582627,W2567003787,last
A5088466247,W2567431526,first
A5083484586,W2567431526,last
A5011525973,W2568040890,first
A5047509839,W2568040890,last
A5037353778,W2569600615,first
A5032895568,W2584428523,first
A5054002357,W2584428523,middle
A5025918331,W2584428523,last
A5079815832,W259025110,first
A5001899552,W259025110,last
A5076192249,W2590572898,first
A5032531133,W2592144929,first
A5020244586,W2593187276,first
A5062479016,W2595283787,first
A5071298657,W2599489125,first
A5081667124,W2599489125,last
A5004404965,W2607235177,last
A5049783208,W2607867584,first
A5053790054,W2608186671,first
A5021875322,W2609420697,first
A5048307575,W2611247984,first
A5079736229,W2615796472,first
A5066963602,W2615796472,middle
A5005849526,W2620343017,first
A5029350115,W2620555748,first
A5005647308,W2622059018,first
A5029017321,W2622059018,last
A5028034646,W2622687458,first
A5078233856,W2622793108,first
A5061521665,W2622793108,middle
A5080647847,W2622841822,first
A5073631841,W2624778886,first
A5032034759,W2684229825,first
A5091171451,W2687690259,first
A5064816810,W2727980273,last
A5006635298,W2733008002,first
A5025330517,W2734470499,first
A5085497865,W2734470499,middle
A5006712665,W2734470499,last
A5067231523,W2735464494,first
A5088837582,W2737367740,first
A5080612158,W2737367740,last
A5079940769,W2741226967,first
A5007026632,W2744434410,first
A5069676058,W2744434410,last
A5066884782,W2745168173,first
A5076503652,W2745391842,first
A5008779348,W2745391842,middle
A5066265052,W2745391842,last
A5010327355,W2745741929,first
A5047375286,W2745926944,first
A5087542455,W2747099526,first
A5085408978,W2747099526,middle
A5088547215,W2747099526,middle
A5001690160,W2747099526,last
A5015196087,W2750843380,first
A5008717316,W2750843380,middle
A5013843519,W2752604044,first
A5068929414,W2755240394,first
A5038653363,W2756263215,first
A5080743076,W2756263215,middle
A5057294414,W2756263215,middle
A5007973281,W2756263215,last
A5090413486,W2756834153,first
A5088934266,W2760226467,first
A5019440355,W2760226467,middle
A5019810689,W2760226467,middle
A5011543714,W2760226467,last
A5031177481,W2760340475,first
A5020403076,W2760527625,middle
A5028727536,W2761199205,first
A5037334697,W2761199205,last
A5035738936,W2761677245,middle
A5073107314,W2761677245,last
A5040763929,W2763400469,first
A5024306150,W2763400469,last
A5060446935,W2765104035,first
A5079537786,W2765104035,middle
A5061803229,W2765104035,last
A5028638195,W2766274265,first
A5055416007,W2766274265,last
A5031700222,W2766824631,first
A5089217723,W2766824631,middle
A5059814300,W2766824631,last
A5056235750,W2767269115,last
A5005944620,W2767431770,first
A5065833288,W2767556775,last
A5086317775,W2767994195,first
A5082816457,W2767994195,last
A5081202658,W2768884888,last
A5033404468,W2769349152,first
A5003732929,W2769922419,first
A5060887195,W2769922419,last
A5028754736,W2775021507,first
A5013833647,W2775021507,middle
A5016489337,W2775043876,middle
A5066350266,W2775043876,last
A5069298900,W2775948270,last
A5058277874,W2776029046,first
A5068257486,W2778475148,first
A5020064362,W2778475148,middle
A5065559740,W2778475148,last
A5041627571,W2778645960,first
A5041627571,W2778645960,last
A5070766199,W2779172602,first
A5037232465,W2779172602,last
A5012096611,W2779343338,first
A5042875545,W2779343338,last
A5035022200,W2781014400,first
A5072036204,W2781198832,first
A5088704743,W2781198832,middle
A5012641249,W2781198832,last
A5001172312,W2781285285,first
A5015116587,W2781285285,middle
A5012130214,W2781285285,last
A5053051197,W2781352344,last
A5007568348,W2781503384,first
A5014871132,W2781545413,first
A5088239985,W2781600517,first
A5061554663,W2781600517,middle
A5021071699,W2781716953,first
A5002978672,W2781716953,middle
A5015262164,W2781716953,middle
A5023115847,W2781716953,middle
A5088084415,W2781716953,last
A5072196323,W2781721766,first
A5029155420,W2781962203,first
A5077269649,W2781981678,middle
A5072810735,W2781981678,last
A5029023971,W2781988707,first
A5017959151,W2782014130,first
A5033013754,W2782021026,first
A5035284028,W2782070057,middle
A5083005695,W2782070057,middle
A5012371112,W2782070057,middle
A5090444554,W2782099004,first
A5077773787,W2782114020,last
A5019091472,W2782119697,first
A5012030694,W2782213145,first
A5074546704,W2782229574,first
A5010986052,W2782229574,last
A5015419430,W2782253908,first
A5073274033,W2782253908,middle
A5058138918,W2782253908,last
A5085269208,W2782326265,first
A5075221512,W2782327001,first
A5082085580,W2782327001,last
A5057139859,W2782532851,first
A5028546847,W2782532851,last
A5057412354,W2782543204,first
A5056605626,W2783118178,first
A5042689791,W2783273481,first
A5050271091,W2783418811,first
A5016231697,W2783418811,last
A5037167224,W2783656231,first
A5054967700,W2783656231,middle
A5054970101,W2783656231,middle
A5055829030,W2783656231,middle
A5023248191,W2783656231,middle
A5071794481,W2783656231,middle
A5021056103,W2783656231,middle
A5009882313,W2783656231,middle
A5052128042,W2783787710,last
A5043458817,W2783804074,middle
A5068632289,W2783899380,first
A5001612712,W2784751312,first
A5018091748,W2784878264,first
A5036880592,W2784898975,first
A5025777650,W2785278717,first
A5016202466,W2785328795,first
A5081924837,W2785725967,first
A5062460419,W2786468206,first
A5069256488,W2786468206,last
A5040581270,W2786621213,first
A5004104247,W2786974272,first
A5000558231,W2786974272,middle
A5080343005,W2786974272,last
A5023893919,W2787165513,first
A5036868977,W2787165513,last
A5062992527,W2787839037,last
A5029030965,W2787912227,middle
A5050058264,W2787912227,last
A5025825652,W2788252427,first
A5052442922,W2788413356,first
A5059875052,W2788469902,first
A5083641056,W2788710747,last
A5034052082,W2789252988,first
A5063446221,W2789322676,first
A5089110297,W2789336669,first
A5018106273,W2789386082,first
A5047046643,W2789391960,first
A5037571534,W2789499132,last
A5058698597,W2789518936,first
A5057462369,W2789536094,first
A5034136464,W2789557880,middle
A5091620083,W2789591792,first
A5052014007,W2789703962,first
A5090195152,W2789709118,first
A5037708137,W2789709118,last
A5066433806,W2789719888,first
A5010845707,W2789724309,first
A5091608695,W2789724309,last
A5016585506,W2789738934,first
A5072765215,W2789802953,first
A5029561912,W2789802953,middle
A5026937925,W2789802953,middle
A5018132799,W2789802953,last
A5064694066,W2789808408,first
A5077392127,W2789842237,first
A5050425004,W2789842237,middle
A5041615708,W2789842237,middle
A5069745169,W2789842237,last
A5037571534,W2789870474,last
A5033913998,W2789877374,middle
A5061788602,W2789877374,last
A5013031365,W2789902859,middle
A5033467673,W2789929069,first
A5074549228,W2790123776,first
A5065709615,W2790140416,last
A5040243327,W2790230857,middle
A5051011439,W2790230857,middle
A5040550359,W2790245368,middle
A5082773596,W2790245368,last
A5065351164,W2790272309,first
A5016765555,W2790280470,first
A5066719217,W2790318828,first
A5012449597,W2790343719,first
A5015866767,W2790391749,first
A5044536839,W2790398750,first
A5084237593,W2790398750,last
A5007773115,W2790405705,first
A5015344526,W2790525943,first
A5039065759,W2790529641,first
A5029186968,W2790583039,first
A5074607480,W2790595370,last
A5005046076,W2790598669,first
A5004519615,W2790607861,first
A5082765640,W2790607861,middle
A5032391112,W2790607861,last
A5060064623,W2790613114,first
A5017922679,W2790714516,first
A5090472979,W2790744411,first
A5041778353,W2790758294,first
A5015056889,W2790783323,first
A5015701007,W2790845410,first
A5023441863,W2790845563,first
A5045551872,W2790845563,middle
A5063454149,W2790965797,middle
A5075037874,W2790965797,middle
A5005293560,W2790965797,last
A5091339345,W2790988559,first
A5056078268,W2790988559,last
A5040589990,W2791013460,first
A5016655218,W2791013460,middle
A5045190581,W2791013460,last
A5079473592,W2791014730,first
A5089334775,W2791014730,middle
A5079416432,W2791014730,last
A5012449597,W2791026295,first
A5085344538,W2791046488,first
A5029559430,W2791110708,first
A5064694066,W2791134402,first
A5002804357,W2791140203,first
A5003956030,W2791140203,middle
A5068982579,W2791206830,first
A5002645109,W2791206830,last
A5046452800,W2791259788,middle
A5012782091,W2791259788,last
A5000797954,W2791281749,last
A5078448852,W2791283260,first
A5036607218,W2791283260,last
A5071876610,W2791342499,last
A5064456444,W2791344241,first
A5054250222,W2791344241,last
A5048873335,W2791352672,first
A5083245722,W2791352672,middle
A5025522320,W2791352672,last
A5036825863,W2791393496,middle
A5082773596,W2791393496,last
A5012449597,W2791395057,first
A5002454785,W2791455691,last
A5022140594,W2791465207,middle
A5022140594,W2791465207,last
A5049067370,W2791488920,first
A5086822183,W2791497592,last
A5085941561,W2791535264,first
A5023280101,W2791543889,first
A5086975714,W2791543889,last
A5012027004,W2791604925,first
A5041055145,W2791604925,middle
A5034722482,W2791604925,middle
A5073888022,W2791604925,middle
A5023758808,W2791604925,last
A5061006709,W2791627769,first
A5060647692,W2791631358,first
A5080505035,W2791631358,middle
A5028904453,W2791633639,first
A5034662260,W2791695597,last
A5006893669,W2791710165,first
A5009268269,W2791710165,last
A5008802074,W2791724914,first
A5074985455,W2791810830,first
A5070685553,W2791837338,first
A5032131834,W2791904853,first
A5051954012,W2791904853,last
A5022047689,W2791962382,first
A5072743620,W2792019458,first
A5023170794,W2792019458,last
A5066556534,W2792025206,last
A5052014007,W2792094780,first
A5059241117,W2792120321,first
A5037778920,W2792136187,first
A5021547450,W2792177064,first
A5042511048,W2792228016,first
A5020784668,W2792247964,first
A5077085400,W2792247964,last
A5066433806,W2792259314,first
A5076510440,W2792304583,first
A5020784668,W2792311414,first
A5077085400,W2792311414,last
A5091805676,W2792326966,first
A5029057336,W2792388056,first
A5086452969,W2792392552,first
A5017563509,W2792392552,middle
A5037571534,W2792400221,last
A5041230534,W2792417271,last
A5035365146,W2792421552,first
A5033913998,W2792438704,middle
A5061788602,W2792438704,last
A5005310933,W2792445222,first
A5036264294,W2792445222,last
A5047523245,W2792516121,first
A5078748099,W2792516121,last
A5032861763,W2792585358,first
A5011828259,W2792603774,first
A5012031147,W2792632241,first
A5071060187,W2792632241,last
A5034052082,W2792639058,first
A5060671078,W2792664707,first
A5040915036,W2792664707,middle
A5032134965,W2792664707,last
A5078605314,W2792731416,first
A5064694066,W2792801290,first
A5018008030,W2792877243,first
A5036588142,W2792879718,first
A5044020782,W2792904330,first
A5067690517,W2792907876,first
A5076741955,W2792941493,first
A5039628342,W2792946515,first
A5053977259,W2792952041,first
A5013127565,W2792952041,middle
A5033093688,W2792952041,last
A5000845491,W2793050285,first
A5042629796,W2793054533,first
A5036825863,W2793097131,middle
A5082773596,W2793097131,last
A5033913998,W2793115409,middle
A5061788602,W2793115409,last
A5039348290,W2793185112,first
A5016733511,W2793217500,first
A5037571534,W2793257064,last
A5056352759,W2793306202,first
A5009649999,W2793306202,middle
A5066556534,W2793315472,last
A5056015987,W2793333713,first
A5017471980,W2793352747,first
A5074985455,W2793473851,first
A5020221507,W2793571764,first
A5080661130,W2793640687,last
A5051437720,W2793700663,first
A5007444588,W2793701935,first
A5008286949,W2793701935,last
A5047433330,W2793711928,first
A5006498359,W2793852850,first
A5066917049,W2793852850,last
A5005995672,W2793856955,first
A5070945310,W2793858810,first
A5038445455,W2793885430,first
A5080042065,W2793885430,middle
A5008201596,W2793885430,middle
A5064325570,W2793885430,last
A5030390100,W2793979073,first
A5050636427,W2793979073,middle
A5059614756,W2793979073,last
A5029559430,W2793981186,first
A5048731832,W2794010612,first
A5087244073,W2794010612,last
A5083253390,W2794031564,first
A5029559430,W2794118612,first
A5048541101,W2794123660,first
A5009453538,W2794123660,middle
A5010514636,W2794123660,last
A5016367953,W2794142421,first
A5078140503,W2794142421,middle
A5031123449,W2794142421,middle
A5044623945,W2794142421,middle
A5063446221,W2794197713,first
A5082313167,W2794240404,first
A5008763970,W2794240549,first
A5059723521,W2794240549,last
A5085944039,W2794245084,first
A5069811637,W2794294106,first
A5036508725,W2794330603,first
A5089493235,W2794415402,middle
A5032114728,W2794701897,first
A5087814029,W2794724692,first
A5053385416,W2794747963,middle
A5018964045,W2794854049,first
A5087694258,W2794854049,last
A5042833743,W2794860616,first
A5044050863,W2794860616,last
A5073414672,W2794888208,first
A5039118607,W2795138267,first
A5036115723,W2795150535,first
A5000788327,W2795170774,first
A5002298486,W2795170774,middle
A5004877287,W2795170774,middle
A5056483533,W2795170774,middle
A5080279749,W2795718506,first
A5071747545,W2795866543,first
A5083206187,W2795906333,first
A5077831333,W2796067941,first
A5091843462,W2796107799,first
A5057647935,W2796273028,middle
A5077042612,W2796273028,middle
A5053938953,W2796406002,first
A5032485319,W2797029022,first
A5060985142,W2797034175,first
A5016654061,W2797034175,middle
A5089339495,W2797034175,last
A5076112103,W2797275507,first
A5029144226,W2797305094,first
A5041915855,W2797305094,last
A5073180732,W2797454389,first
A5004554028,W2797706210,first
A5078348929,W2797794942,first
A5067087274,W2798109057,first
A5032768602,W2798264940,first
A5052829792,W2798672351,last
A5033977272,W2799303927,first
A5012470448,W2799317004,first
A5077189258,W2799317004,last
A5074278000,W2799329519,first
A5006507517,W2799389349,middle
A5072373139,W2799389349,middle
A5023543685,W2799389349,last
A5087844336,W2799456027,first
A5029419124,W2799456027,last
A5067961945,W2799467637,first
A5043113255,W2799467637,middle
A5030659500,W2799467637,middle
A5023634064,W2799467637,last
A5029624141,W2799494630,first
A5047509459,W2799494630,middle
A5081145146,W2799494630,middle
A5024989865,W2799619177,first
A5063661970,W2799619177,middle
A5054612207,W2799619177,last
A5057584195,W2799708323,first
A5024487443,W2799894754,first
A5024487443,W2799894754,middle
A5002274852,W2799894754,middle
A5002274852,W2799894754,middle
A5027347555,W2799894754,middle
A5027347555,W2799894754,last
A5006507517,W2799983815,first
A5013203959,W2799983815,middle
A5024615634,W2799983815,middle
A5059660196,W2799983815,middle
A5086573631,W2799983815,middle
A5074598961,W2799983815,last
A5087844336,W2800002222,first
A5029419124,W2800002222,last
A5082318770,W2800019783,last
A5005494593,W2800148692,first
A5030186646,W2800148692,last
A5034562713,W2800151271,first
A5023351996,W2800264781,first
A5043571465,W2800270027,first
A5014127537,W2800270027,last
A5015223894,W2800294386,last
A5033298958,W2800296236,first
A5057294126,W2800364395,first
A5071847978,W2800364395,middle
A5053889460,W2800378936,first
A5088842209,W2800408665,first
A5069633812,W2800408665,middle
A5087844336,W2800460321,first
A5029419124,W2800460321,last
A5091774239,W2800526533,first
A5023317142,W2800642149,last
A5087844336,W2800642836,first
A5029419124,W2800642836,last
A5061229826,W2800676565,middle
A5018447003,W2800676565,middle
A5089610698,W2800676565,middle
A5088394978,W2800676565,last
A5011483066,W2801013809,first
A5043518369,W2801013809,middle
A5083587924,W2801013809,last
A5033298958,W2801073141,first
A5015793758,W2801083285,first
A5078928773,W2801083285,middle
A5087844336,W2801100182,first
A5029419124,W2801100182,last
A5075063126,W2801205449,first
A5076999659,W2801205449,last
A5028703297,W2801217670,first
A5042366616,W2801236207,first
A5080540067,W2801341379,first
A5072805914,W2801341379,last
A5025352089,W2801343328,first
A5012470448,W2801472776,first
A5077189258,W2801472776,last
A5068869290,W2801540375,first
A5025331881,W2801542865,first
A5045300723,W2801560305,first
A5071487883,W2801617633,first
A5007237506,W2801617633,middle
A5084200723,W2801617633,middle
A5027216424,W2801651817,first
A5069400663,W2801855036,first
A5087844336,W2801872691,first
A5029419124,W2801872691,last
A5071529251,W2801875703,first
A5087844336,W2801913250,first
A5029419124,W2801913250,last
A5087844336,W2801960367,first
A5029419124,W2801960367,last
A5079767864,W2802008531,first
A5074278000,W2802061202,first
A5004244696,W2802069911,first
A5022427155,W2802069911,middle
A5018237224,W2802091445,first
A5033298958,W2802199950,first
A5089967942,W2802214026,middle
A5062554575,W2802214026,middle
A5022442940,W2802214026,last
A5015969910,W2802245936,first
A5013717515,W2802245936,last
A5087844336,W2802404553,first
A5029419124,W2802404553,last
A5018086309,W2802475578,first
A5046602742,W2802478021,first
A5028703297,W2802521845,first
A5011029503,W2802620733,first
A5016182658,W2802620733,middle
A5046441443,W2802620733,last
A5028703297,W2802681205,first
A5075867138,W2802701405,last
A5073917126,W2802747930,first
A5048753927,W2802909462,first
A5087394928,W2802940278,first
A5033298958,W2802958525,first
A5006910307,W2803045906,last
A5062772209,W2803058365,middle
A5075063126,W2803089118,first
A5076999659,W2803089118,last
A5089214416,W2803099121,middle
A5009304455,W2803099121,last
A5052396175,W2803110726,first
A5042618835,W2803110726,middle
A5034641763,W2803124302,first
A5050316031,W2803286907,first
A5083565505,W2803375953,first
A5066922944,W2803436977,first
A5072665489,W2803511073,first
A5019203630,W2803556929,first
A5077330113,W2803839384,first
A5001193136,W2803839384,middle
A5081225515,W2803839384,last
A5037426564,W2804055465,first
A5077679359,W2804072399,first
A5035316804,W2804097468,first
A5072665489,W2804106729,first
A5001052765,W2804180114,first
A5088750767,W2804193472,first
A5072665489,W2804244039,first
A5039114347,W2804258622,first
A5007711310,W2804298833,first
A5058869461,W2804302857,first
A5083565505,W2804327195,first
A5062523830,W2804459877,middle
A5009512834,W2804459877,last
A5002239056,W2804461949,first
A5053224730,W2804485272,first
A5051199777,W2804604640,first
A5019355486,W2804649412,first
A5022590563,W2804801828,first
A5001837630,W2804812943,first
A5064507733,W2804812943,middle
A5079222778,W2804812943,last
A5062407617,W2804821144,first
A5031632209,W2804821144,last
A5019355486,W2804935196,first
A5086542918,W2804950126,first
A5010482042,W2804950126,middle
A5088738795,W2804950126,last
A5001757189,W2805105268,first
A5028128510,W2805105268,last
A5082548671,W2805216113,middle
A5047213634,W2805216113,middle
A5078936954,W2805216113,last
A5023694192,W2805265466,middle
A5032114728,W2805392714,first
A5019715403,W2805504328,first
A5032578243,W2805505393,first
A5013736925,W2805547333,first
A5029953622,W2805840821,first
A5081908723,W2805840821,middle
A5062583998,W2806372088,first
A5085217765,W2806499186,first
A5026436478,W2806499186,last
A5039563504,W2806709064,first
A5005258575,W2806758747,first
A5032979408,W2807120044,first
A5015422745,W2807120044,middle
A5069909551,W2807120044,last
A5007264873,W2807199286,last
A5050394459,W2807219922,first
A5042622378,W2807266764,first
A5087357135,W2807293819,first
A5048305279,W2807500698,first
A5078722752,W2807552917,middle
A5011305397,W2807552917,last
A5076378292,W2807577216,first
A5072279812,W2807681961,first
A5041746321,W2807715499,middle
A5025435172,W2807773755,first
A5008286949,W2807862927,first
A5002898623,W2807862927,last
A5031087676,W2807939357,first
A5066072804,W2807995910,first
A5019881692,W2808040439,first
A5021135236,W2808040439,last
A5067834629,W2808078471,first
A5057089451,W2808078471,last
A5090487464,W2808083078,middle
A5077056848,W2808155234,first
A5014609707,W2808215945,first
A5060729470,W2808240458,first
A5005774676,W2808278386,first
A5036281885,W2808278386,last
A5059804119,W2808440864,first
A5021493216,W2808454022,middle
A5073967877,W2808454022,last
A5081648660,W2808552674,first
A5060026558,W2808664441,first
A5019728721,W2808722776,first
A5079413812,W2808737338,first
A5040511727,W2808737338,last
A5075092293,W2808769123,last
A5046475070,W2808798777,first
A5045231831,W2808816876,first
A5078633097,W2808816876,last
A5044985800,W2808834125,first
A5022836666,W2808841038,first
A5046083078,W2808842146,first
A5051822671,W2808842146,last
A5013009407,W2808903611,last
A5088267964,W2808937162,first
A5048189519,W2808938868,middle
A5034462620,W2808943499,first
A5050112798,W2808943499,last
A5034462620,W2808969258,first
A5050112798,W2808969258,last
A5078633097,W2808994067,first
A5030749351,W2808998531,first
A5011029503,W2809008505,first
A5016182658,W2809008505,middle
A5046441443,W2809008505,last
A5031886656,W2809021121,first
A5084627413,W2809067703,first
A5002469406,W2809067783,first
A5015897265,W2809078021,first
A5078633097,W2809078021,middle
A5013009407,W2809078021,last
A5073057540,W2809080963,first
A5082510785,W2809135712,first
A5078633097,W2809155777,first
A5033074490,W2809181328,first
A5089444322,W2809181328,last
A5066791342,W2809214388,first
A5005720600,W2809237734,first
A5076782439,W2809239668,first
A5034152853,W2809250589,first
A5079406545,W2809282069,first
A5046683404,W2809307568,first
A5017342485,W2809320951,middle
A5000579390,W2809324040,first
A5053156731,W2809357340,first
A5043247740,W2809359411,first
A5078548833,W2809359411,middle
A5088108309,W2809359411,last
A5088267964,W2809378487,first
A5065352683,W2809434432,first
A5025446551,W2809434432,last
A5040601103,W2809450821,first
A5051726590,W2809465979,first
A5040601103,W2809472700,first
A5076782439,W2809531234,first
A5040601103,W2809544910,first
A5013009407,W2809545358,first
A5063827643,W2809564207,first
A5070369423,W2809564494,first
A5075092293,W2809568994,last
A5061903937,W2809571528,first
A5078241160,W2809605075,first
A5079532515,W2809647034,first
A5040601103,W2809654902,first
A5090032106,W2809684927,first
A5045434575,W2809695778,first
A5021941059,W2809735759,first
A5007964143,W2809735759,middle
A5024513618,W2809735759,last
A5000839924,W2809747020,first
A5013189970,W2809747020,last
A5024377287,W2809757846,first
A5039939205,W2809757846,middle
A5088272362,W2809757846,middle
A5038162518,W2809757846,last
A5019311783,W2809825152,first
A5089026394,W2809825152,last
A5088723194,W2809963847,first
A5069291490,W2809995639,first
A5047195524,W2809995639,last
A5070170188,W2810130549,first
A5016375857,W2810130549,middle
A5070170188,W2810411568,first
A5016375857,W2810411568,middle
A5029392229,W2810485718,first
A5034120372,W2810485718,last
A5065682763,W2810520415,last
A5082619310,W2810772618,last
A5000839924,W2810783579,first
A5013189970,W2810783579,last
A5070170188,W2810828366,first
A5016375857,W2810828366,middle
A5022595755,W2810842559,first
A5076256836,W2810842559,last
A5062354922,W2810908644,first
A5071787894,W2810908644,middle
A5010460596,W2810908644,last
A5070170188,W2810967090,first
A5016375857,W2810967090,middle
A5030266296,W2810977484,first
A5070170188,W2810993587,first
A5016375857,W2810993587,middle
A5009060646,W2810998690,first
A5070170188,W2811080687,first
A5016375857,W2811080687,middle
A5025057083,W2811089347,first
A5019711891,W2811225922,first
A5079359530,W2811239116,first
A5070170188,W2811246726,first
A5016375857,W2811246726,middle
A5071079253,W2811291494,first
A5019315136,W2811291670,first
A5038317092,W2811301524,first
A5059470272,W2811311516,last
A5000786672,W2811491122,last
A5078076211,W2811493250,first
A5026643932,W2812783626,first
A5026072601,W2812783626,middle
A5040483828,W2812783626,middle
A5070470547,W2812783626,last
A5032995111,W2816440635,first
A5036365606,W2816508182,first
A5075849195,W2816508182,last
A5041927057,W2823810714,first
A5007752731,W2826706657,first
A5007259218,W2827939601,first
A5020083072,W2832834073,first
A5057922563,W2837138650,last
A5005625331,W2841186290,first
A5067363936,W2842271227,first
A5036070524,W2842271227,last
A5083657837,W2848392631,first
A5003259212,W2852277784,middle
A5083174847,W2852277784,middle
A5080921975,W2852277784,middle
A5015341832,W2852277784,middle
A5011759382,W2852277784,middle
A5003678206,W2852277784,middle
A5068616472,W2852277784,middle
A5025951290,W2852277784,middle
A5056076984,W2852277784,last
A5012994088,W2872229194,first
A5059696986,W2879677348,last
A5033741873,W2881375673,first
A5062828160,W2882970072,last
A5064636592,W2882971404,first
A5075551090,W2882971404,middle
A5080706226,W2882971404,middle
A5009597218,W2882971404,middle
A5047698688,W2882980435,first
A5016938663,W2883039341,first
A5015167951,W2883075349,first
A5083066821,W2883096934,last
A5010984242,W2883219557,first
A5039617569,W2883219557,middle
A5081036622,W2883219557,last
A5081840017,W2883292608,first
A5030392253,W2883292608,last
A5015167951,W2883363933,first
A5091728630,W2883368663,last
A5016317255,W2883434350,first
A5071070222,W2883434350,middle
A5048008694,W2883434350,middle
A5019509861,W2883437172,first
A5038992145,W2883443809,first
A5031116162,W2883489016,first
A5001381023,W2883489016,last
A5026919456,W2883527548,first
A5003856618,W2883527548,middle
A5033996359,W2883527548,last
A5020893051,W2883544365,first
A5015167951,W2883572478,first
A5089967942,W2883572879,middle
A5062554575,W2883572879,middle
A5022442940,W2883572879,last
A5063687677,W2883631708,last
A5053053957,W2883632290,last
A5031116162,W2883678286,first
A5001381023,W2883678286,last
A5091908304,W2883751247,first
A5015154253,W2883779626,first
A5051776419,W2883888300,first
A5082383510,W2883966117,first
A5069712071,W2883988107,first
A5031116162,W2884036984,first
A5001381023,W2884036984,last
A5079086807,W2884060865,first
A5031116162,W2884075609,first
A5001381023,W2884075609,last
A5025625704,W2884093315,first
A5076660280,W2884112152,first
A5028231204,W2884221452,first
A5055824250,W2884254579,first
A5069590205,W2884292644,first
A5064369361,W2884292644,middle
A5068664074,W2884292644,middle
A5056217038,W2884292644,middle
A5070298394,W2884370608,first
A5028231204,W2884416223,first
A5015886313,W2884479566,first
A5089624139,W2884484058,first
A5028231204,W2884527686,first
A5028231204,W2884570111,first
A5058363300,W2884593419,first
A5037918738,W2884685137,first
A5002547259,W2884696816,last
A5019509861,W2884735024,first
A5015167951,W2884765002,first
A5000453966,W2884769404,first
A5003367528,W2884769404,last
A5019509861,W2884797295,first
A5083794116,W2884817003,first
A5041165953,W2884871087,first
A5041510294,W2884874280,first
A5018206036,W2884874280,last
A5013071938,W2884963677,first
A5015167951,W2885017353,first
A5047148711,W2885149778,first
A5031570473,W2885185971,first
A5022708495,W2885185971,middle
A5059914505,W2885186011,first
A5058662537,W2885248340,middle
A5077484807,W2885278477,first
A5071672056,W2885301405,first
A5037064832,W2885301405,middle
A5001588690,W2885301405,last
A5020809586,W2885315954,first
A5016313864,W2885325580,first
A5077391080,W2885344629,first
A5069821895,W2885422965,first
A5080262886,W2885422965,middle
A5032943807,W2885422965,last
A5065754816,W2885459774,last
A5028943281,W2885490869,first
A5039122016,W2885490869,middle
A5060809236,W2885490869,last
A5018667469,W2885504549,last
A5018432268,W2885560243,first
A5079982787,W2885573840,first
A5019549867,W2885676305,first
A5018436136,W2885841911,middle
A5019678801,W2885841911,middle
A5065968760,W2885841911,middle
A5083896651,W2885841911,middle
A5012060246,W2885841911,middle
A5089421014,W2885841911,middle
A5055282355,W2885846418,first
A5085829847,W2885870973,first
A5082381156,W2885878575,first
A5040670023,W2885931534,first
A5013266887,W2886016830,first
A5049233494,W2886048058,first
A5067513618,W2886099876,first
A5041133445,W2886099876,last
A5004615152,W2886173682,last
A5036529804,W2886186751,first
A5045943670,W2886223091,first
A5030098068,W2886331765,first
A5001022530,W2886352955,first
A5013519991,W2886366444,first
A5085239834,W2886398378,middle
A5037816255,W2886426656,first
A5012475052,W2886557809,first
A5043287052,W2886606776,first
A5006150251,W2886618301,middle
A5002088981,W2886618301,last
A5035160608,W2886644465,first
A5043871498,W2886644465,last
A5043484752,W2886693898,first
A5028665407,W2886693898,last
A5023665625,W2886761524,first
A5029699800,W2886761524,middle
A5005367514,W2886795874,first
A5012475052,W2886829822,first
A5061229826,W2886833092,first
A5018447003,W2886833092,middle
A5001308079,W2886833092,middle
A5088394978,W2886833092,last
A5024669831,W2886862518,middle
A5014011362,W2886862518,last
A5019393851,W2886988798,first
A5081587138,W2886990235,first
A5028882889,W2887003342,last
A5062268595,W2887006528,first
A5050718141,W2887006528,middle
A5033773480,W2887006528,middle
A5078633907,W2887006528,middle
A5087995658,W2887006528,last
A5061172607,W2887024209,first
A5083357151,W2887067399,first
A5004113668,W2887067399,last
A5009515878,W2887104442,first
A5079051775,W2887104442,middle
A5011072391,W2887104442,last
A5074426382,W2887123218,first
A5000074040,W2887123218,last
A5073090648,W2887158608,middle
A5026161843,W2887158608,middle
A5050869170,W2887158608,middle
A5064423842,W2887158608,middle
A5055657125,W2887158608,middle
A5089790645,W2887158608,middle
A5007816829,W2887158608,middle
A5049669664,W2887158608,middle
A5023626757,W2887158608,middle
A5053983511,W2887158608,last
A5032586510,W2887260113,first
A5024943157,W2887260113,middle
A5002154840,W2887260113,last
A5068729286,W2887331946,first
A5086643947,W2887331946,last
A5056965955,W2887614650,first
A5027324518,W2887614650,middle
A5011950780,W2887614650,middle
A5056078914,W2887614650,last
A5048588454,W2887634861,first
A5018497995,W2887687859,first
A5083872718,W2887687859,middle
A5022608022,W2887801889,first
A5046739023,W2887801889,middle
A5035626728,W2887801889,middle
A5003133775,W2887801889,middle
A5037224858,W2887801889,middle
A5081062619,W2887801889,last
A5057203811,W2888034108,last
A5052886544,W2888044385,first
A5031784704,W2888045535,first
A5065554904,W2888079606,first
A5065554904,W2888110475,first
A5065554904,W2888168636,first
A5079953468,W2888192042,first
A5065554904,W2888216153,first
A5090690248,W2888222570,first
A5065554904,W2888224310,first
A5084926427,W2888236695,middle
A5004125713,W2888236695,last
A5013746205,W2888254617,first
A5052886544,W2888276482,first
A5035363813,W2888337595,first
A5079953468,W2888343112,first
A5047051984,W2888347031,first
A5039187315,W2888376354,last
A5010417374,W2888386093,first
A5037914359,W2888418347,first
A5003670134,W2888422475,first
A5084124274,W2888441992,last
A5039527428,W2888447262,first
A5087372020,W2888462065,first
A5033199621,W2888462065,last
A5038138844,W2888482376,last
A5052886544,W2888575264,first
A5027708988,W2888592145,middle
A5027890375,W2888592145,middle
A5000475893,W2888592145,middle
A5063992873,W2888628450,first
A5057892705,W2888628450,last
A5076461974,W2888648552,first
A5046024059,W2888663707,first
A5031784704,W2888681084,first
A5084942381,W2888756459,first
A5035855364,W2888781287,first
A5059197011,W2888828681,first
A5030298693,W2888865932,first
A5087532463,W2888881726,first
A5025941662,W2888916949,middle
A5083864231,W2889014791,first
A5053182737,W2889055694,first
A5038675968,W2889116509,first
A5040628216,W2889134233,first
A5090314257,W2889155975,first
A5091441358,W2889170294,first
A5069738110,W2889178498,first
A5076579586,W2889183014,last
A5020442900,W2889185177,first
A5007629219,W2889193590,first
A5069441330,W2889258944,first
A5048832439,W2889258944,last
A5053739875,W2889269796,first
A5089411858,W2889293789,first
A5056475160,W2889301954,first
A5043259985,W2889309953,first
A5075679779,W2889321371,first
A5089388395,W2889329397,first
A5038644188,W2889397517,first
A5045585076,W2889414078,first
A5064115801,W2889414078,last
A5053566937,W2889467875,first
A5063622872,W2889467875,middle
A5047693971,W2889467875,last
A5066044089,W2889471856,first
A5007029790,W2889475848,first
A5081688435,W2889475848,middle
A5078021986,W2889475848,middle
A5009588345,W2889475848,last
A5035778771,W2889502889,last
A5020079516,W2889514181,first
A5013446855,W2889533468,first
A5078818619,W2889628606,first
A5043823616,W2889652743,first
A5029696881,W2889652743,last
A5067328692,W2889662966,first
A5083689159,W2889662966,last
A5048395925,W2889674396,last
A5018094689,W2889691120,first
A5016676689,W2889717954,first
A5069426855,W2889717954,last
A5043823616,W2889742555,first
A5029696881,W2889742555,last
A5043823616,W2889769777,first
A5029696881,W2889769777,last
A5043823616,W2889796390,first
A5029696881,W2889796390,last
A5043823616,W2889812114,first
A5029696881,W2889812114,last
A5006910307,W2889993976,first
A5066734954,W2889994476,first
A5037873810,W2890022122,last
A5066734954,W2890027974,first
A5043823616,W2890111248,first
A5029696881,W2890111248,last
A5058718652,W2890138298,first
A5015419040,W2890171573,first
A5067230761,W2890192348,first
A5043823616,W2890195594,first
A5029696881,W2890195594,last
A5043823616,W2890215218,first
A5063945566,W2890217917,first
A5089996439,W2890219359,first
A5030101234,W2890237498,first
A5004660959,W2890237498,middle
A5078471429,W2890237498,last
A5051625374,W2890253346,first
A5031823995,W2890253346,middle
A5091037833,W2890253346,last
A5089422869,W2890256631,first
A5017854609,W2890313720,first
A5042196702,W2890313720,last
A5041891217,W2890335981,first
A5054973692,W2890335981,middle
A5040158999,W2890335981,last
A5028201055,W2890338393,first
A5065086706,W2890475868,first
A5078195631,W2890525045,first
A5029340745,W2890578524,first
A5018313286,W2890578524,last
A5029229494,W2890663773,last
A5089996439,W2890685064,first
A5046165780,W2890737711,first
A5006344371,W2890756428,first
A5089931422,W2890767834,first
A5055671840,W2890767834,last
A5055562417,W2890779675,first
A5036015808,W2890788786,first
A5059934493,W2890800734,last
A5024742008,W2890873201,first
A5043823616,W2890874922,first
A5029696881,W2890874922,last
A5043823616,W2890889372,first
A5074079884,W2890948147,first
A5051531263,W2890991235,first
A5043823616,W2891024378,first
A5066130528,W2891032068,first
A5043823616,W2891037057,first
A5029696881,W2891037057,last
A5026490561,W2891043329,first
A5058790873,W2891043329,last
A5033514957,W2891044896,first
A5016082545,W2891044896,middle
A5082402937,W2891044896,last
A5080522156,W2891081878,first
A5043823616,W2891118193,first
A5029696881,W2891118193,last
A5038686310,W2891204372,first
A5084001911,W2891208123,first
A5043823616,W2891230788,first
A5029696881,W2891230788,last
A5076007172,W2891235475,last
A5068631421,W2891289711,first
A5055374361,W2891311322,middle
A5036559500,W2891311322,last
A5053440165,W2891313418,first
A5078195631,W2891331320,first
A5084281668,W2891348016,first
A5043823616,W2891349222,first
A5029696881,W2891349222,last
A5056272841,W2891360672,first
A5033717113,W2891381832,first
A5043823616,W2891434248,first
A5029696881,W2891434248,last
A5043823616,W2891445801,first
A5029696881,W2891445801,last
A5039448597,W2891534650,first
A5026258308,W2891534650,middle
A5043453620,W2891534650,middle
A5089616760,W2891534650,last
A5049055839,W2891566500,last
A5034160482,W2891625203,first
A5062811315,W2891686118,first
A5007582570,W2891758243,first
A5043823616,W2891791262,first
A5029696881,W2891791262,last
A5059746910,W2891834725,first
A5060198976,W2891834725,last
A5007748495,W2891865257,first
A5059752174,W2891883400,first
A5082772792,W2891900945,first
A5045632956,W2891900945,last
A5084444924,W2891946045,first
A5008117868,W2891975794,first
A5051083730,W2891975794,last
A5043823616,W2892003487,first
A5029696881,W2892003487,last
A5043823616,W2892012695,first
A5043823616,W2892014556,first
A5029696881,W2892014556,last
A5078195631,W2892096234,first
A5005995672,W2892126973,first
A5067597688,W2892149214,first
A5054496884,W2892151715,first
A5070568314,W2892179816,first
A5002785992,W2892201785,first
A5084281668,W2892291494,first
A5088812981,W2892299074,first
A5043823616,W2892317363,first
A5029696881,W2892317363,last
A5049634011,W2892350164,first
A5063244616,W2892456795,first
A5012677173,W2892713000,last
A5039486588,W2892773177,first
A5090727234,W2892773177,middle
A5015424372,W2892773177,middle
A5043209677,W2892773177,last
A5031191384,W2892894189,first
A5051919749,W2893157098,middle
A5004555174,W2893436731,first
A5057825054,W2893589945,first
A5008406974,W2893668696,first
A5062646692,W2893668696,last
A5091371096,W2894335183,first
A5024055023,W2894335183,last
A5005153278,W2894399981,first
A5015186395,W2894399981,middle
A5043201304,W2894399981,middle
A5034220928,W2894399981,last
A5075530467,W2894403887,first
A5053407281,W2894466200,middle
A5001981294,W2894550406,last
A5050831061,W2894585651,first
A5043876428,W2894586214,first
A5034560396,W2894593212,first
A5088746356,W2894618570,first
A5084309516,W2894640566,first
A5002035751,W2894641807,first
A5031166206,W2894641807,middle
A5032633292,W2894641807,last
A5059406680,W2894687049,middle
A5074130561,W2894804627,first
A5074668069,W2894900823,first
A5077739972,W2894913118,first
A5084344454,W2894913118,middle
A5040226526,W2894914735,first
A5047568654,W2894947713,first
A5038536357,W2894959198,first
A5082471864,W2894993764,first
A5005882933,W2895127930,first
A5032408478,W2895127989,first
A5090171111,W2895127989,middle
A5018516368,W2895127989,last
A5084261733,W2895180540,first
A5088113932,W2895180540,middle
A5073115503,W2895180540,middle
A5074002901,W2895180540,middle
A5076033599,W2895180540,middle
A5037539801,W2895180540,middle
A5029536811,W2895180540,middle
A5058919374,W2895180540,middle
A5017639098,W2895180540,middle
A5025868347,W2895180540,middle
A5069131707,W2895180540,middle
A5080450263,W2895180540,middle
A5029361057,W2895180540,middle
A5034463778,W2895180540,last
A5083687551,W2895188932,first
A5018361251,W2895256730,first
A5085131079,W2895267970,first
A5090048784,W2895267970,middle
A5019007054,W2895267970,middle
A5072445597,W2895313864,first
A5078305333,W2895313864,last
A5017890742,W2895337850,last
A5077028946,W2895343425,first
A5013264903,W2895403921,first
A5014452528,W2895466615,first
A5035843564,W2895530919,first
A5023258012,W2895530919,middle
A5007121098,W2895530919,last
A5064137502,W2895663002,first
A5031233579,W2895668398,first
A5034248834,W2895752430,middle
A5008919735,W2895787119,first
A5050396158,W2895787119,last
A5001668653,W2895793795,first
A5090369126,W2895805480,first
A5032644747,W2895859205,last
A5078329096,W2895867549,middle
A5001523618,W2895867549,middle
A5050971671,W2895867549,middle
A5079802207,W2895867549,last
A5043618291,W2895903721,middle
A5025919783,W2895916050,first
A5061651734,W2895916050,last
A5089846623,W2895998611,first
A5058922970,W2896027165,middle
A5078963225,W2896027165,middle
A5009120455,W2896027165,last
A5023344922,W2896054556,first
A5047685878,W2896145731,first
A5017384631,W2896210866,first
A5049067664,W2896232884,first
A5045410054,W2896257897,first
A5088266860,W2896265542,first
A5019150262,W2896330961,first
A5000852615,W2896335417,first
A5005215564,W2896427554,first
A5019718926,W2896427554,last
A5035862996,W2896440821,first
A5028378670,W2896440821,last
A5087504224,W2896467124,first
A5089261752,W2896508039,middle
A5069335565,W2896542764,first
A5047912178,W2896542764,last
A5011723389,W2896583739,first
A5056055322,W2896589993,first
A5061804138,W2896589993,last
A5028171150,W2896624009,first
A5047685878,W2896634773,first
A5042961223,W2896657945,first
A5068485323,W2896671693,first
A5028796908,W2896901209,first
A5020641334,W2896901209,middle
A5013149426,W2896901209,middle
A5071806731,W2896901209,middle
A5072401918,W2896901209,middle
A5022560995,W2896901209,middle
A5023594724,W2896901209,middle
A5032662383,W2896901209,middle
A5043246335,W2896901209,middle
A5008413164,W2896901209,middle
A5075428325,W2896901209,middle
A5009910775,W2896901209,middle
A5057536063,W2896901209,middle
A5011379480,W2896901209,middle
A5013707993,W2896901209,middle
A5060445057,W2896901209,middle
A5085984071,W2896901209,middle
A5038842491,W2896901209,middle
A5004970380,W2896901209,middle
A5079601913,W2896901209,last
A5064236279,W2896916240,first
A5014089678,W2896916240,last
A5018863343,W2896926331,first
A5026958336,W2896926331,middle
A5074547227,W2896926781,first
A5037144281,W2896932529,first
A5060836180,W2896980662,first
A5010530817,W2896996169,first
A5048570794,W2897019919,first
A5003985470,W2897110388,first
A5013450785,W2897159357,first
A5072269767,W2897159357,middle
A5050124233,W2897159357,last
A5016475372,W2897215032,first
A5013861626,W2897229398,first
A5035815795,W2897248596,middle
A5047222739,W2897289974,last
A5034994727,W2897301222,first
A5038390659,W2897330726,first
A5029890862,W2897348272,first
A5019008103,W2897356487,first
A5076785459,W2897356487,last
A5045107562,W2897377194,last
A5025075234,W2897442975,first
A5014971160,W2897442975,middle
A5050188066,W2897442975,middle
A5049699344,W2897442975,middle
A5006429708,W2897455360,last
A5031435335,W2897470129,first
A5032787307,W2897603586,first
A5013861626,W2897650039,first
A5045107562,W2897752768,last
A5063626140,W2897759081,first
A5032091977,W2897833088,first
A5032091977,W2897841514,first
A5011723389,W2897926517,first
A5005562306,W2897966623,first
A5082912082,W2898014255,first
A5064759433,W2898014255,middle
A5030876099,W2898014255,last
A5039525154,W2898022295,first
A5082379288,W2898022295,middle
A5029639206,W2898022295,last
A5042927466,W2898086236,first
A5052623072,W2898105455,first
A5035337020,W2898125127,first
A5059007442,W2898136223,first
A5021986973,W2898180301,first
A5091339345,W2898243022,first
A5056078268,W2898243022,last
A5055286494,W2898267045,first
A5081159238,W2898373489,first
A5010781960,W2898373489,last
A5088671898,W2898432194,first
A5057412737,W2898444628,last
A5046933025,W2898452084,first
A5015548774,W2898513995,first
A5039659770,W2898513995,last
A5085871964,W2898519288,middle
A5080024397,W2898552782,middle
A5059874615,W2898606595,first
A5081117883,W2898839068,first
A5050983810,W2898895948,last
A5015599228,W2898896241,first
A5090400959,W2898915126,first
A5041000166,W2898999046,first
A5064399695,W2899124900,first
A5008065624,W2899139192,middle
A5069275031,W2899139192,last
A5064529678,W2899310919,first
A5043174840,W2899417372,middle
A5010975997,W2899417372,middle
A5011676424,W2899421250,first
A5033228504,W2899426767,middle
A5005936929,W2899456491,first
A5033228504,W2899506676,middle
A5041069614,W2899565710,middle
A5018155823,W2899865225,first
A5006922318,W2899923741,first
A5017982693,W2900014892,first
A5052772433,W2900014892,last
A5087126106,W2900094080,first
A5019446231,W2900107951,middle
A5050600918,W2900132001,middle
A5091066896,W2900132001,last
A5036623489,W2900413493,first
A5049747850,W2900432592,first
A5020485335,W2900573699,first
A5021385416,W2900596387,first
A5048698192,W2900601033,first
A5001986172,W2900601033,middle
A5005117665,W2900601033,last
A5086603533,W2900627771,last
A5073604834,W2900631115,first
A5013411309,W2900631115,middle
A5018144910,W2900631115,middle
A5077132751,W2900645588,first
A5082645155,W2900657174,first
A5063541445,W2900693692,first
A5063541445,W2900751601,first
A5014591918,W2900781169,first
A5019777096,W2900781169,middle
A5078414072,W2900781169,last
A5001540646,W2900804400,first
A5028171384,W2900837430,first
A5043775533,W2900883798,first
A5019906371,W2900883798,middle
A5079192313,W2900883798,last
A5012310859,W2900885222,first
A5042720607,W2900956842,first
A5018090246,W2900956842,last
A5080247598,W2900992871,first
A5041748066,W2901019583,first
A5051550649,W2901022898,first
A5058334237,W2901022898,last
A5028171384,W2901097608,first
A5008763383,W2901099886,first
A5013019993,W2901099886,last
A5004368910,W2901144278,first
A5043775533,W2901366631,first
A5019906371,W2901366631,middle
A5079192313,W2901366631,last
A5063541445,W2901388213,first
A5062043545,W2901418377,first
A5028171384,W2901450008,first
A5011307781,W2901476463,first
A5063541445,W2901477184,first
A5034392811,W2901507362,last
A5007563411,W2901509783,first
A5001270995,W2901578874,first
A5077525214,W2901615283,first
A5081913248,W2901683896,first
A5077713490,W2901721327,middle
A5065852609,W2901721327,last
A5063541445,W2901722600,first
A5034020789,W2901726407,first
A5015918027,W2901734227,first
A5087292183,W2901734227,last
A5087366883,W2901808106,last
A5022392851,W2901826235,first
A5028171384,W2901832151,first
A5012458324,W2901835890,first
A5037782220,W2901838706,first
A5028171384,W2901847677,first
A5011307781,W2901929764,first
A5021797294,W2901955463,first
A5021947145,W2901955463,middle
A5003896096,W2901955463,last
A5013322194,W2902014325,middle
A5044128852,W2902014325,last
A5089217968,W2902224471,first
A5060660874,W2902279498,first
A5081510302,W2902406613,first
A5005450605,W2902544675,middle
A5005450605,W2902544675,last
A5035845580,W2902659018,first
A5065215128,W2902766006,first
A5020865241,W2902787071,first
A5003044729,W2902816437,middle
A5081510302,W2902865650,first
A5010832933,W2902902649,first
A5085229882,W2902912156,first
A5009505719,W2902931292,first
A5084087393,W2902955373,first
A5007796791,W2902955373,middle
A5038297843,W2902955373,last
A5087126106,W2902984833,first
A5043920881,W2903133245,first
A5010867791,W2903133245,middle
A5016353717,W2903133245,last
A5040396362,W2903289828,last
A5060992774,W2903328653,middle
A5063713058,W2903584254,first
A5061451835,W2903684333,first
A5090649077,W2903684333,last
A5050358854,W2903778554,first
A5041469768,W2903778554,last
A5032487213,W2903803869,first
A5042006491,W2903824942,first
A5047513643,W2903902147,first
A5024623650,W2903944873,last
A5034097062,W2904072591,first
A5071168106,W2904072591,middle
A5010228049,W2904072591,last
A5011223251,W2904076887,first
A5056764577,W2904091566,first
A5052405783,W2904119685,first
A5081051731,W2904431489,first
A5015789676,W2904431489,middle
A5074675941,W2904431489,last
A5024916657,W2904435869,middle
A5010276520,W2904505882,middle
A5059470360,W2904576238,first
A5078146900,W2904596204,first
A5006580423,W2904707299,middle
A5013717801,W2904707299,last
A5048219277,W2904744627,first
A5005635869,W2904744627,middle
A5027778188,W2904744627,last
A5071893904,W2904805404,first
A5077862545,W2904834002,middle
A5016434389,W2904834002,last
A5033397269,W2904951564,first
A5015044819,W2904982796,first
A5013221359,W2905059907,first
A5013221359,W2905059907,middle
A5017255714,W2905059907,middle
A5017255714,W2905059907,middle
A5060852285,W2905059907,middle
A5041763987,W2905059907,middle
A5013754599,W2905059907,middle
A5013754599,W2905059907,last
A5063087627,W2905104009,middle
A5088773540,W2905104009,middle
A5088773540,W2905104009,last
A5056866203,W2905148012,middle
A5079703038,W2905148012,last
A5022467264,W2905210865,first
A5007289720,W2905373700,first
A5067231523,W2905373700,last
A5077587036,W2905393934,first
A5014078084,W2905498811,first
A5041220813,W2905498811,middle
A5014597941,W2905498811,middle
A5012077298,W2905498811,last
A5040250564,W2905683673,first
A5063232741,W2905683673,last
A5022121668,W2905734975,middle
A5006193639,W2905825492,first
A5071262206,W2905873359,first
A5071262206,W2905873359,last
A5076969286,W2905963975,first
A5085055899,W2906117371,first
A5046625836,W2906117371,middle
A5027961582,W2906117371,middle
A5042843799,W2906237876,first
A5030628024,W2906237876,middle
A5070432997,W2906237876,middle
A5049177709,W2906237876,middle
A5018851377,W2906237876,middle
A5086001240,W2906237876,middle
A5091488899,W2906240762,first
A5016252624,W2906365464,first
A5088573517,W2906365464,middle
A5049533477,W2906386398,first
A5060859546,W2906386398,middle
A5060839259,W2906386398,middle
A5052287475,W2906440622,first
A5040090013,W2906459850,first
A5056457723,W2906526658,first
A5054997402,W2906728300,last
A5016336989,W2906744797,first
A5032883452,W2906830811,first
A5069272947,W2906875891,first
A5080299749,W2906904752,middle
A5087103237,W2907186434,first
A5029855697,W2907335657,first
A5022994735,W2907335657,middle
A5069621169,W2907335657,middle
A5046433224,W2907335657,middle
A5063351141,W2907335657,last
A5003059745,W2907416968,first
A5050262009,W2907431086,first
A5091111184,W2907500860,first
A5019300753,W2907626663,first
A5075248091,W2907792177,first
A5084865620,W2907816252,first
A5012749835,W2907834287,first
A5028293171,W2907834287,last
A5030571810,W2907933339,first
A5079646776,W2907933339,middle
A5014873401,W2907933339,middle
A5007781745,W2907933339,middle
A5040261980,W2907933339,middle
A5002098738,W2907943942,first
A5067612545,W2907991301,first
A5060358754,W2908119853,first
A5042944723,W2908119853,middle
A5033692670,W2908119853,middle
A5046867271,W2908119853,last
A5006035066,W2908133761,middle
A5034399299,W2908133761,middle
A5013598689,W2908133761,middle
A5027480849,W2908133761,last
A5067722086,W2908168827,first
A5083153534,W2908383114,last
A5064669606,W2908581474,first
A5011466629,W2908686322,first
A5046257126,W2908691599,first
A5040604289,W2908691599,last
A5015129792,W2908744652,first
A5011198932,W2908954412,first
A5089548492,W2909185673,first
A5039984550,W2909207912,first
A5091568769,W2909222159,first
A5085224650,W2909309035,first
A5079357805,W2909379137,first
A5001052072,W2909379137,middle
A5000267925,W2909379137,middle
A5066967599,W2909379137,middle
A5070391893,W2909379137,last
A5007718967,W2909515565,first
A5033471518,W2909515565,last
A5066392573,W2909618266,first
A5002027879,W2909928324,first
A5022425127,W2909928324,middle
A5057043630,W2909928324,last
A5015639435,W2909970779,first
A5026908578,W2910048965,first
A5072125123,W2910266448,first
A5023018999,W2910409625,first
A5029400117,W2910409625,middle
A5038669776,W2910409625,middle
A5022071894,W2910409625,middle
A5022972921,W2910409625,middle
A5014975311,W2910409625,last
A5041346094,W2910474419,first
A5008154038,W2910474419,last
A5014997928,W2910910232,first
A5090165417,W2911065127,last
A5020254377,W2911323230,first
A5071538220,W2911536033,first
A5021797294,W2911657108,first
A5003896096,W2911657108,middle
A5021947145,W2911657108,last
A5045103919,W2911815834,first
A5044471799,W2911815834,middle
A5020095710,W2911815834,middle
A5015705042,W2911815834,last
A5003579441,W2911861330,first
A5010313058,W2911902695,first
A5056478052,W2912501701,first
A5036789938,W2912501701,last
A5060621628,W2912562865,first
A5042529608,W2912630667,last
A5084153650,W2913078803,first
A5088261260,W2913078803,middle
A5018375599,W2913078803,middle
A5011045028,W2913078803,middle
A5063227743,W2913078803,middle
A5056892202,W2913078803,middle
A5027862575,W2913078803,last
A5054617824,W2913115616,first
A5069148706,W2913254656,first
A5077398892,W2913254656,middle
A5035908722,W2913254656,last
A5062171574,W2913397501,first
A5045643358,W2913446633,first
A5004191688,W2913452598,first
A5008287533,W2913452598,middle
A5045879142,W2913452598,last
A5079948174,W2913484691,first
A5030114446,W2913605786,first
A5039202154,W2913642386,middle
A5009662232,W2913687493,first
A5059572265,W2913968588,first
A5006151150,W2913977933,first
A5021089781,W2913988024,first
A5041588523,W2913988024,middle
A5057215675,W2913988024,last
A5013047474,W2914110174,first
A5084401124,W2914110174,last
A5047004719,W2914156697,middle
A5025766461,W2914156697,middle
A5001378235,W2914156697,last
A5086513946,W2914259889,first
A5034437304,W2914316728,first
A5011361507,W2914409449,first
A5005072283,W2914409449,middle
A5066499473,W2914409449,middle
A5038804417,W2914409449,last
A5006849736,W2914429640,first
A5086166406,W2914542899,first
A5069313811,W2914663829,first
A5019453069,W2914663829,last
A5030477716,W2914752122,middle
A5035663513,W2915072352,first
A5053328508,W2915890232,first
A5055416007,W2915890232,last
A5002427757,W2916537398,first
A5084146015,W2916596734,first
A5019489166,W2916909342,first
A5025097632,W2916909342,middle
A5065820146,W2916909342,last
A5030702179,W2916953727,first
A5060342235,W2917114981,first
A5004740671,W2917114981,middle
A5029538388,W2917114981,last
A5044725661,W2917291033,first
A5053259338,W2917400006,first
A5054811733,W2917400006,last
A5066036328,W2917634272,last
A5036722831,W2917811181,first
A5025322443,W2917811181,middle
A5017754561,W2918142956,first
A5011466629,W2918190516,first
A5049417438,W2918909932,first
A5012667644,W2918909932,last
A5061249763,W2919731931,first
A5063613109,W2920437189,first
A5001592685,W2920437189,middle
A5083203245,W2920437189,last
A5059869608,W2920740113,first
A5042006835,W2920903229,first
A5074732015,W2920903229,last
A5061078240,W2921010948,first
A5080740138,W2921103986,first
A5082557029,W2921139603,first
A5035902839,W2921591353,first
A5012259705,W2921620490,last
A5042620889,W2921988787,first
A5057215675,W2921988787,middle
A5080607601,W2921988787,last
A5016549645,W2922596606,last
A5084071142,W2922719929,first
A5030239102,W2922721683,first
A5036248045,W2922721683,middle
A5037880759,W2923177654,first
A5036128581,W2923177654,middle
A5086041678,W2923177654,last
A5028974192,W2923534827,first
A5054862685,W2923933340,first
A5048602133,W2924338395,first
A5084880581,W2924338395,last
A5067727119,W2924476832,first
A5075365208,W2924479446,first
A5000982829,W2924732108,first
A5049352418,W2925305651,first
A5051993117,W2925305651,last
A5016222661,W2931145807,first
A5054766285,W2932706478,first
A5005350139,W2934474762,first
A5023600903,W2934772462,last
A5051234257,W2936182442,first
A5056137946,W2936564471,first
A5007429654,W2936564471,middle
A5070788015,W2936564471,middle
A5047766247,W2936564471,middle
A5090204404,W2936564471,last
A5014100758,W2937111841,middle
A5053395388,W2937197788,first
A5088308988,W2937465684,first
A5076674918,W2937465684,middle
A5002305347,W2937465684,middle
A5065980941,W2937465684,middle
A5004993070,W2937465684,last
A5014438135,W2937644573,first
A5075394907,W2937644573,middle
A5086689025,W2937644573,last
A5068726680,W2937783056,first
A5036722831,W2938055081,first
A5007349672,W2938147808,first
A5052362645,W2938147808,middle
A5076774589,W2938147808,middle
A5075830877,W2938147808,middle
A5062936650,W2938147808,last
A5036313535,W2938879213,middle
A5037633168,W2938879213,middle
A5012451008,W2938879213,middle
A5011293986,W2938879213,middle
A5022164566,W2938939143,first
A5023287214,W2941208131,first
A5036079811,W2941208131,last
A5005482363,W2941925706,first
A5047046643,W2942866525,first
A5072539388,W2942866525,middle
A5040437375,W2942866525,middle
A5073824764,W2942866525,middle
A5091165056,W2942866525,middle
A5004916797,W2942866525,middle
A5076786517,W2942931362,first
A5013744245,W2942931362,last
A5064924149,W2944136770,first
A5057105042,W2944309888,first
A5038048546,W2944339030,first
A5058166217,W2944339030,middle
A5048583478,W2944339030,last
A5017326471,W2944574993,first
A5079997651,W2944574993,middle
A5027706529,W2944574993,middle
A5002501413,W2944574993,last
A5051114509,W2944716157,first
A5087621364,W2944810839,first
A5053300261,W2944810839,middle
A5046030036,W2944810839,last
A5047237052,W2944819618,first
A5068616270,W2944819618,middle
A5079745190,W2944819618,last
A5083365460,W2945196806,first
A5061222346,W2945196806,middle
A5046826650,W2945196806,middle
A5044077211,W2945196806,last
A5072333684,W2945528347,last
A5083365460,W2945671495,first
A5041281094,W2945671495,middle
A5007462386,W2945671495,middle
A5042766889,W2945671495,middle
A5088289092,W2945671495,middle
A5062767287,W2945671495,middle
A5068274020,W2945671495,middle
A5035566210,W2945671495,middle
A5048325805,W2945671495,middle
A5025375129,W2945671495,middle
A5068397109,W2945671495,middle
A5003722908,W2945671495,middle
A5039782094,W2945671495,middle
A5022384773,W2945671495,middle
A5075340592,W2945671495,middle
A5020418265,W2945671495,middle
A5048821886,W2945671495,last
A5021523372,W2945709080,middle
A5058074271,W2945919213,first
A5065396938,W2945919213,middle
A5065353209,W2945919213,middle
A5021541754,W2945919213,middle
A5061419471,W2945922666,first
A5035800510,W2946052727,first
A5071953423,W2946052727,last
A5049662768,W2946200047,first
A5042700944,W2946200047,middle
A5082437449,W2946200047,last
A5027190519,W2946529738,last
A5015194249,W2946549952,first
A5012700237,W2946549952,middle
A5049089277,W2946549952,last
A5048277088,W2946795144,first
A5088201292,W2947408029,first
A5024654679,W2947520985,first
A5059001924,W2947758427,first
A5073090115,W2947981602,first
A5054204683,W2948363490,first
A5046910432,W2948363490,last
A5082830586,W2948507518,first
A5013691247,W2948984390,first
A5072025025,W2948986478,first
A5052703085,W2948986478,middle
A5069432042,W2948986478,middle
A5024184433,W2948986478,middle
A5068531236,W2948986478,last
A5069115650,W2949106494,first
A5084293899,W2949358806,last
A5049491141,W2949715957,first
A5025408765,W2949715957,middle
A5086948169,W2949715957,middle
A5057571751,W2949715957,middle
A5016347476,W2949715957,middle
A5083521045,W2949715957,last
A5081817597,W2949735140,first
A5080419271,W2950815083,first
A5034995797,W2950935800,first
A5031215253,W2950935800,middle
A5075750933,W2950935800,last
A5053305036,W2951779230,first
A5011409545,W2951779230,last
A5044789227,W2951891763,first
A5086555187,W2951909982,first
A5046732485,W2951909982,middle
A5023770552,W2951909982,middle
A5054687784,W2951909982,middle
A5027265271,W2951909982,middle
A5055651722,W2951973486,first
A5017251198,W2951973486,middle
A5071193114,W2951973486,middle
A5027428789,W2951973486,middle
A5087659689,W2951973486,middle
A5062053942,W2951973486,last
A5039753473,W2951989466,first
A5047679407,W2952274833,first
A5085891679,W2952274833,last
A5030955986,W2952943052,first
A5079881929,W2952943052,middle
A5047339175,W2952943052,middle
A5011508990,W2952943052,last
A5076205810,W2954110998,middle
A5031760676,W2954110998,middle
A5026443758,W2954110998,last
A5068327848,W2954259607,first
A5069845822,W2954935926,first
A5090738326,W2955009141,first
A5085272326,W2955021804,middle
A5001903780,W2955026516,first
A5059490857,W2955288464,first
A5020310463,W2955475561,first
A5028143781,W2955475561,last
A5068370225,W2955603359,first
A5070921568,W2955603359,middle
A5088217927,W2955603359,middle
A5040160899,W2955603359,middle
A5002452272,W2955603359,last
A5062659356,W2955736810,middle
A5088197388,W2956041297,first
A5013468757,W2956071017,first
A5000118141,W2956071017,last
A5060077168,W2956126250,first
A5078594026,W2956555720,first
A5086829278,W2957891972,last
A5038563745,W2959843859,first
A5031271088,W2960002801,first
A5082679007,W2960002801,middle
A5009046975,W2960002801,last
A5014790021,W2960858555,middle
A5089365591,W2960858555,middle
A5045479633,W2960858555,middle
A5046698524,W2962407911,first
A5000320822,W2962790419,middle
A5065901303,W2963053874,last
A5014987798,W2963904108,first
A5000143938,W2964170181,first
A5050253226,W2964273438,first
A5033281717,W2964694177,first
A5025604189,W2965270182,first
A5049516208,W2965270182,middle
A5029450263,W2965270182,last
A5060242586,W2965487165,first
A5019513884,W2966429183,first
A5044586993,W2966764523,first
A5067307112,W2967334658,first
A5084753587,W2967909609,first
A5028987575,W2968463920,first
A5034693908,W2969461968,middle
A5090158426,W2969461968,last
A5029428134,W2969619019,first
A5010320111,W2969780574,first
A5007832979,W2970047291,first
A5058686408,W2970090714,first
A5087980205,W2970142417,first
A5016314879,W2970162947,first
A5060568399,W2970238227,first
A5048302225,W2970277619,middle
A5084851156,W2970277619,middle
A5060301930,W2970277619,middle
A5019196462,W2970277619,last
A5037275153,W2970328221,first
A5057980684,W2970420158,first
A5052797961,W2970420158,last
A5028653647,W2970423483,first
A5084204089,W2970547213,first
A5077292533,W2970549407,first
A5009140651,W2970576159,first
A5066691587,W2970684330,first
A5090534902,W2970740758,first
A5044129236,W2970740758,last
A5063116902,W2970808876,first
A5023625780,W2970853197,first
A5066800919,W2970977811,first
A5063119906,W2970977811,middle
A5069041011,W2970977811,last
A5089199027,W2971012909,first
A5088658259,W2971024768,first
A5027652330,W2971024768,last
A5060599622,W2971061452,first
A5005953524,W2971085642,first
A5047340145,W2971085642,last
A5050946774,W2971111740,first
A5033717113,W2971280004,first
A5079434890,W2971345190,first
A5078292413,W2971491398,first
A5048214969,W2971491398,last
A5002879297,W2971937552,first
A5052933367,W2971937552,middle
A5071610141,W2971937552,last
A5036205709,W2971942692,first
A5090805320,W2971956093,first
A5078676366,W2971956093,last
A5081314604,W2972029398,first
A5041317854,W2972830156,first
A5049366007,W2972832706,first
A5078076211,W2973010730,first
A5007792638,W2973473682,first
A5084310114,W2973644701,first
A5024239321,W2973644701,last
A5056955579,W2974110149,first
A5061770338,W2974128392,first
A5066700066,W2974128392,last
A5036483564,W2974201844,first
A5019236770,W2974383650,first
A5047555947,W2974383650,last
A5046435231,W2974474974,first
A5021312670,W2974474974,middle
A5010548129,W2974543887,first
A5009164938,W2975554317,first
A5059176055,W2975754351,first
A5091723253,W2976010303,first
A5014789284,W2976220729,first
A5060204100,W2976387847,first
A5077848839,W2976451348,first
A5076557159,W2976451348,middle
A5028723705,W2976451348,last
A5002970133,W2976668583,first
A5064389860,W2976668583,middle
A5047499530,W2976668583,middle
A5073201403,W2976668583,last
A5037121744,W2977167015,first
A5048175000,W2977167015,middle
A5089148668,W2977167015,middle
A5024362147,W2977167015,middle
A5083821830,W2977167015,last
A5035904230,W2978132669,first
A5072639010,W2978132669,middle
A5073368209,W2978132669,middle
A5004208288,W2978132669,middle
A5070503010,W2978132669,last
A5034917021,W2978220975,first
A5069874026,W2978601369,first
A5020358865,W2978601369,middle
A5061496724,W2978601369,last
A5032132997,W2978837456,middle
A5053081905,W2978867244,first
A5080397541,W2978931095,last
A5029384171,W2979016320,first
A5035919267,W2979016320,middle
A5001714538,W2979016320,middle
A5081782440,W2979016320,middle
A5040401781,W2979016320,last
A5060998135,W2979179393,first
A5083420537,W2979901005,first
A5029805698,W2980860604,first
A5047553523,W2980860604,middle
A5049881815,W2980860604,middle
A5033512118,W2980860604,last
A5006494576,W2980865111,first
A5073027507,W2981490975,first
A5052347812,W2981490975,middle
A5003645987,W2981490975,middle
A5055769728,W2981490975,middle
A5023859439,W2981490975,middle
A5056123517,W2981490975,middle
A5079590099,W2981490975,middle
A5004650353,W2981490975,last
A5055852370,W2981886562,last
A5036948425,W2981915938,first
A5007513751,W2981915938,middle
A5024097140,W2981915938,last
A5032993700,W2983233294,first
A5005803234,W2983233294,last
A5018911577,W2984199480,first
A5053313174,W2984199480,last
A5019751498,W2984506757,first
A5058927105,W2984506757,last
A5042805604,W2985281241,first
A5042778267,W2985281241,middle
A5031476598,W2985281241,last
A5039659020,W2988041840,middle
A5003067491,W2988288420,middle
A5029188594,W2988288420,middle
A5054952975,W2988520017,first
A5025074757,W2988689256,first
A5057454661,W2989337849,first
A5040233627,W2990080203,first
A5024664490,W2990199015,first
A5041806215,W2990199015,middle
A5063004123,W2990199015,middle
A5090445142,W2990199015,middle
A5045849481,W2990199015,middle
A5026912732,W2990199015,last
A5076955221,W2990425701,first
A5038265911,W2990446240,first
A5072662963,W2990463910,first
A5082190371,W2990574707,first
A5011307781,W2990880479,first
A5001757189,W2990883898,first
A5043728503,W2991120381,first
A5082610868,W2991156611,last
A5014638847,W2991217250,first
A5002555209,W2991616663,first
A5064592375,W2991616663,middle
A5058865022,W2991684344,first
A5080640458,W2991715546,first
A5000875826,W2991776370,middle
A5022153143,W2991776370,last
A5033051443,W2991865288,first
A5008074400,W2992371668,first
A5014812510,W2993392869,first
A5024856343,W2993734408,first
A5082277105,W2993734408,last
A5032571830,W2994740560,first
A5064025183,W2994792033,first
A5035502074,W2994792033,last
A5019152600,W2995026605,middle
A5008006977,W2995586026,first
A5065721750,W2996098179,first
A5006016609,W2996098179,middle
A5018207100,W2996098179,last
A5016075426,W2996826646,middle
A5076524025,W2996826646,last
A5015463109,W2997188615,first
A5047877922,W2997307763,first
A5001630834,W2997337516,first
A5041866872,W2997337516,last
A5078798863,W2997476460,middle
A5026430952,W2997776084,first
A5031703652,W2998346668,first
A5065607470,W2998346668,middle
A5047824037,W2998618329,first
A5003560222,W2998618329,last
A5029655819,W2998716661,first
A5061009833,W2998956228,first
A5069704629,W2998956228,last
A5068346716,W2999161593,middle
A5034323397,W2999161593,last
A5084230337,W2999249560,first
A5085031981,W2999249560,middle
A5076868461,W2999249560,last
A5054487356,W2999636529,first
A5039531890,W2999876526,middle
A5056622770,W2999882088,last
A5076363759,W3000064793,last
A5011709144,W3000373417,first
A5057345471,W3000373417,middle
A5039253696,W3000373417,middle
A5046020736,W3000373417,last
A5001996050,W3000688269,last
A5047525543,W3000739793,first
A5020344574,W3000781945,middle
A5002855497,W3000781945,middle
A5046173193,W3000781945,middle
A5078138776,W3000781945,middle
A5047871627,W3000781945,middle
A5041231488,W3000781945,last
A5029325643,W3000989341,first
A5084367389,W3000989341,last
A5032965630,W3001004720,first
A5067323690,W3002284541,first
A5072352760,W3002284541,last
A5069353228,W3002479491,first
A5066077296,W3002479491,middle
A5066187890,W3002479491,middle
A5039482178,W3002479491,last
A5044488112,W3002481506,first
A5019567980,W3002664601,first
A5026602064,W3002790206,first
A5043535021,W3003027695,first
A5000000930,W3003442112,middle
A5071164290,W3004905496,first
A5015555181,W3004905496,last
A5041065120,W3005018521,first
A5055476024,W3005111253,first
A5023807359,W3005564375,first
A5087542455,W3005569642,first
A5060033388,W3005569642,last
A5029466513,W3005674901,first
A5065922323,W3005915845,first
A5006608970,W3005915845,middle
A5082392125,W3005915845,last
A5022957551,W3006358144,first
A5010641948,W3006604677,first
A5035240470,W3006867625,middle
A5040499839,W3006884996,first
A5082881413,W3008547998,first
A5047962926,W3009083581,first
A5031705322,W3009109036,first
A5089939075,W3009406693,first
A5021169417,W3010814719,first
A5090118894,W3010814719,last
A5048701946,W3011183391,first
A5087667273,W3011183391,middle
A5062041438,W3011418142,first
A5090287644,W3011418142,middle
A5017870557,W3011418142,middle
A5058838804,W3011418142,middle
A5040001719,W3011418142,middle
A5058668148,W3011418142,last
A5049897140,W3013222850,first
A5040389724,W3013922780,first
A5057308995,W3015144559,first
A5090516089,W3015144559,last
A5009511898,W3015172538,first
A5055158724,W3015443381,first
A5070451506,W3015458298,first
A5069269172,W3015682154,first
A5069512650,W3015945743,first
A5053103453,W3015985514,first
A5042371113,W3017609229,first
A5007222325,W3021025792,first
A5046695536,W3021025792,middle
A5074167224,W3021025792,middle
A5065229483,W3021025792,middle
A5088035307,W3021025792,last
A5072661451,W3021200901,first
A5001172312,W3021200901,middle
A5084828574,W3021200901,last
A5037094318,W3021485317,first
A5035355993,W3021531878,first
A5064366529,W3021556747,first
A5091421960,W3022039142,first
A5075808202,W3022039142,middle
A5029413634,W3022039142,middle
A5007356161,W3022039142,middle
A5089270767,W3022039142,last
A5058546401,W3022604703,first
A5077630267,W3022812129,first
A5055587668,W3022812129,middle
A5002905948,W3022812129,middle
A5010906829,W3022812129,middle
A5029260213,W3022812129,middle
A5023493127,W3022812129,middle
A5069179055,W3022812129,middle
A5073507574,W3022812129,middle
A5008103968,W3022812129,middle
A5061241647,W3022812129,middle
A5084778782,W3022812129,middle
A5083464568,W3022812129,middle
A5032968409,W3022812129,middle
A5082882667,W3022812129,middle
A5089575197,W3022812129,last
A5019387398,W3022972064,first
A5049525856,W3022972064,middle
A5007660738,W3022972064,middle
A5090579531,W3022972064,middle
A5031809108,W3022972064,last
A5038023618,W3023829493,first
A5017523300,W3024023755,first
A5013849208,W3024023755,last
A5089179753,W3024401633,first
A5026901317,W3024669471,first
A5086713264,W3024669471,last
A5083369863,W3030324562,first
A5023638199,W3031231235,first
A5029533833,W3031231235,middle
A5034930946,W3031231235,last
A5089764170,W3031391443,first
A5027843256,W3032000467,first
A5003906710,W3033240188,middle
A5027708560,W3033240188,middle
A5015604654,W3033240188,last
A5012017851,W3033435561,first
A5019720452,W3034490922,first
A5015734871,W3034962348,first
A5012948510,W3034962348,last
A5000638135,W3035409486,first
A5012703845,W3036086682,first
A5089205317,W3036086682,middle
A5053214329,W3036086682,last
A5087126106,W3037745528,first
A5061568872,W303909009,first
A5050849027,W303909009,middle
A5016651335,W303909009,last
A5054729540,W3040587222,middle
A5057814451,W3040587222,middle
A5078305333,W3041555175,first
A5019309075,W3041555175,middle
A5032111132,W3041555175,last
A5047216109,W3042334837,first
A5090728423,W3042445582,first
A5041550474,W3042445582,middle
A5076224482,W3042547662,last
A5049555582,W3042681442,first
A5056488578,W3042885363,first
A5038219293,W3042996543,first
A5074147556,W3043021426,first
A5081938937,W3043139341,last
A5090162029,W3044402460,first
A5081229928,W3044446233,first
A5038712987,W3045004441,first
A5006966951,W3045004441,last
A5004222927,W3045319304,first
A5036746954,W3045340377,first
A5033851703,W3046527903,first
A5088088698,W3046527903,middle
A5043448211,W3046527903,middle
A5091904987,W3046527903,middle
A5026808011,W3046527903,last
A5065692839,W3048450800,first
A5052146430,W3048450800,last
A5038566015,W3048536121,first
A5003495763,W3049469178,first
A5020415668,W3080323207,first
A5072958491,W3080323207,middle
A5040168235,W3080323207,last
A5055450995,W3082935766,first
A5006980824,W3083363305,first
A5077630267,W3083376569,first
A5055587668,W3083376569,middle
A5049150711,W3083376569,middle
A5083445640,W3083376569,middle
A5029260213,W3083376569,middle
A5023493127,W3083376569,middle
A5065402185,W3083376569,middle
A5072083470,W3083376569,middle
A5041762013,W3083376569,middle
A5046955009,W3083376569,middle
A5021882557,W3083376569,middle
A5085228308,W3083376569,middle
A5031371103,W3083376569,middle
A5042645593,W3083376569,middle
A5083464568,W3083376569,middle
A5006937759,W3083376569,middle
A5029098035,W3083376569,last
A5043739234,W3084699720,first
A5085060299,W3085865222,last
A5036418930,W3088361508,first
A5058054791,W3088361508,last
A5033580974,W3089935856,first
A5035876418,W3091992155,first
A5006632660,W3091992155,middle
A5072503957,W3091992155,last
A5059283207,W3092351571,middle
A5068230098,W3092351571,last
A5025588068,W3092648158,first
A5065603792,W3093298591,first
A5029029594,W3094772487,first
A5035274820,W3094772487,last
A5029323227,W3094985840,first
A5027277210,W3094985840,middle
A5039202649,W3094985840,middle
A5007760832,W3094985840,last
A5052724932,W3096001994,first
A5069292182,W3096001994,last
A5047817959,W3097059735,first
A5048876887,W3099595065,middle
A5036239818,W3099595065,middle
A5014715208,W3099595065,last
A5029466870,W3101698737,first
A5032716678,W3102162226,last
A5038509770,W3103754794,first
A5051246328,W3103754794,middle
A5032306956,W3103754794,last
A5070045969,W3104089315,first
A5027210829,W3105650030,first
A5058290707,W3105650030,middle
A5046907706,W3105650030,middle
A5077737512,W3105650030,middle
A5011066754,W3105650030,middle
A5088455497,W3105650030,middle
A5029092355,W3105650030,middle
A5027761977,W3105650030,last
A5069609720,W3106466228,first
A5077638675,W3106466228,middle
A5079769433,W3106466228,last
A5079030209,W3106856962,first
A5089510150,W3106893437,first
A5067193631,W3107070263,first
A5076759099,W3107070263,middle
A5026459289,W3107070263,middle
A5056896764,W3107070263,last
A5074221470,W3107438971,first
A5000209112,W3107698310,first
A5058101296,W3108617265,first
A5054045967,W3108822455,middle
A5081678170,W3110062706,first
A5049081595,W3110171631,first
A5000956371,W3110949613,first
A5050085003,W3111236403,first
A5085765854,W3112139167,first
A5012242083,W3113072414,first
A5026277978,W3113072414,middle
A5062292584,W3113072414,middle
A5022671404,W3113072414,middle
A5020116998,W3113072414,middle
A5061766614,W3113072414,last
A5082576141,W3113088546,first
A5007081337,W3113088546,middle
A5019044789,W3113088546,middle
A5082763737,W3113088546,last
A5077391080,W3113162289,first
A5012064717,W3114298004,first
A5024045124,W3115361091,first
A5057484918,W3118391021,first
A5059137500,W3118770253,first
A5009687652,W3119068601,first
A5049533407,W3119068601,middle
A5074164532,W3119406609,first
A5036228775,W3119406609,middle
A5032234075,W3119406609,last
A5052239762,W3119670327,first
A5006595915,W3119670327,middle
A5083947113,W3119670327,last
A5088696583,W3120264225,first
A5040953644,W3120264225,last
A5088201292,W3120416042,first
A5040450505,W3122105404,first
A5036583267,W3122759224,first
A5075292468,W3122759224,middle
A5034694502,W3122759224,last
A5075942748,W3123622265,first
A5080988465,W3123622265,last
A5089351189,W3123983399,last
A5051371497,W3124398886,first
A5000325979,W3124528262,last
A5067743538,W3125475029,first
A5030657462,W3126187596,first
A5058023476,W3126272238,first
A5034995797,W3126276867,first
A5039765065,W3126817728,first
A5081008721,W3127211444,first
A5081815959,W3127211444,last
A5072959518,W3127502352,first
A5021811279,W3127502352,middle
A5050729175,W3127502352,last
A5084131011,W3128252200,first
A5000874394,W3128280771,first
A5046746726,W3129611842,first
A5008763383,W3131075976,last
A5045797300,W3132092974,first
A5030646218,W3132160025,first
A5061589828,W3132160025,last
A5000512876,W3132186778,first
A5061285898,W3132186778,last
A5091136016,W3133221824,first
A5009034971,W3133221824,middle
A5056275572,W3133221824,middle
A5012730104,W3133221824,last
A5045452648,W3133508809,first
A5022292069,W3133552658,first
A5053819321,W3134858752,first
A5001462349,W3134858752,middle
A5018713641,W3134858752,last
A5066709254,W3136676280,first
A5044475069,W3136676280,middle
A5079152917,W3136676280,middle
A5012758634,W3136676280,middle
A5060892722,W3136815814,middle
A5013174025,W3136815814,last
A5030576167,W3137973521,middle
A5045815409,W3137973521,middle
A5079646040,W3137973521,middle
A5033169668,W3137973521,middle
A5002520399,W3137973521,last
A5070667566,W3138754713,first
A5048340039,W3139398240,first
A5086266449,W3139398240,middle
A5065969325,W3141879274,first
A5060006507,W3142047574,first
A5031987743,W3144807579,last
A5090468012,W3145028966,first
A5002141743,W3148021554,middle
A5015684803,W3148021554,middle
A5035968362,W3148021554,middle
A5083525475,W3149726279,first
A5020802157,W3150597516,first
A5048058793,W3150734357,middle
A5000975435,W3151710375,first
A5062283593,W3151710375,middle
A5028815058,W3151724855,first
A5032729775,W3153701638,first
A5072207649,W3153701638,middle
A5077871846,W3153701638,last
A5069068878,W3153904378,first
A5025097632,W3153904378,last
A5057105042,W3155205798,first
A5020680402,W3157232645,first
A5079728203,W3157232645,last
A5055435555,W3157239271,first
A5064867241,W3157592218,first
A5016953181,W3157671824,first
A5011949661,W3157671824,middle
A5000055372,W3157671824,middle
A5024166388,W3157671824,last
A5053178984,W3157810822,first
A5089675121,W3157942385,first
A5080028071,W3157942385,last
A5012389938,W3157953209,middle
A5057921104,W3157953209,middle
A5074714690,W3157984133,first
A5090445830,W3158569864,first
A5020231952,W3158569864,middle
A5034931207,W3158569864,middle
A5067701783,W3158569864,last
A5016819758,W3159061145,first
A5061046549,W3159097721,first
A5022911583,W3159114429,first
A5001086146,W3159450951,first
A5039613107,W3159450951,last
A5053078684,W3159719734,first
A5000874394,W3159737536,first
A5065014144,W3160091507,first
A5064399866,W3160091507,middle
A5046167827,W3160091507,middle
A5082760460,W3160091507,last
A5027889696,W3160400016,last
A5020306808,W3160855286,first
A5022644023,W3161014944,last
A5013691247,W3161591992,first
A5042683841,W3161938386,first
A5090400959,W3162317925,first
A5031290426,W3162544901,first
A5027156159,W3162836634,first
A5064002639,W3162836634,last
A5022457625,W3163158582,first
A5082557029,W3163314445,first
A5018167947,W3163314445,last
A5086810812,W3165035386,first
A5006576758,W3165308536,first
A5003416111,W3165767388,last
A5044544868,W3168113949,first
A5054385012,W3168113949,middle
A5048453541,W3168113949,last
A5033966208,W3169713520,first
A5032543777,W3170376071,first
A5089797194,W3170376071,middle
A5079757002,W3170376071,middle
A5018944119,W3170376071,last
A5026341306,W3171573297,first
A5000037532,W3171573297,middle
A5059819810,W3171573297,last
A5061151861,W3173239227,last
A5007074763,W3173508447,first
A5034061494,W3174188316,first
A5043287052,W3177131194,first
A5015086558,W3182313804,first
A5006082418,W3183519965,first
A5012919085,W3184163683,first
A5031424456,W3185667066,first
A5088410108,W3186298969,first
A5053116848,W3189461114,first
A5016416125,W3189821652,first
A5084665500,W3190035709,first
A5066345725,W3190035709,last
A5044528555,W3191448812,first
A5056482307,W3191448812,middle
A5048669520,W3191448812,last
A5069820567,W3191668879,first
A5087007601,W3192200663,first
A5016067477,W3192255712,first
A5054388070,W3192255712,last
A5021872235,W3192456552,first
A5052287475,W3193321391,first
A5065576608,W3193350848,first
A5062786685,W3193436436,first
A5054252986,W3194010450,last
A5006494576,W3194098247,first
A5072110183,W3194203098,first
A5085259867,W3194682896,first
A5016218862,W3194858243,first
A5051561723,W3195038095,first
A5038324680,W3195264325,first
A5040032556,W3196342748,first
A5018931412,W3197283146,first
A5026607137,W3197701866,first
A5000577025,W3197701866,last
A5091189502,W3197979581,first
A5069702452,W3197979581,last
A5004388759,W3198727761,first
A5059332839,W3199610564,first
A5025369451,W3199783319,first
A5028073912,W3199873586,first
A5008278786,W3199873586,middle
A5072222653,W3200588260,first
A5050852920,W3200715071,middle
A5019947674,W3202644524,first
A5037823914,W3204160987,first
A5061723535,W3204202941,first
A5010296051,W3205674586,first
A5075983291,W3205674586,middle
A5078345211,W3205674586,last
A5030456223,W3206472141,first
A5038476051,W3206472141,last
A5024091899,W3206938849,first
A5061782786,W3206938849,middle
A5007446175,W3206938849,middle
A5038380720,W3206938849,middle
A5052225367,W3206938849,middle
A5055111984,W3206938849,last
A5001693960,W3207083495,first
A5053261136,W3207083495,middle
A5077837597,W3207083495,last
A5024091899,W3207155446,first
A5061782786,W3207155446,middle
A5007446175,W3207155446,middle
A5038380720,W3207155446,middle
A5052225367,W3207155446,middle
A5055111984,W3207155446,last
A5000965220,W3207389516,first
A5056880615,W3208415666,first
A5059757804,W3208550692,middle
A5056078130,W3208647483,first
A5050377449,W3208691635,first
A5054797050,W3208734334,first
A5065837677,W3208734334,last
A5069920834,W3210281757,first
A5017781286,W3210667995,first
A5080607601,W3210667995,middle
A5037762972,W3210667995,last
A5054390222,W3211870751,last
A5000751233,W3211888416,last
A5002858527,W3212511690,first
A5050909872,W3212540349,first
A5007639805,W3213926804,first
A5076214858,W3214058016,first
A5000288793,W3216450099,first
A5010058559,W3216450099,middle
A5091180862,W3216450099,middle
A5013635993,W3216450099,middle
A5013025849,W3216450099,last
A5077182035,W347259659,first
A5051884721,W360363118,first
A5018338763,W360363118,last
A5024494276,W390942286,first
A5040863296,W398276130,first
A5084153650,W4205905465,first
A5088261260,W4205905465,middle
A5018375599,W4205905465,middle
A5011045028,W4205905465,middle
A5063227743,W4205905465,middle
A5056892202,W4205905465,middle
A5027862575,W4205905465,last
A5027156159,W4206078672,first
A5064002639,W4206078672,middle
A5005849526,W4206383696,first
A5039742693,W4206762583,first
A5021901258,W4206762583,middle
A5011521692,W4206762583,middle
A5032407315,W4206762583,last
A5006030692,W4206859289,middle
A5037816423,W4214941203,last
A5049475868,W4229614995,first
A5028762537,W4229714867,middle
A5013861626,W4229839024,first
A5030506701,W4230222587,first
A5060592685,W4230222587,last
A5004955754,W4230433429,middle
A5035816930,W4230583418,first
A5035466033,W4230583418,middle
A5047592841,W4230583418,last
A5037571534,W4231044318,last
A5054740621,W4231070291,first
A5078058679,W4231070291,last
A5039348290,W4231468010,first
A5075092293,W4231531630,last
A5028171384,W4231532614,first
A5079953468,W4231566138,first
A5014500880,W4231593620,first
A5033397269,W4231609487,first
A5019509861,W4231703356,first
A5038754332,W4231867102,first
A5065086706,W4231890260,first
A5088812981,W4231966206,first
A5005610054,W4232057920,first
A5010400463,W4232074249,first
A5034641763,W4232150707,first
A5075252209,W4232198134,first
A5089996439,W4232710892,first
A5074081869,W4232724009,first
A5015041746,W4232730009,first
A5037571534,W4232862920,last
A5078633097,W4232876124,first
A5007268087,W4233044063,first
A5086108041,W4233098103,first
A5012775344,W4233098103,last
A5028231204,W4233156081,first
A5066734954,W4233195025,first
A5052014007,W4233321680,first
A5039348290,W4233452798,first
A5038754332,W4233670370,first
A5019355486,W4233799707,first
A5047685878,W4233802656,first
A5074534441,W4233824943,first
A5049055839,W4233978305,first
A5032023065,W4233983685,first
A5054808675,W4234006103,first
A5001833084,W4234006103,last
A5014413697,W4234067497,first
A5037130457,W4234067497,last
A5067284113,W4234091820,first
A5084452891,W4234338327,first
A5074887428,W4234373031,first
A5043595448,W4234373031,middle
A5006652905,W4234373031,last
A5057658631,W4234493522,first
A5055500666,W4234646829,first
A5053889460,W4234955434,first
A5084281668,W4235270931,first
A5039348290,W4235278123,first
A5005936929,W4235341087,first
A5020482984,W4235443439,first
A5063446221,W4235766784,first
A5038754332,W4235771930,first
A5017269699,W4236208265,first
A5034968076,W4236249133,last
A5039348290,W4236307290,first
A5010067832,W4236366382,first
A5046475070,W4236527783,first
A5001668653,W4236782554,first
A5012536517,W4236795280,first
A5019509861,W4237005539,first
A5075092293,W4237212754,last
A5074534441,W4237567176,first
A5082773596,W4237644988,last
A5029559430,W4237740863,first
A5028177734,W4237741863,first
A5075640071,W4237966029,middle
A5040265291,W4237966029,middle
A5076829791,W4237966029,middle
A5057100747,W4237999475,first
A5071903732,W4238057233,first
A5005971159,W4238057233,middle
A5087814029,W4238114209,first
A5010708009,W4238277406,first
A5002039998,W4238439485,first
A5044469248,W4238527096,first
A5048855960,W4238579297,first
A5034462620,W4238656203,first
A5050112798,W4238656203,last
A5043651693,W4238871356,first
A5058725243,W4238871356,last
A5012772285,W4238910399,last
A5014329991,W4239109252,first
A5011307781,W4239152530,first
A5088267964,W4239603282,first
A5058698597,W4239815595,first
A5080892223,W4240014311,middle
A5042452579,W4240014311,middle
A5003084232,W4240014311,middle
A5091111184,W4240037714,first
A5075014721,W4240094335,first
A5051199777,W4240144654,first
A5051199777,W4240338953,first
A5000566033,W4240404195,first
A5091340136,W4240638111,first
A5067743538,W4240838379,middle
A5025250674,W4240838379,middle
A5047685878,W4241257491,first
A5047893446,W4241306133,first
A5032056508,W4241306133,middle
A5025474694,W4241306133,middle
A5066608996,W4241306133,last
A5023149101,W4241379367,middle
A5027366670,W4241445977,first
A5043831565,W4241555838,middle
A5030749351,W4241586988,first
A5077357100,W4241766760,first
A5008959531,W4241990111,first
A5037571534,W4242038437,last
A5044020782,W4242201839,first
A5022392851,W4242419505,first
A5052801389,W4242835555,middle
A5033298958,W4242928836,first
A5007210755,W4242988338,first
A5028703297,W4243227015,first
A5050946774,W4243244667,first
A5015886313,W4243245427,first
A5013304554,W4243423910,middle
A5063471945,W4243423910,middle
A5047893446,W4243758007,first
A5057515348,W4243758007,middle
A5025474694,W4243758007,middle
A5066608996,W4243758007,last
A5002171227,W4244073040,last
A5021520315,W4244357279,first
A5022459394,W4244357279,middle
A5052014007,W4244378738,first
A5088665937,W4244407676,first
A5058768233,W4244407676,middle
A5032928854,W4244407676,middle
A5027581501,W4244407676,last
A5039909995,W4244542424,first
A5030334025,W4244603749,last
A5032276006,W4244643673,first
A5025000908,W4244834604,first
A5021620793,W4245253701,first
A5039348290,W4245311515,first
A5039348290,W4245354429,first
A5010033316,W4245380363,middle
A5015167951,W4245559646,first
A5010033316,W4245870989,middle
A5057927701,W4245900994,first
A5029559430,W4245982066,first
A5024590179,W4246103321,first
A5036798684,W4246180381,first
A5011185444,W4246180381,last
A5082645155,W4246212524,first
A5000453966,W4246219616,first
A5003367528,W4246219616,last
A5028631384,W4246230226,first
A5089996439,W4246231848,first
A5053443627,W4246317742,first
A5076785459,W4246317742,last
A5056859585,W4246719125,first
A5072883087,W4246719125,middle
A5023574545,W4246719125,middle
A5039463595,W4246719125,last
A5075566300,W4246820951,first
A5013009407,W4246918260,first
A5012449597,W4246986587,first
A5012404045,W4247012422,first
A5086976067,W4247012422,last
A5041627571,W4247162326,first
A5084313902,W4247311307,first
A5028526661,W4247311307,middle
A5077116089,W4247400609,first
A5013009407,W4247439484,first
A5045565551,W4247462438,first
A5019906371,W4247462438,middle
A5079192313,W4247462438,last
A5065931982,W4247570419,first
A5015897265,W4247628966,first
A5034968076,W4247826630,last
A5010033316,W4247962965,middle
A5078195631,W4248124584,first
A5037558831,W4248280570,first
A5012449597,W4248478879,first
A5090690248,W4248520967,first
A5019355486,W4248568388,first
A5033298958,W4248575844,first
A5079588463,W4248623425,first
A5039348290,W4248668776,first
A5028171384,W4248679390,first
A5084281668,W4249002533,first
A5010845707,W4249071580,first
A5091608695,W4249071580,last
A5051199777,W4249737756,first
A5079342653,W4249829903,first
A5028703297,W4249987823,first
A5002695483,W4250028476,first
A5028703297,W4250237138,first
A5014886788,W4250403461,first
A5034968076,W4250473261,last
A5017922679,W4250508801,first
A5048698192,W4250794484,first
A5001986172,W4250794484,middle
A5005117665,W4250794484,last
A5077026648,W4250834699,last
A5081643763,W4250933519,first
A5049475868,W4251108567,first
A5034462620,W4251238868,first
A5050112798,W4251238868,last
A5019509861,W4251394831,first
A5004198858,W4251477896,first
A5089801184,W4251552374,first
A5045565551,W4251576196,first
A5019906371,W4251576196,middle
A5079192313,W4251576196,last
A5063547323,W4251663296,last
A5034462620,W4251775575,first
A5050112798,W4251775575,last
A5056475160,W4251875780,first
A5028231204,W4252145017,first
A5085284222,W4252228410,last
A5035962270,W4252540506,first
A5028145050,W4252540506,last
A5015897265,W4252566062,first
A5001668653,W4252781220,first
A5012536517,W4252894441,first
A5091387682,W4253071831,first
A5077328267,W4253147819,last
A5048448258,W4253156347,first
A5028703297,W4253508304,first
A5033298958,W4253708937,first
A5017922679,W4253811888,first
A5014909036,W4253820454,first
A5026351162,W4253851064,first
A5034968076,W4253898035,last
A5047895060,W4254065829,first
A5045565551,W4254456003,first
A5019906371,W4254456003,middle
A5079192313,W4254456003,last
A5086022540,W4254539614,first
A5017384631,W4254618310,first
A5037571534,W4254643643,last
A5052014007,W4254720724,first
A5033350754,W4254833307,first
A5027653263,W4254833307,last
A5052886544,W4255148443,first
A5070044992,W4255508378,first
A5080187138,W4255657459,last
A5029559430,W4255896626,first
A5013861626,W4255924078,first
A5047871627,W4256045025,first
A5052014007,W4256062782,first
A5074513022,W4256170068,first
A5000239534,W4256402885,first
A5022787031,W4256492017,first
A5078195631,W4256606601,first
A5030334025,W4256678344,last
A5043716892,W4285017924,first
A5017877687,W4285053035,first
A5027376400,W4285053035,last
A5003469648,W4288357271,first
A5076204770,W4288357271,middle
A5026240321,W4289105685,first
A5047963487,W4289143645,first
A5047963487,W4289143808,first
A5024005264,W4289219492,middle
A5054605178,W4289219492,middle
A5064669606,W4289300275,first
A5090741987,W4289304797,first
A5090741987,W4289305121,first
A5036793243,W4289421431,first
A5067180534,W4289421431,last
A5045260328,W4289440791,middle
A5050101853,W4289440791,middle
A5073261976,W4289440791,middle
A5079589122,W4289440791,middle
A5044141437,W4289440791,middle
A5054656590,W4289464348,first
A5031290426,W4289563530,first
A5047396175,W4289581341,first
A5019384559,W4289763638,first
A5024556694,W4291801915,first
A5058323326,W4291801915,middle
A5012189192,W4291801915,middle
A5018935948,W4291801915,middle
A5054297203,W4291801915,last
A5034469128,W4292068536,first
A5044686680,W4293256284,first
A5083546474,W4293278131,last
A5057560797,W4298191702,first
A5042087981,W4298199388,first
A5036763862,W4298297552,first
A5057150812,W4298297552,middle
A5064720940,W4298297552,last
A5088201292,W4298371359,first
A5030965539,W4298442612,first
A5042626028,W4299299923,last
A5045223251,W4299649040,first
A5044232910,W4299649040,middle
A5044475069,W4299649040,last
A5042626028,W4299662578,last
A5081231803,W4299945402,first
A5014118555,W4299945402,middle
A5075318719,W4299945402,last
A5043989022,W4300012591,first
A5044171839,W4300012591,middle
A5056324053,W4300012591,middle
A5009022005,W4300012591,middle
A5068065546,W4300012591,last
A5075781933,W4300136065,first
A5084281668,W4300421815,first
A5044453604,W4300494970,first
A5088884307,W4300494970,middle
A5055489124,W4300494970,last
A5056079279,W4300586218,first
A5036503167,W4300665212,first
A5070093758,W4300665212,middle
A5026988679,W4300665212,middle
A5089923187,W4300665212,middle
A5091474891,W4300665212,last
A5037166380,W4301936357,first
A5028407427,W4301936357,last
A5085235281,W4302126709,last
A5068643465,W4302310212,first
A5063196700,W4302310212,middle
A5008718829,W4302310212,last
A5042626028,W4302355285,last
A5076493100,W4302439823,first
A5053238873,W4302439823,middle
A5004221491,W4302439823,last
A5030965539,W4302551964,first
A5000083284,W4302793207,first
A5053823442,W4302793207,last
A5060722636,W4304207363,first
A5060722636,W4304688010,first
A5031290426,W4306293733,first
A5090036050,W4312067825,first
A5036868977,W4312067825,last
A5088568415,W4312603493,first
A5078910758,W4312603493,last
A5052724932,W4313829551,first
A5069292182,W4313829551,last
A5059479147,W4323791311,first
A5069276731,W4366761911,last
A5076380470,W4368252666,first
A5066022755,W4372060295,first
A5085902706,W4372060295,middle
A5001679987,W4372060295,last
A5035808622,W53273316,first
A5038565072,W568978483,first
A5052300296,W569384102,first
A5008046811,W569498708,first
A5051255092,W574763538,first
A5064627702,W582011389,first
A5063096281,W590950420,last
A5005101221,W599455660,first
A5049433883,W603421311,first
A5034218945,W612501502,first
A5040333990,W613483500,first
A5019086364,W623231428,first
A5039981280,W624559770,last
A5014854062,W632791933,first
A5013757589,W634079634,first
A5016778825,W640907563,middle
A5008776409,W640907563,last
A5061654970,W642400297,last
A5054653215,W644377170,first
A5035711999,W645239920,first
A5057041170,W655738502,last
A5074430969,W656067031,first
A5036142553,W657980420,last
A5016745853,W67357811,last
A5049015097,W777468465,middle
A5009233096,W872519116,first
A5039742565,W872519116,middle
A5020048778,W990354926,first
