src,tgt,position
A5009027337,W2797148637,first
A5038199341,W2076808107,first
A5016137188,W1517236425,first
A5045551068,W1517236425,middle
A5034957233,W1517236425,last
A5036593483,W1566187042,first
A5070023776,W302960100,first
A5017031238,W4206530644,first
A5069856068,W4206530644,last
A5073896055,W3128452405,first
A5060631616,W319207661,first
A5070095367,W319207661,middle
A5017652322,W319207661,last
A5006989512,W2045721448,first
A5001763022,W2974922583,first
A5023706999,W2974922583,middle
A5016073964,W2974922583,last
A5082776956,W4241788966,first
A5082429225,W1499788862,first
A5074093929,W3014650038,first
A5022860483,W3014650038,middle
A5047269552,W3014650038,last
A5021292869,W132283521,first
A5027686108,W132283521,last
A5012703845,W2462494186,first
A5082354765,W2462494186,last
A5037804822,W1504807586,first
A5024803432,W2304387544,first
A5043211393,W2304387544,middle
A5007922392,W2304387544,last
A5037339239,W3011423189,first
A5052922425,W3011423189,middle
A5030543825,W3011423189,last
A5074486419,W3158801913,first
A5031002895,W2908974255,first
A5032997049,W2908974255,middle
A5016794035,W2908974255,last
A5042544900,W3025638325,first
A5046096141,W1725369365,first
A5028329886,W4285707174,first
A5091272738,W4229641819,first
A5004857788,W4229641819,middle
A5089065417,W4229641819,last
A5079226639,W1548850187,first
A5036930517,W1563281071,first
A5065172367,W1563281071,last
A5043585155,W1517040068,first
A5059447967,W1517040068,last
A5008608861,W4206599219,first
A5001499305,W3013682536,first
A5062247805,W3013682536,last
A5047787744,W4211164456,first
A5035627933,W4211164456,middle
A5074815650,W4211164456,middle
A5028939608,W4211164456,middle
A5070868769,W4211164456,last
A5040469982,W3047680358,last
A5031996018,W3014713798,first
A5055416007,W1558625765,first
A5039457944,W1558625765,last
A5061617652,W4206339157,first
A5068894876,W172918197,first
A5053890837,W2982753834,first
A5051522702,W2982753834,middle
A5016132786,W2953798723,first
A5044228364,W2953798723,middle
A5004666840,W2953798723,middle
A5084306737,W2953798723,last
A5066960775,W4285722492,first
A5068882233,W4285722492,middle
A5015647255,W4285722492,last
A5082429225,W1880408395,first
A5051588553,W4255293521,first
A5024300982,W4211264357,first
A5039687135,W1608767397,first
A5009505287,W1608767397,last
A5049184990,W2165452540,first
A5066535902,W2165452540,last
A5031869815,W4211189291,first
A5014667779,W1479946730,first
A5044940414,W1479946730,middle
A5003799782,W1479946730,last
A5031910872,W3083698325,first
A5059723521,W3083698325,middle
A5035248263,W3083698325,middle
A5079252402,W3083698325,last
A5033094253,W4248301280,first
A5089260563,W2757291580,first
A5035860204,W2972856971,first
A5012809314,W2972856971,middle
A5085327004,W2972856971,last
A5087112265,W3202421880,first
A5012703845,W1557615392,first
A5065729711,W2107111416,last
A5053508392,W4229498285,first
A5010097254,W135331729,first
A5060050845,W4247579952,last
A5036740267,W2345974524,first
A5066069494,W2345974524,middle
A5080144598,W2345974524,last
A5079098245,W4230148240,first
A5015067771,W4230148240,middle
A5039781735,W4230148240,middle
A5049049580,W4230148240,last
A5044817499,W2943731141,last
A5028089542,W4205910419,first
A5051879845,W2609532991,first
A5083242590,W2609532991,middle
A5072558035,W2609532991,middle
A5016606943,W2609532991,last
A5053064852,W2158441930,first
A5087638723,W2049120794,last
A5028793301,W4238345321,first
A5032119888,W4238345321,last
A5021346979,W3000677638,first
A5053938061,W3000677638,middle
A5050099046,W3000677638,last
A5091500375,W3097556849,first
A5085067496,W3097556849,middle
A5063313173,W3097556849,last
A5056086147,W4229779219,first
A5070093758,W4229779219,middle
A5036503167,W4229779219,middle
A5089923187,W4229779219,last
A5019559411,W4232619139,first
A5015728115,W4232619139,last
A5005279285,W3011842539,first
A5024815120,W4211070031,first
A5045603108,W4241513149,first
A5048236318,W4285068309,first
A5090683554,W4285068309,middle
A5044946197,W4285068309,last
A5039107676,W1989751368,first
A5027303084,W3043750934,first
A5077554326,W3043750934,last
A5064383410,W2988930737,first
A5028799485,W2988930737,middle
A5038132985,W2988930737,middle
A5052772501,W2988930737,last
A5062946437,W2997253974,first
A5017716310,W2997253974,middle
A5016330764,W2997253974,middle
A5031138348,W2997253974,last
A5010606032,W3037829719,first
A5056253282,W608975221,first
A5005650700,W608975221,last
A5036922218,W3039641802,first
A5017600653,W3039641802,last
A5042488865,W3111451084,first
A5046605498,W4230942370,first
A5054776685,W4230942370,middle
A5048650003,W4230942370,last
A5089608099,W4240278190,middle
A5030789783,W4240278190,last
A5043742139,W4253472262,first
A5043758494,W641581014,first
A5050466935,W2987087830,first
A5042872489,W2987087830,middle
A5001189952,W2987087830,last
A5049829177,W3008862071,first
A5039205000,W3094982498,first
A5088135807,W3094982498,middle
A5021111688,W3094982498,last
A5039901252,W615271462,last
A5057612518,W3008309411,first
A5023550580,W3008309411,last
A5012720814,W3125712865,first
A5030821429,W3125712865,middle
A5076498667,W4237579934,first
A5045748246,W4211072535,first
A5085656370,W4249571512,first
A5016315238,W4249571512,last
A5014155376,W4256386016,last
A5012308850,W4285579170,first
A5061346888,W4285579170,last
A5080868349,W3094683468,middle
A5080393680,W3094683468,last
A5007201391,W4247087589,first
A5033473979,W4256327235,first
A5009771192,W4256327235,middle
A5061846947,W4256327235,last
A5064342876,W3081224875,first
A5026180361,W3081224875,middle
A5056969631,W3081224875,middle
A5004048723,W3081224875,last
A5085619360,W4230688794,first
A5083141026,W4230731325,first
A5067324209,W4285716180,first
A5066351389,W4300171661,first
A5047695560,W4300171661,middle
A5058307363,W4300171661,middle
A5024384625,W4300171661,last
A5053629394,W4205301195,first
A5015587020,W4243830291,first
A5052686664,W4243830291,middle
A5004213897,W4243830291,middle
A5078909305,W4243830291,middle
A5045016749,W4243830291,last
A5035908112,W2970871582,first
A5047922190,W2994347082,first
A5042913858,W2994347082,middle
A5016713725,W2994347082,middle
A5062547360,W2994347082,middle
A5027629530,W4240186874,first
A5007287967,W4240186874,last
A5063336422,W3028414831,first
A5037384838,W3004492086,first
A5018712863,W3004492086,last
A5001915865,W3107879346,first
A5016028290,W3107879346,middle
A5072178993,W3107879346,middle
A5007894431,W3107879346,middle
A5059102819,W3107879346,middle
A5061837862,W3107879346,middle
A5011692142,W3107879346,middle
A5050213001,W4240655440,first
A5081305138,W1577069471,first
A5045802198,W2963015369,first
A5046249714,W3039880972,first
A5016246712,W3039880972,last
A5009299240,W4211035090,first
A5047360962,W4242978755,first
A5034939930,W4242978755,middle
A5064869431,W4242978755,middle
A5049250210,W4242978755,middle
A5043371053,W4242978755,last
A5009938209,W1542201362,first
A5068573637,W3200115717,first
A5091671626,W3200115717,last
A5073923543,W4205500834,first
A5081706559,W1494135142,first
A5069192725,W1494135142,last
A5074753684,W1608313057,last
A5055008398,W2013366460,first
A5079193770,W2982580633,first
A5069501244,W2982580633,middle
A5033874315,W2982580633,middle
A5010522483,W2982580633,middle
A5034094338,W2982580633,middle
A5052603906,W2982580633,middle
A5075901752,W2982580633,middle
A5006658471,W2982580633,last
A5003253553,W3006080578,first
A5032997589,W3006080578,middle
A5032886673,W3006080578,last
A5030485362,W3094098325,first
A5050671822,W3094098325,last
A5041403630,W4238067451,first
A5048421483,W4242571817,first
A5006734834,W4242571817,last
A5048325407,W4251857164,first
A5069577168,W4251857164,middle
A5039553919,W4251857164,middle
A5039610520,W4251857164,last
A5049986671,W2489774184,first
A5051056050,W2489774184,last
A5001270995,W3003482450,first
A5064149356,W3003482450,last
A5047709045,W3014368292,first
A5005504727,W3014368292,last
A5060706588,W3024733286,first
A5047825950,W3024733286,last
A5048608411,W3025987286,first
A5089260563,W4211185538,first
A5014655114,W4244568042,first
A5060011738,W2953534268,first
A5056212950,W2953534268,middle
A5085197012,W2953534268,last
A5036375893,W3025029543,first
A5011975016,W3025029543,last
A5003039500,W4211219615,first
A5019973225,W4241166696,first
A5030925160,W4241166696,last
A5086510898,W3008792152,first
A5047580007,W3016960193,first
A5037620729,W3016960193,last
A5007400998,W3084813481,first
A5037457090,W3084813481,last
A5000062069,W3104810051,first
A5072027236,W3104810051,last
A5037102800,W3206387271,first
A5030551100,W4233908264,first
A5016484525,W4243897094,first
A5022095958,W4256582955,first
A5044091222,W2994625392,first
A5086009293,W2994625392,middle
A5064295920,W2994625392,middle
A5013370088,W2994625392,last
A5078478639,W2999870015,first
A5070660412,W3008251678,first
A5037853382,W3100553906,first
A5016375683,W4211241391,first
A5016399094,W4240391021,first
A5008843158,W4240391021,last
A5089112142,W4293278643,first
A5002842866,W4293278643,middle
A5050987183,W4293278643,middle
A5054952724,W4293278643,last
A5059351460,W1579508495,first
A5071917259,W2953547501,first
A5000787690,W2953547501,last
A5091500375,W2964156458,first
A5085067496,W2964156458,last
A5011775237,W2994614708,first
A5048973462,W2994614708,middle
A5073633386,W2994614708,last
A5050691990,W3006129348,first
A5005058553,W3006129348,middle
A5036840301,W3006129348,last
A5066844292,W3036976227,first
A5027417114,W3088218728,first
A5027850521,W3164694879,first
A5015278961,W4211177483,first
A5063265782,W4240752441,first
A5086695777,W4240752441,middle
A5041877336,W10124311,first
A5065878227,W3049052318,first
A5050636888,W3049052318,middle
A5088760121,W3049052318,last
A5027550691,W3111763185,first
A5058262411,W3111763185,last
A5058939368,W3214040895,first
A5082179994,W3214040895,last
A5003982643,W4242165794,first
A5058029021,W4248204905,first
A5027453687,W4248204905,middle
A5055446583,W1665777146,first
A5081397718,W1665777146,last
A5067657214,W2971953133,first
A5025106447,W2971953133,middle
A5089327351,W2971953133,middle
A5007361429,W2971953133,middle
A5006710481,W2971953133,last
A5061319881,W2996022021,first
A5048658341,W3004327159,last
A5080143897,W3013458522,last
A5005074165,W3199933490,last
A5017764759,W4210953624,last
A5002250184,W4212902066,first
A5043098453,W4212902066,middle
A5046448314,W4212902066,last
A5040568269,W4239820485,middle
A5009056549,W4239820485,last
A5026597269,W4241559774,first
A5080942074,W4247574165,first
A5090751288,W2996343483,first
A5066391548,W2996343483,middle
A5000624422,W2996343483,last
A5061682032,W2998505465,first
A5039180428,W2998505465,last
A5055660110,W2999880003,first
A5068768998,W3039832962,first
A5061908942,W3039832962,last
A5070025333,W3091281486,first
A5050410653,W3091281486,middle
A5039810279,W3091281486,middle
A5024581998,W3091281486,last
A5044989555,W3094304950,first
A5004181940,W4205653883,first
A5066098595,W4205653883,middle
A5035107880,W4205653883,middle
A5039019347,W4205653883,middle
A5090842450,W4205653883,middle
A5089609598,W4231102169,first
A5084296874,W4239595007,last
A5041711577,W4320801214,first
A5030391938,W4320801214,last
A5008484068,W609311161,first
A5062345880,W647248237,first
A5063184621,W1492301563,first
A5068831718,W1492301563,last
A5067688847,W1533100094,last
A5002154840,W2954057675,middle
A5032586510,W2954057675,last
A5069211289,W2969346007,first
A5080965007,W3027298723,first
A5032578396,W3027298723,middle
A5057538550,W3081898781,first
A5022699013,W3081898781,middle
A5078452051,W3081898781,middle
A5071681891,W3081898781,middle
A5065040154,W3081898781,middle
A5074216056,W3081898781,last
A5024107541,W3089341454,last
A5029763803,W3109028521,first
A5090934117,W4234009670,first
A5063639597,W4241156961,first
A5035919267,W4242664031,middle
A5091266202,W4242664031,middle
A5021590359,W4243136612,last
A5072729126,W4243859638,first
A5041813158,W4243859638,last
A5042916844,W4249684472,first
A5062036284,W1945349345,first
A5000506517,W2954449363,first
A5079450474,W2954449363,middle
A5007814653,W2954449363,last
A5021590630,W2998292233,first
A5083511107,W2998292233,middle
A5004206574,W2998292233,last
A5007992576,W3012121718,first
A5091266202,W3012121718,middle
A5022649488,W3012121718,middle
A5085560176,W3012121718,middle
A5042460024,W3012121718,last
A5015278961,W3013506520,first
A5052800617,W3038050321,first
A5077817630,W3104479411,first
A5071931582,W3104479411,middle
A5002294199,W3104479411,last
A5086950980,W3127900374,first
A5037622959,W4233437428,first
A5016865616,W4233437428,last
A5070049696,W4237440866,first
A5060999492,W4238022420,first
A5075826136,W4247224274,first
A5022485637,W4285711131,first
A5003200620,W4292156518,first
A5052671825,W4292156518,middle
A5047680302,W4292156518,middle
A5087391093,W651286165,first
A5082325811,W2035441080,last
A5029291290,W2124603257,first
A5063684561,W2146084249,first
A5032919897,W2146084249,middle
A5087542455,W2146084249,last
A5034036320,W2749473036,first
A5023864111,W2749473036,last
A5019922184,W2978822634,first
A5039781735,W3005129064,first
A5023539744,W3006178122,first
A5034893368,W3014354713,first
A5020249507,W3021982876,first
A5023384568,W3021982876,middle
A5035867976,W3021982876,last
A5053341177,W3025261211,first
A5033686677,W3025261211,middle
A5079307189,W3025261211,middle
A5035088568,W3025261211,middle
A5090197833,W3030896911,last
A5052922969,W3036111623,first
A5049548326,W3036111623,last
A5059882053,W3093556890,first
A5027797605,W3100961571,first
A5038000226,W3100961571,middle
A5061734257,W3100961571,last
A5068484674,W3112738669,middle
A5012403326,W3112738669,middle
A5089947531,W3117040724,first
A5034957065,W3117040724,middle
A5091323624,W3117040724,middle
A5002099862,W3117040724,middle
A5028574557,W3117040724,middle
A5029215323,W3117040724,middle
A5075668011,W3117040724,middle
A5027317977,W3117040724,middle
A5089444805,W3117040724,middle
A5042584066,W3117040724,middle
A5055689400,W3117040724,middle
A5078340555,W3117040724,last
A5017873450,W3174640738,first
A5045767808,W3174640738,middle
A5008897549,W3174640738,last
A5064523330,W4214894498,first
A5023183404,W4235724205,first
A5077971248,W4235724205,last
A5081327275,W4245811697,first
A5004886061,W4248204088,first
A5081406386,W4248204088,last
A5086526935,W4254075933,first
A5009674136,W2955975957,first
A5004783243,W2955975957,middle
A5023138124,W2955975957,middle
A5009085292,W2955975957,last
A5070995194,W2981515357,first
A5005837856,W2981515357,middle
A5035342520,W2981515357,last
A5022559166,W2981814898,first
A5091908304,W2994495787,first
A5014135635,W2997785538,first
A5088842870,W2997785538,middle
A5084333271,W2997785538,middle
A5025662485,W2997785538,middle
A5082032269,W2997785538,middle
A5032746152,W2997785538,last
A5082464861,W3016259784,first
A5017132748,W3016259784,middle
A5077747165,W3016259784,middle
A5025058941,W3016259784,last
A5066778920,W3017034177,first
A5019419996,W3020564988,first
A5071047366,W3020564988,middle
A5039464384,W3020564988,middle
A5049606008,W3026800966,last
A5035627933,W3033437051,middle
A5073839838,W3033437051,middle
A5003941679,W3033437051,middle
A5050154865,W3033437051,middle
A5086545515,W3033437051,last
A5062077940,W3037221947,first
A5041395889,W3037221947,middle
A5067046312,W3037221947,last
A5026990034,W3085820219,first
A5002528182,W3089716856,first
A5014379074,W3089716856,middle
A5049923911,W3089716856,last
A5078874851,W3089887403,first
A5046337437,W3106513132,first
A5005125538,W3106513132,middle
A5040147387,W3106513132,middle
A5088384986,W3106513132,last
A5020801861,W3126756129,middle
A5050728900,W3202790327,first
A5037451902,W3202790327,middle
A5073285394,W3202790327,last
A5031896681,W4214495955,first
A5009196125,W4214495955,last
A5050739558,W4236093732,first
A5077264510,W4242075348,last
A5085542421,W4243655891,first
A5053906818,W4243830762,middle
A5005741469,W4249778824,first
A5065221860,W4249778824,last
A5072797821,W4250953941,first
A5068761857,W569053917,first
A5060859546,W1479671302,first
A5055416007,W1502374828,first
A5040911847,W1502374828,last
A5082842381,W1662349443,first
A5073971388,W1978245767,first
A5054979488,W1978245767,middle
A5003200373,W1978245767,middle
A5063028120,W1978245767,last
A5002544391,W2073698183,first
A5012720554,W2294644325,first
A5025649497,W2294644325,middle
A5062033062,W2950127042,first
A5066983455,W2956084502,first
A5009747442,W2956084502,last
A5062756898,W2956153508,first
A5066621471,W2956153508,last
A5086558126,W2977408235,first
A5029999345,W2996558393,first
A5013198945,W2996558393,middle
A5065664393,W2996558393,middle
A5000179526,W2996558393,middle
A5066462569,W3007902803,first
A5084563518,W3007902803,middle
A5010807110,W3007902803,middle
A5080364245,W3007902803,middle
A5036373073,W3007902803,last
A5032158234,W3011316788,first
A5023729638,W3011316788,middle
A5080367267,W3032205881,first
A5072912301,W3032205881,last
A5054607181,W3035326538,first
A5062215861,W3035326538,middle
A5086053075,W3035326538,middle
A5064070864,W3035326538,middle
A5070661537,W3035326538,middle
A5049078134,W3035326538,last
A5048113718,W3038150854,first
A5055256443,W3049627139,first
A5056690478,W3049627139,middle
A5034642813,W3049627139,middle
A5012243761,W3049627139,last
A5074947894,W3081655661,first
A5035799727,W3081655661,middle
A5039640316,W3081655661,middle
A5031522109,W3081655661,last
A5019942520,W3082272861,first
A5070391903,W3083707106,first
A5052955169,W3083707106,middle
A5059196385,W3083707106,last
A5043026526,W3090257985,first
A5091500375,W3097132272,first
A5048560390,W3097132272,middle
A5023882029,W3097132272,last
A5042417199,W3108874946,first
A5015868116,W3108874946,last
A5086003466,W3159047234,first
A5015370317,W3170700382,first
A5081589234,W3170700382,last
A5067610354,W4211050732,first
A5044233387,W4211126863,first
A5004913523,W4232024331,first
A5077910569,W4232024331,middle
A5037929966,W4232024331,middle
A5059337980,W4232024331,middle
A5024386765,W4232024331,last
A5025074757,W4239741344,first
A5008462886,W4239741344,last
A5082805490,W4241450292,first
A5088177576,W4247370645,first
A5029269241,W4251136770,first
A5032086117,W4251525635,middle
A5066095735,W4251525635,last
A5000039831,W622702749,first
A5014236544,W1749997144,first
A5078328333,W2798746517,first
A5055163091,W2918921333,first
A5062305704,W2955927086,first
A5036684787,W2955927086,middle
A5068626745,W2955927086,last
A5080861830,W3003619843,middle
A5077138123,W3005166843,last
A5073524725,W3007034882,last
A5090641820,W3007461147,first
A5069242941,W3008046258,first
A5025122566,W3008046258,middle
A5085634615,W3008046258,last
A5005403451,W3010797867,first
A5024005463,W3010797867,middle
A5002855938,W3010797867,middle
A5006717690,W3010797867,last
A5049638450,W3033071521,first
A5030131254,W3033509244,first
A5037242988,W3038767685,first
A5081318069,W3038767685,last
A5046249714,W3040080951,first
A5016246712,W3040080951,last
A5001422310,W3044374521,first
A5024909557,W3047022772,first
A5027119999,W3093225372,first
A5046805836,W3093225372,last
A5024781859,W3093987892,first
A5046734130,W3093987892,last
A5008279485,W3095641900,first
A5025302097,W3095641900,middle
A5046407584,W3095641900,middle
A5038564949,W3095641900,middle
A5046239434,W3095641900,last
A5011449891,W3099854276,first
A5038522605,W3105630034,first
A5074540538,W3109650979,first
A5060878462,W3109650979,middle
A5051850054,W3109650979,middle
A5030433880,W3109650979,middle
A5003031729,W3109650979,last
A5020539256,W3138024475,first
A5053155811,W3138024475,middle
A5043114412,W3138024475,middle
A5043945029,W3138024475,last
A5019391650,W3157834150,first
A5035737339,W4211014789,first
A5031821299,W4211014789,last
A5029144226,W4213261332,last
A5040706121,W4230819290,first
A5062770206,W4230819290,middle
A5077896617,W4230819290,last
A5075248464,W4236275069,first
A5001173593,W4237665057,first
A5032965630,W4238554498,first
A5001365101,W4239718065,first
A5029060737,W4241524180,first
A5067555843,W4241524180,middle
A5070194221,W4241524180,last
A5078043213,W4244848413,first
A5033267761,W4244848413,last
A5005175756,W4245206299,first
A5044161924,W4245206299,middle
A5056883446,W4247277209,first
A5035193180,W4255816075,first
A5054092600,W4255925811,first
A5036373241,W4255925811,last
A5073951888,W4285713416,middle
A5023617868,W1457595313,first
A5035856213,W1457595313,last
A5047679407,W2154664465,first
A5012703845,W2154664465,last
A5067286417,W2309842600,middle
A5012697857,W2309842600,middle
A5048945622,W2309842600,last
A5073535390,W2920567028,middle
A5076987779,W2920567028,middle
A5014362364,W2924412125,first
A5036876854,W2953736210,first
A5062598192,W2953736210,last
A5036573895,W2954503386,first
A5003001715,W2955866047,first
A5077663448,W2955866047,last
A5019808431,W2964014318,first
A5089713497,W2964014318,middle
A5064137095,W2964014318,middle
A5000874360,W2964014318,last
A5057437879,W2970402034,first
A5072523018,W2990057654,first
A5076605128,W2990057654,middle
A5001739714,W2990057654,middle
A5091459774,W2990057654,last
A5073317294,W2992026314,first
A5082802791,W2992026314,last
A5015883703,W2999388646,first
A5011468493,W2999388646,last
A5087572406,W3014704122,first
A5090118631,W3014704122,last
A5061617652,W3015654899,first
A5085577015,W3018934956,middle
A5074059793,W3025280063,middle
A5010637807,W3025280063,last
A5020179436,W3028381722,middle
A5070663772,W3029262414,first
A5025918292,W3029262414,middle
A5027491673,W3029262414,middle
A5060943622,W3029262414,middle
A5079167062,W3029262414,last
A5023681135,W3032334140,first
A5002807220,W3032334140,last
A5057807898,W3035084314,middle
A5070393786,W3036630586,first
A5044138533,W3036630586,middle
A5058252389,W3036630586,last
A5000268019,W3080182532,first
A5044964238,W3082788671,first
A5088353529,W3082788671,middle
A5088400471,W3082788671,last
A5083214460,W3083378625,first
A5000637036,W3083378625,last
A5085011444,W3088731911,first
A5080044649,W3088731911,middle
A5084837357,W3088731911,last
A5055355687,W3097026186,first
A5034695211,W3097026186,last
A5018750754,W3098460066,first
A5070827675,W3105220695,first
A5076324559,W3105220695,last
A5085542421,W3107862810,first
A5052375102,W3128982411,first
A5069086233,W4205173774,first
A5074540538,W4205734914,first
A5000728948,W4205734914,middle
A5051850054,W4205734914,middle
A5030433880,W4205734914,middle
A5003031729,W4205734914,last
A5033718682,W4231972007,first
A5017356611,W4239116964,first
A5059180387,W4239663058,first
A5078814310,W4242616872,last
A5007521335,W4247487224,first
A5038276420,W4247978646,first
A5083324292,W4248304120,first
A5080409343,W4252250247,first
A5008445326,W4252250247,middle
A5082942970,W4252250247,middle
A5000975435,W4252250247,last
A5007830129,W4255926525,middle
A5064231378,W4255926525,last
A5049312755,W4285719420,first
A5029260213,W4285722717,first
A5023095072,W4285722717,middle
A5077630267,W4285722717,middle
A5042645593,W4285722717,middle
A5032634346,W4285722717,middle
A5018349566,W4285722717,middle
A5016547705,W4285722717,middle
A5066171121,W4285722717,last
A5067680521,W4285723604,first
A5005916659,W4285723604,middle
A5006664659,W4285723604,middle
A5001091619,W4285723604,last
A5046044890,W653473517,first
A5012703845,W1833734651,first
A5078525741,W1833734651,last
A5047517734,W2463567884,first
A5066753639,W2463567884,middle
A5042936176,W2463567884,last
A5056262105,W2791402825,first
A5027057380,W2791402825,last
A5086791812,W2894495332,first
A5032778798,W2947581258,first
A5032241029,W2947581258,middle
A5080272127,W2947581258,last
A5004206574,W2954661396,first
A5044149688,W2955958111,first
A5032706099,W2955958111,middle
A5019717997,W2955958111,middle
A5000355426,W2955958111,last
A5085432173,W2965488396,first
A5059313873,W2965488396,middle
A5049446003,W2965488396,middle
A5037470010,W2965488396,last
A5031692714,W2983570769,first
A5034253968,W2983570769,last
A5050337915,W2994891834,first
A5059171581,W2994891834,middle
A5056512471,W2994891834,middle
A5060778711,W2994891834,middle
A5065716990,W2994891834,last
A5006712350,W3004109885,first
A5057014407,W3004109885,middle
A5030673462,W3004109885,last
A5042824121,W3007171253,first
A5028513376,W3007396567,first
A5022020359,W3007396567,last
A5026850320,W3008044703,middle
A5044399096,W3010422676,first
A5015908369,W3010422676,middle
A5053513652,W3010422676,middle
A5089102147,W3010422676,middle
A5050739558,W3010945612,first
A5022617601,W3015026986,first
A5025097632,W3015026986,last
A5075957528,W3018204635,first
A5012986483,W3021947890,first
A5080240262,W3021947890,last
A5051733068,W3024325434,first
A5075334970,W3024325434,last
A5070896564,W3033164055,first
A5021752135,W3042474472,first
A5015126506,W3044899639,first
A5086261260,W3046393833,first
A5049616413,W3083667023,last
A5004186327,W3091748753,middle
A5031896681,W3094596744,first
A5009196125,W3094596744,last
A5053432028,W3096002741,first
A5018293076,W3096002741,last
A5070988819,W3111251285,first
A5069136633,W3134920225,first
A5081169504,W3134920225,middle
A5033425045,W3155271018,first
A5015956396,W3155271018,last
A5051946879,W4211202360,first
A5025745894,W4211236943,first
A5043084209,W4211236943,middle
A5011959346,W4211236943,last
A5086109092,W4229598638,first
A5063231461,W4229598638,middle
A5064585036,W4229598638,middle
A5020629689,W4229598638,last
A5083099005,W4231491657,first
A5078474241,W4233135164,last
A5043681427,W4233335179,first
A5037970252,W4233723814,last
A5069573186,W4235642477,first
A5043744703,W4237751866,first
A5078761250,W4237751866,last
A5046532358,W4240409968,first
A5088796666,W4240409968,middle
A5090724883,W4240409968,middle
A5083390916,W4240409968,middle
A5033753132,W4240409968,last
A5064048318,W4248543713,first
A5036171512,W4248586372,first
A5001242576,W4251176406,first
A5037175344,W4252216444,first
A5035270195,W4255247919,first
A5013078154,W4255247919,middle
A5075513915,W4255247919,middle
A5049605606,W4255247919,middle
A5017581901,W4255247919,last
A5016249688,W4256307190,first
A5048758163,W4256307190,last
A5059602361,W4293118117,middle
A5090107273,W4293118117,middle
A5053234630,W4293118117,middle
A5080800965,W4293118117,middle
A5074371899,W4293118117,middle
A5062945520,W4293118117,middle
A5069062966,W4293118117,middle
A5039009058,W4293118117,last
A5071765665,W624341773,first
A5061739921,W624341773,middle
A5078601310,W624341773,last
A5003531216,W1510170091,first
A5058001962,W1510170091,middle
A5066882379,W1510170091,last
A5039043086,W179342210,first
A5059751712,W2141144809,last
A5024999273,W2252590973,last
A5081225059,W2417480491,last
A5062103852,W2953936845,first
A5026028393,W2953936845,middle
A5052744028,W2955260520,first
A5035342520,W2955260520,last
A5069590205,W2955360971,first
A5068664074,W2955360971,middle
A5012210701,W2955360971,middle
A5032499810,W2984375935,first
A5031797939,W2984375935,middle
A5087093169,W2984375935,middle
A5058662444,W2984375935,last
A5006271882,W2989291995,first
A5071282606,W2989291995,middle
A5043116097,W2989291995,middle
A5020057271,W2989291995,last
A5025435257,W2991362642,first
A5016080427,W3000238643,first
A5018840266,W3002900920,first
A5025555145,W3002900920,last
A5021969767,W3004623993,first
A5031835546,W3012426849,first
A5062453217,W3012426849,middle
A5018926238,W3012426849,last
A5039659947,W3015646168,first
A5018700487,W3015646168,last
A5072689210,W3017652267,first
A5044747365,W3017652267,middle
A5076780322,W3017652267,middle
A5050745579,W3017652267,middle
A5076337822,W3017652267,last
A5005656326,W3023228983,first
A5006599181,W3024398517,middle
A5074226700,W3029945580,first
A5071924020,W3029945580,middle
A5007393222,W3029945580,middle
A5012980516,W3029945580,middle
A5047871627,W3029945580,last
A5054998387,W3031635909,first
A5056543056,W3031635909,middle
A5030935001,W3031635909,last
A5041866046,W3033322384,first
A5049498129,W3036385891,first
A5040894926,W3036385891,middle
A5079587319,W3036385891,last
A5072104268,W3037396094,middle
A5039732648,W3037396094,middle
A5084171221,W3037396094,middle
A5044332089,W3037396094,last
A5031401755,W3049050008,first
A5014799100,W3049050008,middle
A5061061546,W3083025309,first
A5058502832,W3083025309,last
A5071908018,W3083371734,middle
A5004307805,W3083371734,middle
A5059886784,W3083371734,middle
A5022594665,W3090430838,first
A5078659661,W3097065825,first
A5008583848,W3097948679,first
A5014654464,W3097948679,last
A5084837357,W3108761828,first
A5078176771,W3108761828,last
A5067631932,W3109369045,first
A5036777432,W3109369045,last
A5005720687,W3109688857,middle
A5054258238,W3109688857,last
A5060779928,W3122917670,first
A5054924244,W3122917670,last
A5066161993,W3128720661,first
A5039341855,W3128720661,middle
A5086422507,W3128720661,middle
A5035737339,W3134588108,first
A5031821299,W3134588108,last
A5056651599,W3141434166,middle
A5048260722,W3188232639,first
A5050663897,W4211069164,first
A5031342394,W4233155192,first
A5038976846,W4233155192,last
A5081576052,W4234412917,first
A5063708250,W4237931157,first
A5070728314,W4237931157,middle
A5022262073,W4237931157,middle
A5019187286,W4237931157,middle
A5022718926,W4237931157,middle
A5079112003,W4237931157,middle
A5077575411,W4237931157,middle
A5056251421,W4237931157,middle
A5042694477,W4237931157,last
A5066180497,W4238719444,first
A5051230082,W4240203372,first
A5039489255,W4242597101,first
A5039128929,W4242929830,last
A5042857459,W4246117359,first
A5070060702,W4248986968,first
A5051297402,W4248986968,last
A5043674709,W4249175976,middle
A5058368955,W4249175976,last
A5004850710,W4250514935,first
A5085293486,W4250514935,last
A5074727563,W4251435834,first
A5037831741,W4251617500,first
A5065073668,W4251617500,last
A5047831795,W4252823769,first
A5054987322,W4252823769,middle
A5055314556,W4253158671,first
A5065815764,W4254010724,first
A5008755580,W4254010724,middle
A5005339839,W4254010724,last
A5086535593,W4255987477,first
A5065505847,W4285724544,first
A5064700461,W643613672,first
A5085942072,W652085867,first
A5061879658,W652085867,last
A5076475743,W1994875144,first
A5088241503,W1994875144,last
A5059245460,W1995510248,last
A5004433252,W2074109476,middle
A5015975636,W2074109476,middle
A5004491725,W2074109476,middle
A5074740068,W2074109476,middle
A5066973798,W2074109476,middle
A5049580247,W2074109476,middle
A5038041060,W2413102523,first
A5063307502,W2490210781,first
A5001124548,W2754568205,first
A5091756520,W2754568205,last
A5060313861,W2891883956,first
A5003674186,W2891883956,last
A5022543590,W2915318697,first
A5049410873,W2915318697,last
A5041685067,W2954839911,first
A5017841865,W2966953451,first
A5033985539,W2966953451,middle
A5020878841,W2970733386,first
A5007639805,W2970733386,last
A5083343621,W2975365937,first
A5032706099,W2975365937,last
A5000907177,W2984141200,first
A5028120832,W2996754009,middle
A5084566253,W2998461615,first
A5014215318,W2998461615,middle
A5028155146,W2998461615,middle
A5057247807,W2998461615,last
A5058475600,W3000911431,first
A5019559411,W3004523911,first
A5015728115,W3004523911,last
A5037636060,W3012207768,first
A5038584158,W3012207768,last
A5008598171,W3013162197,first
A5010367674,W3013162197,last
A5013870008,W3014521657,last
A5019907526,W3016166457,middle
A5074270481,W3017245777,first
A5047576329,W3019443080,middle
A5031115969,W3023384797,first
A5091262078,W3038284234,first
A5028936264,W3038552280,first
A5053781299,W3038552280,middle
A5003086301,W3038552280,last
A5047871549,W3042797956,first
A5063116316,W3042797956,middle
A5008260426,W3042797956,middle
A5029746953,W3042797956,middle
A5060686448,W3042797956,last
A5079988028,W3042847294,first
A5084256353,W3042847294,middle
A5035822841,W3042847294,middle
A5061429955,W3042847294,last
A5001185980,W3044627099,first
A5067610915,W3044627099,last
A5014495113,W3045296623,first
A5019597653,W3045582458,first
A5073619925,W3045582458,middle
A5018014670,W3045582458,last
A5076270155,W3048407961,first
A5011033516,W3054269020,first
A5032231503,W3086015676,first
A5081839926,W3086015676,middle
A5060026407,W3086015676,last
A5090506206,W3091903245,first
A5073605485,W3091903245,last
A5056420801,W3092611431,last
A5044025100,W3092640956,first
A5010597745,W3092640956,last
A5004831479,W3096384574,first
A5071548729,W3103051324,first
A5060091515,W3108125187,first
A5032562568,W3108262308,first
A5061227594,W3108459690,first
A5055252458,W3108459690,middle
A5035207753,W3108459690,middle
A5075906727,W3108459690,middle
A5010851725,W3108459690,last
A5063249982,W3110414076,first
A5016466584,W3110414076,middle
A5077268900,W3110414076,last
A5002204160,W3111937826,first
A5057554474,W3112526684,last
A5005967060,W3115568233,first
A5038325926,W3115568233,middle
A5060806484,W3115568233,last
A5055883574,W3165779843,middle
A5024909213,W3165779843,last
A5017892838,W31852407,first
A5085126018,W3212838766,last
A5070393786,W4205796754,first
A5044138533,W4205796754,middle
A5058252389,W4205796754,last
A5057794930,W4230597279,first
A5040136820,W4230619800,first
A5066684090,W4230619800,middle
A5049896579,W4230619800,last
A5035681709,W4231681542,first
A5089554340,W4233251844,first
A5076394591,W4235049310,first
A5071592295,W4236310593,first
A5028234987,W4239498517,first
A5032241746,W4239498517,last
A5016451627,W4240410374,first
A5030699864,W4241421037,first
A5061884304,W4241421037,middle
A5086308371,W4241727305,first
A5020600362,W4241727305,last
A5056618593,W4243163375,middle
A5020769867,W4243163375,middle
A5006580822,W4243163375,last
A5023028608,W4246222894,first
A5002571252,W4246222894,last
A5059156106,W4247705121,first
A5022193251,W4247705121,last
A5038514283,W4248277008,first
A5021226854,W4248277008,middle
A5007809905,W4248277008,middle
A5027063601,W4248277008,last
A5064525032,W4248404313,middle
A5026121933,W4248404313,middle
A5031863772,W4248404313,last
A5066979057,W4251973694,first
A5086392501,W4254765761,first
A5065148077,W4285722849,first
A5031940626,W4285722849,middle
A5031439294,W4285722849,last
A5009236677,W4299353453,first
A5051517962,W4312926669,first
A5035304721,W565751832,first
A5047363954,W607331461,last
A5017675199,W614226114,first
A5032580070,W614226114,last
A5066154345,W628190200,first
A5065138538,W1502867284,middle
A5043472203,W1567966396,first
A5078525741,W2098708840,first
A5012703845,W2098708840,last
A5062776546,W2294429373,first
A5046190658,W2498485460,first
A5079673409,W2550421111,first
A5090267006,W2554481337,first
A5049783208,W2674774707,first
A5005278470,W2674774707,middle
A5043042273,W2674774707,middle
A5008896099,W2674774707,last
A5060244353,W2887987073,last
A5046852526,W2955502522,first
A5024708104,W2956121474,first
A5018438088,W2956121474,last
A5089425067,W2969644925,first
A5051297830,W2969644925,middle
A5068604294,W2969644925,last
A5045370832,W2969851030,first
A5077082060,W2971661637,first
A5085074493,W2973016041,first
A5041591830,W2980440559,first
A5087680636,W2980440559,last
A5081589852,W2998704733,first
A5078321754,W3001770783,first
A5060132124,W3001770783,middle
A5087542455,W3007603349,first
A5065751714,W3007603349,middle
A5080691948,W3007603349,last
A5007171832,W3012200841,first
A5063368737,W3012200841,last
A5067680521,W3012333460,first
A5005916659,W3012333460,middle
A5006664659,W3012333460,middle
A5001091619,W3012333460,last
A5059826957,W3012559331,last
A5022129791,W3013908480,first
A5003087073,W3013908480,last
A5045200694,W3014136459,first
A5019533639,W3014252101,first
A5041102285,W3014252101,last
A5036184770,W3015027414,first
A5045554497,W3015027414,middle
A5047071972,W3015027414,middle
A5026685411,W3015027414,last
A5063317976,W3017089344,last
A5073923543,W3021769822,first
A5049828378,W3025083039,last
A5078581234,W3025153755,middle
A5013560471,W3025153755,last
A5045748246,W3028901943,first
A5082776956,W3029167940,first
A5000580267,W3032957018,middle
A5050419536,W3032957018,middle
A5073520045,W3032957018,middle
A5070424516,W3032957018,last
A5077817630,W3033802587,first
A5071931582,W3033802587,middle
A5002294199,W3033802587,last
A5022840676,W3035284792,first
A5022840676,W3035284792,last
A5003180965,W3035928156,middle
A5057839774,W3035928156,middle
A5048743034,W3035928156,middle
A5064649404,W3035928156,last
A5085675866,W3036418407,first
A5080443010,W3037277093,last
A5078729568,W3037308746,first
A5064937361,W3037308746,middle
A5076073427,W3037308746,last
A5090180638,W3042105095,first
A5085577015,W3042105095,middle
A5005376765,W3042105095,middle
A5089102147,W3042105095,middle
A5033777007,W3042105095,last
A5012543243,W3042604963,last
A5014413697,W3043912306,first
A5019693703,W3080214531,first
A5010578654,W3083750329,first
A5050627433,W3083750329,last
A5016258462,W3083861493,first
A5033986386,W3083861493,middle
A5076890403,W3083861493,middle
A5068195954,W3083861493,middle
A5045819127,W3083861493,middle
A5009430788,W3083861493,middle
A5025996185,W3083861493,last
A5016945377,W3094076402,middle
A5017235648,W3094076402,last
A5058918990,W3107010011,first
A5079782678,W3107010011,middle
A5033071006,W3107010011,last
A5010972337,W3113793834,first
A5033061833,W3113793834,middle
A5090535601,W3119257295,first
A5063764379,W3119257295,middle
A5004011403,W3119257295,last
A5026607511,W3136394745,last
A5024554540,W3199464281,last
A5070337913,W3201901893,first
A5084207051,W3201901893,last
A5051787571,W3211637101,first
A5024199099,W4229668843,first
A5059338634,W4230809180,first
A5054788284,W4231459476,middle
A5066541430,W4231459476,last
A5047096845,W4231540307,first
A5015302853,W4231540307,last
A5043903704,W4233201347,first
A5029942290,W4233349397,middle
A5021958904,W4235562028,first
A5047074817,W4239765502,first
A5078159829,W4240972725,first
A5049251656,W4240972725,middle
A5078159829,W4240972725,middle
A5067046312,W4244299687,first
A5040120960,W4244299687,last
A5010473826,W4244301141,first
A5073239212,W4248160846,first
A5032586510,W4248160846,middle
A5076087744,W4250599107,first
A5059040421,W4250753919,first
A5055762132,W4250753919,last
A5075435196,W4251430431,first
A5031706392,W4253471840,first
A5028595842,W4255917747,first
A5043414194,W4255917747,middle
A5035992651,W4255917747,last
A5032878892,W4285670398,first
A5044129236,W4285711175,first
A5046472188,W4285711175,last
A5002347804,W4285719121,first
A5073679218,W4288080166,first
A5051942370,W4288080166,middle
A5018851970,W4288080166,middle
A5018207993,W4288080166,last
A5021357444,W617176331,first
A5062159741,W1507368561,first
A5073589234,W2082173067,first
A5031705516,W2415206640,middle
A5073967505,W2415206640,last
A5084015848,W2580319959,first
A5037853382,W2783176820,first
A5035249544,W2783176820,middle
A5005815334,W2897006985,first
A5034279244,W2897006985,middle
A5070734452,W2899264638,first
A5070470270,W2953543235,middle
A5072886993,W2953543235,middle
A5058948943,W2953543235,last
A5026176583,W2957307724,last
A5080709604,W2965015061,first
A5060198976,W2965015061,last
A5012199979,W2971097838,first
A5091500375,W2971097838,last
A5016407219,W2971315264,first
A5016407219,W2971315264,middle
A5052258870,W2971426847,first
A5047787744,W2971774262,first
A5035627933,W2971774262,middle
A5074815650,W2971774262,middle
A5028939608,W2971774262,middle
A5070868769,W2971774262,last
A5053508392,W2974975595,first
A5004311028,W2975142467,middle
A5050720523,W2979412848,first
A5049158053,W2980029747,first
A5064204574,W2980029747,middle
A5034900636,W2980029747,middle
A5042417097,W2980029747,last
A5044236058,W2987762170,first
A5008214065,W2987762170,last
A5000924049,W2993153050,first
A5075302608,W2996727914,middle
A5024815120,W2997833325,first
A5014706265,W3000444223,first
A5078678738,W3002601975,first
A5040391431,W3003750576,first
A5047567173,W3004711329,first
A5055814180,W3004711329,last
A5037643513,W3008327148,first
A5091037833,W3008327148,middle
A5090199406,W3008327148,last
A5081786718,W3008703074,first
A5000457341,W3008703074,middle
A5065748495,W3008703074,middle
A5048552375,W3009195066,first
A5032231503,W3009195066,middle
A5063652162,W3009195066,middle
A5087470453,W3009195066,middle
A5038437071,W3009195066,middle
A5007255618,W3009195066,middle
A5063760399,W3009195066,middle
A5025917688,W3009195066,last
A5021084634,W3010299319,first
A5044242329,W3010299319,middle
A5051254575,W3010299319,last
A5069211289,W3011115068,first
A5009085292,W3011865185,first
A5015332870,W3013011968,first
A5070517688,W3013011968,last
A5011494919,W3013153495,first
A5069255366,W3013412828,first
A5061536058,W3013412828,last
A5007777790,W3013531464,first
A5078043213,W3014882292,first
A5033267761,W3014882292,last
A5065056581,W3015562317,first
A5084644420,W3015562317,middle
A5006320257,W3015562317,middle
A5001713925,W3015562317,last
A5022941193,W3018838800,first
A5026495223,W3018838800,last
A5015181388,W3022388312,last
A5016135987,W3023699917,first
A5045740283,W3026787766,first
A5057307167,W3033545373,first
A5057620433,W3033545373,middle
A5024926572,W3037528485,first
A5039120890,W3041349063,first
A5016780175,W3041349063,middle
A5038421917,W3041349063,last
A5031895959,W3042412978,middle
A5016798703,W3042412978,middle
A5059925222,W3042412978,middle
A5065553523,W3042412978,middle
A5036501911,W3042831453,last
A5039402094,W3043179610,first
A5008694652,W3043179610,last
A5059698576,W3046215709,first
A5016736772,W3046215709,middle
A5068362474,W3046215709,middle
A5081349938,W3046215709,last
A5082617377,W3046492944,first
A5053795584,W3046492944,middle
A5085427211,W3046492944,middle
A5041711577,W3047148837,first
A5030391938,W3047148837,last
A5062088583,W3080687305,first
A5030158771,W3088308134,first
A5003780747,W3088308134,last
A5004072574,W3088539072,first
A5065665579,W3088539072,middle
A5083888702,W3088539072,middle
A5004181940,W3089101319,first
A5066098595,W3089101319,middle
A5035107880,W3089101319,middle
A5039019347,W3089101319,middle
A5090842450,W3089101319,middle
A5084629040,W3089402454,last
A5009806341,W3090195204,last
A5091782158,W3091768523,first
A5090167516,W3091768523,middle
A5085170627,W3091768523,middle
A5080350689,W3091768523,last
A5087944559,W3095314437,first
A5017397719,W3095314437,middle
A5083549815,W3095314437,middle
A5041370597,W3095314437,middle
A5007393797,W3095314437,last
A5055688717,W3096678079,middle
A5070709628,W3097523200,first
A5012980516,W3097581714,middle
A5004186327,W3097581714,last
A5059483439,W3098014239,middle
A5023739887,W3098014239,middle
A5083706779,W3098014239,last
A5008309486,W3100535814,middle
A5011449891,W3100535814,middle
A5067603088,W3100986609,first
A5088177576,W3101052365,first
A5072152949,W3101253806,first
A5031880355,W3101253806,last
A5002913065,W3101256992,first
A5040301558,W3102740879,first
A5015440501,W3102740879,last
A5017065683,W3105927595,first
A5052352119,W3109544720,first
A5035417484,W3110940112,first
A5068447696,W3110983064,first
A5028605138,W3110983064,middle
A5021788449,W3110983064,last
A5012221966,W3116857048,first
A5008196853,W3116857048,last
A5075722117,W3120718057,first
A5084589881,W3120718626,first
A5002135733,W3120718626,last
A5017175344,W3129385364,middle
A5052511809,W3129385364,last
A5041801887,W3156959133,last
A5014438135,W3159807469,first
A5086689025,W3159807469,middle
A5075394907,W3159807469,last
A5002146004,W3172319782,first
A5024959395,W3172319782,last
A5084786308,W3193793166,first
A5072696337,W3194540041,first
A5005837856,W3194540041,middle
A5020781131,W3194540041,middle
A5058341815,W3194540041,middle
A5040098270,W3194540041,last
A5083763432,W3195118390,first
A5072383024,W3196575828,first
A5028165274,W3199329987,first
A5077853351,W3206665620,first
A5090936531,W3211210656,first
A5039533501,W3211210656,middle
A5024495208,W3211210656,last
A5010506204,W3213430527,first
A5013833021,W3213430527,last
A5066946108,W3214201676,first
A5024781859,W3214201676,last
A5012368267,W3216878233,first
A5085903884,W3216878233,middle
A5089808068,W3216878233,middle
A5076711458,W3216878233,last
A5041272001,W4205871136,last
A5078241489,W4206155452,first
A5041232755,W4206155452,last
A5015673023,W4206436866,first
A5051565479,W4206436866,middle
A5069094205,W4206436866,last
A5084035589,W4206437858,first
A5089758511,W4206437858,last
A5084955075,W4206450572,first
A5087163822,W4206450572,middle
A5042594650,W4206450572,middle
A5089121883,W4206450572,middle
A5047087184,W4206450572,last
A5032077769,W4211205509,first
A5090783742,W4229595904,first
A5012738272,W4230295803,first
A5036187468,W4230524863,first
A5065559600,W4230524863,last
A5015354859,W4230642373,middle
A5042993096,W4231286630,first
A5049986549,W4231286630,middle
A5065087920,W4232060426,first
A5043316923,W4232923267,first
A5031380599,W4232923267,middle
A5000442608,W4232923267,middle
A5008608144,W4232923267,middle
A5015634640,W4232923267,middle
A5000538661,W4232923267,last
A5051782396,W4234148212,first
A5089589491,W4234148212,middle
A5049308431,W4234476649,first
A5016489216,W4234905608,first
A5063408427,W4239125058,first
A5037843564,W4240277640,last
A5077536927,W4240532022,first
A5081090445,W4240534229,last
A5086573997,W4240603691,first
A5000632512,W4241550134,first
A5051512822,W4242583863,last
A5079171037,W4243238426,first
A5044232674,W4243238426,last
A5034657358,W4243393140,first
A5064355276,W4243393140,middle
A5043499130,W4243393140,middle
A5083435816,W4243393140,last
A5052315816,W4244003796,first
A5058861950,W4246834955,first
A5033585021,W4246834955,middle
A5018051274,W4246834955,last
A5073956678,W4247992784,first
A5089479529,W4247992784,middle
A5028727536,W4247992784,last
A5059317886,W4249176248,middle
A5012799323,W4249176248,last
A5004998484,W4249586831,first
A5050370239,W4249586831,middle
A5067067102,W4249586831,last
A5027563415,W4250733036,first
A5035031795,W4254039657,first
A5030517819,W4254397615,first
A5010470394,W4254829941,last
A5051886815,W4256149070,first
A5090632526,W4256253934,first
A5037506373,W4256253934,last
A5083777501,W4256690672,first
A5005968265,W4285618280,first
A5010279125,W4285712699,first
A5075051974,W4285712821,first
A5029281241,W4285712821,middle
A5048145278,W4285712821,middle
A5087470453,W4285712821,last
A5053661846,W4285719083,first
A5042858034,W4285721448,middle
A5083548477,W4288084056,first
A5036960755,W4288084056,middle
A5052268164,W4288084056,middle
A5091180862,W4288084056,last
A5051627642,W574538041,first
A5018594944,W1490049127,last
A5012703845,W1515682028,first
A5040241426,W1561312746,first
A5023518835,W2030034994,first
A5011977189,W2060934436,first
A5062807811,W2343181316,last
A5004160730,W2403158214,first
A5052729092,W2549431875,first
A5040125978,W2549431875,middle
A5087343702,W2549431875,middle
A5016595609,W2549431875,last
A5009383125,W2562289693,last
A5030749351,W2724428718,first
A5039003215,W2724428718,last
A5027464929,W2756313062,first
A5051323256,W2805113821,first
A5010746519,W2900077556,first
A5063815769,W2906270833,first
A5044566270,W2921350103,last
A5083068075,W2951297298,first
A5020005266,W2951297298,last
A5004967317,W2954949857,first
A5052369892,W2955712536,first
A5091711243,W2955712536,last
A5074260760,W2972176202,first
A5009633977,W2972864945,middle
A5002340602,W2973134977,middle
A5070842573,W2973134977,middle
A5041024203,W2980871276,first
A5000541179,W2981965015,first
A5072789298,W2981965015,middle
A5059728494,W2981965015,middle
A5080513377,W2981965015,middle
A5023502749,W2981965015,middle
A5036954210,W2981965015,last
A5091616977,W2982165195,first
A5076352077,W2982165195,middle
A5018236254,W2982165195,middle
A5037420527,W2982165195,last
A5088742665,W2985349608,first
A5054922583,W2985349608,last
A5014816172,W2988536161,middle
A5064240230,W2988536161,middle
A5018318136,W2988536161,last
A5006618176,W2991753561,first
A5002791096,W2991753561,last
A5068584095,W2992692332,first
A5085392023,W2992692332,middle
A5056666039,W2992692332,middle
A5063795467,W2992692332,middle
A5051155194,W2992692332,middle
A5019771257,W2992692332,middle
A5025795123,W2992692332,middle
A5023309372,W2992692332,middle
A5056823448,W2992692332,middle
A5019353050,W2992692332,middle
A5060406837,W2992692332,middle
A5046757661,W2992692332,middle
A5037332330,W2992692332,middle
A5028554483,W2992692332,middle
A5065802613,W2992692332,middle
A5039110156,W2992692332,middle
A5055961987,W2992692332,middle
A5045939352,W2992692332,middle
A5062930016,W2992692332,middle
A5073446227,W2992692332,middle
A5018828493,W2992692332,middle
A5042142708,W2992692332,middle
A5001352986,W2992692332,middle
A5042307069,W2992692332,middle
A5073108683,W2992692332,middle
A5009024151,W2992692332,middle
A5080110419,W2992692332,middle
A5061655577,W2993874256,first
A5057717738,W2995523597,first
A5042659370,W2996062104,first
A5006125158,W2997427284,first
A5002723662,W2997427284,middle
A5086031723,W2997427284,middle
A5088539840,W2997427284,middle
A5065682719,W2997427284,last
A5033380454,W2997877859,first
A5074735450,W2998609031,first
A5039296097,W2998609031,middle
A5091624917,W2998609031,middle
A5050794175,W2998609031,middle
A5031973142,W2998609031,middle
A5082092061,W2998609031,last
A5057662113,W2999177682,first
A5015220542,W3000315163,first
A5070510377,W3000785277,first
A5038745720,W3000785277,last
A5057153992,W3001226482,first
A5014057082,W3001386316,first
A5079682233,W3001386316,last
A5039109795,W3001421333,first
A5021047078,W3003353231,middle
A5024743047,W3003353231,last
A5075881050,W3003828611,first
A5032584936,W3003828611,middle
A5059388034,W3003828611,last
A5011895267,W3004645839,first
A5064725681,W3005089993,first
A5064673249,W3006114861,last
A5011466065,W3006159219,first
A5052099956,W3007619609,first
A5051444342,W3007619609,middle
A5001276604,W3007619609,middle
A5071478953,W3007619609,middle
A5040315727,W3007619609,middle
A5054836950,W3009158723,first
A5076086712,W3009158723,middle
A5081933546,W3009158723,middle
A5054012901,W3009158723,last
A5090934117,W3010643318,first
A5083806955,W3011712745,first
A5028851523,W3011970915,first
A5049776247,W3013292163,first
A5059481106,W3013292163,middle
A5002855381,W3013292163,last
A5059465063,W3013419370,last
A5071558457,W3013558606,first
A5021872235,W3013997232,first
A5041403630,W3014500187,first
A5081201440,W3014811620,first
A5066309467,W3014888043,first
A5029004019,W3020368862,first
A5025664310,W3020487718,first
A5068508206,W3021261796,middle
A5054864048,W3021261796,last
A5067597688,W3021457528,first
A5038011648,W3021457528,last
A5068504294,W3021580884,first
A5046313198,W3021580884,last
A5083230928,W3021928714,first
A5004580149,W3023926726,first
A5065539231,W3025515924,last
A5021864301,W3025522161,first
A5004695687,W3029515189,first
A5083307694,W3029515189,last
A5002722147,W3031339073,first
A5032097813,W3031339073,middle
A5052312851,W3031339073,last
A5042797493,W3032282797,first
A5033280983,W3032906452,first
A5084740363,W3032906452,middle
A5038745720,W3032906452,middle
A5040542771,W3032906452,middle
A5009175421,W3032906452,middle
A5045091443,W3032906452,middle
A5015470269,W3032906452,middle
A5041317183,W3032906452,last
A5027930053,W3033319210,first
A5073609666,W3033319210,middle
A5065912071,W3033319210,middle
A5040144876,W3033319210,middle
A5084838391,W3033319210,middle
A5060839136,W3034028480,first
A5024302358,W3037068737,first
A5062293121,W3037077640,first
A5052903366,W3037094807,first
A5023588208,W3037823003,first
A5041055145,W3039086910,first
A5079020436,W3039086910,middle
A5024768539,W3039086910,middle
A5074226700,W3039086910,middle
A5031420826,W3039993017,first
A5061272351,W3039993017,last
A5029854353,W3040297286,first
A5025278582,W3040297286,middle
A5028897862,W3040297286,last
A5011239043,W3040390773,middle
A5072514843,W3040914394,first
A5086756229,W3042096016,first
A5031515386,W3042096016,middle
A5043968381,W3042096016,middle
A5023197969,W3042096016,last
A5052983001,W3043768657,first
A5027930053,W3045309874,first
A5040144876,W3045309874,middle
A5060257108,W3045309874,middle
A5073609666,W3045309874,middle
A5065912071,W3045309874,last
A5063979916,W3045788209,first
A5085022758,W3045788209,middle
A5038228433,W3045788209,middle
A5076464455,W3045788209,middle
A5082786719,W3045788209,last
A5025170442,W3048058835,last
A5015462607,W3048207439,first
A5027164381,W3048207439,middle
A5067092357,W3048207439,last
A5066547725,W3048215303,first
A5051277497,W3048215303,middle
A5000975435,W3048215303,last
A5045296087,W3049039483,first
A5004904353,W3049268086,first
A5091284431,W3071335082,first
A5037887671,W3082030692,middle
A5017137122,W3082030692,last
A5085875711,W3082362076,first
A5085577015,W3082579990,middle
A5085014203,W3082593454,middle
A5018107351,W3082593454,middle
A5054080229,W3084301686,last
A5089195978,W3084655200,middle
A5046375974,W3084655200,last
A5004593636,W3085296090,last
A5056599026,W3086497837,first
A5082879481,W3088102886,last
A5012725714,W3090540822,middle
A5045643150,W3090540822,last
A5069371064,W3091667000,first
A5047143042,W3091667000,last
A5034411178,W3092316028,first
A5029120809,W3092316028,last
A5001629576,W3092566534,first
A5001598938,W3092566534,middle
A5070125836,W3092566534,last
A5048428891,W3093536914,first
A5023078404,W3093536914,middle
A5047356363,W3093699514,middle
A5004890947,W3094196288,first
A5041001438,W3094196288,middle
A5084754913,W3095942026,first
A5036738140,W3095942026,middle
A5086298554,W3095942026,middle
A5064660738,W3095942026,last
A5009557816,W3097250675,first
A5035359467,W3097250675,middle
A5052730753,W3097321574,last
A5022886322,W3098026362,first
A5005376765,W3098127975,first
A5073888022,W3098127975,middle
A5065335369,W3098127975,middle
A5084151956,W3098127975,middle
A5074226700,W3098127975,middle
A5007393222,W3098127975,middle
A5071924020,W3098127975,last
A5085711335,W3098722888,first
A5046161436,W3098740751,middle
A5043414998,W3098740751,middle
A5053252363,W3098740751,middle
A5058616015,W3098740751,middle
A5062453217,W3100093000,first
A5018926238,W3100093000,middle
A5084521237,W3100093000,last
A5018985787,W3102339914,first
A5086183383,W3103693722,first
A5026253873,W3104150046,first
A5046056268,W3104150046,last
A5014518612,W3106681703,first
A5022101559,W3106681703,middle
A5079397804,W3106681703,last
A5003075933,W3106683547,first
A5061027668,W3106683547,last
A5046161436,W3107091315,middle
A5043414998,W3107091315,last
A5043201525,W3107563309,middle
A5065228901,W3110859132,first
A5026255242,W3110859132,last
A5090881698,W3111632340,first
A5090195152,W3112535800,first
A5079304625,W3112535800,middle
A5016488397,W3112535800,middle
A5069105806,W3112535800,last
A5022093897,W3113967156,first
A5005337570,W3118212570,first
A5074273491,W3119007163,first
A5030334885,W3119561822,first
A5074851678,W3119561822,middle
A5034635671,W3119561822,middle
A5016868576,W3123082901,first
A5072315990,W3123170796,middle
A5074737251,W3123733941,first
A5038031162,W3123733941,middle
A5006667813,W3123733941,middle
A5056391284,W3123733941,middle
A5016367496,W3123733941,middle
A5064355276,W3123733941,middle
A5084740363,W3123733941,middle
A5019540386,W3123733941,middle
A5070109368,W3125626467,middle
A5089722750,W3125626467,middle
A5006753992,W3125626467,last
A5007180465,W3129562480,last
A5089620851,W3130751077,first
A5081811734,W3130751077,middle
A5037850373,W3130751077,middle
A5026426825,W3130751077,middle
A5046161436,W3130751077,last
A5071607720,W3130878762,middle
A5038619371,W3130878762,middle
A5013059521,W3130878762,middle
A5037225064,W3130878762,middle
A5000948367,W3130878762,middle
A5086261425,W3130878762,middle
A5014722493,W3135047948,first
A5030879015,W3135047948,last
A5036405267,W3142695117,first
A5016742319,W3142695117,last
A5089111917,W3151899381,first
A5038804417,W3158340761,first
A5007020545,W3158340761,middle
A5043782050,W3158340761,last
A5067610507,W3158758793,middle
A5078205498,W3164334414,first
A5077662377,W3164334414,middle
A5065332583,W3164334414,middle
A5004183276,W3164334414,last
A5075715324,W3164966134,first
A5020485335,W3166422065,first
A5045725228,W3167503326,first
A5057307339,W3167503326,last
A5073405038,W3169702935,first
A5027352850,W3171891588,first
A5018489699,W3171891588,last
A5034154377,W3173678092,middle
A5046881273,W3173678092,middle
A5058701648,W3173678092,last
A5021669741,W3178452676,first
A5011521815,W3178452676,middle
A5085942198,W3178452676,last
A5036243132,W3183236637,first
A5046289188,W3183236637,middle
A5021446916,W3183236637,middle
A5011170416,W3183236637,last
A5033056152,W3199227789,middle
A5073331351,W3199227789,middle
A5025278582,W3199227789,last
A5081854836,W3201360221,first
A5061699360,W3201360221,last
A5075892407,W3203297510,first
A5088461366,W3205256601,first
A5010463698,W3205256601,last
A5039686801,W3207166637,first
A5015701007,W3209530617,first
A5046460748,W3212218837,first
A5005508600,W3212218837,last
A5051383328,W4206548441,first
A5037098324,W4210740298,first
A5021558563,W4211225595,first
A5056126237,W4229728353,first
A5045365746,W4230299293,first
A5078716166,W4230299293,last
A5071455933,W4231067644,first
A5036380208,W4232017636,first
A5072826092,W4232113800,first
A5027216424,W4232277028,first
A5079293684,W4233944007,first
A5001312896,W4233944007,middle
A5087689086,W4233944007,middle
A5060108348,W4233944007,last
A5073008404,W4234073934,first
A5009689439,W4234375506,first
A5010560354,W4234375506,last
A5037020023,W4234510227,first
A5062612313,W4234510227,last
A5081713573,W4234562676,first
A5067146138,W4236735733,first
A5033876832,W4237939124,last
A5047662217,W4238001470,first
A5078986867,W4238035668,first
A5055840642,W4238438466,first
A5074121956,W4238438466,middle
A5053803861,W4238438466,last
A5030064573,W4238650038,first
A5016396474,W4239861701,first
A5002823332,W4240444915,first
A5028308431,W4240444915,last
A5020682058,W4240498418,first
A5031886656,W4243506827,first
A5053065124,W4244656182,first
A5014311808,W4244656182,last
A5045849115,W4245070533,first
A5026062446,W4245936509,first
A5041269918,W4246184408,first
A5005207362,W4246184408,middle
A5082836130,W4246184408,middle
A5037694284,W4246184408,last
A5082372625,W4246223201,first
A5030936455,W4246223201,last
A5052050736,W4247366963,first
A5000991072,W4247366963,middle
A5089880114,W4248866917,first
A5071758245,W4249154916,first
A5065912071,W4249154916,middle
A5079814348,W4249369126,first
A5023307700,W4249419993,first
A5054451143,W4249905393,first
A5066134934,W4249905393,middle
A5047090755,W4249912640,first
A5013230909,W4252881271,first
A5014236188,W4252881271,last
A5008346348,W4252894849,first
A5067415908,W4254403582,first
A5044966226,W4254646566,last
A5027935398,W4256497177,first
A5015129861,W4285717988,first
A5015811252,W4285721521,first
A5048991574,W4285721521,middle
A5048566899,W4285721521,middle
A5057202218,W4285721521,last
A5084644113,W4285722690,first
A5034089074,W4293118024,first
A5074768327,W4293118024,middle
A5024901904,W4293118024,middle
A5009910914,W4293118024,middle
A5007782265,W4293118024,last
A5000693383,W4293118177,first
A5062380176,W4293118177,middle
A5044149802,W4293118177,middle
A5077267552,W4293118177,middle
A5025547740,W4293118177,middle
A5086696969,W4293118177,last
A5062917114,W592889590,last
A5065610193,W633882160,first
A5085580685,W633967087,first
A5059643851,W650961731,last
A5091376101,W765022290,first
A5090919612,W1474894223,last
A5068049138,W1620373992,first
A5089591271,W1620373992,middle
A5043962386,W1620373992,last
A5012703845,W2147985459,first
A5067090141,W2147985459,last
A5054671036,W2166129514,first
A5059853805,W2166129514,middle
A5067046312,W2287984938,first
A5003889213,W2472992325,first
A5064839018,W2482676628,first
A5030064573,W2551061884,last
A5014097508,W2625034446,last
A5033809712,W2758332823,first
A5055798150,W2758332823,middle
A5057145250,W2758332823,middle
A5041749093,W2758332823,middle
A5057517320,W2758332823,middle
A5027711778,W2758332823,last
A5007342359,W2773251973,first
A5042394011,W2790489525,first
A5001981242,W2797687991,first
A5036219119,W2797687991,last
A5046211758,W2912547367,last
A5019668231,W2941474883,first
A5024581998,W2943171591,first
A5047005599,W2943171591,middle
A5070025333,W2943171591,middle
A5058073639,W2943171591,last
A5085949625,W2953682442,first
A5045838331,W2953682442,last
A5034901180,W2953906347,first
A5035806301,W2953906347,middle
A5039105124,W2953906347,last
A5074182981,W2954534081,first
A5012848022,W2954534081,middle
A5090236645,W2954534081,last
A5090320352,W2954787126,first
A5026337027,W2954787126,last
A5082955124,W2966695073,first
A5029334273,W2966865482,first
A5079404294,W2969532946,first
A5070735330,W2969532946,middle
A5065080078,W2969532946,last
A5075301188,W2969857915,first
A5072576656,W2972783838,middle
A5023349874,W2975614833,first
A5000581203,W2977601301,first
A5070377827,W2978495754,first
A5048497029,W2982030779,first
A5017873450,W2982071232,first
A5021009984,W2982071232,middle
A5008897549,W2982071232,middle
A5050663897,W2983841410,first
A5021515016,W2984737279,first
A5003281791,W2984737279,middle
A5045554497,W2984737279,last
A5011265764,W2985480103,first
A5034204425,W2989824668,first
A5021401221,W2989824668,middle
A5075593701,W2989824668,last
A5077171923,W2990537586,middle
A5058029021,W2990759715,first
A5073646552,W2990759715,last
A5013198945,W2991542095,first
A5000975435,W2991542095,middle
A5005876655,W2991542095,middle
A5000511292,W2992102716,first
A5066097652,W2992102716,middle
A5030446424,W2992102716,middle
A5088321674,W2992102716,last
A5023642370,W2993041161,first
A5040578359,W2993041161,middle
A5087578556,W2993041161,middle
A5038037619,W2993041161,last
A5069852778,W2994552032,first
A5088640338,W2995707601,last
A5065231618,W2996901624,first
A5014082493,W2997086767,first
A5042237070,W2998986591,first
A5062090450,W3000462518,first
A5043366646,W3000506737,first
A5077280105,W3001287732,first
A5057846313,W3001778066,middle
A5015957275,W3001778066,middle
A5084035589,W3001814198,first
A5089758511,W3001814198,last
A5039561102,W3002142994,middle
A5041437377,W3002142994,middle
A5023348795,W3002142994,middle
A5038823226,W3002229874,first
A5067635815,W3002229874,last
A5052305923,W3002290887,first
A5061563791,W3002512335,first
A5027220301,W3002875666,last
A5078186819,W3003205485,first
A5066664813,W3003205485,last
A5000156602,W3003384239,first
A5063307502,W3003430937,middle
A5047311472,W3003430937,last
A5039843499,W3003848611,first
A5040124819,W3004012130,middle
A5008705418,W3004012130,last
A5050000325,W3004442064,first
A5052565793,W3004836362,middle
A5051946879,W3005162495,first
A5074302219,W3005616606,first
A5039742633,W3005616606,last
A5028913629,W3005676388,first
A5076966410,W3005680398,first
A5090699610,W3005680398,middle
A5034078369,W3005680398,middle
A5001593829,W3005680398,middle
A5020538412,W3005680398,last
A5011577033,W3005758206,first
A5042873191,W3006134156,first
A5006298360,W3006279117,first
A5076005357,W3006288738,first
A5058463178,W3006453707,first
A5040326170,W3006604003,middle
A5076994539,W3006604003,middle
A5042663855,W3006604003,last
A5071333197,W3006690718,first
A5009187703,W3006690718,middle
A5017474506,W3006690718,middle
A5000985289,W3006690718,last
A5014307031,W3006998935,middle
A5079111287,W3006998935,last
A5015241517,W3008250862,first
A5080779586,W3008250862,middle
A5030563924,W3008250862,last
A5087320223,W3008526914,middle
A5064569064,W3008526914,middle
A5049027776,W3008526914,middle
A5046776544,W3008526914,last
A5057892890,W3008783420,first
A5048461435,W3008879768,first
A5064725681,W3009046529,first
A5065518531,W3009166515,middle
A5015057910,W3009166515,last
A5064879107,W3009641713,first
A5035843414,W3009849232,first
A5072482402,W3010002431,first
A5049321721,W3010002431,middle
A5047438065,W3010002431,middle
A5005151737,W3010002431,middle
A5029671916,W3010002431,middle
A5080646275,W3010002431,middle
A5019332856,W3010002431,middle
A5065941595,W3010002431,last
A5037525251,W3011065126,first
A5017138589,W3011344420,first
A5078268065,W3011749655,first
A5031515386,W3011749655,middle
A5043968381,W3011749655,last
A5058443586,W3011800382,first
A5048791982,W3011800382,last
A5041191772,W3012286074,middle
A5011400610,W3013044738,middle
A5068011331,W3013574374,first
A5063560415,W3013574374,middle
A5008192297,W3013574374,middle
A5076628907,W3013845999,first
A5018820179,W3013845999,middle
A5012275958,W3013845999,last
A5005892878,W3013869976,first
A5031616277,W3013869976,last
A5053629394,W3014113389,first
A5009299240,W3014309348,first
A5055121943,W3014530061,first
A5079022438,W3014784424,first
A5004829176,W3014784424,last
A5014501729,W3015410034,first
A5013198945,W3015559842,middle
A5039754402,W3015726345,first
A5031154137,W3016167056,first
A5063254028,W3016201219,first
A5032898501,W3016571911,first
A5060980218,W3016571911,last
A5086392501,W3016929260,first
A5055562417,W3017231295,first
A5040935964,W3017231295,last
A5011765777,W3017463528,first
A5007830129,W3017463528,middle
A5064231378,W3017463528,last
A5013174025,W3018015209,first
A5003462454,W3018444593,first
A5029519980,W3018444593,last
A5028716893,W3018903321,last
A5055314556,W3018976859,first
A5053795584,W3019107800,first
A5082617377,W3019107800,middle
A5088121563,W3019107800,last
A5007774911,W3019642391,last
A5041140653,W3021036451,first
A5048422260,W3021788008,first
A5028356071,W3021810038,first
A5016375683,W3022077648,first
A5063912131,W3022595254,first
A5015876786,W3022595254,middle
A5025241006,W3022595254,middle
A5086149089,W3022595254,middle
A5009402582,W3022595254,last
A5086585008,W3023240205,first
A5068608368,W3023240205,last
A5051641702,W3023598567,first
A5057422723,W3024248989,last
A5058423073,W3024272993,first
A5072305924,W3025431921,first
A5044725301,W3025431921,middle
A5048747275,W3025431921,middle
A5084058235,W3025431921,last
A5064883977,W3025731387,first
A5079512613,W3025731387,last
A5028089542,W3025742598,first
A5049250210,W3025774276,first
A5034939930,W3025774276,middle
A5030016107,W3025774276,middle
A5047360962,W3025774276,middle
A5057593896,W3025774276,last
A5072438110,W3026367857,first
A5023028608,W3030148434,first
A5002571252,W3030148434,last
A5036404618,W3031306387,first
A5043777501,W3031306387,middle
A5041720834,W3031306387,last
A5015525872,W3031720900,first
A5049298442,W3031976727,middle
A5045405133,W3032623285,last
A5081818004,W3032678890,first
A5080103406,W3032897674,first
A5065417380,W3033060908,first
A5056296476,W3033060908,middle
A5091802290,W3033060908,last
A5070704114,W3033478086,first
A5027922959,W3033478086,middle
A5055166649,W3033478086,last
A5007237462,W3033563427,first
A5051782396,W3033692628,first
A5089589491,W3033692628,middle
A5050012170,W3034278408,first
A5050286338,W3034278408,last
A5035004248,W3034429939,first
A5043021465,W3034585242,first
A5081264468,W3034585242,last
A5072463614,W3034964193,last
A5088949442,W3035169472,first
A5047144831,W3035169472,middle
A5073592501,W3035169472,last
A5023652725,W3035452600,first
A5070122459,W3035514682,middle
A5057528939,W3035514682,last
A5023679578,W3035545160,first
A5035612059,W3035545160,middle
A5046246429,W3035545160,middle
A5049538665,W3035545160,last
A5029093819,W3035923280,middle
A5041416082,W3035923280,middle
A5055664643,W3036728555,first
A5017356611,W3036813000,first
A5036092293,W3037369435,last
A5058435585,W3037388902,first
A5060520629,W3037388902,middle
A5066870045,W3037388902,middle
A5058535837,W3037388902,last
A5005815334,W3037740783,first
A5034279244,W3037740783,middle
A5078209312,W3037850638,first
A5034379072,W3037998450,first
A5049235940,W3038204142,last
A5002250184,W3038445625,first
A5043098453,W3038445625,middle
A5046448314,W3038445625,last
A5054865304,W3038945047,first
A5034789696,W3038945047,middle
A5076159734,W3038945047,last
A5080901387,W3038979685,first
A5057217204,W3038979685,middle
A5005258575,W3038979685,last
A5062134955,W3040376450,first
A5029409129,W3040650633,last
A5064600777,W3041248501,last
A5003397676,W3041381792,first
A5033345276,W3041469736,middle
A5037136350,W3041469736,last
A5011017632,W3041839540,first
A5056339289,W3042951342,first
A5047030842,W3043102877,middle
A5017195907,W3043102877,last
A5033228504,W3043829578,middle
A5029376687,W3043829578,middle
A5070798371,W3043877833,first
A5082299571,W3044559601,first
A5064195823,W3044559601,middle
A5011972289,W3044559601,last
A5089059096,W3044685639,last
A5053424176,W3044825429,first
A5071679581,W3044848295,first
A5006463391,W3045024273,first
A5022599477,W3045024273,middle
A5050471041,W3045024273,middle
A5005196486,W3045024273,middle
A5090963347,W3045024273,middle
A5018599588,W3045024273,middle
A5084435647,W3045024273,middle
A5079730833,W3045024273,middle
A5052866036,W3045024273,middle
A5050574506,W3045024273,middle
A5030081176,W3045024273,middle
A5001320617,W3045024273,middle
A5032477316,W3045024273,last
A5028793301,W3045055062,first
A5032119888,W3045055062,last
A5064074036,W3045843883,first
A5051512822,W3046452873,first
A5070196203,W3046452873,last
A5049700514,W3046466293,first
A5043408232,W3046466293,middle
A5072826445,W3046466293,last
A5018564849,W3047052625,middle
A5070836406,W3047907395,first
A5008456520,W3047907395,middle
A5046154127,W3047990977,middle
A5078986867,W3048009626,first
A5073750332,W3048289886,first
A5068783500,W3048289886,middle
A5082399973,W3048289886,last
A5024962400,W3048327264,first
A5049889776,W3048327264,last
A5005954536,W3048979978,middle
A5054768016,W3049114381,first
A5010136138,W3049467297,first
A5028881802,W3049467297,middle
A5090124545,W3049467297,last
A5032629854,W3049563936,first
A5005027207,W3049563936,middle
A5043799147,W3049563936,middle
A5029542014,W3049563936,middle
A5065913689,W3049563936,last
A5039550904,W3069581944,first
A5068654125,W3069581944,last
A5038122533,W3072862384,first
A5025282885,W3074204891,middle
A5057395668,W3075905818,first
A5014898803,W3075905818,last
A5051246200,W3078317127,first
A5013258471,W3080378479,first
A5055996291,W3081557250,first
A5083499604,W3081557250,last
A5015416147,W3081644274,first
A5012184379,W3081644274,middle
A5059943288,W3081864557,first
A5010266029,W3081864557,last
A5039589482,W3082135689,first
A5078202868,W3082409893,first
A5069351964,W3083785096,first
A5090939243,W3084325590,last
A5039826589,W3084820386,first
A5021570324,W3085621511,last
A5005278894,W3086117886,last
A5025779226,W3086217872,last
A5011290120,W3087021987,first
A5016838632,W3087666499,first
A5069222308,W3087666499,middle
A5003042086,W3087666499,middle
A5019489166,W3087666499,middle
A5065855656,W3087666499,middle
A5081683515,W3087666499,last
A5070704114,W3087872869,first
A5055166649,W3087872869,middle
A5027922959,W3087872869,last
A5043965502,W3088035125,first
A5009789209,W3088035125,middle
A5036191283,W3088035125,last
A5090703799,W3088161582,first
A5043674709,W3088375993,middle
A5058368955,W3088375993,last
A5022095958,W3089536748,first
A5066263742,W3089649073,first
A5006425141,W3089649073,middle
A5003735157,W3089649073,middle
A5003044729,W3090105737,middle
A5010766325,W3090117995,middle
A5009026163,W3091315463,first
A5067298045,W3091315463,middle
A5018262388,W3091315463,last
A5075614509,W3091962456,middle
A5028732400,W3091962456,last
A5047871627,W3092011777,middle
A5044873992,W3092463420,middle
A5034520309,W3093829757,first
A5039030171,W3093958165,first
A5081834237,W3094088151,first
A5068297347,W3094212317,first
A5015560753,W3094212317,last
A5040901825,W3094419282,first
A5036981256,W3094419282,last
A5064168819,W3094580626,middle
A5068749470,W3094769430,last
A5008557898,W3095659039,first
A5076625682,W3095659039,last
A5027935398,W3095787390,first
A5083651030,W3096454331,first
A5015167229,W3096471092,first
A5064678215,W3096682310,first
A5031987100,W3096953097,first
A5070570604,W3097294463,middle
A5047049726,W3097294463,last
A5053283292,W3097412674,middle
A5021296755,W3099618287,first
A5023905699,W3099618287,last
A5047366796,W3100123754,first
A5083198886,W3100123754,middle
A5059086962,W3100123754,last
A5018636103,W3107845987,first
A5086574183,W3107966572,first
A5019984108,W3107966572,middle
A5018901173,W3107966572,middle
A5026452327,W3107966572,last
A5000985289,W3108540951,first
A5064108965,W3108540951,middle
A5079704928,W3108540951,last
A5017923995,W3108781493,first
A5052886544,W3109176991,last
A5014174145,W3109984592,first
A5068043486,W3109984592,last
A5004648823,W3110581290,first
A5034745115,W3110807915,first
A5059860381,W3110849846,middle
A5039345236,W3111814107,first
A5011939964,W3111814107,last
A5030060415,W3111887744,first
A5035727875,W3111887744,middle
A5026815378,W3112409597,first
A5084426593,W3112409597,last
A5085867827,W3112981022,first
A5015120449,W3112981022,middle
A5028831759,W3112981022,middle
A5081288899,W3112981022,middle
A5069586858,W3112981022,middle
A5023258928,W3112981022,middle
A5010866913,W3112981022,middle
A5044182405,W3112981022,middle
A5086852996,W3112981022,middle
A5038646439,W3112981022,last
A5035818649,W3113880429,first
A5013067294,W3113880429,middle
A5043258522,W3113880429,middle
A5021862093,W3113880429,last
A5017993930,W3114679679,first
A5086026837,W3115496444,first
A5019489166,W3116822142,first
A5066799557,W3116822142,middle
A5037237895,W3116822142,middle
A5084074039,W3116822142,last
A5050825638,W3118264280,middle
A5083167770,W3119072519,middle
A5055597521,W3119516089,first
A5076523743,W3119516089,middle
A5059462584,W3119516089,last
A5065530392,W3119819435,middle
A5022368866,W3119819435,middle
A5066961918,W3119819435,middle
A5074230812,W3119819435,middle
A5052636056,W3119819435,middle
A5042875971,W3119819435,middle
A5000746813,W3119819435,middle
A5007328321,W3119819435,last
A5050352562,W3124050168,first
A5073328355,W3124159988,first
A5077797185,W3124159988,middle
A5005774507,W3124944493,last
A5051092068,W3125999048,first
A5009412920,W3125999048,last
A5066424237,W3127385537,first
A5069525082,W3127385537,middle
A5002214859,W3127385537,middle
A5007786841,W3127385537,last
A5071300337,W3128061338,first
A5091433150,W3128401819,first
A5077853351,W3130239552,first
A5069771827,W3130905504,first
A5082344846,W3130905504,middle
A5073468099,W3130905504,middle
A5041318525,W3130905504,last
A5030558411,W3131247433,first
A5069912951,W3131247433,middle
A5029491972,W3131247433,middle
A5084474211,W3131247433,last
A5065079382,W3131741136,last
A5022164566,W3132365728,first
A5024201764,W3135034059,first
A5001755097,W3135034059,last
A5057700615,W3138154918,first
A5043672014,W3138154918,middle
A5043140393,W3138154918,last
A5018025640,W3138268407,first
A5046292037,W3139530702,middle
A5067298964,W3139530702,middle
A5003764733,W3139530702,middle
A5075678426,W3139530702,middle
A5065670073,W3139530702,middle
A5063444970,W3139530702,middle
A5078684923,W3139530702,middle
A5085326280,W3139530702,middle
A5047361949,W3139530702,middle
A5055092072,W3139530702,middle
A5072930623,W3139530702,middle
A5067473751,W3139530702,middle
A5007381094,W3139530702,middle
A5059145704,W3139530702,middle
A5029438936,W3139530702,middle
A5010182547,W3139530702,middle
A5002419105,W3139530702,middle
A5071151961,W3139530702,middle
A5076053477,W3139530702,middle
A5006073812,W3139530702,middle
A5064840804,W3139530702,middle
A5067941557,W3139530702,middle
A5069536590,W3139530702,middle
A5008278074,W3139530702,middle
A5086501425,W3139530702,middle
A5066862657,W3139530702,middle
A5009001583,W3139530702,middle
A5075263037,W3139530702,middle
A5020627397,W3139530702,middle
A5024000651,W3139530702,middle
A5070260542,W3139530702,middle
A5043010060,W3139530702,middle
A5045640881,W3139530702,middle
A5059095513,W3139530702,middle
A5053171112,W3145484478,first
A5042413006,W3158387797,middle
A5021578712,W3158387797,last
A5033318800,W3159740474,first
A5026289517,W3159740474,middle
A5069927701,W3159740474,last
A5043334632,W3162477976,middle
A5074064530,W3162477976,middle
A5031319659,W3162477976,middle
A5040557952,W3162477976,middle
A5015892347,W3162477976,middle
A5001558853,W3162477976,middle
A5053974902,W3162477976,middle
A5066100883,W3162477976,middle
A5004537036,W3162477976,middle
A5038178483,W3162477976,middle
A5010740665,W3162477976,middle
A5000247474,W3162477976,middle
A5065407989,W3162477976,middle
A5065110242,W3162477976,middle
A5035829033,W3162477976,middle
A5091641595,W3162477976,middle
A5061293202,W3162477976,middle
A5035666218,W3162477976,middle
A5044418028,W3162477976,middle
A5033966208,W3162672792,first
A5053265699,W3165014678,first
A5088229382,W3165122227,first
A5030756029,W3165265153,first
A5070124724,W3170830266,first
A5069353228,W3170830266,middle
A5078031491,W3170830266,middle
A5007782819,W3170830266,last
A5014511587,W3171793347,last
A5065659717,W3172853945,first
A5075167588,W3172853945,middle
A5010117264,W3172853945,middle
A5030015858,W3172853945,middle
A5034138501,W3172853945,middle
A5073470546,W3177457979,first
A5002694692,W3177457979,middle
A5045545018,W3177457979,last
A5065664393,W3183781725,middle
A5006613562,W3183781725,last
A5038713740,W3186492458,first
A5000842958,W3189108477,middle
A5026643917,W3189108477,middle
A5012275958,W3189970984,first
A5073249271,W3189970984,middle
A5052380142,W3189970984,middle
A5051661615,W3195038750,first
A5017981726,W3195038750,last
A5073339011,W3195903510,first
A5031870530,W3195903510,middle
A5050216642,W3195903510,last
A5007124393,W3195938855,first
A5021696227,W3197807954,first
A5048214969,W3211479348,last
A5052855339,W3212057969,first
A5036381501,W3212057969,middle
A5017785610,W3212057969,last
A5029945932,W3215008824,middle
A5031321219,W3215170959,first
A5086647344,W3215170959,middle
A5064713691,W3215170959,middle
A5020122668,W3215170959,middle
A5057436325,W3215170959,last
A5063652162,W3215519907,middle
A5041511949,W3215519907,last
A5049583553,W3216052454,first
A5083862531,W3216052454,middle
A5054225034,W3216052454,middle
A5062278926,W3216052454,middle
A5046971896,W3216052454,middle
A5048794271,W3216052454,last
A5089127853,W3216500866,middle
A5008884264,W3217036523,first
A5049066010,W3217036523,middle
A5041273245,W3217036523,last
A5049583553,W3217584181,first
A5083862531,W3217584181,middle
A5054225034,W3217584181,middle
A5062278926,W3217584181,middle
A5046971896,W3217584181,middle
A5048794271,W3217584181,last
A5022077342,W4205324035,last
A5028604593,W4205456181,first
A5067887830,W4205635363,first
A5075696701,W4205635363,last
A5085942072,W4205831042,first
A5037235254,W4205859495,first
A5044161230,W4205859495,middle
A5022012925,W4205859495,last
A5025684900,W4205900997,middle
A5053496940,W4205900997,middle
A5051149289,W4206164439,last
A5039659947,W4206277782,first
A5018700487,W4206277782,last
A5063233199,W4206718361,first
A5021025872,W4206926287,first
A5055641802,W4210261113,first
A5075278584,W4210647802,first
A5070208947,W4211014448,last
A5068699319,W4211089589,first
A5039659947,W4211092298,first
A5018700487,W4211092298,last
A5006463391,W4211159636,middle
A5022599477,W4211159636,middle
A5050471041,W4211159636,middle
A5005196486,W4211159636,middle
A5090963347,W4211159636,middle
A5018599588,W4211159636,middle
A5084435647,W4211159636,middle
A5079730833,W4211159636,middle
A5052866036,W4211159636,middle
A5050574506,W4211159636,middle
A5030081176,W4211159636,middle
A5001320617,W4211159636,middle
A5032477316,W4211159636,last
A5001721723,W4211233287,first
A5013182705,W4211233287,middle
A5010299587,W4211233287,last
A5048036610,W4212825214,first
A5071274975,W4212995158,middle
A5063154944,W4212995158,last
A5066120732,W4213009142,first
A5076089493,W4213120941,last
A5030577536,W4213128715,first
A5042345984,W4213129044,first
A5028104689,W4213129044,last
A5076100136,W4213198542,middle
A5078297750,W4213198542,middle
A5030954389,W4213198542,last
A5029477698,W4230380896,first
A5043499130,W4230380896,middle
A5072967825,W4230380896,middle
A5029906183,W4230380896,last
A5084453804,W4230624389,first
A5024851698,W4230701997,first
A5024592017,W4231109262,first
A5016407219,W4231397794,first
A5004772359,W4231634876,first
A5048667897,W4231989726,first
A5054917794,W4231989726,middle
A5073529648,W4231989726,last
A5021771514,W4232005046,first
A5003515443,W4232747017,first
A5067660681,W4233672697,first
A5066742449,W4233672697,last
A5063493626,W4233991600,middle
A5038754220,W4234265024,middle
A5091763785,W4234265024,last
A5024962400,W4234580372,first
A5049889776,W4234580372,last
A5012795773,W4235794177,first
A5090325982,W4235794177,last
A5049604166,W4235797518,first
A5090602204,W4236463084,first
A5026391344,W4236695669,first
A5036880809,W4237277644,first
A5089831646,W4237415177,first
A5017473749,W4237415177,last
A5059720343,W4238070838,first
A5020649203,W4238286624,first
A5084804121,W4238525441,first
A5065413313,W4239454475,first
A5023044105,W4240137270,first
A5036712857,W4240579161,first
A5041058725,W4240620288,last
A5054977221,W4241781651,first
A5000863863,W4242838729,first
A5026068954,W4242838729,middle
A5019993814,W4242838729,last
A5018293076,W4243645428,last
A5033235547,W4243982481,first
A5002445340,W4243982481,last
A5046867584,W4244632688,first
A5004412345,W4245702196,first
A5008626224,W4246622333,middle
A5073721997,W4246622333,last
A5018329469,W4246958770,first
A5047941947,W4247578818,first
A5006954528,W4247610597,first
A5081911812,W4248163404,first
A5042048981,W4248502861,first
A5058368955,W4248658216,last
A5056076257,W4250867067,middle
A5006723843,W4250867067,middle
A5082576793,W4250867067,last
A5023028608,W4251134183,first
A5002571252,W4251134183,last
A5083767132,W4251634058,first
A5089263719,W4251634058,middle
A5070815490,W4253121154,first
A5081713573,W4254050878,first
A5006975104,W4255020198,first
A5090657067,W4255462029,first
A5055687358,W4256343833,first
A5043347335,W4285618309,first
A5015811252,W4285718137,first
A5048991574,W4285718137,middle
A5048566899,W4285718137,middle
A5057202218,W4285718137,last
A5053134485,W4285718772,first
A5081801388,W4285721652,first
A5087459652,W4285721652,last
A5076270155,W4285724245,last
A5029260213,W4285751350,first
A5023095072,W4285751350,middle
A5077630267,W4285751350,middle
A5042645593,W4285751350,middle
A5032634346,W4285751350,middle
A5018349566,W4285751350,middle
A5016547705,W4285751350,middle
A5066171121,W4285751350,last
A5076371436,W4293118080,first
A5020085415,W4293118080,middle
A5018497176,W4293118080,middle
A5079917233,W4293118080,last
A5042552767,W46394659,first
A5024331725,W560453408,first
A5034936171,W596070754,last
A5090767474,W608814975,first
A5049828153,W624084891,last
A5036047595,W842208908,first
A5022176859,W842208908,last
A5017810911,W126508979,first
A5078908478,W126508979,last
A5079545397,W1488956720,last
A5049869228,W1590639027,first
A5089548776,W1590639027,last
A5078525741,W1624252228,first
A5012703845,W1624252228,last
A5090974026,W1987673506,first
A5034009786,W1987673506,last
A5050150232,W2173995205,first
A5058867237,W2254542182,first
A5091541133,W2272816608,first
A5028184409,W2295532216,first
A5088264677,W2296872930,first
A5035200732,W242433173,first
A5039655443,W242433173,middle
A5050701720,W242433173,last
A5065535908,W2499304172,first
A5001215167,W2499304172,last
A5012703845,W2508469691,first
A5082946919,W2517050953,first
A5042646536,W2517050953,last
A5012703845,W2521323884,first
A5071658857,W2521323884,middle
A5078525741,W2521323884,last
A5026194672,W2527851196,first
A5043990930,W2553393480,first
A5053472123,W2569008875,first
A5067538994,W2616689485,first
A5052382685,W2735280987,first
A5019191413,W2735280987,middle
A5003011391,W2735280987,middle
A5044540605,W2735280987,last
A5083193567,W2738251920,first
A5032594738,W2742389949,first
A5080727549,W2752997845,first
A5058133910,W2756816727,first
A5089128173,W2790317316,first
A5054158657,W2790317316,middle
A5086696141,W2790317316,last
A5071988838,W2790703083,first
A5012218115,W2790703083,middle
A5082571235,W2790703083,last
A5035249544,W2808174720,first
A5037853382,W2808174720,last
A5018903380,W2885461320,first
A5081582513,W2885936196,first
A5069316372,W2886268338,first
A5049729222,W2889987134,first
A5037267181,W2891149110,first
A5027986177,W2896200925,first
A5072509385,W2896200925,middle
A5068597007,W2896200925,last
A5040119256,W2897034224,first
A5053457946,W2897581456,first
A5036439001,W2897581456,last
A5044834406,W2899579708,first
A5081409262,W2904575791,first
A5064003451,W2906485726,first
A5052002697,W2906746437,first
A5019340007,W2909461098,first
A5005672922,W2911125620,first
A5067567133,W2911125620,middle
A5006151902,W2911942447,first
A5016249688,W2915644222,first
A5048758163,W2915644222,last
A5037039029,W2919619557,first
A5058256009,W2921001287,first
A5064853743,W2923053122,first
A5000751233,W2930906898,first
A5024141690,W2930906898,last
A5001510203,W2931244928,first
A5003029746,W2942781469,first
A5071176650,W2944608091,first
A5005472695,W2944608091,middle
A5091760571,W2944608091,last
A5089963747,W2950036009,first
A5074079533,W2951672158,first
A5028950795,W2953440845,first
A5033082835,W2954862885,last
A5011366566,W2956063329,first
A5003211562,W2965420869,first
A5016327160,W2965420869,middle
A5058533050,W2965420869,last
A5074727563,W2966192793,first
A5043908497,W2966249422,middle
A5091739743,W2966249422,middle
A5082156315,W2966249422,last
A5024866488,W2966462248,first
A5024866488,W2966462248,middle
A5037931913,W2966462248,middle
A5070349528,W2966462248,last
A5026213093,W2967030289,first
A5028915502,W2969364665,first
A5087408512,W2970054503,first
A5082964883,W2970054503,middle
A5016717153,W2970054503,last
A5041269918,W2970162111,first
A5010304115,W2970162111,middle
A5082836130,W2970162111,middle
A5037694284,W2970162111,last
A5069866117,W2970315041,first
A5043775350,W2970713460,first
A5024024516,W2971259698,first
A5071797615,W2971753680,first
A5004663239,W2971753680,last
A5001321475,W2971894307,first
A5017093934,W2972732641,first
A5015829118,W2972732641,last
A5077351737,W2978109805,first
A5045721021,W2978306782,first
A5009707749,W2978561627,first
A5062030044,W2980124335,first
A5045232866,W2980515979,first
A5050457226,W2981395401,first
A5009542976,W2981693243,first
A5048917702,W2982058656,middle
A5047468364,W2982058656,last
A5040135655,W2982110811,first
A5091472410,W2982110811,last
A5056337970,W2982334495,first
A5081194528,W2982334495,last
A5023167307,W2982399686,first
A5031318875,W2982399686,middle
A5060318703,W2982399686,last
A5086738494,W2982414026,first
A5059351460,W2982569938,first
A5076206064,W2983259557,first
A5065078688,W2984602618,middle
A5082471864,W2984602618,last
A5047360962,W2984624226,first
A5034939930,W2984624226,middle
A5064869431,W2984624226,middle
A5049250210,W2984624226,middle
A5043371053,W2984624226,last
A5032678374,W2987887515,first
A5018438235,W2987887515,middle
A5090486705,W2987887515,last
A5053453035,W2988108342,first
A5044124101,W2989596315,middle
A5070405267,W2989596315,middle
A5000822429,W2989596315,last
A5007165423,W2989858213,first
A5029804422,W2989858213,middle
A5006934439,W2989858213,last
A5010545314,W2990254097,first
A5053302516,W2990423806,first
A5039937802,W2990536158,first
A5046098033,W2990536158,middle
A5048247068,W2990536158,middle
A5043670176,W2990536158,middle
A5091888580,W2990536158,last
A5058705058,W2990903693,first
A5004998505,W2991060060,first
A5043679982,W2991060060,middle
A5068626745,W2991060060,last
A5089873168,W2991369503,first
A5014376522,W2991369503,middle
A5014376522,W2991369503,last
A5044673068,W2994199338,first
A5086849321,W2994286588,last
A5016407219,W2994639958,first
A5008284379,W2994912247,first
A5015354859,W2994941803,middle
A5019189450,W2995002545,first
A5036943385,W2995008456,first
A5004212293,W2995048996,first
A5067710720,W2995565447,first
A5081656100,W2995706941,first
A5064791159,W2995897310,last
A5052478128,W2995939365,middle
A5019338801,W2996079668,first
A5083896155,W2996079668,last
A5064791159,W2996257524,last
A5063396155,W2996644402,first
A5035711995,W2997140155,first
A5089626668,W2997212218,first
A5087416457,W2997212218,last
A5029804422,W2997213745,first
A5020023244,W2997372190,first
A5033485482,W2997372190,middle
A5063053513,W2997573162,first
A5062090450,W2998015918,first
A5004886061,W2998030856,first
A5081406386,W2998030856,last
A5038352672,W2998164875,first
A5021226854,W2998164875,middle
A5038514283,W2998164875,middle
A5091366413,W2998164875,middle
A5010913076,W2998164875,middle
A5049532227,W2998574088,first
A5036187468,W2998661905,first
A5065559600,W2998661905,last
A5043965201,W2998719387,first
A5062860667,W2998788342,first
A5017040421,W2998851354,first
A5080658307,W2998851354,middle
A5063684561,W2998851354,last
A5078541942,W2999124566,last
A5085618063,W2999156005,first
A5086962046,W2999156005,last
A5068383974,W2999167349,first
A5001920839,W2999379715,first
A5057325316,W2999403793,first
A5068359435,W2999403793,middle
A5055789823,W2999403793,last
A5051950964,W2999705255,first
A5021558563,W2999891753,first
A5014655114,W2999921491,first
A5010519712,W3000475448,first
A5058475882,W3000481599,first
A5040603988,W3000481599,middle
A5074016320,W3000481599,middle
A5084786630,W3000481599,last
A5073741399,W3000637081,first
A5026897945,W3000691410,first
A5012356899,W3000691410,middle
A5043837983,W3000691410,middle
A5006044061,W3000691410,middle
A5036609068,W3000691410,middle
A5072649231,W3000691410,middle
A5050667910,W3000691410,middle
A5058807538,W3000691410,middle
A5060109778,W3000691410,middle
A5020422819,W3000691410,middle
A5006450150,W3000691410,middle
A5037181918,W3000691410,middle
A5077112344,W3000691410,middle
A5020857740,W3000691410,middle
A5065533998,W3000691410,middle
A5013685403,W3000691410,middle
A5024255338,W3000838609,first
A5082179587,W3000905600,first
A5047650605,W3001077911,first
A5070272319,W3001102352,first
A5007042240,W3001244016,first
A5031686114,W3001244016,last
A5071670255,W3001277578,first
A5034977135,W3001277578,middle
A5067083720,W3001277578,last
A5073056289,W3001288424,first
A5045948109,W3001288424,middle
A5083093163,W3001288424,middle
A5043350556,W3001434419,first
A5014812483,W3001465508,first
A5011284189,W3001467428,first
A5014593823,W3001467428,middle
A5050869595,W3001467428,last
A5021833829,W3001565492,first
A5085690211,W3001720215,first
A5061434389,W3001894440,middle
A5024837930,W3001894440,middle
A5074137280,W3002028567,middle
A5004662442,W3002074388,last
A5010212151,W3002160228,first
A5051886815,W3002264252,first
A5023720119,W3002321272,first
A5068272767,W3002415141,first
A5057523671,W3002415141,last
A5086535593,W3002646090,first
A5055554063,W3002770601,first
A5023044105,W3002968199,first
A5063882377,W3003083446,first
A5041396966,W3003107485,last
A5048466428,W3003289786,first
A5073158087,W3003289786,last
A5067575272,W3003468745,last
A5077536927,W3003521736,first
A5065778060,W3003563734,first
A5037496312,W3003575713,first
A5012703845,W3003747646,first
A5078525741,W3003747646,middle
A5071658857,W3003747646,last
A5014637904,W3003918795,first
A5045106939,W3004002351,first
A5025651569,W3004002351,last
A5033415643,W3004026373,first
A5058396473,W3004026373,last
A5081942889,W3004055648,first
A5040124819,W3004068358,middle
A5008705418,W3004068358,last
A5061219359,W3004126916,first
A5015293541,W3004163713,first
A5058119825,W3004163713,last
A5040124819,W3004207558,middle
A5008705418,W3004207558,last
A5040124819,W3004236086,middle
A5008705418,W3004236086,last
A5041364229,W3004256910,first
A5034840085,W3004341092,first
A5036662934,W3004341092,middle
A5071026235,W3004341092,last
A5012703845,W3004406003,first
A5078525741,W3004406003,middle
A5071658857,W3004406003,last
A5090298788,W3004427443,first
A5054853336,W3004427443,middle
A5045767979,W3004427443,middle
A5040357517,W3004815185,first
A5063901262,W3004827977,first
A5064303786,W3004845153,last
A5027629530,W3004912014,first
A5007287967,W3004912014,last
A5048325407,W3004923712,first
A5069577168,W3004923712,middle
A5039553919,W3004923712,middle
A5039610520,W3004923712,last
A5078655771,W3004981960,first
A5050195077,W3004991711,first
A5075313558,W3005030282,first
A5039100910,W3005186117,first
A5076892344,W3005186117,last
A5089879542,W3005233399,first
A5085529760,W3005299439,last
A5081140857,W3005333028,first
A5089923412,W3005385781,first
A5067805105,W3005389817,first
A5047055476,W3005641899,first
A5064291738,W3005710977,first
A5021171051,W3005740347,first
A5064215194,W3005827440,first
A5000232165,W3005919119,first
A5063225038,W3006005306,middle
A5063819833,W3006093790,first
A5044343389,W3006177015,first
A5020296455,W3006177015,middle
A5021821470,W3006177015,last
A5008368726,W3006254060,middle
A5015155189,W3006254060,last
A5088189729,W3006334195,first
A5085934809,W3006350710,middle
A5035606969,W3006350710,middle
A5002483423,W3006350710,middle
A5035725943,W3006350710,middle
A5027842808,W3006350710,middle
A5055457460,W3006350710,middle
A5032364210,W3006350710,middle
A5040465604,W3006350710,middle
A5038279684,W3006350710,middle
A5067583517,W3006350710,last
A5019295590,W3006419463,last
A5015899966,W3006479118,first
A5046098995,W3006645117,first
A5057769087,W3006804877,first
A5060914810,W3006928852,first
A5040706121,W3006986326,first
A5062770206,W3006986326,middle
A5077896617,W3006986326,last
A5011767817,W3007017482,middle
A5046340868,W3007017482,middle
A5039122546,W3007017482,middle
A5045061940,W3007017482,middle
A5004047751,W3007017482,middle
A5057383193,W3007019140,first
A5047168561,W3007048475,first
A5025555145,W3007104135,first
A5018840266,W3007104135,last
A5014668662,W3007307891,first
A5070260526,W3007366315,first
A5049446420,W3007366315,middle
A5044932577,W3007366315,middle
A5081936968,W3007492289,first
A5019481683,W3007492289,middle
A5031513400,W3007492289,last
A5046867584,W3007574624,first
A5011547542,W3007643199,first
A5051434667,W3007643199,middle
A5019032050,W3007643199,middle
A5089959851,W3007643199,last
A5010744521,W3007644032,first
A5017011224,W3007788713,first
A5050226622,W3007836514,first
A5037235254,W3007913005,first
A5044161230,W3007913005,middle
A5022012925,W3007913005,last
A5035193180,W3007940270,first
A5012444406,W3008046731,last
A5021566328,W3008055742,first
A5012613384,W3008077654,first
A5087461406,W3008077654,last
A5035498698,W3008181943,first
A5037912334,W3008332146,middle
A5068453499,W3008332146,middle
A5019656463,W3008332146,middle
A5045264540,W3008332146,middle
A5003170646,W3008332146,middle
A5003162062,W3008332146,middle
A5006624704,W3008332146,middle
A5070430729,W3008332146,middle
A5068163438,W3008332146,middle
A5000998768,W3008332146,last
A5085345108,W3008348690,first
A5078920453,W3008348690,last
A5062933551,W3008485082,first
A5038617538,W3008485082,last
A5086102671,W3008508313,first
A5005156221,W3008508313,last
A5054751762,W3008522288,first
A5002141572,W3008667270,first
A5073019324,W3008699618,first
A5005707351,W3008721379,first
A5078770458,W3008808086,first
A5000057690,W3008890275,first
A5008499885,W3009054233,first
A5005405969,W3009192684,first
A5091516036,W3009260738,first
A5030509986,W3009260738,middle
A5002409198,W3009318490,middle
A5040536367,W3009417392,middle
A5059932574,W3009487084,middle
A5020286157,W3009534943,first
A5064213257,W3009549350,middle
A5027145481,W3009549350,last
A5040845666,W3009593182,first
A5022897274,W3009617714,middle
A5010335625,W3009690546,first
A5012795773,W3009691378,first
A5090325982,W3009691378,last
A5012865019,W3009748928,first
A5080487074,W3009891832,first
A5046288066,W3009971085,first
A5065993811,W3009971085,middle
A5069954080,W3009971085,last
A5026063666,W3010021423,middle
A5077252010,W3010081950,first
A5068504294,W3010098328,first
A5090939243,W3010098328,last
A5021884973,W3010173092,first
A5048552375,W3010302626,first
A5032231503,W3010302626,middle
A5063652162,W3010302626,middle
A5087470453,W3010302626,middle
A5038437071,W3010302626,middle
A5007255618,W3010302626,middle
A5063760399,W3010302626,middle
A5025917688,W3010302626,last
A5041965663,W3010367126,first
A5029669301,W3010367126,middle
A5063521409,W3010367126,last
A5038628385,W3010428326,first
A5033593550,W3010428326,last
A5009379305,W3010484204,first
A5047146666,W3010528056,last
A5073529736,W3010542238,first
A5089882720,W3010542680,first
A5019494994,W3010759295,first
A5054256492,W3010759295,middle
A5065058581,W3010759295,last
A5039598830,W3010763684,first
A5002462532,W3010963950,first
A5072934668,W3011018639,first
A5081141392,W3011128379,first
A5032155095,W3011128379,last
A5087814029,W3011154475,first
A5004910797,W3011288943,first
A5091711243,W3011288943,middle
A5022903591,W3011288943,last
A5035017825,W3011315445,first
A5065076014,W3011469242,last
A5058027565,W3011503082,middle
A5063739872,W3011517758,first
A5071758245,W3011519932,first
A5065912071,W3011519932,last
A5076504939,W3011566775,first
A5081491178,W3011628099,last
A5083777501,W3011824496,first
A5062424191,W3011920520,first
A5047114006,W3011920520,middle
A5071483672,W3011920520,middle
A5022537740,W3011920520,middle
A5009310543,W3011920520,last
A5061378476,W3011991090,first
A5049335972,W3012124081,first
A5023412948,W3012132131,first
A5087307494,W3012147887,first
A5005567981,W3012149825,first
A5008577492,W3012167729,first
A5076902429,W3012199988,first
A5032077769,W3012202145,first
A5053909656,W3012210675,first
A5065617607,W3012210675,middle
A5064568676,W3012210675,last
A5025818350,W3012249854,first
A5065436865,W3012320835,last
A5028330911,W3012337962,last
A5080396989,W3012434860,first
A5040995180,W3012459682,first
A5076741093,W3012470508,first
A5042857459,W3012702252,first
A5003044729,W3012784708,first
A5035908989,W3012784708,middle
A5048193471,W3012784708,middle
A5028868546,W3012784708,middle
A5008935039,W3012784708,last
A5069946938,W3012837340,first
A5036511057,W3012845650,first
A5026809096,W3012956492,first
A5072177550,W3012978632,first
A5077870972,W3013031213,first
A5038098472,W3013068267,first
A5045252723,W3013136891,middle
A5040831225,W3013136891,middle
A5058247868,W3013136891,middle
A5044047608,W3013136891,middle
A5034571906,W3013136891,middle
A5021035595,W3013136891,middle
A5040931253,W3013136891,middle
A5011061459,W3013136891,middle
A5052045932,W3013136891,middle
A5058439058,W3013136891,middle
A5035437542,W3013136891,middle
A5003513302,W3013136891,middle
A5030697098,W3013136891,middle
A5062532138,W3013136891,middle
A5086501723,W3013136891,middle
A5010207413,W3013136891,middle
A5058145168,W3013136891,middle
A5042458441,W3013136891,middle
A5046490122,W3013145045,first
A5063073348,W3013145045,last
A5037424541,W3013160734,first
A5061871203,W3013160734,last
A5000852304,W3013253551,first
A5047605634,W3013253551,last
A5059229116,W3013279306,first
A5053131261,W3013280804,first
A5000541391,W3013359702,first
A5064581182,W3013359702,middle
A5062472186,W3013359702,last
A5012467527,W3013407094,first
A5050503150,W3013429737,first
A5010969320,W3013434307,first
A5000322730,W3013434307,last
A5077785558,W3013466094,middle
A5037865389,W3013466094,middle
A5040556896,W3013466749,first
A5037865389,W3013466749,middle
A5077785558,W3013466749,middle
A5014212320,W3013496202,first
A5019623215,W3013588934,first
A5007248485,W3013635722,first
A5076368629,W3013818316,last
A5014849100,W3013857416,first
A5010434536,W3013881496,first
A5025180699,W3014054709,first
A5051701924,W3014054709,middle
A5000015851,W3014054709,middle
A5024490832,W3014166501,first
A5007675965,W3014166501,middle
A5035674196,W3014303013,middle
A5046949276,W3014520563,first
A5050230872,W3014580217,first
A5033278623,W3014625535,first
A5012685850,W3014648848,first
A5020413888,W3014652800,first
A5079952387,W3014677740,first
A5059387514,W3014749903,first
A5084937471,W3014851741,first
A5087880464,W3015038728,first
A5076137162,W3015151260,first
A5038128036,W3015417402,last
A5089334740,W3015431528,first
A5089430209,W3015438178,last
A5037865389,W3015579377,middle
A5077785558,W3015579377,middle
A5027277913,W3015579377,last
A5085882871,W3015721555,middle
A5012677217,W3015721555,last
A5081911812,W3015730849,first
A5042452680,W3015730849,last
A5044215986,W3015794619,first
A5049498129,W3016008633,first
A5004573956,W3016008633,middle
A5079587319,W3016008633,last
A5044672764,W3016033165,first
A5016119686,W3016061197,first
A5089058343,W3016061197,middle
A5030577536,W3016255475,first
A5005255840,W3016276621,first
A5080657744,W3016283817,middle
A5081299564,W3016283817,last
A5080897773,W3016354887,first
A5057618800,W3016487626,first
A5080171014,W3016501065,first
A5057428477,W3016553880,first
A5018046405,W3016553880,middle
A5060267690,W3016553880,last
A5002950978,W3016775026,first
A5042345984,W3016937479,first
A5028104689,W3016937479,last
A5020325442,W3016969950,first
A5002394773,W3017056062,first
A5039598830,W3017067522,first
A5078883230,W3017076082,middle
A5011291239,W3017247804,middle
A5038850707,W3017247804,middle
A5024920838,W3017257005,middle
A5055166649,W3017257005,middle
A5027453687,W3017267978,first
A5058029021,W3017267978,middle
A5010781223,W3017278983,first
A5079098245,W3017298130,first
A5015067771,W3017298130,middle
A5039781735,W3017298130,middle
A5049049580,W3017298130,last
A5068699319,W3017310856,first
A5085988299,W3017933741,first
A5021296755,W3018077864,first
A5057707592,W3018477910,first
A5038276420,W3018853768,first
A5074500104,W3018863870,first
A5005159199,W3019223656,first
A5048627701,W3019835430,first
A5028234987,W3020179512,first
A5032241746,W3020179512,last
A5013568878,W3020320510,first
A5037798546,W3020320510,middle
A5075606209,W3020320510,last
A5041272001,W3020519347,last
A5003160148,W3021229777,first
A5055283040,W3021234187,first
A5023465449,W3021234187,middle
A5013136747,W3021351779,first
A5076646419,W3021351779,middle
A5088515045,W3021351779,middle
A5037943235,W3021351779,middle
A5012178332,W3021351779,last
A5008968464,W3021366948,first
A5043174840,W3021405294,first
A5034549174,W3021405294,last
A5049655659,W3021549864,middle
A5083191304,W3021602071,middle
A5026879203,W3021602071,middle
A5078858649,W3021602071,middle
A5067832572,W3021602071,middle
A5009445872,W3021602071,middle
A5040966457,W3021602071,middle
A5019221446,W3021602071,middle
A5027867792,W3021602071,middle
A5090632363,W3021602071,middle
A5048587628,W3021602071,middle
A5076042575,W3021602071,middle
A5077008561,W3021750393,first
A5067146138,W3021873371,first
A5047576329,W3021924903,middle
A5041960992,W3021932011,middle
A5032410455,W3021932011,last
A5049655659,W3022266162,middle
A5022710004,W3022269552,first
A5069599012,W3022522550,first
A5063673674,W3022697241,middle
A5081819615,W3022980747,first
A5069599012,W3023001447,first
A5049604166,W3023097792,first
A5067700559,W3023286939,middle
A5003044729,W3023429380,middle
A5049685244,W3023464349,first
A5019066037,W3023464349,last
A5049655659,W3023473606,middle
A5069599012,W3023506813,first
A5087372334,W3023926772,first
A5018293076,W3023926772,last
A5062761439,W3023949259,first
A5062809163,W3024040333,first
A5082803450,W3024050673,middle
A5037975948,W3024050673,last
A5056560091,W3024116561,first
A5041231488,W3024221779,middle
A5051951815,W3024221779,middle
A5089110297,W3024221779,last
A5089486619,W3024407810,first
A5063919743,W3024868417,last
A5053134485,W3024874503,first
A5022772090,W3024939845,middle
A5003063986,W3024939845,last
A5082319905,W3025231836,first
A5054913174,W3025231836,middle
A5062966387,W3025231836,last
A5061980073,W3025245415,first
A5059799105,W3025245415,last
A5041191772,W3025299703,middle
A5039598830,W3025366318,first
A5070711650,W3025546067,first
A5089722326,W3025546067,middle
A5058018557,W3025546067,middle
A5076918526,W3025546067,middle
A5071868397,W3025546067,last
A5083293682,W3025741639,first
A5023299508,W3025741639,middle
A5043788810,W3025741639,last
A5003385886,W3025782769,first
A5006318006,W3026180692,middle
A5034241456,W3026345552,last
A5018158794,W3026444606,middle
A5020743857,W3026490668,first
A5086308371,W3026570814,first
A5020600362,W3026570814,last
A5003469648,W3026742657,first
A5076204770,W3026742657,middle
A5080897773,W3027071460,first
A5057465654,W3027305412,first
A5022457839,W3027341233,first
A5004565086,W3027494350,first
A5085914001,W3027494350,last
A5015574228,W3027533386,first
A5022562495,W3027533386,middle
A5065058581,W3027687057,first
A5007535711,W3027753467,first
A5071909659,W3027753467,middle
A5033172098,W3027753467,last
A5026034227,W3028027610,last
A5026769143,W3028098743,last
A5016451627,W3028150967,first
A5053906818,W3028155300,middle
A5024936393,W3028308049,first
A5003633056,W3028390776,first
A5028546190,W3028524764,first
A5016399094,W3028721209,first
A5008843158,W3028721209,last
A5090209944,W3028997739,first
A5015004334,W3028997739,middle
A5001588690,W3028997739,last
A5010594548,W3030378033,first
A5065058581,W3030882475,first
A5023028608,W3030885505,first
A5002571252,W3030885505,last
A5010766325,W3030927144,first
A5082031528,W3030927144,middle
A5041191772,W3030927144,middle
A5039386249,W3030927144,middle
A5087006588,W3030927144,middle
A5084990230,W3030927144,last
A5017839928,W3031012778,first
A5027060017,W3031013881,first
A5073568638,W3031013881,last
A5022077342,W3031018491,last
A5027141730,W3031118776,first
A5075184378,W3031118776,middle
A5024946453,W3031118776,last
A5091709601,W3031207847,middle
A5039402094,W3031286197,first
A5003531526,W3031286197,last
A5032314008,W3031331412,middle
A5071819311,W3031331412,last
A5076197062,W3032109498,first
A5045079699,W3032243800,first
A5053221351,W3032541323,last
A5066497802,W3032618461,first
A5024592017,W3032696872,first
A5005779128,W3032696872,last
A5027922959,W3032973753,first
A5070704114,W3032973753,middle
A5055166649,W3032973753,last
A5012752271,W3032974905,first
A5028036155,W3033015803,last
A5022473701,W3033055421,middle
A5085648936,W3033239625,last
A5030778793,W3033294628,first
A5014801571,W3033342507,first
A5001475880,W3033683086,first
A5091198094,W3033683086,last
A5002479265,W3033756391,first
A5082645155,W3033876043,first
A5036473782,W3033889896,first
A5087760469,W3033906073,first
A5034076717,W3033906073,last
A5082645155,W3034009972,first
A5026615921,W3034158598,first
A5042626544,W3034165177,first
A5061848511,W3034165177,middle
A5041520103,W3034165177,last
A5026786490,W3034254994,first
A5046910432,W3034267371,last
A5065543748,W3034287692,first
A5025865534,W3034304816,middle
A5003799889,W3034304816,middle
A5091290216,W3034366209,first
A5068903124,W3034445746,first
A5023028608,W3034676096,first
A5002571252,W3034676096,last
A5065224866,W3034682006,first
A5020629788,W3034713484,first
A5090028076,W3034822378,first
A5035179935,W3034885563,first
A5035362591,W3034976492,first
A5005093546,W3034976492,last
A5082645155,W3035009738,first
A5020632511,W3035144292,last
A5048423101,W3035150020,first
A5001586321,W3035150527,last
A5060137850,W3035246360,first
A5010351436,W3035295890,first
A5021517996,W3035295890,middle
A5069146844,W3035295890,last
A5074978271,W3035389612,first
A5009403778,W3035395375,last
A5024991602,W3035495011,middle
A5012364552,W3035519324,middle
A5067376987,W3035519324,middle
A5074415127,W3035519324,middle
A5024050046,W3035519324,middle
A5004480546,W3035519324,middle
A5001278932,W3035519324,middle
A5078650916,W3035519324,middle
A5083678661,W3035519324,middle
A5014442960,W3035519324,last
A5016819431,W3035598375,first
A5079301443,W3035598375,last
A5016998195,W3035600333,first
A5070207956,W3035650989,first
A5045778917,W3035808585,middle
A5059478860,W3035899669,first
A5031169447,W3035958670,first
A5059631574,W3036021578,middle
A5004215141,W3036021578,last
A5064522333,W3036035801,first
A5068741386,W3036148198,first
A5074952248,W3036149289,first
A5027338332,W3036149289,last
A5023796874,W3036230108,first
A5034248834,W3036294025,first
A5069212677,W3036294025,last
A5005031316,W3036624831,first
A5011911779,W3036624831,middle
A5044240602,W3036624831,last
A5016617341,W3036675414,first
A5063708250,W3036690323,first
A5070728314,W3036690323,middle
A5027722484,W3036690323,middle
A5019187286,W3036690323,middle
A5022718926,W3036690323,middle
A5079112003,W3036690323,middle
A5077575411,W3036690323,middle
A5046790681,W3036690323,middle
A5042694477,W3036690323,last
A5084338403,W3036692222,first
A5025644995,W3036692307,first
A5005405734,W3036702809,first
A5076339603,W3036848575,first
A5035908989,W3036905727,first
A5003044729,W3036905727,middle
A5028868546,W3036905727,middle
A5048193471,W3036905727,middle
A5091773422,W3037039489,middle
A5041191772,W3037040441,first
A5010766325,W3037040441,middle
A5083573588,W3037040441,middle
A5040335377,W3037040441,middle
A5022933629,W3037084192,first
A5045925927,W3037108446,first
A5048111219,W3037108446,middle
A5090657067,W3037128559,first
A5090657067,W3037156176,first
A5041107015,W3037333195,last
A5045331325,W3037446420,first
A5073095019,W3037497654,first
A5002956126,W3037721762,last
A5090657067,W3037726779,first
A5091062664,W3037728314,first
A5000058426,W3037728314,middle
A5049573335,W3037728314,middle
A5055827082,W3037728314,middle
A5058993668,W3037728314,last
A5089699378,W3037763867,first
A5047074817,W3037769224,first
A5036880809,W3037787303,first
A5031438752,W3037796866,first
A5090657067,W3037851550,first
A5090666420,W3037860440,first
A5000975435,W3037860440,last
A5036016825,W3037919736,middle
A5036948482,W3037919736,middle
A5070895158,W3037919736,middle
A5073575849,W3037919736,middle
A5068721800,W3037919736,middle
A5015500851,W3037919736,middle
A5002066282,W3037919736,middle
A5055344615,W3037919736,middle
A5072939928,W3037919736,middle
A5042233659,W3037919736,middle
A5084847301,W3037919736,middle
A5057793543,W3037919736,middle
A5068960070,W3037919736,middle
A5008505691,W3037919736,middle
A5001102664,W3037919736,middle
A5074076863,W3037919736,middle
A5011917488,W3037919736,middle
A5005425656,W3037919736,middle
A5087270962,W3037919736,middle
A5089763287,W3037919736,middle
A5081462604,W3037945215,first
A5040726295,W3037961081,first
A5091523198,W3038025029,middle
A5060812270,W3038025029,last
A5001234124,W3038028419,first
A5034910433,W3038099745,middle
A5087673192,W3038191518,middle
A5085709919,W3038191518,last
A5065254514,W3038286972,first
A5028137676,W3038339941,first
A5083195842,W3038926992,middle
A5024394052,W3038926992,middle
A5073239212,W3039042652,first
A5032586510,W3039042652,middle
A5017779668,W3039042652,last
A5004620971,W3039053919,first
A5053978441,W3039053919,middle
A5006701092,W3039126378,first
A5057279765,W3039129194,last
A5050589444,W3039143786,first
A5076843626,W3039143786,last
A5089657268,W3039246382,first
A5084453804,W3039484576,first
A5087673192,W3039661552,middle
A5085709919,W3039661552,last
A5064109870,W3039849938,first
A5037970252,W3039863201,last
A5053712480,W3039930846,first
A5086109092,W3040271794,first
A5063231461,W3040271794,middle
A5064585036,W3040271794,middle
A5020629689,W3040271794,last
A5059756675,W3040438833,first
A5006433776,W3040524963,first
A5056512471,W3040524963,middle
A5065716990,W3040524963,middle
A5088656842,W3040560236,first
A5061650181,W3040560236,middle
A5040883056,W3040560236,last
A5006740564,W3040573749,middle
A5082681779,W3040573749,middle
A5089880114,W3040672677,first
A5064027625,W3040715817,first
A5020947068,W3040715817,middle
A5007653465,W3040715817,middle
A5016765555,W3040715817,middle
A5073903451,W3040715817,middle
A5037823063,W3040842302,first
A5035508615,W3040842302,last
A5027210744,W3040907181,first
A5021771514,W3040918776,first
A5017357612,W3040953708,middle
A5011106857,W3040953708,middle
A5059861198,W3040953708,middle
A5058336272,W3040953708,last
A5067950570,W3041139933,first
A5070515519,W3041197068,middle
A5082630089,W3041197068,last
A5044181565,W3041255017,middle
A5021406727,W3041289434,first
A5021406727,W3041289434,last
A5053065124,W3041335991,first
A5014311808,W3041335991,last
A5018628439,W3041587786,first
A5055168551,W3041587786,middle
A5001731891,W3041587786,middle
A5059045027,W3041974846,first
A5032917378,W3042053593,first
A5068404805,W3042053593,middle
A5013409315,W3042080160,first
A5089787459,W3042080160,last
A5025497438,W3042104160,first
A5089959591,W3042206869,last
A5004082765,W3042237702,first
A5012155596,W3042515553,first
A5020629662,W3042515553,middle
A5036873933,W3042515553,last
A5046506611,W3042579360,first
A5026513562,W3042579360,last
A5035807592,W3042769401,last
A5065087920,W3042863331,first
A5072954901,W3043037542,first
A5012389938,W3043037542,last
A5033651710,W3043077302,last
A5029728794,W3043099684,first
A5080409343,W3043118177,first
A5008445326,W3043118177,middle
A5082942970,W3043118177,middle
A5000975435,W3043118177,last
A5001400401,W3043208082,middle
A5080268176,W3043234427,last
A5031030325,W3043299966,middle
A5082365220,W3043473958,first
A5053043725,W3043473958,middle
A5021184817,W3043473958,last
A5021408371,W3043510551,first
A5068659604,W3043529727,first
A5068994132,W3043529727,last
A5066494201,W3043586623,first
A5009282894,W3043610303,first
A5001050259,W3043610303,last
A5073461342,W3043890026,first
A5013397287,W3043912428,last
A5029611591,W3043972847,middle
A5016243061,W3044225397,first
A5051603011,W3044257563,first
A5047019142,W3044302717,first
A5006795730,W3044366160,first
A5051971484,W3044385491,first
A5089788678,W3044391210,first
A5066573046,W3044391210,last
A5054788636,W3044526188,first
A5036899571,W3044526188,last
A5033345045,W3044556752,last
A5020002154,W3044662302,first
A5027838620,W3044680273,last
A5026062446,W3044749343,first
A5059972883,W3044810421,first
A5030838567,W3044816660,first
A5005493342,W3044872988,first
A5015032563,W3044872988,last
A5078106467,W3045018641,first
A5074677421,W3045018641,middle
A5029002996,W3045018641,middle
A5079960248,W3045018641,middle
A5030486135,W3045018641,middle
A5022166328,W3045018641,middle
A5010644038,W3045018641,middle
A5041297027,W3045018641,middle
A5036573386,W3045018641,middle
A5045783220,W3045018641,middle
A5021429824,W3045018641,middle
A5090881571,W3045018641,middle
A5050885963,W3045018641,middle
A5089545440,W3045018641,middle
A5041476341,W3045018641,middle
A5056571102,W3045018641,middle
A5062677104,W3045018641,middle
A5016324072,W3045018641,middle
A5023120245,W3045018641,middle
A5091536796,W3045018641,middle
A5039583602,W3045018641,middle
A5074540143,W3045018641,last
A5054596570,W3045092840,middle
A5010407079,W3045092840,middle
A5023663449,W3045092840,middle
A5034993308,W3045092840,middle
A5075308713,W3045092840,middle
A5054921280,W3045092840,middle
A5051646378,W3045092840,middle
A5067298964,W3045092840,middle
A5036088795,W3045092840,middle
A5047326447,W3045092840,middle
A5021775918,W3045092840,middle
A5035035190,W3045092840,middle
A5040250958,W3045145967,first
A5003039500,W3045146381,first
A5030211128,W3045279564,first
A5059668032,W3045279564,middle
A5041730641,W3045279564,middle
A5089812166,W3045279564,middle
A5023258418,W3045279564,last
A5091564488,W3045326432,first
A5024112187,W3045528999,last
A5041479215,W3045664003,first
A5024756989,W3045776258,first
A5080276914,W3045887873,first
A5068751690,W3045887873,middle
A5056446217,W3045887873,last
A5017202349,W3045986026,first
A5036380208,W3046044299,first
A5078061212,W3046188091,last
A5009911024,W3046314183,last
A5073493514,W3046399515,last
A5021670104,W3046579832,first
A5008918571,W3046743596,first
A5065143546,W3046787048,first
A5025241006,W3047030530,first
A5010344275,W3047030530,middle
A5055375825,W3047030530,middle
A5045655705,W3047030530,middle
A5008199244,W3047128206,first
A5053892764,W3047128727,first
A5041416082,W3047163696,first
A5070206012,W3047253077,first
A5036218382,W3047253077,middle
A5041129423,W3047253077,middle
A5019973225,W3047309162,first
A5030925160,W3047309162,last
A5072164248,W3047364521,first
A5008061172,W3047364521,middle
A5059104479,W3047364521,last
A5019652929,W3047395468,first
A5008749688,W3047556667,first
A5032965630,W3047598569,first
A5065820629,W3047716706,first
A5027141199,W3047716706,middle
A5017671713,W3047716706,last
A5073954294,W3048041918,first
A5058695238,W3048041918,last
A5035270195,W3048105996,first
A5013078154,W3048105996,middle
A5075513915,W3048105996,middle
A5089756532,W3048105996,middle
A5017581901,W3048105996,last
A5036909475,W3048251511,first
A5044165385,W3048251511,last
A5070991802,W3048421804,middle
A5014794185,W3048421804,middle
A5010374553,W3048421804,middle
A5005773574,W3048421804,middle
A5017813302,W3048421804,middle
A5010303851,W3048421804,middle
A5016016490,W3048421804,middle
A5076037662,W3048421804,middle
A5000231809,W3048421804,middle
A5068129773,W3048421804,middle
A5028514377,W3048421804,middle
A5008150310,W3048421804,last
A5054451143,W3048478914,first
A5066134934,W3048478914,middle
A5059466958,W3048497313,first
A5080079534,W3048704074,first
A5001003088,W3048704074,middle
A5075462759,W3048704074,last
A5059340793,W3048754734,first
A5072352828,W3048817612,first
A5088494085,W3048990404,first
A5000223219,W3048990404,middle
A5091182020,W3049161985,first
A5068341719,W3049203651,first
A5044838226,W3049233843,first
A5064060241,W3049256405,first
A5055883574,W3049272146,middle
A5024909213,W3049272146,last
A5053043725,W3049356157,first
A5088819989,W3049356157,middle
A5037952871,W3049356157,middle
A5021184817,W3049356157,middle
A5031326009,W3049356157,last
A5085491407,W3049408962,last
A5080534655,W3049440983,first
A5069073950,W3049508129,first
A5025954465,W3049628100,first
A5054351014,W3055548057,first
A5025536392,W3059674160,first
A5082602345,W3059674160,middle
A5081387612,W3059674160,last
A5026019092,W3067040951,first
A5073156550,W3067040951,last
A5007813649,W3077355686,first
A5017288503,W3078109347,first
A5031745578,W3080090565,middle
A5030809546,W3080155261,first
A5082299599,W3080218547,first
A5043742139,W3080236799,first
A5008463521,W3080260124,first
A5080452629,W3080302773,first
A5073952707,W3080302773,middle
A5084413042,W3080302773,middle
A5089102147,W3080302773,middle
A5032880330,W3080529967,last
A5081576052,W3080617746,first
A5087420515,W3080706551,first
A5034415763,W3080706551,middle
A5069892226,W3080706551,middle
A5077836952,W3080706551,middle
A5090743355,W3080706551,middle
A5057150027,W3080706551,middle
A5026019027,W3080706551,middle
A5046992773,W3080706551,middle
A5064205712,W3080854912,first
A5038794787,W3080881165,first
A5017785507,W3080881165,middle
A5009005286,W3080881165,last
A5022533933,W3080997067,first
A5043414998,W3081030620,first
A5046161436,W3081030620,middle
A5033235547,W3081142550,first
A5002445340,W3081142550,last
A5016009971,W3081155236,first
A5055136256,W3081168717,first
A5041343203,W3081168717,middle
A5048557075,W3081168717,middle
A5002023471,W3081168717,middle
A5035446220,W3081168717,middle
A5057381913,W3081168717,middle
A5077011861,W3081168717,last
A5027785359,W3081176370,first
A5068073661,W3081176370,last
A5039132898,W3081327616,first
A5001173593,W3081342854,first
A5022595592,W3081377780,first
A5037128649,W3081464048,first
A5030044147,W3081626584,first
A5050579122,W3081635013,first
A5051931301,W3081683948,first
A5027886471,W3081683948,last
A5071092440,W3081706874,first
A5076494044,W3081875043,first
A5011442232,W3081968455,first
A5075278584,W3081977817,first
A5089831646,W3082038866,first
A5017473749,W3082038866,last
A5078474241,W3082075495,first
A5058339107,W3082280460,first
A5047096845,W3082314318,first
A5015302853,W3082314318,last
A5046729396,W3082331759,middle
A5035919267,W3082331759,middle
A5091266202,W3082331759,middle
A5026573330,W3082331759,middle
A5001633349,W3082355756,last
A5071624591,W3082360837,first
A5021408371,W3082451414,first
A5073630959,W3082455012,middle
A5046909216,W3082455012,last
A5037865389,W3082461482,middle
A5042307666,W3082461482,last
A5047706385,W3082641319,middle
A5021408371,W3082743447,first
A5021408371,W3082851195,first
A5005944620,W3083044548,first
A5075311785,W3083044548,last
A5000983039,W3083118672,first
A5000457620,W3083244191,first
A5033582512,W3083246603,last
A5077465296,W3083434710,middle
A5059077090,W3083434710,middle
A5064586240,W3083576682,first
A5072673405,W3083576682,middle
A5038171181,W3083576682,last
A5056071907,W3083689384,middle
A5065224866,W3083788988,first
A5010766325,W3083854402,first
A5029349148,W3083897784,middle
A5014021940,W3083901423,last
A5014574034,W3083981329,first
A5035682506,W3084087368,first
A5051182263,W3084112205,first
A5038841192,W3084112205,middle
A5022835920,W3084112205,last
A5028514377,W3084153659,middle
A5030838413,W3084153659,middle
A5003431438,W3084153659,middle
A5047759693,W3084153659,middle
A5068129773,W3084153659,last
A5015284101,W3084469089,first
A5019168266,W3084885761,first
A5024679496,W3085032502,first
A5028051414,W3085032502,last
A5045112530,W3085051043,first
A5077679547,W3085051043,last
A5060474046,W3085374703,first
A5049004212,W3085419239,first
A5026978593,W3085720122,first
A5008164172,W3085793240,first
A5073018684,W3085812619,first
A5055473751,W3085812619,middle
A5046754850,W3085812619,last
A5064621861,W3086117154,first
A5003105685,W3086117154,middle
A5048354076,W3086117154,last
A5008503406,W3086307196,first
A5040673729,W3086307196,last
A5083099005,W3086411579,first
A5019203630,W3086475142,first
A5041305483,W3087195073,first
A5011424690,W3087195073,last
A5089915003,W3087497669,first
A5048831718,W3087522998,first
A5023828120,W3087769815,last
A5031987100,W3087997268,first
A5051232682,W3087997268,middle
A5049902148,W3087997268,middle
A5006522437,W3087997268,middle
A5020819380,W3087997268,middle
A5020811854,W3087997268,last
A5071592295,W3088077591,first
A5006171517,W3088327736,first
A5003019848,W3088327736,middle
A5049635189,W3088327736,middle
A5061396792,W3088411295,first
A5043977717,W3088493501,first
A5042572110,W3088531891,first
A5053808050,W3088536154,first
A5072673984,W3088557918,first
A5070208947,W3088645759,last
A5038841039,W3088657530,first
A5042759246,W3088733207,first
A5017558953,W3088734344,first
A5068974354,W3088734344,last
A5029152967,W3088767993,first
A5027822736,W3088879072,first
A5062347059,W3088879072,last
A5025428118,W3088987666,first
A5010235946,W3089081077,first
A5004630888,W3089109380,first
A5012694079,W3089152132,first
A5088624221,W3089205430,last
A5070704114,W3089256389,middle
A5055166649,W3089256389,middle
A5027922959,W3089256389,last
A5064627349,W3089269849,first
A5022275634,W3089632377,middle
A5041191772,W3089632377,last
A5037749886,W3089683788,first
A5043839779,W3089732407,middle
A5042740560,W3089732407,middle
A5026533848,W3089732407,middle
A5089436940,W3089732407,middle
A5078313144,W3089732407,middle
A5051545102,W3089732407,middle
A5065188956,W3089732407,middle
A5037516391,W3089732407,middle
A5037695598,W3089935891,first
A5061825015,W3090253714,first
A5012129922,W3090254602,middle
A5057486834,W3090351044,first
A5086840347,W3090448965,last
A5083297504,W3090564347,first
A5005376765,W3090656867,first
A5013560471,W3090656867,middle
A5030058706,W3090656867,middle
A5071218634,W3090656867,middle
A5047871627,W3090656867,last
A5036732043,W3090883313,first
A5069824701,W3090896528,first
A5009106258,W3090896528,last
A5053184142,W3090922966,first
A5041039016,W3091126598,middle
A5081687689,W3091126598,middle
A5011757387,W3091198617,first
A5042068959,W3091360126,first
A5037921616,W3091360126,middle
A5025681380,W3091360126,middle
A5002822715,W3091360126,middle
A5062788021,W3091360126,middle
A5064451296,W3091360126,middle
A5032499810,W3091360126,last
A5007027176,W3091563580,first
A5083617435,W3091563580,middle
A5036995215,W3091563580,middle
A5087620881,W3091563580,last
A5055688717,W3091679637,middle
A5053155252,W3091725441,first
A5070517688,W3091725441,last
A5075435196,W3091806823,first
A5047720335,W3091893629,first
A5035430461,W3091893629,last
A5072002399,W3091922784,first
A5035993853,W3091922784,last
A5057981936,W3091924186,first
A5064226390,W3091924186,last
A5021180789,W3091929011,last
A5056637422,W3092125451,first
A5059156106,W3092369075,first
A5088463133,W3092512361,middle
A5036675440,W3092512361,last
A5052020619,W3092647906,first
A5037759536,W3092726832,first
A5050458961,W3092733884,first
A5031929045,W3092802863,first
A5033473979,W3092865401,first
A5009771192,W3092865401,middle
A5061846947,W3092865401,last
A5055397718,W3092891519,first
A5084422764,W3092891519,middle
A5040337866,W3092891519,last
A5087365847,W3093167642,middle
A5010310886,W3093184850,first
A5018770643,W3093215309,middle
A5060035070,W3093424448,last
A5039646665,W3093598546,first
A5065726016,W3093598546,middle
A5023976633,W3093598546,last
A5023707966,W3093652532,first
A5031512949,W3093652532,middle
A5014815210,W3093652532,middle
A5064536788,W3093652532,middle
A5001512799,W3093652532,middle
A5076795282,W3093652532,middle
A5044508133,W3093652532,last
A5089359404,W3093658968,middle
A5084217038,W3093658968,middle
A5059963141,W3093708375,first
A5062090450,W3093812109,first
A5070945384,W3093866535,first
A5019091282,W3093974680,first
A5049431681,W3094052850,first
A5063242852,W3094061648,first
A5079640568,W3094090898,first
A5042632410,W3094112335,first
A5087612642,W3094129870,first
A5040575694,W3094165195,first
A5000496733,W3094224665,first
A5032917378,W3094340068,first
A5068404805,W3094340068,middle
A5071223167,W3094342838,last
A5011302867,W3094390867,first
A5008473374,W3094555248,first
A5022822400,W3094776601,first
A5011558517,W3094776601,middle
A5032784865,W3094776601,last
A5070532428,W3094826310,first
A5049843656,W3094846863,first
A5012634053,W3094952415,middle
A5083465824,W3094952415,last
A5045243632,W3095064647,first
A5049307814,W3095065968,middle
A5064165909,W3095181947,middle
A5076394591,W3095190610,first
A5086573997,W3095250238,first
A5075382131,W3095352785,first
A5005139027,W3095363041,middle
A5029180968,W3095363041,middle
A5077714259,W3095363041,last
A5011757387,W3095380326,first
A5069824701,W3095538264,first
A5009106258,W3095538264,last
A5036420255,W3095685693,first
A5041633515,W3095741881,middle
A5002493141,W3095741881,middle
A5037542917,W3095741881,last
A5081713573,W3095746315,first
A5088978244,W3096036195,first
A5037314603,W3096036195,last
A5035895421,W3096072634,first
A5084713182,W3096194197,first
A5045959475,W3096594573,first
A5022049451,W3096649371,first
A5016194780,W3096649371,middle
A5015022943,W3096649371,last
A5088645577,W3096716744,first
A5032613722,W3096852380,first
A5037122155,W3096892057,first
A5045155778,W3096986094,first
A5054436314,W3096986094,middle
A5035675158,W3096986094,middle
A5035316500,W3096986094,last
A5037374393,W3097125261,middle
A5072759190,W3097125261,last
A5087641993,W3097159324,first
A5025239159,W3097277460,first
A5055892736,W3097283476,first
A5049307814,W3097422501,middle
A5043936028,W3097548827,first
A5058404678,W3097644526,middle
A5012980516,W3097971706,middle
A5004186327,W3097971706,last
A5071372072,W3098515409,first
A5059823596,W3098515409,last
A5020702739,W3099028434,last
A5002823332,W3099094410,first
A5028308431,W3099094410,last
A5041090414,W3099114695,first
A5005923583,W3099807240,first
A5083297323,W3099904228,first
A5025443239,W3099904228,middle
A5063683092,W3099904228,last
A5001537219,W3100126309,first
A5053252363,W3100395428,first
A5046161436,W3100395428,last
A5036075504,W3100562654,first
A5016448118,W3100692058,first
A5005448213,W3100692058,middle
A5004655124,W3100692058,middle
A5077185026,W3100692058,middle
A5066884842,W3100692058,middle
A5049059629,W3100692058,middle
A5088769699,W3100692058,middle
A5043258522,W3100692058,middle
A5081335610,W3100692058,middle
A5091241236,W3100692058,middle
A5075891312,W3100692058,middle
A5067870613,W3100692058,middle
A5001444744,W3100692058,middle
A5065295796,W3100692058,middle
A5030052314,W3100692058,last
A5035876453,W3101085616,last
A5027197011,W3101115499,first
A5065809496,W3101115499,middle
A5057066503,W3101115499,middle
A5087403779,W3101115499,middle
A5033250520,W3101115499,middle
A5041314304,W3101115499,middle
A5032085931,W3101115499,middle
A5043345329,W3101115499,last
A5070612411,W3101130601,middle
A5025683296,W3101130601,last
A5052895288,W3101300206,first
A5078222344,W3101633128,middle
A5038872313,W3101633128,last
A5055909074,W3101659503,middle
A5048039077,W3101659503,last
A5001417518,W3101975386,middle
A5039613151,W3102137773,first
A5072652415,W3102217227,first
A5047189052,W3102292215,first
A5042423207,W3102292215,middle
A5009005230,W3102292215,middle
A5033443706,W3102292215,last
A5042862316,W3102306190,first
A5064309226,W3102388282,first
A5078324452,W3102388282,last
A5090502306,W3102722091,first
A5029091872,W3103368427,first
A5033162115,W3103532311,first
A5034684900,W3103786630,first
A5028033014,W3103786630,middle
A5033275018,W3103786630,last
A5030577536,W3103881087,first
A5091201289,W3104365894,first
A5013284184,W3104401501,first
A5040165854,W3104401501,last
A5033549006,W3104820292,first
A5026571629,W3104954219,last
A5079255577,W3104983527,last
A5077582032,W3105058426,first
A5041882597,W3105058426,last
A5046161436,W3105456416,middle
A5043414998,W3105456416,middle
A5053252363,W3105456416,middle
A5001315900,W3105456416,last
A5088611836,W3105461145,first
A5064027625,W3105461145,middle
A5029001932,W3105461145,last
A5060574132,W3105466888,last
A5005985934,W3105941377,middle
A5029060737,W3105959392,first
A5067555843,W3105959392,middle
A5070194221,W3105959392,last
A5014726514,W3106561920,first
A5020680203,W3106561920,middle
A5036933590,W3106561920,middle
A5034208059,W3106561920,middle
A5059803956,W3106561920,middle
A5035123841,W3106561920,last
A5028769144,W3106590720,first
A5020832986,W3106636502,first
A5047210684,W3106636502,last
A5023370414,W3106749362,first
A5082181724,W3106848651,first
A5005273293,W3106848651,middle
A5036875173,W3106848651,middle
A5057920673,W3106848651,middle
A5084652023,W3106848651,middle
A5062358756,W3106848651,middle
A5079405118,W3106848651,middle
A5012572227,W3106848651,last
A5028112274,W3106855960,first
A5010214908,W3106922780,first
A5091614921,W3106999362,first
A5059367515,W3107047865,first
A5067642720,W3107047865,middle
A5060316501,W3107101915,first
A5066547725,W3107183701,first
A5072749112,W3107183701,middle
A5078806505,W3107183701,middle
A5012922603,W3107183701,last
A5073309945,W3107269947,last
A5049576113,W3107281345,first
A5064517871,W3107281345,last
A5073925867,W3107353871,first
A5028841942,W3107380436,first
A5017401910,W3107380436,last
A5059485943,W3107474876,first
A5049308431,W3107598851,first
A5073522019,W3107625099,first
A5070471257,W3107649486,first
A5018884989,W3107649486,last
A5067277760,W3107651504,middle
A5021744271,W3107651504,last
A5089110297,W3107651948,middle
A5036452567,W3107651948,middle
A5010235946,W3107651948,middle
A5043521025,W3107703130,middle
A5064079216,W3107703130,middle
A5071221510,W3107726715,first
A5023400284,W3107726715,middle
A5018732292,W3107905805,first
A5031290861,W3107905805,middle
A5004116961,W3107905805,last
A5065058581,W3108168908,first
A5038150463,W3108168908,last
A5045262749,W3108172605,middle
A5021025872,W3108254783,first
A5048862771,W3108266492,first
A5081695777,W3108266492,last
A5055594838,W3108300668,first
A5026575568,W3108300668,middle
A5001770010,W3108300668,last
A5090620117,W3108362664,first
A5059267110,W3108520916,first
A5029770755,W3108532395,last
A5078169403,W3108573358,first
A5068085473,W3109063110,first
A5081406315,W3109075124,first
A5051331359,W3109087984,middle
A5033985539,W3109087984,last
A5014321225,W3109113092,first
A5045672176,W3109115380,first
A5040365868,W3109174939,last
A5046161436,W3109227168,middle
A5042956973,W3109363668,last
A5073683931,W3109431787,first
A5038301709,W3109431787,last
A5070054935,W3109439891,first
A5070826275,W3109464413,first
A5089110297,W3109467196,middle
A5036452567,W3109467196,middle
A5010235946,W3109467196,middle
A5079040569,W3109481157,first
A5033422078,W3109716229,first
A5075716299,W3109749018,first
A5021677581,W3109825677,first
A5002389217,W3109825677,last
A5057455578,W3109946716,first
A5061440337,W3110007645,first
A5057375203,W3110195357,first
A5049824840,W3110222406,first
A5055141678,W3110314689,first
A5027161272,W3110314689,middle
A5089206407,W3110406373,first
A5006657610,W3110492334,first
A5077264510,W3110541140,last
A5010893695,W3110547398,first
A5002368076,W3110559182,first
A5050424953,W3110575541,last
A5030498265,W3110775170,first
A5048047967,W3110775170,middle
A5084120663,W3110775170,last
A5037420527,W3110795760,first
A5091616977,W3110795760,middle
A5016315589,W3110795760,middle
A5048993786,W3110795760,last
A5048881265,W3110816742,first
A5054358677,W3110846801,first
A5078961629,W3110962353,first
A5022185101,W3111026789,first
A5037020023,W3111057158,first
A5062612313,W3111057158,last
A5068483933,W3111109011,middle
A5046024097,W3111109011,middle
A5024962589,W3111109011,middle
A5020211877,W3111109011,middle
A5084377510,W3111155817,middle
A5065058581,W3111263340,first
A5054026337,W3111263340,last
A5060098355,W3111323609,middle
A5083689159,W3111323609,last
A5008670767,W3111343432,first
A5043962386,W3111343432,last
A5063211655,W3111359169,first
A5027231751,W3111419346,first
A5032239716,W3111465317,first
A5010766325,W3111469776,first
A5020312535,W3111518855,first
A5083767132,W3111521155,first
A5089263719,W3111521155,middle
A5065429282,W3111532852,first
A5026685411,W3111571247,first
A5051641523,W3111571247,middle
A5077953037,W3111571247,middle
A5045554497,W3111571247,last
A5070859687,W3111630191,middle
A5087502169,W3111633356,last
A5025397790,W3111726396,first
A5001739163,W3111762381,first
A5076690954,W3111781226,first
A5042628188,W3111781226,middle
A5027979635,W3111781226,middle
A5073873531,W3111781226,middle
A5011004429,W3111781226,middle
A5076875507,W3111781226,middle
A5030392253,W3111781226,middle
A5080339218,W3111781226,middle
A5001981242,W3111781226,middle
A5091165056,W3111781226,middle
A5041818045,W3111781226,middle
A5016315777,W3111781226,middle
A5065588377,W3111781226,middle
A5034078220,W3111781226,middle
A5029223524,W3111781226,middle
A5044348746,W3111781226,middle
A5075574586,W3111781226,middle
A5023345062,W3111781226,middle
A5059039217,W3111781226,middle
A5017922679,W3111781226,middle
A5078355121,W3111781226,middle
A5008477678,W3111781226,middle
A5053439927,W3111781226,middle
A5041152289,W3111781226,last
A5073063936,W3111918375,first
A5091733460,W3111940130,last
A5032954059,W3111955517,first
A5042364837,W3112031063,first
A5016405947,W3112073561,first
A5016396474,W3112077167,first
A5007057565,W3112110237,last
A5035262421,W3112121805,middle
A5039528419,W3112135667,last
A5004998484,W3112252816,first
A5050370239,W3112252816,middle
A5067067102,W3112252816,last
A5012725444,W3112305172,first
A5045360354,W3112389553,first
A5002492997,W3112487567,first
A5078682625,W3112487567,last
A5029854012,W3112504289,first
A5020851893,W3112522088,first
A5078508874,W3112522088,last
A5010991422,W3112612791,first
A5083161912,W3112678490,first
A5036529804,W3112829213,first
A5005830995,W3112900654,last
A5026761119,W3112910294,middle
A5075906166,W3112992223,first
A5029812058,W3113008777,first
A5016470692,W3113008777,middle
A5064965685,W3113008777,middle
A5051577982,W3113008777,middle
A5070680912,W3113008777,middle
A5067877766,W3113008777,middle
A5055592431,W3113008777,middle
A5055471676,W3113008777,middle
A5043959034,W3113057614,first
A5089798583,W3113123027,first
A5064572676,W3113123027,last
A5028467275,W3113173217,first
A5011754510,W3113198775,middle
A5075347297,W3113285866,middle
A5045441877,W3113285866,last
A5074208572,W3113410457,first
A5067841070,W3113521250,last
A5072774427,W3113625779,middle
A5023276766,W3114567854,first
A5006849736,W3114621551,first
A5081087697,W3114974143,first
A5029465111,W3114974143,middle
A5002051179,W3114974143,middle
A5053891912,W3115264944,first
A5001198019,W3115272997,first
A5033777007,W3115460889,first
A5048144073,W3115460889,middle
A5065957545,W3115460889,middle
A5023355960,W3115460889,last
A5043174840,W3116731099,first
A5039086295,W3116731099,middle
A5058993623,W3116731099,last
A5032112040,W3117019231,first
A5003788084,W3117097962,middle
A5081279983,W3117097962,middle
A5015505615,W3117097962,last
A5015809692,W3117123403,first
A5001776489,W3117123403,middle
A5007437323,W3117123403,middle
A5076037662,W3117123403,middle
A5054694693,W3117123403,middle
A5038755219,W3117123403,middle
A5070183796,W3117123403,middle
A5064579181,W3117123403,middle
A5070183796,W3117123403,middle
A5054349784,W3117123403,middle
A5063103567,W3117123403,middle
A5016540820,W3117123403,middle
A5085101348,W3117123403,middle
A5044611564,W3117123403,middle
A5000147676,W3117123403,middle
A5080862840,W3117123403,middle
A5052236029,W3117123403,middle
A5006891506,W3117123403,middle
A5032495633,W3117123403,last
A5032811380,W3117255070,first
A5018231646,W3117255070,middle
A5052630971,W3117255070,last
A5059885970,W3117570968,first
A5060287208,W3117613994,first
A5030194016,W3117644992,first
A5025321657,W3117673824,first
A5007836692,W3118217560,first
A5026139768,W3118217560,last
A5057792892,W3118227946,first
A5053859240,W3118551035,first
A5087343966,W3118595977,middle
A5043091790,W3118595977,last
A5069708122,W3118757118,middle
A5061557902,W3118757118,middle
A5002825965,W3118757118,last
A5001315900,W3118806795,first
A5046161436,W3118806795,last
A5047189052,W3118814971,first
A5042423207,W3118814971,middle
A5009005230,W3118814971,middle
A5033443706,W3118814971,last
A5046686745,W3118978753,first
A5048831718,W3118978753,middle
A5075762173,W3118978753,middle
A5033268203,W3118978753,last
A5016067606,W3119095226,first
A5051522866,W3119138140,first
A5002405916,W3119138140,middle
A5005375361,W3119138140,middle
A5082721937,W3119138140,middle
A5008508778,W3119138140,middle
A5046038767,W3119138140,middle
A5046077655,W3119138140,middle
A5080253747,W3119138140,middle
A5081323851,W3119138140,middle
A5085590370,W3119138140,middle
A5080421284,W3119138140,middle
A5039373429,W3119138140,middle
A5023568103,W3119138140,middle
A5076322755,W3119138140,middle
A5020850598,W3119138140,middle
A5070845773,W3119138140,middle
A5084666867,W3119138140,middle
A5013354847,W3119138140,middle
A5076259556,W3119138140,middle
A5001124952,W3119138140,middle
A5079321533,W3119158503,first
A5087726704,W3119213211,last
A5057217745,W3119279121,first
A5044880947,W3119333490,first
A5046161436,W3119350309,last
A5017981647,W3119470904,first
A5007030914,W3119627236,first
A5002356861,W3119696602,middle
A5011441620,W3119696602,middle
A5075783150,W3119696602,middle
A5076603389,W3119696602,middle
A5091232593,W3119696602,middle
A5065160848,W3119696602,middle
A5022911380,W3119696602,middle
A5073788313,W3119696602,middle
A5065045559,W3119696602,middle
A5013748491,W3119696602,last
A5057217745,W3119715817,first
A5029672353,W3119715817,middle
A5013949094,W3119715817,middle
A5021804141,W3119715817,last
A5059225875,W3119856576,first
A5016925841,W3119856576,middle
A5019375557,W3119856576,middle
A5057451811,W3119856576,last
A5020081565,W3119996736,middle
A5020524914,W3119996736,middle
A5018426764,W3119996736,middle
A5042483591,W3120013163,first
A5069863336,W3120365875,first
A5081589298,W3120474688,first
A5060792527,W3120474688,middle
A5000626064,W3120474688,last
A5072256853,W3120620923,middle
A5039092039,W3120765561,first
A5022509823,W3120858115,first
A5017846232,W3120868794,first
A5076307665,W3120942574,first
A5020642697,W3120962174,first
A5029477698,W3121100737,first
A5051536816,W3121100737,middle
A5072967825,W3121100737,middle
A5029906183,W3121100737,last
A5018970859,W3121322275,first
A5047545398,W3121322275,middle
A5066851412,W3121322275,middle
A5071458554,W3121322275,middle
A5060924942,W3121322275,middle
A5032690182,W3121322275,last
A5032202233,W3121324712,last
A5064582387,W3121445812,last
A5023097257,W3121804892,first
A5036522852,W3121958551,last
A5048441223,W3122244752,first
A5024026339,W3122559033,first
A5053370786,W3122559033,last
A5061693687,W3122644008,first
A5003994096,W3123058408,middle
A5028454261,W3123058408,last
A5071387350,W3123086087,first
A5081780135,W3123086087,middle
A5022725672,W3123086087,middle
A5082219323,W3123533598,first
A5019401800,W3123533598,last
A5005160651,W3123875387,middle
A5011201862,W3123875387,last
A5000758809,W3123889511,middle
A5055926411,W3123889511,middle
A5043163197,W3123889511,last
A5090507199,W3123970813,middle
A5051710833,W3124194343,middle
A5045523514,W3124436655,first
A5038006932,W3124809167,first
A5085867312,W3124809167,middle
A5052362530,W3124809167,middle
A5045025939,W3124809167,last
A5013284184,W3124846843,first
A5040165854,W3124846843,last
A5045276928,W3125161410,first
A5078477644,W3125161410,middle
A5039313547,W3125161410,middle
A5066887666,W3125161410,middle
A5008779866,W3125226391,first
A5021420035,W3125298265,first
A5054358438,W3125298265,middle
A5042893723,W3125298265,last
A5001197700,W3125544997,first
A5027300904,W3125544997,last
A5010170836,W3125588367,middle
A5043371007,W3125588367,middle
A5080584890,W3125630330,first
A5053219620,W3125630330,middle
A5028185334,W3125630330,middle
A5024706998,W3125630330,last
A5065530392,W3125704864,middle
A5062590656,W3125704864,middle
A5074230812,W3125704864,middle
A5079528743,W3125704864,middle
A5047688110,W3125704864,middle
A5023389483,W3125704864,middle
A5080583512,W3125704864,middle
A5017391357,W3125704864,middle
A5010656962,W3125704864,middle
A5090494761,W3125983698,first
A5036031567,W3126007107,middle
A5012722763,W3126047436,first
A5075261175,W3126132225,first
A5081263940,W3126201707,last
A5027631864,W3126210936,first
A5074793461,W3126216662,middle
A5081045720,W3126216662,middle
A5042968831,W3126216662,middle
A5081892468,W3126216662,last
A5004705404,W3126253815,first
A5036620672,W3126253815,middle
A5023693482,W3126253815,middle
A5025517633,W3126253815,middle
A5062355386,W3126253815,last
A5091193777,W3126333872,last
A5070576368,W3126367319,middle
A5075074862,W3126382591,first
A5048808707,W3126382591,middle
A5007020267,W3126382591,last
A5054423333,W3126427770,first
A5019790831,W3126468562,first
A5086184460,W3126538527,first
A5064237093,W3126730263,first
A5074812408,W3126730263,middle
A5037258994,W3126730263,last
A5042756510,W3126752091,first
A5013017858,W3126802702,first
A5062470557,W3126802702,middle
A5057819241,W3126802702,middle
A5061294964,W3126802702,last
A5088056423,W3126958778,first
A5007001727,W3126998744,first
A5042341446,W3127038005,first
A5038303910,W3127078345,middle
A5022129791,W3127078345,middle
A5058763138,W3127078345,middle
A5035945106,W3127081255,last
A5089527287,W3127197886,first
A5072869049,W3127197886,middle
A5002322091,W3127197886,middle
A5087993837,W3127197886,middle
A5035524518,W3127197886,middle
A5003581663,W3127197886,middle
A5022536484,W3127197886,last
A5082620366,W3127247686,first
A5054766340,W3127247686,middle
A5062749726,W3127280045,middle
A5041481200,W3127297001,middle
A5069224106,W3127297001,middle
A5056256865,W3127297001,middle
A5061827291,W3127297001,last
A5067137116,W3127483926,last
A5075909126,W3127528943,first
A5003730821,W3127529567,first
A5075624633,W3127533615,first
A5046825884,W3127556395,first
A5074216915,W3127556395,last
A5075072257,W3127605692,first
A5076062154,W3127605692,middle
A5048192009,W3127682479,first
A5069788935,W3127686347,first
A5045134294,W3127694229,first
A5013219278,W3127736199,first
A5091841785,W3127795500,first
A5057779408,W3127991972,first
A5077791783,W3127991972,last
A5005077032,W3128081759,first
A5058372253,W3128102033,middle
A5083288581,W3128102033,middle
A5083820692,W3128187913,first
A5004209265,W3128203025,first
A5087092192,W3128230042,first
A5068872460,W3128409837,last
A5083299860,W3128458919,first
A5046728156,W3128567909,middle
A5034164853,W3128609457,middle
A5000495329,W3128627273,last
A5064560178,W3128740643,first
A5066278291,W3128740643,middle
A5087288927,W3128740643,last
A5049067289,W3128768195,last
A5044693108,W3128894860,first
A5072504074,W3128922527,first
A5004455999,W3129024136,first
A5084022068,W3129041044,first
A5070571073,W3129041044,middle
A5054847131,W3129041044,middle
A5003267472,W3129041044,middle
A5016628075,W3129041044,middle
A5032673633,W3129041044,middle
A5026756017,W3129041044,middle
A5067461124,W3129041044,middle
A5055477224,W3129041044,middle
A5076154096,W3129041044,middle
A5057463002,W3129041044,last
A5074161691,W3129115416,first
A5091274925,W3129163695,last
A5003436299,W3129182396,first
A5005657734,W3129198405,first
A5084834971,W3129349686,first
A5002372576,W3129349686,middle
A5004788238,W3129349686,middle
A5083368958,W3129349686,last
A5057870704,W3129682419,first
A5075982623,W3129682419,middle
A5072137882,W3129682419,middle
A5072977400,W3129682419,last
A5082751082,W3129717250,first
A5011240775,W3129823430,first
A5031629428,W3130231677,first
A5073008404,W3130352195,first
A5035226116,W3130450873,first
A5025652541,W3130765067,last
A5029344924,W3130801209,first
A5049846164,W3130972318,first
A5068297588,W3131259019,first
A5047400832,W3131259019,last
A5064769848,W3131435282,last
A5018389729,W3131502448,first
A5089080834,W3131590508,first
A5066127035,W3131590508,last
A5054133069,W3131605942,last
A5033503222,W3131679810,middle
A5049227778,W3131679810,middle
A5056344229,W3131679810,middle
A5022322545,W3131679810,middle
A5036662090,W3131679810,middle
A5057731201,W3131679810,middle
A5050063399,W3131679810,middle
A5080466811,W3131679810,middle
A5013055603,W3131679810,middle
A5083269530,W3131679810,middle
A5019762038,W3131679810,middle
A5064818350,W3131679810,middle
A5026654948,W3131679810,middle
A5028459456,W3131679810,last
A5084580637,W3131855844,first
A5085583761,W3131860166,first
A5026461882,W3131931745,first
A5020609129,W3132515195,last
A5029260213,W3132528979,first
A5023095072,W3132528979,middle
A5077630267,W3132528979,middle
A5042645593,W3132528979,middle
A5032634346,W3132528979,middle
A5018349566,W3132528979,middle
A5016547705,W3132528979,middle
A5066171121,W3132528979,last
A5013684663,W3132530204,first
A5029260213,W3132659672,first
A5023095072,W3132659672,middle
A5077630267,W3132659672,middle
A5042645593,W3132659672,middle
A5032634346,W3132659672,middle
A5008993224,W3132659672,middle
A5016547705,W3132659672,middle
A5066171121,W3132659672,last
A5016398197,W3133653613,first
A5025441468,W3133653613,middle
A5080268592,W3133653613,middle
A5044109494,W3133653613,middle
A5007114615,W3133653613,middle
A5001494118,W3133653613,last
A5030088050,W3133675505,first
A5041169322,W3133675505,last
A5084837357,W3133731953,first
A5029045409,W3133731953,last
A5052613977,W3133869827,first
A5012411827,W3133869827,last
A5010789167,W3133914275,first
A5033714709,W3133914275,middle
A5051717915,W3133914275,last
A5056624697,W3134121088,first
A5011963229,W3134121088,middle
A5084477919,W3134121088,middle
A5040343411,W3134121088,last
A5022221149,W3134399469,first
A5074698656,W3134443623,first
A5090549590,W3134443623,middle
A5033783997,W3134443623,middle
A5062641378,W3134443623,last
A5061181605,W3134679537,first
A5055990328,W3134679537,last
A5043510439,W3134948258,last
A5032132302,W3135118270,middle
A5060779928,W3135118270,last
A5018955809,W3135416353,middle
A5027133129,W3135467469,first
A5057874024,W3135865423,first
A5051770259,W3135866713,first
A5041284007,W3135882087,middle
A5049501108,W3135882087,last
A5077986724,W3136187893,first
A5058134775,W3136219108,middle
A5056126237,W3136406038,first
A5056949028,W3136414117,first
A5086692411,W3136657431,first
A5042417199,W3136933302,first
A5056949028,W3137096950,first
A5056949028,W3137658742,first
A5083424224,W3138115223,first
A5062626027,W3138525573,first
A5066134934,W3138839864,last
A5056120976,W3139160160,first
A5046185595,W3139160160,last
A5031928229,W3139989147,first
A5037300156,W3141302030,first
A5026047921,W3141839283,middle
A5078640796,W3141839283,last
A5012112934,W3142633387,first
A5064194723,W3142672297,first
A5033807547,W3142672297,middle
A5039179326,W3142672297,last
A5012703845,W3142944403,first
A5007539307,W3142944403,middle
A5053047768,W3142944403,middle
A5050632678,W3142944403,middle
A5087747771,W3142944403,middle
A5033770251,W3142944403,middle
A5070087769,W3146468541,first
A5044874061,W3146761576,first
A5042417199,W3148015003,first
A5050959554,W3148834713,first
A5006576758,W3150356134,first
A5063122221,W3150839468,first
A5036129923,W3150839468,middle
A5058536471,W3150839468,middle
A5049613948,W3150839468,last
A5064297795,W3152561903,first
A5036652100,W3152561903,middle
A5034035589,W3152561903,middle
A5012624479,W3152561903,last
A5029327187,W3152971911,first
A5049783208,W3153289191,first
A5008896099,W3153289191,middle
A5062942647,W3153289191,middle
A5032995621,W3153289191,last
A5069159297,W3153478147,first
A5033410863,W3153593081,first
A5079479658,W3153627489,middle
A5062265479,W3153627489,last
A5016073810,W3153770522,middle
A5079689448,W3153770522,middle
A5046011595,W3155692466,first
A5030419884,W3155714592,first
A5064297795,W3156123239,first
A5036652100,W3156123239,middle
A5034035589,W3156123239,middle
A5070311873,W3156123239,last
A5074990328,W3156232184,first
A5017910402,W3156451637,first
A5076292365,W3156451637,last
A5083254496,W3156682754,first
A5077681143,W3156682754,middle
A5073069826,W3156682754,middle
A5012141433,W3156682754,middle
A5025307528,W3156682754,last
A5030995906,W3156930796,first
A5019699926,W3156930796,middle
A5015435363,W3156930796,last
A5012327305,W3156999381,middle
A5026337102,W3156999381,middle
A5040552536,W3156999381,middle
A5046463152,W3156999381,middle
A5064849919,W3156999381,middle
A5049974756,W3156999381,last
A5026187965,W3157058464,first
A5023901085,W3157187498,first
A5059038746,W3157187498,last
A5027974999,W3157215328,first
A5078494492,W3157264772,first
A5029321323,W3157264772,last
A5084335662,W3157358572,middle
A5046572706,W3157430684,middle
A5042351913,W3157430684,middle
A5081865065,W3157430684,middle
A5076868054,W3157430684,middle
A5059384233,W3157430684,middle
A5025630415,W3157430684,middle
A5031695011,W3157430684,middle
A5042210961,W3157430684,last
A5072467034,W3157459233,first
A5065975369,W3157554995,first
A5017843507,W3157711633,last
A5086183383,W3157829358,last
A5014430969,W3158010262,middle
A5022937380,W3158010262,last
A5082312359,W3158056322,first
A5030916605,W3158085883,first
A5053453500,W3158094362,first
A5045513405,W3158157024,first
A5077778073,W3158184585,first
A5062974432,W3158197735,first
A5067060900,W3158197735,middle
A5049539336,W3158197735,middle
A5012406342,W3158197735,middle
A5020578518,W3158197735,last
A5022491121,W3158212986,first
A5053484004,W3158292099,first
A5025891766,W3158321823,first
A5068608218,W3158473055,first
A5066799187,W3158473055,last
A5058468231,W3158557828,first
A5006166354,W3158647404,first
A5072640757,W3158647404,middle
A5047196019,W3158647404,middle
A5059447545,W3158647404,middle
A5083252662,W3158647404,middle
A5072434673,W3158647404,middle
A5086391323,W3158647404,middle
A5014293815,W3158647404,last
A5033022623,W3158672885,first
A5011017632,W3158708773,first
A5060621251,W3158723480,first
A5047605634,W3158723480,last
A5051297329,W3158867687,first
A5019831483,W3158967543,first
A5049783208,W3159387210,first
A5008896099,W3159387210,middle
A5009919646,W3159387210,middle
A5062718839,W3159387210,last
A5049065173,W3159393394,first
A5061828516,W3159522480,first
A5002335439,W3159522480,middle
A5039326461,W3159522480,middle
A5017181523,W3159522480,middle
A5035655422,W3159522480,middle
A5023292624,W3159522480,last
A5055915541,W3159659609,first
A5059766027,W3159678891,first
A5001944693,W3159760716,first
A5042417199,W3159764445,first
A5019862473,W3159875389,first
A5031562446,W3159908905,first
A5084220255,W3159908905,last
A5048876124,W3160340090,middle
A5065905115,W3160378705,first
A5062498719,W3160378705,last
A5068663267,W3160509619,middle
A5080000953,W3160622353,first
A5064267107,W3161102526,last
A5050431501,W3161141400,first
A5077213658,W3161872186,first
A5073868327,W3162540698,middle
A5088043874,W3162540698,middle
A5048933560,W3162705074,middle
A5054494157,W3163038317,first
A5082586707,W3163234071,first
A5015318654,W3163356134,first
A5091636463,W3163356134,middle
A5083068075,W3163356134,last
A5071473719,W3163401307,first
A5041324718,W3163401307,middle
A5049404336,W3163401307,middle
A5036553930,W3163401307,last
A5019626706,W3163551246,first
A5029712431,W3163551246,middle
A5051527350,W3163813124,first
A5012046955,W3164556430,last
A5075024109,W3164583892,first
A5071287072,W3164912100,middle
A5059306499,W3164930721,first
A5076192388,W3164964837,last
A5053519705,W3164994391,first
A5000738444,W3165145733,first
A5015745621,W3165616865,first
A5069269485,W3165873395,middle
A5052062369,W3165873395,middle
A5047509840,W3165873395,middle
A5048817674,W3165873395,last
A5073869313,W3166032518,middle
A5067608481,W3166032518,last
A5068609612,W3166243423,first
A5068665759,W3166318050,first
A5061589828,W3166548723,first
A5030646218,W3166548723,last
A5008552456,W3166572973,first
A5041750849,W3166836748,first
A5085432173,W3166836748,last
A5053154245,W3167002503,first
A5072187647,W3167079169,first
A5089729082,W3167082790,first
A5090350675,W3167244957,first
A5049813927,W3167560491,first
A5042113548,W3167560491,middle
A5054773493,W3167560491,middle
A5013637341,W3167560491,last
A5015684836,W3167573925,first
A5018715298,W3167573925,last
A5076192958,W3168028517,first
A5003716089,W3168028517,middle
A5006822225,W3168028517,last
A5045174601,W3168443474,first
A5019091548,W3168598143,middle
A5073526545,W3168706831,first
A5021985676,W3169015098,first
A5022085350,W3169023909,first
A5000326339,W3169023909,middle
A5046190366,W3169023909,middle
A5076957705,W3169023909,middle
A5054311014,W3169023909,middle
A5064610790,W3169023909,middle
A5026752792,W3169023909,last
A5006156324,W3169183473,first
A5071894884,W3169189860,first
A5010094282,W3169516248,middle
A5026025555,W3169516248,middle
A5045638990,W3169516248,middle
A5087306226,W3169516248,last
A5087421133,W3170002813,last
A5047617325,W3170541254,middle
A5086003651,W3170541254,middle
A5013649154,W3170768122,first
A5076177386,W3170805320,first
A5041896662,W3170805320,last
A5004322016,W3170885115,first
A5084816098,W3170912327,first
A5022439875,W3170912327,last
A5090816162,W3171022722,first
A5068770220,W3171182502,middle
A5023693482,W3171182502,middle
A5024882989,W3171243749,first
A5073646553,W3171427671,last
A5082393813,W3171597358,middle
A5059069927,W3171597358,last
A5032618330,W3171612191,last
A5010705375,W3171701415,first
A5057242256,W3171701415,middle
A5071123956,W3171701415,last
A5015234444,W3171947161,first
A5077839282,W3171947161,last
A5085753044,W3172072299,first
A5083611404,W3172250139,first
A5070083527,W3172250139,middle
A5071906892,W3172250139,last
A5075933472,W3172365157,first
A5027269321,W3172405024,first
A5051807932,W3172431408,middle
A5086910573,W3173491062,first
A5073818070,W3173787338,first
A5017599308,W3174079897,first
A5055983666,W3174945306,first
A5036503167,W3174945306,middle
A5019466280,W3174945306,middle
A5029638955,W3174945306,middle
A5024831674,W3174945306,middle
A5031108297,W3174945306,middle
A5076723837,W3174945306,middle
A5056479939,W3174945306,last
A5057476940,W3174970743,first
A5076330818,W3175125540,first
A5069503654,W3175125540,middle
A5047559976,W3175125540,middle
A5021285113,W3175125540,middle
A5037079622,W3175125540,middle
A5073251342,W3175125540,middle
A5044790106,W3175125540,middle
A5061324089,W3175125540,middle
A5008172411,W3175664223,first
A5060018814,W3176353713,first
A5024160125,W3176656987,first
A5076811550,W3176656987,middle
A5041531941,W3177014312,first
A5017973337,W3177229752,middle
A5022936435,W3177229752,middle
A5042488915,W3177229752,middle
A5068858286,W3177229752,middle
A5085312381,W3177229752,middle
A5077654276,W3177339700,middle
A5064339184,W3177339700,middle
A5023322023,W3177339700,last
A5039551297,W3177485323,first
A5025902878,W3177799738,first
A5017364044,W3178265821,first
A5035300094,W3178813589,first
A5088560163,W3178813589,last
A5011764709,W3179072548,middle
A5070083527,W3179645723,first
A5083611404,W3179645723,middle
A5055719679,W3179645723,middle
A5037054850,W3179645723,middle
A5043809260,W3179645723,middle
A5071906892,W3179645723,last
A5081187548,W3179735388,first
A5078299090,W3179735388,middle
A5040197484,W3179864921,first
A5079707778,W3179864921,middle
A5089753073,W3179864921,middle
A5047144831,W3179864921,middle
A5056297982,W3179864921,last
A5038502187,W3183303662,first
A5041083354,W3183481569,last
A5054177966,W3183484974,first
A5016899033,W3183600349,first
A5044689489,W3183952640,first
A5015402167,W3183952640,middle
A5061694501,W3183952640,last
A5000632644,W3184016009,first
A5008228864,W3184016009,last
A5042569660,W3184202565,first
A5058140320,W3184460259,first
A5082509016,W3184580566,first
A5009382583,W3184580566,middle
A5087189799,W3184580566,last
A5063219013,W3184628606,first
A5079178897,W3184628606,middle
A5014130456,W3184628606,middle
A5003888744,W3184628606,middle
A5069430853,W3184887512,first
A5070818360,W3185131070,first
A5075314083,W3185225919,last
A5005196305,W3185286432,first
A5059825959,W3185337839,first
A5004705547,W3185337839,last
A5036175686,W3185535616,first
A5088216194,W3185851678,first
A5090466927,W3185851678,last
A5075933472,W3186168487,first
A5020760374,W3186292250,first
A5082761102,W3186292250,middle
A5034598116,W3186292250,last
A5069749526,W3186357210,first
A5032277694,W3186357210,middle
A5076250405,W3186904141,middle
A5021872235,W3187304420,first
A5079451755,W3188306843,first
A5012907604,W3188789934,first
A5054015236,W3189001125,middle
A5040847892,W3189001125,last
A5023982643,W3189104525,last
A5002661723,W3189111139,first
A5025443239,W3189111139,middle
A5016345745,W3189111139,last
A5036964208,W3189313895,middle
A5051421956,W3189313895,middle
A5061457273,W3189313895,middle
A5071474601,W3189313895,middle
A5000458499,W3189313895,middle
A5015039645,W3189313895,middle
A5001820242,W3189313895,middle
A5071500118,W3189313895,last
A5023415910,W3189463845,last
A5077395641,W3189769118,first
A5045002167,W3189769118,last
A5004902033,W3190805166,first
A5090070137,W3191937468,first
A5084958201,W3192007796,first
A5049195766,W3192760931,last
A5037761563,W3193337159,first
A5007970140,W3193815298,first
A5030709763,W3193815298,last
A5084696173,W3193869015,middle
A5039736443,W3193869015,middle
A5033320953,W3194492779,last
A5072826092,W3195215654,first
A5063337671,W3195348500,first
A5080019599,W3195348500,middle
A5027308226,W3195348500,last
A5073152746,W3195354285,last
A5043910633,W3195386871,middle
A5027251616,W3195386871,last
A5044470378,W3195642702,first
A5018976041,W3195687302,middle
A5033795271,W3195687302,last
A5062786685,W3195691052,first
A5072298345,W3195762448,first
A5019436543,W3195762448,last
A5000193182,W3195821161,first
A5012906113,W3195821161,last
A5020257116,W3196008613,first
A5090621538,W3196008613,middle
A5019287525,W3196008613,middle
A5026492466,W3196008613,middle
A5043569238,W3196008613,last
A5006576758,W3197416278,first
A5037004216,W3197598504,first
A5056480178,W3197598504,last
A5047256071,W3197659846,first
A5025296931,W3198799592,first
A5053656527,W3198799592,middle
A5013723473,W3198987881,first
A5072712347,W3198987881,middle
A5026770450,W3198987881,middle
A5064452080,W3198987881,last
A5044524264,W3199338177,first
A5013958949,W3199538707,last
A5029804153,W3199591697,first
A5021360989,W3200826768,first
A5063947704,W3200826768,middle
A5087768446,W3200826768,last
A5087677666,W3201155233,first
A5086627251,W3201459285,last
A5043885374,W3201918386,first
A5064194723,W3202121951,first
A5033807547,W3202121951,middle
A5032055040,W3202121951,last
A5069487468,W3203426308,first
A5059026046,W3203564282,first
A5042689635,W3204497529,first
A5013723003,W3204497529,middle
A5083742409,W3204497529,last
A5075347297,W3204776434,middle
A5045441877,W3204776434,last
A5023156166,W3205101341,first
A5053441787,W3205101341,middle
A5043934410,W3205101341,middle
A5080064511,W3205101341,middle
A5009605341,W3205101341,middle
A5009454818,W3205101341,middle
A5076682633,W3205101341,last
A5082846082,W3205929624,first
A5044614919,W3205929624,middle
A5053743883,W3205929624,last
A5073481605,W3206170720,first
A5088948389,W3206268394,first
A5041044626,W3207124094,first
A5055077728,W3207279529,last
A5054278005,W3207432129,first
A5068794894,W3207491678,first
A5012679937,W3207491678,middle
A5079875785,W3207491678,last
A5034117304,W3207636062,first
A5010462669,W3207636062,middle
A5022265260,W3207636062,middle
A5030396913,W3207636062,middle
A5000579736,W3207636062,middle
A5013876598,W3207636062,middle
A5026601861,W3207636062,middle
A5072948963,W3207636062,middle
A5078550638,W3207636062,last
A5025196149,W3207841962,first
A5011439998,W3207972432,first
A5048057594,W3208159873,last
A5078889751,W3208471027,first
A5080855361,W3209029716,first
A5038399173,W3209082119,first
A5032239142,W3209082119,middle
A5075658282,W3209082119,middle
A5017623428,W3209186542,first
A5073818070,W3209246088,first
A5086501723,W3209704598,first
A5057674986,W3210155506,first
A5060910522,W3210225288,last
A5068643781,W3211063474,first
A5087317151,W3211063474,last
A5065309220,W3211197879,middle
A5023956644,W3211197879,last
A5000729724,W3211976205,first
A5042417199,W3212024169,first
A5056949028,W3212126775,first
A5089991316,W3212408496,first
A5023607358,W3212497788,first
A5088651272,W3212497788,middle
A5010612676,W3212497788,middle
A5028661410,W3212497788,last
A5043378003,W3212567773,first
A5085536816,W3212624043,middle
A5065975371,W3212624043,middle
A5017145937,W3212624043,middle
A5032671971,W3212624043,last
A5056386988,W3212863212,middle
A5055287301,W3213641274,first
A5015577064,W3213641274,middle
A5072692556,W3213641274,last
A5012485228,W3214004908,first
A5088997653,W3214004908,middle
A5007286007,W3214004908,middle
A5020986496,W3214004908,last
A5048238798,W3214037912,first
A5070872588,W3214512871,last
A5038448350,W3214939879,first
A5005885438,W3214939879,middle
A5041675012,W3214939879,last
A5061631773,W3214961229,first
A5055172844,W3214961229,last
A5060656142,W3215064778,middle
A5076130972,W3215064778,middle
A5041874420,W3215064778,middle
A5054789141,W3215064778,last
A5066357741,W3215096525,first
A5013771586,W3215096525,middle
A5046807261,W3215096525,middle
A5083591735,W3215096525,last
A5060556706,W3215165145,first
A5029334145,W3215519364,middle
A5081455901,W3215663328,first
A5008949994,W3215663328,middle
A5002947923,W3215663328,middle
A5088823199,W3215663328,middle
A5064713691,W3215663328,last
A5042438173,W3215683134,first
A5026321844,W3215794563,first
A5068019419,W3215897053,first
A5075046931,W3216106200,first
A5023718023,W3216106200,middle
A5029702386,W3216106200,last
A5010550929,W3216145933,middle
A5040298130,W3216145933,middle
A5015666309,W3216145933,middle
A5060589724,W3216145933,last
A5054701243,W3216242806,first
A5075976469,W3216242806,last
A5059216612,W3216310717,middle
A5037400441,W3216310717,last
A5045869528,W3216436222,middle
A5050431669,W3216436222,middle
A5015086577,W3216436222,last
A5015092734,W3216506177,first
A5061915609,W3216506177,middle
A5076389260,W3216506177,last
A5080897773,W3216535432,first
A5059628697,W3216535432,last
A5072984614,W3216724237,middle
A5074847953,W3217087792,first
A5042113474,W3217166335,first
A5060743876,W3217166335,middle
A5018729334,W3217166335,middle
A5002322874,W3217166335,middle
A5034901562,W3217166335,last
A5008122101,W3217261233,first
A5079130287,W3217261233,last
A5008740510,W3217313412,first
A5042050677,W3217313412,last
A5007242502,W3217374391,first
A5057859690,W3217374391,middle
A5076587308,W3217374391,middle
A5029908092,W3217374391,last
A5018301758,W3217425412,first
A5049119811,W3217425412,last
A5001989498,W3217465941,middle
A5051781135,W3217608058,last
A5017908221,W3217630090,first
A5018591333,W3217630090,middle
A5039515472,W3217630090,middle
A5055111984,W3217630090,middle
A5034543991,W3217630090,middle
A5008211251,W3217630090,middle
A5030274190,W3217630090,last
A5069400101,W3217635600,first
A5014572381,W3217719471,first
A5090630624,W3217719471,last
A5045735258,W4205474571,first
A5070327607,W4205500709,first
A5072002399,W4205572439,first
A5035993853,W4205572439,last
A5030396613,W4205615126,first
A5055717338,W4205618960,last
A5029337495,W4205775847,first
A5069813871,W4205901557,first
A5028574240,W4205901557,middle
A5015191505,W4205901557,middle
A5080171014,W4205901557,middle
A5060871714,W4205901557,middle
A5054529234,W4205901557,middle
A5004082765,W4205901557,middle
A5027384216,W4205987813,last
A5087880464,W4206197058,first
A5046711959,W4206267224,first
A5074751992,W4206423834,first
A5017042977,W4206423834,last
A5042833743,W4206654571,first
A5058808272,W4206705936,first
A5008517596,W4206824190,first
A5000813701,W4206851805,first
A5015742012,W4206851805,last
A5004960011,W4206854958,first
A5026515643,W4206854958,middle
A5024774718,W4206854958,last
A5034930946,W4207089404,first
A5036652880,W4207089404,middle
A5027852213,W4207089404,middle
A5024074640,W4207089404,middle
A5089868302,W4207089404,last
A5059351460,W4210289936,first
A5076735683,W4210537101,first
A5079041273,W4210537101,last
A5025555145,W4210586704,first
A5018840266,W4210586704,last
A5037804822,W4210712153,first
A5089659001,W4210897057,first
A5011009931,W4210897057,middle
A5037378460,W4210897057,last
A5062626027,W4211134037,first
A5076741093,W4211212245,first
A5039563504,W4211253461,first
A5068922552,W4213037324,first
A5066494201,W4213193718,first
A5063114477,W4213205998,first
A5031388579,W4213277800,first
A5026971062,W4213277800,last
A5063307080,W4214540982,first
A5068591174,W4214869507,first
A5065058581,W4229534113,first
A5001659208,W4229906348,first
A5079337472,W4229993089,first
A5065058581,W4230102009,first
A5054026337,W4230102009,last
A5022785992,W4230187102,first
A5026873448,W4230187570,first
A5036929864,W4230187570,last
A5089868302,W4230195775,first
A5048208600,W4230195775,middle
A5008474318,W4230195775,middle
A5090071529,W4230195775,middle
A5006966951,W4230195775,middle
A5058678073,W4230195775,middle
A5041689611,W4230195775,middle
A5022785992,W4230316920,first
A5041855932,W4230657958,first
A5056257612,W4230683124,first
A5018083511,W4231017884,first
A5036402783,W4231129357,first
A5014812483,W4231184795,first
A5016407219,W4231186596,first
A5048038528,W4231247584,first
A5035188278,W4231381739,first
A5073256902,W4231381739,last
A5013220803,W4231516410,first
A5023498919,W4231933676,first
A5040136820,W4232062531,first
A5066684090,W4232062531,middle
A5049896579,W4232062531,last
A5030773387,W4232419010,first
A5078238140,W4232419010,middle
A5072714893,W4232419010,middle
A5052154530,W4232419010,middle
A5064876632,W4232419010,middle
A5031884293,W4232419010,last
A5023172358,W4232445709,first
A5013221359,W4232490746,first
A5047458650,W4232490746,middle
A5028652972,W4233100622,first
A5020682058,W4233132320,first
A5029477698,W4234103627,first
A5043499130,W4234103627,last
A5060914810,W4234180198,last
A5058090583,W4234225742,first
A5019809127,W4234225742,last
A5021005657,W4234349435,middle
A5088241503,W4234349435,middle
A5085370379,W4235293129,first
A5036277144,W4235293129,middle
A5083911741,W4235293129,last
A5067062326,W4235339972,first
A5024802719,W4235657992,first
A5083888377,W4236120811,first
A5070027851,W4236249545,first
A5013715271,W4236378739,last
A5025403828,W4236569633,first
A5079353601,W4236569633,last
A5022710004,W4236695749,first
A5001896432,W4236804104,first
A5075252209,W4236819725,first
A5014430969,W4237011217,middle
A5022937380,W4237011217,last
A5038219325,W4237203348,first
A5091127487,W4237203348,middle
A5032917378,W4237321010,first
A5068404805,W4237321010,last
A5008192758,W4237570488,first
A5085034198,W4237570488,middle
A5053822658,W4237570488,last
A5014667779,W4237601566,first
A5044940414,W4237601566,middle
A5003799782,W4237601566,last
A5066497802,W4237683930,first
A5074877434,W4237995426,first
A5046992958,W4237995426,middle
A5020758859,W4237995426,middle
A5075714773,W4237995426,middle
A5018206410,W4237995426,middle
A5030729311,W4237995426,middle
A5052125071,W4237995426,last
A5062974432,W4238047985,first
A5067060900,W4238047985,middle
A5039167459,W4238047985,middle
A5012406342,W4238047985,last
A5087729896,W4238081366,first
A5064388012,W4238081366,middle
A5040470873,W4238081366,middle
A5047212870,W4238081366,middle
A5029477698,W4238225855,first
A5043499130,W4238225855,middle
A5024556694,W4238225855,middle
A5010058559,W4238225855,middle
A5058323326,W4238225855,middle
A5009378471,W4238225855,middle
A5067758248,W4238225855,last
A5018345920,W4238252069,first
A5015550807,W4238252069,last
A5012666972,W4238259792,first
A5010017817,W4238272677,last
A5041403630,W4238493505,first
A5037271099,W4239047602,first
A5073614259,W4239248406,first
A5019063847,W4239359361,first
A5059249051,W4239522436,first
A5032917378,W4239652100,first
A5068404805,W4239652100,middle
A5019652929,W4239652749,first
A5073310646,W4239912465,first
A5000247223,W4240040994,last
A5063368827,W4240162357,first
A5065058581,W4240190756,first
A5019494994,W4240190756,middle
A5054256492,W4240190756,last
A5039132898,W4240191948,first
A5050579122,W4240360623,first
A5057077584,W4240500532,first
A5065058581,W4241140090,first
A5049335972,W4241747557,first
A5010214908,W4241877038,first
A5081501592,W4242062364,first
A5060743057,W4242062364,middle
A5014273469,W4242062364,middle
A5029342915,W4242062364,last
A5064003451,W4242075092,first
A5074364552,W4242132462,first
A5057428477,W4242436782,first
A5018046405,W4242436782,middle
A5035034730,W4242436782,last
A5023682609,W4242874124,first
A5043350556,W4243002486,first
A5010236948,W4243053967,first
A5019973220,W4243054387,middle
A5061265712,W4243054387,middle
A5054972208,W4243054387,middle
A5083782829,W4243054387,middle
A5041525365,W4243054387,middle
A5086391245,W4243054387,middle
A5078262996,W4243054387,middle
A5054894259,W4243054387,middle
A5080953522,W4243054387,middle
A5023547977,W4243054387,middle
A5033551115,W4243054387,middle
A5027798938,W4243054387,middle
A5077833912,W4243054387,middle
A5086384395,W4243054387,middle
A5022801040,W4243054387,middle
A5041046766,W4243054387,last
A5026056952,W4243313839,first
A5065058581,W4243372826,first
A5035695000,W4244998934,first
A5040661266,W4244998934,middle
A5085302003,W4245082138,first
A5026422324,W4245249032,first
A5041107015,W4245311775,last
A5057731203,W4245395617,first
A5005427753,W4245395617,middle
A5010998870,W4245406983,first
A5090657067,W4245774269,first
A5028324163,W4245935665,middle
A5017202349,W4245980411,first
A5077817294,W4246302450,middle
A5014541330,W4246302450,last
A5078986867,W4246736413,first
A5010960506,W4246785623,first
A5031686114,W4246814061,first
A5007042240,W4246814061,last
A5019762150,W4247319363,first
A5063130631,W4247348155,first
A5034064110,W4247348155,middle
A5082184769,W4247348155,middle
A5002519933,W4247348155,last
A5081339472,W4247580393,first
A5037463093,W4247672848,first
A5083613070,W4247725821,first
A5036473782,W4248274299,first
A5028083857,W4248674684,first
A5050627287,W4248783988,first
A5065058581,W4248865225,first
A5038150463,W4248865225,last
A5000242314,W4248954708,middle
A5057714087,W4248954708,middle
A5026416628,W4248954708,middle
A5010947275,W4248954708,middle
A5031253481,W4248954708,middle
A5055162493,W4248954708,middle
A5079265192,W4248954708,middle
A5051891110,W4248954708,middle
A5012444406,W4249079622,last
A5007402160,W4249128660,first
A5072305384,W4249128660,last
A5030769399,W4249142852,first
A5018293076,W4249414621,last
A5015191397,W4249462796,first
A5041520103,W4249462796,last
A5041937837,W4249667789,middle
A5018704162,W4249667789,middle
A5075208769,W4249667789,middle
A5010449200,W4249667789,middle
A5021064981,W4249667789,middle
A5005119496,W4249667789,middle
A5078711775,W4249667789,middle
A5021931836,W4249667789,middle
A5075625239,W4249667789,middle
A5036820370,W4249667789,middle
A5061773933,W4249667789,middle
A5085093079,W4249667789,middle
A5015696052,W4249667789,middle
A5061861102,W4249667789,middle
A5069417134,W4249735065,first
A5021406727,W4249970101,first
A5085913460,W4250259860,middle
A5003623415,W4250259860,middle
A5037812841,W4250259860,middle
A5078078639,W4250259860,middle
A5072284219,W4250259860,last
A5033380454,W4250629962,first
A5064060241,W4250696898,first
A5077351737,W4250699813,first
A5054528221,W4250884823,first
A5047664773,W4251434247,first
A5081522195,W4251852252,first
A5069316372,W4251993866,first
A5031686114,W4252961152,first
A5007042240,W4252961152,last
A5040590971,W4253951683,first
A5041244978,W4253951683,last
A5049747850,W4254036906,first
A5087814029,W4254271172,first
A5061396792,W4254778495,first
A5072044668,W4254844726,first
A5090657067,W4254944325,first
A5015886081,W4255433987,middle
A5038412572,W4255433987,middle
A5070449918,W4255433987,middle
A5056887429,W4255433987,middle
A5027589011,W4255433987,middle
A5040421632,W4255433987,middle
A5032971432,W4255433987,middle
A5032029429,W4255433987,middle
A5072210007,W4255433987,middle
A5008219218,W4255433987,middle
A5037813332,W4255433987,middle
A5068299519,W4255433987,middle
A5013105023,W4255433987,middle
A5049697302,W4255433987,middle
A5084717691,W4255433987,middle
A5081967679,W4255433987,middle
A5045660042,W4255433987,middle
A5064136287,W4255433987,middle
A5047710706,W4255433987,middle
A5056507114,W4255433987,middle
A5018858796,W4255433987,middle
A5004297717,W4255433987,middle
A5048457660,W4255433987,middle
A5021692568,W4255433987,middle
A5053526478,W4255433987,middle
A5060079671,W4255433987,middle
A5034954388,W4255433987,middle
A5019160778,W4255433987,last
A5020946997,W4255552492,first
A5036487810,W4255552492,last
A5090657067,W4255565928,first
A5088241503,W4256017112,first
A5074080649,W4256126009,last
A5069967489,W4256426203,first
A5088430496,W4285018624,first
A5088430496,W4285056588,first
A5088430496,W4285068387,first
A5086738494,W4285667385,first
A5088430496,W4285688708,first
A5045898815,W4285707329,first
A5064186465,W4285707329,last
A5076270155,W4285711606,first
A5080031269,W4285711606,last
A5060243505,W4285713114,first
A5017896714,W4285716088,first
A5020330914,W4285716088,middle
A5001052072,W4285716088,last
A5023750515,W4285716776,first
A5083233594,W4285716776,last
A5065353498,W4285722720,first
A5049165244,W4285723874,first
A5003255279,W4285724663,first
A5076270155,W4285724663,last
A5077391080,W4285750879,first
A5038472132,W4285750879,last
A5011076740,W4285751704,first
A5046370637,W4285751704,middle
A5045978751,W4285751704,last
A5035627933,W4286714162,middle
A5073839838,W4286714162,middle
A5015404484,W4286714162,middle
A5050688169,W4286714162,middle
A5086545515,W4286714162,last
A5057674986,W4287548693,first
A5057674986,W4287550323,first
A5057674986,W4287555168,first
A5059825959,W4287568410,first
A5004705547,W4287568410,last
A5057674986,W4287585634,first
A5057674986,W4287627274,first
A5057674986,W4287636692,first
A5057674986,W4287648571,first
A5058153832,W4287653456,first
A5041122815,W4287653456,middle
A5088058697,W4287653456,middle
A5063078026,W4287653456,middle
A5010304171,W4287653456,middle
A5026049277,W4287653456,middle
A5071795315,W4287653456,middle
A5066544811,W4287653456,middle
A5049063991,W4287653456,middle
A5089518800,W4287653456,middle
A5012113057,W4287653456,middle
A5017852829,W4287653456,middle
A5003695482,W4287653456,middle
A5028629800,W4287653456,middle
A5044559488,W4287653456,middle
A5058495354,W4287653456,middle
A5019624781,W4287653456,middle
A5015375782,W4287653456,middle
A5016500915,W4287653456,middle
A5024765954,W4287653456,middle
A5020411215,W4287653456,middle
A5082954531,W4287653456,middle
A5012414812,W4287653456,middle
A5085515488,W4287653456,middle
A5074783471,W4287653456,middle
A5023733016,W4287653456,middle
A5084167920,W4287653456,middle
A5028672283,W4287653456,middle
A5020423656,W4287653456,middle
A5029832298,W4287653456,middle
A5062066613,W4287653456,middle
A5054983918,W4287653456,middle
A5070301358,W4287653456,middle
A5052343288,W4287653456,middle
A5009985361,W4287653456,middle
A5034998648,W4287653456,middle
A5044428192,W4287653456,middle
A5089234464,W4287653456,middle
A5083521844,W4287653456,middle
A5041243287,W4287653456,middle
A5055356681,W4287653456,middle
A5005069615,W4287653456,middle
A5085317891,W4287653456,middle
A5029887735,W4287653456,last
A5057674986,W4287658744,first
A5057674986,W4287659030,first
A5074847953,W4287662987,first
A5057674986,W4287662995,first
A5038096249,W4287666056,first
A5005844253,W4287666056,middle
A5053984451,W4287666056,middle
A5037103764,W4287666056,middle
A5017614195,W4287666056,middle
A5073699642,W4287666056,middle
A5051459358,W4287666056,last
A5038096249,W4287666235,first
A5005844253,W4287666235,middle
A5053984451,W4287666235,middle
A5037103764,W4287666235,middle
A5017614195,W4287666235,middle
A5073699642,W4287666235,middle
A5051459358,W4287666235,last
A5041294444,W4287666237,first
A5038096249,W4287666237,middle
A5005844253,W4287666237,middle
A5053984451,W4287666237,middle
A5037103764,W4287666237,middle
A5017614195,W4287666237,middle
A5073699642,W4287666237,middle
A5051459358,W4287666237,last
A5057674986,W4287670702,first
A5057674986,W4287675252,first
A5005844253,W4287684542,middle
A5053984451,W4287684542,middle
A5073699642,W4287684542,middle
A5051459358,W4287684542,last
A5057674986,W4287685444,first
A5057674986,W4287686103,first
A5057674986,W4287687855,first
A5057674986,W4287690472,first
A5057674986,W4287692574,first
A5057674986,W4287703352,first
A5057674986,W4287724466,first
A5057674986,W4287724612,first
A5057674986,W4287724941,first
A5057674986,W4287725135,first
A5057674986,W4287725136,first
A5057674986,W4287725337,first
A5057674986,W4287725348,first
A5057674986,W4287725493,first
A5057674986,W4287725766,first
A5057674986,W4287725789,first
A5057674986,W4287725810,first
A5057674986,W4287725989,first
A5057674986,W4287726001,first
A5057674986,W4287726115,first
A5057674986,W4287726156,first
A5057674986,W4287726206,first
A5057674986,W4287726358,first
A5057674986,W4287727826,first
A5026415911,W4287751307,first
A5001771133,W4287751307,last
A5067707026,W4287755052,last
A5019842178,W4287770231,first
A5036503167,W4287778834,middle
A5070093758,W4287778834,middle
A5026988679,W4287778834,middle
A5021839147,W4287778834,middle
A5089923187,W4287778834,last
A5014394467,W4287801268,middle
A5040463511,W4287801268,middle
A5017776974,W4287801268,middle
A5017752962,W4287801268,middle
A5042146924,W4287801268,middle
A5066277213,W4287801268,middle
A5040658472,W4287801268,middle
A5011085340,W4287801268,middle
A5067532367,W4287801268,middle
A5006183071,W4287801268,last
A5003469648,W4287813671,first
A5076204770,W4287813671,middle
A5088430496,W4287816659,first
A5088430496,W4287816669,first
A5088430496,W4287816671,first
A5088430496,W4287816691,first
A5088430496,W4287816706,first
A5088430496,W4287816735,first
A5088430496,W4287816751,first
A5088430496,W4287816786,first
A5088430496,W4287816791,first
A5088430496,W4287816793,first
A5088430496,W4287816819,first
A5088430496,W4287816834,first
A5088430496,W4287816851,first
A5088430496,W4287816892,first
A5088430496,W4287816911,first
A5088430496,W4287816916,first
A5088430496,W4287816921,first
A5088430496,W4287816963,first
A5088430496,W4287816994,first
A5088430496,W4287817001,first
A5088430496,W4287817013,first
A5088430496,W4287817019,first
A5088430496,W4287817024,first
A5088430496,W4287817028,first
A5088430496,W4287817044,first
A5088430496,W4287817046,first
A5088430496,W4287817054,first
A5067950570,W4287818307,last
A5012440129,W4287822343,middle
A5013172462,W4287822343,middle
A5032328085,W4287822343,middle
A5076192388,W4287822343,last
A5012440129,W4287822445,middle
A5013172462,W4287822445,middle
A5032328085,W4287822445,middle
A5076192388,W4287822445,last
A5060315373,W4287864482,last
A5076546160,W4287865063,first
A5027146928,W4287867946,first
A5074625888,W4287907665,first
A5062508896,W4287910715,first
A5004195226,W4287910715,last
A5042552170,W4287911892,first
A5016925841,W4287911892,middle
A5019375557,W4287911892,middle
A5057451811,W4287911892,last
A5043989022,W4287912683,first
A5044171839,W4287912683,middle
A5056324053,W4287912683,middle
A5068065546,W4287912683,middle
A5084471742,W4287912683,last
A5077817630,W4287917121,first
A5071931582,W4287917121,middle
A5002294199,W4287917121,last
A5068239690,W4287919630,middle
A5085908375,W4287919630,middle
A5014684476,W4287919630,last
A5005142900,W4287936112,first
A5053604201,W4287936112,last
A5046919832,W4287939694,middle
A5034930946,W4287943135,first
A5036652880,W4287943135,middle
A5027852213,W4287943135,middle
A5024074640,W4287943135,middle
A5089868302,W4287943135,last
A5000388340,W4287967595,middle
A5084889074,W4287967595,last
A5007333139,W4287967724,middle
A5018230304,W4287970919,first
A5055983666,W4287976330,first
A5036503167,W4287976330,middle
A5019466280,W4287976330,middle
A5029638955,W4287976330,middle
A5024831674,W4287976330,middle
A5031108297,W4287976330,middle
A5076723837,W4287976330,middle
A5056479939,W4287976330,last
A5069174154,W4288079364,first
A5062871132,W4289309260,middle
A5062901299,W4289309260,last
A5026701176,W4291920203,first
A5013000704,W4291920203,last
A5038338684,W4293118071,first
A5042664128,W4293118071,middle
A5034991014,W4293118071,last
A5013017598,W4293302035,first
A5069838140,W4297123549,first
A5025648560,W4298306535,first
A5021742266,W4302759120,first
A5041711577,W4306292760,first
A5030391938,W4306292760,last
A5045269319,W4308223207,first
A5083742327,W4308223207,middle
A5007750839,W4308223207,middle
A5022751131,W4310799534,first
A5057105042,W4317469045,first
A5076397337,W4318343265,middle
A5076397337,W4318426402,middle
A5076397337,W4362703057,middle
A5039156343,W4365923353,first
A5010705375,W4365923366,last
A5061331375,W4365923375,first
A5072564476,W4366706294,first
A5043769076,W4366761900,first
A5046216893,W595805134,first
A5013415651,W608833312,first
A5082747419,W619683903,first
A5009121814,W619683903,last
A5001130472,W622045746,first
A5003206223,W632554933,first
A5039273846,W637108122,middle
A5042090406,W637108122,last
A5034891159,W649318236,first
A5058054682,W652159078,first
A5018074976,W71382815,first
