id,label
A5086198262,artificial intelligence
A5042195176,artificial intelligence
A5028089542,artificial intelligence
A5062823200,natural language processing
A5037697344,artificial intelligence
A5073988999,artificial intelligence
A5045744709,artificial intelligence
A5085832924,artificial intelligence
A5041522926,artificial intelligence
A5028919793,artificial intelligence
A5031682567,artificial intelligence
A5027340494,artificial intelligence
A5032356765,operating system
A5072247317,artificial intelligence
A5028004665,artificial intelligence
A5016223285,artificial intelligence
A5085160284,world wide web
A5083607188,operating system
A5027489992,machine learning
A5042307561,computer network
A5045021962,machine learning
A5080143897,machine learning
A5066373250,artificial intelligence
A5054568856,artificial intelligence
A5084740578,computer network
A5034992584,artificial intelligence
A5019698991,artificial intelligence
A5056339289,knowledge management
A5003184366,artificial intelligence
A5012862284,artificial intelligence
A5066434581,artificial intelligence
A5010751143,artificial intelligence
A5019054453,artificial intelligence
A5064699160,artificial intelligence
A5077608032,artificial intelligence
A5035617528,artificial intelligence
A5014504793,artificial intelligence
A5061429095,computer network
A5003032696,artificial intelligence
A5039153937,distributed computing
A5034877995,artificial intelligence
A5031896681,programming language
A5077952586,artificial intelligence
A5059817205,computer network
A5027001546,programming language
A5058755355,artificial intelligence
A5036231132,artificial intelligence
A5015542293,programming language
A5016244525,theoretical computer science
A5014824446,operating system
A5078160983,operating system
A5010613767,artificial intelligence
A5003518978,artificial intelligence
A5089153368,artificial intelligence
A5069872293,artificial intelligence
A5071599724,artificial intelligence
A5033286190,theoretical computer science
A5073756389,artificial intelligence
A5059310658,artificial intelligence
A5067441201,operating system
A5005152458,artificial intelligence
A5048916516,artificial intelligence
A5005219368,computer security
A5063273639,operating system
A5091266570,artificial intelligence
A5004857863,computer security
A5044972281,artificial intelligence
A5058849006,artificial intelligence
A5082414223,artificial intelligence
A5003322209,computer network
A5014293815,programming language
A5010145630,world wide web
A5071710055,artificial intelligence
A5023495279,artificial intelligence
A5019426968,operating system
A5032224643,artificial intelligence
A5045519627,artificial intelligence
A5001128596,artificial intelligence
A5085885345,artificial intelligence
A5006851333,artificial intelligence
A5022815450,artificial intelligence
A5050613147,artificial intelligence
A5078394535,artificial intelligence
A5037237895,artificial intelligence
A5018143257,artificial intelligence
A5065795593,artificial intelligence
A5064069283,artificial intelligence
A5064111411,machine learning
A5037803714,artificial intelligence
A5047372644,artificial intelligence
A5052058643,artificial intelligence
A5039311485,operating system
A5011176205,artificial intelligence
A5031002895,artificial intelligence
A5036994172,operating system
A5017180654,operating system
A5079814512,artificial intelligence
A5029902840,artificial intelligence
A5008374141,operating system
A5041778059,computer network
A5062119199,operating system
A5057916222,operating system
A5028329886,artificial intelligence
A5076724368,artificial intelligence
A5044369720,artificial intelligence
A5065172367,artificial intelligence
A5000975435,artificial intelligence
A5085432173,artificial intelligence
A5058475882,artificial intelligence
A5000893315,artificial intelligence
A5033473979,natural language processing
A5076259865,world wide web
A5064830080,artificial intelligence
A5047787744,artificial intelligence
A5035627933,artificial intelligence
A5074815650,artificial intelligence
A5082056816,artificial intelligence
A5087192873,computer security
A5040392637,data mining
A5047867327,data mining
A5045523675,artificial intelligence
A5047871627,artificial intelligence
A5091880648,operating system
A5034416673,operating system
A5083910193,artificial intelligence
A5000363528,natural language processing
A5018987899,artificial intelligence
A5029965117,artificial intelligence
A5057583579,artificial intelligence
A5041619246,artificial intelligence
A5040088510,artificial intelligence
A5024633466,artificial intelligence
A5012747021,machine learning
A5003799782,artificial intelligence
A5049438854,artificial intelligence
A5090232242,artificial intelligence
A5029473053,artificial intelligence
A5034078369,artificial intelligence
A5078146900,artificial intelligence
A5046734130,natural language processing
A5048780399,artificial intelligence
A5072115220,artificial intelligence
A5040156274,artificial intelligence
A5000463496,machine learning
A5033712392,machine learning
A5013912726,machine learning
A5026961968,programming language
A5068326377,artificial intelligence
A5000296607,operating system
A5023019774,programming language
A5076891153,programming language
A5064180238,artificial intelligence
A5068848432,artificial intelligence
A5078473649,artificial intelligence
A5010812344,computer security
A5020702999,world wide web
A5061846947,natural language processing
A5011296268,natural language processing
A5083636619,natural language processing
A5034178831,natural language processing
A5016587299,artificial intelligence
A5088674607,artificial intelligence
A5024058808,artificial intelligence
A5056086147,artificial intelligence
A5070093758,artificial intelligence
A5036503167,artificial intelligence
A5089923187,artificial intelligence
A5082946919,artificial intelligence
A5017042977,artificial intelligence
A5046206462,artificial intelligence
A5015294604,artificial intelligence
A5088868657,programming language
A5069476728,operating system
A5002041772,data science
A5038976962,artificial intelligence
A5081115472,computer security
A5074501929,artificial intelligence
A5020310993,artificial intelligence
A5038897476,artificial intelligence
A5034486931,artificial intelligence
A5007311789,artificial intelligence
A5010561682,artificial intelligence
A5064383410,artificial intelligence
A5038132985,artificial intelligence
A5052772501,artificial intelligence
A5080971897,artificial intelligence
A5036944228,artificial intelligence
A5008824437,artificial intelligence
A5000445240,computer security
A5071180561,machine learning
A5009407454,artificial intelligence
A5045012588,artificial intelligence
A5010248533,artificial intelligence
A5088552753,artificial intelligence
A5062112110,artificial intelligence
A5044388139,artificial intelligence
A5013198945,artificial intelligence
A5085533002,artificial intelligence
A5057358899,artificial intelligence
A5066177168,knowledge management
A5078421102,artificial intelligence
A5080691948,artificial intelligence
A5087542455,artificial intelligence
A5045198429,artificial intelligence
A5028224738,artificial intelligence
A5026168075,operating system
A5036337528,artificial intelligence
A5091711243,artificial intelligence
A5032775389,artificial intelligence
A5000937401,artificial intelligence
A5074553752,artificial intelligence
A5048179939,artificial intelligence
A5082181724,machine learning
A5005273293,machine learning
A5036875173,machine learning
A5057920673,machine learning
A5084652023,machine learning
A5062358756,machine learning
A5079405118,machine learning
A5012572227,machine learning
A5058275190,artificial intelligence
A5070251116,machine learning
A5029334337,artificial intelligence
A5019817936,artificial intelligence
A5016380950,artificial intelligence
A5022077412,artificial intelligence
A5045101158,artificial intelligence
A5072774939,artificial intelligence
A5090666420,artificial intelligence
A5056976720,operating system
A5084886581,artificial intelligence
A5027213700,artificial intelligence
A5053726723,data mining
A5022269446,artificial intelligence
A5000409877,artificial intelligence
A5065254923,artificial intelligence
A5037837474,artificial intelligence
A5065716990,operating system
A5056512471,operating system
A5063667378,computer network
A5041140653,artificial intelligence
A5077169345,artificial intelligence
A5079978522,data science
A5037217126,artificial intelligence
A5045098894,artificial intelligence
A5004206574,artificial intelligence
A5007171832,artificial intelligence
A5032965630,artificial intelligence
A5028996052,artificial intelligence
A5078138776,artificial intelligence
A5082942970,operating system
A5087068734,artificial intelligence
A5069573186,artificial intelligence
A5031085660,artificial intelligence
A5064734272,artificial intelligence
A5046113582,artificial intelligence
A5066682425,artificial intelligence
A5059641282,artificial intelligence
A5009138721,artificial intelligence
A5006876719,artificial intelligence
A5017323092,artificial intelligence
A5087628687,artificial intelligence
A5001270995,artificial intelligence
A5089969887,data science
A5091908304,data mining
A5057455578,artificial intelligence
A5046381546,artificial intelligence
A5064586240,artificial intelligence
A5082955124,artificial intelligence
A5020392160,speech recognition
A5045593473,artificial intelligence
A5041909571,artificial intelligence
A5089996104,artificial intelligence
A5060372031,speech recognition
A5066621495,artificial intelligence
A5028965942,artificial intelligence
A5008152552,artificial intelligence
A5089404640,artificial intelligence
A5012361203,knowledge management
A5009965869,artificial intelligence
A5062351587,artificial intelligence
A5030551100,programming language
A5073095019,artificial intelligence
A5088813478,artificial intelligence
A5076204770,world wide web
A5020518108,artificial intelligence
A5000506517,artificial intelligence
A5002680245,artificial intelligence
A5052272753,artificial intelligence
A5025438346,artificial intelligence
A5040487721,artificial intelligence
A5010336521,artificial intelligence
A5033894707,artificial intelligence
A5076701363,artificial intelligence
A5077569089,artificial intelligence
A5051439492,artificial intelligence
A5070898273,artificial intelligence
A5080470963,artificial intelligence
A5083214023,artificial intelligence
A5078584465,programming language
A5018246603,machine learning
A5047484294,artificial intelligence
A5048991827,artificial intelligence
A5005481063,artificial intelligence
A5061026797,operating system
A5085786274,operating system
A5048872043,artificial intelligence
A5001980782,artificial intelligence
A5058262411,artificial intelligence
A5071959897,artificial intelligence
A5005837856,artificial intelligence
A5031715686,artificial intelligence
A5074141887,artificial intelligence
A5010897184,artificial intelligence
A5018315331,artificial intelligence
A5021529098,artificial intelligence
A5066539391,programming language
A5045091456,programming language
A5075208287,artificial intelligence
A5090320352,artificial intelligence
A5012275958,artificial intelligence
A5061319881,information retrieval
A5083985681,artificial intelligence
A5057227579,artificial intelligence
A5057964478,artificial intelligence
A5035215084,artificial intelligence
A5066044089,operating system
A5019516230,artificial intelligence
A5044133211,artificial intelligence
A5023524684,artificial intelligence
A5086422507,artificial intelligence
A5002250184,artificial intelligence
A5046448314,artificial intelligence
A5024066584,artificial intelligence
A5079147959,artificial intelligence
A5077978694,machine learning
A5074225230,artificial intelligence
A5042555123,artificial intelligence
A5075335677,artificial intelligence
A5063904858,artificial intelligence
A5062756194,artificial intelligence
A5018138946,artificial intelligence
A5050687235,artificial intelligence
A5058729018,artificial intelligence
A5080921001,computer security
A5025665306,artificial intelligence
A5025048437,artificial intelligence
A5040639891,artificial intelligence
A5078508874,artificial intelligence
A5073678932,artificial intelligence
A5029763803,machine learning
A5020321792,knowledge management
A5028670144,artificial intelligence
A5042669477,artificial intelligence
A5042949804,artificial intelligence
A5055126058,artificial intelligence
A5086198002,artificial intelligence
A5018926238,artificial intelligence
A5062453217,artificial intelligence
A5000766463,artificial intelligence
A5065100828,artificial intelligence
A5063188437,operating system
A5013047787,artificial intelligence
A5051459112,artificial intelligence
A5031258460,artificial intelligence
A5084403010,artificial intelligence
A5014829065,artificial intelligence
A5045247206,computer vision
A5003629170,computer vision
A5039343167,computer vision
A5033476997,programming language
A5073608768,computer vision
A5020355540,computer vision
A5003392216,artificial intelligence
A5053643500,computer vision
A5002613720,artificial intelligence
A5054098705,computer vision
A5017675104,artificial intelligence
A5050271867,computer vision
A5070509762,computer vision
A5038689064,artificial intelligence
A5033180477,computer vision
A5023678033,computer vision
A5038649236,artificial intelligence
A5000324864,operating system
A5033407263,programming language
A5015061143,computer vision
A5085551438,operating system
A5033317069,programming language
A5024370717,computer vision
A5052579652,computer vision
A5062404117,artificial intelligence
A5074765188,artificial intelligence
A5085021535,artificial intelligence
A5006259564,artificial intelligence
A5072763073,artificial intelligence
A5026400998,computer network
A5091259315,information retrieval
A5030647388,artificial intelligence
A5072729126,artificial intelligence
A5041813158,artificial intelligence
A5042916844,operating system
A5066738004,artificial intelligence
A5009255854,artificial intelligence
A5073282655,artificial intelligence
A5000595896,natural language processing
A5082677207,artificial intelligence
A5051540293,artificial intelligence
A5034192756,operating system
A5042423207,artificial intelligence
A5053903265,artificial intelligence
A5016786154,world wide web
A5012899448,world wide web
A5086633091,artificial intelligence
A5052800617,programming language
A5007851872,artificial intelligence
A5083761090,machine learning
A5031630651,machine learning
A5036648132,machine learning
A5015785439,artificial intelligence
A5035534911,artificial intelligence
A5001541516,artificial intelligence
A5050768547,operating system
A5073297073,machine learning
A5075929003,data science
A5049642512,artificial intelligence
A5017706758,artificial intelligence
A5085513221,machine learning
A5070447872,machine learning
A5084973947,machine learning
A5058385222,artificial intelligence
A5084544528,artificial intelligence
A5068955367,machine learning
A5006652106,machine learning
A5064882955,computer security
A5003402537,artificial intelligence
A5087790566,artificial intelligence
A5038116135,operating system
A5049700514,artificial intelligence
A5043408232,artificial intelligence
A5072826445,artificial intelligence
A5091017313,artificial intelligence
A5086289154,artificial intelligence
A5048502859,artificial intelligence
A5076121553,artificial intelligence
A5007936316,artificial intelligence
A5003499139,artificial intelligence
A5054469370,artificial intelligence
A5068289066,world wide web
A5049496911,artificial intelligence
A5053783271,operating system
A5046768475,artificial intelligence
A5063375767,artificial intelligence
A5012629854,artificial intelligence
A5001322437,operating system
A5036024217,artificial intelligence
A5039440134,artificial intelligence
A5011105599,artificial intelligence
A5018150400,artificial intelligence
A5039596455,programming language
A5025702108,library science
A5039280570,machine learning
A5046024267,artificial intelligence
A5090347273,artificial intelligence
A5034691137,artificial intelligence
A5036369387,artificial intelligence
A5069488538,artificial intelligence
A5061496318,artificial intelligence
A5048250441,artificial intelligence
A5019968945,artificial intelligence
A5006475297,artificial intelligence
A5083716187,artificial intelligence
A5032080789,artificial intelligence
A5066662318,artificial intelligence
A5027902663,machine learning
A5080682607,machine learning
A5015367317,knowledge management
A5048344653,world wide web
A5058144931,data mining
A5036568372,theoretical computer science
A5029713004,artificial intelligence
A5021197146,artificial intelligence
A5077398892,artificial intelligence
A5001586180,artificial intelligence
A5028287123,artificial intelligence
A5011169535,artificial intelligence
A5017375713,artificial intelligence
A5011455884,artificial intelligence
A5025241006,machine learning
A5074670449,artificial intelligence
A5033228504,computer vision
A5073901040,artificial intelligence
A5028519943,artificial intelligence
A5059826957,machine learning
A5069711008,artificial intelligence
A5039253688,artificial intelligence
A5074388586,artificial intelligence
A5079000862,artificial intelligence
A5060167568,artificial intelligence
A5002330321,artificial intelligence
A5089575155,artificial intelligence
A5035006871,artificial intelligence
A5053042789,artificial intelligence
A5086901177,machine learning
A5004587843,artificial intelligence
A5007993661,artificial intelligence
A5071349676,artificial intelligence
A5067216728,operating system
A5054389106,artificial intelligence
A5061968837,artificial intelligence
A5073305711,programming language
A5037077763,artificial intelligence
A5055149475,artificial intelligence
A5073568638,artificial intelligence
A5071582618,artificial intelligence
A5010766325,artificial intelligence
A5063764379,artificial intelligence
A5048214422,information retrieval
A5005072193,computer network
A5083056452,artificial intelligence
A5060779928,data science
A5029999345,operating system
A5065664393,artificial intelligence
A5000179526,artificial intelligence
A5041348809,artificial intelligence
A5050042995,artificial intelligence
A5011240842,artificial intelligence
A5047017519,artificial intelligence
A5091587802,artificial intelligence
A5079022553,artificial intelligence
A5086241268,artificial intelligence
A5053007340,artificial intelligence
A5074294896,natural language processing
A5057933776,operating system
A5087707410,machine learning
A5075301188,operating system
A5030680536,artificial intelligence
A5029063875,artificial intelligence
A5014673075,artificial intelligence
A5081891487,artificial intelligence
A5057148868,artificial intelligence
A5038119641,artificial intelligence
A5065352983,artificial intelligence
A5017220106,artificial intelligence
A5050593520,programming language
A5067610354,artificial intelligence
A5038514283,artificial intelligence
A5021226854,artificial intelligence
A5027063601,artificial intelligence
A5059337980,artificial intelligence
A5066197951,database
A5088671045,artificial intelligence
A5016006232,artificial intelligence
A5039774878,operating system
A5047652595,artificial intelligence
A5060599622,artificial intelligence
A5085343290,artificial intelligence
A5051314849,artificial intelligence
A5043145803,artificial intelligence
A5083472752,artificial intelligence
A5006872667,artificial intelligence
A5034720507,artificial intelligence
A5021872235,data science
A5026415911,artificial intelligence
A5001771133,artificial intelligence
A5024909557,artificial intelligence
A5059623314,artificial intelligence
A5059869847,artificial intelligence
A5065265823,computer security
A5011052188,computer security
A5017050975,artificial intelligence
A5070988819,programming language
A5043945029,artificial intelligence
A5084254019,artificial intelligence
A5084095026,machine learning
A5052435049,world wide web
A5071451987,operating system
A5074455901,artificial intelligence
A5081128602,artificial intelligence
A5062481314,artificial intelligence
A5012663536,artificial intelligence
A5034372799,artificial intelligence
A5008584000,theoretical computer science
A5056291654,programming language
A5082701259,machine learning
A5004113506,machine learning
A5076533532,machine learning
A5007027176,artificial intelligence
A5083617435,artificial intelligence
A5036995215,artificial intelligence
A5016904175,multimedia
A5062641378,artificial intelligence
A5029854353,operating system
A5086128963,machine learning
A5039929397,artificial intelligence
A5084592859,artificial intelligence
A5034635089,artificial intelligence
A5028592528,artificial intelligence
A5013890247,artificial intelligence
A5034647327,artificial intelligence
A5076605128,artificial intelligence
A5087572406,artificial intelligence
A5090118631,artificial intelligence
A5027491673,world wide web
A5040074565,artificial intelligence
A5065413037,artificial intelligence
A5044975418,artificial intelligence
A5090022016,operating system
A5063089732,artificial intelligence
A5003302983,artificial intelligence
A5026122976,artificial intelligence
A5048233558,machine learning
A5022893278,operating system
A5006582558,machine learning
A5037374393,artificial intelligence
A5051755645,operating system
A5070891194,artificial intelligence
A5056654254,operating system
A5031457865,artificial intelligence
A5032750099,artificial intelligence
A5087850489,operating system
A5035000427,machine learning
A5089868802,computer security
A5008685159,machine learning
A5077979548,machine learning
A5056436780,artificial intelligence
A5070576727,multimedia
A5062508673,programming language
A5063806519,artificial intelligence
A5058774217,machine learning
A5012293028,computer security
A5040978564,operating system
A5056029786,operating system
A5040772796,computer security
A5051297830,artificial intelligence
A5061440337,artificial intelligence
A5040402369,operating system
A5082234532,operating system
A5073794606,artificial intelligence
A5070357435,artificial intelligence
A5043250129,data science
A5057431137,operating system
A5070322908,artificial intelligence
A5068550413,artificial intelligence
A5025807941,operating system
A5080409343,operating system
A5028548984,artificial intelligence
A5053424176,machine learning
A5064231378,artificial intelligence
A5027227196,machine learning
A5086413564,machine learning
A5018873219,programming language
A5075432056,artificial intelligence
A5010810631,artificial intelligence
A5010973698,artificial intelligence
A5031737525,artificial intelligence
A5027785359,artificial intelligence
A5079174269,operating system
A5041617107,artificial intelligence
A5032706099,artificial intelligence
A5000355426,artificial intelligence
A5033777007,artificial intelligence
A5045047767,computer security
A5012027004,artificial intelligence
A5022473701,computer security
A5005836086,database
A5065335369,artificial intelligence
A5072618249,artificial intelligence
A5038483307,artificial intelligence
A5021022320,artificial intelligence
A5019773230,artificial intelligence
A5022710074,artificial intelligence
A5033248308,artificial intelligence
A5051132163,artificial intelligence
A5044510961,artificial intelligence
A5009733809,artificial intelligence
A5059411618,artificial intelligence
A5043180844,artificial intelligence
A5084857817,artificial intelligence
A5028934906,artificial intelligence
A5061379171,artificial intelligence
A5039097899,artificial intelligence
A5023786683,artificial intelligence
A5020979414,artificial intelligence
A5084072504,artificial intelligence
A5036659103,machine learning
A5083980731,machine learning
A5075546217,artificial intelligence
A5078048991,operating system
A5034454965,artificial intelligence
A5023358501,artificial intelligence
A5035564767,artificial intelligence
A5081798341,artificial intelligence
A5084818965,machine learning
A5048831506,natural language processing
A5010676212,natural language processing
A5042604128,machine learning
A5034936246,artificial intelligence
A5010390337,artificial intelligence
A5038171181,artificial intelligence
A5072673405,artificial intelligence
A5064330768,artificial intelligence
A5090458959,artificial intelligence
A5083528596,knowledge management
A5017184057,data science
A5080505347,knowledge management
A5065472011,world wide web
A5084949004,world wide web
A5082479164,artificial intelligence
A5020832986,artificial intelligence
A5012748071,artificial intelligence
A5062906790,artificial intelligence
A5038318637,programming language
A5010853977,artificial intelligence
A5071546667,artificial intelligence
A5041638443,artificial intelligence
A5075459877,artificial intelligence
A5053249487,artificial intelligence
A5022512432,artificial intelligence
A5003531216,machine learning
A5088549305,artificial intelligence
A5036583267,machine learning
A5005258575,artificial intelligence
A5003485327,artificial intelligence
A5051231020,operating system
A5067328692,computer security
A5006135009,artificial intelligence
A5004370917,artificial intelligence
A5026685411,artificial intelligence
A5001770010,artificial intelligence
A5055594838,artificial intelligence
A5039854312,artificial intelligence
A5012777796,artificial intelligence
A5041191772,programming language
A5014066075,artificial intelligence
A5001523712,artificial intelligence
A5081449581,programming language
A5083911717,programming language
A5082913979,operating system
A5085323032,artificial intelligence
A5057368693,artificial intelligence
A5083240643,programming language
A5071001890,operating system
A5025154104,artificial intelligence
A5072080783,computer network
A5051532910,computer network
A5023942331,programming language
A5040056296,artificial intelligence
A5028410825,programming language
A5083983355,programming language
A5053054953,world wide web
A5012010960,programming language
A5026994657,programming language
A5054460796,artificial intelligence
A5007060409,theoretical computer science
A5029628745,programming language
A5007681808,artificial intelligence
A5088521043,machine learning
A5033579806,machine learning
A5032649566,machine learning
A5062374112,machine learning
A5052930289,artificial intelligence
A5045999939,artificial intelligence
A5037354101,data science
A5043995360,operating system
A5091756520,artificial intelligence
A5080589507,artificial intelligence
A5020424399,operating system
A5050062467,artificial intelligence
A5015832913,programming language
A5090399635,computer network
A5053228252,world wide web
A5091163780,machine learning
A5081799589,artificial intelligence
A5024996453,artificial intelligence
A5028427625,artificial intelligence
A5026653706,artificial intelligence
A5086006330,artificial intelligence
A5038618677,machine learning
A5090679788,machine learning
A5086793581,machine learning
A5030348494,artificial intelligence
A5075496480,artificial intelligence
A5035707838,operating system
A5049695343,programming language
A5035553646,programming language
A5030419884,programming language
A5090818425,computer network
A5087676774,artificial intelligence
A5047788775,artificial intelligence
A5080026638,artificial intelligence
A5022822400,artificial intelligence
A5011558517,artificial intelligence
A5032784865,computer security
A5004629957,artificial intelligence
A5017995306,artificial intelligence
A5043613674,artificial intelligence
A5079190137,artificial intelligence
A5013327637,artificial intelligence
A5076741502,artificial intelligence
A5060504929,artificial intelligence
A5075099222,artificial intelligence
A5022431311,artificial intelligence
A5008292516,artificial intelligence
A5091556790,artificial intelligence
A5042768069,artificial intelligence
A5051297402,artificial intelligence
A5033591566,artificial intelligence
A5040345337,artificial intelligence
A5037831741,artificial intelligence
A5064787668,artificial intelligence
A5047814719,machine learning
A5074413858,computer network
A5030463262,artificial intelligence
A5024225793,artificial intelligence
A5032103649,artificial intelligence
A5083763815,computer vision
A5042103095,artificial intelligence
A5061256389,computer vision
A5082703226,artificial intelligence
A5020101419,artificial intelligence
A5067603088,machine learning
A5083131059,operating system
A5054814598,operating system
A5031448696,programming language
A5001124548,artificial intelligence
A5032787307,operating system
A5045287606,artificial intelligence
A5006461848,artificial intelligence
A5041685067,artificial intelligence
A5067954492,artificial intelligence
A5074160516,artificial intelligence
A5033985539,artificial intelligence
A5010705375,operating system
A5006125158,artificial intelligence
A5074622580,computer security
A5025125063,artificial intelligence
A5049566206,artificial intelligence
A5017862380,artificial intelligence
A5011263433,artificial intelligence
A5078653874,computer network
A5014370955,artificial intelligence
A5070083041,speech recognition
A5068308848,knowledge management
A5014940395,artificial intelligence
A5073532766,machine learning
A5073425319,artificial intelligence
A5083275560,artificial intelligence
A5081500464,computer security
A5026312652,computer security
A5039548261,operating system
A5058839947,artificial intelligence
A5019128476,artificial intelligence
A5058573778,knowledge management
A5088631052,computer vision
A5080734556,artificial intelligence
A5087865013,artificial intelligence
A5065555733,operating system
A5021516964,artificial intelligence
A5069775408,artificial intelligence
A5044062929,artificial intelligence
A5032139438,operating system
A5027888963,artificial intelligence
A5044268701,programming language
A5040428971,artificial intelligence
A5025250457,artificial intelligence
A5041072449,programming language
A5077283775,artificial intelligence
A5012096611,artificial intelligence
A5042875545,artificial intelligence
A5078509849,natural language processing
A5072083191,natural language processing
A5023358086,natural language processing
A5029163608,natural language processing
A5066237365,artificial intelligence
A5050205557,artificial intelligence
A5088817604,artificial intelligence
A5048906141,artificial intelligence
A5000097985,computer security
A5050342525,artificial intelligence
A5041383246,artificial intelligence
A5069193029,artificial intelligence
A5071296935,artificial intelligence
A5049231295,artificial intelligence
A5084684313,artificial intelligence
A5032562243,artificial intelligence
A5077367921,artificial intelligence
A5028034006,artificial intelligence
A5002511102,artificial intelligence
A5052327236,artificial intelligence
A5054865304,artificial intelligence
A5046633105,artificial intelligence
A5007128197,artificial intelligence
A5039875968,programming language
A5023092016,programming language
A5082085150,artificial intelligence
A5035651349,artificial intelligence
A5090819693,artificial intelligence
A5014088092,speech recognition
A5086499806,artificial intelligence
A5036006865,artificial intelligence
A5009201135,artificial intelligence
A5045860458,artificial intelligence
A5077139888,artificial intelligence
A5011220813,operating system
A5018809288,artificial intelligence
A5067976836,operating system
A5088737112,artificial intelligence
A5004292285,artificial intelligence
A5055312229,artificial intelligence
A5026456188,operating system
A5050928648,operating system
A5074086920,operating system
A5023624578,machine learning
A5078190995,artificial intelligence
A5040136820,artificial intelligence
A5085369152,artificial intelligence
A5051331359,artificial intelligence
A5018721774,programming language
A5010609038,artificial intelligence
A5070617834,artificial intelligence
A5064834866,computer security
A5028605138,operating system
A5081909889,operating system
A5090198147,operating system
A5072568988,programming language
A5048940719,artificial intelligence
A5028572624,artificial intelligence
A5008933958,artificial intelligence
A5049225160,artificial intelligence
A5053476692,artificial intelligence
A5015611475,artificial intelligence
A5025344373,artificial intelligence
A5002680336,information retrieval
A5036892531,artificial intelligence
A5006992777,artificial intelligence
A5003904999,artificial intelligence
A5027328407,operating system
A5090090567,artificial intelligence
A5036936081,artificial intelligence
A5049469197,operating system
A5031895578,world wide web
A5052731721,artificial intelligence
A5077953037,artificial intelligence
A5050500595,artificial intelligence
A5090855504,artificial intelligence
A5055326119,operating system
A5006705415,artificial intelligence
A5018438088,artificial intelligence
A5036734067,natural language processing
A5041725375,artificial intelligence
A5085356362,artificial intelligence
A5045554497,artificial intelligence
A5022840676,artificial intelligence
A5077600979,artificial intelligence
A5087351938,artificial intelligence
A5005376765,artificial intelligence
A5040291889,artificial intelligence
A5060440309,artificial intelligence
A5068949782,artificial intelligence
A5083222672,artificial intelligence
A5001417775,programming language
A5066547725,artificial intelligence
A5017736546,artificial intelligence
A5058323321,artificial intelligence
A5030707600,artificial intelligence
A5090535601,artificial intelligence
A5004011403,artificial intelligence
A5002456113,artificial intelligence
A5027431080,artificial intelligence
A5072702926,artificial intelligence
A5048102462,world wide web
A5081975353,artificial intelligence
A5062296400,artificial intelligence
A5054351014,artificial intelligence
A5029376687,computer vision
A5010519304,artificial intelligence
A5044339031,operating system
A5055965048,artificial intelligence
A5004750582,artificial intelligence
A5081219742,artificial intelligence
A5002277423,artificial intelligence
A5028642215,artificial intelligence
A5012371374,artificial intelligence
A5083763339,artificial intelligence
A5019749644,artificial intelligence
A5011834074,artificial intelligence
A5021015886,artificial intelligence
A5022991626,artificial intelligence
A5045879377,operating system
A5056870404,operating system
A5059435890,world wide web
A5016695259,artificial intelligence
A5041346094,artificial intelligence
A5084957332,artificial intelligence
A5037199084,artificial intelligence
A5058034531,artificial intelligence
A5027997472,artificial intelligence
A5048309001,artificial intelligence
A5038860129,artificial intelligence
A5048238798,artificial intelligence
A5052330123,artificial intelligence
A5039187916,artificial intelligence
A5024048833,artificial intelligence
A5076195042,programming language
A5078351348,artificial intelligence
A5079497219,world wide web
A5004758745,artificial intelligence
A5072189850,artificial intelligence
A5053926423,artificial intelligence
A5013373153,machine learning
A5031475379,artificial intelligence
A5082581230,artificial intelligence
A5068843417,artificial intelligence
A5034487077,artificial intelligence
A5024330637,artificial intelligence
A5055724940,artificial intelligence
A5089051829,artificial intelligence
A5079410507,artificial intelligence
A5026052584,artificial intelligence
A5014509470,artificial intelligence
A5046231968,artificial intelligence
A5018086865,artificial intelligence
A5027497109,programming language
A5073283055,artificial intelligence
A5080676156,artificial intelligence
A5017534262,artificial intelligence
A5061143931,artificial intelligence
A5010249054,machine learning
A5000914740,operating system
A5009228697,artificial intelligence
A5002146004,artificial intelligence
A5043288516,artificial intelligence
A5005659262,computer network
A5084685127,operating system
A5069154267,artificial intelligence
A5083495293,artificial intelligence
A5036137202,artificial intelligence
A5042500829,artificial intelligence
A5006657610,machine learning
A5011193598,operating system
A5050141762,computer network
A5075435196,artificial intelligence
A5076303551,artificial intelligence
A5022110445,computer hardware
A5080882119,artificial intelligence
A5001408456,artificial intelligence
A5039114708,artificial intelligence
A5015345249,artificial intelligence
A5014287041,information retrieval
A5077901808,artificial intelligence
A5071532539,artificial intelligence
A5089921353,artificial intelligence
A5048470429,world wide web
A5013635993,artificial intelligence
A5073956678,artificial intelligence
A5035585945,artificial intelligence
A5062821250,artificial intelligence
A5026453313,artificial intelligence
A5006390574,artificial intelligence
A5037761912,multimedia
A5044280107,operating system
A5010845707,machine learning
A5081408353,machine learning
A5058767324,artificial intelligence
A5082776788,artificial intelligence
A5084293094,artificial intelligence
A5085036036,artificial intelligence
A5041055145,computer security
A5017430628,artificial intelligence
A5038229891,artificial intelligence
A5088574352,operating system
A5003044729,computer vision
A5053489712,programming language
A5012482178,artificial intelligence
A5026176583,operating system
A5064204574,computer security
A5029785409,artificial intelligence
A5055570754,artificial intelligence
A5091297085,artificial intelligence
A5010360702,operating system
A5023801168,computer network
A5001845313,operating system
A5039275344,artificial intelligence
A5044317982,artificial intelligence
A5012312047,machine learning
A5064442995,artificial intelligence
A5087944559,artificial intelligence
A5041370597,artificial intelligence
A5001800500,artificial intelligence
A5052352119,artificial intelligence
A5003105685,operating system
A5006312325,operating system
A5064908609,computer network
A5050431536,machine learning
A5022771914,artificial intelligence
A5034513925,operating system
A5051314400,operating system
A5080926469,operating system
A5002232506,artificial intelligence
A5082043392,artificial intelligence
A5023758935,computer network
A5004785656,machine learning
A5054436417,operating system
A5081132655,artificial intelligence
A5065513121,artificial intelligence
A5052943021,artificial intelligence
A5083853243,artificial intelligence
A5000618741,artificial intelligence
A5057802822,artificial intelligence
A5036200976,artificial intelligence
A5007801126,artificial intelligence
A5045879447,machine learning
A5037120793,artificial intelligence
A5028371632,artificial intelligence
A5082069004,artificial intelligence
A5063734564,programming language
A5033355107,artificial intelligence
A5085607757,artificial intelligence
A5005847333,artificial intelligence
A5007428307,operating system
A5047431609,artificial intelligence
A5070260526,operating system
A5017619650,artificial intelligence
A5016233029,artificial intelligence
A5045797802,computer security
A5068522764,artificial intelligence
A5002129545,artificial intelligence
A5052803333,artificial intelligence
A5064914434,artificial intelligence
A5086633120,artificial intelligence
A5053937216,computer vision
A5030679917,database
A5033356690,operating system
A5078326698,artificial intelligence
A5004126693,artificial intelligence
A5059443966,artificial intelligence
A5039052506,artificial intelligence
A5005192117,artificial intelligence
A5068384981,artificial intelligence
A5011937306,artificial intelligence
A5061295826,operating system
A5033037866,computer security
A5008986898,artificial intelligence
A5059964264,machine learning
A5078258583,artificial intelligence
A5064002466,artificial intelligence
A5005022131,computer vision
A5067142707,artificial intelligence
A5056436366,operating system
A5059250783,operating system
A5044064739,computer vision
A5064039922,world wide web
A5063307080,artificial intelligence
A5016593247,artificial intelligence
A5068277129,artificial intelligence
A5015191127,computer network
A5072696337,artificial intelligence
A5022073212,artificial intelligence
A5068270822,artificial intelligence
A5091212723,artificial intelligence
A5071084962,artificial intelligence
A5043384287,artificial intelligence
A5048786965,machine learning
A5087653788,artificial intelligence
A5037387407,artificial intelligence
A5039109795,machine learning
A5043350556,artificial intelligence
A5002155573,artificial intelligence
A5009569829,theoretical computer science
A5016402421,artificial intelligence
A5083252662,artificial intelligence
A5068514720,artificial intelligence
A5040715141,operating system
A5060902170,artificial intelligence
A5057096200,artificial intelligence
A5048428891,machine learning
A5019093629,machine learning
A5023078404,machine learning
A5020634711,artificial intelligence
A5020794115,operating system
A5003519952,artificial intelligence
A5087059077,artificial intelligence
A5057331261,artificial intelligence
A5058816575,artificial intelligence
A5013025849,artificial intelligence
A5052771275,multimedia
A5040447880,multimedia
A5059290684,multimedia
A5007202295,artificial intelligence
A5080014014,artificial intelligence
A5074109337,artificial intelligence
A5054103414,artificial intelligence
A5067353369,computer network
A5006620409,computer network
A5017343541,artificial intelligence
A5019071696,artificial intelligence
A5059789320,artificial intelligence
A5087567209,machine learning
A5020180533,operating system
A5040900494,artificial intelligence
A5030138295,artificial intelligence
A5034290462,artificial intelligence
A5015200121,artificial intelligence
A5028418850,artificial intelligence
A5029764293,artificial intelligence
A5032451496,artificial intelligence
A5045400619,world wide web
A5071624510,world wide web
A5076774643,artificial intelligence
A5051851807,machine learning
A5033783997,world wide web
A5047189052,artificial intelligence
A5030121038,artificial intelligence
A5000949710,artificial intelligence
A5066029199,multimedia
A5081098143,artificial intelligence
A5042993096,machine learning
A5048548313,artificial intelligence
A5075467012,artificial intelligence
A5013717515,artificial intelligence
A5051618450,artificial intelligence
A5036792516,artificial intelligence
A5077074252,computer network
A5036683370,computer network
A5033422078,artificial intelligence
A5027838536,machine learning
A5033033856,artificial intelligence
A5009804954,machine learning
A5033350585,artificial intelligence
A5038908529,artificial intelligence
A5037040357,artificial intelligence
A5078484139,artificial intelligence
A5024897779,operating system
A5079171037,artificial intelligence
A5020165040,machine learning
A5029099160,artificial intelligence
A5036498741,programming language
A5088539840,artificial intelligence
A5065682719,artificial intelligence
A5007407500,artificial intelligence
A5054717936,machine learning
A5018819214,artificial intelligence
A5034541968,artificial intelligence
A5056933813,database
A5023856398,artificial intelligence
A5024167658,programming language
A5088547215,operating system
A5052320959,artificial intelligence
A5004166892,artificial intelligence
A5040684547,artificial intelligence
A5045286703,artificial intelligence
A5034823602,world wide web
A5057606819,computer vision
A5071053501,computer vision
A5066264257,artificial intelligence
A5004455999,artificial intelligence
A5087345400,operating system
A5015594515,artificial intelligence
A5028538506,operating system
A5071967339,artificial intelligence
A5040718990,natural language processing
A5047082788,artificial intelligence
A5088684558,artificial intelligence
A5065494839,artificial intelligence
A5028428970,natural language processing
A5059466958,artificial intelligence
A5016214321,artificial intelligence
A5087177394,artificial intelligence
A5019218327,operating system
A5046801770,data mining
A5054228678,artificial intelligence
A5040335377,artificial intelligence
A5056673752,artificial intelligence
A5045849009,artificial intelligence
A5004974411,artificial intelligence
A5009333521,artificial intelligence
A5065962800,artificial intelligence
A5065912071,artificial intelligence
A5026614668,artificial intelligence
A5083950680,artificial intelligence
A5018821033,artificial intelligence
A5023447670,machine learning
A5057838181,artificial intelligence
A5089756532,artificial intelligence
A5025231703,artificial intelligence
A5073091147,operating system
A5086650097,operating system
A5070397490,artificial intelligence
A5067143303,operating system
A5052334999,artificial intelligence
A5063846550,programming language
A5034207902,artificial intelligence
A5066168365,operating system
A5003834173,machine learning
A5014613094,artificial intelligence
A5048579847,artificial intelligence
A5001198161,artificial intelligence
A5055210685,world wide web
A5062090450,knowledge management
A5038816870,operating system
A5088738795,artificial intelligence
A5055732608,computer network
A5045447396,artificial intelligence
A5072419903,artificial intelligence
A5079888964,programming language
A5001554813,artificial intelligence
A5039681328,artificial intelligence
A5079554685,information retrieval
A5079761829,artificial intelligence
A5002855381,artificial intelligence
A5033280983,world wide web
A5041317183,artificial intelligence
A5078662697,artificial intelligence
A5089994873,artificial intelligence
A5079020436,artificial intelligence
A5024768539,computer network
A5025278582,operating system
A5007797577,machine learning
A5046804247,artificial intelligence
A5014923315,artificial intelligence
A5057369600,artificial intelligence
A5071181287,artificial intelligence
A5068190061,artificial intelligence
A5032282856,artificial intelligence
A5024678101,artificial intelligence
A5015817965,artificial intelligence
A5078953567,artificial intelligence
A5029120809,artificial intelligence
A5001598938,operating system
A5070125836,operating system
A5091741304,artificial intelligence
A5073888022,artificial intelligence
A5046161436,artificial intelligence
A5043414998,artificial intelligence
A5058616015,artificial intelligence
A5027067436,artificial intelligence
A5036479507,artificial intelligence
A5033602352,artificial intelligence
A5005337570,programming language
A5009140651,computer vision
A5021262127,artificial intelligence
A5053643534,computer vision
A5069586144,artificial intelligence
A5037913256,artificial intelligence
A5045329304,artificial intelligence
A5009327522,artificial intelligence
A5079659476,artificial intelligence
A5015516603,artificial intelligence
A5068293208,artificial intelligence
A5032690182,artificial intelligence
A5007352803,programming language
A5087178350,machine learning
A5083897507,computer network
A5013308197,artificial intelligence
A5071674067,artificial intelligence
A5071526154,artificial intelligence
A5009211982,world wide web
A5022317106,computer security
A5024949637,computer vision
A5023816979,artificial intelligence
A5041373175,artificial intelligence
A5074297181,artificial intelligence
A5074737251,artificial intelligence
A5035130915,artificial intelligence
A5041303201,artificial intelligence
A5059434843,artificial intelligence
A5055148572,artificial intelligence
A5079914183,artificial intelligence
A5054360310,artificial intelligence
A5078546053,computer security
A5005521425,artificial intelligence
A5041389182,artificial intelligence
A5057313323,artificial intelligence
A5035961103,machine learning
A5042217598,artificial intelligence
A5081985841,machine learning
A5056918489,computer network
A5020669784,artificial intelligence
A5055720604,artificial intelligence
A5029857529,programming language
A5059669805,machine learning
A5032174404,artificial intelligence
A5040524717,artificial intelligence
A5003164724,artificial intelligence
A5016448118,artificial intelligence
A5070886689,artificial intelligence
A5001490863,machine learning
A5046476267,artificial intelligence
A5016204649,artificial intelligence
A5036228775,artificial intelligence
A5074164532,artificial intelligence
A5033396638,operating system
A5036785559,operating system
A5001431280,distributed computing
A5077143737,artificial intelligence
A5049405285,artificial intelligence
A5058066689,computer security
A5062341746,theoretical computer science
A5059439673,artificial intelligence
A5049610565,world wide web
A5085709286,artificial intelligence
A5043108758,artificial intelligence
A5072322964,artificial intelligence
A5078322212,artificial intelligence
A5054572006,artificial intelligence
A5048958921,computer security
A5047331779,artificial intelligence
A5036484429,artificial intelligence
A5091658795,artificial intelligence
A5040786186,artificial intelligence
A5019906827,artificial intelligence
A5066117237,artificial intelligence
A5006247366,artificial intelligence
A5054980167,world wide web
A5012534773,world wide web
A5070071561,artificial intelligence
A5065662869,artificial intelligence
A5080383352,artificial intelligence
A5075894946,artificial intelligence
A5041170074,artificial intelligence
A5024308581,operating system
A5042298720,artificial intelligence
A5030483392,operating system
A5010478919,artificial intelligence
A5034417376,operating system
A5038452656,programming language
A5055576104,programming language
A5003819403,programming language
A5071765018,operating system
A5016488771,operating system
A5023712902,artificial intelligence
A5003521155,artificial intelligence
A5001901987,machine learning
A5052044181,database
A5052621108,operating system
A5064959157,operating system
A5061763061,artificial intelligence
A5010950113,operating system
A5038825800,operating system
A5029457530,artificial intelligence
A5053421619,artificial intelligence
A5030785658,programming language
A5057237492,artificial intelligence
A5018549351,artificial intelligence
A5062125413,artificial intelligence
A5084945522,artificial intelligence
A5038134940,programming language
A5068862331,artificial intelligence
A5039106106,artificial intelligence
A5084384951,artificial intelligence
A5056491924,artificial intelligence
A5022554926,artificial intelligence
A5084502652,artificial intelligence
A5015891605,natural language processing
A5042501964,world wide web
A5014077486,operating system
A5010687365,operating system
A5076789203,machine learning
A5030788904,artificial intelligence
A5041682105,operating system
A5034571717,programming language
A5032629854,operating system
A5037810378,artificial intelligence
A5027379704,operating system
A5013147402,computer network
A5063438897,operating system
A5067777597,operating system
A5080306219,artificial intelligence
A5076165837,artificial intelligence
A5049136281,operating system
A5082885529,operating system
A5088382926,artificial intelligence
A5017562894,artificial intelligence
A5031750354,operating system
A5069241723,operating system
A5033056152,operating system
A5033279381,artificial intelligence
A5068185853,machine learning
A5063032711,machine learning
A5065102810,machine learning
A5071058104,artificial intelligence
A5064942764,computer security
A5042823757,artificial intelligence
A5086527757,operating system
A5077332394,artificial intelligence
A5028204567,artificial intelligence
A5017141233,artificial intelligence
A5075892407,artificial intelligence
A5045436977,artificial intelligence
A5061579550,artificial intelligence
A5021936757,artificial intelligence
A5018791466,artificial intelligence
A5078127997,artificial intelligence
A5052976553,machine learning
A5039029835,artificial intelligence
A5084984590,artificial intelligence
A5028891307,artificial intelligence
A5005282924,artificial intelligence
A5089689368,artificial intelligence
A5074761112,operating system
A5016959511,operating system
A5013823780,operating system
A5024762984,data science
A5017510608,computer network
A5021021404,artificial intelligence
A5031405372,artificial intelligence
A5072944307,machine learning
A5023365550,artificial intelligence
A5077484271,artificial intelligence
A5032485940,artificial intelligence
A5060089396,machine learning
A5080173517,artificial intelligence
A5004794906,artificial intelligence
A5011270130,artificial intelligence
A5013428460,artificial intelligence
A5078636319,artificial intelligence
A5024679496,artificial intelligence
A5014936252,artificial intelligence
A5052378602,operating system
A5010755344,artificial intelligence
A5042600463,machine learning
A5081541767,artificial intelligence
A5018655903,artificial intelligence
A5046605612,artificial intelligence
A5006138455,programming language
A5014177911,artificial intelligence
A5053932280,artificial intelligence
A5000334344,artificial intelligence
A5023717231,artificial intelligence
A5082509767,operating system
A5007036605,artificial intelligence
A5072626948,artificial intelligence
A5031542855,computer network
A5064255960,artificial intelligence
A5061157599,artificial intelligence
A5046653466,operating system
A5084640075,artificial intelligence
A5082170962,multimedia
A5060207092,artificial intelligence
A5013306341,artificial intelligence
A5062358770,data science
A5015217002,data science
A5010471152,data science
A5089993095,computer network
A5001188748,operating system
A5079337546,artificial intelligence
A5030112128,artificial intelligence
A5060651495,artificial intelligence
A5051593977,artificial intelligence
A5055447277,artificial intelligence
A5069148682,artificial intelligence
A5012481893,artificial intelligence
A5056605626,artificial intelligence
A5071274975,operating system
A5063154944,artificial intelligence
A5019913562,artificial intelligence
A5052018441,artificial intelligence
A5071278984,operating system
A5088557829,artificial intelligence
A5026575568,artificial intelligence
A5086630995,artificial intelligence
A5061293973,artificial intelligence
A5048416373,artificial intelligence
A5007980367,machine learning
A5089492666,operating system
A5070039223,artificial intelligence
A5020849374,machine learning
A5021620586,world wide web
A5082632656,programming language
A5018783162,artificial intelligence
A5005250411,artificial intelligence
A5042576292,artificial intelligence
A5007606917,artificial intelligence
A5001246811,artificial intelligence
A5047503590,artificial intelligence
A5088982583,computer network
A5002734812,artificial intelligence
A5022022325,artificial intelligence
A5045456583,artificial intelligence
A5045298378,data mining
A5047521597,operating system
A5036820265,database
A5056986237,artificial intelligence
A5084229134,operating system
A5085880027,artificial intelligence
A5025652541,artificial intelligence
A5027099057,artificial intelligence
A5014057564,operating system
A5087026860,programming language
A5080217489,computer network
A5089501629,artificial intelligence
A5010197781,artificial intelligence
A5084644113,programming language
A5032679417,artificial intelligence
A5064659051,artificial intelligence
A5068049138,artificial intelligence
A5089591271,machine learning
A5043962386,machine learning
A5025248878,artificial intelligence
A5013158304,data mining
A5077460655,artificial intelligence
A5022089911,data science
A5080232184,artificial intelligence
A5006992974,artificial intelligence
A5016253883,artificial intelligence
A5041969975,artificial intelligence
A5072917707,natural language processing
A5077971888,artificial intelligence
A5085986673,machine learning
A5013696986,artificial intelligence
A5014515578,artificial intelligence
A5047693644,world wide web
A5023334974,artificial intelligence
A5046173193,artificial intelligence
A5065058581,machine learning
A5056820101,artificial intelligence
A5029477698,database
A5006270785,artificial intelligence
A5031002895,artificial intelligence
A5037636074,artificial intelligence
A5032448836,artificial intelligence
A5037473201,artificial intelligence
A5031371771,artificial intelligence
A5036045020,artificial intelligence
A5028391851,programming language
A5006966951,artificial intelligence
A5004152951,artificial intelligence
A5056970435,artificial intelligence
A5004268590,artificial intelligence
A5055775978,artificial intelligence
A5038971425,artificial intelligence
A5082821741,artificial intelligence
A5056896764,artificial intelligence
A5023086436,natural language processing
A5013955924,artificial intelligence
A5065788780,artificial intelligence
A5082240280,artificial intelligence
A5061395500,artificial intelligence
A5056033447,artificial intelligence
A5014452528,artificial intelligence
A5084451404,natural language processing
A5021709117,artificial intelligence
A5074713301,natural language processing
A5059510260,artificial intelligence
A5020210821,artificial intelligence
A5015657679,computer vision
A5047118636,artificial intelligence
A5046776265,artificial intelligence
A5060376466,artificial intelligence
A5034568985,artificial intelligence
A5079390960,artificial intelligence
A5028163457,artificial intelligence
A5042467582,artificial intelligence
A5049845313,artificial intelligence
A5020247368,artificial intelligence
A5060688886,information retrieval
A5013096348,artificial intelligence
A5088746380,operating system
A5030109986,artificial intelligence
A5082645155,world wide web
A5058657825,operating system
A5023910909,artificial intelligence
A5075794405,artificial intelligence
A5010344275,programming language
A5045655705,world wide web
A5036868751,artificial intelligence
A5002363225,artificial intelligence
A5054447617,database
A5025398350,artificial intelligence
A5050008389,artificial intelligence
A5032384002,database
A5090939243,artificial intelligence
A5017745566,machine learning
A5026596644,artificial intelligence
A5012150553,operating system
A5008665186,machine learning
A5006982483,artificial intelligence
A5067952740,artificial intelligence
A5011377962,natural language processing
A5017984102,artificial intelligence
A5034901180,machine learning
A5014380320,machine learning
A5069051297,artificial intelligence
A5058952816,artificial intelligence
A5070045410,artificial intelligence
A5033395722,machine learning
A5049791941,artificial intelligence
A5026047614,artificial intelligence
A5043516133,artificial intelligence
A5066579939,artificial intelligence
A5068471666,artificial intelligence
A5034241456,operating system
A5055433807,artificial intelligence
A5007635720,information retrieval
A5085796013,artificial intelligence
A5021255849,artificial intelligence
A5019358769,artificial intelligence
A5014478452,artificial intelligence
A5088526226,machine learning
A5037601947,machine learning
A5036421091,programming language
A5048422260,knowledge management
A5057422723,artificial intelligence
A5049996493,world wide web
A5003523497,artificial intelligence
A5024831674,natural language processing
A5065417380,artificial intelligence
A5091802290,artificial intelligence
A5029093819,computer security
A5041416082,machine learning
A5085220191,artificial intelligence
A5001111295,artificial intelligence
A5085785893,artificial intelligence
A5008560262,artificial intelligence
A5057278613,machine learning
A5041610838,artificial intelligence
A5016838632,artificial intelligence
A5042145194,artificial intelligence
A5070050024,artificial intelligence
A5008537902,artificial intelligence
A5057010618,artificial intelligence
A5041530815,artificial intelligence
A5003735157,machine learning
A5069795537,artificial intelligence
A5059140494,world wide web
A5023504637,artificial intelligence
A5028870837,artificial intelligence
A5029541965,artificial intelligence
A5039030171,artificial intelligence
A5085988625,artificial intelligence
A5032175421,artificial intelligence
A5002501779,artificial intelligence
A5064740384,artificial intelligence
A5075900406,artificial intelligence
A5076504951,artificial intelligence
A5029643093,artificial intelligence
A5032488382,artificial intelligence
A5029096455,operating system
A5028228530,data mining
A5076066904,computer security
A5060815452,knowledge management
A5045420930,artificial intelligence
A5035940683,computer security
A5038645035,artificial intelligence
A5091798914,programming language
A5026612369,computer security
A5015210265,operating system
A5069712307,programming language
A5028831759,artificial intelligence
A5020078305,machine learning
A5066109793,artificial intelligence
A5087028802,artificial intelligence
A5084074039,computer network
A5005636333,artificial intelligence
A5046689943,computer security
A5022368866,world wide web
A5061382736,artificial intelligence
A5021005957,artificial intelligence
A5025851205,multimedia
A5032618637,multimedia
A5073266272,computer vision
A5078137332,machine learning
A5004426215,artificial intelligence
A5060595477,machine learning
A5083938981,computer security
A5031724499,artificial intelligence
A5018685823,machine learning
A5050916595,machine learning
A5064967772,machine learning
A5048758276,artificial intelligence
A5060551543,artificial intelligence
A5019451812,artificial intelligence
A5047624251,artificial intelligence
A5006837984,artificial intelligence
A5056340751,artificial intelligence
A5006051505,operating system
A5058469172,operating system
A5052769076,artificial intelligence
A5079576759,artificial intelligence
A5001121325,artificial intelligence
A5054635541,artificial intelligence
A5044152002,machine learning
A5014917212,operating system
A5090549590,world wide web
A5014868753,artificial intelligence
A5059215546,artificial intelligence
A5015835206,artificial intelligence
A5038814924,artificial intelligence
A5079241396,programming language
A5049140310,artificial intelligence
A5078975428,artificial intelligence
A5003558647,artificial intelligence
A5051437806,artificial intelligence
A5078797025,artificial intelligence
A5086237480,artificial intelligence
A5050394448,artificial intelligence
A5027777990,artificial intelligence
A5060417049,artificial intelligence
A5012930542,artificial intelligence
A5051805730,artificial intelligence
A5069536590,operating system
A5055174523,artificial intelligence
A5050985764,artificial intelligence
A5003939496,artificial intelligence
A5083901945,programming language
A5057996715,programming language
A5052993464,artificial intelligence
A5017357729,artificial intelligence
A5014715195,operating system
A5073358106,artificial intelligence
A5005616591,artificial intelligence
A5072986862,artificial intelligence
A5082716220,machine learning
A5043861405,machine learning
A5030849815,artificial intelligence
A5057017958,artificial intelligence
A5054684767,artificial intelligence
A5066921914,computer security
A5089110297,artificial intelligence
A5036296724,artificial intelligence
A5083904095,machine learning
A5004691741,computer network
A5070871302,programming language
A5073789126,artificial intelligence
A5023260780,artificial intelligence
A5072539710,artificial intelligence
A5031554706,computer vision
A5089995076,artificial intelligence
A5019607825,artificial intelligence
A5033069219,artificial intelligence
A5002326755,artificial intelligence
A5071161048,operating system
A5007824853,artificial intelligence
A5042510214,multimedia
A5019441676,multimedia
A5010065369,operating system
A5017371676,artificial intelligence
A5005518991,artificial intelligence
A5011757745,artificial intelligence
A5063612469,artificial intelligence
A5090747366,artificial intelligence
A5083026381,artificial intelligence
A5025754478,artificial intelligence
A5039742693,artificial intelligence
A5025331216,artificial intelligence
A5000232046,artificial intelligence
A5070966718,artificial intelligence
A5015182248,artificial intelligence
A5088828799,operating system
A5049496653,data science
A5073787661,artificial intelligence
A5049939733,machine learning
A5007338391,programming language
A5031840995,machine learning
A5078424756,artificial intelligence
A5044987824,artificial intelligence
A5021066287,artificial intelligence
A5083597705,artificial intelligence
A5026178917,artificial intelligence
A5048152631,artificial intelligence
A5039653828,artificial intelligence
A5051565605,artificial intelligence
A5091006296,computer network
A5009553045,artificial intelligence
A5058423505,artificial intelligence
A5041241997,artificial intelligence
A5043168021,artificial intelligence
A5036647248,artificial intelligence
A5054629125,artificial intelligence
A5061142267,artificial intelligence
A5074982739,operating system
A5090088008,artificial intelligence
A5065119769,operating system
A5018983498,operating system
A5016326904,machine learning
A5065644953,artificial intelligence
A5024860629,artificial intelligence
A5082668404,artificial intelligence
A5057790189,information retrieval
A5052031879,operating system
A5077612740,artificial intelligence
A5089853267,artificial intelligence
A5091020771,multimedia
A5011116979,artificial intelligence
A5059766027,knowledge management
A5027347969,artificial intelligence
A5030808913,artificial intelligence
A5019194000,artificial intelligence
A5011881836,artificial intelligence
A5043358163,artificial intelligence
A5006285552,artificial intelligence
A5029675591,multimedia
A5022670457,artificial intelligence
A5039570133,artificial intelligence
A5040829874,artificial intelligence
A5077318302,operating system
A5006613562,operating system
A5016302052,artificial intelligence
A5083631981,artificial intelligence
A5039146377,artificial intelligence
A5027532459,artificial intelligence
A5075173310,artificial intelligence
A5065886493,artificial intelligence
A5037345774,artificial intelligence
A5020890536,artificial intelligence
A5017319459,artificial intelligence
A5077830722,operating system
A5031674506,artificial intelligence
A5005650810,database
A5020954840,artificial intelligence
A5014027718,artificial intelligence
A5008456610,artificial intelligence
A5045713200,database
A5057739756,artificial intelligence
A5066238345,artificial intelligence
A5058342047,multimedia
A5045535958,world wide web
A5031512488,artificial intelligence
A5016630281,artificial intelligence
A5031163594,artificial intelligence
A5007902286,artificial intelligence
A5060901767,artificial intelligence
A5052703406,artificial intelligence
A5014770098,artificial intelligence
A5090967969,artificial intelligence
A5013917113,artificial intelligence
A5066972805,artificial intelligence
A5030318736,artificial intelligence
A5027913628,machine learning
A5002059656,programming language
A5058027565,machine learning
A5054063286,artificial intelligence
A5038096249,artificial intelligence
A5016537064,data science
A5008449915,data mining
A5016100876,artificial intelligence
A5068784665,artificial intelligence
A5043149524,artificial intelligence
A5014238711,artificial intelligence
A5051286582,artificial intelligence
A5037930833,artificial intelligence
A5077714205,artificial intelligence
A5062480532,artificial intelligence
A5091108132,artificial intelligence
A5089022499,artificial intelligence
A5041916316,artificial intelligence
A5072151198,artificial intelligence
A5036069966,artificial intelligence
A5088881963,artificial intelligence
A5052284218,artificial intelligence
A5077395641,artificial intelligence
A5020653434,artificial intelligence
A5079226898,artificial intelligence
A5059332839,artificial intelligence
A5060083258,artificial intelligence
A5030602771,machine learning
A5024194868,artificial intelligence
A5006100937,artificial intelligence
A5083192999,artificial intelligence
A5012895357,artificial intelligence
A5042132837,artificial intelligence
A5065156490,artificial intelligence
A5061459557,data mining
A5089379749,artificial intelligence
A5033952363,knowledge management
A5081037491,data science
A5068807750,data science
A5012059417,artificial intelligence
A5065418517,machine learning
A5007624977,machine learning
A5046719200,machine learning
A5082242689,artificial intelligence
A5017524660,artificial intelligence
A5080620663,artificial intelligence
A5027334214,artificial intelligence
A5015080938,artificial intelligence
A5089077811,operating system
A5041650289,world wide web
A5010427390,machine learning
A5030433440,artificial intelligence
A5001849550,artificial intelligence
A5064455835,artificial intelligence
A5002879297,artificial intelligence
A5085473486,artificial intelligence
A5006327684,artificial intelligence
A5032675786,artificial intelligence
A5076682139,artificial intelligence
A5082850653,artificial intelligence
A5022821833,artificial intelligence
A5066605031,operating system
A5090984486,artificial intelligence
A5064768354,operating system
A5003283009,multimedia
A5071730605,multimedia
A5022459919,programming language
A5090780175,computer network
A5075292468,machine learning
A5034694502,machine learning
A5056408977,artificial intelligence
A5077083991,multimedia
A5041110564,machine learning
A5059401126,artificial intelligence
A5090575787,artificial intelligence
A5090506185,artificial intelligence
A5084203038,knowledge management
A5070075726,artificial intelligence
A5065153142,knowledge management
A5082897373,multimedia
A5041402341,artificial intelligence
A5006677148,artificial intelligence
A5087678582,artificial intelligence
A5070443737,artificial intelligence
A5013727792,operating system
A5088555568,artificial intelligence
A5006247481,artificial intelligence
A5055668668,artificial intelligence
A5050500830,artificial intelligence
A5037505239,artificial intelligence
A5052416182,operating system
A5040722386,machine learning
A5023810149,artificial intelligence
A5038512064,artificial intelligence
A5017349031,knowledge management
A5040245429,machine learning
A5050900227,knowledge management
A5076142967,artificial intelligence
A5029019884,computer security
A5072006522,computer vision
A5033111482,artificial intelligence
A5091109916,artificial intelligence
A5066976882,computer network
A5061775631,artificial intelligence
A5056261845,world wide web
A5008547992,artificial intelligence
A5052169592,artificial intelligence
A5053340752,operating system
A5082046789,artificial intelligence
A5083197471,knowledge management
A5079815155,artificial intelligence
A5055510228,computer network
A5030697225,computer network
A5046645515,computer network
A5088256645,operating system
A5031398742,artificial intelligence
A5052104910,artificial intelligence
A5078477454,artificial intelligence
A5058531311,operating system
A5032693556,artificial intelligence
A5011600081,artificial intelligence
A5014011362,artificial intelligence
A5009150883,artificial intelligence
A5079188984,multimedia
A5063909981,artificial intelligence
A5041576777,artificial intelligence
A5013176942,computer vision
A5046236334,artificial intelligence
A5051173013,multimedia
A5040471798,artificial intelligence
A5062839715,artificial intelligence
A5030886712,artificial intelligence
A5041983910,machine learning
A5039969991,machine learning
A5071834024,multimedia
A5030742237,artificial intelligence
A5027503712,artificial intelligence
A5022468649,artificial intelligence
A5005797988,natural language processing
A5070406181,artificial intelligence
A5030032537,artificial intelligence
A5010538819,artificial intelligence
A5023954982,artificial intelligence
A5072824564,artificial intelligence
A5051966501,machine learning
A5083362029,machine learning
A5029610673,artificial intelligence
A5076586224,artificial intelligence
A5069141487,operating system
A5065936625,artificial intelligence
A5022813752,artificial intelligence
A5068586843,artificial intelligence
A5077962545,artificial intelligence
A5042341446,artificial intelligence
A5073082316,artificial intelligence
A5082126056,artificial intelligence
A5039416214,artificial intelligence
A5011755091,artificial intelligence
A5000658673,artificial intelligence
A5031703549,artificial intelligence
A5037648924,artificial intelligence
A5076635345,computer network
A5006197413,artificial intelligence
A5023274785,artificial intelligence
A5003469648,world wide web
A5005661598,multimedia
A5090911320,artificial intelligence
A5048416181,artificial intelligence
A5082718598,artificial intelligence
A5061865959,artificial intelligence
A5078148231,artificial intelligence
A5023762919,artificial intelligence
A5065486002,artificial intelligence
A5050000831,artificial intelligence
A5048036610,artificial intelligence
A5000942574,artificial intelligence
A5087588754,multimedia
A5053345854,multimedia
A5064567419,computer network
A5037686951,multimedia
A5007479295,artificial intelligence
A5027261841,multimedia
A5085161160,multimedia
A5026668088,artificial intelligence
A5058962719,multimedia
A5026417958,artificial intelligence
A5055016850,machine learning
A5044662284,artificial intelligence
A5071682189,knowledge management
A5074780573,artificial intelligence
A5022700946,artificial intelligence
A5063653804,artificial intelligence
A5031821887,machine learning
A5048394879,artificial intelligence
A5058921150,artificial intelligence
A5024460769,artificial intelligence
A5090034016,artificial intelligence
A5038388152,computer vision
A5001710847,artificial intelligence
A5036689338,artificial intelligence
A5091637832,artificial intelligence
A5073774344,information retrieval
A5075056899,world wide web
A5072703507,world wide web
A5082707744,world wide web
A5088273498,artificial intelligence
A5022743365,machine learning
A5032173898,natural language processing
A5027213342,artificial intelligence
A5089920210,artificial intelligence
A5042488360,artificial intelligence
A5047471512,artificial intelligence
A5078842606,artificial intelligence
A5080546069,artificial intelligence
A5000368081,programming language
A5089830271,programming language
A5077804071,machine learning
A5023370414,operating system
A5046735737,artificial intelligence
A5053185154,artificial intelligence
A5035759666,operating system
A5064641470,computer network
A5017719381,speech recognition
A5046825469,artificial intelligence
A5075640143,artificial intelligence
A5019494994,machine learning
A5054256492,machine learning
A5056867872,artificial intelligence
A5077239665,artificial intelligence
A5050692107,artificial intelligence
A5062416737,artificial intelligence
A5013120793,machine learning
A5031105466,artificial intelligence
A5064813262,artificial intelligence
A5005227863,artificial intelligence
A5005035621,machine learning
A5022870004,computer security
A5064462116,machine learning
A5028348201,operating system
A5059340793,artificial intelligence
A5048150326,artificial intelligence
A5031263896,artificial intelligence
A5029531111,artificial intelligence
A5036763290,artificial intelligence
A5073872240,machine learning
A5038138844,artificial intelligence
A5000416781,speech recognition
A5068010379,artificial intelligence
A5035134691,computer vision
A5000865868,artificial intelligence
A5078909773,artificial intelligence
A5027033026,operating system
A5022465917,artificial intelligence
A5031606341,artificial intelligence
A5043606036,operating system
A5053630715,artificial intelligence
A5069264027,artificial intelligence
A5073958329,artificial intelligence
A5056484820,machine learning
A5038352672,artificial intelligence
A5026496116,artificial intelligence
A5084414791,artificial intelligence
A5049356189,natural language processing
A5015785160,natural language processing
A5059657954,artificial intelligence
A5073782726,artificial intelligence
A5034647295,artificial intelligence
A5088754375,artificial intelligence
A5041680854,artificial intelligence
A5038629101,artificial intelligence
A5059750726,artificial intelligence
A5050044278,artificial intelligence
A5084139328,artificial intelligence
A5005530908,artificial intelligence
A5017102290,database
A5045418207,artificial intelligence
A5059748921,artificial intelligence
A5085380450,artificial intelligence
A5000261188,artificial intelligence
A5038150463,machine learning
A5067511734,artificial intelligence
A5018217411,artificial intelligence
A5043475280,artificial intelligence
A5044305127,operating system
A5033293944,multimedia
A5078229465,artificial intelligence
A5054372678,theoretical computer science
A5085504322,theoretical computer science
A5062108213,theoretical computer science
A5070416327,programming language
A5086733054,programming language
A5086577667,programming language
A5036008539,artificial intelligence
A5010311538,artificial intelligence
A5088876061,artificial intelligence
A5090179530,world wide web
A5052205649,artificial intelligence
A5001976189,programming language
A5017498749,artificial intelligence
A5001500702,operating system
A5060829860,artificial intelligence
A5024893234,artificial intelligence
A5089261752,machine learning
A5003244142,operating system
A5008297571,machine learning
A5077391080,multimedia
A5086865721,artificial intelligence
A5042150057,artificial intelligence
A5059408108,artificial intelligence
A5089610879,artificial intelligence
A5054437456,artificial intelligence
A5030914810,artificial intelligence
A5076070516,artificial intelligence
A5065953146,operating system
A5004404965,knowledge management
A5026688050,artificial intelligence
A5086088518,computer security
A5048354076,artificial intelligence
A5009268036,artificial intelligence
A5009477620,artificial intelligence
A5064749168,artificial intelligence
A5062043545,artificial intelligence
A5009310227,artificial intelligence
A5026130386,artificial intelligence
A5073930300,artificial intelligence
A5031651630,operating system
A5053662486,artificial intelligence
A5041159779,artificial intelligence
A5019022830,artificial intelligence
A5083606762,speech recognition
A5004211439,data science
A5079131461,operating system
A5029034465,artificial intelligence
A5041987043,artificial intelligence
A5054803850,computer vision
A5077831333,operating system
A5012966309,artificial intelligence
A5001052765,operating system
A5055824250,natural language processing
A5075751190,artificial intelligence
A5022446589,artificial intelligence
A5065319776,computer security
A5037335239,artificial intelligence
A5084309516,programming language
A5031836646,artificial intelligence
A5083438052,artificial intelligence
A5048831651,artificial intelligence
A5008052931,artificial intelligence
A5013047474,operating system
A5084401124,programming language
A5006849736,artificial intelligence
A5089030037,programming language
A5034800919,database
A5040716355,computer security
A5082535573,artificial intelligence
A5000653675,artificial intelligence
A5081097218,natural language processing
A5084958051,artificial intelligence
A5053779211,knowledge management
A5008706600,knowledge management
A5025751830,multimedia
A5035908989,computer vision
A5042655483,artificial intelligence
A5056122666,artificial intelligence
A5070399019,artificial intelligence
A5078485305,artificial intelligence
A5065353209,operating system
A5065592637,artificial intelligence
A5004839622,multimedia
A5029428134,multimedia
A5062835253,artificial intelligence
A5017093934,machine learning
A5015829118,machine learning
A5055266234,artificial intelligence
A5040507648,artificial intelligence
A5084200880,operating system
A5078624294,programming language
A5019338801,artificial intelligence
A5083896155,artificial intelligence
A5014539248,natural language processing
A5063053513,computer security
A5049532227,operating system
A5043246338,artificial intelligence
A5054647648,artificial intelligence
A5025281874,operating system
A5010646067,world wide web
A5033807547,data mining
A5024556694,operating system
A5039598830,operating system
A5017121778,computer vision
A5081491178,artificial intelligence
A5065436865,artificial intelligence
A5008935039,computer vision
A5053131261,artificial intelligence
A5080897773,natural language processing
A5037206621,artificial intelligence
A5010781223,artificial intelligence
A5042169965,artificial intelligence
A5091777543,artificial intelligence
A5032314861,artificial intelligence
A5071044293,data science
A5064822688,computer network
A5018464968,operating system
A5014610602,machine learning
A5022878111,artificial intelligence
A5069788604,database
A5046606347,machine learning
A5053221351,operating system
A5029128653,computer hardware
A5061185640,multimedia
A5031309837,artificial intelligence
A5060137850,computer vision
A5061206076,operating system
A5024945500,artificial intelligence
A5027313836,artificial intelligence
A5028137676,artificial intelligence
A5063793631,operating system
A5082408006,machine learning
A5033123476,artificial intelligence
A5045990809,programming language
A5006560685,artificial intelligence
A5061116687,artificial intelligence
A5005670314,artificial intelligence
A5054442637,artificial intelligence
A5055375825,operating system
A5027963599,artificial intelligence
A5028506992,operating system
A5027279282,operating system
A5084413042,operating system
A5018025615,artificial intelligence
A5076494044,artificial intelligence
A5033949551,artificial intelligence
A5054374049,machine learning
A5052657912,artificial intelligence
A5049004212,artificial intelligence
A5004774069,library science
A5047834226,library science
A5066532082,artificial intelligence
A5060918291,operating system
A5049194708,artificial intelligence
A5064621861,artificial intelligence
A5049294944,knowledge management
A5023079553,artificial intelligence
A5046521217,artificial intelligence
A5020338573,internet privacy
A5057985654,artificial intelligence
A5017388383,artificial intelligence
A5077625109,artificial intelligence
A5088734341,artificial intelligence
A5016939139,artificial intelligence
A5051774192,machine learning
A5078985846,artificial intelligence
A5072194325,artificial intelligence
A5051711854,artificial intelligence
A5005329645,artificial intelligence
A5000496733,computer vision
A5013125060,operating system
A5020857714,artificial intelligence
A5029475307,artificial intelligence
A5018958964,machine learning
A5067875018,computer vision
A5009711552,artificial intelligence
A5049600110,artificial intelligence
A5009005230,artificial intelligence
A5033443706,artificial intelligence
A5084205912,programming language
A5019962606,computer security
A5052193724,machine learning
A5044711688,artificial intelligence
A5030045490,multimedia
A5018660127,artificial intelligence
A5015818654,artificial intelligence
A5006093254,artificial intelligence
A5068085473,artificial intelligence
A5081406315,natural language processing
A5070054935,computer vision
A5047005477,data science
A5076744081,world wide web
A5083126992,data science
A5011700725,data science
A5060433773,information retrieval
A5064921341,computer vision
A5044233783,artificial intelligence
A5042268563,artificial intelligence
A5029157694,artificial intelligence
A5087347697,artificial intelligence
A5065019096,artificial intelligence
A5059236990,artificial intelligence
A5070859687,computer security
A5087502169,data science
A5014451047,artificial intelligence
A5052821522,artificial intelligence
A5010294234,artificial intelligence
A5085252445,artificial intelligence
A5035956980,machine learning
A5082940954,machine learning
A5000577539,artificial intelligence
A5059885970,operating system
A5052822843,artificial intelligence
A5032359389,artificial intelligence
A5016821063,computer security
A5087066780,artificial intelligence
A5010384268,operating system
A5067629673,knowledge management
A5071260205,artificial intelligence
A5069317254,operating system
A5000618521,machine learning
A5049701136,machine learning
A5058922210,artificial intelligence
A5048629954,artificial intelligence
A5046077655,artificial intelligence
A5000100573,artificial intelligence
A5004393034,artificial intelligence
A5027533888,artificial intelligence
A5005523187,operating system
A5022208558,artificial intelligence
A5000851902,world wide web
A5051857079,artificial intelligence
A5021956516,speech recognition
A5084591829,artificial intelligence
A5046185637,artificial intelligence
A5051880176,computer security
A5013384495,artificial intelligence
A5001908659,artificial intelligence
A5087534799,artificial intelligence
A5009220389,programming language
A5084335365,artificial intelligence
A5075270383,artificial intelligence
A5009170431,artificial intelligence
A5084897948,artificial intelligence
A5015911453,artificial intelligence
A5089398354,machine learning
A5077104036,artificial intelligence
A5018650225,natural language processing
A5091023010,artificial intelligence
A5054653602,data science
A5041331096,computer security
A5059717577,data science
A5019301265,data science
A5043643519,computer security
A5034294135,knowledge management
A5052692708,artificial intelligence
A5046689778,computer security
A5037248538,artificial intelligence
A5012010562,artificial intelligence
A5033406363,artificial intelligence
A5041784162,speech recognition
A5038291633,artificial intelligence
A5044038805,artificial intelligence
A5042149473,artificial intelligence
A5057217338,artificial intelligence
A5031634765,multimedia
A5067146623,data science
A5031824776,database
A5028695853,artificial intelligence
A5090857859,artificial intelligence
A5008847404,artificial intelligence
A5062341047,artificial intelligence
A5068900011,world wide web
A5011124952,artificial intelligence
A5076874321,artificial intelligence
A5006544857,artificial intelligence
A5087731727,artificial intelligence
A5066323524,operating system
A5013642374,artificial intelligence
A5088206947,artificial intelligence
A5038729249,artificial intelligence
A5046764771,machine learning
A5059660958,computer security
A5071592901,computer network
A5014750183,knowledge management
A5048758245,machine learning
A5025517633,artificial intelligence
A5067715723,operating system
A5027309456,operating system
A5063466791,operating system
A5062189131,programming language
A5063651055,machine learning
A5003098656,artificial intelligence
A5021341097,artificial intelligence
A5007741379,theoretical computer science
A5071046303,artificial intelligence
A5035188278,artificial intelligence
A5073256902,artificial intelligence
A5014695494,artificial intelligence
A5002905327,world wide web
A5011846917,artificial intelligence
A5059335262,operating system
A5023854303,machine learning
A5086683542,machine learning
A5023771648,machine learning
A5076094600,artificial intelligence
A5062629194,machine learning
A5066305862,machine learning
A5056916227,artificial intelligence
A5005547561,operating system
A5019267154,operating system
A5009522954,artificial intelligence
A5085618454,artificial intelligence
A5012542241,artificial intelligence
A5073155006,operating system
A5022547481,computer network
A5038740186,artificial intelligence
A5017619299,machine learning
A5063194536,artificial intelligence
A5062751696,knowledge management
A5077898761,artificial intelligence
A5018288181,artificial intelligence
A5020116705,artificial intelligence
A5046009592,artificial intelligence
A5026288547,world wide web
A5039042766,computer network
A5042441651,operating system
A5068956515,operating system
A5010043275,programming language
A5080265667,artificial intelligence
A5035226116,operating system
A5028740097,artificial intelligence
A5003364264,programming language
A5065746959,artificial intelligence
A5069829631,artificial intelligence
A5021905552,artificial intelligence
A5026807034,artificial intelligence
A5005209686,artificial intelligence
A5059066535,artificial intelligence
A5016720311,artificial intelligence
A5014333350,operating system
A5079489256,artificial intelligence
A5043010061,artificial intelligence
A5048143695,artificial intelligence
A5052668147,world wide web
A5027510291,machine learning
A5087614381,artificial intelligence
A5064883016,artificial intelligence
A5054710928,artificial intelligence
A5090199433,computer vision
A5015643944,artificial intelligence
A5068474010,machine learning
A5053601068,artificial intelligence
A5085203169,computer vision
A5045165993,machine learning
A5026752908,artificial intelligence
A5016126102,artificial intelligence
A5007403016,artificial intelligence
A5061158647,artificial intelligence
A5046354308,operating system
A5013188869,artificial intelligence
A5079964536,artificial intelligence
A5070939658,artificial intelligence
A5070544233,artificial intelligence
A5030775785,machine learning
A5008409909,world wide web
A5019041324,multimedia
A5091633719,multimedia
A5025648274,operating system
A5015190065,computer vision
A5016638493,world wide web
A5035887276,programming language
A5060946836,programming language
A5008229577,computer vision
A5018935705,computer vision
A5066269496,artificial intelligence
A5085194150,artificial intelligence
A5041741373,operating system
A5060004243,artificial intelligence
A5073765948,internet privacy
A5075585231,data science
A5032484592,machine learning
A5058101576,artificial intelligence
A5085530459,artificial intelligence
A5083610939,artificial intelligence
A5047084018,theoretical computer science
A5058529157,artificial intelligence
A5021380771,artificial intelligence
A5024155508,artificial intelligence
A5004168772,artificial intelligence
A5039038406,programming language
A5019864721,programming language
A5034578690,computer vision
A5020185297,artificial intelligence
A5050749326,multimedia
A5075331344,artificial intelligence
A5026103274,operating system
A5055220196,operating system
A5063561246,artificial intelligence
A5002185508,artificial intelligence
A5012486505,artificial intelligence
A5073178954,artificial intelligence
A5073730375,artificial intelligence
A5052124920,artificial intelligence
A5014011458,artificial intelligence
A5083018960,artificial intelligence
A5073107689,operating system
A5029533931,machine learning
A5036140418,artificial intelligence
A5052979944,knowledge management
A5035675448,operating system
A5002332272,artificial intelligence
A5019601876,computer security
A5007007501,programming language
A5043571779,programming language
A5085643719,operating system
A5054295296,artificial intelligence
A5008589821,artificial intelligence
A5007329669,artificial intelligence
A5054238903,artificial intelligence
A5072670483,operating system
A5029819514,artificial intelligence
A5042694328,computer security
A5069453171,computer vision
A5003298449,artificial intelligence
A5044443092,artificial intelligence
A5052762681,artificial intelligence
A5039320939,computer network
A5035284963,machine learning
A5080427402,operating system
A5056005713,artificial intelligence
A5016122387,artificial intelligence
A5090148107,database
A5008617608,artificial intelligence
A5013016113,artificial intelligence
A5066520538,artificial intelligence
A5089048868,artificial intelligence
A5058326477,artificial intelligence
A5004674429,artificial intelligence
A5077287712,artificial intelligence
A5022405104,artificial intelligence
A5062283593,artificial intelligence
A5054189628,programming language
A5060362716,operating system
A5013288962,machine learning
A5032527789,artificial intelligence
A5033463663,computer vision
A5017722036,artificial intelligence
A5071533944,machine learning
A5023471253,speech recognition
A5076720283,artificial intelligence
A5021955713,operating system
A5003304913,artificial intelligence
A5014751621,operating system
A5042062197,programming language
A5060100121,information retrieval
A5071905590,operating system
A5060102543,artificial intelligence
A5004916865,artificial intelligence
A5050157003,artificial intelligence
A5004420104,artificial intelligence
A5083055070,computer vision
A5062528117,multimedia
A5019391402,machine learning
A5044212535,artificial intelligence
A5036331347,computer network
A5066710970,artificial intelligence
A5074650679,artificial intelligence
A5058425630,artificial intelligence
A5028288962,artificial intelligence
A5026261684,programming language
A5002204703,operating system
A5009718393,artificial intelligence
A5070226727,operating system
A5068338006,artificial intelligence
A5002496014,generic
A5043796981,generic
A5009487946,artificial intelligence
A5036587841,artificial intelligence
A5010806470,machine learning
A5041383168,artificial intelligence
A5028933270,artificial intelligence
A5051326387,machine learning
A5076238041,computer vision
A5014515838,data mining
A5001315380,knowledge management
A5005968562,artificial intelligence
A5052242583,artificial intelligence
A5019837925,operating system
A5020307082,artificial intelligence
A5042982783,artificial intelligence
A5055530650,artificial intelligence
A5023802533,operating system
A5068165456,machine learning
A5016978596,artificial intelligence
A5007428198,artificial intelligence
A5065690463,multimedia
A5066507377,programming language
A5007205393,machine learning
A5044522925,artificial intelligence
A5000729733,machine learning
A5028880130,computer vision
A5014816978,natural language processing
A5001066420,natural language processing
A5003465807,computer vision
A5016624380,computer vision
A5022018277,artificial intelligence
A5073448059,artificial intelligence
A5025855943,artificial intelligence
A5034249208,artificial intelligence
A5075814155,database
A5040805043,multimedia
A5058932893,artificial intelligence
A5064488080,artificial intelligence
A5013809895,artificial intelligence
A5051345973,artificial intelligence
A5073685088,computer vision
A5079815933,multimedia
A5067190271,artificial intelligence
A5045825081,artificial intelligence
A5001568677,machine learning
A5052152121,artificial intelligence
A5023953202,artificial intelligence
A5089656601,artificial intelligence
A5054119246,programming language
A5044535444,artificial intelligence
A5053843420,machine learning
A5040485363,data science
A5084447591,computer vision
A5038045438,programming language
A5032118535,programming language
A5041085864,information retrieval
A5054799336,programming language
A5072350285,programming language
A5076337231,programming language
A5061416981,artificial intelligence
A5051429886,natural language processing
A5043776219,artificial intelligence
A5050870916,computer vision
A5071245743,artificial intelligence
A5055344613,machine learning
A5081848578,programming language
A5052475314,programming language
A5079957387,programming language
A5086134932,machine learning
A5057827975,machine learning
A5003084591,database
A5043242807,machine learning
A5016011886,machine learning
A5050714727,operating system
A5036898504,machine learning
A5012396102,machine learning
A5087781489,machine learning
A5089543198,artificial intelligence
A5087152800,knowledge management
A5008232444,knowledge management
A5091842307,artificial intelligence
A5043823537,artificial intelligence
A5063994115,artificial intelligence
A5000973984,artificial intelligence
A5045245743,machine learning
A5083633284,artificial intelligence
A5088400668,operating system
A5015812196,machine learning
A5000837692,artificial intelligence
A5027324773,artificial intelligence
A5082739781,artificial intelligence
A5027430653,artificial intelligence
A5051972523,operating system
A5049749354,machine learning
A5006631854,artificial intelligence
A5057189497,database
A5041109278,operating system
A5025400888,operating system
A5056505470,knowledge management
A5036175629,operating system
A5016529288,knowledge management
A5076813693,knowledge management
A5060994601,knowledge management
A5080150318,artificial intelligence
A5090440513,machine learning
A5070869667,artificial intelligence
A5067949602,artificial intelligence
A5018442820,artificial intelligence
A5021565388,artificial intelligence
A5077039883,artificial intelligence
A5070873702,natural language processing
A5035389403,artificial intelligence
A5089686987,artificial intelligence
A5048361564,artificial intelligence
A5001970777,database
A5043729076,machine learning
A5064438298,multimedia
A5083132017,artificial intelligence
A5074451226,artificial intelligence
A5089581879,computer security
A5084441132,machine learning
A5037113249,artificial intelligence
A5037455751,artificial intelligence
A5041314190,artificial intelligence
A5072947986,artificial intelligence
A5041917550,computer security
A5071667496,artificial intelligence
A5044584963,artificial intelligence
A5049471853,artificial intelligence
A5088802936,knowledge management
A5047490908,natural language processing
A5083658158,artificial intelligence
A5080985746,data science
A5027595810,artificial intelligence
A5013840363,artificial intelligence
A5074622168,computer security
A5088646910,computer security
A5017695018,database
A5005343914,artificial intelligence
A5002524055,artificial intelligence
A5071983674,artificial intelligence
A5024948465,artificial intelligence
A5056663824,operating system
A5033958217,programming language
A5053395647,artificial intelligence
A5019144248,operating system
A5040275505,machine learning
A5058649907,operating system
A5018157075,operating system
A5029700747,operating system
A5035954014,machine learning
A5052325589,artificial intelligence
A5085642828,multimedia
A5019201161,machine learning
A5008227532,multimedia
A5027091367,artificial intelligence
A5029231501,artificial intelligence
A5049554881,programming language
A5020006751,multimedia
A5088852985,artificial intelligence
A5063380674,computer vision
A5069787384,programming language
A5055365411,data mining
A5042603602,artificial intelligence
A5049895689,artificial intelligence
A5058984813,data science
A5055126728,data science
A5069541757,machine learning
A5045064114,artificial intelligence
A5085321842,natural language processing
A5045616772,artificial intelligence
A5000942568,artificial intelligence
A5070860872,machine learning
A5085638897,artificial intelligence
A5058656419,data science
A5006121017,data science
A5060219315,data science
A5041002371,artificial intelligence
A5033942292,artificial intelligence
A5060272219,artificial intelligence
A5083189497,operating system
A5065216243,artificial intelligence
A5004016310,artificial intelligence
A5057485661,artificial intelligence
A5032728110,artificial intelligence
A5054452935,operating system
A5010337399,operating system
A5030139374,machine learning
A5039162920,machine learning
A5008652406,artificial intelligence
A5089366076,artificial intelligence
A5064031601,programming language
A5080230535,artificial intelligence
A5000327024,artificial intelligence
A5050981515,artificial intelligence
A5087831935,computer vision
A5061995909,multimedia
A5043343079,knowledge management
A5089325290,artificial intelligence
A5073212559,data science
A5049813106,programming language
A5002554768,artificial intelligence
A5025271723,artificial intelligence
A5082516246,operating system
A5027154445,artificial intelligence
A5088255710,database
A5075043374,operating system
A5038217549,knowledge management
A5061632605,artificial intelligence
A5051586829,database
A5047267766,artificial intelligence
A5006847405,machine learning
A5020041250,artificial intelligence
A5004816307,operating system
A5088126959,computer vision
A5086882585,operating system
A5071088913,operating system
A5073308733,operating system
A5056962902,computer vision
A5040711832,computer vision
A5069103926,machine learning
A5024751562,artificial intelligence
A5026505836,multimedia
A5052788582,computer network
A5084457619,operating system
A5089267962,artificial intelligence
A5001888977,artificial intelligence
A5091399517,artificial intelligence
A5060716137,artificial intelligence
A5061875476,artificial intelligence
A5027038484,operating system
A5033225342,artificial intelligence
A5025291771,artificial intelligence
A5013641708,operating system
A5036194121,operating system
A5014341354,artificial intelligence
A5052980050,artificial intelligence
A5036571660,artificial intelligence
A5017682507,machine learning
A5052931491,artificial intelligence
A5051196304,operating system
A5052073629,operating system
A5005047709,programming language
A5019771704,world wide web
A5009680183,artificial intelligence
A5022789580,artificial intelligence
A5047050750,artificial intelligence
A5059055671,artificial intelligence
A5015509335,artificial intelligence
A5045629957,artificial intelligence
A5017299960,operating system
A5001788611,operating system
A5029461718,machine learning
A5006131187,artificial intelligence
A5065527926,operating system
A5078739589,operating system
A5084929849,artificial intelligence
A5017246972,programming language
A5061944739,operating system
A5076092431,computer vision
A5026435271,computer vision
A5006649203,artificial intelligence
A5027567742,artificial intelligence
A5055931745,machine learning
A5087069949,data science
A5076262767,artificial intelligence
A5088375897,artificial intelligence
A5076476809,artificial intelligence
A5038925727,artificial intelligence
A5024409981,artificial intelligence
A5054569164,artificial intelligence
A5009236758,artificial intelligence
A5032475130,artificial intelligence
A5036551343,artificial intelligence
A5089089696,artificial intelligence
A5079326177,operating system
A5016250424,artificial intelligence
A5051674159,natural language processing
A5039551297,computer security
A5019528050,artificial intelligence
A5066420868,data science
A5032937525,artificial intelligence
A5069471307,artificial intelligence
A5033663499,artificial intelligence
A5090210020,artificial intelligence
A5067275668,artificial intelligence
A5081490412,operating system
A5057753880,computer network
A5009912006,computer security
A5019466280,artificial intelligence
A5031108297,natural language processing
A5076723837,artificial intelligence
A5032911420,artificial intelligence
A5078425982,artificial intelligence
A5079003020,speech recognition
A5064341381,artificial intelligence
A5083616531,artificial intelligence
A5054321494,artificial intelligence
A5057936709,world wide web
A5006688577,world wide web
A5023529628,artificial intelligence
A5027675478,operating system
A5046884211,artificial intelligence
A5052909911,natural language processing
A5038711297,artificial intelligence
A5069424778,artificial intelligence
A5015383288,knowledge management
A5001384764,machine learning
A5051478544,machine learning
A5032837208,machine learning
A5013031722,operating system
A5070193779,operating system
A5042439803,operating system
A5075250374,artificial intelligence
A5074409158,artificial intelligence
A5078968973,machine learning
A5081112273,machine learning
A5061050264,artificial intelligence
A5041054091,artificial intelligence
A5056415454,artificial intelligence
A5024421847,programming language
A5081097346,programming language
A5034054639,programming language
A5084742045,artificial intelligence
A5081224781,artificial intelligence
A5065576294,artificial intelligence
A5090398591,artificial intelligence
A5079340162,natural language processing
A5060873638,artificial intelligence
A5046345332,computer security
A5058630909,computer security
A5010217538,operating system
A5067003089,artificial intelligence
A5031556811,computer vision
A5069909605,artificial intelligence
A5032769801,artificial intelligence
A5002107129,artificial intelligence
A5073575483,artificial intelligence
A5044655311,world wide web
A5088797863,artificial intelligence
A5083295762,artificial intelligence
A5045545462,artificial intelligence
A5055138875,artificial intelligence
A5075331100,artificial intelligence
A5056296349,artificial intelligence
A5025825773,computer security
A5035605920,artificial intelligence
A5064660687,artificial intelligence
A5022255518,artificial intelligence
A5010806171,programming language
A5006589989,computer network
A5005976848,artificial intelligence
A5059967616,artificial intelligence
A5059829687,programming language
A5089202968,artificial intelligence
A5084741530,artificial intelligence
A5031688697,operating system
A5003325440,machine learning
A5020021079,artificial intelligence
A5017533702,artificial intelligence
A5060174190,artificial intelligence
A5085378142,artificial intelligence
A5022096550,artificial intelligence
A5036285785,artificial intelligence
A5031225122,artificial intelligence
A5055991059,information retrieval
A5067604748,machine learning
A5077089270,artificial intelligence
A5088659822,artificial intelligence
A5009433206,artificial intelligence
A5072691870,machine learning
A5056224599,computer security
A5073581143,machine learning
A5006169977,machine learning
A5074525584,data science
A5025092398,artificial intelligence
A5090886267,computer network
A5050271502,artificial intelligence
A5032248436,artificial intelligence
A5064608039,artificial intelligence
A5037200145,information retrieval
A5000115067,artificial intelligence
A5050349892,operating system
A5020290067,operating system
A5010714284,operating system
A5045941459,programming language
A5082549396,operating system
A5044627697,operating system
A5069431890,knowledge management
A5056272467,machine learning
A5076455938,operating system
A5003965931,artificial intelligence
A5003479852,artificial intelligence
A5025325866,artificial intelligence
A5054802397,operating system
A5078808994,artificial intelligence
A5085550603,operating system
A5023494312,knowledge management
A5016951886,programming language
A5042884345,artificial intelligence
A5009754632,machine learning
A5081304017,data science
A5038792765,data science
A5081882356,artificial intelligence
A5020040330,artificial intelligence
A5082768411,speech recognition
A5019197893,speech recognition
A5051201519,operating system
A5065132415,computer network
A5000656581,artificial intelligence
A5042765540,data science
A5024995910,multimedia
A5054717560,computer vision
A5091673337,artificial intelligence
A5038836690,artificial intelligence
A5006697745,machine learning
A5051067754,operating system
A5056714859,operating system
A5029420904,natural language processing
A5045216464,artificial intelligence
A5046297500,operating system
A5085566321,artificial intelligence
A5024404688,machine learning
A5050275408,machine learning
A5061404276,machine learning
A5023349180,computer vision
A5082692611,artificial intelligence
A5008614365,artificial intelligence
A5050233273,artificial intelligence
A5025986224,artificial intelligence
A5050841896,programming language
A5028898755,programming language
A5071345719,computer network
A5087421071,artificial intelligence
A5015226412,computer vision
A5057586476,artificial intelligence
A5075482342,world wide web
A5059621414,machine learning
A5060261492,artificial intelligence
A5069668762,artificial intelligence
A5074356467,programming language
A5037078872,machine learning
A5074242318,artificial intelligence
A5041363284,machine learning
A5067999700,computer security
A5078634144,artificial intelligence
A5090680259,natural language processing
A5057141482,natural language processing
A5057985975,world wide web
A5050139285,computer security
A5041788462,artificial intelligence
A5060039482,artificial intelligence
A5028569469,data science
A5041749192,artificial intelligence
A5013110560,artificial intelligence
A5086683823,computer security
A5000949271,artificial intelligence
A5031528985,multimedia
A5022201814,artificial intelligence
A5031193058,artificial intelligence
A5023504096,machine learning
A5088803682,artificial intelligence
A5024774718,artificial intelligence
A5068604484,artificial intelligence
A5090425117,artificial intelligence
A5005458102,artificial intelligence
A5055258367,artificial intelligence
A5048016681,artificial intelligence
A5042155265,artificial intelligence
A5050297893,artificial intelligence
A5031344771,operating system
A5050279893,artificial intelligence
A5052147335,artificial intelligence
A5070827615,artificial intelligence
A5013353538,artificial intelligence
A5023767001,artificial intelligence
A5008211323,artificial intelligence
A5089421543,artificial intelligence
A5043482412,artificial intelligence
A5019247599,artificial intelligence
A5048199386,artificial intelligence
A5044374534,artificial intelligence
A5015452632,artificial intelligence
A5046621617,artificial intelligence
A5061707651,programming language
A5084765224,computer security
A5081736060,artificial intelligence
A5050629613,natural language processing
A5063275693,artificial intelligence
A5037816396,artificial intelligence
A5038567263,natural language processing
A5036719135,machine learning
A5052131229,machine learning
A5026162453,internet privacy
A5069326301,artificial intelligence
A5058681619,artificial intelligence
A5077821163,knowledge management
A5047471894,natural language processing
A5086737486,artificial intelligence
A5060362798,machine learning
A5018006976,machine learning
A5031146693,artificial intelligence
A5071183264,artificial intelligence
A5019157535,database
A5026396822,artificial intelligence
A5049316018,operating system
A5016364012,computer security
A5036627372,machine learning
A5056729168,machine learning
A5069208662,artificial intelligence
A5090371608,computer network
A5029965519,artificial intelligence
A5080916901,artificial intelligence
A5024774687,artificial intelligence
A5004270435,machine learning
A5085576580,operating system
A5064648907,artificial intelligence
A5008252447,artificial intelligence
A5031886487,operating system
A5064908921,artificial intelligence
A5069506463,artificial intelligence
A5009786177,artificial intelligence
A5025408026,artificial intelligence
A5061261367,artificial intelligence
A5025922642,artificial intelligence
A5079234915,artificial intelligence
A5037202060,artificial intelligence
A5002919474,artificial intelligence
A5050395348,artificial intelligence
A5057201291,artificial intelligence
A5057170481,artificial intelligence
A5051049331,artificial intelligence
A5089595222,artificial intelligence
A5011602248,operating system
A5032928688,operating system
A5014498584,artificial intelligence
A5068494522,artificial intelligence
A5041760167,machine learning
A5078096313,machine learning
A5084863607,artificial intelligence
A5027626001,world wide web
A5020328816,artificial intelligence
A5003558167,artificial intelligence
A5058671542,artificial intelligence
A5074732967,artificial intelligence
A5005137508,artificial intelligence
A5048273584,artificial intelligence
A5010461684,operating system
A5019994345,artificial intelligence
A5085768241,artificial intelligence
A5039083900,artificial intelligence
A5042215192,artificial intelligence
A5047871015,artificial intelligence
A5059972358,artificial intelligence
A5074313064,artificial intelligence
A5036945937,artificial intelligence
A5082877482,operating system
A5010897495,computer vision
A5053203142,artificial intelligence
A5049304554,artificial intelligence
A5014449031,computer network
A5064149782,artificial intelligence
A5004440705,operating system
A5007374635,machine learning
A5007231650,artificial intelligence
A5061155260,computer network
A5070058090,artificial intelligence
A5056556295,computer security
A5083204519,operating system
A5072589407,operating system
A5048290652,world wide web
A5072514860,data mining
A5056098625,artificial intelligence
A5036971304,data mining
A5003392018,artificial intelligence
A5047665199,computer vision
A5088439816,computer security
A5029942543,data mining
A5072210863,artificial intelligence
A5006422398,artificial intelligence
A5043955676,machine learning
A5079128819,computer vision
A5005428051,world wide web
A5089446294,artificial intelligence
A5003466626,artificial intelligence
A5082936216,artificial intelligence
A5029043022,computer security
A5048859324,artificial intelligence
A5054502285,operating system
A5007347877,artificial intelligence
A5087702948,artificial intelligence
A5091881486,machine learning
A5024029690,knowledge management
A5079242389,world wide web
A5082595722,world wide web
A5050701697,database
A5006717179,world wide web
A5055417788,artificial intelligence
A5024242405,artificial intelligence
A5049711176,artificial intelligence
A5076521836,artificial intelligence
A5081484667,artificial intelligence
A5081579931,artificial intelligence
A5055333085,artificial intelligence
A5062151572,artificial intelligence
A5079236889,knowledge management
A5067172669,artificial intelligence
A5075889667,artificial intelligence
A5084293052,artificial intelligence
A5078984352,artificial intelligence
A5073408099,programming language
A5012214843,programming language
A5080582720,artificial intelligence
A5010685988,library science
A5051031190,knowledge management
A5010056351,artificial intelligence
A5061055543,operating system
A5082575297,operating system
A5078833517,artificial intelligence
A5002073851,machine learning
A5029694422,machine learning
A5034493016,artificial intelligence
A5078413640,artificial intelligence
A5012261338,database
A5037809550,knowledge management
A5054588148,database
A5050192545,operating system
A5045316621,database
A5037011105,database
A5038580489,database
A5089046382,computer security
A5035543729,knowledge management
A5018299329,database
A5060599040,machine learning
A5020859112,operating system
A5078503738,programming language
A5086262838,operating system
A5052719504,artificial intelligence
A5034368277,artificial intelligence
A5027165014,operating system
A5043635991,operating system
A5018667990,artificial intelligence
A5048399269,machine learning
A5017907077,artificial intelligence
A5090563946,operating system
A5049042097,artificial intelligence
A5088144116,artificial intelligence
A5019619264,artificial intelligence
A5036072256,computer network
A5001210246,artificial intelligence
A5067878568,artificial intelligence
A5089687991,artificial intelligence
A5073921920,information retrieval
A5039673409,artificial intelligence
A5026942985,artificial intelligence
A5053330354,artificial intelligence
A5045841076,artificial intelligence
A5072609220,data science
A5032369877,machine learning
A5080779419,machine learning
A5013809751,programming language
A5028354383,programming language
A5070468573,artificial intelligence
A5003666086,artificial intelligence
A5021008480,artificial intelligence
A5014423631,speech recognition
A5057893119,operating system
A5056964395,artificial intelligence
A5010549657,machine learning
A5091022595,machine learning
A5089843937,artificial intelligence
A5070058788,programming language
A5055548600,knowledge management
A5050501609,world wide web
A5065593897,programming language
A5077725244,artificial intelligence
A5081907167,artificial intelligence
A5027109602,artificial intelligence
A5003973273,operating system
A5051950995,artificial intelligence
A5061746273,operating system
A5066264021,multimedia
A5012355577,multimedia
A5061859583,artificial intelligence
A5029506183,artificial intelligence
A5063217324,artificial intelligence
A5046397615,artificial intelligence
A5051387215,machine learning
A5046617412,machine learning
A5007681440,machine learning
A5089478147,artificial intelligence
A5017599989,data science
A5014586259,operating system
A5028930426,operating system
A5012834199,artificial intelligence
A5024303278,operating system
A5023334977,artificial intelligence
A5069148207,artificial intelligence
A5086891102,artificial intelligence
A5059849698,operating system
A5047563835,operating system
A5024430573,machine learning
A5032630890,machine learning
A5023379719,artificial intelligence
A5057504273,knowledge management
A5029337245,operating system
A5008160637,computer security
A5091109596,artificial intelligence
A5032426460,operating system
A5086013510,operating system
A5082191286,artificial intelligence
A5028835942,operating system
A5046620343,machine learning
A5007141309,artificial intelligence
A5066936039,artificial intelligence
A5075094875,natural language processing
A5000798563,natural language processing
A5014836787,natural language processing
A5055938972,computer security
A5016111913,artificial intelligence
A5065399770,artificial intelligence
A5041828083,artificial intelligence
A5090975476,artificial intelligence
A5004538072,natural language processing
A5053259161,speech recognition
A5026532746,machine learning
A5031078735,artificial intelligence
A5078444239,machine learning
A5037669427,multimedia
A5063342436,world wide web
A5079185773,operating system
A5056759941,artificial intelligence
A5016193373,machine learning
A5072391015,artificial intelligence
A5025989324,artificial intelligence
A5008745737,machine learning
A5074602415,artificial intelligence
A5023496999,computer security
A5040354980,artificial intelligence
A5024925031,artificial intelligence
A5073924795,artificial intelligence
A5028415636,machine learning
A5064317805,artificial intelligence
A5047714863,programming language
A5025279275,artificial intelligence
A5065927198,artificial intelligence
A5082829937,artificial intelligence
A5022303909,world wide web
A5013313723,artificial intelligence
A5050430266,operating system
A5042930280,operating system
A5019764221,machine learning
A5079879864,machine learning
A5041629206,machine learning
A5044639561,machine learning
A5035297055,machine learning
A5028221744,machine learning
A5047608606,machine learning
A5057803033,machine learning
A5091896080,operating system
A5018427613,artificial intelligence
A5050738207,artificial intelligence
A5077111855,operating system
A5040636956,computer network
A5008942008,operating system
A5036904939,operating system
A5056852448,artificial intelligence
A5051392570,artificial intelligence
A5033546888,artificial intelligence
A5029286218,artificial intelligence
A5015535460,artificial intelligence
A5072489431,artificial intelligence
A5082366423,artificial intelligence
A5062676523,artificial intelligence
A5049753764,machine learning
A5038010386,artificial intelligence
A5027707708,natural language processing
A5088621425,operating system
A5052714134,artificial intelligence
A5014554950,machine learning
A5006297499,artificial intelligence
A5090989509,artificial intelligence
A5003859694,artificial intelligence
A5079733597,information retrieval
A5081310398,artificial intelligence
A5004180387,operating system
A5089214617,artificial intelligence
A5091636528,artificial intelligence
A5036211273,programming language
A5027401903,multimedia
A5053577326,operating system
A5004588014,machine learning
A5005934483,artificial intelligence
A5013393872,artificial intelligence
A5037261758,artificial intelligence
A5052931994,operating system
A5066544193,multimedia
A5034081357,multimedia
A5052386516,machine learning
A5066960178,knowledge management
A5061896540,computer security
A5066581366,artificial intelligence
A5032338316,artificial intelligence
A5084918730,artificial intelligence
A5005238842,artificial intelligence
A5090455704,artificial intelligence
A5032826979,artificial intelligence
A5082432932,artificial intelligence
A5018563086,artificial intelligence
A5017362544,artificial intelligence
A5069447319,artificial intelligence
A5078307688,artificial intelligence
A5024909383,artificial intelligence
A5053698150,artificial intelligence
A5008135322,artificial intelligence
A5058643222,artificial intelligence
A5075419705,knowledge management
A5048057594,computer network
A5040324629,operating system
A5065806035,artificial intelligence
A5087749410,artificial intelligence
A5054139301,database
A5019058531,machine learning
A5065624441,artificial intelligence
A5073025567,artificial intelligence
A5040411707,artificial intelligence
A5059912431,computer vision
A5022015316,computer vision
A5038642110,artificial intelligence
A5037839311,knowledge management
A5019523011,programming language
A5008501602,knowledge management
A5090501915,artificial intelligence
A5025741195,programming language
A5014013189,artificial intelligence
A5037158234,artificial intelligence
A5050730423,artificial intelligence
A5088443633,multimedia
A5091683104,artificial intelligence
A5071046786,artificial intelligence
A5068291323,multimedia
A5046934667,world wide web
A5053804092,artificial intelligence
A5082949751,artificial intelligence
A5007465292,artificial intelligence
A5063985497,computer vision
A5057863052,artificial intelligence
A5027282397,artificial intelligence
A5082836366,computer vision
A5056812379,operating system
A5018593969,artificial intelligence
A5028091939,artificial intelligence
A5054279715,data science
A5026731419,world wide web
A5057674986,artificial intelligence
A5084823359,artificial intelligence
A5015301645,operating system
A5002315545,artificial intelligence
A5045494777,artificial intelligence
A5027667267,artificial intelligence
A5073404100,artificial intelligence
A5077435236,information retrieval
A5070290151,artificial intelligence
A5054561327,artificial intelligence
A5041626389,artificial intelligence
A5083990407,data science
A5025599895,artificial intelligence
A5038870228,operating system
A5002422328,artificial intelligence
A5083185319,artificial intelligence
A5021835804,programming language
A5027918520,artificial intelligence
A5073351465,operating system
A5076683183,artificial intelligence
A5077949687,artificial intelligence
A5026043956,computer network
A5027225138,operating system
A5082683748,artificial intelligence
A5015896033,computer security
A5034292557,computer security
A5060490902,artificial intelligence
A5012589230,library science
A5020404880,artificial intelligence
A5029187193,artificial intelligence
A5074637011,artificial intelligence
A5033402068,world wide web
A5079714506,artificial intelligence
A5007129282,machine learning
A5009939605,machine learning
A5005793330,machine learning
A5045799208,artificial intelligence
A5085228028,machine learning
A5057185084,knowledge management
A5049606809,data science
A5053642227,knowledge management
A5080996343,world wide web
A5050624163,artificial intelligence
A5045316734,artificial intelligence
A5067283758,artificial intelligence
A5087786275,artificial intelligence
A5058377871,artificial intelligence
A5043466701,artificial intelligence
A5078007621,artificial intelligence
A5056108169,artificial intelligence
A5087439823,artificial intelligence
A5069383879,artificial intelligence
A5060201688,machine learning
A5022572062,operating system
A5089101580,artificial intelligence
A5069245868,internet privacy
A5049806248,natural language processing
A5063553347,machine learning
A5016371456,artificial intelligence
A5086891275,artificial intelligence
A5016007342,artificial intelligence
A5086319254,artificial intelligence
A5030221723,operating system
A5001089616,artificial intelligence
A5084775793,machine learning
A5005839517,machine learning
A5033387685,operating system
A5062549399,artificial intelligence
A5077561974,programming language
A5003010217,operating system
A5055555073,operating system
A5011442841,artificial intelligence
A5015902125,artificial intelligence
A5044282179,artificial intelligence
A5019609485,artificial intelligence
A5048937508,artificial intelligence
A5090950667,artificial intelligence
A5009351660,artificial intelligence
A5000489917,artificial intelligence
A5058586148,artificial intelligence
A5044680920,artificial intelligence
A5039192021,artificial intelligence
A5030748343,natural language processing
A5074169307,artificial intelligence
A5029834729,artificial intelligence
A5083807291,artificial intelligence
A5085622001,artificial intelligence
A5074743573,artificial intelligence
A5072739775,operating system
A5076996703,artificial intelligence
A5013938111,artificial intelligence
A5091672606,knowledge management
A5004618233,artificial intelligence
A5004674515,artificial intelligence
A5041778179,machine learning
A5020905473,programming language
A5049398785,artificial intelligence
A5060763533,multimedia
A5066680347,multimedia
A5013266148,artificial intelligence
A5033198799,artificial intelligence
A5042745853,speech recognition
A5005866826,artificial intelligence
A5090841336,artificial intelligence
A5062266220,computer vision
A5022610775,multimedia
A5004109203,multimedia
A5090482311,artificial intelligence
A5016062350,artificial intelligence
A5002253643,artificial intelligence
A5056252762,machine learning
A5045173458,machine learning
A5063526991,artificial intelligence
A5061491521,artificial intelligence
A5030377777,artificial intelligence
A5036267497,artificial intelligence
A5086298624,artificial intelligence
A5055386329,machine learning
A5041839314,artificial intelligence
A5001610837,artificial intelligence
A5008057207,programming language
A5070591850,operating system
A5085798332,artificial intelligence
A5038468196,computer network
A5089191902,artificial intelligence
A5088868795,artificial intelligence
A5086403520,computer network
A5074493410,operating system
A5059188832,artificial intelligence
A5088743816,artificial intelligence
A5082651095,artificial intelligence
A5025644020,artificial intelligence
A5010753267,machine learning
A5016624813,artificial intelligence
A5046277889,operating system
A5018353623,operating system
A5033982876,programming language
A5079139740,artificial intelligence
A5061283138,artificial intelligence
A5044718910,world wide web
A5033074824,operating system
A5044934727,artificial intelligence
A5064135868,knowledge management
A5016541555,computer security
A5087401250,operating system
A5033912893,artificial intelligence
A5070693239,artificial intelligence
A5007723033,artificial intelligence
A5075717701,artificial intelligence
A5034826144,artificial intelligence
A5063642673,artificial intelligence
A5072404159,artificial intelligence
A5005904006,artificial intelligence
A5018527188,artificial intelligence
A5028962014,world wide web
A5030692011,artificial intelligence
A5056112602,artificial intelligence
A5042695842,artificial intelligence
A5089555754,artificial intelligence
A5022061562,artificial intelligence
A5084984842,artificial intelligence
A5022835083,machine learning
A5075491724,artificial intelligence
A5086208264,artificial intelligence
A5064320284,computer vision
A5044101391,artificial intelligence
A5054138257,artificial intelligence
A5048480522,artificial intelligence
A5014243196,artificial intelligence
A5021494213,artificial intelligence
A5045400757,artificial intelligence
A5021883918,artificial intelligence
A5067624245,computer security
A5022735755,artificial intelligence
A5074285591,programming language
A5041096205,artificial intelligence
A5005240622,artificial intelligence
A5011038627,artificial intelligence
A5010025659,multimedia
A5017984606,multimedia
A5004969470,artificial intelligence
A5001709007,artificial intelligence
A5068537685,artificial intelligence
A5047246113,machine learning
A5037089112,programming language
A5050616228,artificial intelligence
A5046421151,artificial intelligence
A5008528194,machine learning
A5049857076,operating system
A5031591032,artificial intelligence
A5060077214,operating system
A5083331228,artificial intelligence
A5029390596,world wide web
A5009636640,operating system
A5036599013,operating system
A5084982785,operating system
A5010470292,artificial intelligence
A5078490300,artificial intelligence
A5004218907,operating system
A5008814570,artificial intelligence
A5016879829,artificial intelligence
A5089407434,artificial intelligence
A5025747344,artificial intelligence
A5029475975,artificial intelligence
A5070195528,artificial intelligence
A5000950203,artificial intelligence
A5056362927,artificial intelligence
A5084753239,artificial intelligence
A5000100609,artificial intelligence
A5088491556,artificial intelligence
A5078331060,artificial intelligence
A5037668866,artificial intelligence
A5011781957,artificial intelligence
A5081687048,natural language processing
A5028023816,machine learning
A5070329417,artificial intelligence
A5014303414,programming language
A5089434478,machine learning
A5086292038,artificial intelligence
A5007324249,artificial intelligence
A5042885060,artificial intelligence
A5071385388,artificial intelligence
A5090125204,operating system
A5080366175,artificial intelligence
A5018876883,artificial intelligence
A5014702428,artificial intelligence
A5033158286,artificial intelligence
A5034864773,natural language processing
A5024610782,artificial intelligence
A5073287833,programming language
A5067024577,artificial intelligence
A5032304732,computer security
A5073351355,artificial intelligence
A5055717338,machine learning
A5054423586,artificial intelligence
A5070920133,multimedia
A5067299655,operating system
A5057341982,programming language
A5009201646,artificial intelligence
A5010786661,programming language
A5085826758,artificial intelligence
A5004801704,machine learning
A5055533566,machine learning
A5031736512,artificial intelligence
A5053446418,operating system
A5087065870,machine learning
A5063202877,artificial intelligence
A5074178920,database
A5053118519,database
A5013337350,computer vision
A5067439115,operating system
A5003810007,artificial intelligence
A5066378717,artificial intelligence
A5017202660,machine learning
A5027017018,artificial intelligence
A5032413984,machine learning
A5038878860,machine learning
A5000499123,artificial intelligence
A5088505348,artificial intelligence
A5080546750,computer vision
A5029740367,computer vision
A5017587633,knowledge management
A5036350314,artificial intelligence
A5050660826,artificial intelligence
A5065368881,artificial intelligence
A5067205988,artificial intelligence
A5075516550,artificial intelligence
A5007359599,artificial intelligence
A5029243115,artificial intelligence
A5005867844,artificial intelligence
A5077667229,artificial intelligence
A5085081376,computer network
A5042789505,database
A5018323169,database
A5026370269,database
A5087875836,database
A5001060120,database
A5039125762,artificial intelligence
A5023036312,operating system
A5066289364,artificial intelligence
A5009845454,world wide web
A5036417789,operating system
A5024327117,operating system
A5047720240,operating system
A5091392485,programming language
A5000813701,world wide web
A5015742012,operating system
A5013640212,artificial intelligence
A5078810500,computer security
A5006820576,speech recognition
A5070393587,artificial intelligence
A5013195270,artificial intelligence
A5044167939,artificial intelligence
A5031125458,artificial intelligence
A5070997886,computer vision
A5019847073,artificial intelligence
A5004905403,artificial intelligence
A5026499318,artificial intelligence
A5052810941,artificial intelligence
A5052695968,operating system
A5038592969,computer vision
A5053051375,artificial intelligence
A5021498391,database
A5068370580,database
A5035456881,artificial intelligence
A5017332073,machine learning
A5078929177,machine learning
A5069899760,database
A5062915021,machine learning
A5072766585,artificial intelligence
A5050115416,artificial intelligence
A5009924754,artificial intelligence
A5014171906,computer vision
A5031666849,computer vision
A5020976628,artificial intelligence
A5006922713,machine learning
A5060640173,operating system
A5010192969,computer vision
A5081825312,artificial intelligence
A5030781096,artificial intelligence
A5037632750,artificial intelligence
A5004977018,artificial intelligence
A5028763319,artificial intelligence
A5067457694,machine learning
A5088353043,knowledge management
A5078223990,operating system
A5050888090,operating system
A5077832285,world wide web
A5038858424,multimedia
A5008993849,artificial intelligence
A5067643590,programming language
A5050107296,multimedia
A5004728349,artificial intelligence
A5059515614,artificial intelligence
A5049464802,speech recognition
A5072898619,artificial intelligence
A5081334025,artificial intelligence
A5075116212,artificial intelligence
A5086814293,artificial intelligence
A5014438160,artificial intelligence
A5091120215,artificial intelligence
A5057071669,artificial intelligence
A5037484503,artificial intelligence
A5074878980,operating system
A5066111003,world wide web
A5063632175,computer vision
A5011182510,computer vision
A5078830328,computer vision
A5066816675,computer security
A5020753219,multimedia
A5067024166,operating system
A5019915730,computer vision
A5016569068,artificial intelligence
A5059437475,artificial intelligence
A5089509156,machine learning
A5009911041,knowledge management
A5025518674,machine learning
A5017680634,operating system
A5042936210,operating system
A5004523290,operating system
A5049507162,programming language
A5026260048,machine learning
A5016953660,knowledge management
A5062481872,machine learning
A5009966952,artificial intelligence
A5007586905,artificial intelligence
A5028844862,machine learning
A5010325897,artificial intelligence
A5046226173,operating system
A5059044651,operating system
A5018938738,data science
A5083194558,data science
A5084582990,artificial intelligence
A5028762211,artificial intelligence
A5085181870,artificial intelligence
A5025961342,artificial intelligence
A5030562076,computer vision
A5072001527,artificial intelligence
A5072990609,artificial intelligence
A5091732799,artificial intelligence
A5038870778,artificial intelligence
A5089375131,artificial intelligence
A5016101298,artificial intelligence
A5031770296,operating system
A5051536989,artificial intelligence
A5086679725,artificial intelligence
A5080326559,artificial intelligence
A5011855832,artificial intelligence
A5075613137,artificial intelligence
A5000451908,artificial intelligence
A5039959769,artificial intelligence
A5020438142,artificial intelligence
A5057552053,internet privacy
A5025655254,multimedia
A5075822986,artificial intelligence
A5066389295,artificial intelligence
A5075646521,artificial intelligence
A5064756979,artificial intelligence
A5032100434,artificial intelligence
A5028863006,theoretical computer science
A5069775907,artificial intelligence
A5033049702,artificial intelligence
A5017670243,artificial intelligence
A5020729884,artificial intelligence
A5036677589,operating system
A5086764360,artificial intelligence
A5084069506,artificial intelligence
A5068567982,artificial intelligence
A5021308196,artificial intelligence
A5082144210,artificial intelligence
A5013271758,speech recognition
A5028101541,artificial intelligence
A5016174489,artificial intelligence
A5050279461,artificial intelligence
A5033814219,knowledge management
A5024976783,artificial intelligence
A5013989294,operating system
A5020915110,natural language processing
A5046627731,artificial intelligence
A5053042574,artificial intelligence
A5060576521,artificial intelligence
A5051596272,database
A5079166749,artificial intelligence
A5032964462,operating system
A5068205624,world wide web
A5028639654,artificial intelligence
A5063481738,artificial intelligence
A5019999408,artificial intelligence
A5065364725,artificial intelligence
A5012055259,artificial intelligence
A5046143115,natural language processing
A5048105169,artificial intelligence
A5009900084,artificial intelligence
A5014827780,artificial intelligence
A5024703801,data science
A5067609002,operating system
A5046665823,operating system
A5061469691,multimedia
A5005844253,world wide web
A5053984451,data mining
A5037103764,data mining
A5041809825,data mining
A5017614195,data mining
A5073699642,world wide web
A5051459358,operating system
A5032667893,artificial intelligence
A5067228330,artificial intelligence
A5054064145,computer vision
A5088425419,machine learning
A5040374672,computer network
A5064887259,computer network
A5078147241,artificial intelligence
A5009305087,artificial intelligence
A5046630253,artificial intelligence
A5063091956,artificial intelligence
A5083440261,artificial intelligence
A5086441180,data science
A5088235676,operating system
A5046039018,artificial intelligence
A5014987643,data science
A5003849047,operating system
A5037762915,artificial intelligence
A5077899424,operating system
A5088440366,data science
A5047932202,artificial intelligence
A5077254831,artificial intelligence
A5025565543,artificial intelligence
A5026536318,artificial intelligence
A5016618286,artificial intelligence
A5051697772,operating system
A5037332948,artificial intelligence
A5078574033,artificial intelligence
A5048379980,artificial intelligence
A5072739193,artificial intelligence
A5012292616,artificial intelligence
A5055312025,artificial intelligence
A5009309313,computer security
A5066359799,computer security
A5031572520,artificial intelligence
A5013190596,artificial intelligence
A5041146664,artificial intelligence
A5028754666,computer security
A5005156318,theoretical computer science
A5039584836,artificial intelligence
A5068543892,artificial intelligence
A5074885928,artificial intelligence
A5071655967,artificial intelligence
A5043327775,artificial intelligence
A5056588536,artificial intelligence
A5060690216,artificial intelligence
A5019192130,artificial intelligence
A5039217965,artificial intelligence
A5066835422,artificial intelligence
A5040561508,artificial intelligence
A5080510693,artificial intelligence
A5002747181,artificial intelligence
A5040324682,artificial intelligence
A5002979461,artificial intelligence
A5067028329,artificial intelligence
A5040468806,artificial intelligence
A5056965097,artificial intelligence
A5041326453,artificial intelligence
A5022828632,artificial intelligence
A5023833979,artificial intelligence
A5012498699,artificial intelligence
A5073373203,artificial intelligence
A5075497720,artificial intelligence
A5041322005,artificial intelligence
A5068365822,computer network
A5049170646,computer network
A5068026012,artificial intelligence
A5016693103,artificial intelligence
A5016050401,computer vision
A5050720850,artificial intelligence
A5070041767,artificial intelligence
A5090062144,machine learning
A5044667397,data science
A5012906070,library science
A5037736274,operating system
A5050274397,machine learning
A5002099952,machine learning
A5011228467,computer network
A5052050350,artificial intelligence
A5001036185,artificial intelligence
A5009098368,artificial intelligence
A5091408329,artificial intelligence
A5074774086,computer network
A5025881984,computer network
A5026067285,computer network
A5039321020,computer network
A5013431272,computer network
A5081026210,computer network
A5030691023,computer network
A5072289693,artificial intelligence
A5077634959,artificial intelligence
A5048981050,artificial intelligence
A5017796029,artificial intelligence
A5041586281,knowledge management
A5029160657,computer network
A5009746150,computer network
A5031634954,computer network
A5067478115,computer network
A5075220998,computer network
A5024474977,computer network
A5080351769,computer security
A5069121941,artificial intelligence
A5085503571,natural language processing
A5025099251,artificial intelligence
A5035936080,artificial intelligence
A5048141471,operating system
A5027490032,machine learning
A5034218164,artificial intelligence
A5079099911,artificial intelligence
A5041557343,artificial intelligence
A5072117551,computer network
A5006706172,speech recognition
A5089561193,machine learning
A5069323451,knowledge management
A5032496774,computer network
A5017594367,world wide web
A5059413846,natural language processing
A5061196319,natural language processing
A5079588173,knowledge management
A5001279752,natural language processing
A5033606498,artificial intelligence
A5065732688,operating system
A5008533295,artificial intelligence
A5061605384,data science
A5059009835,computer vision
A5020867167,data science
A5022879666,artificial intelligence
A5033490141,world wide web
A5033946000,world wide web
A5060228783,computer vision
A5026135784,computer vision
A5030040305,programming language
