src,tgt,position
W1527571715,A5077097325,first
W2297716127,A5091435927,first
W1537066827,A5072262441,first
W1537066827,A5071941451,last
W2793477525,A5058651667,first
W2793477525,A5017263427,last
W4210968171,A5062653961,first
W4210968171,A5083450863,last
W3000716014,A5026451495,first
W3000716014,A5026240645,middle
W3000716014,A5060511349,middle
W3000716014,A5018292103,middle
W3000716014,A5082698816,last
W2903590249,A5023403556,first
W4255990624,A5029257585,first
W4255990624,A5082812716,last
W2912099989,A5038379562,first
W2971360792,A5051900532,first
W2971360792,A5002904166,middle
W2971360792,A5042307561,last
W4229604944,A5058456417,first
W3039256091,A5058651667,first
W3039256091,A5017263427,last
W3103543904,A5024065815,first
W3103543904,A5087368991,last
W4234971943,A5031048414,first
W406650945,A5068286603,first
W406650945,A5027881244,last
W1593770252,A5002739745,first
W2942432719,A5049327324,first
W2942432719,A5085709919,last
W4233135909,A5088644964,first
W4233135909,A5042777271,last
W1553939018,A5037419936,first
W1553939018,A5084654812,last
W4243072198,A5007626898,last
W4206566734,A5024065815,first
W4206566734,A5087368991,last
W2985924367,A5058550942,first
W4248546022,A5047565935,first
W1564593199,A5056339289,first
W2971797472,A5032534088,first
W2971797472,A5052561466,last
W2998595140,A5050967195,last
W4250863246,A5091500375,first
W2954171510,A5089075325,first
W3000376115,A5020151207,first
W3000376115,A5024265041,middle
W3000376115,A5069685646,last
W1557333725,A5048978027,first
W1557333725,A5071056908,middle
W1557333725,A5091831227,last
W1810615071,A5066939801,first
W1810615071,A5063989536,middle
W1810615071,A5054275598,last
W4210956211,A5086178969,first
W4210956211,A5020579305,middle
W4210956211,A5012657462,last
W2950867735,A5051332724,first
W2950867735,A5004263867,middle
W2950867735,A5075932839,middle
W2950867735,A5064414755,last
W2948715149,A5058905092,first
W2948715149,A5004469718,last
W2953343412,A5030688697,middle
W2953343412,A5076724368,last
W2915622878,A5062653961,first
W2915622878,A5083450863,last
W4211232156,A5021163244,first
W4211232156,A5072980637,middle
W4211232156,A5088719128,middle
W4211232156,A5088788929,middle
W4211232156,A5047493969,middle
W4211232156,A5045071983,last
W2810826145,A5021934149,first
W2810826145,A5018293076,last
W2954661863,A5040733135,first
W4244868273,A5009209435,first
W2725049817,A5048533217,first
W2725049817,A5055132321,last
W2949868354,A5047233371,first
W2949868354,A5037066465,middle
W2949868354,A5054850777,last
W627373027,A5080538733,first
W30902120,A5081626471,first
W2752134738,A5053890837,first
W2752134738,A5051522702,middle
W4205621617,A5058550942,first
W1523865339,A5032674163,first
W2888850715,A5024893012,first
W2976818350,A5011390491,first
W2976818350,A5007832994,last
W4288853474,A5018886883,first
W4288853474,A5036466435,last
W2949311930,A5009538627,first
W3015589472,A5012084692,first
W2943924990,A5015942198,first
W2943924990,A5005098788,middle
W2943924990,A5080490085,last
W2968060136,A5046360095,first
W2968060136,A5048544465,last
W4240301789,A5000141065,first
W4240301789,A5068741709,last
W4244751360,A5038291268,first
W2997639969,A5091321590,first
W1582247849,A5053927453,first
W3099488484,A5021110395,first
W3099488484,A5058220187,middle
W3099488484,A5046337437,last
W1548067494,A5039599845,first
W1548067494,A5048095564,last
W80820758,A5082812201,first
W1610660421,A5008220508,first
W2075509377,A5085166773,first
W2887863297,A5029473053,first
W2887863297,A5067323219,middle
W2887863297,A5043967016,middle
W2913434758,A5034332525,first
W2913434758,A5066335045,middle
W2913434758,A5017764759,last
W2970497819,A5029473053,first
W2970497819,A5071530636,middle
W2970497819,A5024765386,last
W3044194783,A5046586405,first
W3044194783,A5022816432,last
W1597518486,A5010813937,first
W2905453740,A5032531969,first
W2905453740,A5078078596,last
W2426005664,A5089027398,first
W2908153988,A5020819420,first
W2908153988,A5044843115,middle
W2908153988,A5034078369,last
W4237896256,A5078146900,first
W3034344071,A5007305440,first
W355668304,A5086254011,first
W4230329648,A5030370339,first
W4230329648,A5030551743,last
W3028078961,A5033052722,first
W594457923,A5002759219,first
W4235655706,A5007165462,first
W1509480442,A5059813447,first
W1530669711,A5020043743,first
W1530669711,A5022269139,middle
W1530669711,A5015330581,last
W2528172375,A5018086501,first
W2986609602,A5065036373,middle
W4247556760,A5078091066,first
W4236218212,A5064180238,first
W4230655986,A5081527786,first
W4237816530,A5057046897,first
W4237816530,A5020801113,last
W589316553,A5038861821,first
W1541330760,A5049314231,first
W4211092209,A5075172069,first
W4211092209,A5086117892,last
W4241119678,A5084640876,first
W4285064575,A5001310787,first
W2981803686,A5078348621,first
W2981803686,A5052216639,last
W3159750561,A5035336277,first
W1499634480,A5053775104,first
W2989986341,A5002679142,first
W585033414,A5017658938,first
W2933561437,A5017097014,first
W2933561437,A5088235131,middle
W2933561437,A5018468601,last
W4213199439,A5078265147,first
W4213199439,A5017245116,last
W603187912,A5004050135,first
W2969377023,A5051815961,first
W4231480352,A5017042977,first
W4231480352,A5064158426,middle
W4231480352,A5078490047,last
W4247602258,A5015294604,first
W4249718967,A5088868657,first
W2810047874,A5068171379,last
W2945743861,A5082476482,first
W2945743861,A5021662267,last
W2945042120,A5010751143,first
W2945042120,A5001344682,last
W4247418955,A5010519712,first
W2115844672,A5061775910,first
W2896732351,A5039480864,first
W2896732351,A5011872726,last
W2916499232,A5064911702,first
W2916499232,A5044692320,last
W2944319818,A5007852895,first
W2971466976,A5053906377,last
W2976263363,A5049270107,first
W4242262613,A5009033408,first
W588575914,A5004052154,first
W2918428907,A5074197492,first
W3007133930,A5069740130,first
W3007133930,A5044836472,middle
W3007133930,A5013513157,last
W4253492115,A5085640653,first
W4253492115,A5089324504,last
W2913542295,A5065234561,first
W2913542295,A5017344436,middle
W2913542295,A5010248533,last
W3019286073,A5069094205,middle
W3019286073,A5005255629,last
W3157791599,A5037850380,middle
W4249015459,A5028299322,last
W4288877484,A5029344996,first
W4288877484,A5082538217,last
W2911631246,A5052117463,first
W3195079929,A5080014791,first
W3195079929,A5048239546,last
W2269173684,A5065659844,first
W2913354234,A5017674487,first
W2913354234,A5063872362,last
W2967755282,A5078043213,first
W2967755282,A5076670615,middle
W3024588933,A5049617212,first
W3024588933,A5001356995,last
W2922987634,A5005537180,first
W3113327296,A5067468354,last
W3195422128,A5009854878,first
W3195422128,A5059080134,middle
W3195422128,A5049705364,middle
W3195422128,A5024559252,middle
W3195422128,A5009125447,middle
W3195422128,A5074351354,middle
W3195422128,A5024959395,middle
W3195422128,A5001582187,last
W4246228662,A5018863343,first
W4246228662,A5026958336,middle
W2796080413,A5068364542,middle
W2916097329,A5062077023,first
W2979712029,A5034000581,first
W2979712029,A5015708841,last
W2995138985,A5051700680,first
W2995138985,A5010278056,middle
W2995138985,A5013663929,last
W4211215973,A5021110395,first
W4211215973,A5058220187,middle
W4211215973,A5046337437,last
W4241903662,A5012391118,first
W4241903662,A5060011918,last
W1537458971,A5045536133,first
W2904246413,A5049312755,first
W2953986104,A5075085472,first
W2953986104,A5066287429,middle
W2953986104,A5039988381,last
W2989815444,A5076642158,middle
W2989815444,A5054524069,middle
W2989815444,A5052441983,middle
W4211021267,A5089934056,middle
W4211021267,A5084826813,middle
W4245653629,A5070903558,first
W4250961344,A5083330935,last
W2965153324,A5036328726,first
W2965153324,A5007626898,last
W4230955629,A5022269446,first
W2912151597,A5021253350,first
W2912151597,A5067177193,last
W2961534947,A5001111807,first
W2995528299,A5088935199,first
W2995528299,A5003450294,middle
W2995528299,A5089135298,middle
W2995528299,A5064132416,last
W3112702808,A5067876142,first
W3112702808,A5010452641,last
W4240409582,A5011508990,first
W4240409582,A5033076583,middle
W2765878877,A5029634933,first
W2942671448,A5075524542,first
W314843828,A5088559180,first
W314843828,A5055727966,middle
W314843828,A5025626208,middle
W314843828,A5077054199,last
W4211001381,A5067125253,first
W4249545002,A5002914704,first
W4249545002,A5044073163,middle
W425217054,A5029882375,first
W1487254502,A5015931553,first
W2884002274,A5008289482,first
W2910861656,A5047846625,first
W2910861656,A5071999427,middle
W2910861656,A5080497628,middle
W2910861656,A5015090325,last
W2915422396,A5081352367,first
W2946479819,A5008287867,first
W3125219195,A5005809203,first
W3125219195,A5045156338,middle
W3125219195,A5078533571,last
W4231039736,A5048947828,first
W4249471282,A5022595755,first
W4249471282,A5076256836,last
W120464988,A5020756135,first
W120464988,A5035194938,last
W2468575729,A5069338587,first
W2934105405,A5072056394,first
W2947665865,A5083263818,first
W2961524461,A5076190433,first
W2961524461,A5034369995,last
W2971753805,A5078138776,middle
W3003476376,A5000975435,first
W3003476376,A5063496519,middle
W3003476376,A5082942970,middle
W3003476376,A5050552881,last
W623507298,A5004741465,first
W1603212054,A5025173961,first
W2914580393,A5021609168,first
W2914580393,A5049903935,last
W2948368715,A5007507262,first
W2948368715,A5075778250,last
W2961954039,A5082329552,first
W2961954039,A5014088772,last
W3000466840,A5069476728,first
W3000466840,A5031085660,middle
W4248811629,A5041100819,first
W4251508538,A5081855006,first
W4253953323,A5009138721,first
W565263165,A5004050135,first
W565263165,A5056163624,last
W641866653,A5077876566,first
W2907480184,A5029291566,first
W2912992318,A5052274381,first
W2919559268,A5006876719,first
W2919559268,A5057217204,middle
W2919559268,A5017323092,last
W2946926296,A5032379766,first
W2946926296,A5083874423,middle
W2946926296,A5087628687,last
W2977786941,A5049467216,first
W2977786941,A5002930599,last
W2995624592,A5001354783,middle
W2995624592,A5078141295,last
W3167534721,A5034420112,first
W3167534721,A5084771659,middle
W3167534721,A5051380291,last
W4235909547,A5015234830,first
W4245062903,A5038441898,first
W4252960622,A5079646839,first
W600816200,A5005375076,first
W2904457926,A5020620391,first
W2904457926,A5084187981,last
W2912002401,A5054848365,first
W2912002401,A5082955124,middle
W2912002401,A5000975435,last
W2944371175,A5077558625,first
W3200626838,A5081904333,first
W3200626838,A5067923262,middle
W3200626838,A5061834795,last
W4252253157,A5048424631,first
W4252253157,A5004584284,last
W4288948322,A5056238988,first
W2810657390,A5077860299,first
W2811187947,A5024660370,first
W2930844564,A5038915241,first
W2930844564,A5048428336,last
W2945155028,A5043441302,first
W4235096206,A5056646970,first
W4235096206,A5026655628,last
W4238818106,A5074444599,first
W4242940620,A5079988916,first
W4248302511,A5012622155,first
W2907379467,A5090743228,first
W2907379467,A5032945266,middle
W2907379467,A5051768325,last
W2981974386,A5002680245,first
W2987248367,A5023981151,first
W3133413229,A5048725993,first
W3133413229,A5066048721,middle
W3133413229,A5007748495,last
W3153379744,A5070083527,first
W3153379744,A5083611404,middle
W3153379744,A5082766647,middle
W3153379744,A5043809260,middle
W3153379744,A5071906892,last
W4210964061,A5085040644,first
W4211122380,A5017381278,first
W4211122380,A5060874303,middle
W4211122380,A5078824132,middle
W4211122380,A5050279286,last
W4249061834,A5064747944,first
W4249061834,A5066062789,last
W4254069959,A5071650924,first
W626520535,A5037431552,first
W1923851679,A5052730753,last
W2917257273,A5019300135,first
W2921979069,A5026494242,first
W2921979069,A5053073638,last
W2946360832,A5052212231,first
W2946360832,A5088128094,last
W2957480063,A5010851725,first
W3107005469,A5053985703,first
W4233610599,A5029060737,first
W4233610599,A5067555843,middle
W4233610599,A5070194221,last
W4285068936,A5057976646,first
W4286715222,A5003596925,first
W4286715222,A5015995542,last
W602717171,A5086254011,first
W602717171,A5000925030,last
W2562262019,A5090649077,first
W2562262019,A5087434304,last
W2767562930,A5090822920,first
W2810843734,A5058492651,first
W2886927150,A5068110218,first
W2886927150,A5089217677,middle
W2892452420,A5081402157,first
W2914596530,A5056692594,first
W2914596530,A5004116961,middle
W2914596530,A5071609442,middle
W2914596530,A5091226142,last
W2917146687,A5076099195,first
W2936087221,A5063421499,first
W2936087221,A5062823200,last
W2957633899,A5058666503,first
W2979520284,A5022131196,first
W2979520284,A5082528518,middle
W2979520284,A5055360778,middle
W2979520284,A5004116271,last
W2988585267,A5011232415,first
W2995413048,A5003146039,first
W2995413048,A5014675415,last
W2998820416,A5009556614,first
W2998820416,A5073138931,last
W3139724863,A5032664810,last
W35958824,A5082840668,last
W579472749,A5055141682,first
W593789711,A5054276054,first
W1522000680,A5011149925,first
W2810353156,A5068215038,first
W2908216486,A5037959766,first
W2908216486,A5012457650,middle
W2908216486,A5062846089,last
W2917565325,A5047233371,first
W2917565325,A5037066465,middle
W2917565325,A5054850777,last
W2924079068,A5012787740,first
W2945885630,A5069524542,first
W2945885630,A5028932552,middle
W2945885630,A5041121124,last
W2971539719,A5003564833,last
W2974927110,A5087064185,last
W3168779312,A5066044089,first
W4229704425,A5034097062,first
W4229704425,A5071168106,middle
W4229704425,A5075780861,last
W4244667252,A5001636587,first
W4245471118,A5074225230,first
W4245471118,A5042555123,last
W4247755631,A5011106475,first
W4249510973,A5043199495,first
W4249510973,A5016980595,middle
W4249510973,A5033670308,last
W2625569155,A5053773345,first
W2625569155,A5084548810,last
W2767358434,A5083938142,first
W2905384411,A5080269427,first
W2905384411,A5066130528,last
W2914216310,A5056309741,first
W2942742309,A5068282138,first
W2942742309,A5090567392,last
W2946031787,A5002189299,first
W2946031787,A5009930587,last
W2948506235,A5018138946,first
W2948506235,A5014866912,middle
W2948506235,A5037310413,middle
W2948506235,A5014855689,last
W2955629688,A5031067940,last
W2972608335,A5033473979,first
W2972608335,A5000893315,last
W3000651692,A5063590605,first
W3000651692,A5084444817,middle
W3000651692,A5035341014,last
W3003456448,A5077890878,first
W3003456448,A5049097823,last
W4211174396,A5062896251,first
W4211174857,A5016047570,first
W4211228677,A5080276145,first
W4211228677,A5054482827,middle
W4211228677,A5028908560,middle
W4211228677,A5052015648,last
W4239955583,A5078508874,first
W4239955583,A5073678932,last
W4242359507,A5012236267,first
W4246142702,A5075335677,first
W4253536484,A5057070917,first
W430994652,A5078363854,first
W2063943005,A5009384804,first
W2063943005,A5034889779,middle
W2063943005,A5063229067,middle
W2063943005,A5036010787,last
W2810586608,A5081589852,first
W2811239796,A5000856508,first
W2811239796,A5055416007,middle
W2811239796,A5061593701,last
W2917696072,A5032921208,first
W2953381595,A5007642188,first
W2953381595,A5039412958,middle
W2953381595,A5056555647,middle
W2953381595,A5004965117,last
W3003781888,A5057991167,first
W3003781888,A5006102391,middle
W3003781888,A5022846477,last
W3021047788,A5027751797,middle
W3021047788,A5087715869,middle
W3021047788,A5037377452,middle
W3206101061,A5059963141,first
W3209069841,A5077860299,first
W4231946312,A5046271847,first
W4233025913,A5060558756,first
W4250718396,A5024300982,first
W4250934960,A5081038628,first
W4250934960,A5015745975,last
W4252383015,A5044258528,last
W647495239,A5042928213,middle
W647495239,A5057404933,middle
W1552081923,A5020117895,first
W1552081923,A5045719394,last
W2889360629,A5029155705,first
W2893016637,A5053903265,first
W2912762242,A5080231752,first
W2912762242,A5050729402,middle
W2912762242,A5046665687,last
W2921681284,A5061964327,first
W2937431977,A5039006120,last
W2945952328,A5007049648,first
W2981041628,A5061181768,first
W2981041628,A5037648350,last
W2997384841,A5030569948,first
W2997384841,A5088272940,middle
W2997384841,A5067611632,middle
W2997384841,A5001870382,middle
W2997384841,A5026887700,middle
W2997384841,A5042611950,middle
W2997384841,A5064355568,last
W3019266674,A5034869909,middle
W3206465223,A5087963345,first
W4231301952,A5002662383,first
W4231301952,A5048060386,last
W4236780021,A5060447671,first
W4255778422,A5065990819,first
W2186664322,A5089110645,first
W2186664322,A5069799630,last
W2883062212,A5016478385,last
W2948809961,A5085421841,first
W2965088163,A5041428695,first
W2965088163,A5071577452,middle
W2965088163,A5072212864,last
W2969933057,A5043667154,first
W2979523787,A5034361203,middle
W3154066508,A5049581991,first
W3154066508,A5081162547,last
W4211231172,A5034738514,first
W4211231172,A5013698523,middle
W4211231172,A5072744508,last
W4232016243,A5080949463,first
W4232087195,A5075463763,first
W4236892861,A5024633466,first
W4236892861,A5074413224,last
W4243610690,A5026132957,first
W4244432315,A5029060737,first
W4244432315,A5067555843,middle
W4244432315,A5070194221,last
W4251816237,A5027629530,first
W4251816237,A5007287967,last
W4252596105,A5018556169,first
W4252859343,A5023911868,first
W565679989,A5058899909,first
W1873438795,A5067308324,first
W2478393397,A5041477124,first
W2478393397,A5058425203,middle
W2478393397,A5011056763,middle
W2514908068,A5052157244,first
W2531052556,A5067476738,first
W2531052556,A5076298605,last
W2886138053,A5073951597,first
W2886138053,A5000766463,last
W2892147200,A5081322718,first
W2943556297,A5051383936,first
W2943556297,A5077133596,middle
W2943556297,A5073901040,last
W2944487648,A5085321115,middle
W2946440715,A5062347426,first
W2946440715,A5021947145,middle
W2946440715,A5047421537,last
W2947903696,A5079293684,first
W2948361208,A5025816352,first
W2952957300,A5020248423,first
W2952957300,A5013301297,last
W2963961108,A5027042740,first
W2966735239,A5079617707,last
W2970800948,A5013561960,last
W2980388323,A5075724243,first
W3128780393,A5023733265,first
W3128780393,A5002908874,last
W3133586866,A5006524000,first
W3133586866,A5062784800,last
W3135248595,A5049130514,first
W3135248595,A5035432701,middle
W3135248595,A5066665154,last
W3173907100,A5083786042,last
W4211000643,A5050308357,first
W4211000643,A5028648657,middle
W4211000643,A5067608608,last
W4233919708,A5007585090,first
W4233919708,A5025816352,middle
W4233919708,A5028994376,last
W4234446291,A5071227555,first
W4234446291,A5085477174,last
W4235907943,A5001888939,first
W4235907943,A5017874234,last
W4254655948,A5041091856,first
W4254655948,A5060723344,last
W4255817052,A5020629689,last
W4256104881,A5064230075,first
W4288956373,A5076016306,first
W4288956373,A5066445402,middle
W4288956373,A5055757002,middle
W4288956373,A5008330299,last
W1956354834,A5032415790,first
W1956354834,A5006809009,middle
W1956354834,A5054994026,last
W2258882655,A5038675407,first
W2258882655,A5006445917,last
W2793045126,A5007715931,first
W2793045126,A5027131724,last
W2810768892,A5000151104,first
W2810768892,A5002076661,middle
W2810768892,A5059128927,middle
W2810768892,A5073230596,last
W2887138972,A5007057833,first
W2887138972,A5057898837,last
W2888056979,A5014115283,first
W2888719734,A5038799336,first
W2888719734,A5058448163,middle
W2888719734,A5070024779,middle
W2888719734,A5029587382,middle
W2888719734,A5053589381,last
W2903753578,A5061769343,first
W2913221338,A5038886027,first
W2917363624,A5024626195,first
W2918033599,A5053153176,first
W2918033599,A5069604107,middle
W2918033599,A5058999081,last
W2939017970,A5076819534,first
W2943215534,A5032752009,first
W2943215534,A5005072193,middle
W2944702747,A5055696539,first
W2944702747,A5023732780,last
W2945320301,A5058244834,first
W2945320301,A5003307854,last
W2955780589,A5058087521,last
W2963966579,A5035436098,first
W2969491324,A5081511982,first
W2969491324,A5022749233,middle
W2969491324,A5000975435,middle
W2969491324,A5026488168,last
W2970130330,A5005955193,first
W2970130330,A5083056452,last
W2972382531,A5069537054,first
W2972382531,A5030816616,last
W2996596757,A5026216991,first
W2996596757,A5016717457,middle
W2996596757,A5038606261,last
W3081141044,A5014405928,first
W3171252885,A5057420930,first
W3171252885,A5056884178,last
W4230143386,A5076643518,first
W4231713079,A5038514283,first
W4231713079,A5072069162,middle
W4231713079,A5021226854,middle
W4231713079,A5027063601,last
W4236891840,A5078026673,first
W4236891840,A5021247547,last
W4244906061,A5043151017,first
W4244906061,A5024620954,middle
W4244906061,A5082006408,middle
W4244906061,A5081095676,last
W4246447287,A5062101791,first
W4246447287,A5001301213,last
W4288949201,A5010930318,first
W4288949201,A5043699777,last
W573504857,A5062959562,first
W2188655692,A5028310850,first
W2887129834,A5073145218,first
W2887129834,A5029845097,last
W2900397926,A5031799782,middle
W2900397926,A5080886681,middle
W2902990691,A5007171832,last
W2904035102,A5060779928,first
W2904035102,A5006441565,middle
W2904035102,A5020227189,last
W2908139778,A5011855821,first
W2911593967,A5021102755,first
W2911593967,A5079123162,middle
W2911593967,A5081475465,last
W2912118192,A5089639500,first
W2912756257,A5018153533,first
W2913965389,A5091610469,first
W2913965389,A5089895760,last
W2922242405,A5045541136,middle
W2945488102,A5044489348,first
W2946411436,A5003217107,first
W2946411436,A5070205869,middle
W2946411436,A5082105962,middle
W2946411436,A5068708902,last
W2946848877,A5000574657,first
W2946848877,A5011611748,last
W2950284259,A5017741651,first
W2950284259,A5035513985,middle
W2950284259,A5052491056,last
W2953807250,A5012892619,first
W2953807250,A5086340700,last
W2955307542,A5055917015,middle
W2955307542,A5000937401,last
W2965094971,A5090666420,first
W2965094971,A5000975435,last
W2980711402,A5011855821,first
W2980711402,A5043498106,middle
W2980711402,A5081210463,middle
W2980711402,A5091294828,middle
W2980711402,A5040187583,last
W2983384896,A5062262911,first
W2986179274,A5011947087,first
W3033736971,A5061908942,first
W4211019247,A5017065683,first
W4232103527,A5067913601,first
W4233472122,A5091543149,first
W4233472122,A5036357902,last
W4235105928,A5079308157,first
W4237637094,A5018028924,first
W4251560356,A5025186036,last
W4253463119,A5086664114,first
W4253463119,A5085216249,last
W4256077201,A5053775104,first
W4256649110,A5019789320,first
W4256649110,A5029470579,last
W593078042,A5064928816,first
W1903291729,A5074605796,last
W2068433740,A5025002723,middle
W2068433740,A5079927813,middle
W2068433740,A5033194602,middle
W2068433740,A5081691897,middle
W2068433740,A5007692904,middle
W2068433740,A5016999419,last
W2625049090,A5039029789,first
W2809666375,A5033957848,first
W2809666375,A5051060321,last
W2809769659,A5059809107,first
W2809769659,A5085517911,middle
W2809769659,A5055768874,middle
W2811150668,A5001960238,first
W2899296819,A5006036318,first
W2901398396,A5038755734,first
W2901398396,A5081056211,last
W2903927628,A5033918541,first
W2903927628,A5051490672,last
W2904112051,A5051528024,first
W2904112051,A5040326513,last
W2906345850,A5051206308,first
W2906345850,A5009360886,middle
W2906345850,A5087675371,last
W2908512741,A5016461312,first
W2908512741,A5091711243,last
W2910762152,A5004580127,middle
W2911056351,A5087220806,first
W2915616549,A5012957543,first
W2915689087,A5044650487,first
W2917118757,A5037020023,middle
W2917118757,A5015382568,last
W2947015376,A5028592528,first
W2951240608,A5067183535,first
W2951656044,A5013890247,last
W2954756247,A5009535466,first
W2954756247,A5066091706,last
W2966564104,A5077008561,first
W2972932245,A5013005333,first
W2973152224,A5034647327,first
W2973152224,A5085978840,middle
W2973152224,A5067803328,middle
W2973152224,A5020817426,middle
W2973152224,A5019338743,last
W2974321032,A5003269780,first
W2974321032,A5033087190,last
W2995889709,A5088920905,first
W2996301255,A5067020437,first
W2996301255,A5043040471,last
W2997486371,A5033753600,first
W2997486371,A5044704830,last
W4206678871,A5076881624,first
W4206678871,A5059225875,last
W4210971297,A5030442054,middle
W4210971297,A5047033713,last
W4235255537,A5031140380,first
W4236296971,A5083536121,first
W4237671178,A5074468053,first
W4238684926,A5085099465,first
W4243043513,A5023333652,first
W4243043513,A5025092767,last
W4244890069,A5041843517,first
W4245441734,A5031670705,first
W4246177365,A5034534839,first
W4246525604,A5084386819,first
W4250012458,A5081942889,first
W4251722996,A5068645158,last
W4255531613,A5053424176,first
W1533896925,A5019533041,first
W2497762314,A5019059480,first
W2506076252,A5018900178,first
W269571151,A5039115104,first
W2809801501,A5039639484,first
W2891886346,A5033133001,first
W2904335410,A5044394722,first
W2904335410,A5034739083,middle
W2904335410,A5050289117,middle
W2904335410,A5046679226,last
W2909703423,A5041100819,first
W2920895675,A5050186152,last
W2925200343,A5068017280,middle
W2928929598,A5009000710,first
W2951985079,A5000128668,first
W2951985079,A5071959897,last
W2956193537,A5030938279,last
W2960307330,A5073243849,first
W2960307330,A5065866615,middle
W2962567350,A5016047570,first
W2962988929,A5017375713,first
W2965150996,A5070757521,first
W2965225022,A5087545205,first
W2967441352,A5068612384,first
W2967441352,A5048261783,last
W2968332714,A5074542391,first
W2968332714,A5065688079,last
W2969432693,A5010379237,first
W2969432693,A5091880648,middle
W2969432693,A5007708163,last
W2972031508,A5015320417,middle
W2972031508,A5009639508,middle
W2972031508,A5063052820,middle
W2972031508,A5042187082,last
W2975653430,A5031048414,first
W2977741895,A5038291268,first
W2979567512,A5016378430,first
W2980598514,A5013560471,middle
W2980723478,A5011946403,middle
W2993796282,A5091893294,first
W2995769774,A5033777007,first
W2995769774,A5045047767,middle
W2995769774,A5012027004,middle
W2995769774,A5022473701,middle
W2995769774,A5005836086,middle
W2995769774,A5065335369,middle
W2995769774,A5072618249,middle
W2995769774,A5038483307,middle
W2995769774,A5011896965,middle
W2995769774,A5000445240,middle
W2995769774,A5021022320,middle
W2995769774,A5019773230,middle
W2995769774,A5022710074,middle
W2995769774,A5033248308,middle
W2995769774,A5051132163,middle
W2995769774,A5010766325,middle
W2995769774,A5044510961,middle
W2995769774,A5009733809,last
W2997168584,A5050967195,last
W2997499777,A5068952677,first
W2997499777,A5058341948,last
W2998335887,A5050967195,last
W3006123463,A5000514789,first
W3006123463,A5017130492,last
W3015131154,A5078138776,last
W3130793481,A5026042163,first
W3130793481,A5001404194,last
W3131476742,A5058247448,first
W3131476742,A5069753659,last
W3136973481,A5067714910,last
W3138419783,A5038019914,first
W3138419783,A5025097632,last
W3155315477,A5080132275,first
W3155315477,A5083690971,last
W4205816038,A5035182513,first
W4232789239,A5044271294,first
W4238774105,A5006755636,first
W4239018253,A5077729027,first
W4239198127,A5082479164,first
W4239198127,A5009828854,last
W4239250963,A5059883724,first
W4241143063,A5077536927,first
W4241874602,A5005397448,first
W4247260960,A5060288254,first
W4249724716,A5030188718,first
W4249724716,A5078386058,last
W562758230,A5065919029,first
W1661924666,A5074323303,last
W2854988840,A5019280525,first
W2889075913,A5009932489,first
W2889075913,A5058182410,middle
W2889075913,A5054395599,middle
W2889075913,A5034486931,last
W2889249800,A5085698418,first
W2889249800,A5051297830,middle
W2889249800,A5015011245,last
W2894452480,A5001770010,first
W2894452480,A5055594838,last
W2899419872,A5041191852,first
W2899419872,A5015778752,middle
W2899419872,A5077456710,last
W2902464624,A5033184508,first
W2902464624,A5008641524,middle
W2902464624,A5083485740,middle
W2902464624,A5076676327,middle
W2902464624,A5079321547,last
W2908762922,A5039018205,first
W2908762922,A5037883062,last
W2911328917,A5078848805,first
W2913787508,A5069386158,first
W2913787508,A5013602621,last
W2913964481,A5056394412,first
W2917495148,A5084670721,first
W2917495148,A5056657991,middle
W2917495148,A5021477680,last
W2917719159,A5087997739,first
W2932616388,A5026658144,first
W2938279337,A5088568415,first
W2938279337,A5078910758,last
W2941077969,A5075172069,first
W2941077969,A5086117892,last
W2942426327,A5050390856,first
W2946236133,A5007669377,first
W2947624463,A5006986293,last
W2950299689,A5086264262,last
W2955046481,A5063094112,middle
W2970007690,A5050221886,first
W2971346122,A5083298304,first
W2971346122,A5056617120,last
W2976826091,A5064482682,first
W2981373447,A5045258021,first
W2981373447,A5055264305,last
W2981869565,A5005820344,first
W2981869565,A5005820344,middle
W2981869565,A5077345668,middle
W2981869565,A5077345668,last
W2989727765,A5016706200,first
W2991341169,A5071582618,first
W2997201493,A5089323326,first
W2997201493,A5083621682,last
W2999249323,A5006360335,first
W2999249323,A5027728817,middle
W2999249323,A5031788095,last
W3008872642,A5008076228,first
W3008872642,A5068190748,middle
W3008872642,A5018443722,middle
W3008872642,A5006051783,last
W3101321513,A5053327055,first
W3101321513,A5035001911,middle
W3101321513,A5006048318,middle
W3101321513,A5014498545,last
W3104183073,A5061311057,first
W3104183073,A5061237128,last
W3142178029,A5091866119,middle
W3142178029,A5046046339,middle
W3142178029,A5000911721,middle
W3142178029,A5072151614,last
W3155517441,A5044672544,first
W3155517441,A5065664393,last
W3209100641,A5053906377,last
W3210246979,A5053906377,last
W4205334708,A5020493508,first
W4205334708,A5045048407,middle
W4205334708,A5083090794,last
W4210365832,A5024711700,first
W4214879626,A5075301188,first
W4230551243,A5004284824,first
W4232472943,A5045251213,middle
W4235657834,A5012061956,first
W4236885356,A5078677430,first
W4239395901,A5027316186,first
W4243111020,A5048223855,first
W4243111020,A5091082682,last
W4243343470,A5058865022,first
W4244302797,A5047000806,first
W4244488412,A5066720988,first
W4245512376,A5073323239,first
W4250861157,A5052099956,first
W4250861157,A5051444342,middle
W4250861157,A5001276604,middle
W4250861157,A5071478953,middle
W4250861157,A5040315727,middle
W4251995852,A5078667919,first
W4252488734,A5040515096,first
W4252488734,A5068923033,last
W4252937853,A5069723687,first
W4254992124,A5077744921,last
W4255584410,A5046933025,first
W4256688191,A5072308822,first
W4256688191,A5058659834,middle
W4293162521,A5009128577,first
W4293162521,A5049437648,middle
W4293162521,A5053028480,middle
W4293162521,A5047144042,last
W588210347,A5058242415,first
W588267177,A5081560202,middle
W588267177,A5051443961,middle
W2059211957,A5080994838,first
W2104830033,A5005387781,first
W2104830033,A5019504861,last
W2276199739,A5043020378,first
W2733429188,A5050286338,first
W2733429188,A5050012170,last
W2784401476,A5057566188,first
W2784401476,A5041253713,middle
W2784401476,A5041230403,middle
W2784401476,A5012865337,last
W2794120854,A5066913199,first
W2794120854,A5003563648,middle
W2794120854,A5039785567,last
W2809795610,A5082955124,first
W2885829334,A5016129540,first
W2885829334,A5000266144,middle
W2885829334,A5027498937,middle
W2885829334,A5036186948,last
W2887119562,A5030124671,last
W2894118474,A5023619833,first
W2894118474,A5029298879,middle
W2894118474,A5033006881,last
W2904722963,A5004084740,first
W2904722963,A5007506428,middle
W2904722963,A5051895369,middle
W2904722963,A5008138587,middle
W2904722963,A5063257752,last
W2904730701,A5033914283,first
W2904730701,A5087542455,last
W2908085509,A5008694508,first
W2910131314,A5022994461,first
W2910131314,A5069014785,middle
W2910131314,A5088765569,last
W2910632193,A5005380528,first
W2911428373,A5037642487,first
W2912947211,A5042276212,first
W2914288513,A5067580558,first
W2914288513,A5091534378,middle
W2914288513,A5042663603,last
W2918272093,A5007901804,first
W2918272093,A5074462216,middle
W2918272093,A5066624955,middle
W2918272093,A5054830434,middle
W2918272093,A5069754084,middle
W2918272093,A5041432805,middle
W2918272093,A5034155716,middle
W2920737451,A5083330935,last
W2921030598,A5025881868,first
W2922084197,A5063358572,first
W2923098003,A5019539533,last
W2938895942,A5073413581,first
W2939640659,A5083150749,first
W2939640659,A5042700310,middle
W2940130395,A5080276145,first
W2940130395,A5054482827,middle
W2940130395,A5028908560,middle
W2940130395,A5052015648,last
W2943632079,A5052408909,first
W2946599814,A5048424631,first
W2946990840,A5044050863,first
W2946990840,A5005837856,middle
W2946990840,A5020518108,middle
W2946990840,A5053636147,middle
W2946990840,A5031572595,last
W2949151703,A5003035325,first
W2950578024,A5075301188,first
W2950578024,A5074838698,middle
W2950578024,A5075661874,last
W2951645988,A5010235946,middle
W2951645988,A5019835750,middle
W2954837037,A5077363166,first
W2955643984,A5003982643,first
W2955841847,A5067954492,first
W2955841847,A5074160516,last
W2970171343,A5033982196,last
W2971770158,A5010705375,middle
W2971770158,A5071123956,middle
W2972039637,A5042276212,first
W2972056678,A5017873450,first
W2972056678,A5045767808,middle
W2972056678,A5008897549,last
W2976103403,A5013309071,first
W2979899550,A5050060845,first
W2979899550,A5050060845,last
W2980217775,A5005600519,first
W2980774550,A5034695211,first
W2980774550,A5055355687,last
W2988029230,A5006692511,first
W2988029230,A5066790190,last
W2995008866,A5090690248,first
W2997306672,A5038509051,first
W2997306672,A5062125482,last
W2998164266,A5085504277,first
W2998164266,A5046534630,middle
W2998164266,A5071848387,last
W3015734960,A5084330621,last
W3029100843,A5009916706,first
W3030657117,A5014132045,first
W3045417706,A5041735911,first
W3045417706,A5078917036,last
W3083639274,A5049103719,middle
W3083639274,A5002134055,middle
W3092534834,A5049772908,first
W3092534834,A5030314469,last
W3092623489,A5071887541,first
W3092623489,A5000779521,middle
W3092623489,A5032103649,middle
W3092623489,A5071838215,middle
W3092623489,A5042103095,last
W3150322372,A5084483312,first
W3159893472,A5029745850,middle
W3159893472,A5086617771,middle
W3159893472,A5058135087,last
W3182006211,A5072465067,first
W4211045102,A5026590666,first
W4211060606,A5081784013,first
W4211060606,A5076518905,middle
W4211060606,A5011288866,middle
W4211060606,A5015168828,last
W4211159765,A5055029056,first
W4211166142,A5005744892,first
W4230048278,A5069573186,first
W4231878552,A5022977818,first
W4231878552,A5076255987,last
W4233425962,A5036707627,first
W4233578235,A5053542806,first
W4237355213,A5009958418,first
W4237355213,A5081458703,last
W4237674246,A5072450540,first
W4237674246,A5081664259,middle
W4237674246,A5009377962,last
W4238184613,A5071092440,first
W4239284967,A5019758037,first
W4240367438,A5050592031,first
W4240367438,A5075615856,last
W4246342092,A5029445830,first
W4246342092,A5075313163,middle
W4246342092,A5060190356,last
W4247192382,A5042327650,first
W4247192382,A5002791501,last
W4247319040,A5066130528,first
W4247319040,A5080269427,last
W4247507208,A5087163154,first
W4249881878,A5042006491,first
W4252021213,A5081756803,first
W4254531059,A5043917822,first
W4255556367,A5016701546,first
W4255556367,A5017062846,last
W4255909952,A5020601958,first
W4255909952,A5042841642,last
W4288854368,A5028079160,first
W4288854368,A5071227510,middle
W4288854368,A5044490167,last
W4293162418,A5049225160,middle
W4293162418,A5018663904,last
W605051212,A5088229573,first
W645155501,A5076246721,first
W645155501,A5008926481,middle
W645155501,A5027147623,middle
W2785090265,A5045816451,first
W2811247243,A5001064277,first
W2811247243,A5025624802,middle
W2811247243,A5035697252,last
W2811256290,A5030875842,first
W2811256290,A5009531144,last
W2811313609,A5064231378,first
W2811313609,A5062121176,middle
W2811313609,A5017448142,middle
W2811313609,A5081591237,last
W2887348704,A5010520325,first
W2888367184,A5085428364,last
W2889310616,A5086121202,last
W2896589402,A5058271347,last
W2900913184,A5003238722,first
W2906702196,A5040323322,first
W2906702196,A5087825639,middle
W2906702196,A5050500595,last
W2911468580,A5018512487,first
W2911468580,A5081770594,middle
W2911468580,A5035114603,last
W2914106782,A5064180238,first
W2915943543,A5089537512,first
W2915969587,A5047664773,first
W2915969587,A5039627791,last
W2916839970,A5024943139,last
W2922511810,A5065313479,first
W2922511810,A5038148603,middle
W2922511810,A5013545831,middle
W2922511810,A5084122016,last
W2939590637,A5043820740,first
W2939590637,A5008348191,last
W2942485116,A5057868790,first
W2942485116,A5040391431,last
W2944919863,A5037231681,first
W2944919863,A5007500988,middle
W2944919863,A5033883733,last
W2945359358,A5067434821,first
W2946232218,A5055326119,first
W2946232218,A5024463145,last
W2946737911,A5038798689,first
W2946737911,A5053413465,middle
W2946737911,A5040594814,middle
W2946737911,A5006705415,last
W2947178435,A5067900602,first
W2947178435,A5013219172,last
W2949287708,A5051741024,first
W2949500433,A5055283040,first
W2949614707,A5071762895,first
W2951708103,A5081516948,first
W2953971141,A5083994661,first
W2953971141,A5053222355,last
W2954177327,A5003703208,first
W2954177327,A5074771697,middle
W2954177327,A5038710898,middle
W2954177327,A5021697983,middle
W2954177327,A5019114582,middle
W2954177327,A5055485772,middle
W2954177327,A5044126538,middle
W2954177327,A5038212207,middle
W2954177327,A5010051854,middle
W2954177327,A5020723477,middle
W2954177327,A5040259613,middle
W2954177327,A5032365556,middle
W2954177327,A5078321748,middle
W2954177327,A5072985436,middle
W2954177327,A5002431078,middle
W2954177327,A5052104584,middle
W2954177327,A5067431435,middle
W2954177327,A5066361511,middle
W2954177327,A5027388815,middle
W2954177327,A5071593628,middle
W2954177327,A5053176097,middle
W2954177327,A5080727648,middle
W2955003153,A5084640876,first
W2955252297,A5019016567,first
W2955252297,A5030936455,middle
W2955485373,A5065624271,first
W2955485373,A5060169206,last
W2955850653,A5007859843,middle
W2958432629,A5091287971,first
W2968131959,A5086846102,first
W2968200530,A5036734067,first
W2968200530,A5065806480,middle
W2968200530,A5033177441,last
W2970583721,A5015144461,first
W2970583721,A5065817999,middle
W2970583721,A5078655936,last
W2971193470,A5041725375,first
W2971759167,A5045802600,middle
W2971759167,A5022145178,last
W2972236251,A5067432142,first
W2972236251,A5063116902,middle
W2972927334,A5018564769,last
W2973548471,A5027577443,middle
W2973548471,A5050435146,middle
W2973548471,A5022185440,middle
W2973548471,A5051414570,middle
W2973548471,A5088340541,middle
W2974181377,A5067670831,middle
W2974181377,A5050690094,last
W2979744476,A5006393105,first
W2979744476,A5050182143,last
W2979828741,A5000865491,first
W2981156853,A5054008223,first
W2981156853,A5036354328,last
W2981617988,A5018028924,first
W2987485849,A5060252891,first
W2989848987,A5011055286,first
W2991549002,A5024554540,first
W2991549002,A5009470458,last
W2991868466,A5006151881,first
W2991868466,A5027830035,last
W2994181145,A5013520700,middle
W2994181145,A5041750449,last
W2994272247,A5021725041,first
W2994680519,A5080949463,first
W2998011351,A5006087197,first
W3008320076,A5046011595,first
W3008320076,A5024124948,middle
W3008320076,A5065365889,last
W3022373128,A5058816331,middle
W3034100515,A5006473340,first
W3043644646,A5028224738,first
W3081883563,A5072920184,first
W3087888574,A5038493526,first
W3087888574,A5006061619,middle
W3087888574,A5043855577,last
W3094924617,A5005537180,first
W3094924617,A5085545595,last
W3095626054,A5059276420,first
W3111529637,A5020968689,middle
W3111529637,A5029398803,last
W3132368387,A5067816312,first
W3132368387,A5010649232,middle
W3132368387,A5005267701,last
W3168838370,A5005792924,first
W3168838370,A5043874320,middle
W3168838370,A5063095022,middle
W3168838370,A5047980012,last
W3174779228,A5033632230,last
W3195571952,A5011829386,first
W3195571952,A5005003786,middle
W3195571952,A5051468452,middle
W3195571952,A5005520151,last
W4211189888,A5000846525,first
W4232068232,A5059470360,first
W4232336062,A5080836593,first
W4232336062,A5006710481,middle
W4232336062,A5064235058,last
W4233211423,A5061278664,first
W4233305924,A5062268595,first
W4233305924,A5050718141,middle
W4233305924,A5033773480,middle
W4233305924,A5078633907,middle
W4233305924,A5087995658,last
W4233436702,A5005585461,first
W4236042289,A5035337020,first
W4236111406,A5045569119,first
W4237632142,A5036137202,first
W4239119201,A5025382997,first
W4240727087,A5006900697,first
W4242246168,A5006247402,first
W4242246168,A5025698353,middle
W4242246168,A5084828937,last
W4243589523,A5081860562,first
W4245485466,A5078959213,first
W4247942716,A5081558792,first
W4248299268,A5078223655,middle
W4248808685,A5067230761,first
W4252685745,A5016353717,first
W4252685745,A5043920881,middle
W4252685745,A5010867791,last
W4253010568,A5036977349,first
W4255876106,A5008749412,first
W4256147785,A5057516146,middle
W4256147785,A5006234673,last
W4288560059,A5052724932,first
W4288560059,A5069292182,last
W567552776,A5027222013,middle
W567552776,A5047064481,last
W568668324,A5054060194,last
W638669317,A5028047212,first
W1510341911,A5063754395,first
W2313373749,A5004108130,first
W2416140250,A5030503109,first
W2563556795,A5002062627,first
W2786470761,A5024626195,first
W2786470761,A5032043599,middle
W2786470761,A5045415159,middle
W2786470761,A5006203581,middle
W2786470761,A5014758459,middle
W2786470761,A5036915320,middle
W2786470761,A5028555421,middle
W2786470761,A5014913261,middle
W2786470761,A5019308548,last
W2801776653,A5040156274,first
W2801776653,A5057790948,middle
W2801776653,A5067794123,middle
W2801776653,A5064077634,last
W2811301057,A5000856953,first
W2811301057,A5052840306,middle
W2811301057,A5082955124,last
W2825412142,A5085060723,first
W2825412142,A5088952968,last
W2886812126,A5025624802,middle
W2886812126,A5043052453,last
W2889031684,A5048848307,first
W2889031684,A5017213156,middle
W2889031684,A5020514606,middle
W2889031684,A5009750573,last
W2903696633,A5088574352,first
W2907778044,A5081341246,middle
W2907778044,A5001654210,last
W2907841114,A5023811159,first
W2908101601,A5029251059,first
W2908101601,A5075610993,last
W2911829831,A5014652435,first
W2911829831,A5079401596,middle
W2911829831,A5001725467,middle
W2911829831,A5024515893,middle
W2911829831,A5070646424,middle
W2911829831,A5017485623,last
W2913694863,A5077015931,first
W2913694863,A5043525697,middle
W2913694863,A5085845933,last
W2913997766,A5024010395,first
W2913997766,A5043981230,last
W2914599441,A5083449995,first
W2914928186,A5035784772,first
W2914928186,A5059081790,last
W2915211700,A5077919262,first
W2918032799,A5012482178,first
W2918032799,A5047048537,last
W2918888973,A5001412554,first
W2918948894,A5079189391,first
W2919699810,A5004135399,last
W2921666969,A5041231081,first
W2922522565,A5091839023,first
W2923903491,A5005825146,first
W2929361466,A5076344816,first
W2929361466,A5064231378,middle
W2929361466,A5008264345,last
W2934746116,A5019313671,last
W2935689779,A5065797206,first
W2938140497,A5032073050,middle
W2938140497,A5038912417,last
W2940673130,A5043680165,first
W2940794045,A5064747944,first
W2940794045,A5066062789,last
W2943550341,A5078490047,first
W2943550341,A5064158426,middle
W2943550341,A5017042977,last
W2943873864,A5006637901,first
W2943873864,A5014539715,middle
W2943873864,A5091078528,middle
W2943873864,A5025137805,last
W2945073212,A5000679405,first
W2946339137,A5017997662,first
W2946339137,A5051753781,last
W2946679155,A5029531769,first
W2946954371,A5006685271,first
W2946954371,A5064454383,middle
W2946954371,A5076524645,last
W2948432847,A5020674626,first
W2953232094,A5074668069,first
W2954526392,A5011976667,first
W2954526392,A5052325527,middle
W2954526392,A5040168370,last
W2954745523,A5034738514,first
W2954745523,A5013698523,middle
W2954745523,A5072744508,last
W2955749291,A5005211355,last
W2958986466,A5011780856,first
W2959850507,A5047871627,first
W2960627154,A5036742614,first
W2961286307,A5054225849,first
W2961342514,A5079998959,last
W2962407591,A5041029240,middle
W2969757296,A5035138650,first
W2969757296,A5060909519,last
W2970607986,A5020074265,first
W2971102925,A5041724300,first
W2971379244,A5068952677,first
W2971379244,A5058341948,last
W2972155390,A5083150749,first
W2972155390,A5049986549,middle
W2972240871,A5038377162,first
W2972240871,A5025092767,last
W2972561728,A5032073728,middle
W2972561728,A5006668005,middle
W2972561728,A5053355335,middle
W2972561728,A5060413415,middle
W2972561728,A5052745901,middle
W2972561728,A5000753191,middle
W2972561728,A5040527710,last
W2972641130,A5064170342,first
W2973161238,A5076942195,first
W2974805366,A5019637921,first
W2980060632,A5029785409,first
W2980694107,A5081527786,first
W2981237685,A5033802529,first
W2981237685,A5072252688,last
W2981392677,A5049526291,first
W2982033158,A5088121909,first
W2982124519,A5054654905,first
W2990219098,A5059349806,first
W2990219098,A5002317357,middle
W2990219098,A5005136840,last
W2990283960,A5058861950,first
W2990283960,A5033585021,middle
W2990283960,A5018051274,last
W2991378686,A5006767062,first
W2993075913,A5073132002,first
W2993075913,A5010951460,last
W2993653928,A5047004204,first
W2994030693,A5035743198,first
W2994624886,A5081349713,middle
W2994624886,A5068319057,middle
W2994863241,A5079799764,middle
W2995132231,A5053364898,first
W2995746269,A5070049696,first
W2995746269,A5059968938,last
W2995791517,A5051975534,first
W2996016097,A5022781127,first
W2996096975,A5085877514,first
W3000469744,A5046941095,first
W3001464259,A5029087825,first
W3001516081,A5046271847,first
W3003987377,A5030546138,middle
W3003987377,A5058723948,middle
W3003987377,A5022733966,middle
W3005315582,A5034468652,first
W3005315582,A5056752134,middle
W3005315582,A5069081719,middle
W3005315582,A5031252104,last
W3021767844,A5005417132,first
W3021767844,A5061507436,middle
W3021767844,A5017638706,middle
W3021767844,A5005404030,last
W3022975673,A5073592501,first
W3022975673,A5016737969,middle
W3022975673,A5051577803,last
W3045075642,A5058407177,first
W3045075642,A5052775844,middle
W3045075642,A5039951150,middle
W3045075642,A5089029287,last
W3094125674,A5010367802,first
W3094292804,A5089303042,first
W3107775714,A5056891234,first
W3109593469,A5082896196,middle
W3113922701,A5063116316,middle
W3113922701,A5029746953,middle
W3113922701,A5008260426,middle
W3117896059,A5003105685,first
W3117896059,A5078419084,last
W3122013438,A5005570116,first
W3124121683,A5004181293,first
W3124121683,A5055996291,last
W3133654237,A5031530862,first
W3148414604,A5066453986,first
W3148414604,A5088603120,middle
W3148414604,A5016913873,middle
W3148414604,A5082780445,middle
W3148414604,A5003165248,middle
W3148414604,A5042954245,middle
W3148414604,A5010098619,middle
W3148414604,A5008663838,middle
W3148414604,A5075773750,middle
W3148414604,A5077355295,last
W3157619659,A5005367514,first
W3199967129,A5004790787,first
W3215645101,A5037487330,first
W3215645101,A5034766822,last
W40693060,A5053404607,first
W4205536048,A5058816575,first
W4205536048,A5013025849,middle
W4205536048,A5013635993,middle
W4205536048,A5041338608,last
W4211122778,A5022295744,first
W4211194325,A5042237070,first
W4231824164,A5016346978,first
W4231824164,A5072067836,last
W4233277612,A5004167801,middle
W4233277612,A5038037619,last
W4234452962,A5049367654,first
W4234452962,A5050970535,middle
W4234452962,A5000542434,middle
W4234452962,A5032168348,middle
W4234452962,A5087925546,last
W4235014574,A5051106548,first
W4236665255,A5082719997,first
W4237175649,A5082800407,middle
W4237175649,A5079915173,middle
W4238500270,A5071546667,first
W4239498056,A5037243181,first
W4240361431,A5057404413,first
W4240738883,A5014088772,last
W4240989617,A5019773230,first
W4242196518,A5024897779,first
W4248768477,A5087366883,last
W4250948876,A5050926125,first
W4251712866,A5081179020,first
W4254704896,A5046446215,first
W4255031137,A5084865620,first
W4255533038,A5040520594,first
W4255533038,A5049222075,middle
W4255533038,A5040934830,middle
W4255588977,A5044944680,first
W4285789636,A5020626208,last
W4286825705,A5062980212,first
W4288832365,A5062556210,first
W4288933090,A5006855775,first
W431999038,A5014054715,first
W583110642,A5064392949,first
W596938531,A5034993183,first
W614912894,A5074859269,first
W939522566,A5071403765,first
W1518365223,A5049751565,last
W1531768398,A5030843474,last
W1574319663,A5033447682,middle
W1660880119,A5077883062,first
W2496451387,A5075542475,first
W2523543939,A5014932104,first
W2583804548,A5041065351,first
W2726231779,A5047033713,first
W2726231779,A5091756520,last
W2776432883,A5067391026,first
W2776432883,A5065588377,middle
W2776432883,A5034078220,last
W2810359697,A5018932510,first
W2883742870,A5042610170,first
W2883742870,A5054348081,middle
W2883742870,A5046201498,last
W2884974267,A5031572202,first
W2884974267,A5080435987,last
W2885215874,A5046011595,first
W2888949910,A5056339289,first
W2889637099,A5034204425,first
W2889637099,A5082727915,middle
W2889637099,A5012156289,middle
W2889637099,A5065331285,last
W2892014396,A5081847831,middle
W2892014396,A5045298985,middle
W2892014396,A5005003984,last
W2895373811,A5047220534,first
W2895373811,A5044124492,middle
W2895373811,A5084223766,last
W2901255804,A5020474429,first
W2901255804,A5076576641,middle
W2901255804,A5005228053,middle
W2901255804,A5034348483,middle
W2901255804,A5051406984,last
W2904041050,A5015220542,first
W2904609579,A5047154090,first
W2907264502,A5085887146,first
W2907264502,A5045973133,middle
W2907264502,A5008824437,last
W2908783217,A5008835229,first
W2908783217,A5065311952,middle
W2908783217,A5047622238,middle
W2908783217,A5057674473,last
W2908840880,A5012622155,first
W2908975593,A5015444563,last
W2909238228,A5041697195,last
W2910086928,A5041873075,first
W2910086928,A5091711243,last
W2913088375,A5054750708,first
W2913088375,A5042555123,last
W2913449623,A5038318637,first
W2915100019,A5050308357,first
W2915100019,A5028648657,middle
W2915100019,A5067608608,last
W2915735674,A5089934056,middle
W2915735674,A5084826813,middle
W2916784094,A5085389578,middle
W2916784094,A5034519837,last
W2916814366,A5077267552,first
W2917183823,A5037569719,first
W2919419240,A5053095588,first
W2920859547,A5090951621,first
W2921101272,A5034534839,first
W2921906961,A5062167852,first
W2921906961,A5080048573,last
W2922145648,A5064160495,last
W2923156443,A5019460716,first
W2925098569,A5085516983,first
W2925783402,A5079852738,middle
W2926700873,A5018637485,first
W2926700873,A5084886541,middle
W2926700873,A5017270391,middle
W2926700873,A5017270391,last
W2937179784,A5052296832,first
W2937179784,A5064753715,last
W2937778029,A5060288254,first
W2939873631,A5055210685,first
W2941883145,A5062090450,first
W2942013485,A5049583553,first
W2942013485,A5029479248,middle
W2942013485,A5038463100,middle
W2942013485,A5051531853,last
W2942677707,A5084795086,first
W2943105260,A5062428729,first
W2943656145,A5063285107,first
W2943656145,A5074402654,middle
W2944235954,A5025546069,last
W2944697895,A5045321275,first
W2944704185,A5072435341,first
W2944704185,A5019597653,middle
W2944704185,A5047536846,last
W2945978055,A5026540169,first
W2945978055,A5009627273,middle
W2945978055,A5038037619,last
W2946066895,A5091521402,last
W2946531068,A5040515096,first
W2946531068,A5068923033,last
W2946710604,A5038816870,middle
W2946710604,A5081648033,middle
W2946710604,A5067683617,last
W2947103396,A5038254582,first
W2947103396,A5030657709,middle
W2947103396,A5086489846,middle
W2947103396,A5037096002,middle
W2947103396,A5018311859,last
W2947464310,A5006906149,first
W2949050249,A5069890042,first
W2950199696,A5000574657,first
W2950199696,A5011611748,last
W2950839388,A5047382491,first
W2951680343,A5035432679,first
W2953249578,A5029674397,first
W2953729764,A5064753751,first
W2953729764,A5074226176,middle
W2953729764,A5041712674,last
W2954311232,A5026597269,first
W2954382153,A5012084243,first
W2954937742,A5072832313,first
W2954982893,A5026590666,first
W2955236192,A5026176583,last
W2955413891,A5003379256,middle
W2955413891,A5067826654,middle
W2955413891,A5058853558,middle
W2955413891,A5009408479,middle
W2955413891,A5065555733,last
W2955754537,A5042850419,first
W2956276429,A5004068943,first
W2964210261,A5038792461,last
W2964636929,A5054865602,first
W2970072621,A5009175846,first
W2971233929,A5016002546,first
W2972163513,A5069249641,first
W2972289831,A5003730523,first
W2972289831,A5083831729,middle
W2972289831,A5066020847,middle
W2972289831,A5014799780,last
W2972350898,A5088083457,first
W2972583756,A5023317293,first
W2972583756,A5061141332,middle
W2972583756,A5087266445,middle
W2972583756,A5005554011,middle
W2972583756,A5058323499,middle
W2972583756,A5026072485,middle
W2972764546,A5037350907,last
W2972876153,A5090148679,first
W2972876153,A5039377622,last
W2974092529,A5012359252,first
W2974505037,A5052736219,middle
W2974505037,A5042238952,last
W2976814901,A5009211375,first
W2977868852,A5001369620,first
W2977868852,A5010536779,middle
W2977868852,A5083128555,middle
W2979317402,A5070060702,first
W2979317402,A5051297402,last
W2981300882,A5027333823,first
W2981300882,A5021671020,middle
W2981345014,A5055732608,first
W2981573258,A5056303339,first
W2981573258,A5068645158,last
W2982717947,A5005504727,first
W2983894916,A5055882886,first
W2983894916,A5045447396,last
W2984790494,A5066355999,first
W2985558583,A5089269047,first
W2985558583,A5037158129,middle
W2985558583,A5020518108,last
W2986313749,A5045786247,first
W2986313749,A5061358208,middle
W2986313749,A5087645671,middle
W2986313749,A5089542402,last
W2989555802,A5078206212,first
W2989810881,A5070135290,first
W2990113917,A5031857386,first
W2990285203,A5042164206,first
W2990307548,A5046409551,first
W2990464915,A5029063875,first
W2990464915,A5014673075,middle
W2990464915,A5080075106,last
W2990521588,A5023171177,last
W2990856690,A5022259903,middle
W2990856690,A5072419903,middle
W2990856690,A5079888964,middle
W2990856690,A5081367663,last
W2990918266,A5026767724,first
W2990924821,A5063829545,first
W2990924821,A5084269811,middle
W2990924821,A5086175214,last
W2990957667,A5042084896,first
W2990957667,A5006861461,middle
W2990957667,A5048054957,middle
W2990957667,A5054870704,middle
W2990957667,A5027656404,middle
W2990957667,A5038811224,middle
W2990957667,A5077202780,middle
W2990957667,A5046900276,middle
W2990957667,A5039504792,middle
W2990957667,A5040883056,middle
W2990957667,A5087523543,middle
W2992078524,A5071749162,first
W2992078524,A5069668235,middle
W2992078524,A5004974411,last
W2992627057,A5017326471,first
W2992627057,A5001554813,middle
W2992627057,A5039681328,last
W2993649993,A5000632512,first
W2995098486,A5035433556,first
W2995213748,A5031169447,first
W2995361645,A5009693719,first
W2995361645,A5067333473,middle
W2995361645,A5072493587,last
W2995366412,A5026602241,first
W2996385234,A5043533602,first
W2996581970,A5024709121,first
W2998947187,A5017783286,last
W2999232134,A5091825389,first
W3000321693,A5080709410,middle
W3001400186,A5016702614,last
W3002365351,A5029057336,first
W3002365351,A5043651693,last
W3002773039,A5038228433,first
W3002773039,A5058862285,middle
W3002773039,A5063979916,middle
W3002773039,A5023291208,middle
W3002773039,A5038235574,middle
W3002773039,A5001774692,last
W3003490461,A5024020375,first
W3003490461,A5038421917,middle
W3003490461,A5075626456,last
W3003518272,A5050904661,middle
W3003518272,A5079886093,last
W3003913952,A5076270155,first
W3006527850,A5048821808,first
W3009433599,A5042655177,first
W3009433599,A5035460662,last
W3019551660,A5090984995,first
W3019551660,A5061942609,last
W3021187515,A5061267204,last
W3026077554,A5013681724,first
W3026077554,A5035058548,last
W3028147821,A5061605447,last
W3041319807,A5020878841,first
W3041319807,A5007639805,last
W3042168385,A5061674635,last
W3042919040,A5067339316,first
W3042919040,A5024891438,middle
W3042919040,A5013033351,middle
W3042919040,A5035990908,middle
W3042919040,A5078358179,middle
W3042919040,A5029987870,middle
W3045118254,A5069228614,first
W3082889270,A5063795815,first
W3082889270,A5067269913,middle
W3082889270,A5000847108,middle
W3082889270,A5012940674,last
W3083648680,A5026627935,first
W3083648680,A5082586707,middle
W3083648680,A5059198182,middle
W3083648680,A5077921954,last
W3119540893,A5035695000,first
W3119540893,A5061249763,last
W3121986036,A5091892854,first
W3121986036,A5088289518,middle
W3121986036,A5028454093,middle
W3121986036,A5013736713,middle
W3121986036,A5082238675,last
W3123722486,A5077439959,first
W3123722486,A5040012035,last
W3130826761,A5055170991,first
W3131067043,A5081985841,middle
W3131067043,A5056918489,last
W3133580408,A5067946585,first
W3137455111,A5067688621,first
W3137455111,A5052256041,middle
W3137455111,A5027400457,middle
W3137455111,A5005946140,last
W3139320620,A5085567454,first
W3152074712,A5020867309,first
W3160164930,A5029386151,middle
W3162130050,A5058516255,first
W3172519490,A5079585999,middle
W3172519490,A5061644462,last
W3180615674,A5033671063,first
W3180615674,A5024502896,middle
W3180615674,A5057476577,middle
W3180615674,A5049085989,middle
W3180615674,A5001417120,last
W3195694215,A5045797300,first
W3200096744,A5014677580,first
W3200096744,A5074083124,middle
W3200096744,A5008043360,middle
W3200096744,A5065670919,last
W3217003473,A5004866800,first
W4205136647,A5070049418,first
W4205456426,A5015517701,first
W4211003853,A5015647515,last
W4211094935,A5073052485,first
W4212804545,A5023349874,first
W4213287682,A5021878097,first
W4229924659,A5060797221,middle
W4229924659,A5066048713,last
W4231739414,A5083307224,first
W4232936833,A5088557829,first
W4232936833,A5052903746,middle
W4232936833,A5062922330,last
W4233908699,A5031334842,first
W4233908699,A5029020038,last
W4234767367,A5087512380,middle
W4234767367,A5081034810,middle
W4234767367,A5026104258,last
W4234812532,A5061249763,first
W4234812532,A5053183805,middle
W4234812532,A5058769632,last
W4234849661,A5070205263,first
W4235131211,A5084828574,first
W4236940289,A5053292500,first
W4237289656,A5086829138,first
W4237706849,A5021827269,first
W4240144164,A5073848814,first
W4240447208,A5051683737,first
W4240826062,A5047228466,first
W4240826062,A5002385420,middle
W4240826062,A5050865451,middle
W4240826062,A5083458209,middle
W4240826062,A5086336877,middle
W4240826062,A5003446912,middle
W4240826062,A5026515643,middle
W4240826062,A5026157285,middle
W4240826062,A5050062467,middle
W4240826062,A5091141987,last
W4242045617,A5033021795,first
W4243155771,A5013128682,last
W4244769103,A5053239704,first
W4244769103,A5051768741,last
W4245512458,A5043350556,first
W4248328051,A5089396624,first
W4250168599,A5038742325,first
W4250244469,A5059934493,first
W4250244469,A5046425343,last
W4251592527,A5041824799,first
W4252554762,A5055550697,first
W4252554762,A5004818798,middle
W4252554762,A5043622802,last
W4254713219,A5013540471,first
W4254713219,A5077187931,last
W4255378967,A5087600087,last
W4256493472,A5042968751,first
W4288253302,A5024395125,first
W4288835205,A5064427879,first
W4288912079,A5044129236,first
W4288947764,A5056939003,first
W4288947764,A5028268404,middle
W4288947764,A5026758314,last
W4293161877,A5018912707,first
W4293161877,A5062945520,middle
W4293161877,A5074371899,middle
W4293161877,A5059602361,middle
W4293161877,A5043608888,middle
W4293161877,A5048742361,last
W4312862635,A5010923592,first
W4365788783,A5042777271,last
W564759744,A5055308292,first
W564759744,A5014703419,last
W593924797,A5025424803,last
W594357380,A5020719215,last
W64150011,A5087534251,first
W64150011,A5027462416,last
W1156742600,A5012823861,first
W1156742600,A5041628333,middle
W1156742600,A5026267463,last
W1483822252,A5087318731,first
W1483822252,A5057936560,last
W1507976059,A5056607831,first
W1527584214,A5027987335,last
W1577316399,A5006758809,first
W1577316399,A5022142267,last
W1614309757,A5082566089,first
W1614309757,A5023896269,middle
W1614309757,A5073451176,middle
W1614309757,A5037279553,middle
W1614309757,A5006952014,middle
W1614309757,A5005709068,middle
W1614309757,A5082797558,middle
W1614309757,A5011305115,last
W1888497568,A5064103302,first
W1888497568,A5065569192,middle
W1888497568,A5026646725,middle
W1923540286,A5043519991,middle
W1923540286,A5051628858,last
W1977356587,A5077459049,first
W1982754711,A5042260656,last
W1998985515,A5026422687,first
W2010001766,A5033149210,middle
W2124468113,A5070743360,middle
W2252356909,A5091177679,first
W2396838746,A5061142343,first
W2396838746,A5000583936,middle
W2396838746,A5058462867,last
W2508510454,A5054875009,first
W2549740344,A5066675932,last
W2556957037,A5063404105,first
W2565100128,A5086917813,first
W2606534702,A5033275466,first
W2606534702,A5018027629,middle
W2606534702,A5023792180,middle
W2606534702,A5022800415,last
W2783116341,A5036604922,first
W2810204224,A5025634939,first
W2810553302,A5062883576,first
W2810553302,A5033457120,middle
W2810553302,A5022615156,last
W2883043520,A5002363225,first
W2883043520,A5043501933,last
W2884985767,A5059885535,first
W2886856900,A5034899973,first
W2886856900,A5050940974,last
W2888054628,A5045466881,first
W2891321761,A5025965914,first
W2891321761,A5055305869,middle
W2891321761,A5033064422,last
W2891933113,A5024267078,first
W2899043518,A5086268677,first
W2899043518,A5020562078,last
W2899457646,A5041436882,first
W2901681759,A5089624310,first
W2901681759,A5011135250,middle
W2902694810,A5046551328,first
W2903635698,A5086694499,first
W2903635698,A5025394442,middle
W2903635698,A5068285682,middle
W2903635698,A5028630985,last
W2903939560,A5055853899,first
W2903949903,A5048234263,first
W2903949903,A5006858710,last
W2903952143,A5083835630,middle
W2903952143,A5018487984,middle
W2903952143,A5072227224,middle
W2904120504,A5084845503,first
W2904120504,A5069613225,last
W2904160389,A5038024192,last
W2905266135,A5080246635,first
W2905547167,A5075056951,first
W2906347521,A5003762688,first
W2906994537,A5086168764,first
W2907170180,A5021947145,first
W2907224862,A5029294803,last
W2907412018,A5022977818,first
W2907412018,A5076255987,last
W2907412776,A5015895731,first
W2907641107,A5000977702,first
W2907641107,A5012504574,last
W2907948913,A5045331325,first
W2907948913,A5051654935,last
W2908374304,A5069064548,first
W2908448294,A5091290326,middle
W2908494194,A5022971632,last
W2908884351,A5069439014,last
W2908935174,A5031686114,first
W2908935174,A5007042240,last
W2909354465,A5042968751,first
W2910658848,A5032466322,first
W2910811539,A5031686114,first
W2910811539,A5007042240,last
W2910997491,A5077017744,middle
W2910997491,A5006240458,last
W2911199198,A5068863803,last
W2911267800,A5065804726,first
W2911473499,A5006842525,first
W2911547206,A5002914704,first
W2911547206,A5044073163,middle
W2911931180,A5053767529,first
W2912120033,A5007628003,middle
W2912120033,A5075720299,last
W2912247773,A5067878273,first
W2912247773,A5067878273,middle
W2912247773,A5032546393,middle
W2912247773,A5039234542,middle
W2912247773,A5044589418,last
W2912613299,A5047909118,first
W2913407906,A5010701132,first
W2913876221,A5019620378,first
W2913876221,A5070353517,middle
W2913876221,A5003721574,last
W2914018923,A5001888939,first
W2914018923,A5017874234,last
W2914869625,A5075965221,first
W2915744358,A5044462684,first
W2915744358,A5091219949,middle
W2915744358,A5021661486,last
W2915848282,A5005425134,middle
W2915905365,A5049441963,first
W2916744624,A5082955124,first
W2916744624,A5000856953,last
W2917091832,A5027296523,first
W2917732356,A5068653969,last
W2920990409,A5046110107,first
W2922207711,A5060082596,first
W2922207711,A5080577288,middle
W2922207711,A5054239976,last
W2922394765,A5032902142,first
W2922459896,A5089965316,first
W2923227555,A5016394127,first
W2923456582,A5043919626,first
W2923812845,A5082479164,first
W2923812845,A5009828854,last
W2924209543,A5058905092,first
W2924209543,A5004469718,last
W2931868515,A5016799263,first
W2931992253,A5017984102,first
W2934108759,A5011645228,last
W2935859225,A5037643513,first
W2936035089,A5035133890,first
W2936035089,A5069096189,middle
W2936035089,A5040805703,last
W2936655406,A5068923033,first
W2936655406,A5085085036,middle
W2937528243,A5083781406,first
W2937528243,A5047970292,last
W2938273026,A5006949802,last
W2938843498,A5078667919,first
W2939269604,A5080624394,first
W2939269604,A5004311434,last
W2940633945,A5012587871,first
W2941482797,A5040733135,first
W2941750597,A5002371461,middle
W2941750597,A5048464159,middle
W2941750597,A5077354979,middle
W2941750597,A5000725108,middle
W2941750597,A5012410467,middle
W2942609300,A5073432187,first
W2942778808,A5069917149,middle
W2942778808,A5058737140,last
W2944606302,A5023555609,first
W2944659054,A5007283385,first
W2944659054,A5075111843,last
W2944728578,A5016483539,first
W2944745141,A5089384016,last
W2944844966,A5074060437,last
W2945048295,A5075463763,first
W2945463295,A5030149703,first
W2945526701,A5020954487,first
W2946123849,A5041881347,first
W2946123849,A5019562814,middle
W2946123849,A5036523904,middle
W2946123849,A5057131605,last
W2946481118,A5072911040,first
W2946481118,A5036337826,last
W2946558887,A5033921014,first
W2946617735,A5081492964,middle
W2946617735,A5036353822,last
W2947130109,A5039630344,first
W2947130109,A5079270098,middle
W2947238930,A5031334842,first
W2947238930,A5029020038,last
W2947602190,A5036402944,first
W2948115561,A5002483924,first
W2948550688,A5065600238,first
W2948948310,A5079988916,first
W2949005633,A5005133751,first
W2949005633,A5085824667,middle
W2949005633,A5016611645,middle
W2949005633,A5057426221,middle
W2949005633,A5024869323,last
W2949223564,A5030929146,first
W2949223564,A5062035687,middle
W2949223564,A5029342918,last
W2949900127,A5005929390,first
W2949909174,A5062896251,first
W2951872851,A5017252642,first
W2952267596,A5059813447,first
W2952267596,A5046696167,middle
W2952267596,A5080202311,last
W2952982715,A5082978586,first
W2953019974,A5014333753,first
W2953421136,A5014187358,first
W2953421136,A5021570324,middle
W2953421136,A5074825049,last
W2954757467,A5037831741,first
W2954757467,A5065073668,last
W2954784164,A5019922027,first
W2954784164,A5089263417,middle
W2954784164,A5074122666,last
W2954820314,A5042234136,middle
W2955333802,A5070313477,last
W2955956631,A5088205575,first
W2956016878,A5037622959,first
W2956016878,A5016865616,last
W2957582874,A5005198579,first
W2957582874,A5080199045,last
W2958192034,A5011397108,first
W2958400471,A5050214193,first
W2958400471,A5069051297,middle
W2958400471,A5027812169,middle
W2958400471,A5064590970,last
W2958739709,A5073296083,first
W2960545869,A5082719997,first
W2963073063,A5074605267,first
W2964174112,A5008420935,first
W2964174112,A5071908018,middle
W2964233366,A5075198894,first
W2964278963,A5066709254,first
W2964278963,A5079152917,middle
W2964278963,A5076454480,middle
W2964278963,A5029571111,middle
W2964278963,A5051059716,last
W2964289354,A5057652173,first
W2964385615,A5019652929,first
W2965897698,A5058790499,first
W2967581974,A5085709919,middle
W2969002949,A5017375713,first
W2969613734,A5027468777,first
W2969730282,A5049059264,first
W2969801152,A5010634347,middle
W2969946909,A5076926812,first
W2969946909,A5015757567,last
W2969965265,A5083689159,first
W2969965265,A5006425141,middle
W2969965265,A5036423574,last
W2970417445,A5077787241,first
W2971286779,A5089691652,first
W2971294566,A5076881624,first
W2971294566,A5059225875,last
W2971451889,A5074444599,first
W2971482065,A5041923000,first
W2971586482,A5049272422,last
W2971789181,A5049688433,first
W2972506073,A5005250411,first
W2972877168,A5002441721,first
W2972877168,A5038851920,last
W2972919181,A5052736219,middle
W2972919181,A5042238952,last
W2973180533,A5069405328,first
W2973180533,A5087790566,middle
W2973180533,A5085523573,middle
W2973180533,A5070947372,middle
W2973180533,A5029882806,last
W2973208192,A5037177111,first
W2973208192,A5056526187,middle
W2973208192,A5052744008,last
W2973380446,A5075893390,first
W2973874944,A5089603217,first
W2973874944,A5065912928,last
W2974529708,A5078745883,first
W2974852116,A5001921007,first
W2974852116,A5025400322,last
W2975194352,A5024316694,first
W2975194352,A5022687238,middle
W2975194352,A5049180880,last
W2975705882,A5040239519,first
W2976580214,A5020766468,first
W2977021666,A5063975401,middle
W2977950700,A5062420655,first
W2977950700,A5087210524,last
W2978357271,A5045986250,first
W2979171027,A5010729247,first
W2979470502,A5029445830,first
W2979470502,A5075313163,middle
W2979470502,A5060190356,last
W2979585973,A5003044729,first
W2979773104,A5066625207,first
W2979832170,A5005258575,first
W2979832170,A5011543714,middle
W2979832170,A5080901387,middle
W2979832170,A5013897423,last
W2980107104,A5078508874,first
W2980107104,A5073678932,last
W2980197713,A5063103697,first
W2980403614,A5002133656,first
W2981088348,A5071561586,first
W2981364906,A5083459076,first
W2981364906,A5038365882,middle
W2981364906,A5068471666,last
W2982245006,A5059934493,first
W2982245006,A5046425343,last
W2982382411,A5085709919,middle
W2982382411,A5034241456,last
W2982481874,A5028781140,first
W2982529773,A5017877623,first
W2983357250,A5030756029,first
W2983469829,A5023689823,first
W2983846261,A5034244055,first
W2983846261,A5036144406,last
W2984382874,A5061457396,first
W2986932792,A5019417534,first
W2987434558,A5036287213,first
W2988298409,A5032612210,first
W2988298409,A5083981241,middle
W2988298409,A5045861613,last
W2989846945,A5089961462,first
W2989917514,A5038816870,middle
W2989917514,A5081648033,middle
W2989917514,A5067683617,last
W2989988336,A5000264408,last
W2990062141,A5083297013,last
W2990137097,A5051768981,first
W2990199919,A5046904813,first
W2990467866,A5082741458,first
W2990667029,A5008874238,last
W2990986058,A5006872667,first
W2990986058,A5084740363,middle
W2990986058,A5022300272,middle
W2990986058,A5084395826,middle
W2990986058,A5055433807,middle
W2990986058,A5088289518,middle
W2990986058,A5075365612,middle
W2990986058,A5007635720,middle
W2990986058,A5014454145,middle
W2990986058,A5007378564,middle
W2990986058,A5015313855,middle
W2990986058,A5055871472,last
W2991035675,A5085796013,first
W2991259013,A5029743598,first
W2991504561,A5050062467,middle
W2991504561,A5065361552,last
W2991574474,A5004256464,first
W2991627999,A5034975888,first
W2994501339,A5027735209,middle
W2994501339,A5033571007,middle
W2994501339,A5056611541,middle
W2994501339,A5066986095,middle
W2994705687,A5067383661,first
W2994705687,A5033070280,last
W2995198425,A5012703845,first
W2995704192,A5045195302,last
W2995974162,A5077967819,first
W2996207420,A5059963141,first
W2996754117,A5044925808,first
W2997181173,A5058584634,first
W2997241014,A5023350720,first
W2998381485,A5078935826,first
W2999932758,A5083254496,first
W2999932758,A5077681143,middle
W2999932758,A5073069826,middle
W2999932758,A5012141433,middle
W2999932758,A5025307528,last
W3000997502,A5009171911,first
W3001490310,A5085843300,first
W3001490310,A5041047826,middle
W3001490310,A5036998966,last
W3001552714,A5061061546,first
W3001552714,A5022752708,middle
W3001552714,A5006163494,last
W3002636976,A5085816625,first
W3002636976,A5074816094,middle
W3002636976,A5057957125,last
W3003336605,A5071689370,last
W3005796740,A5043340317,first
W3005796740,A5068696661,middle
W3005796740,A5066265052,last
W3005842280,A5072204746,last
W3005980435,A5067403487,last
W3007844364,A5039864567,first
W3007883667,A5013948920,last
W3008650399,A5020938729,middle
W3008650399,A5017188226,middle
W3009164849,A5014517559,last
W3010513231,A5051885956,first
W3010513231,A5052022373,last
W3010645728,A5056706266,first
W3010935268,A5001242738,first
W3011181427,A5005376242,first
W3013600246,A5083526051,last
W3014288222,A5068877766,first
W3014288222,A5007652754,last
W3023183478,A5002691060,first
W3023183478,A5075180981,last
W3026509427,A5038582366,first
W3026509427,A5081305410,middle
W3026509427,A5060016795,middle
W3026509427,A5003523497,middle
W3026509427,A5034377613,middle
W3026509427,A5003253553,middle
W3026509427,A5020701488,middle
W3026509427,A5034476137,middle
W3026509427,A5032886673,middle
W3026509427,A5080254367,middle
W3027288693,A5004188862,first
W3032826813,A5065470584,first
W3033520183,A5021211836,first
W3033520183,A5068043486,last
W3033595473,A5029290215,last
W3035076530,A5008579004,first
W3035076530,A5087841229,middle
W3035076530,A5040646771,last
W3035203931,A5044423930,first
W3042905003,A5062344249,first
W3042905003,A5030966548,middle
W3042905003,A5066752823,last
W3043266695,A5014857454,first
W3045281964,A5066006236,first
W3049516670,A5078798863,middle
W3081783088,A5066709657,first
W3081783088,A5087967629,middle
W3083644148,A5008794412,middle
W3092396089,A5039627791,middle
W3096109217,A5076985479,first
W3096109217,A5002994164,middle
W3096109217,A5066756066,middle
W3096109217,A5074645479,last
W3107600356,A5083999389,first
W3108235655,A5020976590,first
W3111177779,A5033425045,first
W3111177779,A5015956396,last
W3112489861,A5000460595,first
W3113109322,A5067187209,middle
W3113163568,A5033323201,first
W3120216749,A5017426085,first
W3120216749,A5011368149,middle
W3120216749,A5004555174,last
W3126261030,A5059905053,first
W3127409274,A5014579085,first
W3128089994,A5025382792,middle
W3128395125,A5009394692,first
W3131371587,A5026094651,first
W3131371587,A5063653501,last
W3133373577,A5059576212,first
W3133576511,A5070881488,first
W3133576511,A5050857078,middle
W3133576511,A5020003389,last
W3134300961,A5050476410,first
W3134300961,A5014132696,middle
W3134300961,A5023981741,last
W3134377428,A5002127716,first
W3134377428,A5058256601,last
W3135636119,A5056781385,first
W3135636119,A5044605948,middle
W3135636119,A5069151859,last
W3136601453,A5008349283,middle
W3152198605,A5026678617,first
W3154224268,A5001501847,first
W3154224268,A5008382926,last
W3157832021,A5012460382,first
W3157832021,A5088002086,middle
W3157832021,A5048993540,middle
W3157832021,A5022772709,last
W3158774685,A5006892586,first
W3158774685,A5082794786,last
W3160011681,A5091561256,first
W3160011681,A5045640881,middle
W3160011681,A5000053244,middle
W3160640685,A5047621337,first
W3163736172,A5015005939,first
W3163736172,A5069961936,middle
W3163736172,A5048815383,last
W3164843234,A5090205116,first
W3164843234,A5022185440,middle
W3164843234,A5008131303,middle
W3164843234,A5050476102,last
W3172515876,A5026250850,first
W3172515876,A5016853247,middle
W3172515876,A5089918778,last
W3176363493,A5088866807,middle
W3187604488,A5002965339,first
W3187604488,A5045535958,middle
W3187604488,A5036467240,last
W3208448988,A5034244055,first
W3208448988,A5036144406,last
W3208856837,A5071115919,first
W3215225549,A5037774305,middle
W331616769,A5004898800,first
W4200304632,A5056861824,first
W4205323865,A5026999388,first
W4206132136,A5022781127,first
W4210521250,A5029600206,first
W4210521250,A5020287759,last
W4211259004,A5057404413,first
W4212870334,A5049405285,first
W4213457210,A5019189873,first
W4213457210,A5088761477,middle
W4213457210,A5012735016,last
W4214973608,A5056179227,first
W4214973608,A5015939203,middle
W4214973608,A5038372194,last
W4229800672,A5013446855,first
W4231154254,A5038318637,first
W4231341637,A5066932450,first
W4231341637,A5014463806,last
W4231757143,A5060356847,first
W4232103058,A5050532692,first
W4232606078,A5011223251,first
W4233026245,A5030425236,first
W4234702784,A5081413639,last
W4235916601,A5034657358,first
W4235916601,A5064355276,middle
W4235916601,A5043499130,middle
W4235916601,A5083435816,last
W4236034087,A5058816575,first
W4236034087,A5013025849,middle
W4236034087,A5013635993,middle
W4236034087,A5041338608,last
W4237772815,A5056059857,first
W4238074411,A5059193307,first
W4238074411,A5073925867,middle
W4238099671,A5069122902,first
W4239081853,A5010797318,first
W4239197252,A5054366618,first
W4239863359,A5033589597,middle
W4239865436,A5048075490,first
W4239865436,A5037219548,middle
W4239865436,A5066709254,last
W4241424632,A5025096430,first
W4241625460,A5024916657,middle
W4242489198,A5041173240,first
W4242489198,A5090169542,last
W4242987835,A5049871271,first
W4243230556,A5029906218,first
W4243567702,A5034726910,first
W4243567702,A5048388116,last
W4243619401,A5040820339,first
W4243619401,A5059908590,middle
W4243619401,A5025443239,last
W4244028632,A5016049438,first
W4244550001,A5061331291,first
W4244966325,A5025521877,first
W4245632706,A5077132751,first
W4246411146,A5070135290,first
W4247123982,A5032503212,first
W4247152122,A5013876446,first
W4248008307,A5003967386,first
W4248509898,A5012587871,first
W4249440293,A5018903380,first
W4249812491,A5074773084,last
W4250017747,A5080038836,first
W4250587970,A5083141354,first
W4252059283,A5080038836,first
W4252595537,A5083458247,first
W4252595537,A5024078415,middle
W4252595537,A5005819096,last
W4252674587,A5044733478,first
W4252674587,A5031752065,middle
W4252674587,A5084142782,last
W4253113209,A5054798240,first
W4253346775,A5073817488,first
W4253682724,A5076698164,first
W4288839579,A5078800069,first
W4288922135,A5037145281,first
W4288932641,A5053903265,first
W4288932641,A5091041257,last
W4288936166,A5035375371,last
W4288937331,A5053651798,first
W4288964907,A5076371436,first
W4288964907,A5020085415,middle
W4288964907,A5018497176,last
W4293161848,A5061671556,first
W4293161853,A5089730660,first
W4293161853,A5042838912,last
W4293162656,A5015129861,first
W4293162656,A5029585707,middle
W4312437522,A5027192132,first
W579936662,A5081771497,first
W611799682,A5089410009,first
W620458622,A5074976219,first
W627756377,A5010618406,first
W640712779,A5073621514,first
W640712779,A5007988816,middle
W640712779,A5028135005,last
W641865970,A5007627647,first
W641865970,A5062765777,last
W652503421,A5057332394,first
W656277722,A5005981804,first
W130318675,A5018212390,first
W137943255,A5013788342,first
W137943255,A5064314449,last
W148665339,A5050928023,first
W148665339,A5010152619,last
W1487455584,A5039487411,first
W1514756429,A5042045478,last
W1542238369,A5061378179,first
W1542238369,A5024120048,last
W1548526075,A5068600969,first
W1558380964,A5079132490,first
W1558380964,A5043089463,last
W1578010674,A5078310289,first
W1578010674,A5074172386,middle
W1578010674,A5066756066,last
W166764484,A5047060524,first
W1752057195,A5085625371,middle
W1947128338,A5056031534,first
W1947128338,A5091259629,middle
W1980814587,A5007119618,first
W2010896600,A5051611887,first
W2182427534,A5032454307,first
W2182427534,A5058784158,last
W2189537124,A5022079089,first
W2236166018,A5035914116,first
W2268162726,A5006582610,first
W2268162726,A5012355825,last
W2281101450,A5046799509,first
W2295528735,A5057992591,first
W2346379916,A5048523738,first
W2411388845,A5004420214,last
W2462634951,A5030599113,first
W2477061279,A5064746135,first
W2480686440,A5029166882,first
W2480686440,A5066063584,middle
W2480686440,A5022300438,last
W2482034353,A5074789049,last
W2482362940,A5070575587,first
W2491347247,A5055236937,first
W2491347247,A5053028480,middle
W2491347247,A5016202203,last
W2511114021,A5012858632,first
W2511114021,A5041213077,middle
W2511114021,A5038256034,last
W2522510687,A5035667542,first
W2538740287,A5021901258,first
W2538740287,A5039742693,middle
W2538740287,A5043476218,middle
W2538740287,A5043681457,last
W2542064478,A5015458273,first
W2566403663,A5067703063,first
W2566403663,A5086545543,middle
W2566403663,A5043559765,middle
W2566403663,A5005425399,middle
W2566403663,A5087058066,middle
W2566403663,A5009607601,last
W2567367115,A5054384258,first
W2604115582,A5067968369,first
W2604115582,A5005053622,middle
W2604115582,A5062942647,middle
W2604115582,A5087421133,middle
W2604115582,A5003714897,last
W2610370556,A5061904358,last
W2649315385,A5075175655,first
W2649315385,A5043258717,middle
W2724404982,A5070384328,first
W2735744773,A5073869637,first
W2735744773,A5086416584,last
W2736312422,A5007776430,first
W2742702378,A5037947876,first
W2742702378,A5012502919,last
W2744667093,A5023263868,first
W2760409779,A5073823629,first
W2779566252,A5048448258,first
W2783432942,A5041914174,first
W2783432942,A5082511903,middle
W2783432942,A5060855898,middle
W2783432942,A5091319914,middle
W2783432942,A5056538297,middle
W2783432942,A5004169507,middle
W2783432942,A5030668200,last
W2793391590,A5060550722,first
W2793391590,A5018183368,last
W2793400868,A5021187796,first
W2796878215,A5010011257,first
W2799342688,A5060995132,first
W2801199275,A5067530137,first
W2805414284,A5091597564,first
W2805414284,A5007349631,last
W2809753252,A5031335878,first
W2809926511,A5038985128,first
W2810021497,A5039408177,first
W2810082469,A5008725612,first
W2810082469,A5008047758,last
W2810800559,A5050819315,first
W2888922239,A5079521911,first
W2888991891,A5076686575,first
W2891638960,A5044674880,first
W2892592873,A5037602500,first
W2895438817,A5076245263,first
W2895688130,A5026895467,last
W2895782958,A5038695446,first
W2896469482,A5024542979,first
W2896469482,A5061587793,last
W2896470534,A5084949004,first
W2896482402,A5048522863,first
W2896482402,A5008831111,middle
W2896482402,A5085544812,last
W2898400639,A5085343290,first
W2898535328,A5025515104,first
W2898535328,A5048831651,middle
W2899846965,A5038441898,last
W2901175470,A5076089493,last
W2901636217,A5058832371,first
W2901639172,A5032503212,first
W2901833743,A5077512722,first
W2901833743,A5029166882,last
W2902018557,A5081643763,first
W2902852791,A5007913012,first
W2903457114,A5022006934,first
W2903457114,A5025121816,last
W2903571272,A5027606133,first
W2903571272,A5039275356,last
W2903693682,A5039351404,first
W2903693682,A5006846371,middle
W2903693682,A5037375872,last
W2903881690,A5044258528,last
W2904811269,A5048977949,first
W2904811269,A5023422322,middle
W2904811269,A5004960813,middle
W2904811269,A5015536188,middle
W2904811269,A5084306663,middle
W2904811269,A5084048546,last
W2904952902,A5027843256,first
W2905437007,A5061102394,first
W2905437007,A5012622009,last
W2905507961,A5056145247,last
W2906831651,A5076575560,last
W2906892774,A5081403204,first
W2907072079,A5028177734,first
W2907280751,A5079026866,first
W2907323855,A5055643476,first
W2907327411,A5068159299,first
W2907327411,A5074444329,middle
W2907327411,A5054128312,last
W2907390358,A5034196834,first
W2907420390,A5000846525,first
W2907473214,A5058027075,first
W2907735275,A5003894189,last
W2907745713,A5071670255,first
W2907770290,A5041346545,first
W2907890236,A5012691507,first
W2907928487,A5011483147,first
W2907932567,A5042276212,first
W2907934283,A5035022220,first
W2908035920,A5040318482,first
W2908057552,A5078585378,last
W2908217549,A5075834403,first
W2908228237,A5026950255,first
W2908298300,A5049793842,first
W2908313929,A5062503870,first
W2908313929,A5076628907,middle
W2908313929,A5012275958,last
W2908407308,A5063732224,first
W2908434196,A5057987893,first
W2908463479,A5006524000,first
W2908463479,A5062784800,last
W2908464430,A5081179020,first
W2908513685,A5038369385,first
W2908513685,A5008246390,middle
W2908513685,A5010326906,last
W2908570202,A5035093292,first
W2908570202,A5084354737,last
W2908575540,A5068244151,first
W2908690958,A5056645016,first
W2908745170,A5031686114,first
W2908745170,A5007042240,last
W2908782988,A5031686114,first
W2908782988,A5007042240,last
W2908862551,A5039076544,first
W2908885421,A5033700890,first
W2908885421,A5067724445,last
W2908896459,A5056645016,first
W2908915682,A5016858335,last
W2908997910,A5056645016,first
W2909105267,A5061282430,first
W2909166574,A5007711808,first
W2909169719,A5056645016,first
W2909272755,A5048651226,first
W2909287540,A5020931358,first
W2909287540,A5079271501,last
W2909292055,A5085343290,last
W2909389309,A5007711808,first
W2909405806,A5031686114,first
W2909405806,A5007042240,last
W2909428772,A5066860255,first
W2909431082,A5036805347,first
W2909533253,A5068244151,first
W2909535914,A5031686114,first
W2909535914,A5007042240,last
W2909675571,A5044485612,first
W2909726169,A5056645016,first
W2909803905,A5031686114,first
W2909803905,A5007042240,last
W2909837144,A5091539743,first
W2909875085,A5017927873,first
W2909907082,A5064611084,first
W2909946716,A5017927873,first
W2910005921,A5062398007,first
W2910005921,A5083721279,last
W2910058387,A5047412092,first
W2910058387,A5044947335,middle
W2910058387,A5081236900,last
W2910078360,A5034160482,first
W2910078360,A5045445174,last
W2910126798,A5026100587,first
W2910199620,A5076735095,first
W2910475468,A5056645016,first
W2910486839,A5036075515,first
W2910575833,A5031686114,first
W2910575833,A5007042240,last
W2910862935,A5031686114,first
W2910862935,A5007042240,last
W2910914234,A5076821637,first
W2911156772,A5090237309,first
W2911169476,A5083108320,first
W2911201844,A5068244151,first
W2911233763,A5011299350,first
W2911233763,A5060115067,middle
W2911233763,A5058880006,middle
W2911233763,A5029694907,middle
W2911233763,A5046011244,last
W2911292998,A5027629530,first
W2911292998,A5007287967,last
W2911310843,A5039100910,first
W2911310843,A5076892344,last
W2911315007,A5034770996,first
W2911315007,A5085477174,last
W2911346398,A5021907837,first
W2911353723,A5061680998,first
W2911382060,A5072052013,middle
W2911432061,A5058830023,first
W2911966664,A5049583553,first
W2911966664,A5027850521,middle
W2911966664,A5029550449,middle
W2911966664,A5084251444,middle
W2911966664,A5028592413,middle
W2911966664,A5036237095,middle
W2911966664,A5031000631,middle
W2911966664,A5084111561,last
W2912019789,A5069154075,first
W2912078138,A5050926125,first
W2912108922,A5059621036,first
W2912155220,A5079326461,first
W2912414920,A5008462886,first
W2912414920,A5052956760,middle
W2912414920,A5084841479,middle
W2912414920,A5018246845,last
W2912421490,A5013574615,first
W2912421490,A5017601087,middle
W2912421490,A5000856953,middle
W2912423621,A5001077799,first
W2912449156,A5091138678,first
W2912449156,A5056982344,middle
W2912449156,A5056982344,last
W2912492164,A5083312728,first
W2912765628,A5077027391,middle
W2912765628,A5070094779,last
W2912832968,A5081681125,first
W2913048702,A5000975317,last
W2913088393,A5056879522,first
W2913126231,A5032853935,first
W2913126231,A5032853935,middle
W2913126231,A5021307930,middle
W2913126231,A5035198419,last
W2913226618,A5054402327,first
W2913226618,A5088119255,middle
W2913226618,A5075554964,last
W2913323889,A5058177812,first
W2913323889,A5045493230,last
W2913508693,A5003081363,last
W2913611326,A5058703493,first
W2914082046,A5080038836,first
W2914084204,A5003276418,first
W2914096852,A5042335463,first
W2914288363,A5005156509,first
W2914423950,A5009244291,first
W2914450476,A5059197772,first
W2914458028,A5056354450,first
W2914563007,A5055029056,first
W2914771105,A5026197986,first
W2914771105,A5029638603,last
W2914777066,A5050237901,first
W2914917052,A5055508301,middle
W2914917052,A5045130340,middle
W2915025854,A5080038836,first
W2915036353,A5011794554,first
W2915036353,A5021985883,middle
W2915041476,A5073217469,first
W2915041476,A5043199495,middle
W2915041476,A5026465150,last
W2915103083,A5067400187,middle
W2915354033,A5026749502,middle
W2915468192,A5037802021,first
W2915828690,A5089030037,first
W2915888810,A5069723687,first
W2916139204,A5028817605,first
W2916149895,A5017344176,first
W2916204622,A5058487916,first
W2916398733,A5028497195,first
W2916792225,A5031814143,first
W2916844902,A5006855775,first
W2917145950,A5065805778,first
W2917187852,A5071392881,last
W2917193500,A5011087889,middle
W2917193500,A5068961635,last
W2917515709,A5010524173,first
W2917995454,A5033422078,first
W2918174681,A5030425236,first
W2918945130,A5003135780,first
W2919017260,A5058255445,first
W2919497624,A5029023402,first
W2919981189,A5057246186,first
W2920556650,A5009617861,first
W2920882398,A5014627062,first
W2920882398,A5071404806,middle
W2920884231,A5025402502,first
W2920967511,A5040895920,first
W2920967511,A5083232890,last
W2921149733,A5017531392,first
W2921157294,A5000151610,first
W2921157294,A5028732400,last
W2921249105,A5024518212,first
W2921503819,A5058602475,first
W2921503819,A5036388073,last
W2921680068,A5081632776,last
W2921747922,A5000193530,first
W2921753681,A5047427084,last
W2921805125,A5064553223,last
W2922158063,A5086689035,first
W2922158466,A5043151017,first
W2922158466,A5024620954,middle
W2922158466,A5082006408,middle
W2922158466,A5081095676,last
W2922193182,A5081558792,first
W2922391054,A5081803512,middle
W2922391054,A5053271964,middle
W2922396955,A5083548477,first
W2922396955,A5036960755,middle
W2922396955,A5044492514,middle
W2922396955,A5091180862,last
W2922527298,A5074437283,first
W2922673639,A5031686114,first
W2922673639,A5007042240,last
W2922974624,A5082255699,first
W2922974624,A5078121723,middle
W2923117322,A5084732774,middle
W2923117322,A5082374186,middle
W2923117322,A5048430465,middle
W2923117322,A5090385327,last
W2923124191,A5022994735,first
W2923124191,A5023582370,last
W2923203333,A5031686114,first
W2923203333,A5007042240,last
W2923474036,A5058858336,middle
W2923474036,A5029491991,last
W2923497833,A5040716355,middle
W2923497833,A5084685127,middle
W2923497833,A5084545998,last
W2923518384,A5031686114,first
W2923518384,A5007042240,last
W2923664785,A5062882766,last
W2924001752,A5034992579,first
W2924095410,A5057958949,first
W2924211162,A5074504203,first
W2924296206,A5057958949,first
W2924354480,A5056645016,first
W2924402169,A5053329831,first
W2924503395,A5054152186,first
W2924503395,A5088557530,last
W2924645499,A5073063810,first
W2924645499,A5021338266,middle
W2924645499,A5008745354,last
W2924672213,A5021831126,first
W2924869550,A5065736198,first
W2924901844,A5056645016,first
W2924926408,A5054859935,first
W2925010421,A5073298733,last
W2925061670,A5056645016,first
W2925238119,A5085977862,first
W2925238119,A5062806140,middle
W2925238119,A5038279345,last
W2925249874,A5085977862,first
W2925249874,A5054873553,middle
W2925249874,A5058265197,last
W2925586104,A5073648176,first
W2927911072,A5003610185,middle
W2927911072,A5000591591,middle
W2927911072,A5010528160,last
W2928786525,A5048023281,last
W2932237456,A5084374680,first
W2933615463,A5006755636,first
W2933899472,A5053779211,first
W2933947656,A5018637485,first
W2933947656,A5084886541,middle
W2933947656,A5027846686,middle
W2933986504,A5045251213,middle
W2935963106,A5028951804,first
W2936075203,A5040746152,last
W2936357117,A5089388395,first
W2936465946,A5060242572,first
W2936586047,A5087590485,first
W2936586047,A5053556475,last
W2936663438,A5073483831,first
W2936663438,A5053868357,last
W2936772832,A5006627628,middle
W2936915082,A5060725233,first
W2936915082,A5032025029,middle
W2936915082,A5047827833,middle
W2936915082,A5068805525,last
W2937018596,A5014810269,first
W2937035557,A5077729027,first
W2937078313,A5072879265,first
W2937105027,A5090846181,first
W2937359606,A5043281645,first
W2937399463,A5087163154,first
W2937573895,A5045616699,first
W2937776952,A5035994317,last
W2938424487,A5011645228,first
W2938426923,A5031686114,first
W2938426923,A5007042240,last
W2938560488,A5056055322,first
W2938560488,A5061804138,last
W2938592452,A5049761671,first
W2938592452,A5038320049,middle
W2938592452,A5005771535,last
W2938695906,A5052717928,first
W2938723552,A5033538827,first
W2938723552,A5029218215,middle
W2938723552,A5060094826,middle
W2938723552,A5011899729,middle
W2938723552,A5063206552,middle
W2938723552,A5063455689,middle
W2938723552,A5079948428,middle
W2938723552,A5085544204,middle
W2938931956,A5027261012,first
W2939274375,A5024897779,first
W2939544494,A5065820302,first
W2939764058,A5025382997,first
W2939775318,A5031686114,first
W2939775318,A5007042240,last
W2939778350,A5031686114,first
W2939778350,A5007042240,last
W2940022221,A5058800952,first
W2940216365,A5074922143,first
W2940216365,A5027970156,middle
W2940216365,A5009277638,last
W2940330480,A5008706600,first
W2940383095,A5074628253,first
W2940736017,A5085476953,first
W2940736017,A5033807120,last
W2940925304,A5080269427,first
W2940925304,A5066130528,last
W2940926614,A5014574436,middle
W2940926614,A5059245574,middle
W2941040342,A5033697308,first
W2941092999,A5011106475,first
W2941206707,A5028169927,first
W2941206707,A5005478807,middle
W2941206707,A5088761598,last
W2941241053,A5015440764,middle
W2941241053,A5077264197,middle
W2941241053,A5011364900,last
W2941309586,A5076360626,first
W2941309586,A5017666581,middle
W2941309586,A5067408685,last
W2941321131,A5087675371,first
W2941321131,A5069319868,middle
W2941321131,A5039318171,last
W2941637829,A5058485006,last
W2941916852,A5002871993,first
W2941916852,A5026859436,middle
W2941916852,A5024633466,last
W2942582232,A5086501723,first
W2942726930,A5049351856,last
W2942744781,A5056693774,last
W2942901256,A5035674196,first
W2943017751,A5077391080,first
W2943069313,A5083097231,first
W2943144134,A5084949004,first
W2943516190,A5034458270,first
W2943529175,A5001205705,middle
W2943529175,A5081691319,middle
W2943554545,A5006772669,last
W2943655775,A5055563518,middle
W2943655775,A5070909366,middle
W2943655775,A5054022895,middle
W2943655775,A5017894198,middle
W2943655775,A5000021578,middle
W2943655775,A5028821224,last
W2943886400,A5004048723,first
W2943886400,A5069787509,middle
W2943886400,A5025689347,last
W2943930904,A5032607998,first
W2943972988,A5006855775,first
W2943982278,A5063653804,first
W2944088222,A5010766325,first
W2944301574,A5068369362,first
W2944528782,A5079771987,first
W2944681405,A5071152702,first
W2944683647,A5082645155,first
W2944686873,A5010010140,first
W2944767816,A5052344955,first
W2944876323,A5023582848,middle
W2944908389,A5060797221,middle
W2944908389,A5066048713,last
W2944952628,A5049168150,first
W2944966673,A5011486552,first
W2945000852,A5012862595,first
W2945064645,A5009033408,first
W2945090719,A5034726910,first
W2945090719,A5048388116,last
W2945153574,A5044459572,middle
W2945159726,A5073272621,last
W2945223868,A5003044729,middle
W2945223868,A5035908989,middle
W2945223868,A5048193471,last
W2945237992,A5082645155,first
W2945259651,A5062375227,first
W2945425804,A5048711005,first
W2945829905,A5045066918,first
W2945829905,A5036940578,middle
W2945829905,A5002326339,last
W2946071394,A5078472992,first
W2946097329,A5071152702,first
W2946150481,A5019510221,first
W2946218048,A5073358106,first
W2946236115,A5008831085,first
W2946236115,A5063139370,middle
W2946236115,A5063139370,last
W2946344248,A5078447681,first
W2946344248,A5014473729,last
W2946560987,A5017314770,last
W2946662723,A5057674473,last
W2946732046,A5038909431,first
W2947416820,A5031676320,middle
W2947416820,A5008976756,last
W2947447889,A5026413598,first
W2947447889,A5061103494,last
W2947468898,A5026822590,middle
W2947468898,A5059479627,last
W2947718235,A5000596891,first
W2947830894,A5043217581,middle
W2947927457,A5039608991,first
W2947970292,A5046909433,first
W2947970292,A5030517812,middle
W2947970292,A5009043032,last
W2948221675,A5037977714,middle
W2948221675,A5060544144,middle
W2948419178,A5001941884,first
W2948428262,A5044397634,first
W2948459942,A5010804093,first
W2948459942,A5059642629,middle
W2948459942,A5044389040,last
W2948516582,A5019979210,first
W2948516582,A5082451858,middle
W2948516582,A5065995835,middle
W2948516582,A5071538914,middle
W2948516582,A5049922547,last
W2948544002,A5043001449,first
W2948739862,A5036218877,first
W2948881494,A5032975378,first
W2949055792,A5034116029,first
W2949147005,A5042858262,first
W2949147005,A5061508051,middle
W2949147005,A5074539605,middle
W2949147005,A5013788170,middle
W2949149240,A5069573186,first
W2949487996,A5051335542,middle
W2949487996,A5012097280,middle
W2949487996,A5051524439,middle
W2949487996,A5037930354,middle
W2949487996,A5051583769,last
W2949596595,A5077413596,first
W2949667228,A5055825799,first
W2949669267,A5050386176,last
W2949780649,A5010698414,first
W2949780649,A5080351793,middle
W2949961459,A5000660872,first
W2950019671,A5017878614,first
W2950019671,A5005258575,middle
W2950019671,A5072356717,last
W2950154750,A5083766345,first
W2950155530,A5012160256,middle
W2950222200,A5088035307,first
W2950222200,A5073824669,middle
W2950222200,A5043296622,last
W2950283236,A5061180675,first
W2950334068,A5033884105,first
W2950334068,A5016329820,middle
W2950423668,A5032244115,first
W2950423668,A5042150057,middle
W2950423668,A5004325166,last
W2950464513,A5010010156,first
W2950713362,A5074820389,first
W2950854329,A5003044729,middle
W2950854329,A5035908989,middle
W2950854329,A5048193471,last
W2951118544,A5073817488,first
W2951693228,A5001364298,last
W2951817257,A5075109513,first
W2951817257,A5074417323,middle
W2951817257,A5072696337,middle
W2951817257,A5013198945,middle
W2951908956,A5066658553,first
W2951908956,A5067702470,last
W2952124366,A5024165528,first
W2952248679,A5077536927,first
W2952367597,A5082664405,first
W2952504305,A5088367536,middle
W2952504305,A5004494867,middle
W2952504305,A5050659925,middle
W2952504305,A5072305440,middle
W2952504305,A5087343924,middle
W2952504305,A5088747750,middle
W2952504305,A5063978140,middle
W2952504305,A5083258749,middle
W2952504305,A5007378827,middle
W2952504305,A5032386271,middle
W2952504305,A5023997332,last
W2952532845,A5090992702,first
W2952667270,A5036779530,first
W2952799784,A5055854017,first
W2952849549,A5020601958,first
W2952849549,A5042841642,last
W2952911993,A5052117256,first
W2953074257,A5045073687,first
W2953112059,A5010766325,first
W2953162474,A5001313676,first
W2953196498,A5084386819,first
W2953245453,A5085270417,first
W2953245453,A5022130655,last
W2953292166,A5083536121,first
W2953570238,A5032238070,middle
W2953587120,A5003397861,first
W2953587120,A5019180584,middle
W2953587120,A5086582716,middle
W2953587120,A5079658284,middle
W2953644621,A5081399408,middle
W2953646966,A5020299213,first
W2953687766,A5085122657,first
W2953687766,A5044188222,middle
W2953687766,A5055812585,last
W2953768905,A5039844630,first
W2953768905,A5028039581,middle
W2953768905,A5041689611,middle
W2953768905,A5060692543,last
W2953793907,A5008148514,first
W2953876455,A5028983768,first
W2953921091,A5002582394,first
W2954014675,A5089163333,first
W2954026371,A5050544321,first
W2954049123,A5047355985,first
W2954190796,A5009057782,last
W2954191222,A5000210600,first
W2954300462,A5071274975,middle
W2954300462,A5063154944,last
W2954320217,A5057987365,last
W2954337244,A5028011973,first
W2954337244,A5088895520,last
W2954395064,A5023928504,first
W2954395064,A5017972284,middle
W2954395064,A5081696143,middle
W2954395064,A5021797294,middle
W2954395064,A5020383319,last
W2954429352,A5003461979,first
W2954429352,A5078866129,last
W2954432844,A5031418059,first
W2954432844,A5017374564,last
W2954455754,A5052646530,first
W2954455754,A5075616032,last
W2954533016,A5013540471,first
W2954533016,A5077187931,last
W2954566025,A5013308694,first
W2954566025,A5026599111,middle
W2954566025,A5054429139,last
W2954566112,A5031855942,first
W2954566112,A5080506541,middle
W2954566112,A5049654481,last
W2954569391,A5069580705,first
W2954569391,A5007453385,middle
W2954569391,A5076384144,middle
W2954611345,A5008606318,first
W2954692893,A5083612795,first
W2954752503,A5042493982,last
W2954832155,A5004199824,middle
W2954832155,A5041545894,middle
W2955032975,A5053373172,first
W2955032975,A5060664125,last
W2955063660,A5065433506,first
W2955063660,A5040800850,last
W2955164274,A5067236552,first
W2955202376,A5015891333,first
W2955202376,A5007918840,last
W2955213458,A5038691287,first
W2955213458,A5031055852,last
W2955216109,A5072330086,first
W2955326451,A5023055910,last
W2955390175,A5057655686,first
W2955460985,A5083806375,middle
W2955548035,A5014205904,first
W2955583426,A5066935641,last
W2955632881,A5025399641,first
W2955725950,A5071772272,first
W2955748870,A5007269538,first
W2955818283,A5036349703,middle
W2955922937,A5034249691,first
W2955962875,A5050510367,first
W2955962875,A5069128351,middle
W2955962875,A5020202718,middle
W2956000960,A5022393997,first
W2956035195,A5084225265,first
W2956100823,A5066341791,first
W2956102515,A5085977862,first
W2956118779,A5039156329,first
W2956128623,A5068525791,first
W2956128623,A5006078519,last
W2956566674,A5062101791,first
W2956566674,A5078861665,last
W2956743420,A5061710683,first
W2956811701,A5009138721,first
W2957079864,A5055611722,first
W2957079864,A5008758771,middle
W2957079864,A5038755734,middle
W2957079864,A5000834169,last
W2957273407,A5011853129,first
W2957512169,A5057516146,middle
W2957512169,A5006234673,last
W2957731005,A5082177890,first
W2957731005,A5047570390,last
W2958018186,A5042525344,first
W2958337463,A5081784013,first
W2958337463,A5076518905,middle
W2958337463,A5011288866,middle
W2958337463,A5015168828,last
W2958386976,A5068465714,first
W2958386976,A5020470831,last
W2958537683,A5011087889,first
W2958537683,A5068961635,last
W2958607558,A5005433503,first
W2959023108,A5043287912,first
W2959211465,A5074294747,first
W2959308160,A5064863774,first
W2959422858,A5086529589,first
W2959671802,A5006084463,first
W2959691376,A5018306883,first
W2959909326,A5051085304,first
W2960338507,A5029446502,last
W2961147217,A5069258041,first
W2961179096,A5091141353,last
W2961612523,A5041724300,first
W2961612523,A5039326107,last
W2961890735,A5024169371,first
W2961995000,A5026548454,first
W2962006485,A5087180937,first
W2962421375,A5062125384,first
W2962463369,A5003851577,first
W2962611218,A5086455533,first
W2962611218,A5080684526,middle
W2962611218,A5041279739,middle
W2962611218,A5047050571,middle
W2962673584,A5042312434,last
W2962715372,A5063529113,first
W2962787775,A5033569193,first
W2962787775,A5015460041,last
W2962979834,A5057560419,first
W2963004627,A5087542455,first
W2963004627,A5047050571,middle
W2963004627,A5090261224,middle
W2963004627,A5011543714,middle
W2963004627,A5091297862,last
W2963193031,A5079680538,first
W2963207394,A5019617481,first
W2963418995,A5053363407,first
W2963453334,A5076925992,first
W2963453334,A5060451067,last
W2963462240,A5008082171,last
W2963468227,A5015027023,first
W2963478376,A5001806573,first
W2963512321,A5029446502,first
W2963645647,A5036043014,last
W2963752163,A5073130023,middle
W2963752163,A5081244981,middle
W2963835660,A5081495111,first
W2963865319,A5004839622,first
W2963915120,A5045438558,first
W2963915120,A5057988033,last
W2963995003,A5057794930,first
W2964121966,A5069515302,first
W2964128243,A5074494312,last
W2964218259,A5062211132,first
W2964510706,A5004504514,first
W2964523744,A5023215823,first
W2964529313,A5085301137,first
W2964529313,A5020534140,last
W2964728300,A5048028976,first
W2964887636,A5056528356,last
W2964930310,A5051444342,first
W2965060490,A5002853720,first
W2965235978,A5005585461,first
W2965496503,A5030433889,first
W2965776298,A5022764094,first
W2965781356,A5078148545,middle
W2965826815,A5005093725,first
W2965874290,A5059357518,first
W2965977735,A5008668739,first
W2965977735,A5008668739,last
W2966019421,A5084775399,first
W2966029811,A5077403931,first
W2966029811,A5043514474,last
W2966167752,A5059048631,first
W2966167752,A5025903643,middle
W2966167752,A5041138306,last
W2966232811,A5001475174,first
W2966296149,A5073586968,last
W2966298074,A5083135976,first
W2966341493,A5016346978,first
W2966341493,A5072067836,last
W2966354714,A5048786601,first
W2966447100,A5091458117,first
W2966455000,A5073767853,first
W2966460051,A5088672975,first
W2966681241,A5036529804,first
W2966734687,A5086424104,first
W2966734687,A5074466064,middle
W2966734687,A5083880902,last
W2966754284,A5074196302,first
W2966840886,A5089734589,middle
W2966840886,A5078193306,middle
W2966840886,A5009740819,middle
W2966840886,A5039903960,middle
W2966861110,A5026815776,middle
W2966861110,A5040856389,last
W2966991651,A5016921845,first
W2966991651,A5064856008,middle
W2967179635,A5041282289,first
W2967402704,A5067969499,first
W2967656851,A5028996052,first
W2967807356,A5071387519,first
W2967807356,A5041352323,middle
W2967807356,A5071967339,last
W2968369252,A5091171451,first
W2968570256,A5015544771,first
W2968570256,A5091141987,middle
W2968570256,A5029422530,middle
W2968570256,A5056912975,middle
W2968570256,A5030159627,middle
W2968570256,A5025818295,last
W2968611616,A5080452629,first
W2968611616,A5048507417,middle
W2968611616,A5005836086,middle
W2968856907,A5044652195,middle
W2968856907,A5036879976,last
W2968938627,A5081914029,middle
W2968938627,A5008286738,middle
W2968938627,A5068897771,middle
W2968938627,A5008018459,middle
W2968938627,A5047794314,middle
W2968938627,A5007378827,middle
W2968938627,A5032386271,middle
W2968938627,A5038397688,middle
W2968938627,A5000434399,middle
W2968938627,A5069019746,middle
W2968938627,A5083359735,last
W2969003911,A5080452629,first
W2969003911,A5048507417,middle
W2969003911,A5005836086,middle
W2969145046,A5086573997,first
W2969145046,A5053155252,last
W2969216766,A5000134513,first
W2969220680,A5069100180,first
W2969220680,A5048485737,middle
W2969220680,A5087295769,middle
W2969220680,A5088510975,middle
W2969221066,A5051106548,first
W2969316627,A5016489216,first
W2969441896,A5049879839,first
W2969493242,A5012857374,first
W2969493242,A5011037821,middle
W2969493242,A5081794070,middle
W2969493242,A5002254524,middle
W2969493242,A5000532612,last
W2969513414,A5051623888,first
W2969535602,A5088570484,middle
W2969572227,A5044557847,first
W2969603358,A5007508748,first
W2969622177,A5041610283,first
W2969673706,A5010353102,first
W2969692066,A5024338150,first
W2969727039,A5045842854,first
W2969727039,A5089296319,middle
W2969727039,A5082325954,last
W2969737106,A5016842746,first
W2969737106,A5024194443,middle
W2969737106,A5024946758,last
W2969820747,A5007901564,last
W2969879813,A5038271432,first
W2969879813,A5001847261,last
W2969903556,A5045603108,first
W2969950888,A5067230761,first
W2969962384,A5022048878,first
W2969986389,A5028171150,first
W2969986389,A5051993117,last
W2969998378,A5048324208,first
W2970103179,A5086505024,first
W2970103179,A5025856514,last
W2970123689,A5046734130,first
W2970130134,A5047257992,first
W2970138188,A5062835253,first
W2970208257,A5042878649,first
W2970208257,A5056313042,last
W2970225371,A5003844947,middle
W2970316783,A5008032860,first
W2970359245,A5043115974,first
W2970392172,A5084092632,first
W2970392172,A5029854353,last
W2970455973,A5035091480,first
W2970575542,A5023547653,first
W2970651535,A5068481664,first
W2970741578,A5018416138,first
W2970782866,A5004967932,middle
W2970794413,A5079329106,first
W2970816042,A5082645155,first
W2970824039,A5062121762,first
W2970828352,A5009689439,first
W2970828352,A5010560354,last
W2970831122,A5031466318,first
W2970855701,A5070704114,first
W2970855701,A5055166649,middle
W2970855701,A5036873933,middle
W2970954390,A5036547128,first
W2970978489,A5024395125,first
W2971025083,A5022456933,first
W2971025083,A5076069998,middle
W2971025083,A5068143882,middle
W2971025083,A5023499084,last
W2971038661,A5067829868,first
W2971108618,A5018171453,first
W2971108618,A5040448497,last
W2971182684,A5038051198,first
W2971300362,A5001290800,first
W2971407830,A5004829298,first
W2971444722,A5033577431,first
W2971487478,A5044125474,first
W2971642070,A5043655110,first
W2971843440,A5077829378,first
W2971854494,A5056500848,first
W2971893733,A5026391344,first
W2971958964,A5028068257,first
W2971973449,A5083314541,last
W2972010334,A5064876801,first
W2972085553,A5033697529,last
W2972095116,A5005686839,first
W2972109031,A5023471512,first
W2972272454,A5036823963,first
W2972294827,A5005161189,first
W2972338045,A5009197761,first
W2972366371,A5048667897,first
W2972366371,A5053347421,middle
W2972366371,A5073529648,last
W2972482599,A5078542822,first
W2972573943,A5084823078,last
W2972671455,A5085554531,last
W2972829593,A5072639010,first
W2972905937,A5064460494,first
W2972952705,A5089247128,first
W2972952705,A5068514720,middle
W2972952705,A5047196019,middle
W2972952705,A5051531853,last
W2972952887,A5028509719,first
W2972952887,A5046130084,last
W2973017935,A5041937901,first
W2973017935,A5081500464,middle
W2973017935,A5006338234,middle
W2973017935,A5029490987,last
W2973056659,A5003890036,first
W2973062701,A5074820389,first
W2973095909,A5061449196,first
W2973095909,A5045754565,last
W2973220212,A5019391678,first
W2973269307,A5063305995,first
W2973269307,A5060877237,middle
W2973269307,A5040326170,middle
W2973269307,A5056287221,middle
W2973269307,A5082802691,middle
W2973269307,A5045025939,last
W2973429343,A5003056655,first
W2973621197,A5063114477,first
W2973905513,A5082143127,first
W2973905513,A5035432701,middle
W2973905513,A5064353243,last
W2973944951,A5003044729,first
W2973944951,A5035908989,middle
W2973944951,A5048193471,middle
W2974080614,A5039491324,first
W2974125009,A5017696413,first
W2974444776,A5015798626,first
W2974460640,A5045418207,first
W2974625437,A5057420103,first
W2974636077,A5024194397,first
W2974636077,A5077910569,middle
W2974636077,A5080734556,middle
W2974636077,A5065555733,middle
W2974636077,A5059337980,middle
W2974636077,A5033356690,last
W2974638260,A5022269446,first
W2974672984,A5049469197,middle
W2974967003,A5082118662,first
W2975011868,A5032378153,first
W2975193030,A5059662291,first
W2975193030,A5075461704,middle
W2975193030,A5000951629,last
W2975249791,A5025584964,first
W2975249791,A5025240022,last
W2975421135,A5089642999,last
W2975483616,A5085009232,first
W2975490707,A5091290216,first
W2975689193,A5055043960,first
W2975802561,A5046994961,first
W2975802561,A5082378141,last
W2976147504,A5041551569,first
W2976195794,A5074273491,first
W2976288830,A5025315300,middle
W2976288830,A5046841594,middle
W2976399329,A5039279679,middle
W2976399329,A5066252480,last
W2976602204,A5046896071,middle
W2976602204,A5046909216,last
W2976735527,A5001414178,first
W2976735527,A5017641515,middle
W2976735527,A5000219510,last
W2976760296,A5055266234,first
W2976768012,A5065600649,first
W2977064487,A5065243927,last
W2977215159,A5037960046,first
W2977215159,A5063943840,middle
W2977230566,A5050373978,first
W2977230566,A5008432409,middle
W2977230566,A5021743856,middle
W2977230566,A5043207505,last
W2977272614,A5069272522,middle
W2977272979,A5001596439,first
W2977280757,A5040507648,first
W2977410095,A5054932730,first
W2977410095,A5009897399,last
W2977578869,A5021555712,first
W2977578869,A5065988334,last
W2977680460,A5069813871,first
W2977680460,A5066999251,middle
W2977680460,A5084019086,middle
W2977680460,A5035852374,middle
W2977680460,A5091806083,last
W2977741954,A5030551100,first
W2977806334,A5044633511,first
W2977927959,A5073135124,first
W2978109506,A5069813871,first
W2978170699,A5027188391,first
W2978527299,A5041849396,first
W2978579713,A5084949004,first
W2978722216,A5044305037,last
W2978844639,A5045704498,first
W2979008654,A5080171014,first
W2979008654,A5069813871,middle
W2979008654,A5054529234,middle
W2979008654,A5004082765,middle
W2979008654,A5028574240,middle
W2979129032,A5001571075,first
W2979141226,A5060758322,first
W2979141226,A5039372152,middle
W2979141226,A5086520315,middle
W2979141226,A5003126186,middle
W2979141226,A5036787025,last
W2979206417,A5054932730,first
W2979206417,A5009897399,last
W2979350113,A5006548981,first
W2979350113,A5013230954,middle
W2979350113,A5077895764,last
W2979358459,A5067945257,first
W2979365709,A5060938368,middle
W2979365709,A5066265493,middle
W2979365709,A5084935463,last
W2979365711,A5005925953,first
W2979413143,A5056362774,first
W2979413143,A5062262387,middle
W2979413143,A5090433262,middle
W2979416126,A5064012317,first
W2979424414,A5007696663,first
W2979686484,A5089226693,first
W2979717936,A5057652752,first
W2979717936,A5011224328,last
W2979722114,A5042245077,first
W2979722114,A5075875216,last
W2979723520,A5043778695,first
W2979723520,A5015891605,last
W2979734521,A5052888425,first
W2979734521,A5031212256,last
W2979762611,A5009116003,middle
W2979762611,A5047516173,last
W2979818725,A5011477804,first
W2979884699,A5026422324,first
W2979900571,A5074668069,first
W2979932672,A5038684006,first
W2979947958,A5038742325,first
W2979955530,A5023720327,first
W2980001077,A5029672023,first
W2980119269,A5047144831,first
W2980261895,A5081090445,last
W2980268802,A5081523018,first
W2980318143,A5056335502,first
W2980583130,A5059533665,first
W2980583130,A5069471943,middle
W2980583130,A5033364748,last
W2980623368,A5003242716,first
W2980623368,A5089261752,middle
W2980730939,A5089734589,middle
W2980730939,A5078193306,middle
W2980730939,A5009740819,middle
W2980730939,A5039903960,middle
W2980745040,A5011388533,first
W2980745040,A5037543382,middle
W2980745040,A5046899369,middle
W2980745040,A5003021117,middle
W2980745040,A5050869595,last
W2980846159,A5014851152,middle
W2980925864,A5054950249,first
W2980990302,A5077507784,first
W2981023952,A5048547269,first
W2981025556,A5054809800,first
W2981025556,A5039350183,last
W2981114845,A5026603038,first
W2981133199,A5008915219,first
W2981133199,A5041117623,middle
W2981133199,A5034125011,last
W2981142306,A5033692358,first
W2981247294,A5000531588,middle
W2981247294,A5053951318,last
W2981321378,A5014872645,first
W2981324953,A5072823382,middle
W2981324953,A5072961494,middle
W2981324953,A5071605938,middle
W2981329366,A5088231786,first
W2981329366,A5025088388,middle
W2981329366,A5027837299,middle
W2981336808,A5036603102,first
W2981359639,A5037145281,first
W2981547623,A5029823262,first
W2981551612,A5091690725,first
W2981559464,A5007910585,middle
W2981559464,A5049772723,middle
W2981559464,A5043800617,middle
W2981559464,A5048756710,middle
W2981559464,A5007103270,middle
W2981635220,A5023101635,middle
W2981735314,A5078581234,middle
W2981735314,A5035908989,last
W2981765063,A5063545664,first
W2981797578,A5059193307,middle
W2981797578,A5073925867,last
W2981846104,A5060354474,first
W2981846104,A5084128034,last
W2981849843,A5060356847,first
W2981916048,A5065747860,first
W2981938955,A5082732226,middle
W2982023666,A5088017193,first
W2982163202,A5056928412,first
W2982311473,A5022117243,last
W2982314554,A5053553403,middle
W2982314554,A5063659031,middle
W2982314554,A5086560136,last
W2982447436,A5017877623,first
W2982485352,A5048028976,first
W2982489012,A5023911868,first
W2982684086,A5050908003,first
W2982916016,A5086746215,first
W2982943151,A5065139899,middle
W2982943151,A5065386571,last
W2983000927,A5052352041,first
W2983007487,A5058101898,first
W2983007487,A5041616196,middle
W2983007487,A5053232624,last
W2983234259,A5037909285,middle
W2983234259,A5067494620,middle
W2983234259,A5077641623,middle
W2983406570,A5038699091,first
W2983406570,A5026816299,middle
W2983406570,A5045770650,middle
W2983406570,A5015940608,middle
W2983406570,A5043498688,last
W2983457295,A5063902411,first
W2983457295,A5015443362,last
W2983531490,A5065912071,first
W2983531490,A5027930053,middle
W2983531490,A5071758245,last
W2983587404,A5039894075,first
W2983687130,A5011508990,first
W2983687130,A5033076583,middle
W2983778403,A5088565165,middle
W2983908614,A5029060737,first
W2983908614,A5067555843,middle
W2983908614,A5070194221,last
W2984222926,A5071837638,first
W2984301527,A5025745894,first
W2984301527,A5043084209,middle
W2984301527,A5011959346,last
W2984527948,A5009117324,first
W2984649052,A5015183168,first
W2984792327,A5059148920,middle
W2984792327,A5016996135,last
W2984888427,A5073068970,first
W2984918907,A5088487015,first
W2985451649,A5037909285,middle
W2985451649,A5067494620,middle
W2985451649,A5077641623,middle
W2985614097,A5063882304,first
W2985709361,A5085060529,first
W2985933633,A5083933910,first
W2985933633,A5042309515,middle
W2986176155,A5005196305,first
W2986310975,A5077570468,last
W2986331880,A5001636587,first
W2986384120,A5004489029,first
W2986384120,A5048845561,middle
W2986384120,A5042618993,middle
W2986384120,A5019608888,middle
W2986384120,A5046010374,last
W2986445637,A5034911958,middle
W2986445637,A5018447003,middle
W2986445637,A5021455967,middle
W2986520010,A5074811148,first
W2986520010,A5045728253,last
W2986524402,A5050779399,first
W2986559245,A5008256152,first
W2986559245,A5006318006,last
W2986826615,A5018407541,first
W2986911423,A5044222965,first
W2986986911,A5009663402,first
W2986986911,A5056861824,middle
W2987043504,A5011789606,first
W2987111265,A5038522605,first
W2987188187,A5067489877,middle
W2987188187,A5013657321,middle
W2987188187,A5025587574,middle
W2987188187,A5046338468,middle
W2987188187,A5032439211,middle
W2987188187,A5025944604,middle
W2987244811,A5026329498,first
W2987244811,A5074454480,middle
W2987244811,A5030391747,middle
W2987244811,A5009719839,last
W2987632268,A5069696874,first
W2987632268,A5061572554,middle
W2987632268,A5054693868,last
W2987664566,A5031313030,first
W2987804805,A5033467716,first
W2987804805,A5054292786,middle
W2987804805,A5072263396,middle
W2987804805,A5032087029,middle
W2987804805,A5052777783,middle
W2987804805,A5081189071,last
W2987964817,A5009624242,last
W2988154390,A5073956678,first
W2988154390,A5089479529,middle
W2988154390,A5028727536,last
W2988172368,A5025987295,first
W2988220823,A5017371653,first
W2988461808,A5071194817,first
W2988658045,A5086426770,last
W2988698332,A5035133006,first
W2988708277,A5046963922,last
W2988912894,A5042916844,first
W2988996587,A5018532337,first
W2989043154,A5003665931,first
W2989064687,A5040867009,middle
W2989315005,A5082372625,first
W2989315005,A5030936455,last
W2989582696,A5025128058,first
W2989582696,A5047168130,middle
W2989582696,A5077447924,middle
W2989582696,A5077447924,last
W2989625446,A5052960392,first
W2989625446,A5051627642,last
W2989694387,A5068772700,first
W2989716903,A5024641160,first
W2989716903,A5074526776,middle
W2989716903,A5038502624,last
W2989737081,A5079293684,first
W2989737081,A5068680543,middle
W2989737081,A5001312896,middle
W2989737081,A5087689086,middle
W2989737081,A5060108348,last
W2989794133,A5024148539,first
W2989794133,A5049733220,last
W2989898944,A5039630291,last
W2989900823,A5058256774,first
W2990006767,A5031166773,middle
W2990006767,A5009056549,last
W2990025653,A5052439105,last
W2990059865,A5047047082,first
W2990072606,A5046868227,first
W2990098927,A5024732054,middle
W2990098927,A5018643548,last
W2990123842,A5003474593,first
W2990124601,A5020557784,last
W2990125871,A5054085833,first
W2990125871,A5038330876,middle
W2990125871,A5019510267,last
W2990307583,A5055449436,first
W2990307583,A5014073509,last
W2990327283,A5040492776,first
W2990370104,A5061943102,middle
W2990370104,A5007529185,middle
W2990370104,A5054513302,last
W2990405550,A5074594397,first
W2990405550,A5019399723,last
W2990496365,A5008016300,last
W2990505695,A5017753490,first
W2990512401,A5050699628,first
W2990591984,A5054997402,middle
W2990626935,A5021581203,first
W2990661054,A5052111018,first
W2990690323,A5076763328,first
W2990690323,A5013607929,middle
W2990690323,A5050234051,last
W2990701215,A5087017967,first
W2990709595,A5020215016,first
W2990710273,A5069030275,middle
W2990724477,A5072477209,middle
W2990724477,A5029032513,middle
W2990733823,A5045650669,first
W2990810159,A5028230314,first
W2990886012,A5067147060,first
W2990886012,A5029809416,last
W2990893956,A5028639895,first
W2990930587,A5049687300,first
W2990930587,A5046580532,middle
W2990994967,A5066871058,first
W2990994967,A5027041821,middle
W2991001896,A5065349389,middle
W2991030629,A5084589881,first
W2991030629,A5002135733,last
W2991043921,A5060344743,last
W2991055958,A5091339345,first
W2991132657,A5019802144,first
W2991133141,A5014567417,first
W2991133141,A5087079632,middle
W2991158663,A5054886865,first
W2991159797,A5072293897,first
W2991163051,A5088227417,first
W2991189205,A5012181272,first
W2991263016,A5075503289,first
W2991284604,A5027896204,middle
W2991284604,A5072824621,last
W2991285715,A5042171930,first
W2991285715,A5011428140,last
W2991359905,A5006975104,first
W2991499691,A5033154566,first
W2991560459,A5044271294,first
W2991595264,A5006367363,first
W2991595264,A5041363986,last
W2991662272,A5085493425,first
W2991662272,A5057713317,middle
W2991662272,A5048498009,last
W2991860074,A5062484272,first
W2991886425,A5025146424,first
W2991904558,A5065103085,first
W2992028696,A5027577174,first
W2992028696,A5035810110,middle
W2992028696,A5065129802,middle
W2992028696,A5040259095,middle
W2992028696,A5091241328,middle
W2992028696,A5022048878,middle
W2992028696,A5089835902,middle
W2992028696,A5043637160,middle
W2992028696,A5008547953,middle
W2992028696,A5088805400,middle
W2992028696,A5088055811,middle
W2992028696,A5008487999,middle
W2992028696,A5031093298,middle
W2992028696,A5022587353,last
W2992036352,A5023876926,first
W2992036352,A5079125727,last
W2992105787,A5083927196,first
W2992329312,A5023349874,first
W2992462206,A5050588703,last
W2992562519,A5011676424,first
W2992562519,A5043505978,middle
W2992562519,A5006728664,last
W2992601033,A5069860663,first
W2992601033,A5066711776,middle
W2992601033,A5060451557,last
W2992683561,A5002526236,middle
W2992683561,A5007866175,middle
W2992683561,A5011154173,middle
W2992744331,A5082652858,first
W2993066998,A5083606443,first
W2993066998,A5074577891,last
W2993127389,A5051565479,middle
W2993127389,A5069094205,middle
W2993127389,A5005255629,last
W2993143476,A5033358395,middle
W2993166915,A5087826626,last
W2993178405,A5054582138,first
W2993803253,A5033690926,first
W2993885596,A5042184902,first
W2993959445,A5053574767,first
W2993959445,A5053574767,middle
W2993959445,A5090084990,middle
W2993959445,A5090084990,last
W2993971935,A5056365651,first
W2994023897,A5028068257,first
W2994100873,A5033422078,first
W2994100873,A5078814310,last
W2994250934,A5091267586,first
W2994355654,A5054870351,middle
W2994552199,A5023370414,first
W2994566983,A5031814143,first
W2994566983,A5021987860,last
W2994594398,A5066037875,first
W2994601755,A5036707627,first
W2994625158,A5014346883,first
W2994641755,A5084200880,first
W2994759110,A5013920359,last
W2994760790,A5036652880,first
W2994760790,A5008474318,middle
W2994760790,A5091716507,middle
W2994760790,A5006966951,middle
W2994760790,A5023638199,middle
W2994760790,A5024074640,middle
W2994760790,A5041689611,last
W2994839657,A5040335377,middle
W2994839657,A5042043235,middle
W2994885073,A5023471512,first
W2994885073,A5021590359,last
W2994891489,A5035320467,first
W2994891489,A5017454448,last
W2994915071,A5025521877,first
W2994972194,A5062556210,first
W2994994068,A5062134781,last
W2995034786,A5081820370,first
W2995125663,A5074147556,first
W2995187365,A5088978088,first
W2995197232,A5081887346,first
W2995199882,A5083631981,first
W2995199882,A5044828038,middle
W2995199882,A5039146377,last
W2995228583,A5046785666,first
W2995239825,A5007001727,first
W2995403220,A5012789057,first
W2995532335,A5029523674,first
W2995532335,A5043810943,middle
W2995532335,A5043982736,last
W2995535331,A5052158324,first
W2995540601,A5045986250,first
W2995693291,A5056106758,first
W2995693291,A5083970373,middle
W2995693291,A5068861203,middle
W2995693291,A5013114291,last
W2995752442,A5073848814,first
W2995818591,A5030307811,first
W2995853385,A5072912321,first
W2995856751,A5065909965,first
W2995859625,A5004713914,first
W2995866896,A5018419184,first
W2995895243,A5047432041,first
W2995908509,A5088948389,first
W2996019440,A5001710080,middle
W2996019440,A5071797359,middle
W2996544312,A5077676059,first
W2996638032,A5018249711,first
W2996638032,A5008913234,last
W2996652048,A5019279529,first
W2996660584,A5071893896,first
W2996687005,A5089698608,first
W2996687005,A5035248850,middle
W2996687005,A5065755044,middle
W2996687005,A5012001578,middle
W2996687005,A5044920253,middle
W2996687005,A5003707776,middle
W2996687005,A5041551573,middle
W2996687005,A5074651887,middle
W2996687005,A5031148668,middle
W2996687005,A5051646378,middle
W2996687005,A5021723551,middle
W2996687005,A5031581691,middle
W2996687005,A5059198581,middle
W2996687005,A5077079297,middle
W2996687005,A5028374852,middle
W2996687005,A5010127090,middle
W2996687005,A5088652478,middle
W2996687005,A5022875527,middle
W2996687005,A5032816815,middle
W2996687005,A5030633441,middle
W2996687005,A5043820475,middle
W2996687005,A5077215467,last
W2996710020,A5054273396,first
W2996710020,A5004667561,middle
W2996710020,A5014548978,middle
W2996710020,A5035154189,middle
W2996710020,A5010538335,middle
W2996710020,A5017982175,middle
W2996710020,A5001437325,last
W2996991351,A5003431636,first
W2996991351,A5020282398,last
W2997149885,A5025718114,first
W2997161328,A5069405056,first
W2997161328,A5070000184,last
W2997162845,A5015577615,first
W2997162845,A5050366255,last
W2997277949,A5025751830,first
W2997277949,A5020095393,middle
W2997288105,A5005496456,first
W2997311803,A5090047790,first
W2997460590,A5020893990,middle
W2997460590,A5005975901,middle
W2997460590,A5089142484,middle
W2997460590,A5024771172,middle
W2997460590,A5036824671,middle
W2997460590,A5087644087,middle
W2997460590,A5003934127,middle
W2997460590,A5058422516,middle
W2997460590,A5040034252,middle
W2997503719,A5006242646,first
W2997503719,A5022621183,last
W2997756058,A5012738272,first
W2997765814,A5033643410,first
W2997765814,A5041430435,last
W2997837904,A5054213023,first
W2997853282,A5039376713,first
W2997854350,A5055636975,first
W2997854350,A5088843638,middle
W2997854350,A5001071353,last
W2997925694,A5030786401,first
W2997983568,A5029144226,last
W2998226289,A5085159074,middle
W2998226289,A5049263279,last
W2998340024,A5045856611,first
W2998366380,A5090539557,first
W2998366380,A5072772215,middle
W2998366380,A5075142320,last
W2998376091,A5059934493,first
W2998398580,A5009251700,first
W2998398580,A5072587426,last
W2998703234,A5075900048,first
W2998736270,A5060626149,first
W2998807484,A5063135670,first
W2998807484,A5058761613,last
W2998932556,A5078892209,first
W2998935466,A5050792570,first
W2998935466,A5013224105,middle
W2998935466,A5036808209,last
W2998991337,A5085534724,first
W2999055470,A5020857042,first
W2999055470,A5067430892,middle
W2999055470,A5023775732,last
W2999073805,A5005268944,first
W2999299772,A5030202599,first
W2999453728,A5059403671,middle
W2999453728,A5067949412,middle
W2999453728,A5041905573,middle
W2999600506,A5014695703,last
W2999755833,A5029780474,middle
W2999755833,A5037592487,middle
W2999755833,A5030736465,middle
W2999755833,A5057683788,middle
W2999755833,A5027772462,middle
W2999755833,A5005807229,middle
W2999755833,A5066875818,middle
W2999755833,A5050370265,middle
W2999755833,A5011529695,middle
W2999755833,A5044185510,middle
W2999755833,A5060997956,middle
W2999755833,A5085174241,middle
W2999755833,A5068355437,middle
W2999755833,A5058079811,middle
W2999755833,A5088647143,middle
W2999755833,A5074379769,middle
W2999755833,A5086757907,middle
W2999755833,A5068882561,middle
W2999755833,A5080589724,middle
W2999755833,A5046561292,middle
W2999755833,A5061121499,middle
W2999755833,A5000941480,middle
W2999755833,A5060257094,middle
W2999755833,A5062502028,middle
W2999755833,A5013229696,middle
W2999755833,A5031128940,middle
W2999755833,A5006613812,middle
W2999755833,A5050204068,middle
W2999755833,A5042215125,middle
W2999755833,A5080525294,middle
W2999755833,A5017244246,middle
W2999755833,A5023111305,middle
W2999755833,A5056681638,middle
W2999755833,A5083861707,middle
W2999755833,A5004088800,middle
W2999755833,A5010342999,middle
W2999755833,A5003552788,middle
W2999755833,A5039192166,middle
W2999755833,A5004389746,middle
W2999755833,A5019172273,middle
W2999755833,A5018419430,middle
W2999755833,A5091702815,middle
W2999755833,A5020425987,middle
W2999755833,A5073056663,middle
W2999755833,A5002185900,middle
W2999755833,A5087452092,middle
W2999755833,A5044744505,middle
W2999755833,A5048597105,middle
W2999755833,A5066597979,middle
W2999755833,A5079619712,middle
W2999755833,A5021714967,middle
W2999755833,A5089243712,middle
W2999755833,A5007902261,middle
W2999755833,A5052211987,middle
W2999755833,A5011355711,middle
W2999755833,A5077189237,middle
W2999755833,A5085438098,middle
W2999776861,A5036863977,first
W2999776861,A5084229298,middle
W2999776861,A5075004674,middle
W2999893679,A5055783862,middle
W2999893679,A5047487369,last
W3000208355,A5090113628,first
W3000228401,A5006288819,last
W3000359884,A5006722413,first
W3000401192,A5040716355,middle
W3000401192,A5084685127,middle
W3000401192,A5084545998,last
W3000461445,A5089293948,first
W3000509038,A5036069559,first
W3000890848,A5084241811,first
W3000890848,A5038540242,middle
W3000890848,A5020015236,last
W3001235209,A5070716653,first
W3001260966,A5045524479,first
W3001376103,A5001289808,first
W3001463320,A5026994657,first
W3001463320,A5073064677,last
W3001543647,A5068403137,first
W3001743299,A5007913119,first
W3001842286,A5016652475,first
W3001877839,A5020838849,last
W3002006891,A5011801898,last
W3002029682,A5048153492,middle
W3002067850,A5027479811,first
W3002067850,A5074588398,last
W3002220929,A5006144581,first
W3002220929,A5070102204,middle
W3002220929,A5033880574,last
W3002619860,A5031755501,first
W3002689610,A5013337584,first
W3002814483,A5036290844,first
W3002993220,A5012459188,first
W3002993220,A5054647648,middle
W3003029962,A5029523674,first
W3003029962,A5010345888,middle
W3003029962,A5019386914,last
W3003060726,A5055762226,first
W3003060726,A5020494867,middle
W3003374346,A5058807010,first
W3003425049,A5083723699,first
W3003503363,A5010806813,first
W3003603116,A5083801543,first
W3003603116,A5014097649,last
W3003720507,A5025281874,first
W3003720507,A5010646067,middle
W3003720507,A5033807547,middle
W3003885330,A5074553479,first
W3003902012,A5080714926,first
W3003908385,A5078987894,first
W3003908385,A5041306893,last
W3004017423,A5047517734,first
W3004017423,A5024556694,middle
W3004017423,A5033625848,last
W3004076545,A5026168075,middle
W3004076545,A5015940205,last
W3004105366,A5004466244,first
W3004447105,A5011097315,last
W3004605933,A5069735967,first
W3004683866,A5021793804,middle
W3004693273,A5071103392,first
W3004800887,A5041089064,first
W3004909825,A5078746710,first
W3005018981,A5081270118,first
W3005018981,A5052450623,middle
W3005261547,A5054421093,first
W3005536827,A5091909895,first
W3005570721,A5057943401,first
W3005570721,A5022609544,last
W3005599956,A5011481879,first
W3005675390,A5083257472,first
W3005769928,A5046406542,first
W3005769928,A5082196220,last
W3005794703,A5056526799,first
W3005803117,A5046471257,first
W3005803117,A5028055243,middle
W3005803117,A5012192471,last
W3006309165,A5029952112,middle
W3006309165,A5015290076,middle
W3006480324,A5047206951,middle
W3006724787,A5006930854,first
W3006778715,A5066093138,last
W3007101257,A5009588248,first
W3007104308,A5066144443,first
W3007104308,A5089068488,last
W3007129993,A5069288055,first
W3007156200,A5000115370,first
W3007187668,A5081755462,first
W3007547740,A5005329047,middle
W3007565770,A5082496695,first
W3007565770,A5088267845,middle
W3007589027,A5041497068,first
W3007589027,A5090882219,middle
W3007589027,A5060837952,last
W3007638599,A5008514706,last
W3007747659,A5064337936,middle
W3007809541,A5000790357,first
W3007838937,A5081391199,first
W3007973947,A5049142331,first
W3008016590,A5060062349,first
W3008081870,A5072477885,first
W3008432124,A5059907665,first
W3008522010,A5011118965,last
W3008703269,A5024434607,first
W3008782962,A5002185975,first
W3008789790,A5026637163,first
W3008825378,A5034470307,middle
W3008875164,A5042811802,first
W3008939849,A5005391708,first
W3008939849,A5070470875,last
W3009290213,A5018905219,first
W3009654171,A5019902679,first
W3009872233,A5019938471,first
W3010165226,A5085354389,first
W3010165226,A5084809478,middle
W3010165226,A5047829787,middle
W3010165226,A5023890658,middle
W3010165226,A5032811876,middle
W3010165226,A5011142830,middle
W3010165226,A5053315898,middle
W3010165226,A5017783286,last
W3010470474,A5016325724,first
W3010482254,A5077303264,first
W3010491731,A5084568936,last
W3011182590,A5008035014,first
W3011851535,A5073180350,first
W3011999814,A5036234468,middle
W3012083100,A5017245207,first
W3012083100,A5052268272,middle
W3012083100,A5086896526,last
W3012101202,A5038224687,first
W3012101202,A5026277998,middle
W3012101202,A5043741557,middle
W3012101202,A5066406055,middle
W3012101202,A5037095426,last
W3012416344,A5024555154,first
W3012467318,A5076902388,first
W3013043358,A5039170332,first
W3013139995,A5033175709,middle
W3013139995,A5039838085,middle
W3013139995,A5014761588,middle
W3013139995,A5067993288,last
W3013687638,A5005053622,first
W3013687638,A5087421133,middle
W3013687638,A5061796010,middle
W3013687638,A5062942647,middle
W3013687638,A5062718839,middle
W3013687638,A5001567075,middle
W3013687638,A5067968369,middle
W3013687638,A5056577197,last
W3014043261,A5009556861,first
W3014210904,A5086449107,first
W3014296051,A5027493272,first
W3014599136,A5018501943,first
W3014782091,A5014849100,first
W3014916120,A5088552753,first
W3014916120,A5036208626,middle
W3014916120,A5044388139,last
W3015362371,A5052903032,last
W3015514712,A5050787872,first
W3015994725,A5069704629,first
W3016218829,A5005728644,last
W3016422195,A5031836934,last
W3016738563,A5034621834,first
W3016738563,A5050410171,middle
W3016738563,A5059013717,last
W3017475027,A5011824780,last
W3018696066,A5011466629,last
W3019551417,A5010353102,first
W3020720372,A5060697521,first
W3021060374,A5080963527,first
W3021060374,A5010705908,middle
W3021060374,A5023638199,middle
W3021060374,A5034930946,last
W3021294767,A5043919626,first
W3021455409,A5002078651,middle
W3021792117,A5083330935,first
W3021873337,A5083125799,first
W3021873337,A5068081385,middle
W3021873337,A5001153552,middle
W3021873337,A5046882659,last
W3022076177,A5000761707,first
W3022076177,A5017445294,last
W3022140264,A5079270098,first
W3022140264,A5034311673,middle
W3022434778,A5016399094,first
W3022434778,A5057742263,middle
W3022434778,A5037577175,middle
W3022434778,A5054023833,middle
W3022434778,A5013000993,middle
W3022434778,A5047405956,middle
W3022434778,A5083420537,middle
W3022434778,A5028235866,last
W3022553445,A5006548981,first
W3022553445,A5013230954,middle
W3022553445,A5077895764,last
W3022629879,A5018471212,last
W3022635942,A5065295003,first
W3023145497,A5020662429,first
W3023181971,A5041246626,first
W3023181971,A5000651584,middle
W3023181971,A5035260916,middle
W3023345778,A5016400353,first
W3023376933,A5056867259,first
W3023376933,A5044527134,last
W3023650372,A5071191321,first
W3023650372,A5035171392,middle
W3023650372,A5040067645,middle
W3023650372,A5039831949,middle
W3023650372,A5020563993,middle
W3023650372,A5021090586,middle
W3023650372,A5016657852,last
W3024028111,A5088272059,first
W3024415416,A5074294747,first
W3025120420,A5070278470,last
W3026054481,A5070407294,first
W3026141343,A5039644615,first
W3026240597,A5013815726,middle
W3027150921,A5060840397,first
W3027150921,A5013230909,middle
W3027150921,A5083575300,last
W3027382711,A5065353669,last
W3028282841,A5068938836,first
W3028282841,A5070252862,middle
W3028282841,A5005072600,middle
W3028282841,A5070453482,last
W3028494699,A5014610602,first
W3029808458,A5047402732,middle
W3029808458,A5016305525,middle
W3029808458,A5048380651,middle
W3029808458,A5070187045,middle
W3029808458,A5070691337,middle
W3029808458,A5001429765,last
W3030365084,A5017430628,first
W3030365084,A5020132853,middle
W3030365084,A5086937636,middle
W3030365084,A5019101903,last
W3031139901,A5020192483,first
W3032675073,A5053225136,first
W3032675073,A5031964906,middle
W3032675073,A5014478452,middle
W3032675073,A5052111624,middle
W3032675073,A5019358769,middle
W3032675073,A5021255849,last
W3033457710,A5003885963,first
W3033716059,A5003037560,middle
W3033716059,A5091766067,middle
W3033716059,A5025773259,middle
W3033716059,A5032045429,middle
W3033716059,A5053487890,last
W3034224180,A5020299748,first
W3034224180,A5047781401,last
W3035110018,A5009484350,first
W3037255853,A5051178626,first
W3037464162,A5004840015,first
W3037464162,A5054723955,last
W3038329849,A5002572745,first
W3038329849,A5034689606,middle
W3038329849,A5068728111,last
W3040545425,A5042364626,first
W3040932812,A5001047743,first
W3040932812,A5000104272,middle
W3040932812,A5075449032,last
W3040974435,A5025286783,first
W3040974435,A5015332851,middle
W3040974435,A5022137808,last
W3041698622,A5030499889,first
W3042261579,A5072420283,first
W3042261579,A5031305137,middle
W3042261579,A5000014798,last
W3042511342,A5055108480,first
W3042866148,A5076224482,first
W3043632052,A5016898838,first
W3043877104,A5063828713,first
W3044179728,A5006666660,first
W3045277568,A5046795668,first
W3046592118,A5015615281,first
W3047088450,A5010591329,first
W3047347766,A5051683067,last
W3047564984,A5049879108,middle
W3048059012,A5052151922,first
W3048792184,A5061973703,first
W3048966660,A5019930454,last
W3049339855,A5083159673,last
W3049396430,A5090718285,first
W3049711320,A5008701130,first
W3080608884,A5026361980,first
W3080608884,A5045410589,last
W3080712664,A5050873305,first
W3082338405,A5055523051,first
W3082338405,A5088436673,middle
W3082338405,A5039802638,middle
W3082338405,A5039091511,middle
W3082666217,A5051508511,first
W3082666217,A5080181390,middle
W3082666217,A5076508187,middle
W3082666217,A5041332968,middle
W3082666217,A5069466172,middle
W3082666217,A5060902414,middle
W3082666217,A5014873867,middle
W3082666217,A5009915982,last
W3083397269,A5081516210,first
W3084085050,A5021333255,first
W3084085050,A5042699267,last
W3084742609,A5052066899,first
W3085139013,A5023928504,first
W3085929177,A5082294349,first
W3085929177,A5027496192,last
W3088496820,A5077205828,first
W3088759262,A5008497112,first
W3089011252,A5001128803,last
W3089781837,A5014692515,first
W3090159253,A5040046265,first
W3090159253,A5084143622,last
W3090250296,A5010444375,first
W3090289946,A5084919715,first
W3090649016,A5024324589,last
W3091626708,A5085574733,first
W3091626708,A5019300587,middle
W3091626708,A5020840486,last
W3091731698,A5033064194,middle
W3091731698,A5068318026,last
W3092990691,A5009930587,middle
W3092990691,A5006813623,last
W3093378343,A5051718552,first
W3094272710,A5087220015,first
W3096489547,A5086345627,first
W3096489547,A5070022559,middle
W3096489547,A5031609548,last
W3097307943,A5026874614,first
W3097307943,A5066391682,middle
W3097382684,A5028034113,first
W3097647543,A5032404816,first
W3097647543,A5084233941,last
W3098115226,A5031857386,first
W3098115226,A5052813599,middle
W3098115226,A5059150661,middle
W3098115226,A5054888563,middle
W3098115226,A5043864804,middle
W3098115226,A5074722232,middle
W3098115226,A5032211480,middle
W3098115226,A5080624394,middle
W3098115226,A5039697780,last
W3100352837,A5058018605,middle
W3100352837,A5020436464,middle
W3100905882,A5080035034,middle
W3100905882,A5067234669,middle
W3100905882,A5051279651,middle
W3101358846,A5018245242,first
W3101358846,A5081038544,middle
W3101358846,A5078413286,middle
W3102300702,A5000327658,last
W3106757922,A5023858915,middle
W3106757922,A5019341781,middle
W3106757922,A5014058475,last
W3108122912,A5010847831,first
W3108338927,A5001350147,first
W3108801297,A5086742517,first
W3109049450,A5054133149,first
W3109049450,A5062360079,middle
W3109049450,A5073757790,middle
W3109049450,A5006634714,middle
W3109049450,A5059834579,middle
W3109049450,A5071887176,middle
W3109049450,A5050129780,last
W3109481594,A5088866807,middle
W3109553017,A5046147736,first
W3110418572,A5079508608,first
W3111154072,A5045616699,first
W3111154072,A5045162983,middle
W3111154072,A5073685161,last
W3111240970,A5090778317,first
W3111362504,A5041209874,first
W3111362504,A5065642714,middle
W3111362504,A5005717600,last
W3111563145,A5060672826,first
W3111563145,A5042645346,middle
W3111563145,A5029146133,middle
W3111563145,A5020710752,middle
W3111563145,A5037613252,last
W3111692509,A5057105042,first
W3111743892,A5066377493,first
W3112901072,A5049185343,first
W3113053959,A5019022339,first
W3113236902,A5054156836,first
W3113546982,A5059474339,first
W3114077074,A5054534288,first
W3114443460,A5081822197,first
W3114785137,A5035581056,first
W3114785137,A5062589034,last
W3116484663,A5087459996,first
W3118079393,A5012603045,first
W3118109703,A5056961214,first
W3118219522,A5056900058,middle
W3118219522,A5024050371,middle
W3118219522,A5056637501,middle
W3118846035,A5038578418,first
W3119155143,A5070333614,first
W3119155143,A5066484485,middle
W3120497067,A5080519081,first
W3120497067,A5014208159,middle
W3120497067,A5037046159,middle
W3120497067,A5030470998,middle
W3120497067,A5058883941,last
W3120953819,A5057217745,first
W3120953819,A5044687404,last
W3121575958,A5051890098,first
W3121575958,A5016492145,middle
W3121575958,A5015665829,last
W3122118880,A5013462901,first
W3122500689,A5044484291,last
W3122575517,A5048549674,first
W3122575517,A5080698957,last
W3123542231,A5007372393,first
W3123542231,A5057217338,last
W3124503253,A5051527233,first
W3124955912,A5037817653,first
W3124955912,A5043308279,last
W3126150378,A5010487736,first
W3126150378,A5048320747,middle
W3126150378,A5021571282,middle
W3126150378,A5040437691,last
W3126209799,A5074612596,first
W3126256834,A5005007359,first
W3126358335,A5036265658,first
W3126358335,A5016167985,last
W3126619918,A5091502353,first
W3126733514,A5081943085,first
W3126894080,A5078361858,middle
W3127202349,A5042519872,first
W3127327526,A5006835785,first
W3127478397,A5000365826,last
W3128023585,A5054610697,first
W3128023585,A5038151239,last
W3128136395,A5062021845,first
W3128865343,A5018945428,first
W3128906940,A5014590756,first
W3129075225,A5051747364,last
W3129516621,A5073619802,last
W3129616388,A5050936518,first
W3129616388,A5074293291,middle
W3129616388,A5068316894,last
W3129623279,A5070521308,first
W3129623279,A5053483603,middle
W3130031651,A5083574925,first
W3130031651,A5026341306,middle
W3130886438,A5006642219,first
W3131336792,A5081250646,first
W3131336792,A5044970397,last
W3131445937,A5007234161,first
W3131882238,A5084831906,first
W3132090160,A5061561391,first
W3132090160,A5033376903,last
W3132170678,A5021832071,last
W3132218102,A5083229284,middle
W3132218102,A5047305346,last
W3132622530,A5078467081,first
W3132622530,A5072826311,middle
W3132622530,A5050431536,middle
W3132622530,A5082126917,last
W3132702837,A5042799498,first
W3132702837,A5085887256,middle
W3132702837,A5049721976,last
W3132782330,A5054165513,first
W3132782330,A5030225388,last
W3133492209,A5074447861,first
W3133818619,A5091695994,first
W3134204537,A5082364638,first
W3134651981,A5085132639,first
W3134699827,A5017703480,first
W3134699827,A5039302980,last
W3135072372,A5003050958,middle
W3135139614,A5016336989,first
W3135218868,A5088018133,first
W3135737023,A5000377443,first
W3135737023,A5013042062,last
W3136370955,A5090207401,first
W3136370955,A5022255387,middle
W3136370955,A5045051599,middle
W3136370955,A5060432914,last
W3137844184,A5004627713,first
W3137991923,A5085579019,first
W3138797623,A5068923033,first
W3138797623,A5056734481,middle
W3138797623,A5077937900,last
W3141759533,A5041246989,first
W3141759533,A5082850759,middle
W3141759533,A5066411558,last
W3143068850,A5057483408,middle
W3144241301,A5052265511,first
W3144241301,A5087645633,last
W3148015298,A5079646864,middle
W3148934275,A5091140893,first
W3148934275,A5069455606,middle
W3151950008,A5087026860,last
W3153368654,A5048863926,first
W3153737589,A5082067507,first
W3154032369,A5054509736,first
W3154032369,A5066881801,last
W3155887251,A5059176055,first
W3156380686,A5067037895,first
W3157065898,A5080650629,first
W3157070275,A5011940674,first
W3157106837,A5005600427,first
W3157161323,A5031947253,first
W3157198785,A5067868523,first
W3157746363,A5047941947,first
W3158232060,A5067843785,first
W3158445764,A5028525233,first
W3158587785,A5029805698,first
W3158671915,A5030906710,first
W3158731205,A5079728013,first
W3158806063,A5022171587,first
W3158930516,A5078028257,first
W3158934970,A5056745672,first
W3159053543,A5055873845,middle
W3159053543,A5078292131,middle
W3159053543,A5087505954,middle
W3159053543,A5083042132,middle
W3159123385,A5070333614,first
W3159123385,A5066484485,middle
W3159211540,A5071994219,first
W3159386535,A5004479027,first
W3159444853,A5077692861,first
W3159444853,A5030627586,middle
W3159444853,A5077261983,middle
W3159444853,A5028494999,middle
W3159444853,A5070838122,last
W3159455846,A5029536513,first
W3159537957,A5091178677,first
W3159862422,A5036532788,first
W3159868951,A5053604081,last
W3159871346,A5067072208,first
W3160357003,A5078116177,first
W3160357003,A5028333384,middle
W3160357003,A5051290514,middle
W3160357003,A5039560880,middle
W3160357003,A5054554948,middle
W3160357003,A5074330754,middle
W3160357003,A5075925914,middle
W3160357003,A5019740733,middle
W3160357003,A5034480261,middle
W3160357003,A5053470789,last
W3160406426,A5048313674,first
W3160947784,A5016049438,first
W3162229535,A5059986904,first
W3162598307,A5031539369,first
W3163230819,A5041399642,first
W3163616883,A5038699091,first
W3163616883,A5026816299,middle
W3163616883,A5045770650,middle
W3163616883,A5015940608,middle
W3163616883,A5043498688,last
W3164246018,A5088891827,first
W3164246018,A5088891827,last
W3164467740,A5007176508,last
W3164597219,A5005197120,first
W3164781493,A5005778190,first
W3164982399,A5017776348,middle
W3165351184,A5086909487,first
W3165517524,A5015786030,first
W3166638556,A5067118505,last
W3166855687,A5002025809,first
W3167152520,A5037816423,last
W3167516354,A5074121597,first
W3167516354,A5038304394,middle
W3167516354,A5074121597,middle
W3167516354,A5073410049,last
W3168088420,A5013685178,middle
W3168361094,A5009622679,first
W3169255470,A5073550054,middle
W3169255470,A5047865082,last
W3169870985,A5056835399,first
W3171413082,A5074454480,first
W3171413082,A5030391747,middle
W3171413082,A5046814585,last
W3171491418,A5051279651,first
W3171491418,A5029218215,middle
W3171491418,A5081010934,middle
W3171491418,A5067234669,middle
W3171716547,A5035262752,first
W3171835350,A5015772076,middle
W3171835350,A5014821487,middle
W3171835350,A5009308031,middle
W3171835350,A5032994993,last
W3173685191,A5035731144,first
W3173685191,A5025012438,middle
W3173685191,A5000004709,middle
W3173685191,A5060200216,last
W3173770642,A5079117540,first
W3174236153,A5067236552,first
W3174753626,A5005305109,first
W3175044759,A5024916267,last
W3175062578,A5001227222,first
W3175241434,A5015728080,middle
W3175241434,A5031160050,middle
W3175241434,A5020834836,middle
W3175241434,A5029022777,middle
W3175241434,A5052946333,middle
W3175241434,A5089927838,middle
W3175241434,A5004877240,last
W3175927121,A5032018050,first
W3176433329,A5061221108,first
W3178393262,A5016899033,first
W3182349108,A5052570136,first
W3184062273,A5008709913,first
W3184062273,A5088327390,middle
W3184062273,A5021848848,middle
W3184062273,A5034256022,middle
W3184726984,A5059778895,first
W3184752451,A5087417088,first
W3185360291,A5038535451,first
W3185434412,A5056975635,first
W3185434412,A5090855504,last
W3185728277,A5043481057,first
W3186536959,A5090746453,first
W3186973033,A5075454529,first
W3186973033,A5038999176,last
W3187520544,A5059882053,first
W3187520544,A5022301074,middle
W3188822820,A5046852447,first
W3188822820,A5065418517,middle
W3188822820,A5065755537,last
W3189600412,A5079642748,last
W3189925766,A5038421917,middle
W3189925766,A5069736258,last
W3190263783,A5065059558,first
W3190263783,A5073916921,middle
W3190263783,A5024508073,middle
W3190263783,A5057476577,middle
W3190263783,A5049085989,middle
W3190263783,A5027171279,last
W3190725915,A5006551468,first
W3190921680,A5058717123,first
W3190953542,A5065265823,first
W3190953542,A5040100735,last
W3191372808,A5009270487,first
W3191372808,A5016653929,last
W3191382312,A5088395557,first
W3191382312,A5085364670,last
W3191391055,A5067679577,first
W3191391055,A5041761117,middle
W3191391055,A5030015344,middle
W3191391055,A5083128670,last
W3191525794,A5051896955,first
W3191525794,A5019416858,last
W3191550492,A5021872235,first
W3191991244,A5052618352,first
W3191991244,A5069905512,last
W3192084590,A5079659938,middle
W3192084590,A5029998682,middle
W3192084590,A5016486553,middle
W3192084590,A5023506057,middle
W3192084590,A5036896343,last
W3192188783,A5020228958,first
W3192188783,A5037828301,middle
W3192188783,A5039863738,last
W3192543609,A5037588477,first
W3192543609,A5080806360,last
W3192635669,A5029638799,first
W3192635669,A5055397718,last
W3192770928,A5058861287,first
W3192770928,A5013544266,last
W3193031445,A5090007845,last
W3193052538,A5054234902,middle
W3193052538,A5085740219,middle
W3193052538,A5046955009,middle
W3193052538,A5077080413,middle
W3193052538,A5049101411,middle
W3193052538,A5039608149,middle
W3193052538,A5001104721,middle
W3193052538,A5004716468,middle
W3193052538,A5091168966,middle
W3193052538,A5018120191,middle
W3193052538,A5070593262,middle
W3193052538,A5056226189,middle
W3193052538,A5023725893,last
W3193175143,A5067679577,first
W3193175143,A5041761117,middle
W3193175143,A5030015344,middle
W3193175143,A5083128670,last
W3194031427,A5022106172,first
W3194153069,A5011240207,last
W3194436847,A5055832559,first
W3194509703,A5005845405,first
W3196017404,A5056739333,first
W3196588764,A5061189681,first
W3196588764,A5013582293,middle
W3196588764,A5033437570,last
W3197036680,A5076063244,first
W3198551177,A5045891559,first
W3199880395,A5053277469,last
W3199895795,A5088634271,first
W3200498805,A5083696527,first
W3200665864,A5060037149,last
W3202460751,A5064483045,first
W3202460751,A5081408743,middle
W3202460751,A5009407454,middle
W3202460751,A5042731205,middle
W3202460751,A5004088697,middle
W3202460751,A5010389927,middle
W3202460751,A5051117670,middle
W3202460751,A5072306206,middle
W3202460751,A5046966925,middle
W3202460751,A5005405897,middle
W3202460751,A5078739981,last
W3202702543,A5013231828,first
W3203630366,A5069795198,first
W3204075163,A5033092581,first
W3205716849,A5032689840,first
W3206613209,A5055260322,middle
W3206654018,A5012699238,last
W3207227733,A5060615756,first
W3207227733,A5088934492,last
W3208636659,A5044567059,middle
W3209824601,A5031854739,first
W3210406898,A5038616117,first
W3210490793,A5065665796,first
W3210490793,A5079472796,last
W3210522677,A5043018667,first
W3210890849,A5032823944,first
W3212693445,A5055416007,first
W3212693445,A5049025674,middle
W3212693445,A5091720513,middle
W3212693445,A5026635176,last
W3213466179,A5002140886,first
W3214135718,A5074847953,first
W3214389058,A5083018498,first
W3214389058,A5062423030,last
W3214767936,A5048165304,first
W3214767936,A5063538858,middle
W3214767936,A5090316964,middle
W3214767936,A5023160093,middle
W3214767936,A5047113573,last
W3214958234,A5002215730,middle
W3215046095,A5029215958,middle
W3215086582,A5034956398,first
W3215086582,A5090768901,last
W3216261640,A5054271157,first
W3216355934,A5071063933,first
W3216355934,A5015196407,last
W3216502440,A5018148669,middle
W3216502440,A5045719804,middle
W3216502440,A5030699007,last
W3216562186,A5013074027,middle
W3216913903,A5004949022,first
W3216913903,A5073655843,last
W3217028885,A5082301986,middle
W3217135730,A5080168999,first
W3217135730,A5069886923,middle
W3217135730,A5033151214,last
W3217209395,A5065405793,last
W3217542910,A5006256668,first
W3217542910,A5010194242,middle
W3217542910,A5017159721,middle
W3217542910,A5051355825,last
W354824570,A5046283740,first
W362726242,A5014433684,middle
W362726242,A5049846565,last
W417108722,A5006825413,first
W4200316327,A5026767648,first
W4200316327,A5014875283,middle
W4200316327,A5024770025,last
W4206869254,A5038699091,first
W4206869254,A5026816299,middle
W4206869254,A5045770650,middle
W4206869254,A5015940608,middle
W4206869254,A5043498688,last
W4206883484,A5053469140,first
W4211167483,A5006454902,first
W4212960298,A5046785666,first
W4213084234,A5074899254,last
W4213212856,A5062518489,first
W4214707903,A5035086666,first
W4214707903,A5018486397,last
W4229799131,A5063828713,first
W4229913579,A5026103260,first
W4230499103,A5021566328,first
W4230796742,A5077570468,last
W4231274582,A5048075490,first
W4231274582,A5052898223,middle
W4231274582,A5037219548,middle
W4231274582,A5066709254,middle
W4231274582,A5040499361,last
W4231529066,A5031454194,first
W4231529066,A5045795555,last
W4231711389,A5056569092,last
W4231864347,A5008218695,middle
W4231864347,A5005003129,middle
W4232173676,A5061282430,first
W4232251907,A5020920051,first
W4232251907,A5058816832,last
W4232264761,A5010847404,first
W4232716871,A5029231792,first
W4233056423,A5064460494,first
W4233761662,A5058142269,first
W4234268021,A5016574855,first
W4234268021,A5048075490,middle
W4234268021,A5037219548,middle
W4234268021,A5066709254,middle
W4234268021,A5040720506,last
W4234386194,A5050386176,last
W4235456048,A5087532463,first
W4235559541,A5072514168,first
W4235559541,A5040045740,middle
W4235559541,A5034723351,middle
W4235877565,A5031686114,first
W4235877565,A5007042240,last
W4235977480,A5091494945,first
W4235977480,A5038181926,middle
W4236271133,A5028016065,first
W4236271133,A5031492664,middle
W4236271133,A5036029722,middle
W4236271133,A5050406382,middle
W4236271133,A5076464455,last
W4236393178,A5032418457,first
W4236393178,A5029305480,middle
W4236393178,A5071176843,last
W4237106130,A5003044729,first
W4237106130,A5035908989,middle
W4237106130,A5048193471,middle
W4237912768,A5076927567,first
W4237944474,A5067201843,first
W4238082474,A5038390659,first
W4238262908,A5004299578,first
W4238262908,A5046408365,middle
W4238262908,A5080036358,middle
W4238262908,A5020700841,last
W4238362596,A5031686114,first
W4238362596,A5007042240,last
W4238632306,A5090251402,first
W4238880066,A5031686114,first
W4238880066,A5007042240,last
W4239522559,A5081270118,first
W4239522559,A5052450623,middle
W4239654294,A5074061429,first
W4239683817,A5009447334,middle
W4239683817,A5059608759,last
W4239684052,A5054136412,middle
W4240247234,A5021770255,first
W4240247234,A5039378680,last
W4240687534,A5060965727,first
W4241230714,A5023349874,first
W4241260527,A5071893896,first
W4241450721,A5003035425,first
W4241569072,A5031686114,first
W4241569072,A5007042240,last
W4242414917,A5048651226,first
W4242586112,A5031686114,first
W4242586112,A5007042240,last
W4242932611,A5049871271,first
W4243285692,A5052698941,first
W4244279157,A5031686114,first
W4244279157,A5007042240,last
W4244463088,A5003706724,first
W4244659330,A5007901564,last
W4244688484,A5031686114,first
W4244688484,A5007042240,last
W4244747329,A5019321894,first
W4244770397,A5049871271,first
W4245620930,A5018887199,first
W4245620930,A5021491998,middle
W4245620930,A5089070377,middle
W4245620930,A5016944686,middle
W4245620930,A5031672975,middle
W4245620930,A5040777773,last
W4245701053,A5031686114,first
W4245701053,A5007042240,last
W4246629745,A5007143577,first
W4246791563,A5047868434,first
W4247397943,A5090395044,middle
W4247859305,A5031686114,first
W4247859305,A5007042240,last
W4248138338,A5001369620,first
W4248138338,A5010536779,middle
W4248496240,A5024239321,first
W4248496240,A5084310114,last
W4248845123,A5060942576,first
W4248845123,A5053981414,last
W4248866519,A5018865174,first
W4248963071,A5031686114,first
W4248963071,A5007042240,last
W4249124820,A5010638556,first
W4249245815,A5090348937,first
W4249297988,A5050344265,first
W4249491805,A5026948346,first
W4249967854,A5021807029,middle
W4249967854,A5034611979,middle
W4249967854,A5011613534,middle
W4250050802,A5031686114,first
W4250050802,A5007042240,last
W4250076466,A5013488024,first
W4250319122,A5067737343,first
W4251211977,A5053508579,first
W4251211977,A5012221320,last
W4251250441,A5026013696,first
W4251340731,A5033697308,first
W4251395348,A5048543932,first
W4251917601,A5018865174,first
W4252809778,A5045383162,first
W4252809778,A5061764240,middle
W4252809778,A5030794947,last
W4253292154,A5054710928,last
W4253358381,A5002301499,first
W4253486412,A5087675371,first
W4253486412,A5069319868,middle
W4253486412,A5039318171,last
W4253487032,A5061055780,first
W4254015011,A5071772272,first
W4254352144,A5070245697,first
W4254631646,A5036557942,first
W4254949358,A5031313030,first
W4256074058,A5031686114,first
W4256074058,A5007042240,last
W4256255616,A5088205575,first
W4256585809,A5064562081,first
W4256585809,A5004218907,middle
W4256585809,A5012309808,middle
W4286749295,A5058024914,middle
W4286749295,A5088622767,last
W4286824887,A5030425236,first
W4287977275,A5061257179,middle
W4287995278,A5004191261,first
W4287995278,A5029445830,middle
W4287995278,A5075313163,middle
W4287995278,A5060190356,middle
W4287995278,A5053947754,last
W4287998092,A5060385239,last
W4288004710,A5038441280,first
W4288087134,A5091166133,first
W4288090989,A5074847953,first
W4288098628,A5074731089,middle
W4288098628,A5079605311,middle
W4288098628,A5041243287,middle
W4288098628,A5037987949,middle
W4288103303,A5066680347,first
W4288103303,A5013266148,middle
W4288103303,A5061469691,middle
W4288103303,A5005866826,last
W4288247931,A5047402732,middle
W4288247931,A5016305525,middle
W4288247931,A5048380651,middle
W4288247931,A5070187045,middle
W4288247931,A5070691337,middle
W4288247931,A5001429765,last
W4288267956,A5074273491,first
W4288297513,A5046253476,first
W4288324060,A5029087825,first
W4288336945,A5080465910,first
W4288378968,A5060082596,first
W4288378968,A5080577288,middle
W4288378968,A5054239976,last
W4288381114,A5038699091,first
W4288381114,A5026816299,middle
W4288381114,A5045770650,middle
W4288381114,A5015940608,middle
W4288400314,A5038699091,first
W4288400314,A5026816299,middle
W4288400314,A5045770650,middle
W4288400314,A5015940608,middle
W4288562475,A5080624394,first
W4288562475,A5007781745,middle
W4288562475,A5036483175,last
W4288622734,A5055535839,first
W4288632285,A5065494815,first
W4288632596,A5058177812,first
W4288643249,A5002185269,first
W4288657906,A5005053622,first
W4288657906,A5087421133,middle
W4288657906,A5061796010,middle
W4288657906,A5072229035,middle
W4288657906,A5062718839,middle
W4288657906,A5001567075,middle
W4288657906,A5067968369,middle
W4288657906,A5056577197,last
W4288911803,A5044538157,first
W4288911803,A5000497583,last
W4288933093,A5005053622,first
W4288933093,A5087421133,middle
W4288933093,A5061796010,middle
W4288933093,A5072229035,middle
W4288933093,A5062718839,middle
W4288933093,A5001567075,middle
W4288933093,A5067968369,middle
W4288933093,A5056577197,last
W4288945052,A5005053622,first
W4288945052,A5087421133,middle
W4288945052,A5061796010,middle
W4288945052,A5072229035,middle
W4288945052,A5062718839,middle
W4288945052,A5001567075,middle
W4288945052,A5067968369,middle
W4288945052,A5056577197,last
W4288953836,A5005053622,first
W4288953836,A5087421133,middle
W4288953836,A5061796010,middle
W4288953836,A5072229035,middle
W4288953836,A5062718839,middle
W4288953836,A5001567075,middle
W4288953836,A5067968369,middle
W4288953836,A5056577197,last
W4288965171,A5005053622,first
W4288965171,A5087421133,middle
W4288965171,A5061796010,middle
W4288965171,A5072229035,middle
W4288965171,A5062718839,middle
W4288965171,A5001567075,middle
W4288965171,A5067968369,middle
W4288965171,A5056577197,last
W4288965535,A5005053622,first
W4288965535,A5087421133,middle
W4288965535,A5061796010,middle
W4288965535,A5072229035,middle
W4288965535,A5062718839,middle
W4288965535,A5001567075,middle
W4288965535,A5067968369,middle
W4288965535,A5056577197,last
W4289023204,A5021649700,first
W4289023204,A5053988311,last
W4289025142,A5081090445,last
W4289025290,A5026515643,middle
W4289025290,A5024774718,last
W4289030415,A5059403671,middle
W4289030415,A5067949412,middle
W4289030415,A5041905573,middle
W4289030736,A5024556694,first
W4289030736,A5010058559,middle
W4289030736,A5009378471,middle
W4289030736,A5067758248,last
W4289032015,A5012135966,first
W4289032015,A5055172844,last
W4289035651,A5060333745,last
W4289038762,A5006652905,first
W4289038762,A5074887428,middle
W4289038762,A5044222038,last
W4289038798,A5038228433,first
W4289038798,A5058862285,middle
W4289038798,A5037779332,middle
W4289038798,A5023291208,middle
W4289038798,A5038235574,middle
W4289038798,A5001774692,last
W4289039139,A5081591999,first
W4289046085,A5051508511,first
W4289046085,A5080181390,middle
W4289046085,A5076508187,middle
W4289046085,A5041332968,middle
W4289046085,A5069466172,middle
W4289046085,A5060902414,middle
W4289046085,A5014873867,middle
W4289046085,A5009915982,last
W4289046622,A5067423102,last
W4290765139,A5061470462,middle
W4290765139,A5026919456,middle
W4293161832,A5077232157,first
W4293161832,A5003126186,middle
W4293161832,A5045565571,last
W4293262846,A5049583553,first
W4293262846,A5029479248,middle
W4293262846,A5051531853,last
W4299682829,A5003469648,first
W4299682829,A5076204770,middle
W4302241289,A5078404504,first
W4302241289,A5007123290,last
W4308859573,A5029695974,middle
W4308859573,A5088547945,middle
W4308859573,A5028225869,last
W4309238487,A5074731089,middle
W4309238487,A5079605311,middle
W4309238487,A5041243287,middle
W4309238487,A5037987949,middle
W4310806381,A5051508511,first
W4310806381,A5080181390,middle
W4310806381,A5076508187,middle
W4310806381,A5041332968,middle
W4310806381,A5069466172,middle
W4310806381,A5060902414,middle
W4310806381,A5014873867,middle
W4310806381,A5009915982,last
W4313373007,A5047749008,first
W4318051045,A5020377758,first
W4321594803,A5053890837,first
W4321594803,A5015034523,middle
W4324016076,A5051508511,first
W4324016076,A5080181390,middle
W4324016076,A5076508187,middle
W4324016076,A5041332968,middle
W4324016076,A5069466172,middle
W4324016076,A5060902414,middle
W4324016076,A5014873867,middle
W4324016076,A5009915982,last
W4353028760,A5080624394,first
W4353028760,A5007781745,middle
W4353028760,A5036483175,last
W4365460993,A5033813017,first
W4365460993,A5080181390,middle
W4365460993,A5076508187,middle
W4365460993,A5041332968,middle
W4365460993,A5069466172,middle
W4365460993,A5060902414,middle
W4365460993,A5014873867,middle
W4365460993,A5009915982,last
W4365809131,A5082467200,first
W4366761881,A5049397370,first
W4366761881,A5055710770,last
W4372060296,A5082870599,first
W569752299,A5038322900,first
W587017554,A5035410971,last
W600492028,A5055342162,first
W602800571,A5085929233,first
W623737404,A5024184784,first
W623737404,A5024840328,last
W630153027,A5075748364,first
W650473875,A5028250365,first
W659496008,A5075614118,first
W864079609,A5051375994,last
W99731402,A5030850124,first
W99731402,A5036396315,middle
W99731402,A5014694097,middle
W99731402,A5061767252,last
