src,tgt,position
W1564897360,A5068600217,first
W1564897360,A5062722286,middle
W1564897360,A5054916889,last
W1537842733,A5079098245,first
W1537842733,A5042928447,middle
W1537842733,A5041911612,last
W1592847587,A5053050274,first
W2144355672,A5005018540,first
W2285786022,A5000234995,last
W2749680651,A5025067440,first
W2749680651,A5053340099,middle
W2749680651,A5025946191,last
W273431730,A5054235383,last
W1626155273,A5058935509,first
W1626155273,A5084264842,middle
W1626155273,A5026547410,middle
W1626155273,A5077011518,last
W1526328753,A5087025582,first
W4242059867,A5041522926,first
W1409615047,A5010866308,first
W2885549115,A5065857248,first
W2745007981,A5004788089,first
W2801890059,A5002127148,first
W2801890059,A5013941262,middle
W2801890059,A5044005697,last
W2606089314,A5028476919,first
W2606089314,A5088047776,last
W1518301830,A5051876605,first
W2736618479,A5011476402,first
W2736618479,A5015126561,last
W1480175919,A5011551728,first
W1480175919,A5083060638,middle
W1480175919,A5063785042,middle
W135790322,A5089476688,first
W135790322,A5072361278,last
W4254931243,A5028699912,first
W2485992890,A5080187476,first
W2884745705,A5040594247,first
W1667574996,A5075651762,first
W1667574996,A5046073654,last
W2098206081,A5076063841,first
W4244835432,A5052463747,last
W2740901591,A5044603127,first
W1517606245,A5065035800,first
W2764025117,A5027706684,first
W2764025117,A5059033705,middle
W2764025117,A5000619566,last
W3101183984,A5035023688,first
W3101183984,A5012922872,middle
W3101183984,A5023198874,middle
W3101183984,A5044005697,last
W1545816247,A5047776706,first
W1548738226,A5089795083,first
W1548738226,A5060083408,middle
W1916021481,A5042930115,first
W2484797342,A5042153557,first
W2484797342,A5076847110,middle
W2484797342,A5009442525,last
W3001991410,A5008902090,first
W3001991410,A5005083987,middle
W3001991410,A5001513750,last
W2570494446,A5007541058,first
W2570494446,A5087825639,middle
W2570494446,A5024549341,middle
W2570494446,A5085440585,middle
W4238750312,A5063041566,last
W2999199799,A5086450084,first
W2735553491,A5045227579,first
W2735553491,A5051649145,middle
W2735553491,A5071529846,middle
W2735553491,A5047868177,last
W2563378438,A5054568856,first
W2563378438,A5000912462,last
W1580932091,A5081501272,first
W1580932091,A5078861665,last
W2768771208,A5034018731,first
W2768771208,A5084740578,middle
W1507181737,A5003347271,first
W1507181737,A5027830035,last
W2605516844,A5034992584,first
W2130457835,A5071512605,first
W2765609047,A5074469154,first
W2765609047,A5052487601,middle
W2765609047,A5044783910,middle
W2765609047,A5078269845,middle
W2765609047,A5039389081,last
W2781302587,A5089300300,last
W2735452118,A5019698991,first
W2996994624,A5003393478,first
W4244275182,A5086254817,first
W4244275182,A5060350556,middle
W4244275182,A5034616829,middle
W4244275182,A5072391425,last
W2612022290,A5004623767,first
W2612022290,A5043998799,last
W2742679029,A5078922784,middle
W2964298291,A5045351279,first
W2756202949,A5080963527,first
W2546700740,A5052365500,first
W2546700740,A5089476207,middle
W2546700740,A5029587656,last
W242877175,A5060812206,first
W2755574294,A5049846480,first
W2755574294,A5022635877,middle
W2755574294,A5017316228,last
W2293491105,A5044349707,first
W2735064727,A5051064408,first
W2735064727,A5078892377,middle
W2735064727,A5003146039,last
W4244921287,A5005267732,first
W2611176525,A5057817239,first
W2611176525,A5025890612,middle
W2611176525,A5007049648,middle
W2611176525,A5036855560,last
W2606776062,A5074934997,first
W2606776062,A5062423698,middle
W2606776062,A5006218020,middle
W2606776062,A5064629647,last
W2291407805,A5079747168,first
W2291407805,A5031733412,middle
W2291407805,A5047805056,middle
W2291407805,A5041342597,last
W4255885670,A5089826363,first
W3124367822,A5034432097,first
W3124367822,A5081725635,last
W1511724990,A5010475047,last
W4251813598,A5041951909,first
W1508120902,A5083863746,first
W2730902963,A5054428960,first
W4243735707,A5054399713,first
W2963003007,A5074701441,first
W1592167591,A5059177713,first
W4247813589,A5038830874,first
W4247813589,A5082737646,middle
W4247813589,A5058287918,last
W608690979,A5059036901,first
W2565104410,A5017416513,first
W2565104410,A5025558202,middle
W2565104410,A5083090794,last
W2593904818,A5034196986,first
W2593904818,A5051386391,middle
W2593904818,A5027644473,last
W1550330821,A5049102222,last
W2014993114,A5052018166,first
W2946130033,A5083524174,first
W2946130033,A5068383641,middle
W2946130033,A5047591308,middle
W2946130033,A5086554574,last
W1479745656,A5037803714,first
W1479745656,A5072735566,last
W4249816584,A5004391892,first
W4249816584,A5086694916,last
W584778073,A5022831151,first
W584778073,A5030818976,last
W2914829730,A5002085979,first
W639949082,A5078518595,first
W639949082,A5025956941,last
W2106699082,A5066146213,first
W1480542034,A5037915949,first
W1587040139,A5047776706,first
W1747608905,A5078098511,first
W1747608905,A5026840660,last
W2618852836,A5083065389,first
W2618852836,A5028480779,middle
W2618852836,A5044369720,last
W2985900875,A5039132898,first
W2767394981,A5053336381,first
W589764498,A5020021340,middle
W589764498,A5050559520,last
W2884189748,A5051571027,first
W2903719405,A5087837333,first
W2587550986,A5062879647,first
W4246046720,A5016784278,first
W2752685416,A5040001436,first
W627140926,A5016544515,first
W2614221804,A5047056785,first
W2614221804,A5087266192,last
W4229483819,A5000135371,first
W2736193304,A5084467488,first
W2606509618,A5006329036,first
W2009061146,A5081397718,first
W2009061146,A5004990697,last
W2612326543,A5025840344,first
W2612326543,A5004914839,last
W4299355056,A5023940180,first
W4211028722,A5015993066,first
W2752637653,A5011600518,first
W2752637653,A5076290378,middle
W2752637653,A5034266318,last
W4243998703,A5041583054,first
W4244364290,A5062434217,last
W4241879758,A5091694797,first
W4241879758,A5030430394,last
W2733667913,A5085690680,first
W2343930661,A5088881798,first
W2750089033,A5053700775,first
W2750089033,A5055253590,last
W1517838243,A5011075245,first
W4251518660,A5043403453,first
W2616399473,A5047871627,first
W2988633782,A5053369574,middle
W2988633782,A5087109003,middle
W2997570459,A5062331827,first
W2752879988,A5053207196,first
W2766488777,A5074787525,first
W2766488777,A5051923415,middle
W2766488777,A5042211786,last
W4245252652,A5027039195,first
W4245252652,A5004885984,middle
W4245252652,A5037257043,last
W2590412065,A5034246711,first
W2590412065,A5041467998,middle
W2590412065,A5053089078,middle
W2590412065,A5016137188,last
W4233130698,A5034343453,first
W2616462372,A5024185131,first
W2737911929,A5086570023,middle
W2737911929,A5019458428,middle
W2943896970,A5041369196,first
W2943896970,A5086699004,last
W3020813630,A5017474506,first
W3020813630,A5045367012,middle
W3020813630,A5029193524,middle
W3020813630,A5011775237,last
W3100985534,A5000893315,first
W617293035,A5081789094,first
W617293035,A5048222216,last
W640702032,A5019562855,first
W640702032,A5054753563,last
W2662455208,A5032561910,first
W2900548288,A5091601455,first
W2110415358,A5003527982,first
W2518951547,A5073690771,first
W2518951547,A5084849908,middle
W2518951547,A5090232242,last
W2901324514,A5071600539,first
W2917442576,A5024626195,first
W4235091326,A5028089542,first
W4235091326,A5076590286,last
W2889555851,A5032528340,first
W2889555851,A5028943908,last
W4247928114,A5034343453,first
W2510928024,A5015991677,first
W1486236954,A5067052751,middle
W4243917683,A5010067963,first
W2883290014,A5019360674,first
W2883290014,A5002347804,last
W2612810742,A5036254733,first
W2612810742,A5062983883,middle
W2612810742,A5023225712,middle
W2612810742,A5025282612,middle
W2612810742,A5013414039,last
W2748167422,A5082450455,last
W2908882439,A5025681351,first
W2746353786,A5023718023,first
W2746353786,A5065533636,last
W4240186232,A5030373048,last
W2170204850,A5032363490,first
W2170204850,A5066172970,last
W2530299800,A5090720315,middle
W2551542263,A5072115220,first
W4229525029,A5089624310,first
W4229525029,A5052828309,last
W2752649084,A5009658255,last
W2396946315,A5036843430,first
W2589749558,A5015993565,first
W2589749558,A5000296607,last
W2607005257,A5047569435,first
W2801984378,A5040613543,first
W4230413288,A5090162029,first
W4230413288,A5056707380,middle
W4230413288,A5065094212,last
W2559926291,A5038199341,first
W2608265559,A5046825099,first
W2750725664,A5079357056,first
W2750725664,A5072203134,last
W3104370314,A5077080413,first
W3104370314,A5038749016,middle
W3104370314,A5071529846,middle
W3104370314,A5057284370,middle
W3104370314,A5068848432,middle
W3104370314,A5082167522,middle
W3104370314,A5042053820,middle
W3104370314,A5078473649,middle
W3104370314,A5003275797,middle
W3104370314,A5027642699,middle
W3104370314,A5078047670,middle
W3104370314,A5066583058,middle
W3104370314,A5027065196,middle
W3104370314,A5009086349,middle
W4245928558,A5042629109,first
W2751843979,A5037201286,last
W2758325595,A5010812344,first
W2766015931,A5056730853,first
W2766015931,A5089458679,middle
W2588164584,A5051386391,first
W2588164584,A5043020624,last
W640456376,A5007661434,first
W2083276316,A5084879190,first
W3151180121,A5085216500,first
W4241920004,A5024813912,first
W4241920004,A5045826943,last
W4243276130,A5007201391,first
W1983343295,A5013018127,first
W2566048193,A5027629530,first
W2566048193,A5007287967,last
W2604842719,A5051386391,first
W2604842719,A5059573973,last
W2614359700,A5050953046,first
W2908936173,A5085239243,first
W2908936173,A5057403150,middle
W2908936173,A5079776998,last
W4244148294,A5024114819,first
W4244148294,A5027714534,last
W2561466673,A5009000710,first
W2561466673,A5059560924,middle
W2561466673,A5030936455,middle
W2561466673,A5090067023,last
W2767053529,A5073620359,middle
W2942056403,A5030123026,first
W2942056403,A5091640459,last
W4211263231,A5026850687,first
W2040789319,A5047306825,last
W3003581119,A5069476728,first
W3003581119,A5048668512,last
W3141949304,A5017232974,first
W4229497021,A5023051605,first
W4230405492,A5074064506,first
W587875510,A5028939608,first
W587875510,A5004246117,last
W2577690602,A5059269635,middle
W2577690602,A5069127680,middle
W2577690602,A5063338822,middle
W2577690602,A5078697349,middle
W2577690602,A5018223804,last
W2599027056,A5084566253,middle
W2599027056,A5053172504,middle
W2599027056,A5072579371,middle
W2599027056,A5036817746,middle
W2599027056,A5081115472,last
W1530652428,A5048094439,first
W2185060515,A5048027414,first
W2625465398,A5061249142,first
W2625465398,A5012141433,last
W2801910602,A5065280368,first
W2801910602,A5009036246,last
W4254865196,A5029864546,first
W187502492,A5005435118,first
W2741881058,A5071522801,first
W2741881058,A5055804958,last
W2746867318,A5038609677,middle
W2746867318,A5036201536,last
W2762661697,A5040540560,first
W2762661697,A5004122832,last
W2781502722,A5009356160,first
W2978195203,A5020243243,last
W2980367889,A5007715931,first
W2980367889,A5027131724,last
W4239663527,A5017042977,first
W4239663527,A5074751992,last
W166250562,A5087737008,first
W2509257396,A5010434536,first
W2735897232,A5027648225,first
W2735897232,A5000105184,middle
W2735897232,A5086748879,last
W2753742387,A5002919229,middle
W2889078883,A5073848525,first
W4239388447,A5058164094,middle
W4247882009,A5020872669,first
W4247882009,A5012964665,last
W2340428118,A5029132636,first
W2340428118,A5069178025,last
W2725043851,A5022617601,first
W2778195513,A5040606176,first
W2778195513,A5074155401,middle
W2778195513,A5047293748,last
W2584773708,A5040659853,last
W2585745035,A5068907804,first
W2774163364,A5029564018,first
W2774163364,A5032615847,last
W2781044394,A5004391892,first
W2781044394,A5086694916,middle
W4241787922,A5001582187,first
W4241787922,A5064950726,middle
W4241787922,A5080546654,last
W584406582,A5026530058,first
W584406582,A5071865916,last
W1975634595,A5071169709,first
W2604195821,A5068059152,first
W2743635440,A5036851432,first
W2743635440,A5080284872,middle
W2771444654,A5085533002,first
W4233555857,A5000669585,first
W4233555857,A5034547685,middle
W4233555857,A5065617837,last
W650683591,A5009030184,first
W650683591,A5028746458,middle
W650683591,A5055416007,last
W2021137853,A5078743336,first
W2523047691,A5080691948,first
W2523047691,A5018479820,middle
W2523047691,A5087542455,last
W2531867140,A5005702955,middle
W2531867140,A5061496529,middle
W2537300304,A5078402251,last
W2537635137,A5067832984,first
W2548321301,A5083349103,first
W2548321301,A5062985234,middle
W2548321301,A5029380465,middle
W2548321301,A5012894477,last
W2735085686,A5090676876,first
W2735085686,A5056183711,middle
W2735085686,A5001055584,last
W4255219625,A5049349468,first
W4255219625,A5059714266,last
W4255420071,A5067050293,first
W4299499183,A5087564658,first
W2111643624,A5050596022,first
W2553039245,A5017366543,first
W2617849536,A5003393478,first
W2618936481,A5060785708,first
W2618936481,A5037494040,middle
W2618936481,A5038908084,last
W2740438667,A5014132188,first
W2740438667,A5085747746,middle
W2740438667,A5065808505,last
W2743697,A5013373596,middle
W2743697,A5027926451,last
W2752564939,A5051064408,first
W2752564939,A5003146039,middle
W2752564939,A5078892377,last
W2753025640,A5001693395,first
W2783312379,A5024273013,first
W2783312379,A5065543182,middle
W2783312379,A5056237133,middle
W2783312379,A5019055429,last
W4250411086,A5016144868,first
W562068698,A5051031507,first
W603782127,A5069363394,first
W656635837,A5073945194,first
W1617444245,A5085811977,first
W1617444245,A5056997145,middle
W1617444245,A5005759832,last
W2561281916,A5038996322,first
W2561281916,A5091711243,last
W2736297478,A5048821900,first
W2552995778,A5091078914,first
W2552995778,A5079475072,middle
W2552995778,A5081056634,last
W2616606453,A5029334337,first
W2616606453,A5019817936,middle
W2616606453,A5051063040,middle
W2616606453,A5043579355,last
W2663363630,A5049458591,first
W2769882943,A5053906377,middle
W2769882943,A5056034943,last
W601773085,A5057166510,first
W1486987526,A5008601410,first
W2620577042,A5024458365,first
W2733963296,A5013765251,first
W2905532018,A5054053101,first
W2905532018,A5071010012,last
W411572721,A5072430739,middle
W411572721,A5014488325,last
W4255875169,A5043409810,first
W4255875169,A5002367171,last
W2505156150,A5065716990,first
W2505156150,A5056512471,middle
W2564917587,A5018293076,first
W2616757124,A5063667378,first
W2616757124,A5016900183,middle
W2766313398,A5085059786,first
W2770670847,A5054941080,first
W2920654769,A5050433646,first
W4238363634,A5079252764,first
W2481117512,A5068441236,first
W2481117512,A5076353369,last
W2511087050,A5026053085,first
W2583569546,A5062313034,first
W2597958895,A5052177154,first
W2610465631,A5006716812,first
W2610465631,A5044501073,last
W2736499682,A5067230761,first
W2766901645,A5001291873,first
W2766901645,A5023868166,middle
W2766901645,A5085262529,middle
W2766901645,A5082524152,last
W2782988845,A5049273485,first
W2894804706,A5079978522,first
W2902251009,A5033580230,first
W3012004216,A5000208454,first
W3012004216,A5030498541,last
W4235990836,A5073770532,first
W4242708681,A5014829491,first
W1603698551,A5067597688,first
W1603698551,A5055636722,last
W2526581160,A5029112800,first
W2547613017,A5007758815,middle
W2547613017,A5084565333,middle
W2653200766,A5043241009,first
W2653200766,A5029431663,middle
W2772423203,A5075999338,first
W2795361658,A5076598733,middle
W3001494301,A5004458037,first
W3001494301,A5083702949,middle
W3001494301,A5015993565,last
W4230660597,A5071010012,first
W4240617655,A5000083284,first
W4249511403,A5026781113,last
W4256074913,A5046503675,first
W601130585,A5001080761,first
W13333647,A5077554384,first
W13333647,A5052362009,last
W1515444477,A5091432489,first
W1577991056,A5059716535,first
W1577991056,A5052624516,last
W2167886759,A5033026813,first
W2560049213,A5038973041,middle
W2591636771,A5084837357,first
W2593048869,A5061813280,first
W2593048869,A5069510989,middle
W2593048869,A5000566608,last
W2596428662,A5054322944,first
W2619365413,A5023729638,first
W2619365413,A5041798588,middle
W2619365413,A5045881566,last
W2766770065,A5064756823,first
W2766770065,A5047854194,middle
W2766770065,A5086266633,middle
W2766770065,A5039638924,middle
W2766770065,A5057541763,last
W4242187241,A5002834282,first
W1496803166,A5011243776,first
W1496803166,A5077223013,middle
W1496803166,A5058368575,last
W2571022944,A5033624629,first
W2571022944,A5057912398,middle
W2571022944,A5088379917,last
W2582915745,A5008011360,first
W2587999973,A5041082456,first
W2587999973,A5071047366,middle
W2587999973,A5068626745,last
W2594384127,A5079793859,first
W2594384127,A5085477174,middle
W2594384127,A5034770996,middle
W2594384127,A5016073202,last
W2622692433,A5084641325,first
W2622692433,A5004273646,middle
W2622692433,A5061246161,middle
W2622692433,A5007512559,last
W2905446525,A5012337235,first
W4242044234,A5057282050,first
W4297919728,A5053064477,first
W4297919728,A5050729402,last
W4299924088,A5011290120,first
W594020929,A5025622267,first
W594020929,A5070041323,middle
W594020929,A5009129607,last
W652669457,A5002739745,first
W2532787243,A5000975435,first
W2532787243,A5087057648,last
W2587657161,A5067789332,first
W2587657161,A5087111199,last
W2588985210,A5081402157,first
W2891008184,A5055606001,first
W2981512051,A5022485637,first
W4233601237,A5022649669,first
W4237594283,A5011015587,first
W4237594283,A5057038259,last
W4239409200,A5076150411,first
W581027280,A5048792207,first
W1450066936,A5063673084,first
W2506505331,A5064586240,first
W2506505331,A5066983455,last
W2560937693,A5082474473,first
W2560937693,A5027259197,middle
W2560937693,A5052161872,middle
W2560937693,A5026865846,middle
W2560937693,A5065472577,middle
W2560937693,A5058265964,last
W2563692677,A5029864546,first
W2579902284,A5088286793,first
W2593001809,A5041179744,first
W2752159920,A5073639920,first
W2774123141,A5047871627,first
W2790635486,A5086444034,first
W2790635486,A5087920265,middle
W2790635486,A5009775674,middle
W2790635486,A5042559896,middle
W2790635486,A5083354890,middle
W2790635486,A5090615886,last
W2889364860,A5050796012,first
W2889364860,A5005899326,middle
W2889364860,A5019999253,last
W2901931791,A5068826373,first
W2901931791,A5017489902,middle
W2901931791,A5078585378,last
W2913905997,A5028089542,first
W2913905997,A5076590286,last
W3015885870,A5077105620,first
W4231621472,A5059526554,last
W4231633582,A5007201391,first
W4236719600,A5039871956,first
W4245198376,A5059062832,middle
W4247446067,A5029080773,middle
W4247446067,A5039118657,middle
W4250186974,A5058672879,first
W4254673375,A5084004396,first
W4254759493,A5041769718,first
W1491886492,A5072056394,first
W1491886492,A5009060919,last
W1540266249,A5009116003,first
W1540266249,A5059919967,last
W2403659235,A5083870363,first
W2460349365,A5041878024,first
W2460349365,A5082851518,middle
W2460349365,A5001172312,last
W2555095759,A5085172093,middle
W2592026925,A5081519254,first
W2592026925,A5012361203,last
W2601722430,A5048490462,first
W2615120947,A5012479148,first
W2615120947,A5071032850,middle
W2615120947,A5012287160,last
W2760900215,A5056296840,first
W2765266961,A5034087841,first
W2771164240,A5066819954,first
W4205300743,A5032861159,first
W4205300743,A5019834944,last
W4232190646,A5015308230,first
W4232190646,A5068441686,last
W4249536047,A5060579853,first
W92363944,A5067134735,last
W2554916424,A5038755734,first
W2554916424,A5044512769,middle
W2554916424,A5000834169,middle
W2554916424,A5081056211,last
W2562145876,A5000506517,first
W2562145876,A5087453456,middle
W2562145876,A5056251028,last
W2574758201,A5050267407,first
W2574758201,A5045709147,last
W2590203464,A5066422711,first
W2590203464,A5077723508,middle
W2590203464,A5082178480,middle
W2590203464,A5060350556,middle
W2590203464,A5059918476,middle
W2590203464,A5089419141,middle
W2590203464,A5041255737,last
W3022219091,A5045065209,first
W3022219091,A5061139675,middle
W3022219091,A5041874420,middle
W3022219091,A5008097602,middle
W3022219091,A5079838421,last
W3163690248,A5009692837,first
W3163690248,A5030268310,middle
W3163690248,A5010491077,middle
W3163690248,A5066537882,last
W4232324420,A5068865569,first
W4232737020,A5017284331,first
W4236088901,A5019698991,first
W4236088901,A5023188680,last
W4239729907,A5041154856,first
W4245415861,A5030730297,first
W4246501642,A5001416430,first
W4246501642,A5043211253,last
W4300950166,A5090649077,first
W604020347,A5080621347,first
W637095126,A5032512088,first
W637095126,A5021068534,last
W112997690,A5029828659,first
W1591764035,A5059853805,last
W2028799362,A5035712807,last
W2538107565,A5067049988,first
W2579574711,A5077860299,first
W2582467784,A5014202263,first
W2582467784,A5045820297,middle
W2582467784,A5069379086,last
W2593880743,A5057052162,first
W2593880743,A5041103024,middle
W2593880743,A5012071072,middle
W2620867814,A5054922583,first
W2620867814,A5088742665,middle
W2620867814,A5042237070,last
W2725177371,A5079830929,first
W2725177371,A5083166843,middle
W2725177371,A5023539744,middle
W2725177371,A5059577520,last
W2734994265,A5039132898,first
W2748533788,A5070125884,first
W2748533788,A5060213761,last
W4236432456,A5082992426,first
W4238411040,A5044273453,first
W4248586933,A5078154768,first
W4249742433,A5075919503,first
W4249742433,A5055353542,last
W4255296973,A5038271432,first
W582650937,A5057234820,first
W1535481485,A5043923522,first
W1539812191,A5067260321,first
W2501675331,A5089350226,first
W2501675331,A5006047082,middle
W2501675331,A5005837856,middle
W2501675331,A5061401932,last
W2564670552,A5026424786,first
W2590581696,A5020001896,first
W2594649906,A5025058941,first
W2594649906,A5009930587,middle
W2594649906,A5045667752,last
W2737622740,A5031715686,first
W2741189692,A5082085948,first
W2741189692,A5077315553,middle
W2741189692,A5028196391,last
W2751796963,A5045679867,first
W2751796963,A5023493127,middle
W2751796963,A5046939591,middle
W2751796963,A5029098035,middle
W2751796963,A5079184738,middle
W2751796963,A5010929089,last
W2751830479,A5016330265,first
W2754611171,A5075085472,first
W2756411094,A5016970525,first
W2756411094,A5047493969,middle
W2756411094,A5004135554,last
W2766813858,A5032411541,first
W2784546945,A5057279395,first
W2784546945,A5027045408,last
W4234222550,A5011543162,first
W4234222550,A5066539391,middle
W4234222550,A5045091456,last
W4252293011,A5058558845,first
W4312921313,A5055158724,first
W435130151,A5017528432,first
W435130151,A5050106609,last
W577581419,A5023756735,last
W629703823,A5021462158,first
W73296450,A5023600661,first
W105010359,A5022678101,first
W23803691,A5001995018,middle
W2525743075,A5074098471,first
W2525743075,A5076540476,last
W2538802425,A5003252390,first
W2538802425,A5069233924,last
W2560228494,A5090320352,first
W2560228494,A5012275958,middle
W2560228494,A5005837856,last
W2584377064,A5043808538,first
W2587449521,A5017246056,first
W2587818073,A5085246986,first
W2588573125,A5014845061,first
W2600779321,A5082476482,first
W2600779321,A5031913902,middle
W2600779321,A5012128426,middle
W2600779321,A5088327337,last
W2615484633,A5001395027,first
W2615484633,A5005737126,last
W2617621603,A5048698256,first
W2642405863,A5040364782,first
W2642405863,A5045209623,middle
W2642405863,A5051885500,middle
W2642405863,A5089820559,middle
W2642405863,A5084461524,last
W2788549874,A5003579441,first
W2885763049,A5067723053,first
W2888776308,A5067324209,first
W4240491740,A5012156289,first
W4248057091,A5064620106,first
W4248057091,A5035246117,middle
W4248057091,A5000208454,last
W4249382024,A5059999110,first
W652416162,A5076115506,first
W2183095474,A5007080680,first
W2183095474,A5042784735,middle
W2183095474,A5039207032,last
W2538147493,A5024746221,first
W2547250951,A5028741991,first
W2547250951,A5079658034,middle
W2547250951,A5015963600,middle
W2547250951,A5090287187,last
W2569772830,A5013566281,first
W2618536436,A5031370734,middle
W2618536436,A5045721867,middle
W2620532871,A5085832924,first
W2620532871,A5055872448,middle
W2620532871,A5022300438,last
W2739264497,A5009539513,first
W2739264497,A5048204602,last
W2739390446,A5035906875,first
W2752515633,A5040935964,first
W2752515633,A5047511729,middle
W2752515633,A5009208145,middle
W2752515633,A5027711778,middle
W2752515633,A5037243271,middle
W2752515633,A5073321020,middle
W2752515633,A5012338682,middle
W2752515633,A5055852189,middle
W2781640261,A5085037730,first
W2892219666,A5055554865,first
W2919780061,A5047023657,first
W2919780061,A5038006945,last
W4232952354,A5009409061,first
W4232952354,A5062737501,last
W4234782805,A5024924150,first
W4234782805,A5005369891,middle
W4234782805,A5054205452,last
W4235786879,A5052436101,first
W4247787071,A5028375556,first
W4255556278,A5027742316,first
W4299968615,A5012890130,first
W4299968615,A5060859546,last
W657235037,A5088457089,first
W1538737125,A5078570390,first
W1538737125,A5000919145,middle
W1538737125,A5075285062,last
W1574955005,A5071279723,first
W1916566634,A5010139816,first
W1916566634,A5070694496,last
W2507986377,A5086293968,first
W2507986377,A5054348081,middle
W2507986377,A5022573291,middle
W2507986377,A5005837856,last
W2531007388,A5048424631,first
W2531007388,A5046883483,last
W2536205220,A5000766463,first
W2536205220,A5065100828,middle
W2536205220,A5032100144,last
W2571836649,A5051668438,first
W2571836649,A5042304274,middle
W2571836649,A5015961883,last
W2589096701,A5091513740,first
W2594049114,A5027530006,first
W2599312840,A5007347603,first
W2602686929,A5045258021,first
W2602686929,A5055264305,last
W2734027529,A5049236135,first
W2754341698,A5056788018,first
W2761636223,A5017489902,middle
W2761636223,A5001092290,last
W2788783119,A5026578340,first
W2790511778,A5020947774,first
W2790511778,A5004498198,last
W2805975258,A5008554873,first
W2907326120,A5063188437,first
W2907326120,A5015993565,last
W4233155164,A5089861176,first
W4241031802,A5077922785,last
W4243710075,A5039540205,first
W4243710075,A5071093940,last
W4245577683,A5006428426,first
W4250321378,A5085867312,first
W4250321378,A5056287221,middle
W4250321378,A5070805897,middle
W4250321378,A5020060490,last
W4300997991,A5058275190,first
W598668418,A5051454361,last
W599684609,A5018228553,first
W599684609,A5040393462,last
W611671307,A5082526359,last
W1562596833,A5016727416,first
W2119991228,A5015969910,first
W2512390802,A5089079121,first
W2512390802,A5030427578,middle
W2512390802,A5001565730,last
W2523927452,A5044129236,first
W2523927452,A5066762178,last
W2565492299,A5089236260,first
W2565492299,A5021952588,middle
W2565492299,A5018976680,last
W2568966145,A5032983456,first
W2568966145,A5002496535,last
W2573199747,A5025120215,first
W2573199747,A5019862542,last
W2606784660,A5066201147,first
W2606784660,A5074906052,middle
W2606784660,A5071624109,middle
W2606784660,A5053668853,last
W2608050821,A5082321399,first
W2608050821,A5001195384,middle
W2608050821,A5065207651,last
W2612078462,A5053742461,first
W2612078462,A5081008532,middle
W2623343908,A5014096646,first
W2623343908,A5031464037,middle
W2623343908,A5038657258,last
W2739873388,A5059453152,first
W2740982151,A5028276052,first
W2742980741,A5032206962,first
W2742980741,A5069363619,last
W2745721515,A5040367566,middle
W2752180600,A5091689341,first
W2752180600,A5005716005,middle
W2766235398,A5028886833,first
W2770686079,A5084937471,first
W2897284243,A5037797631,last
W2904604454,A5016786154,first
W2904604454,A5012899448,last
W2954442338,A5032024278,first
W3027910091,A5022013774,first
W4211116510,A5090060126,first
W4234634182,A5074093929,first
W4234634182,A5028592776,last
W4237152282,A5059460348,last
W4237949611,A5041486421,first
W4238525339,A5070125884,first
W4238525339,A5060213761,last
W4239233341,A5003871253,first
W4301747061,A5074408924,first
W4301747061,A5024949339,last
W604117550,A5090650964,last
W2527242409,A5063077252,last
W2528034170,A5073475427,middle
W2528034170,A5042777672,last
W2561084555,A5085700892,first
W2570712302,A5031128531,first
W2590719607,A5073601707,first
W2590719607,A5071285863,last
W2591760966,A5020443359,first
W2591760966,A5041070091,last
W2599270206,A5031091803,first
W2599270206,A5037530095,last
W2603452549,A5054581943,last
W2604341542,A5084318285,first
W2604341542,A5050701255,last
W2613067797,A5089126757,middle
W2616155462,A5031121989,first
W2616155462,A5028581860,middle
W2616155462,A5023788914,last
W2617986283,A5070311058,first
W2617986283,A5064073991,middle
W2617986283,A5025293749,middle
W2617986283,A5012600744,last
W2620754517,A5070582509,first
W2620754517,A5090562336,middle
W2620754517,A5016082884,last
W2738701593,A5012367814,first
W2738701593,A5005575421,middle
W2738701593,A5037039482,last
W2745584882,A5089173037,first
W2745584882,A5058389135,middle
W2745584882,A5088853105,middle
W2745584882,A5043327132,middle
W2745584882,A5026496503,last
W2765784318,A5078138776,middle
W2767274331,A5079320411,first
W2767274331,A5051209043,middle
W2767274331,A5029550725,last
W2777406450,A5018565944,first
W2777406450,A5063914122,middle
W2777406450,A5006376848,last
W2889235293,A5009243659,middle
W2889235293,A5047248181,middle
W2890373806,A5072193842,first
W2890373806,A5029798067,middle
W2890373806,A5037324793,middle
W2890373806,A5005002693,last
W2890661375,A5028285158,first
W2897962465,A5018765638,middle
W2914082326,A5035330439,first
W2914082326,A5036306031,middle
W2914082326,A5038231385,middle
W2914082326,A5042833743,last
W4233010740,A5076742472,first
W571172355,A5029658435,first
W571172355,A5055811445,last
W649519041,A5039226490,first
W651639315,A5053327046,first
W651639315,A5080590199,middle
W1539339770,A5018952300,first
W1539339770,A5051170737,last
W1922117494,A5013922963,first
W2071002431,A5083111529,first
W2128431269,A5085801774,middle
W2128431269,A5060509294,last
W2253490978,A5001788144,first
W2253490978,A5077398892,middle
W2253490978,A5090048784,middle
W2253490978,A5033019082,last
W2270625438,A5068223679,first
W2292096826,A5085156922,first
W2292096826,A5005781625,middle
W2524910708,A5066176620,first
W2530169003,A5002842122,first
W2530169003,A5037432395,middle
W2530169003,A5034635671,last
W2559345905,A5056365501,first
W2567688955,A5013967803,first
W2567688955,A5026760106,middle
W2567688955,A5041346889,middle
W2567924457,A5032871353,middle
W2567924457,A5050580682,middle
W2567924457,A5054395893,middle
W2567924457,A5084035310,last
W2592153776,A5067901596,first
W2592153776,A5088503300,last
W2594984285,A5040886098,last
W2604581185,A5017375713,first
W2608759080,A5072314280,first
W2611309185,A5048486346,last
W2612531989,A5010221865,first
W2615215861,A5008380362,first
W2615215861,A5035273700,last
W2619393001,A5004186327,middle
W2623628773,A5013715687,first
W2623628773,A5080503837,middle
W2623628773,A5037626321,last
W2624095892,A5081855006,first
W2732854167,A5063823704,first
W2755443150,A5083918255,first
W2757181634,A5042719748,first
W2765758462,A5025241006,first
W2765758462,A5063912131,middle
W2765758462,A5015876786,last
W2768100318,A5070184068,last
W2886585295,A5015160716,first
W2909369566,A5053156269,first
W2909369566,A5056930369,last
W3110775391,A5058918990,first
W3110775391,A5079782678,last
W4233846997,A5014461863,last
W4235409048,A5090108695,middle
W4235409048,A5028399577,last
W4239143191,A5019831102,first
W4239472034,A5059110383,first
W4252647511,A5044498444,first
W4252647511,A5041192265,last
W4302895712,A5060165491,first
W4302895712,A5012138072,middle
W4302895712,A5002077138,middle
W4302895712,A5086786635,last
W584784506,A5031909458,first
W584784506,A5028144520,last
W601029216,A5063794565,first
W651754604,A5080113505,last
W1525575829,A5090048784,first
W1525575829,A5077398892,middle
W1525575829,A5019007054,middle
W1525575829,A5033019082,middle
W1525575829,A5091291266,middle
W1525575829,A5001788144,last
W1980872666,A5039248013,first
W1980872666,A5024400994,middle
W1980872666,A5090320352,middle
W1980872666,A5012275958,last
W2516329239,A5021615965,first
W2516329239,A5044959488,middle
W2516329239,A5089347287,last
W2526019567,A5015931553,first
W2528125430,A5067835338,first
W2528125430,A5073568638,last
W2530794792,A5058798782,first
W2530794792,A5001871147,last
W2579586009,A5031423617,first
W2582315333,A5025774015,first
W2582315333,A5034078369,middle
W2582315333,A5059305507,last
W2594570430,A5020881876,first
W2598484552,A5010766325,middle
W2608308670,A5073412670,first
W2617149451,A5079760196,first
W2617149451,A5063764379,last
W2617316595,A5011909774,first
W2618982515,A5058823326,first
W2618982515,A5089630219,last
W2736105210,A5012667640,first
W2767233846,A5055524328,first
W2767233846,A5060076255,last
W2772515808,A5010715046,first
W2773015691,A5082042708,first
W2774202024,A5081525335,first
W2780968104,A5023272254,first
W2794209175,A5085941561,first
W288320740,A5059666184,first
W2883855703,A5024763537,first
W2889374566,A5080304884,first
W2889374566,A5067675434,middle
W2889374566,A5080533784,last
W3017172635,A5058200403,first
W3017172635,A5068441686,last
W3107282596,A5022850081,first
W4231465875,A5080471614,first
W4232473096,A5021657351,first
W4233051260,A5015388163,first
W4241609629,A5003884714,first
W4299986847,A5042805707,first
W4300583748,A5027317977,first
W4300583748,A5031492664,last
W4302868688,A5003324590,first
W649497718,A5052046561,last
W105683667,A5011878231,first
W1605869842,A5037577894,first
W2124805063,A5077451853,first
W2248920296,A5071811633,first
W2248920296,A5004549631,last
W2482392132,A5070657345,first
W2482392132,A5067226620,middle
W2482392132,A5054225034,middle
W2482392132,A5059879982,middle
W2482392132,A5053751744,middle
W2482392132,A5019148054,last
W2522110096,A5088469315,first
W2522110096,A5037911741,middle
W2524584409,A5041534154,last
W2526936314,A5031596945,first
W2528411321,A5088223980,first
W2528411321,A5051314849,last
W2530875258,A5003326020,first
W2530875258,A5004874287,last
W2538531305,A5032630898,first
W2548986996,A5035583615,first
W2548986996,A5029754134,middle
W2548986996,A5043145803,last
W2584348570,A5086978458,first
W2584377795,A5045487634,first
W2588797470,A5040987266,first
W2588797470,A5087505725,middle
W2589709057,A5053328508,first
W2589709057,A5055416007,last
W2596705107,A5008432065,first
W2596705107,A5010035758,middle
W2596705107,A5056828139,last
W2597911411,A5012192569,first
W2597911411,A5029043975,last
W2605944316,A5013432227,first
W2605944316,A5024376647,last
W2606776147,A5090162029,first
W2606776147,A5065094212,middle
W2606776147,A5056707380,last
W2618707316,A5042885686,first
W2618707316,A5009381551,last
W2620047708,A5008420778,middle
W2620047708,A5087565005,middle
W2620439544,A5009341822,first
W2620439544,A5060051494,middle
W2620439544,A5065371627,last
W2624974796,A5091435435,first
W2624974796,A5034648399,middle
W2624974796,A5028200774,middle
W2624974796,A5083232835,middle
W2624974796,A5004065024,last
W2626312928,A5060006615,first
W2626830703,A5054036562,first
W2626830703,A5017227823,last
W2634906835,A5007497742,first
W2700369620,A5034089074,middle
W2737485754,A5077058928,first
W2737485754,A5057583165,middle
W2737485754,A5035571048,middle
W2737485754,A5063490873,middle
W2737485754,A5008103968,last
W2750733513,A5048462161,middle
W2765301887,A5054526951,first
W2765301887,A5072730926,last
W2765377798,A5037790703,first
W2765382619,A5060286669,middle
W2765481261,A5078255358,first
W2765481261,A5024362147,last
W2768820780,A5083278631,first
W2768820780,A5064565219,middle
W2768820780,A5059672946,middle
W2768820780,A5049188669,middle
W2768820780,A5068398513,middle
W2768820780,A5040395718,last
W2773484439,A5087011942,first
W2789625059,A5084340576,first
W2789971251,A5054901394,first
W2789971251,A5074934997,middle
W2789971251,A5062211930,last
W2889001475,A5082423050,first
W2889001475,A5079925942,last
W2889049121,A5034720507,first
W2901320526,A5020235876,first
W2968588716,A5022251129,first
W3169928041,A5026161106,first
W3169928041,A5047222739,last
W3197061749,A5063782677,first
W3197061749,A5011197437,middle
W3197061749,A5024323175,middle
W3197061749,A5056658934,last
W4229982453,A5032392889,first
W4229982453,A5038934826,last
W4230461492,A5075081444,first
W4234324822,A5068553137,first
W4234324822,A5000453966,last
W4246581904,A5020425798,first
W4249147640,A5043383832,first
W4249147640,A5025074757,middle
W4249147640,A5049580392,last
W4254316321,A5034210771,first
W4254949915,A5071884484,first
W4255417429,A5019219168,middle
W4255417429,A5080864681,last
W4298313295,A5070582509,first
W4298313295,A5050267088,middle
W4298313295,A5090562336,middle
W4298313295,A5078910994,last
W4300059427,A5058621753,first
W628735958,A5013355577,last
W630390214,A5030259543,first
W630390214,A5079097879,last
W1503894238,A5045820324,last
W1577883838,A5031456273,first
W1588404726,A5054399713,first
W1600800887,A5001410548,first
W1602689353,A5036448511,last
W2307540384,A5050046272,first
W2307540384,A5084466158,last
W2510265087,A5035046919,middle
W2517930676,A5064549823,first
W2519140846,A5045853703,first
W2519140846,A5001225006,middle
W2519140846,A5058139541,last
W2528394626,A5031663445,first
W2528394626,A5081555959,middle
W2528394626,A5067495721,middle
W2528394626,A5037048074,middle
W2528394626,A5011523845,last
W2553579261,A5061287527,first
W2579638008,A5005267824,first
W2579638008,A5025228155,last
W2581476518,A5076827456,middle
W2581476518,A5015931553,last
W2586498711,A5034269796,last
W2590755539,A5015551077,first
W2590755539,A5062641378,middle
W2590755539,A5036689115,last
W2591827414,A5029854353,first
W2591827414,A5015350037,last
W2594806595,A5019834944,first
W2594806595,A5076171972,last
W2594842393,A5031546715,last
W2605014934,A5054755867,last
W2605449647,A5016226575,first
W2605449647,A5027359359,middle
W2605449647,A5041276533,middle
W2605449647,A5086674016,last
W2609304537,A5086128963,first
W2610105073,A5039929397,first
W2610105073,A5006604913,middle
W2610105073,A5025794971,last
W2617414369,A5037879963,first
W2617414369,A5058715747,middle
W2626821127,A5032136375,first
W2626821127,A5069282220,last
W2741145450,A5026466952,first
W2741145450,A5061804710,last
W2747960742,A5075134010,first
W2761282752,A5049856015,first
W2761282752,A5010802421,middle
W2761282752,A5059390779,last
W2773302951,A5072904558,first
W2896064132,A5077802404,first
W2900041435,A5019539173,first
W2901712207,A5066462569,first
W2901712207,A5036373073,middle
W2901712207,A5083866649,middle
W2901712207,A5036100755,last
W2908775888,A5032739404,first
W2913421592,A5003578876,first
W2921954815,A5076480696,first
W2983484109,A5022658803,first
W3005094400,A5034269796,last
W3094393467,A5088234173,first
W3166912015,A5091784081,first
W3184605195,A5074570184,first
W3184605195,A5062128742,last
W4211013721,A5052519095,first
W4235373507,A5044695992,first
W4235893661,A5019383096,middle
W4235984494,A5021553205,first
W4249647936,A5007989524,first
W4252737989,A5042240859,first
W4301230818,A5081307846,first
W4301230818,A5019793735,middle
W4301230818,A5086934220,last
W44839598,A5004601430,last
W563131971,A5042219993,last
W2131355430,A5071495561,last
W2490502293,A5063188252,first
W2490502293,A5006792775,last
W2509236330,A5059555932,first
W2513619084,A5014926679,first
W2513619084,A5017339070,last
W2562957327,A5057680944,first
W2574382223,A5042183747,first
W2575703117,A5009171844,first
W2575703117,A5060964999,last
W2584078684,A5026318525,first
W2586442778,A5087248790,first
W2586442778,A5040797942,middle
W2586442778,A5043222506,middle
W2586442778,A5020898778,last
W2586531675,A5028847053,first
W2586531675,A5049175456,middle
W2586531675,A5077298638,middle
W2586531675,A5005120265,middle
W2586531675,A5036676446,last
W2593369570,A5002984390,first
W2594539483,A5089145554,last
W2597231389,A5049501985,first
W2597231389,A5076303346,last
W2598148539,A5067068847,first
W2598148539,A5043945029,last
W2604599287,A5019922027,first
W2604599287,A5020231952,middle
W2604599287,A5030743088,middle
W2604599287,A5074122666,middle
W2604599287,A5089263417,last
W2610358144,A5037449133,first
W2610935890,A5077874981,first
W2610935890,A5000975435,middle
W2610935890,A5068271733,middle
W2610935890,A5084367389,last
W2611183213,A5020291545,first
W2611183213,A5067763491,middle
W2618617359,A5033650912,first
W2623016521,A5036687211,first
W2623016521,A5009571654,middle
W2623016521,A5012345633,last
W2624021477,A5043899242,first
W2624956019,A5026114344,first
W2624956019,A5007418876,last
W2637752095,A5047535596,first
W2730357504,A5020868485,first
W2736740197,A5004110022,first
W2736740197,A5053101628,last
W2743515291,A5003909640,first
W2743515291,A5015993565,middle
W2750762183,A5088424005,last
W2755009444,A5056652166,last
W2756004665,A5084991115,first
W2765131885,A5076883843,first
W2765131885,A5002162282,last
W2774099057,A5009000710,first
W2774099057,A5030936455,last
W2777215545,A5054359032,first
W2777215545,A5000172227,last
W2781825003,A5042850084,first
W2804979116,A5010771495,last
W2808353679,A5007171832,first
W2890077976,A5042317303,middle
W2891409388,A5012223504,first
W2891409388,A5087988831,last
W2892361084,A5062407620,first
W2892361084,A5071162645,last
W2893954541,A5069999239,first
W2894310146,A5046994015,first
W2908908704,A5075051338,first
W2908908704,A5028044571,last
W2949991290,A5082501035,first
W2999192998,A5066836457,first
W311148018,A5018752136,first
W311148018,A5065309078,last
W3125678667,A5005570116,last
W3141482170,A5071227510,middle
W3141482170,A5028436822,middle
W3144074391,A5034656008,first
W317924113,A5059473797,first
W317924113,A5044267284,last
W4232729300,A5081401956,first
W4234498107,A5029514650,first
W4241280681,A5082918632,first
W4243435739,A5082477337,first
W4244779315,A5011908866,last
W4252178027,A5037853738,first
W4252178027,A5051363883,last
W4255059524,A5080687354,middle
W4255059524,A5089820135,last
W564713290,A5069221071,first
W570651007,A5004562237,first
W1498329631,A5049581379,first
W2262685236,A5039029789,first
W2335030236,A5037217126,first
W2519090918,A5020284420,first
W2519090918,A5050227787,last
W2522679825,A5017458868,first
W2522679825,A5089754029,middle
W2522679825,A5023946047,middle
W2522679825,A5061204419,last
W2529935153,A5079914721,first
W2529935153,A5071498028,middle
W2529935153,A5045101158,last
W2547284252,A5019035804,first
W2547284252,A5014898916,last
W2554960168,A5056251028,first
W2554960168,A5000506517,last
W2559879999,A5042790078,first
W2571577426,A5009372927,middle
W2580511894,A5003485327,middle
W2580511894,A5024310508,middle
W2580511894,A5066292457,last
W2585845239,A5014153060,last
W2586148237,A5007118559,last
W2588354425,A5004211955,first
W2593108906,A5047196177,first
W2593108906,A5089378822,middle
W2593681380,A5024067855,first
W2593714767,A5010035231,first
W2596452389,A5075114235,middle
W2596452389,A5045021962,last
W2597844115,A5040015457,first
W2597844115,A5073622860,middle
W2597844115,A5072923302,last
W2601348427,A5001118110,middle
W2601348427,A5064403763,middle
W2601348427,A5058786170,last
W2603435572,A5051231020,first
W2604147385,A5029548157,middle
W2604147385,A5015129790,middle
W2604147385,A5001472309,middle
W2604147385,A5080092678,middle
W2604147385,A5011208990,middle
W2604147385,A5068905728,last
W2610274346,A5025795563,middle
W2610274346,A5012155627,middle
W2612405771,A5072025025,first
W2612405771,A5043060302,middle
W2612405771,A5069432042,middle
W2612405771,A5024184433,middle
W2612405771,A5068531236,last
W2615514519,A5016653929,first
W2615514519,A5009270487,last
W2615689182,A5038400939,first
W2615689182,A5001488523,middle
W2615689182,A5068450526,last
W2624443077,A5025947007,middle
W2626214515,A5020235233,first
W2626214515,A5062137932,middle
W2626214515,A5036079119,last
W268366839,A5036125633,first
W2731083227,A5082975553,first
W2731083227,A5066876742,last
W2735484873,A5075349449,first
W2739057375,A5000683620,first
W2739057375,A5001958552,middle
W2739057375,A5031754189,last
W2744060105,A5072262532,first
W2748063847,A5052050736,first
W2748063847,A5000991072,middle
W2752485533,A5036173883,first
W2760836142,A5042746008,first
W2760836142,A5044887883,middle
W2760836142,A5028039581,middle
W2760836142,A5014656063,last
W2765113025,A5010806251,first
W2765113025,A5031854085,middle
W2765113025,A5029107586,last
W2765969690,A5007672441,first
W2769724398,A5049922804,first
W2771235546,A5023051605,first
W2775741256,A5067328692,first
W2792176064,A5068456682,last
W2805956470,A5038044163,first
W2805956470,A5081065437,last
W2889024830,A5031663936,first
W2889024830,A5006135009,last
W2889477984,A5026791082,middle
W2889477984,A5032158234,last
W2892339877,A5058331326,first
W2893337923,A5027926451,first
W2893337923,A5016137188,middle
W2893337923,A5026685411,middle
W2893337923,A5030446424,last
W2896215671,A5027632777,first
W2898576710,A5085292942,middle
W2904422552,A5022998969,first
W2904919487,A5091287971,first
W2971565173,A5047041804,first
W2971565173,A5021558014,last
W3001692502,A5015444378,first
W3001692502,A5043971314,middle
W3001692502,A5019265966,last
W3047202619,A5026985760,last
W3148527778,A5076985479,first
W3148527778,A5007667647,middle
W3148527778,A5002994164,last
W4206643036,A5010260112,first
W4210423901,A5066071757,first
W4211011763,A5069942717,first
W4229975327,A5075484247,first
W4229975327,A5081225515,middle
W4229975327,A5011142751,last
W4232879493,A5012896462,first
W4240156350,A5089758511,first
W4240156350,A5004453915,last
W4240387788,A5086328518,last
W4243359596,A5024556557,first
W4244644902,A5063204415,first
W4244644902,A5025304976,last
W4245450501,A5052150259,first
W4245450501,A5010079117,last
W4249270015,A5033591566,first
W4249625550,A5063766811,first
W4253797646,A5054317975,last
W4254865102,A5083093074,middle
W4254865102,A5031082206,last
W4301077588,A5074365325,first
W591357689,A5013373596,middle
W591357689,A5027926451,last
W617110377,A5039563504,first
W628576395,A5082365060,middle
W653827162,A5021627263,first
W8916660,A5081894427,middle
W2416765385,A5018336060,first
W2416765385,A5080433490,last
W2417395800,A5075793654,first
W2519321099,A5076270155,first
W2527533361,A5054447183,first
W2527533361,A5067533270,middle
W2527533361,A5018793970,middle
W2527533361,A5018004837,middle
W2527533361,A5002832211,last
W2529925476,A5069162147,first
W2530580294,A5068488260,first
W2530580294,A5089182744,middle
W2530580294,A5078403818,middle
W2530580294,A5026570735,last
W2534441841,A5000975435,first
W2534441841,A5068271733,middle
W2534441841,A5035363559,last
W2536645190,A5067603088,last
W2551424314,A5029548157,first
W2551424314,A5080092678,middle
W2551424314,A5085913800,middle
W2551424314,A5015129790,last
W2559207477,A5046140730,last
W2579908721,A5004206574,first
W2579908721,A5010331685,last
W2581252879,A5035460662,first
W2586202096,A5036073751,first
W2586202096,A5066014874,last
W2586759781,A5032017539,first
W2586759781,A5063528781,middle
W2586759781,A5021797294,middle
W2586759781,A5081696143,last
W2587897780,A5016251055,last
W2592430903,A5046734130,first
W2593467620,A5078440431,first
W2593467620,A5019265966,last
W2594260982,A5071223263,last
W2594545083,A5015993066,first
W2595973424,A5000919706,first
W2595973424,A5027877785,middle
W2595973424,A5045521577,middle
W2595973424,A5062921042,last
W2604402443,A5037460388,first
W2605314344,A5068370225,first
W2605314344,A5070921568,middle
W2605314344,A5040160899,last
W2605664513,A5051571027,first
W2606104543,A5048820381,middle
W2606104543,A5067950570,last
W2607633217,A5078138776,middle
W2611098772,A5078917791,first
W2611098772,A5037803714,last
W2611672468,A5081913248,first
W2618746798,A5018142542,first
W2618746798,A5041866246,middle
W2618746798,A5050979759,middle
W2618746798,A5041289086,last
W2626804083,A5083723615,first
W2626817683,A5053291467,first
W2626817683,A5061499121,last
W2627002533,A5047896814,first
W2632594506,A5031864646,first
W2632594506,A5081587089,middle
W2632594506,A5023634064,middle
W2632594506,A5074342440,middle
W2632594506,A5074431095,middle
W2632594506,A5089156426,middle
W2632594506,A5007338060,last
W2729440683,A5061292462,first
W2729440683,A5002325086,middle
W2729440683,A5028579097,middle
W2729440683,A5008779348,last
W2737113640,A5030142136,first
W2740188978,A5028044571,first
W2747903201,A5067001353,first
W2747903201,A5078218246,middle
W2747903201,A5082540571,middle
W2747903201,A5038075462,middle
W2747903201,A5083867344,middle
W2747903201,A5091099873,middle
W2747903201,A5038228433,middle
W2747903201,A5060336784,last
W2750349090,A5042015768,first
W2750971703,A5040691261,middle
W2750971703,A5090455145,last
W2755669765,A5077080413,first
W2755669765,A5038749016,middle
W2755669765,A5078127596,middle
W2755669765,A5037138999,middle
W2755669765,A5083651238,middle
W2755669765,A5043453759,middle
W2755669765,A5059076692,middle
W2755669765,A5018332066,middle
W2755669765,A5060822066,middle
W2755669765,A5091409910,middle
W2755669765,A5059989473,middle
W2755669765,A5038384386,middle
W2755673606,A5011754510,first
W2756399755,A5009862837,middle
W2766439611,A5053652118,last
W2767240976,A5033873223,middle
W2768516824,A5041579438,first
W2769300400,A5002929288,first
W2769300400,A5053603044,middle
W2769300400,A5060717896,middle
W2769300400,A5026486265,middle
W2769300400,A5048659075,last
W2769697860,A5057305454,first
W2769697860,A5049750015,last
W2775379117,A5022618641,first
W2775379117,A5070536074,middle
W2775379117,A5038173643,last
W2775865623,A5006428426,first
W2782221679,A5088167386,first
W2782221679,A5085882329,last
W2790516296,A5031535296,first
W2790516296,A5087298067,last
W2792505333,A5003579441,middle
W2792505333,A5070650297,last
W2793679185,A5045922484,first
W2799165615,A5068811227,first
W2809165228,A5079940769,first
W2888486608,A5049846164,first
W2892935250,A5054665011,last
W2896046234,A5003884714,first
W2904560152,A5043995171,first
W2911581376,A5000720054,first
W2970020580,A5027447148,first
W2971920383,A5076541589,last
W2973021611,A5055794961,first
W2990348128,A5068865569,first
W2992185326,A5045250568,first
W2996260771,A5062282273,first
W2996260771,A5053369574,middle
W3016819950,A5003007689,first
W3021788173,A5024861372,first
W3044556445,A5061026406,first
W3044556445,A5032834898,middle
W3115246023,A5031344449,first
W3126004007,A5060972706,first
W3127933230,A5032891611,first
W3127933230,A5041404337,middle
W3155225144,A5022485637,first
W3165066053,A5001726650,first
W3191838825,A5028034006,middle
W3191838825,A5020472157,middle
W3191838825,A5080276914,middle
W3191838825,A5068751690,last
W3213773473,A5068959831,first
W4229729481,A5013649214,first
W4229729481,A5071519931,middle
W4229729481,A5089895760,last
W4230602214,A5089548492,first
W4231551939,A5089485352,middle
W4232106548,A5085369152,last
W4234705434,A5046093127,first
W4234762678,A5043670176,first
W4234762678,A5046098033,middle
W4234762678,A5045809433,middle
W4234762678,A5048247068,last
W4235103533,A5073346538,first
W4235103533,A5032995335,last
W4235659625,A5019155460,first
W4238730571,A5041776733,middle
W4239092501,A5002443154,first
W4239328035,A5029413905,first
W4243791188,A5049876766,first
W4246189692,A5029924931,first
W4248625411,A5091010426,middle
W4250763688,A5079104609,first
W4252801887,A5001322159,last
W4255263461,A5083186192,first
W4255880026,A5019775119,last
W4256247868,A5052951288,first
W4300109900,A5021319094,first
W4300604287,A5044129236,first
W566509079,A5052114703,first
W624196016,A5016611250,first
W626647194,A5017142812,first
W626647194,A5020655974,middle
W626647194,A5061448936,last
W637834342,A5007012705,middle
W637834342,A5047427245,last
W651092667,A5046008719,first
W1481085146,A5033622150,first
W1574355468,A5059183893,first
W1574355468,A5074857386,last
W1593544773,A5048732165,first
W1678917461,A5050776092,last
W2184308772,A5068207469,first
W2265598839,A5033810360,middle
W2265598839,A5077398892,last
W2403968464,A5089601494,first
W2476161060,A5024238143,first
W2476161060,A5036663477,last
W2482939720,A5051065439,first
W2482939720,A5005063135,middle
W2482939720,A5091063664,last
W2499961992,A5033621772,first
W2500630008,A5009455568,first
W2502852524,A5005846844,first
W2502852524,A5019906616,middle
W2502852524,A5054182560,middle
W2502852524,A5003904999,last
W2516872945,A5014135635,first
W2516872945,A5032746152,last
W2533734442,A5075965221,first
W2533734442,A5065573453,middle
W2533734442,A5060546610,last
W2535232302,A5058240042,first
W2535232302,A5022116002,middle
W2535232302,A5049402680,last
W2540506834,A5036833943,first
W2540506834,A5072431554,middle
W2540506834,A5005837856,middle
W2540506834,A5038199341,last
W2546547784,A5006184530,first
W2546547784,A5057569553,last
W2550486717,A5076270155,first
W2559152820,A5012703845,first
W2559152820,A5021145070,last
W2565109827,A5032965630,first
W2569914659,A5021507717,last
W2573659489,A5024996300,first
W2573659489,A5035388566,last
W2581880757,A5067610354,first
W2586766269,A5019335128,first
W2586766269,A5017435397,middle
W2586766269,A5067597688,middle
W2586766269,A5016082545,middle
W2586766269,A5004660453,last
W2589174925,A5069303169,first
W2589174925,A5031895578,middle
W2589174925,A5056324053,last
W2589433292,A5078550972,last
W2589826813,A5049992511,middle
W2594132067,A5046221374,middle
W2600730871,A5081463518,first
W2600730871,A5060457595,last
W2601437762,A5052463747,last
W2605644610,A5042655177,first
W2605659528,A5040629994,first
W2605659528,A5061522229,last
W2605943487,A5063041566,last
W2606305772,A5024114819,first
W2606305772,A5027714534,last
W2609748028,A5006162152,first
W2609748028,A5000506517,middle
W2609748028,A5014457941,last
W2611189122,A5042759055,first
W2617122633,A5009983639,first
W2617122633,A5035788497,middle
W2617122633,A5003259628,middle
W2617122633,A5060859546,last
W2621584103,A5017145937,first
W2621584103,A5032671971,last
W2622156197,A5057807510,first
W2622156197,A5074357482,middle
W2622156197,A5015482301,middle
W2622156197,A5009967164,last
W2622296713,A5021369488,first
W2622296713,A5064219307,middle
W2622296713,A5018289828,middle
W2622296713,A5029516303,last
W2624762677,A5081178381,middle
W2624762677,A5060759028,middle
W2624762677,A5003476748,middle
W2624762677,A5033139813,middle
W2624762677,A5016139627,middle
W2624762677,A5031570473,middle
W2624762677,A5082706216,last
W2735962931,A5001016541,last
W2736109799,A5037929522,first
W2736109799,A5007251880,last
W2736331134,A5004028181,first
W2736331134,A5067152840,middle
W2736331134,A5047012539,last
W2736397385,A5086228687,middle
W2736397385,A5059894410,middle
W2736397385,A5006457586,middle
W2736397385,A5079373363,middle
W2736397385,A5036221413,middle
W2739490558,A5035866142,first
W2739490558,A5088723765,last
W2742234604,A5027432011,first
W2742477485,A5073138931,first
W2742477485,A5043502041,middle
W2742477485,A5052731721,middle
W2742477485,A5027710558,last
W2743633201,A5049533477,first
W2744553040,A5044481262,first
W2744871462,A5041738640,first
W2744871462,A5054775604,middle
W2744871462,A5045832797,last
W2747477011,A5028092082,first
W2751529723,A5056710245,first
W2751992885,A5073234660,first
W2751992885,A5017055726,middle
W2751992885,A5053604478,middle
W2753491256,A5077080413,first
W2753491256,A5038749016,middle
W2753491256,A5067265615,middle
W2753491256,A5077049258,middle
W2753491256,A5018325150,middle
W2753491256,A5021143022,middle
W2753491256,A5046594293,middle
W2753491256,A5082214794,middle
W2753491256,A5069852479,middle
W2753491256,A5042042997,middle
W2753491256,A5032527419,middle
W2753491256,A5085732379,middle
W2753491256,A5062946437,middle
W2753491256,A5032682986,middle
W2753491256,A5015444670,last
W2753949906,A5091227928,first
W2753949906,A5066912525,middle
W2753949906,A5004419446,middle
W2754508363,A5045613027,first
W2754994630,A5014545661,first
W2755836521,A5000893315,first
W2757033822,A5008111431,first
W2757033822,A5021949996,middle
W2757033822,A5055326890,middle
W2757033822,A5089467132,middle
W2757033822,A5061051545,middle
W2757033822,A5001314520,middle
W2757033822,A5051784384,last
W2761999257,A5042399676,first
W2765192780,A5081489339,first
W2765192780,A5089332324,last
W2766163428,A5089662315,first
W2766761591,A5057542856,first
W2766761591,A5047812798,last
W2766836844,A5015734523,first
W2766836844,A5088696952,middle
W2766836844,A5072229733,middle
W2766836844,A5049041437,middle
W2766836844,A5037233397,last
W2767145016,A5038324843,first
W2767753181,A5054317975,last
W2768162252,A5036568372,first
W2768162252,A5041273626,last
W2768579054,A5076843626,first
W2768579054,A5050589444,middle
W2768579054,A5062168098,middle
W2768579054,A5033615800,middle
W2768579054,A5082817413,middle
W2768579054,A5020096432,middle
W2768579054,A5049902076,last
W2768953456,A5006866570,first
W2768953456,A5075769580,middle
W2770394210,A5029385957,first
W2773122838,A5077872101,first
W2779588940,A5071635853,first
W2780208674,A5041070092,first
W2780208674,A5003239155,middle
W2780208674,A5056716947,last
W2783366415,A5062262911,middle
W2783366415,A5083013251,middle
W2783714448,A5068748186,first
W2784107337,A5052433003,first
W2784107337,A5050667900,last
W2795365009,A5023397334,first
W2795365009,A5074013333,middle
W2795365009,A5087987376,middle
W2795365009,A5052254085,last
W2799252691,A5062508673,first
W2799252691,A5063806519,middle
W2799252691,A5058774217,last
W2804453353,A5044217809,first
W2804453353,A5085924325,last
W2806770713,A5059460348,last
W2808524641,A5082350046,first
W2885262037,A5053338117,last
W2889821387,A5077953037,first
W2891048258,A5013390628,first
W2891415046,A5040077525,last
W2893055692,A5070191750,first
W2894235419,A5016399094,first
W2894235419,A5018348928,last
W2898870120,A5043222605,first
W2906712324,A5064437896,first
W2909445348,A5068428912,first
W2912880564,A5031554273,first
W2913716937,A5070626889,first
W2946743811,A5081473165,first
W2946743811,A5019602694,middle
W2946743811,A5034394112,middle
W2946743811,A5088876922,middle
W2946743811,A5062714455,last
W2952822317,A5078644151,first
W2952822317,A5064693902,middle
W2952822317,A5064821404,last
W2953424576,A5059484441,first
W2974060888,A5087825639,first
W2974060888,A5040323322,middle
W2974060888,A5086572718,middle
W2974060888,A5049949859,last
W2985307783,A5040588174,first
W2988068836,A5091350284,first
W3000334173,A5025038338,first
W3000334173,A5055874976,middle
W3003896178,A5025542785,first
W3003896178,A5005383856,last
W3005564854,A5055785001,middle
W3005564854,A5076899636,last
W3009346606,A5031719200,first
W3101951402,A5012502919,first
W3110550370,A5041522926,first
W3136710628,A5085968849,last
W3140459166,A5052783753,first
W3148937999,A5089860351,first
W3148937999,A5029335324,middle
W3168683445,A5023539329,first
W3168683445,A5038825611,middle
W3168683445,A5045198429,last
W3176941193,A5002582314,first
W3176941193,A5089685940,last
W3202522475,A5091610469,first
W3202522475,A5071519931,middle
W3202522475,A5051618471,last
W3209968729,A5065683195,first
W420229137,A5053302120,first
W4211171810,A5067298498,first
W4231043603,A5025200643,first
W4232315243,A5007341331,first
W4234831810,A5010357390,middle
W4234831810,A5055987663,middle
W4242046173,A5065683195,first
W4244271297,A5031454215,last
W4244443682,A5057914940,first
W4248342900,A5025845058,first
W4249406921,A5068880265,first
W4255581108,A5084818726,first
W4255581108,A5086782075,last
W4288345475,A5060550722,first
W4288345475,A5018183368,last
W4291301095,A5003494036,first
W4291301095,A5059156831,middle
W4291301095,A5012042510,middle
W4291301095,A5080787031,middle
W4291301095,A5061259545,middle
W4291301095,A5029914254,last
W4298967550,A5068406436,first
W578521179,A5018785625,first
W589033462,A5017379684,first
W589033462,A5072585065,middle
W625227916,A5042805707,first
W658004489,A5001410548,first
W1503983557,A5079208483,first
W1503983557,A5017922440,last
W1602423718,A5052476945,last
W1778223574,A5065297366,first
W2139026754,A5061578813,first
W2290841983,A5068316260,first
W2466525027,A5077974517,first
W2493232988,A5025355465,first
W2493232988,A5033327475,last
W2498164808,A5060410945,first
W2498164808,A5002880106,middle
W2498164808,A5072561518,last
W2504811047,A5089446348,first
W2504811047,A5087274656,middle
W2504811047,A5011417359,last
W2509685657,A5056326007,middle
W2524411464,A5042286369,first
W2528879618,A5039480864,first
W2528879618,A5010058559,middle
W2528879618,A5013635993,middle
W2528879618,A5053961844,middle
W2528879618,A5085598532,last
W2531778495,A5000975435,first
W2531778495,A5068271733,middle
W2531778495,A5066861637,last
W2537412856,A5072241102,first
W2537412856,A5069398574,middle
W2537412856,A5087542455,last
W2538758730,A5029968032,first
W2538758730,A5061253990,middle
W2538758730,A5033200783,last
W2549731080,A5005837856,first
W2549731080,A5015550681,middle
W2549731080,A5011976667,last
W2559287751,A5005258575,first
W2559287751,A5053155252,middle
W2559287751,A5080901387,middle
W2559287751,A5070517688,last
W2559392913,A5067231523,first
W2559392913,A5025980889,last
W2562615954,A5016722544,first
W2562615954,A5040909378,last
W2562970040,A5013097925,first
W2562970040,A5035784238,last
W2563839836,A5024483459,last
W2571973368,A5000979565,first
W2571973368,A5030574728,last
W2572432758,A5021742266,first
W2573923065,A5011898882,middle
W2573923065,A5022389672,last
W2573937983,A5044905125,first
W2573937983,A5053102135,last
W2575056043,A5022925389,first
W2577145830,A5026359531,middle
W2577713478,A5087542455,first
W2577713478,A5052669824,middle
W2577713478,A5054297203,last
W2579472400,A5041435494,middle
W2579472400,A5068072924,last
W2580835165,A5003499293,first
W2580835165,A5000019969,middle
W2580835165,A5037826339,middle
W2580835165,A5011223914,last
W2581492401,A5085060529,first
W2581492401,A5025850899,middle
W2581492401,A5015173931,last
W2583003450,A5020448024,first
W2585928444,A5016711703,first
W2585928444,A5000126821,last
W2586192452,A5083884725,first
W2586192452,A5061587832,last
W2586435984,A5012269935,first
W2586435984,A5084419948,middle
W2586435984,A5025412768,middle
W2586435984,A5007357347,middle
W2586435984,A5085844346,last
W2587563374,A5040826420,first
W2587563374,A5007719662,middle
W2587563374,A5028979534,last
W2588673441,A5008622179,first
W2589370854,A5071496825,first
W2591591106,A5028098322,first
W2591591106,A5013794426,last
W2594270810,A5085724874,first
W2595544106,A5090988827,first
W2595544106,A5065315909,last
W2595680003,A5091669020,first
W2595711997,A5078348621,first
W2596810401,A5030017120,first
W2596810401,A5007144110,last
W2597636212,A5082933440,first
W2597636212,A5065813814,middle
W2597636212,A5010574070,middle
W2598491356,A5017657481,first
W2598835551,A5025019869,middle
W2599220381,A5089226693,first
W2599627995,A5020518108,first
W2599627995,A5061831201,last
W2599843037,A5091097148,first
W2599843037,A5055147845,last
W2602802117,A5030571651,first
W2603141756,A5020310155,last
W2604855963,A5021153952,first
W2604855963,A5075149391,last
W2608936890,A5052072718,first
W2608936890,A5012275958,last
W2610563570,A5082441727,first
W2610563570,A5066888786,last
W2610916731,A5044868045,first
W2611409200,A5001897767,first
W2612792825,A5090511718,first
W2618046069,A5030892258,first
W2618556930,A5003270859,first
W2618730402,A5062736671,first
W2618730402,A5054865304,last
W2619346199,A5069573108,first
W2619346199,A5047196657,last
W2622185232,A5015768486,middle
W2622426330,A5073156550,middle
W2622426330,A5049750015,last
W2625275751,A5025051687,first
W2625275751,A5072587042,last
W2724589664,A5053217373,last
W2728060598,A5052519095,first
W2734636678,A5075484247,first
W2734636678,A5081225515,middle
W2734636678,A5011142751,last
W2734864244,A5043278419,first
W2734864244,A5068858132,last
W2734912681,A5069580705,first
W2735704353,A5024123067,first
W2736940522,A5028146693,first
W2738756939,A5072150711,first
W2738756939,A5049273485,middle
W2738756939,A5045879377,middle
W2738756939,A5029442845,middle
W2738756939,A5062936650,last
W2740137630,A5018950644,first
W2741768193,A5032983456,first
W2741768193,A5002496535,last
W2743999885,A5087866084,first
W2743999885,A5017716310,last
W2745150923,A5081570736,first
W2745150923,A5054245918,last
W2746670130,A5071340315,first
W2747345821,A5055158724,first
W2747596916,A5017042977,first
W2747596916,A5074751992,last
W2749590944,A5059395377,middle
W2749590944,A5019306074,middle
W2750995187,A5072657289,first
W2750995187,A5056380828,middle
W2750995187,A5082648896,last
W2751094403,A5079812906,first
W2751474445,A5060693139,first
W2754396448,A5057282687,middle
W2754396448,A5045863168,middle
W2754396448,A5028399577,last
W2759193630,A5060011792,last
W2762041816,A5010434536,first
W2762653175,A5073390013,last
W2762910626,A5007932751,first
W2763277207,A5026312652,first
W2763277207,A5017743551,middle
W2763277207,A5020091080,middle
W2763277207,A5061127138,middle
W2765164122,A5027761977,first
W2765164122,A5039740876,middle
W2765164122,A5067273251,middle
W2765164122,A5007905483,last
W2765529875,A5036993630,first
W2765529875,A5037233397,last
W2768399995,A5082956272,first
W2768399995,A5047142538,middle
W2768399995,A5032726522,last
W2770693966,A5059904315,first
W2770693966,A5044280107,middle
W2772072145,A5048157368,first
W2775413416,A5042850084,first
W2776428853,A5003964759,first
W2779776860,A5001416430,first
W2779776860,A5043211253,last
W2780513715,A5044075941,middle
W2780513715,A5033321915,middle
W2781806754,A5084146974,first
W2791931128,A5085533002,first
W2793789741,A5064670487,first
W2799799306,A5048485737,middle
W2803317737,A5021013735,last
W2808052424,A5035355100,first
W2808071675,A5010313800,first
W2808071675,A5006150945,last
W2888998895,A5070689971,first
W2889088184,A5073848814,first
W2889297574,A5012462608,first
W2890385677,A5059375615,first
W2890393442,A5017149916,first
W2890393442,A5064303268,last
W2891942924,A5084715042,first
W2891942924,A5041621696,middle
W2891942924,A5067441596,middle
W2891942924,A5025532101,last
W2893158555,A5004350213,first
W2895676407,A5061181545,first
W2897638556,A5017085949,first
W2898631965,A5007348007,first
W2899091212,A5001001475,first
W2900400926,A5049238367,first
W2900400926,A5038229891,middle
W2900400926,A5003642294,middle
W2900400926,A5080340791,middle
W2904176672,A5015489617,last
W2904436254,A5073233654,first
W2904436254,A5056867259,last
W2905252520,A5001738258,middle
W2913046108,A5053489712,first
W2913046108,A5053214047,middle
W2913046108,A5031155155,last
W2913379793,A5088807623,last
W2913914109,A5062585774,first
W2913914109,A5006834833,middle
W2913914109,A5010562729,last
W2915226125,A5007474538,first
W2916792685,A5012120519,last
W2917617167,A5077917380,first
W2945508198,A5087116674,first
W2945508198,A5005926383,middle
W2945508198,A5056776038,last
W2952882400,A5040666221,middle
W2970245710,A5078939222,first
W2972233716,A5087861219,first
W2972233716,A5022581623,middle
W2972233716,A5021679744,middle
W2972233716,A5070680556,last
W2975469097,A5002547259,last
W2976600058,A5042087981,first
W2976600058,A5069875065,middle
W2976600058,A5025978995,last
W2978243255,A5081855006,first
W2998767915,A5037826339,first
W2998767915,A5005922530,middle
W2998767915,A5046500091,last
W3000304462,A5041717479,first
W3004299636,A5050869324,first
W3004299636,A5084924744,last
W3109030003,A5088457398,first
W3109030003,A5056135811,middle
W3109030003,A5033441969,middle
W3109030003,A5029998748,middle
W3109030003,A5014268576,middle
W3109030003,A5001428487,last
W3138532867,A5050110511,first
W3139976512,A5045198704,first
W3139976512,A5040101293,middle
W3139976512,A5070697660,middle
W3139976512,A5005151737,last
W3173150001,A5064865254,middle
W3181508835,A5022649669,first
W3197989168,A5038976962,middle
W414632860,A5027022098,first
W4230347681,A5047189052,first
W4230358669,A5066098278,first
W4230690788,A5033133178,first
W4230690788,A5012532291,last
W4233154807,A5038754220,middle
W4233154807,A5091763785,last
W4235558310,A5041564618,middle
W4235558310,A5041874420,last
W4235779354,A5082812594,first
W4236471758,A5059375615,first
W4240250192,A5023963189,middle
W4240250192,A5004526260,last
W4242914815,A5083040338,last
W4244641440,A5067973810,first
W4247877290,A5046098033,first
W4247877290,A5043670176,middle
W4247877290,A5045809433,last
W4248811722,A5037161671,first
W4253212964,A5013710111,first
W4253212964,A5005815043,last
W4253237653,A5038100799,last
W4254402981,A5013631723,middle
W4254402981,A5026299811,last
W4255220629,A5073245124,first
W4255266951,A5039402094,first
W4300094793,A5087189799,first
W4300094793,A5042080311,middle
W4300094793,A5051821799,last
W4302045966,A5050286338,first
W4302045966,A5050012170,last
W4302607573,A5033850552,first
W625332807,A5032492406,first
W1484191183,A5054859935,middle
W1484191183,A5067823969,last
W1502215183,A5036156061,last
W2101361695,A5059795284,first
W2101361695,A5057579567,middle
W2101361695,A5088758379,last
W2109287330,A5057184900,last
W2182579195,A5078577199,first
W2182579195,A5084619723,last
W2325373643,A5051508511,first
W2325373643,A5080181390,middle
W2325373643,A5076508187,middle
W2325373643,A5017560763,middle
W2325373643,A5069466172,middle
W2325373643,A5009915982,last
W2339298402,A5007989062,last
W2485307888,A5083502688,first
W2485307888,A5004385039,last
W2487660502,A5050680939,first
W2507923110,A5058475882,first
W2507923110,A5073956678,middle
W2511130695,A5015527982,first
W2511130695,A5032429408,middle
W2511130695,A5067452439,last
W2513538565,A5049986671,first
W2513538565,A5051056050,last
W2520557070,A5025248865,first
W2522097802,A5039480864,first
W2522097802,A5016380950,middle
W2522097802,A5016214321,middle
W2522097802,A5036583939,last
W2527371264,A5021494299,first
W2527371264,A5082105962,middle
W2527371264,A5043317774,last
W2537833141,A5083317982,first
W2537833141,A5027869481,middle
W2537833141,A5082461857,middle
W2537833141,A5005837856,last
W2555141260,A5053700476,first
W2557746466,A5091707213,first
W2557746466,A5032387294,middle
W2557746466,A5071609609,last
W2558619758,A5057292210,first
W2558619758,A5091720865,middle
W2558619758,A5058451476,middle
W2558619758,A5075712660,last
W2559957216,A5082978886,middle
W2562178730,A5066114237,first
W2562690047,A5047894197,first
W2568175948,A5084912618,first
W2568761434,A5033621772,first
W2571752385,A5059746962,first
W2571752385,A5081832457,middle
W2573395506,A5034910352,first
W2573395506,A5070304140,last
W2573905428,A5064208829,first
W2579475669,A5044695992,first
W2583306015,A5062128948,first
W2583306015,A5001755544,middle
W2586090966,A5075799156,first
W2586090966,A5081219742,middle
W2586090966,A5016506001,middle
W2586090966,A5086286704,middle
W2586090966,A5019614099,last
W2586171808,A5052976346,first
W2587460870,A5040035817,first
W2587460870,A5058887761,middle
W2587460870,A5067088014,last
W2592422685,A5011108953,first
W2592882612,A5084999631,first
W2592923642,A5046676730,middle
W2592947368,A5088488739,first
W2592947368,A5053021104,last
W2593644952,A5074021146,first
W2595311773,A5029514650,first
W2596863005,A5023556444,first
W2596863005,A5068923033,middle
W2596863005,A5043340317,last
W2598411297,A5083720982,first
W2598411297,A5047517734,middle
W2598411297,A5013836679,last
W2600683130,A5040335377,middle
W2600978588,A5059246379,first
W2600978588,A5045806263,last
W2602098375,A5079189391,middle
W2602098375,A5029342918,middle
W2602098375,A5013182882,last
W2603506970,A5090468012,first
W2604049431,A5040124819,first
W2605513656,A5081107954,middle
W2605513656,A5080038836,last
W2605877785,A5046098033,first
W2605877785,A5043670176,middle
W2605877785,A5045809433,last
W2606272760,A5011320516,first
W2606539422,A5028276052,first
W2607483753,A5083279638,first
W2607483753,A5058898734,middle
W2607811137,A5031220156,first
W2607811137,A5085023621,middle
W2607811137,A5047653664,middle
W2607811137,A5057541763,middle
W2607811137,A5012433970,last
W2610116715,A5083206686,first
W2610116715,A5004555174,middle
W2610116715,A5049422078,middle
W2610116715,A5000515821,middle
W2610116715,A5057709904,last
W2610620675,A5031271656,last
W2611754625,A5041486421,first
W2612803767,A5044722223,first
W2613170181,A5043670176,first
W2613170181,A5046098033,middle
W2613170181,A5045809433,middle
W2613170181,A5048247068,last
W2613812121,A5062587404,first
W2613812121,A5069043950,middle
W2613812121,A5061520245,last
W2614076604,A5067870200,middle
W2614354695,A5023054189,middle
W2614354695,A5042465733,middle
W2614354695,A5051737014,last
W2614844760,A5034210771,first
W2614979293,A5080957042,first
W2614979293,A5087772837,last
W2617487731,A5005633333,first
W2617807420,A5012896462,first
W2618961528,A5010072790,first
W2619574159,A5035011500,first
W2622810779,A5084773929,first
W2622810779,A5061116975,last
W2626948405,A5050768547,first
W2687920384,A5090424792,last
W2711987765,A5060954837,middle
W2713085968,A5076742472,first
W2725409366,A5005028714,first
W2725994749,A5084728323,first
W2728201608,A5091038046,first
W2728201608,A5072152949,middle
W2728201608,A5087334854,last
W2731902850,A5012306299,first
W2734671648,A5077105620,first
W2735552602,A5015524050,first
W2735552602,A5064858640,middle
W2735552602,A5031779484,last
W2736243351,A5021845040,first
W2736243351,A5067873815,middle
W2737605404,A5030236479,first
W2737605404,A5007989062,last
W2739396666,A5057463168,first
W2739396666,A5024008270,last
W2740541622,A5088553678,first
W2741819501,A5073647473,middle
W2741819501,A5091019801,middle
W2741819501,A5059934493,middle
W2741819501,A5047600411,last
W2741965867,A5029643590,first
W2741965867,A5087469578,middle
W2741965867,A5081653507,middle
W2741965867,A5035373577,middle
W2741965867,A5085822620,middle
W2743382245,A5021741190,middle
W2743382245,A5086834753,middle
W2743382245,A5046327941,last
W2744064743,A5064745062,middle
W2744805829,A5068366252,first
W2744805829,A5053594805,last
W2745865875,A5070397490,first
W2745865875,A5069741452,middle
W2745865875,A5070776318,middle
W2745865875,A5059876679,middle
W2745865875,A5009044173,middle
W2745865875,A5083874423,last
W2746661049,A5000685260,first
W2746939340,A5005258575,first
W2746939340,A5080901387,middle
W2746939340,A5080264301,middle
W2746939340,A5070517688,last
W2747211059,A5075081444,first
W2748678406,A5034657358,first
W2748678406,A5064355276,middle
W2748678406,A5043499130,middle
W2748678406,A5083435816,last
W2750683984,A5084463899,first
W2750731537,A5074320068,middle
W2750731537,A5030108932,last
W2750947391,A5007345713,first
W2751351466,A5067789332,first
W2751351466,A5087111199,last
W2752648314,A5078348621,last
W2753513496,A5067143303,first
W2753796966,A5048396287,first
W2753848312,A5030210439,first
W2753913551,A5042240859,first
W2755005265,A5027520495,middle
W2755872809,A5024141690,last
W2757039215,A5065478344,first
W2757039215,A5064546889,last
W2761789592,A5055149475,first
W2761789592,A5026614668,middle
W2761789592,A5029012645,middle
W2761789592,A5079862087,middle
W2761789592,A5029118616,middle
W2761789592,A5011059738,middle
W2761789592,A5031376838,middle
W2761789592,A5025231703,middle
W2761789592,A5079083101,last
W2762191278,A5066372965,first
W2762191278,A5042208159,middle
W2762191278,A5014620165,middle
W2762191278,A5039808494,last
W2762271034,A5086461942,first
W2762271034,A5054971100,middle
W2762271034,A5040236693,last
W2763081480,A5041897475,first
W2763081480,A5064448841,middle
W2763081480,A5003225736,middle
W2763081480,A5074644948,middle
W2763081480,A5025241352,last
W2763299539,A5044498444,first
W2763299539,A5041192265,last
W2763619304,A5078535021,last
W2763820126,A5011208990,first
W2763820126,A5026789951,middle
W2763820126,A5063872988,middle
W2763820126,A5021465409,middle
W2763820126,A5024991922,last
W2765105665,A5005039328,middle
W2765329518,A5032458692,first
W2765416465,A5012729267,first
W2765416465,A5029318873,middle
W2765891369,A5091768977,first
W2765891369,A5012774534,middle
W2765891369,A5001187320,middle
W2765930932,A5069322561,first
W2766083841,A5083720929,first
W2766264546,A5044845195,first
W2766264546,A5028412655,middle
W2766264546,A5058978684,last
W2766386800,A5028745514,first
W2766386800,A5004617065,middle
W2766386800,A5054096071,last
W2766763681,A5084925986,first
W2767397149,A5040821080,first
W2768729037,A5008787905,first
W2768729037,A5049422969,middle
W2768729037,A5009324770,middle
W2768729037,A5011357293,last
W2769618262,A5025542785,first
W2769618262,A5005383856,last
W2769772806,A5072750611,first
W2769772806,A5090548745,middle
W2769772806,A5036503167,middle
W2769772806,A5070093758,middle
W2769772806,A5058166292,middle
W2769772806,A5089923187,middle
W2769772806,A5060812959,middle
W2769772806,A5070169836,middle
W2769772806,A5012347190,middle
W2769772806,A5040542771,middle
W2769772806,A5043917711,last
W2770049470,A5048618685,last
W2770813999,A5079609113,first
W2770813999,A5076828114,last
W2770917232,A5063634534,middle
W2770917232,A5004454214,middle
W2770917232,A5067095662,middle
W2770917232,A5032641515,last
W2771338094,A5065151932,last
W2771383124,A5037437190,middle
W2771521677,A5056804163,first
W2771935954,A5071092440,first
W2772244276,A5053354039,first
W2774833404,A5065966118,first
W2776923231,A5055309798,first
W2776923231,A5068803496,middle
W2776923231,A5033674031,last
W2779005392,A5059505353,first
W2779005392,A5003864635,middle
W2782919407,A5047107122,middle
W2782998176,A5067934930,first
W2782998176,A5080291510,last
W2783975854,A5003863159,last
W2786316894,A5070393968,first
W2786673868,A5064773194,first
W2786673868,A5065524943,middle
W2786673868,A5073829257,last
W2787664897,A5045503480,first
W2787664897,A5073880065,middle
W2787664897,A5038237158,middle
W2787664897,A5040032821,last
W2794753524,A5078733350,first
W2799135553,A5016130435,first
W2799744210,A5027911185,first
W2799744210,A5000789461,last
W2801689948,A5058715747,first
W2801689948,A5037879963,middle
W2807894360,A5084447736,first
W2811320659,A5068700788,last
W2888840436,A5031555166,first
W2889361941,A5081902245,last
W2889415708,A5046608587,first
W2889535024,A5034510270,first
W2890144519,A5070770097,first
W2890795278,A5022649669,first
W2890945401,A5062345880,first
W2891046660,A5036222330,first
W2891069538,A5046980164,first
W2891076320,A5019219168,middle
W2891076320,A5080864681,last
W2891479334,A5001083454,first
W2891753052,A5042967855,first
W2895953394,A5051716064,first
W2896196089,A5076581659,first
W2897336521,A5019987811,first
W2898114148,A5056339289,first
W2902097401,A5026295377,middle
W2904078236,A5083732517,first
W2904078236,A5070841724,last
W2905526708,A5041949715,last
W2910616136,A5030087124,last
W2910690472,A5048899939,first
W2910690472,A5069821716,last
W2911945473,A5037217126,first
W2913482215,A5052621979,first
W2914750696,A5087629740,first
W2916485816,A5055689400,first
W2917851030,A5002336703,first
W2922042098,A5002228469,first
W2922042098,A5070589969,middle
W2922042098,A5042168950,last
W2930304711,A5046260717,last
W2944968979,A5012156289,first
W2945336468,A5019789320,middle
W2945336468,A5076120553,middle
W2948384080,A5036454684,first
W2950593703,A5051743487,first
W2950593703,A5053745515,middle
W2950593703,A5073278035,middle
W2950593703,A5032449102,middle
W2950593703,A5091392919,last
W2970629157,A5001617092,first
W2974353921,A5034235916,first
W2975604237,A5059383949,first
W2988357293,A5012747021,first
W2988357293,A5078747466,middle
W2988357293,A5030516767,last
W2990613117,A5031250150,first
W2993058241,A5029630688,first
W2993058241,A5068767069,middle
W2993058241,A5014709314,last
W2998193157,A5088180686,first
W2998193157,A5008689041,middle
W2998193157,A5021309794,middle
W2998193157,A5046738374,last
W2999007475,A5056339289,first
W3003057761,A5020760956,first
W3003057761,A5067894865,middle
W3003057761,A5082900845,middle
W3003057761,A5012676602,last
W3004308259,A5052200482,first
W3006581848,A5039826742,first
W3011094010,A5079554685,first
W3011094010,A5079761829,last
W3037577026,A5036256141,first
W3037577026,A5087906427,last
W3044419603,A5033980520,middle
W3105755341,A5000045079,last
W3118644091,A5075000413,first
W3121094365,A5087880855,first
W3123428680,A5060898670,first
W3123428680,A5026782847,middle
W3123428680,A5024949637,middle
W3123428680,A5026038664,middle
W3123428680,A5049537828,last
W3129127630,A5060096776,first
W3139982614,A5032833705,first
W3140797239,A5024790189,first
W3147602010,A5019333583,first
W3147602010,A5034269796,last
W3155730630,A5027441338,middle
W3163215613,A5068290307,first
W3163215613,A5033086473,middle
W3163215613,A5033754929,last
W3170112711,A5089999264,first
W3170112711,A5003521155,last
W3173894955,A5080088821,first
W3185540730,A5024835047,first
W3185540730,A5056798292,last
W3192919049,A5043355848,first
W3192919049,A5004680786,middle
W3192919049,A5001475768,last
W3199330326,A5003725262,first
W3201908120,A5063576496,first
W3203847816,A5033671063,first
W3203847816,A5007242502,middle
W3203847816,A5038747694,last
W3207199899,A5072985778,first
W3212080079,A5076153820,middle
W4213356640,A5071274975,middle
W4213356640,A5063154944,middle
W4213356640,A5015514948,last
W4231353708,A5051746616,first
W4231554124,A5050939509,middle
W4232127320,A5046532358,first
W4232127320,A5088796666,middle
W4232127320,A5055916038,middle
W4232127320,A5039793075,last
W4233063034,A5026910540,first
W4233063034,A5081357817,last
W4233099476,A5086062922,first
W4233682405,A5002501248,first
W4234576142,A5075191567,first
W4234659862,A5080687354,middle
W4234659862,A5089820135,last
W4234860767,A5029142306,last
W4236510833,A5047942180,first
W4236972689,A5043490720,first
W4237816401,A5069170843,first
W4237882087,A5050140147,first
W4238254467,A5026666276,first
W4238254467,A5089392906,middle
W4238569704,A5051193434,first
W4238569704,A5031580796,middle
W4238569704,A5087939869,last
W4238878664,A5088522711,first
W4238878664,A5072645144,last
W4238981626,A5023126809,last
W4239037809,A5065963254,first
W4239037809,A5080019796,last
W4239963689,A5017284331,first
W4240099498,A5010621134,first
W4240099498,A5064644612,last
W4240401435,A5004219694,first
W4240401435,A5024670250,middle
W4241294902,A5008411897,first
W4241541347,A5082621363,first
W4241712307,A5091293032,first
W4242324447,A5034243845,first
W4243687781,A5042170109,first
W4243687781,A5015191397,middle
W4243687781,A5068413507,last
W4248153363,A5052587059,first
W4249101417,A5084821293,first
W4252514983,A5050863922,first
W4252514983,A5042115100,middle
W4252514983,A5063897224,last
W4254981994,A5006495935,first
W4255501951,A5090740168,first
W4255501951,A5073757205,middle
W4255501951,A5078408789,last
W4255556944,A5047189052,first
W4297881982,A5039141966,first
W4297881982,A5085412004,last
W4298883829,A5041502445,first
W4298883829,A5039500313,middle
W4298883829,A5019539533,last
W4312744085,A5074754590,first
W561711270,A5057451578,first
W617226374,A5069943863,middle
W653902850,A5049909316,first
W958348898,A5080900401,last
W1449431102,A5053250432,first
W1490877309,A5045004853,first
W1490877309,A5062246198,last
W1527517116,A5011280998,middle
W1534961301,A5023298674,first
W1593838685,A5065055739,first
W1627585567,A5036380946,first
W1627585567,A5076767065,middle
W1627585567,A5040234872,last
W2074105853,A5027352462,last
W2084403370,A5025523911,first
W2084403370,A5023487853,last
W2160236572,A5014166110,first
W2199097115,A5081847038,first
W2226821929,A5027871963,middle
W2412148820,A5036367852,first
W2488516682,A5009997455,first
W2488516682,A5010873302,middle
W2488516682,A5053140739,middle
W2488516682,A5067652312,last
W2490410943,A5075671918,first
W2490410943,A5045783666,middle
W2490410943,A5022432777,middle
W2490410943,A5047932117,middle
W2490410943,A5071230449,middle
W2490410943,A5071959897,last
W2491175199,A5081906404,first
W2491175199,A5010734163,last
W2492881704,A5045948507,first
W2492881704,A5046208589,middle
W2492881704,A5015203693,middle
W2492881704,A5072566023,last
W2502237338,A5030953392,middle
W2502237338,A5036129923,middle
W2502237338,A5058536471,middle
W2502237338,A5079543720,last
W2505851506,A5076911801,first
W2505851506,A5054563299,last
W2509322935,A5076400481,first
W2509322935,A5012275958,middle
W2509322935,A5024400994,last
W2512621563,A5013466440,first
W2512621563,A5018236254,middle
W2512621563,A5068053687,last
W2513873562,A5085560354,first
W2513873562,A5081457365,last
W2518446932,A5041425039,first
W2518446932,A5042635871,last
W2522437047,A5006813623,first
W2522437047,A5049648759,middle
W2522437047,A5016993530,last
W2524229595,A5018728658,first
W2525244623,A5000835810,first
W2525244623,A5057540939,middle
W2525244623,A5017426090,middle
W2525244623,A5006286208,last
W2525471682,A5070798925,middle
W2527402928,A5021722934,first
W2527690014,A5004800558,first
W2528042719,A5017588215,first
W2529533335,A5031700222,first
W2529533335,A5089217723,middle
W2529533335,A5059814300,last
W2537429799,A5035018687,first
W2538822256,A5085432173,first
W2538822256,A5010570894,middle
W2538822256,A5018992272,middle
W2538822256,A5027271119,middle
W2538822256,A5005837856,last
W2548049611,A5081178057,first
W2548049611,A5015455971,middle
W2550738381,A5079426146,first
W2550738381,A5044808320,last
W2552051459,A5004792404,first
W2552051459,A5086900317,middle
W2552051459,A5071962452,middle
W2552051459,A5086649944,last
W2552342004,A5026635176,first
W2552342004,A5076055067,middle
W2552342004,A5036511259,middle
W2552342004,A5055416007,last
W2553498620,A5076662713,last
W2554220685,A5066459681,first
W2554220685,A5007993243,middle
W2554220685,A5079101871,last
W2556758248,A5009730676,first
W2556758248,A5021641046,middle
W2559303398,A5075630183,first
W2559303398,A5003254265,last
W2565438410,A5063242164,first
W2571713987,A5013766382,first
W2572143173,A5033879207,first
W2572143173,A5090691489,middle
W2572143173,A5082179600,middle
W2572143173,A5067297941,middle
W2572143173,A5019969191,middle
W2572143173,A5032556217,middle
W2572143173,A5065590978,last
W2573199594,A5033700890,first
W2574206175,A5058974544,first
W2580229789,A5040041217,middle
W2580229789,A5057616298,last
W2580520369,A5017326471,first
W2584727065,A5042122416,middle
W2584727065,A5008903140,last
W2584874049,A5014919862,first
W2584874049,A5072241102,middle
W2584874049,A5050295176,middle
W2585284410,A5016295654,first
W2585284410,A5090016405,middle
W2585284410,A5078094993,middle
W2585284410,A5082436527,middle
W2585284410,A5073619125,last
W2585667989,A5004696195,first
W2586179883,A5005462033,first
W2586202790,A5029325643,first
W2586202790,A5017450592,last
W2586321973,A5014931730,first
W2586486982,A5061061546,first
W2586486982,A5062894420,middle
W2586486982,A5086060956,middle
W2586486982,A5055416007,last
W2586620644,A5005728523,first
W2586620644,A5048470429,middle
W2586677952,A5089911715,first
W2586785305,A5070135290,first
W2586785305,A5084574203,last
W2586788242,A5089624310,first
W2586788242,A5052828309,last
W2586793579,A5076461974,first
W2587349533,A5047015912,first
W2587480450,A5020310993,first
W2591441839,A5075320184,first
W2592256038,A5064168853,first
W2592256038,A5019708391,last
W2593063066,A5044795548,first
W2593323104,A5029344441,first
W2593537935,A5043995171,last
W2594384032,A5001072898,first
W2594384032,A5024001153,middle
W2594384032,A5074093929,last
W2594756618,A5051571027,first
W2595263618,A5011145955,first
W2595444457,A5090348702,first
W2595444457,A5077299140,last
W2597633522,A5050172755,first
W2597842888,A5024424116,first
W2598675007,A5020210821,first
W2598675007,A5015657679,middle
W2598675007,A5075753793,last
W2598943604,A5082732226,middle
W2598943604,A5053483773,middle
W2598943604,A5053540513,middle
W2600936048,A5022243444,first
W2600940217,A5089417510,middle
W2601088904,A5057246186,first
W2602204694,A5054528917,last
W2602484590,A5000534141,first
W2602678863,A5041199606,first
W2602678863,A5002571252,middle
W2602678863,A5081114810,middle
W2602678863,A5004087827,middle
W2602678863,A5022176859,middle
W2602678863,A5042746008,middle
W2602678863,A5076346273,last
W2604324090,A5005530463,first
W2604489201,A5072934668,first
W2604498319,A5019922027,first
W2604498319,A5020231952,middle
W2604498319,A5030743088,middle
W2604498319,A5074122666,middle
W2604498319,A5089263417,last
W2604705913,A5039264502,first
W2604705913,A5066888888,last
W2605228310,A5073346538,first
W2605228310,A5032995335,last
W2605281770,A5065208534,middle
W2605281770,A5004645706,last
W2605501165,A5030098410,first
W2605527137,A5079638672,first
W2606109433,A5047958803,middle
W2606109433,A5020664363,middle
W2606151451,A5043383832,first
W2606151451,A5031371771,middle
W2606151451,A5049580392,last
W2606232012,A5037797829,first
W2606266744,A5041763327,first
W2606266744,A5004960011,middle
W2606266744,A5010058559,last
W2606496675,A5062845294,first
W2606496675,A5056650362,last
W2606646530,A5041588398,middle
W2606699054,A5041564618,middle
W2606699054,A5041874420,last
W2606895206,A5048831718,first
W2606895206,A5013715271,middle
W2606895206,A5049628259,last
W2606991409,A5060158285,first
W2607261152,A5031373757,first
W2607261152,A5057793009,last
W2607470848,A5009530895,first
W2607937918,A5000870451,first
W2609204633,A5018394543,last
W2610207243,A5049217556,first
W2610455009,A5027362193,first
W2610564794,A5052370734,first
W2610564794,A5085865665,last
W2611401324,A5018417961,first
W2611401324,A5090045951,last
W2611945201,A5032881268,middle
W2611945201,A5009297196,last
W2611992756,A5028889179,first
W2612336148,A5053927049,first
W2612426806,A5023806348,last
W2613028174,A5067850943,last
W2613049537,A5000669585,first
W2613049537,A5065617837,middle
W2613049537,A5034547685,last
W2613262490,A5089514202,first
W2613262490,A5070523747,last
W2613433208,A5044722223,first
W2613449457,A5085867312,first
W2613449457,A5056287221,middle
W2613449457,A5012682692,middle
W2613449457,A5070805897,middle
W2613449457,A5020060490,last
W2613526331,A5077412220,first
W2613526331,A5052842220,middle
W2613526331,A5061752708,last
W2613664168,A5061061546,first
W2613664168,A5022752708,last
W2613903899,A5072659945,first
W2613903899,A5007172071,middle
W2613903899,A5046574640,last
W2614730314,A5035904208,first
W2614773467,A5020665735,first
W2614773467,A5061961859,middle
W2614773467,A5060814361,last
W2615544587,A5070776318,first
W2615544587,A5051650825,middle
W2615544587,A5069681054,middle
W2615544587,A5049098969,middle
W2615544587,A5023589208,middle
W2615544587,A5073626715,middle
W2615544587,A5047118636,last
W2615605071,A5062912448,first
W2615746129,A5081180585,first
W2615746129,A5057904332,middle
W2615746129,A5083963854,middle
W2615746129,A5057947815,last
W2615784051,A5042094990,first
W2616914001,A5089923187,first
W2616914001,A5044280576,middle
W2616914001,A5036503167,middle
W2616914001,A5025406029,middle
W2616914001,A5070093758,middle
W2616914001,A5090548745,last
W2618318769,A5040003187,first
W2618457964,A5072696337,first
W2618457964,A5020781131,middle
W2618457964,A5058341815,middle
W2618457964,A5005837856,last
W2618749383,A5077654742,first
W2618749383,A5073683931,last
W2619783307,A5043174840,last
W2620141732,A5050663093,first
W2620621941,A5071092440,first
W2620646401,A5089475466,first
W2620646401,A5066096051,middle
W2620646401,A5050869595,last
W2620940072,A5067404408,first
W2625067323,A5080044335,first
W2625120146,A5011542486,first
W2625120146,A5012991378,middle
W2625120146,A5073567796,last
W2626020637,A5052520669,first
W2626450708,A5017042977,first
W2626450708,A5039983638,last
W2626534842,A5042304274,first
W2626534842,A5091828542,middle
W2626534842,A5019066833,last
W2631674341,A5049216983,first
W2634255487,A5089220913,middle
W2634255487,A5009564706,last
W2642356091,A5059479627,last
W2686392574,A5004039843,first
W2696010734,A5029440428,first
W2696010734,A5018063949,middle
W2696010734,A5073968263,last
W2709337072,A5091037833,first
W2709337072,A5051625374,last
W2710615947,A5074757034,last
W2718911454,A5058183307,first
W2725817408,A5061961859,first
W2725817408,A5014880376,middle
W2725817408,A5038749016,middle
W2725817408,A5076697411,middle
W2725817408,A5077080413,middle
W2725817408,A5060814361,middle
W2725817408,A5002068604,middle
W2725817408,A5064437234,middle
W2725817408,A5068432327,middle
W2725817408,A5021319515,middle
W2725817408,A5066553616,middle
W2725817408,A5028163457,middle
W2725817408,A5004220534,middle
W2725817408,A5079965425,last
W2728069060,A5038183997,last
W2728951516,A5001549651,last
W2729465074,A5013096348,first
W2730732308,A5026557746,first
W2730732308,A5036218196,last
W2733383281,A5036317806,middle
W2733383281,A5042844168,last
W2734182388,A5027485931,last
W2734543599,A5060700933,first
W2735547262,A5006073369,middle
W2736526444,A5030765476,middle
W2736526444,A5003949731,middle
W2736526444,A5028107284,last
W2737722166,A5008411897,first
W2738310383,A5051281006,first
W2741009321,A5089029287,first
W2741009321,A5039951150,middle
W2741009321,A5058407177,last
W2741410651,A5041849374,first
W2741410651,A5008552720,last
W2742140400,A5068049138,first
W2742140400,A5055756907,last
W2742473259,A5011368149,first
W2742473259,A5087542455,middle
W2742473259,A5008986898,middle
W2742473259,A5073138931,last
W2742589553,A5028034006,middle
W2742589553,A5020472157,middle
W2742589553,A5080276914,middle
W2742589553,A5068751690,last
W2743492752,A5026850687,first
W2744998402,A5048305243,first
W2744998402,A5017129044,middle
W2744998402,A5059494163,middle
W2746952347,A5049321721,first
W2746952347,A5041655293,middle
W2746952347,A5088746380,middle
W2746952347,A5011132889,last
W2747118902,A5086305094,first
W2747118902,A5072517600,last
W2747554153,A5067416693,first
W2747554153,A5079380722,middle
W2748093321,A5078717499,middle
W2748289595,A5031491416,first
W2748289595,A5084517348,middle
W2748289595,A5008197461,middle
W2748289595,A5026692089,middle
W2748289595,A5004281564,middle
W2748289595,A5011514454,middle
W2748289595,A5016015016,middle
W2748289595,A5039390267,middle
W2748289595,A5016238183,middle
W2748289595,A5004194130,middle
W2748289595,A5090553191,middle
W2748289595,A5075287635,middle
W2748289595,A5023359945,middle
W2748289595,A5003932703,middle
W2748289595,A5068564693,middle
W2748289595,A5067908103,middle
W2748289595,A5060263666,last
W2749959825,A5049040962,first
W2750681971,A5091350284,first
W2751427641,A5005336449,middle
W2751851213,A5025058941,first
W2751851213,A5009930587,middle
W2751851213,A5045667752,last
W2751968261,A5030109986,first
W2751968261,A5034243484,middle
W2751968261,A5028579062,last
W2752063850,A5046141922,first
W2752063850,A5071963696,last
W2752753322,A5010962789,first
W2753804624,A5082908174,last
W2755303196,A5034391466,middle
W2756183070,A5043355848,first
W2756183070,A5004680786,middle
W2756183070,A5001475768,last
W2756421196,A5082645155,first
W2757683603,A5084835369,first
W2757683603,A5067068847,middle
W2757683603,A5060416195,middle
W2757683603,A5074637281,middle
W2760287371,A5049980825,first
W2760287371,A5013245112,last
W2761002495,A5001575774,first
W2761002495,A5004397914,middle
W2761002495,A5076845066,last
W2762104162,A5018312773,first
W2762180239,A5066044089,first
W2762286671,A5003393933,first
W2762286671,A5048928616,last
W2762339600,A5003276418,first
W2762460794,A5033651710,first
W2762879067,A5043998433,last
W2763395017,A5006145895,first
W2763917743,A5085088187,first
W2764276624,A5076766601,first
W2764276624,A5044584294,last
W2765191058,A5047632507,first
W2765191058,A5003201228,middle
W2765191058,A5067598423,middle
W2765191058,A5053811601,last
W2765569755,A5062747197,first
W2765569755,A5046173193,middle
W2765569755,A5047871627,middle
W2765569755,A5074367803,last
W2765749860,A5005967060,first
W2765749860,A5049235512,middle
W2765973551,A5065210119,first
W2766073465,A5000618048,first
W2766073465,A5014631662,middle
W2766073465,A5079833473,last
W2766170178,A5073568638,first
W2766202132,A5063115461,first
W2766423380,A5052171222,last
W2766798115,A5070435685,first
W2766798115,A5076283372,middle
W2766798115,A5006205250,middle
W2766798115,A5026537714,middle
W2766798115,A5017642893,middle
W2766798115,A5036052557,middle
W2766798115,A5000176044,middle
W2766798115,A5041826015,last
W2766950039,A5032518268,first
W2766950039,A5027939946,middle
W2767147905,A5025360037,first
W2767147905,A5007714809,last
W2767392160,A5083717529,first
W2767717222,A5026968273,first
W2767717222,A5086156597,middle
W2767717222,A5080560898,last
W2767729007,A5035738268,first
W2767729842,A5072189257,first
W2767729842,A5054324571,last
W2767970794,A5058920297,first
W2768085285,A5029477698,first
W2768085285,A5036067425,middle
W2768085285,A5037446815,middle
W2768085285,A5000296607,middle
W2768085285,A5031266770,middle
W2768085285,A5064562846,last
W2768253215,A5055255175,first
W2768294947,A5023580231,first
W2768877776,A5000885553,first
W2769158737,A5029477698,first
W2769158737,A5036067425,middle
W2769158737,A5037446815,middle
W2769158737,A5029072011,middle
W2769158737,A5050463349,last
W2769333672,A5029573243,last
W2769432936,A5036400158,first
W2769941600,A5025918292,first
W2769941600,A5006070343,middle
W2769941600,A5087111199,middle
W2769941600,A5083131059,last
W2770176526,A5076370408,first
W2770176526,A5059337001,last
W2771248179,A5006211289,middle
W2771248179,A5007427094,last
W2772419937,A5024018042,first
W2772802819,A5010941207,first
W2772802819,A5070478834,last
W2773337956,A5003824935,last
W2773649045,A5086015490,first
W2773649045,A5065697164,middle
W2773649045,A5064292854,last
W2774710577,A5085176321,first
W2774710577,A5063771738,middle
W2774710577,A5068676566,last
W2777122644,A5042746008,first
W2777122644,A5087180022,middle
W2777122644,A5075788811,middle
W2777122644,A5044887883,last
W2777182349,A5086894677,last
W2777291890,A5059174022,first
W2777989969,A5014385735,first
W2778782155,A5030467047,middle
W2781867943,A5067307112,first
W2782845368,A5039403639,first
W2783341087,A5023185369,first
W2783674639,A5086274478,first
W2784180025,A5079743142,middle
W2784180025,A5008503544,last
W2784550932,A5018789687,last
W2785506588,A5062263256,first
W2785568368,A5040365208,first
W2785777790,A5090988827,first
W2787584139,A5087920354,last
W2788619968,A5081225515,last
W2788622716,A5036509639,first
W2789235082,A5074590042,first
W2791671132,A5088964037,last
W2792267217,A5003045321,first
W2792588286,A5006346958,first
W2792793170,A5027652056,first
W2792793170,A5041098471,last
W2795246504,A5063310531,first
W2795373691,A5083220044,middle
W2795535983,A5026275444,first
W2795535983,A5085335307,middle
W2795535983,A5008051893,middle
W2795535983,A5085163349,middle
W2795914279,A5009257418,first
W2797414294,A5062694031,first
W2797653361,A5018565944,first
W2797653361,A5063914122,middle
W2797653361,A5006376848,last
W2798502189,A5016784278,first
W2798673122,A5085422836,first
W2799695287,A5089082312,first
W2799695287,A5029639206,last
W2802337542,A5058581622,first
W2802337542,A5008433679,last
W2803599011,A5063476672,first
W2804656380,A5025022086,last
W2804755708,A5022934757,first
W2804755708,A5035886602,last
W2804994869,A5014467129,first
W2805165131,A5078887910,first
W2805640732,A5068955281,last
W2807368988,A5064331350,first
W2808225300,A5077123581,last
W2808623534,A5089897150,first
W2808961718,A5085508752,first
W2883366728,A5025475863,last
W2884597576,A5067764381,first
W2885800541,A5010300565,first
W2885800541,A5044961218,last
W2885983814,A5011244622,first
W2886321497,A5077028946,first
W2888435099,A5073849580,first
W2888435099,A5070382607,middle
W2888435099,A5034253077,middle
W2888435099,A5053751069,last
W2888656834,A5010950844,first
W2889016165,A5023494109,middle
W2889167448,A5005732060,first
W2889314157,A5091443670,first
W2889314157,A5017162342,last
W2889435496,A5058164094,middle
W2889857762,A5073724141,first
W2890271199,A5028171673,first
W2890367478,A5075672922,last
W2890532495,A5032821983,first
W2890532495,A5018920322,last
W2890594918,A5038754220,middle
W2890594918,A5091763785,last
W2891584794,A5080503589,first
W2891588469,A5001547897,first
W2891588469,A5055754208,last
W2891715448,A5041154856,first
W2894389421,A5069596420,first
W2895137661,A5010813937,last
W2895886391,A5009166877,first
W2895886391,A5035337020,last
W2896068060,A5077323643,first
W2896235808,A5022635925,first
W2896757664,A5073775464,first
W2897454584,A5020533881,middle
W2897454584,A5061245143,last
W2897726651,A5078964862,last
W2898597667,A5030933218,first
W2898597667,A5001786085,last
W2899161576,A5071539131,last
W2900592674,A5065853724,last
W2900741650,A5025079893,first
W2902480059,A5007692329,first
W2902480059,A5004587355,last
W2902866359,A5075601831,middle
W2903475300,A5026295377,first
W2903475300,A5026295377,middle
W2903658618,A5086467691,first
W2903658618,A5010184811,middle
W2904257782,A5014463806,last
W2904285073,A5015686534,first
W2904285073,A5021106880,last
W2904965141,A5041317854,first
W2905032752,A5049180240,first
W2905032752,A5027176766,last
W2905356757,A5048466461,first
W2905990204,A5038271432,middle
W2908651772,A5078120478,first
W2909060151,A5059042590,first
W2909060151,A5037762972,last
W2909194115,A5038400253,first
W2909259803,A5001322159,last
W2909568601,A5038383219,first
W2911966706,A5045568346,first
W2912557105,A5090967587,first
W2914672353,A5019155460,first
W2914876452,A5000492235,first
W2915357863,A5037681511,last
W2916135815,A5047698688,first
W2917572434,A5031423617,first
W2920882285,A5024501121,first
W2920882285,A5059180650,middle
W2920882285,A5050903837,middle
W2920882285,A5012372361,middle
W2920882285,A5045190581,middle
W2920882285,A5087367222,middle
W2920882285,A5090205116,middle
W2920882285,A5041538123,middle
W2920882285,A5076918148,middle
W2920882285,A5080983713,middle
W2920882285,A5043334355,middle
W2920882285,A5026427534,middle
W2920882285,A5051286524,middle
W2920882285,A5051938848,middle
W2920882285,A5012679236,middle
W2920882285,A5028441647,middle
W2920882285,A5085569944,middle
W2920882285,A5082858886,middle
W2920882285,A5007121933,middle
W2920882285,A5087235995,middle
W2920882285,A5073570946,middle
W2920882285,A5078937916,middle
W2920882285,A5000186305,middle
W2920882285,A5046932726,middle
W2920882285,A5047093707,middle
W2920882285,A5046433642,middle
W2920882285,A5087379941,middle
W2920882285,A5038913522,middle
W2920882285,A5005721507,middle
W2920882285,A5051439492,last
W2944601849,A5049783208,first
W2944601849,A5067968369,middle
W2944601849,A5062942647,middle
W2944601849,A5005053622,middle
W2944601849,A5061719129,middle
W2944601849,A5089021831,middle
W2944601849,A5006091851,last
W2948534689,A5039918256,first
W2949340920,A5059264167,first
W2951869710,A5020530552,first
W2951869710,A5041706189,middle
W2953245718,A5006835928,first
W2953915016,A5014380320,first
W2969938835,A5014452770,middle
W2969938835,A5036485959,middle
W2970084047,A5031857121,first
W2970687240,A5055750376,first
W2971210995,A5014829491,first
W2972939217,A5066674084,first
W2972939217,A5049701126,last
W2974036678,A5072377971,first
W2974036678,A5040633710,middle
W2974036678,A5051336665,middle
W2974036678,A5076587308,last
W2977301673,A5040104451,first
W2977301673,A5004070773,middle
W2980449404,A5052858587,first
W2982575141,A5004009884,middle
W2987098034,A5064027149,first
W2988106629,A5006002501,first
W2989915105,A5084996439,first
W2989915105,A5032813047,last
W2995315743,A5001343879,last
W2996181837,A5077424581,first
W2996181837,A5090281331,last
W3000624264,A5074694784,first
W3000624264,A5057681089,last
W3000753085,A5091344250,last
W3001069444,A5064801706,middle
W3001069444,A5089290365,last
W3004227182,A5089837621,last
W3004776291,A5082393601,last
W3004911158,A5068097897,first
W3004911158,A5088144038,last
W3005241270,A5024800996,first
W3005770118,A5014235461,first
W3005770118,A5009055815,last
W3005842406,A5035671477,last
W3007569985,A5009848832,middle
W3011857146,A5017073371,first
W3020343646,A5078097850,first
W3020343646,A5084031005,last
W3022285430,A5069991474,last
W3040835064,A5062795932,first
W3044040416,A5030251080,first
W3045323853,A5062631934,first
W3098576471,A5009057924,first
W3098576471,A5072800324,middle
W3098576471,A5045123046,middle
W3098576471,A5072423303,last
W3107194291,A5037623834,first
W3107194291,A5009322442,middle
W3107194291,A5052968889,last
W3111055353,A5058475882,first
W3111055353,A5073956678,middle
W3111055353,A5040402369,middle
W3111055353,A5036243132,last
W3112844934,A5021015886,first
W3115230986,A5053328508,first
W3115230986,A5055416007,last
W3121330231,A5019691265,first
W3121330231,A5014451390,middle
W3121330231,A5039654589,middle
W3121330231,A5008235253,last
W3122058148,A5002919229,first
W3122336477,A5067611696,middle
W3122976669,A5075464350,middle
W3122976669,A5025731495,last
W3124241885,A5067743538,first
W3124716049,A5013292309,first
W3124716049,A5053792527,last
W3127844226,A5064734371,first
W3127844226,A5003871871,middle
W3127844226,A5062006648,last
W3132975395,A5044152002,first
W3132975395,A5058021214,last
W3133526558,A5085690680,first
W3151228068,A5043142156,first
W3151228068,A5027645414,last
W3157171190,A5084915488,first
W3157171190,A5028921918,last
W3174834309,A5062748514,first
W3176405006,A5016398086,last
W3181806032,A5017864545,first
W3183281040,A5003537055,first
W3189273972,A5000327658,first
W3189423882,A5080392687,first
W319822989,A5067285661,first
W3204351626,A5042918332,first
W3204351626,A5067565879,middle
W3204351626,A5065962800,middle
W3204351626,A5024100585,middle
W3204351626,A5009791474,middle
W3204351626,A5001153552,middle
W3204351626,A5071191321,last
W3207116374,A5029411287,last
W3210535403,A5037853382,first
W3210535403,A5034725162,middle
W3210535403,A5080395808,last
W3217690302,A5012035215,first
W3217690302,A5031861840,middle
W358879186,A5077543890,first
W4200035428,A5066960754,first
W4205489828,A5052150758,first
W4205489828,A5087256698,middle
W4205489828,A5004171024,last
W4206264352,A5060939242,first
W4210589821,A5013096348,first
W4213244549,A5047189052,first
W4213432056,A5040613543,first
W4229622326,A5042164206,first
W4229966233,A5015931553,first
W4230521312,A5046226629,first
W4230925865,A5073408668,first
W4232375831,A5035272803,middle
W4232766233,A5008601410,first
W4233184898,A5009083588,first
W4233294754,A5077922785,last
W4233837751,A5057837194,first
W4233837751,A5007741837,last
W4235179695,A5071792709,first
W4236041670,A5008848936,first
W4236324485,A5009892717,first
W4236615677,A5059621628,first
W4236615677,A5028672193,last
W4236688728,A5015228081,first
W4237134473,A5082246965,first
W4237249939,A5065683195,first
W4237355211,A5057733859,last
W4238299547,A5058558845,first
W4238382207,A5037576679,first
W4238382207,A5066265708,last
W4238847226,A5086501120,first
W4239391010,A5036343985,first
W4239401767,A5030159286,first
W4239607181,A5057650592,first
W4239607181,A5074305679,last
W4240492876,A5076785459,first
W4240966543,A5016435875,first
W4241387542,A5089861176,first
W4242889333,A5077557534,first
W4243011531,A5080687354,middle
W4243011531,A5089820135,last
W4244303714,A5063471945,middle
W4244504433,A5029882375,first
W4244741002,A5064003235,first
W4246600188,A5050433646,first
W4247292067,A5040559366,middle
W4247727708,A5067723053,first
W4248159364,A5010844099,last
W4248652924,A5010042304,first
W4248652924,A5056809403,last
W4248895003,A5004792776,first
W4248895003,A5080376515,middle
W4249097825,A5042629109,first
W4249326673,A5043080973,first
W4249510954,A5074430413,first
W4249595835,A5062502426,first
W4249595835,A5067561521,last
W4249652028,A5032454122,first
W4249697991,A5073595877,first
W4249825951,A5047528114,first
W4250028919,A5019831102,first
W4250096376,A5007817577,first
W4250864804,A5041418612,first
W4251454744,A5090222983,last
W4251684185,A5029172870,first
W4252468585,A5007380083,first
W4252775965,A5089475466,first
W4252775965,A5066096051,middle
W4252775965,A5050869595,last
W4253794063,A5076809830,first
W4254025563,A5021311306,first
W4254394668,A5037950417,first
W4254724760,A5005453186,first
W4254955137,A5063779091,first
W4255397511,A5012374674,first
W4255503468,A5088133670,first
W4256656511,A5065981590,first
W4300171176,A5069148908,first
W4300652143,A5013395769,first
W4300652143,A5018380170,middle
W4300652143,A5003811106,last
W4300778410,A5075113067,first
W4300778410,A5029126529,last
W4300784260,A5008675858,first
W4300918528,A5060727011,first
W4300918528,A5091360778,middle
W4300918528,A5003476748,middle
W4300918528,A5087317081,last
W4301428559,A5010119869,first
W576102684,A5064097683,last
W583401953,A5035181081,first
W585086705,A5069421451,first
W586542320,A5073669927,first
W593144664,A5057722476,first
W632089528,A5018305440,last
W637779411,A5042947686,first
W644853293,A5006228213,first
W79873234,A5069607027,first
W102226480,A5088621564,first
W110489703,A5054748669,first
W110489703,A5073304892,middle
W110489703,A5049581991,middle
W110489703,A5023575351,middle
W110489703,A5002604255,middle
W127289821,A5084690736,first
W1415595161,A5051255092,first
W142138242,A5059273226,first
W1495040867,A5011465937,last
W1498291074,A5006311694,first
W1503373461,A5058645145,first
W1518341802,A5066562031,first
W1530403325,A5051714366,first
W153726079,A5064771771,first
W153726079,A5076881236,last
W1542461026,A5044287302,last
W1550222793,A5090325024,middle
W1550222793,A5049903806,last
W1550318412,A5048700164,first
W1550318412,A5046912120,last
W1553063764,A5085632474,first
W1553063764,A5085054829,last
W1558734306,A5026240321,first
W1560867814,A5016579792,last
W1568043695,A5007781167,last
W1582149901,A5054699688,first
W1587518456,A5064503736,first
W1593682187,A5043022218,first
W160812508,A5070680730,first
W170555797,A5018729840,first
W170555797,A5062524005,middle
W170555797,A5083827264,middle
W170555797,A5024914469,last
W1804362832,A5035473818,first
W1805189236,A5042144156,first
W1947316415,A5065490821,first
W194757577,A5076724609,first
W1949030666,A5015665078,last
W2117931811,A5065308447,last
W2118210618,A5023942737,first
W2118210618,A5071383424,last
W2200867658,A5052350981,first
W2211630277,A5024116200,first
W2252543889,A5045418207,first
W2258792712,A5085342632,first
W2259501655,A5019453341,first
W226939177,A5025687367,first
W2270050711,A5074610982,first
W2277246601,A5036014169,last
W2289188815,A5056674547,first
W2297623553,A5091477517,first
W2300332645,A5090721739,first
W2301612620,A5052074339,first
W2304588209,A5027594259,first
W231434688,A5011280998,last
W2338515133,A5070914674,middle
W2339075868,A5090559862,first
W2340624240,A5004568400,first
W2399307350,A5053783271,last
W2399403552,A5010848871,middle
W2399403552,A5034027184,middle
W2403907455,A5010885971,first
W2403907455,A5078288395,middle
W2403907455,A5091602832,middle
W2403907455,A5008269094,middle
W2403907455,A5010754981,last
W2404736425,A5023041716,first
W2404736425,A5031188606,last
W2404912283,A5036247461,first
W245815433,A5054401063,first
W245815433,A5077330744,last
W2483387443,A5018400355,middle
W2483387443,A5086579917,last
W2483701184,A5050590358,first
W2483701184,A5090193930,last
W2491614336,A5087542455,first
W2491614336,A5047050571,middle
W2491614336,A5090261224,middle
W2491614336,A5011543714,middle
W2491614336,A5091297862,last
W2493605958,A5084051615,first
W2495028047,A5016882619,first
W2495028047,A5084943474,middle
W2495028047,A5019169592,last
W2495886115,A5016829827,first
W2495886115,A5001733432,last
W2496313626,A5088353529,first
W2496313626,A5044964238,middle
W2496313626,A5001499140,middle
W2496313626,A5076546160,middle
W2496313626,A5027382759,middle
W2496313626,A5090368430,middle
W2496313626,A5023109012,last
W2498756452,A5044088869,first
W2503015163,A5005258575,first
W2503015163,A5023498425,middle
W2503015163,A5053155252,middle
W2503015163,A5061402604,last
W2503612129,A5059976962,first
W2503612129,A5070764916,middle
W2503612129,A5056234740,middle
W2503612129,A5032470825,middle
W2503612129,A5029585274,middle
W2503612129,A5077915981,last
W2504063269,A5073750332,first
W2504063269,A5074593755,middle
W2504063269,A5056557145,middle
W2504063269,A5044903173,middle
W2504063269,A5064609702,last
W2505066767,A5000315816,first
W2505066767,A5088559226,last
W2510949771,A5070820573,first
W2515879321,A5026964820,first
W2519040187,A5089608099,middle
W2519040187,A5024108653,middle
W2519040187,A5030789783,last
W2520276175,A5067748313,last
W2524507314,A5041035215,first
W2524980088,A5084920912,first
W2524980088,A5019757557,middle
W2526162993,A5007593192,first
W2527343920,A5002181012,first
W2527343920,A5019878762,middle
W2527343920,A5038691287,last
W2528539941,A5065664393,first
W2528539941,A5055416007,middle
W2528539941,A5006092977,last
W2529854161,A5042872250,first
W2529957007,A5041240767,last
W2531001597,A5036789855,first
W2531001597,A5035314874,middle
W2531001597,A5047652595,middle
W2531001597,A5073634264,last
W2533190665,A5048470429,middle
W2533190665,A5004696195,middle
W253491455,A5030095031,first
W2537378839,A5075300359,first
W2537378839,A5026317660,last
W2537570965,A5075993804,first
W2539243379,A5052767951,first
W2549902440,A5037029538,first
W2549902440,A5042107424,middle
W2549902440,A5085935488,middle
W2549902440,A5061445568,last
W2552902249,A5087762753,first
W2552902249,A5015749813,middle
W2552902249,A5022137808,middle
W2552902249,A5028760842,last
W2553186746,A5076601811,first
W2554725707,A5056423797,first
W2554725707,A5043790271,middle
W2554725707,A5031228518,last
W2556983846,A5024711955,first
W2556983846,A5036372456,middle
W2556983846,A5030890095,middle
W2559807311,A5024893234,first
W2560121904,A5035213500,middle
W2561119717,A5029001932,first
W2561119717,A5061871375,middle
W2561119717,A5045957703,middle
W2561119717,A5064027625,last
W2562135997,A5022615041,first
W2562587549,A5043993835,middle
W2562587549,A5004708418,middle
W2562587549,A5012034889,last
W2562716982,A5062662647,first
W2562716982,A5006561164,last
W2564528968,A5029477698,first
W2564528968,A5036067425,middle
W2564528968,A5037446815,middle
W2564528968,A5029072011,middle
W2565013909,A5022195537,first
W2565855030,A5029746122,first
W2565891081,A5031273536,last
W2566332387,A5047927390,middle
W2570021463,A5062802424,first
W2570021463,A5029086985,middle
W2570021463,A5028613138,middle
W2570732691,A5018669587,first
W2570732691,A5000975317,last
W2571730111,A5003166497,first
W2571902803,A5089098731,first
W2572199313,A5024212068,middle
W2572199313,A5029915039,middle
W2572306280,A5074567616,middle
W2572329370,A5033700890,first
W2572329370,A5003537646,last
W2572665822,A5066697683,first
W2572669342,A5041168242,middle
W2573109979,A5076898632,first
W2573109979,A5065687300,middle
W2573109979,A5058841326,last
W2573615172,A5022323904,first
W2574121364,A5070766199,first
W2574125921,A5057599389,first
W2574125921,A5060478363,middle
W2574125921,A5035436540,middle
W2574125921,A5042532049,last
W2575693724,A5078290421,middle
W2576001522,A5080241103,middle
W2576547200,A5054842596,last
W2577096320,A5047646273,last
W2577103582,A5083447060,first
W2578391886,A5003849672,first
W2578391886,A5055540340,middle
W2578879397,A5016482035,middle
W2579216891,A5013614226,first
W2579406959,A5030446424,first
W2579406959,A5062380830,middle
W2579406959,A5002834666,middle
W2579406959,A5010697514,last
W2579633066,A5065341742,first
W2579916111,A5089749694,first
W2579975203,A5005933824,first
W2580168603,A5076421509,first
W2580200890,A5044090969,first
W2580520006,A5090668643,first
W2581629513,A5008893502,first
W2581629513,A5021409117,last
W2582243414,A5027695376,first
W2582243414,A5055774608,last
W2582265848,A5056613651,first
W2583885782,A5048572046,first
W2584294430,A5030993729,first
W2584856785,A5089077811,first
W2585059823,A5011413907,first
W2585209626,A5049836166,first
W2586078599,A5045296087,first
W2586087790,A5056049315,first
W2586091595,A5038017409,middle
W2586252058,A5036349954,first
W2586252058,A5003244142,last
W2586473438,A5005849526,first
W2586594518,A5079724880,first
W2586816238,A5048937771,first
W2587213454,A5048708829,first
W2587285340,A5036349954,first
W2587285340,A5003244142,last
W2587409351,A5061429698,first
W2587428590,A5044353531,middle
W2587618160,A5037527074,last
W2587875067,A5026565671,first
W2587935478,A5007649727,first
W2587935478,A5077121655,middle
W2587935478,A5024206144,last
W2588371363,A5000275037,first
W2588371363,A5039597008,last
W2588719933,A5086969801,first
W2588829542,A5042469963,first
W2589193162,A5023774096,first
W2589202051,A5023774096,first
W2589259616,A5091267149,first
W2589362936,A5084600715,first
W2589383128,A5015697003,first
W2589389169,A5037007690,first
W2589389169,A5032531133,last
W2589412580,A5023774096,first
W2589420300,A5023774096,first
W2589521393,A5023774096,first
W2589554375,A5023774096,first
W2589659577,A5023774096,first
W2589735443,A5053472123,first
W2589735443,A5001854208,last
W2589840171,A5023774096,first
W2589877463,A5023774096,first
W2589891454,A5023774096,first
W2589949285,A5067781363,first
W2590155237,A5023774096,first
W2590187459,A5023774096,first
W2590245448,A5023774096,first
W2590365946,A5023774096,first
W2590405630,A5023774096,first
W2590513560,A5082984424,middle
W2590513560,A5070727113,last
W2590622924,A5023774096,first
W2590736675,A5023774096,first
W2590778076,A5066068682,first
W2590838189,A5023774096,first
W2590893642,A5023774096,first
W2590914990,A5023774096,first
W2590924836,A5023774096,first
W2590938644,A5023774096,first
W2591024420,A5023774096,first
W2591132323,A5023774096,first
W2591132391,A5023774096,first
W2591148985,A5023774096,first
W2591171845,A5023774096,first
W2591246396,A5023774096,first
W2591262889,A5023774096,first
W2591303799,A5023774096,first
W2591340707,A5020080163,first
W2591467553,A5023774096,first
W2591682789,A5066697683,first
W2592017463,A5077247924,middle
W2592017463,A5005383041,middle
W2592051818,A5005239114,last
W2592141415,A5085657122,first
W2592196819,A5085822783,last
W2592668605,A5075109513,first
W2592668605,A5074417323,middle
W2592668605,A5056546246,middle
W2592790528,A5013275583,first
W2592878534,A5003849853,first
W2592878534,A5088817059,last
W2593339533,A5081742197,last
W2593345779,A5080503589,first
W2593657708,A5091421960,first
W2593657708,A5075808202,middle
W2594082148,A5010470479,middle
W2594488060,A5064838814,first
W2594488060,A5059510779,last
W2594699399,A5048228585,first
W2596339072,A5061352683,first
W2596339072,A5024143397,middle
W2596339072,A5079984547,middle
W2596339072,A5033273214,middle
W2596339072,A5055476024,last
W2596579003,A5072890368,first
W2596579003,A5008532090,middle
W2596579003,A5059248438,last
W2596859046,A5000200579,first
W2597674908,A5038891712,first
W2598084790,A5064439222,first
W2598209459,A5018417961,first
W2598209459,A5090045951,middle
W2598216231,A5086857303,first
W2598892575,A5081390182,first
W2599128632,A5002013996,first
W2599128632,A5016723264,middle
W2599128632,A5007963210,last
W2599210405,A5036253428,first
W2599210405,A5023806776,last
W2599237006,A5042850084,first
W2599622449,A5031186661,first
W2600098000,A5076172522,first
W2600098000,A5075764191,middle
W2600098000,A5039725515,last
W2600233210,A5090826498,first
W2600233210,A5035085912,last
W2600612610,A5006916173,first
W2600612610,A5028236206,middle
W2600612610,A5004152951,middle
W2600612610,A5056970435,middle
W2600612610,A5004268590,middle
W2600612610,A5044268701,middle
W2600612610,A5015294604,middle
W2600612610,A5055775978,middle
W2600612610,A5005432861,middle
W2600612610,A5057209685,middle
W2600612610,A5085423257,middle
W2600612610,A5086104858,middle
W2600612610,A5090699731,middle
W2600612610,A5091180327,middle
W2600612610,A5041072449,middle
W2600612610,A5059408108,middle
W2600612610,A5053656188,middle
W2600612610,A5029693258,middle
W2600612610,A5032307375,middle
W2600612610,A5071747219,middle
W2600612610,A5051826547,last
W2601059907,A5053575337,first
W2603152494,A5076268379,first
W2603183962,A5071082834,first
W2603183962,A5034443098,middle
W2603183962,A5062564633,last
W2603725213,A5058100326,first
W2604243083,A5059655139,first
W2604243083,A5013808958,middle
W2604243083,A5049992888,last
W2604869632,A5053534591,first
W2604905776,A5014295479,first
W2605368105,A5005239114,first
W2605441385,A5007817577,first
W2605514776,A5014317244,first
W2605514776,A5080086968,last
W2605700962,A5066400345,first
W2605700962,A5022249353,middle
W2605783509,A5070135323,first
W2606013008,A5029545312,first
W2606013008,A5054313137,last
W2606213367,A5033242712,last
W2606248018,A5061002947,first
W2606248018,A5064351554,last
W2606313512,A5054110970,first
W2606313512,A5011045028,middle
W2606313512,A5010560354,last
W2606383000,A5089612078,first
W2606383000,A5004804647,last
W2606671937,A5031758582,first
W2606834307,A5037083521,first
W2606834307,A5037233397,last
W2606921533,A5087869567,first
W2607058397,A5048413120,first
W2607069492,A5001341149,first
W2607076081,A5030226607,last
W2607529145,A5045285887,middle
W2607590846,A5073318673,first
W2607761902,A5087739595,first
W2607982504,A5059349324,first
W2608721136,A5063728984,last
W2609029030,A5005569414,last
W2609252778,A5054592564,first
W2609594480,A5026688050,first
W2610345003,A5016807507,first
W2610431536,A5021575740,first
W2610474917,A5003385267,first
W2610525332,A5087562048,first
W2610525332,A5017043673,middle
W2610525332,A5000210772,middle
W2610525332,A5016001919,middle
W2610525332,A5043105133,middle
W2610525332,A5041978666,last
W2610710864,A5023003974,first
W2610830724,A5000193182,first
W2610830724,A5012906113,last
W2610980707,A5023684268,first
W2611005123,A5044326924,middle
W2611117340,A5010923592,first
W2611117340,A5058754609,middle
W2611117340,A5062207754,last
W2611249819,A5021072028,last
W2611331378,A5027630744,last
W2611411606,A5036547135,first
W2611411606,A5078760410,middle
W2611411606,A5061427447,middle
W2611411606,A5083465360,middle
W2611411606,A5030470214,middle
W2611411606,A5043583629,middle
W2611411606,A5041095414,middle
W2611411606,A5002665378,middle
W2611411606,A5000704870,middle
W2611411606,A5075136463,middle
W2611411606,A5075541016,middle
W2611411606,A5036956115,middle
W2611411606,A5047858962,middle
W2611411606,A5011847974,middle
W2611411606,A5064587606,middle
W2611411606,A5061093480,middle
W2611411606,A5077279120,middle
W2611411606,A5010504078,middle
W2611411606,A5083498592,middle
W2611411606,A5001838464,middle
W2611411606,A5012227292,middle
W2611411606,A5055017686,last
W2611493009,A5075465352,first
W2611525094,A5064133004,last
W2611796897,A5060248622,first
W2611941790,A5066682122,first
W2612067311,A5089434965,first
W2612067311,A5071177772,last
W2612272754,A5068253885,first
W2612584154,A5044937539,middle
W2612833263,A5022984013,first
W2612843138,A5060562617,last
W2612984572,A5059340994,first
W2613015412,A5060332975,first
W2613108234,A5026066110,first
W2613108234,A5000864476,last
W2613131035,A5054325638,middle
W2613136800,A5062063850,last
W2613180367,A5045664861,first
W2613414836,A5066049694,first
W2613414836,A5003552858,middle
W2613795723,A5054003149,middle
W2613795723,A5026549296,last
W2613815906,A5018414569,first
W2614221494,A5076321327,middle
W2614221494,A5005466497,last
W2614279832,A5041269918,first
W2614279832,A5082836130,middle
W2614279832,A5058457898,middle
W2614279832,A5067600725,middle
W2614279832,A5078355966,last
W2614465149,A5051300169,last
W2615087433,A5054904753,first
W2615582249,A5061682583,first
W2615582249,A5024885548,middle
W2615582249,A5090210382,last
W2615719468,A5060579853,first
W2616017832,A5039450800,first
W2616169279,A5032244188,first
W2616169279,A5021432602,middle
W2616257470,A5049675814,last
W2616410581,A5024019918,middle
W2616458041,A5070291698,first
W2616458041,A5050928584,middle
W2616458041,A5018618243,last
W2616545695,A5071816101,first
W2616651788,A5049326631,first
W2616651788,A5031733412,middle
W2616651788,A5056949757,last
W2616908205,A5009953024,middle
W2616908205,A5032689269,middle
W2616908205,A5060564722,middle
W2616908205,A5001849972,middle
W2616908205,A5018777296,middle
W2616908205,A5071445761,middle
W2616908205,A5032380083,middle
W2616908205,A5043896040,middle
W2616908205,A5076583762,middle
W2616908205,A5055541435,middle
W2616908205,A5041054273,middle
W2616908205,A5068091152,middle
W2616908205,A5079183591,middle
W2616908205,A5054355624,middle
W2616908205,A5086917138,middle
W2616908205,A5004484537,middle
W2616908205,A5032784794,middle
W2616908205,A5076539128,middle
W2616908205,A5044805707,middle
W2616908205,A5015886306,middle
W2616908205,A5077745177,middle
W2616908205,A5003797160,middle
W2616908205,A5088352548,middle
W2616908205,A5087550260,middle
W2616908205,A5037826585,middle
W2616908205,A5037588937,middle
W2616908205,A5002491701,middle
W2616908205,A5019076656,middle
W2616908205,A5053197715,middle
W2616908205,A5014808622,middle
W2616908205,A5040975583,middle
W2617360945,A5044538090,first
W2617567802,A5018678826,first
W2617634431,A5013671216,first
W2617661799,A5015051202,last
W2618085602,A5064554287,first
W2618366527,A5017096005,first
W2618457451,A5003938960,first
W2618585853,A5005336449,middle
W2618639714,A5060796410,last
W2618712145,A5089465148,first
W2618884466,A5067298498,first
W2618913144,A5021947145,first
W2619022252,A5010469915,middle
W2619022252,A5002284258,middle
W2619022252,A5065080333,last
W2619692706,A5090167348,first
W2619692706,A5037449634,middle
W2619692706,A5001416780,middle
W2619692706,A5021257502,middle
W2619692706,A5072920325,last
W2619926163,A5081917471,first
W2619926163,A5087531229,middle
W2619926163,A5030905020,last
W2620109662,A5070884770,last
W2620469022,A5081430748,first
W2620641808,A5030868746,last
W2621035614,A5053158194,first
W2621196906,A5054486464,first
W2621196906,A5088591974,last
W2621585986,A5058542417,middle
W2621585986,A5075861532,last
W2621667328,A5019382586,last
W2621764206,A5086088518,middle
W2621814898,A5038841329,first
W2621814898,A5044748041,last
W2621932506,A5046093127,first
W2622128090,A5034312342,last
W2622263296,A5039518516,first
W2622971278,A5072697870,first
W2623679548,A5033899410,first
W2623679548,A5052741083,last
W2623756197,A5046969541,middle
W2623756197,A5058593368,middle
W2623900808,A5008804107,last
W2624216416,A5031143293,first
W2624216416,A5075566300,last
W2624304629,A5039155472,first
W2624526235,A5069868868,first
W2624526235,A5043872748,last
W2624855595,A5063002840,first
W2624980214,A5068940052,first
W2625474854,A5088002294,first
W2625474854,A5037841475,middle
W2625492015,A5044618645,first
W2625581812,A5001912287,first
W2625581812,A5076070516,middle
W2625581812,A5065953146,last
W2625636825,A5035306017,last
W2625655315,A5039614564,first
W2625655315,A5064269267,middle
W2625655315,A5066684090,last
W2626106541,A5061223044,middle
W2626106541,A5003996674,last
W2626228694,A5066684369,first
W2626395384,A5078361199,first
W2626423129,A5054890347,first
W2626622122,A5045213999,first
W2626622122,A5036108068,middle
W2626622122,A5067954749,last
W2627048451,A5041599523,first
W2627048451,A5024097427,last
W2627088552,A5059175737,first
W2632798310,A5065535908,middle
W2632798310,A5074224208,middle
W2632798310,A5001215167,middle
W2632798310,A5064200591,last
W2639752362,A5020949525,first
W2640050252,A5002214819,first
W2640050252,A5083358892,middle
W2640050252,A5063918994,middle
W2640050252,A5030119480,middle
W2640050252,A5058911450,middle
W2640050252,A5085916888,last
W2648521984,A5030697947,first
W2648812099,A5040491852,first
W2648812099,A5029542014,last
W2651743587,A5018394543,last
W2652278981,A5016621051,first
W2652278981,A5079662288,last
W2655960468,A5040082909,first
W2658929038,A5028372183,first
W2667006222,A5087564658,first
W2668843539,A5011927959,middle
W2668843539,A5033643890,last
W2669695096,A5041513167,first
W267347877,A5033924271,first
W2685573937,A5046300674,first
W2685573937,A5089682439,middle
W2685573937,A5043221140,last
W2693731409,A5091141987,first
W2724565871,A5058187942,first
W2724788482,A5082491600,first
W2724788482,A5038859022,last
W2724918248,A5069714133,first
W2725067942,A5080474496,first
W2725334849,A5056179227,first
W2725334849,A5015939203,middle
W2725334849,A5038372194,last
W2726398651,A5069734774,first
W2726564416,A5062757968,middle
W2726988797,A5034743519,first
W2728386306,A5021412121,first
W2728467620,A5028284804,first
W2728866568,A5069242138,first
W2728866568,A5040000007,middle
W2728866568,A5087741613,last
W2729368476,A5089011855,first
W2729368476,A5026551711,last
W2729476037,A5024222338,first
W2729476037,A5037823412,middle
W2729476037,A5068504342,last
W2729492352,A5066291615,first
W2730181300,A5066243897,first
W2730181300,A5050546530,last
W2731003922,A5028645862,first
W2731122660,A5089770558,first
W2731524134,A5061129494,first
W2731524134,A5003056108,middle
W2731524134,A5053262733,middle
W2731524134,A5004354393,middle
W2732176365,A5047165332,first
W2732831195,A5056307860,first
W2733360907,A5002909169,first
W2733484224,A5043126240,first
W2734272646,A5045213999,first
W2734272646,A5036108068,middle
W2734272646,A5067954749,last
W2734428217,A5047361439,first
W2734540536,A5037547732,first
W2734642891,A5006400299,first
W2734642891,A5026113025,last
W2734695309,A5084297070,middle
W2734695309,A5079803949,middle
W2734940723,A5047385670,first
W2734963147,A5085561917,first
W2734963147,A5088257510,middle
W2734967211,A5014461473,last
W2735006994,A5048165693,middle
W2735006994,A5085987405,middle
W2735006994,A5090347412,middle
W2735006994,A5071741322,middle
W2735006994,A5090448602,middle
W2735006994,A5076239691,middle
W2735006994,A5039991600,middle
W2735006994,A5071741322,middle
W2735006994,A5006365543,middle
W2735006994,A5052756345,middle
W2735125346,A5051697160,last
W2735169875,A5060287234,last
W2735461067,A5039367648,first
W2735461067,A5038443702,middle
W2735461067,A5089092055,middle
W2735461067,A5081049776,last
W2735485963,A5084735388,first
W2735540696,A5076027228,middle
W2735766423,A5025164171,first
W2735879057,A5088079956,first
W2735879057,A5017648517,last
W2735926977,A5027797086,first
W2735926977,A5041787430,middle
W2735926977,A5005937041,last
W2735952223,A5045010118,first
W2736121375,A5073955919,first
W2736121375,A5056456196,middle
W2736135788,A5090939243,first
W2736763661,A5014445825,first
W2736763661,A5028470098,middle
W2736763661,A5010305090,last
W2736837767,A5056159864,first
W2736873547,A5022485835,first
W2736911348,A5070552531,first
W2736911348,A5025138643,last
W2737156819,A5077079119,first
W2737416528,A5085771513,first
W2737598319,A5018990374,first
W2737681598,A5063846550,middle
W2737681598,A5012793585,middle
W2737681598,A5075405308,last
W2737761904,A5007831363,first
W2737945673,A5037578900,first
W2737945673,A5018443530,last
W2738098423,A5041169953,first
W2738219172,A5049028670,first
W2738420325,A5010491831,first
W2738574893,A5063891199,first
W2738862791,A5060543503,first
W2738862791,A5019729561,middle
W2738862791,A5028707311,last
W2738945063,A5069303481,first
W2738945063,A5005737126,last
W2739214859,A5077526337,first
W2739214859,A5041247703,middle
W2739214859,A5077018197,last
W2739310716,A5076579586,first
W2739681737,A5029639206,first
W2739681737,A5089082312,last
W2740054799,A5036695693,first
W2740386510,A5066625366,first
W2740386510,A5046952331,last
W2740398155,A5005645417,first
W2740398155,A5029250489,middle
W2740519227,A5085308055,first
W2740519227,A5076668019,middle
W2740519227,A5041614336,middle
W2740666322,A5081471583,first
W2740713734,A5077858418,first
W2740891225,A5002317364,middle
W2741258029,A5037509122,first
W2742008000,A5072262532,first
W2742008000,A5021618573,middle
W2742008000,A5023842961,middle
W2742008000,A5067249512,middle
W2742008000,A5064997605,middle
W2742008000,A5074074791,middle
W2742008000,A5025611211,middle
W2742008000,A5026413148,middle
W2742008000,A5075846611,middle
W2742008000,A5041387396,middle
W2742008000,A5037111173,middle
W2742008000,A5047337810,middle
W2742008000,A5019010906,middle
W2742008000,A5060285076,middle
W2742008000,A5056782312,middle
W2742008000,A5056342894,middle
W2742008000,A5029104139,middle
W2742008000,A5001196675,middle
W2742008000,A5029483508,middle
W2742008000,A5060053799,middle
W2742008000,A5068905728,middle
W2742008000,A5011208990,middle
W2742008000,A5050176259,middle
W2742008000,A5039806532,middle
W2742008000,A5026789951,middle
W2742008000,A5084996977,middle
W2742008000,A5029442845,last
W2742098231,A5030578127,first
W2742480524,A5084949004,first
W2742607726,A5076070516,middle
W2742607726,A5065953146,last
W2742966929,A5086022540,first
W2743832840,A5029477698,first
W2743832840,A5090732704,middle
W2743832840,A5039945857,middle
W2743832840,A5070807320,middle
W2743832840,A5018663904,last
W2744424890,A5028177865,first
W2744739113,A5058577754,middle
W2744739113,A5037274316,middle
W2744739113,A5004337930,last
W2744996477,A5010031028,first
W2745542282,A5011718878,first
W2745672383,A5016144868,first
W2745747211,A5064867241,first
W2745786701,A5021329808,first
W2745880337,A5056663874,middle
W2745880337,A5075577966,last
W2745937980,A5070220273,first
W2745958769,A5000161726,first
W2746464797,A5035205164,first
W2746512432,A5059610912,first
W2746512432,A5065343783,last
W2746829645,A5075123601,first
W2746963755,A5011698033,first
W2747506546,A5071542297,first
W2747521998,A5086851249,first
W2747719240,A5015698449,middle
W2748090921,A5046593634,first
W2748219907,A5090332383,last
W2748453251,A5005380859,first
W2748453251,A5027508523,last
W2748630405,A5008516724,first
W2748630405,A5077077500,last
W2748757253,A5005893085,first
W2748938064,A5046818372,last
W2749129853,A5083747207,first
W2749129853,A5085388539,last
W2749346095,A5004718499,first
W2749361611,A5036329030,first
W2749361611,A5024521009,middle
W2749579928,A5014501729,first
W2749620150,A5019586991,first
W2749785573,A5013921769,first
W2749908749,A5065873568,first
W2749908749,A5080546646,middle
W2750189401,A5072231425,first
W2750189401,A5001651885,middle
W2750189401,A5055633179,middle
W2750189401,A5020019569,middle
W2750189401,A5055194079,last
W2750375506,A5037093688,first
W2750375506,A5053533202,last
W2750376492,A5049059264,first
W2750721200,A5072986862,first
W2750721200,A5086241050,middle
W2750721200,A5081405313,last
W2750775689,A5036670654,first
W2750785858,A5036122111,first
W2750846296,A5036977884,first
W2751042098,A5043002718,first
W2751111016,A5021450602,first
W2751113963,A5020242101,first
W2751140925,A5009134869,first
W2751140925,A5019414570,middle
W2751140925,A5048095564,middle
W2751140925,A5064586878,middle
W2751140925,A5039599845,middle
W2751140925,A5041652305,middle
W2751140925,A5010033061,middle
W2751140925,A5078691765,last
W2751394739,A5015969910,first
W2751479142,A5054906781,first
W2751503806,A5075465352,last
W2751657336,A5080214522,first
W2751794656,A5090380495,first
W2751794656,A5047319643,middle
W2751794656,A5091744010,last
W2752056511,A5018191372,first
W2752056511,A5011892251,middle
W2752056511,A5002096284,middle
W2752056511,A5009671117,middle
W2752056511,A5070922999,middle
W2752056511,A5015319638,middle
W2752086185,A5013631723,first
W2752144154,A5031981889,first
W2752375443,A5035031826,first
W2752498084,A5032596668,middle
W2752730462,A5031429680,last
W2752869715,A5010315281,first
W2752869715,A5063451263,middle
W2752869715,A5050682685,last
W2752927154,A5085144550,first
W2752944925,A5037583341,first
W2752944925,A5070055601,last
W2752957512,A5078229670,first
W2752957512,A5083170458,last
W2752983086,A5083195984,first
W2753003579,A5091244381,first
W2753003579,A5013564951,last
W2753023529,A5032044712,last
W2753316830,A5046339877,first
W2753341750,A5030749733,first
W2753341750,A5014561100,middle
W2753341750,A5013515650,last
W2753389865,A5048858891,first
W2753542228,A5043638391,first
W2753575503,A5049627979,first
W2753575503,A5073341246,middle
W2753575503,A5051249034,last
W2753590828,A5085932391,first
W2753666400,A5085881623,first
W2753670615,A5016043787,middle
W2753824637,A5022700946,first
W2753928150,A5063682104,last
W2754197982,A5030096887,middle
W2754197982,A5058786170,middle
W2754212403,A5041658587,first
W2754212403,A5038749016,middle
W2754212403,A5032685263,middle
W2754212403,A5003253553,middle
W2754212403,A5091409910,middle
W2754212403,A5020523405,middle
W2754212403,A5020701488,middle
W2754212403,A5033988758,middle
W2754212403,A5002543602,middle
W2754212403,A5034476137,middle
W2754212403,A5025877936,middle
W2754212403,A5032886673,middle
W2754212403,A5080254367,middle
W2754212403,A5032997589,last
W2754230856,A5018652676,first
W2754271870,A5089426119,last
W2754562629,A5086059245,first
W2754562629,A5046725771,last
W2754596967,A5020329050,first
W2754608586,A5050961647,first
W2754608586,A5091322523,last
W2754905903,A5037065097,first
W2754905903,A5065985595,middle
W2754905903,A5001844771,middle
W2754946118,A5084452891,first
W2755081307,A5036498813,middle
W2755081307,A5082569777,last
W2755122027,A5065574554,first
W2755122027,A5065574554,last
W2755156463,A5078582663,first
W2755313643,A5031149175,first
W2755313643,A5017705639,last
W2755323610,A5003834212,first
W2755323610,A5062960948,middle
W2755323610,A5029872406,last
W2755434853,A5035448571,first
W2755434853,A5090972316,middle
W2755434853,A5025538755,last
W2755496175,A5018945110,first
W2755667476,A5007155759,last
W2756221165,A5068433087,first
W2756433469,A5082056661,first
W2756591276,A5019005247,first
W2756591276,A5007819083,last
W2756789200,A5007649727,first
W2756789200,A5090201647,middle
W2756789200,A5051400056,last
W2757108405,A5091117334,middle
W2757367119,A5086015490,first
W2757367119,A5064292854,last
W2757448913,A5070896564,first
W2757448913,A5070517688,middle
W2757448913,A5080175404,last
W2757543378,A5049270435,first
W2757631993,A5032216892,first
W2758149784,A5039809923,first
W2758149784,A5073934226,middle
W2758149784,A5041787430,last
W2758284707,A5074482552,first
W2758298836,A5018699239,first
W2760212187,A5012169751,first
W2760235363,A5014831786,first
W2760905972,A5088693326,first
W2760905972,A5013681236,middle
W2760905972,A5076159468,last
W2761548976,A5072183149,first
W2761816090,A5088914875,first
W2761816090,A5064358006,last
W2761844299,A5060879844,first
W2761916550,A5049560556,first
W2761916550,A5046340343,last
W2762275919,A5072168381,middle
W2762763911,A5062043545,first
W2763248858,A5077306511,first
W2763366054,A5063962763,first
W2763602474,A5079645051,first
W2763603038,A5020923231,first
W2763702814,A5032489922,first
W2763702814,A5040622401,middle
W2763702814,A5020526736,middle
W2763902421,A5031365886,first
W2764133167,A5029165669,last
W2765146867,A5077352742,first
W2765146867,A5036678691,middle
W2765146867,A5074680502,last
W2765158413,A5014391077,first
W2765181773,A5072931958,first
W2765470019,A5073521235,first
W2765558506,A5072593818,first
W2765558506,A5020716169,last
W2765636699,A5080614574,last
W2765664583,A5019857217,first
W2765664583,A5028726027,last
W2765689042,A5006999811,first
W2765689042,A5074890487,last
W2765704858,A5061980795,last
W2765752798,A5056235349,first
W2765805006,A5005977026,first
W2765805006,A5033862904,last
W2765834695,A5032638290,middle
W2765834695,A5030854263,middle
W2765834695,A5054836293,middle
W2765834695,A5004191382,middle
W2765859108,A5091082258,first
W2765919033,A5065058581,first
W2765919033,A5038150463,last
W2765931891,A5044151213,first
W2766056031,A5077266703,first
W2766062905,A5040667066,first
W2766070921,A5034279848,first
W2766071166,A5027185862,first
W2766151015,A5078357499,first
W2766151015,A5028261729,last
W2766410551,A5036917415,first
W2766426869,A5009310227,first
W2766435352,A5057354307,first
W2766445873,A5017055836,first
W2766457766,A5033519431,middle
W2766457766,A5060965677,middle
W2766707392,A5042365913,first
W2766734026,A5066168365,first
W2766763760,A5001512244,first
W2766776337,A5081924035,first
W2766794313,A5075673393,first
W2766794313,A5058909329,last
W2766806229,A5021742266,first
W2766830627,A5012155992,first
W2766830627,A5019489166,middle
W2766830627,A5013061967,last
W2767068315,A5073947849,first
W2767068315,A5052039290,middle
W2767171233,A5072661451,first
W2767171233,A5049634965,last
W2767185481,A5024678101,first
W2767185481,A5028225122,middle
W2767185481,A5068626745,last
W2767200584,A5014929219,first
W2767234672,A5054728854,last
W2767424831,A5031008414,first
W2767681540,A5019587718,first
W2767894334,A5059345601,first
W2767895704,A5037218542,middle
W2767895704,A5046213293,middle
W2767895704,A5002481111,middle
W2767969155,A5083290646,first
W2768008646,A5012645966,first
W2768032288,A5089174118,last
W2768074163,A5082645155,first
W2768082104,A5064464229,last
W2768226532,A5081571500,first
W2768234130,A5018337455,first
W2768234130,A5069350670,middle
W2768234130,A5048900174,middle
W2768234130,A5075378946,middle
W2768234130,A5084929280,middle
W2768234130,A5074399275,middle
W2768234130,A5052531402,last
W2768406634,A5025714177,last
W2768500422,A5010812363,first
W2768507946,A5088348597,first
W2768507946,A5002394922,middle
W2768507946,A5071922620,last
W2768604891,A5035432458,first
W2768604891,A5047490760,middle
W2768604891,A5007624655,last
W2768738210,A5066114237,first
W2768738210,A5042336798,middle
W2768819956,A5081732082,first
W2768887930,A5052583897,first
W2768887930,A5005863795,middle
W2768887930,A5049942833,middle
W2768887930,A5017345211,last
W2768968772,A5042513830,first
W2768968772,A5060507358,last
W2769011439,A5073582982,middle
W2769015647,A5091198089,last
W2769236902,A5048177463,last
W2769471856,A5043876428,first
W2769582522,A5017455282,first
W2769871937,A5050592692,first
W2769871937,A5005258575,middle
W2769871937,A5013190044,middle
W2769871937,A5089323270,last
W2770106061,A5091251187,first
W2770106061,A5003777693,middle
W2770106061,A5044898565,middle
W2770106061,A5090934117,last
W2770201178,A5043490720,first
W2770368055,A5021520315,first
W2770368055,A5022459394,middle
W2770406292,A5089261752,middle
W2770643430,A5027217125,first
W2770643430,A5067053308,middle
W2770643430,A5020998406,last
W2770728086,A5000321679,first
W2770818505,A5043162288,middle
W2770818505,A5041181114,last
W2770829700,A5047963768,first
W2770897040,A5036169193,middle
W2771038609,A5026564599,middle
W2771038609,A5003606386,last
W2771074444,A5057616113,first
W2771151303,A5067431828,first
W2771195781,A5074377757,first
W2771227056,A5057360317,first
W2771354302,A5090926128,first
W2771354302,A5091911425,last
W2771524308,A5016962434,first
W2771524308,A5031858813,last
W2771576611,A5034653965,first
W2771576611,A5066492547,last
W2771670871,A5086689025,first
W2771692452,A5010569308,first
W2771692452,A5022293638,middle
W2771692452,A5017514239,last
W2771693697,A5016063219,first
W2771908860,A5007553818,first
W2772043455,A5061080333,last
W2772084052,A5059062832,middle
W2772106840,A5009336913,first
W2772403552,A5058906945,first
W2772403552,A5086076156,last
W2772616267,A5084587767,first
W2772684453,A5008327509,first
W2772764602,A5015466454,first
W2772781924,A5024851258,first
W2773041154,A5033632230,last
W2773127651,A5084949004,first
W2773397903,A5089392019,first
W2773397903,A5022575679,middle
W2773397903,A5047343832,middle
W2773397903,A5080555902,middle
W2773397903,A5056216160,middle
W2773397903,A5063213285,last
W2773407049,A5014059775,first
W2773449358,A5042087981,first
W2773502960,A5020125401,first
W2773661417,A5007863184,first
W2773661417,A5061849730,middle
W2773661417,A5021624245,last
W2773771882,A5086780943,last
W2773827283,A5031686577,first
W2773945775,A5078874607,first
W2774100656,A5072386357,middle
W2774100656,A5083742762,last
W2774151880,A5032085154,first
W2774272247,A5073068592,first
W2774272247,A5036129699,middle
W2774272247,A5065561102,last
W2774395707,A5058637310,first
W2774449657,A5051797124,first
W2774449657,A5038997380,last
W2774569728,A5072064924,first
W2774569728,A5030626126,last
W2774622847,A5047910520,first
W2774622847,A5076070516,middle
W2774622847,A5065953146,last
W2775072199,A5073930300,first
W2775072199,A5042458024,last
W2775649824,A5015445645,first
W2775649824,A5078158041,middle
W2775649824,A5053268108,middle
W2775649824,A5082866795,middle
W2775649824,A5042053401,last
W2775877543,A5082246965,first
W2776061541,A5058176800,first
W2776180736,A5035285816,first
W2776472178,A5038716285,first
W2776711463,A5071456183,first
W2776711463,A5043324195,middle
W2776711463,A5040115368,last
W2776958259,A5046590841,first
W2777036275,A5043100261,first
W2777118869,A5031028667,first
W2777149066,A5015307449,first
W2777149066,A5058730966,last
W2777269401,A5056851929,first
W2777472306,A5003453498,first
W2777517983,A5020352214,first
W2777517983,A5003058253,middle
W2777517983,A5022489715,last
W2777824769,A5010033050,first
W2777828225,A5087086287,first
W2777828225,A5033077581,middle
W2777828225,A5057601237,middle
W2777828225,A5009991953,last
W2778076782,A5037107679,last
W2778269053,A5047895060,first
W2778353077,A5029446357,first
W2778353693,A5017549260,middle
W2778355267,A5006862051,first
W2778704465,A5042015768,first
W2778782564,A5028248862,last
W2778970371,A5047631076,middle
W2778970371,A5026168458,last
W2779064104,A5010231657,first
W2779099883,A5025922639,middle
W2779142946,A5082398934,last
W2779455079,A5066817117,first
W2779529919,A5010729082,first
W2779529919,A5045127387,last
W2779547046,A5026799422,first
W2779830956,A5027589604,first
W2779867267,A5082650907,first
W2779909901,A5063083891,first
W2780235739,A5059049091,first
W2780354299,A5081495111,first
W2781107128,A5031377942,first
W2781135232,A5028770592,first
W2781395878,A5013569866,first
W2781395878,A5013569866,last
W2781539723,A5002158379,first
W2781586489,A5078519359,first
W2781642866,A5020344044,first
W2781644442,A5045629392,first
W2781716378,A5048412708,first
W2781716378,A5013744245,middle
W2781716378,A5008993223,last
W2781759298,A5066322723,first
W2781795160,A5054518777,first
W2781798991,A5030381193,first
W2781810625,A5042513693,middle
W2781810625,A5004959666,last
W2781835069,A5089831978,first
W2781896739,A5090819329,first
W2781896739,A5014945719,middle
W2781896739,A5045219123,last
W2781922111,A5061111021,last
W2782088318,A5019943967,first
W2782089660,A5042535785,first
W2782089660,A5081112548,last
W2782119014,A5012417366,first
W2782236214,A5007290998,first
W2782271644,A5023730036,first
W2782283986,A5066392573,first
W2782305816,A5073452579,first
W2782365256,A5012910896,first
W2782407710,A5090577104,first
W2782427021,A5089953729,first
W2782443427,A5091012063,first
W2782443427,A5020998406,last
W2782498389,A5033024496,last
W2782640276,A5007635720,first
W2782640276,A5006872667,middle
W2782640276,A5008983457,middle
W2782640276,A5005050797,middle
W2782640276,A5035126139,middle
W2782640276,A5031651630,last
W2782739616,A5080364093,first
W2782739616,A5074128649,last
W2782851365,A5076636837,first
W2782851365,A5000361773,middle
W2783020499,A5074784549,first
W2783300016,A5063787098,first
W2783300016,A5026469779,last
W2783332857,A5091106111,middle
W2783401078,A5068554121,first
W2783511737,A5028889705,first
W2783511737,A5068585414,last
W2783532022,A5007741481,first
W2783556448,A5043023185,first
W2783556448,A5053986996,middle
W2783556448,A5068783500,middle
W2783556448,A5011511343,middle
W2783556448,A5042845317,last
W2783596197,A5043802309,first
W2783596197,A5029130731,last
W2783664931,A5045610623,first
W2783705847,A5070891331,first
W2783760939,A5045576849,first
W2783760939,A5069626990,last
W2783766385,A5089086038,first
W2783766385,A5022463037,last
W2783810369,A5033548299,last
W2783817303,A5070109933,middle
W2783947392,A5026102359,first
W2783993284,A5024664490,first
W2783993284,A5041806215,middle
W2783993284,A5063004123,middle
W2783993284,A5090445142,middle
W2783993284,A5045849481,middle
W2784032977,A5038808041,first
W2784148013,A5052578002,first
W2784148013,A5090251560,last
W2784206530,A5048866968,first
W2784252732,A5088547412,last
W2784261434,A5012891874,first
W2784281418,A5075061968,first
W2784281676,A5061372850,first
W2784286836,A5089010974,first
W2784510612,A5074873141,first
W2784581553,A5063495620,first
W2784581553,A5011892251,middle
W2784581553,A5072323755,middle
W2784581553,A5037041374,last
W2784583462,A5026649428,middle
W2784725679,A5030696756,first
W2784725679,A5077703323,middle
W2784756278,A5062502350,first
W2784808438,A5027746500,first
W2784808464,A5091339345,first
W2784808464,A5056078268,last
W2784809700,A5028942524,first
W2784831959,A5063677424,first
W2784831959,A5001415127,last
W2784842942,A5090958637,last
W2784843249,A5048786625,first
W2784843249,A5046566798,last
W2784929458,A5048793433,first
W2785141847,A5007423481,first
W2785201268,A5080761154,last
W2785226482,A5085025362,first
W2785226482,A5035300094,last
W2785278426,A5007172213,first
W2785278426,A5030688008,middle
W2785278426,A5033792847,last
W2785426010,A5060967142,first
W2785426010,A5091637409,middle
W2785426010,A5024670588,last
W2785574949,A5034632346,first
W2785574949,A5007178649,middle
W2785574949,A5078718861,middle
W2785574949,A5045432421,middle
W2785574949,A5061427447,middle
W2785574949,A5085123587,middle
W2785574949,A5066363875,middle
W2785574949,A5034725807,middle
W2785574949,A5021909605,middle
W2785574949,A5081824706,middle
W2785812464,A5070342576,last
W2785820043,A5045402204,last
W2786207542,A5065381091,first
W2786207542,A5007230727,last
W2786972002,A5074339505,middle
W2786972002,A5072331470,middle
W2786972002,A5037660521,last
W2787073508,A5020382610,first
W2787073508,A5063217975,last
W2787498839,A5089562801,first
W2787498839,A5075986583,middle
W2787498839,A5016015314,middle
W2787498839,A5070711650,last
W2787804199,A5067420832,first
W2787804199,A5059226259,middle
W2787804199,A5018638405,middle
W2787904004,A5016249965,first
W2788141040,A5030443068,first
W2788141040,A5058810903,last
W2788236418,A5089308804,first
W2788236418,A5009177972,middle
W2788236418,A5009572325,middle
W2788236418,A5007144110,middle
W2788236418,A5041358150,middle
W2788369326,A5070968233,last
W2788507684,A5033336768,first
W2788585587,A5007181669,first
W2788656456,A5085236507,first
W2788966541,A5085024272,first
W2789015555,A5015388163,first
W2789170840,A5013949284,first
W2789192547,A5076790432,last
W2789214673,A5089267565,first
W2789543897,A5080190305,first
W2789705763,A5043023185,first
W2789705763,A5053986996,middle
W2789705763,A5068783500,middle
W2789705763,A5011511343,middle
W2789705763,A5042845317,last
W2790002279,A5042128737,first
W2790005098,A5073553544,first
W2790005098,A5017450486,middle
W2790005098,A5003251439,middle
W2790005098,A5014052117,middle
W2790005098,A5012828752,last
W2790140856,A5028918532,first
W2790140856,A5040713646,middle
W2790140856,A5027889801,last
W2790219624,A5067643274,first
W2790361596,A5006956273,first
W2790373664,A5041317854,first
W2790618335,A5065808450,first
W2790618335,A5081396327,middle
W2790618335,A5082967036,last
W2790636185,A5090387188,first
W2790671844,A5026289445,last
W2790884078,A5025889510,middle
W2790888319,A5084600163,first
W2790888319,A5081188266,last
W2791015061,A5043411793,first
W2791255071,A5077042612,middle
W2791293515,A5061427447,last
W2791639801,A5065852633,first
W2791639801,A5011799118,middle
W2791945607,A5079131461,last
W2792175198,A5019620858,first
W2792175198,A5040895920,middle
W2792175198,A5083232890,last
W2792339592,A5017817794,first
W2792339592,A5061163795,last
W2792456987,A5016763720,first
W2792512887,A5004420214,first
W2792619291,A5033121605,first
W2792690093,A5041778182,first
W2792908387,A5080179366,first
W2792934543,A5072444120,first
W2792934543,A5072449224,last
W2793218302,A5042618752,first
W2793218302,A5083104345,middle
W2793218302,A5086010541,last
W2793526029,A5029926920,first
W2793684529,A5055202815,first
W2793935897,A5006019252,first
W2793951422,A5013554259,first
W2794145141,A5053690115,first
W2794145141,A5013185741,last
W2794343771,A5057358562,first
W2794343771,A5033862904,last
W2794518945,A5057118289,first
W2794787303,A5061547818,middle
W2794837428,A5013717712,first
W2794976429,A5090785601,first
W2794976429,A5050959554,last
W2794978222,A5002358587,middle
W2794978222,A5013315393,middle
W2795042142,A5005320725,last
W2795100468,A5034188830,first
W2795221453,A5082838661,first
W2795825580,A5001310791,first
W2796099086,A5013645161,first
W2796226133,A5060463877,first
W2796258907,A5079796160,first
W2796747559,A5063882377,first
W2797183602,A5036036960,last
W2797349577,A5044937539,middle
W2797784034,A5053930393,first
W2797825173,A5041557301,middle
W2798176859,A5061718886,first
W2798562088,A5043488271,first
W2798568428,A5008776651,first
W2798826978,A5057450523,first
W2799083252,A5076635345,last
W2799088317,A5000083284,first
W2799291816,A5017829224,first
W2799291816,A5063231707,middle
W2799291816,A5061997811,last
W2799462208,A5037103656,first
W2799462208,A5076833936,last
W2799781330,A5010316534,first
W2799781330,A5029963881,last
W2799962708,A5016121500,first
W2799962708,A5012966309,last
W2800619438,A5060081510,first
W2800778696,A5074472959,first
W2801108839,A5006402469,first
W2802234451,A5067603422,first
W2802234451,A5038405953,last
W2802409053,A5042020981,first
W2802577442,A5076984320,first
W2802868177,A5065486002,first
W2802868177,A5057528939,middle
W2802868177,A5078971223,last
W2803044376,A5039834507,first
W2803338548,A5081518813,first
W2803419190,A5015503239,first
W2803419190,A5020439324,middle
W2803419190,A5029499569,last
W2803531710,A5031458587,first
W2803531710,A5035159790,middle
W2803531710,A5040412830,last
W2803601470,A5000670693,first
W2803705686,A5063567670,first
W2803729054,A5084183047,first
W2803740352,A5000325778,first
W2803740352,A5034597512,last
W2803746575,A5086290308,first
W2803848669,A5068003343,first
W2803912110,A5047666513,first
W2803948535,A5024402158,first
W2803948535,A5084407366,middle
W2803948535,A5033230551,last
W2803996733,A5001321378,first
W2804129240,A5063621558,first
W2804167129,A5042195176,first
W2804295376,A5086634575,first
W2804440255,A5065416217,first
W2804440255,A5083706403,middle
W2804440255,A5091230568,last
W2804508906,A5040281699,first
W2804513318,A5027627859,first
W2804748686,A5015986887,first
W2804868066,A5038054757,first
W2804875594,A5007761501,first
W2805090355,A5087113710,first
W2805300178,A5065953146,first
W2805300178,A5076070516,middle
W2805300178,A5047910520,last
W2805330036,A5007280723,first
W2805420506,A5021464316,first
W2805420506,A5079028722,last
W2806166068,A5007357054,first
W2806329690,A5041060923,first
W2806728959,A5088904769,first
W2806834304,A5033581091,first
W2806969901,A5037786810,first
W2806969901,A5044078921,last
W2807070538,A5037299085,first
W2807139685,A5023284500,first
W2807365141,A5075917794,first
W2807656687,A5014463233,first
W2807847756,A5050475998,first
W2807847756,A5089111249,middle
W2807847756,A5089608785,last
W2808078789,A5063546351,first
W2808439465,A5017018298,first
W2808520604,A5059875052,first
W2808581758,A5070137282,last
W2808641106,A5054557959,first
W2808716322,A5057619415,first
W2809119654,A5003601272,first
W2809119654,A5084179995,middle
W2809119654,A5082863845,middle
W2809119654,A5077783446,middle
W2809119654,A5012803515,last
W2809295121,A5041522914,first
W2809390915,A5011225412,first
W2809440114,A5038471812,first
W2809440114,A5043126234,last
W2809546182,A5035361272,first
W2809665007,A5074919383,first
W2809889426,A5037112834,first
W2809889426,A5062162502,last
W2810037108,A5091756907,first
W2810037108,A5036423849,middle
W2810037108,A5020518108,last
W2810163961,A5070997190,first
W2810163961,A5070291698,middle
W2810163961,A5050928584,last
W2810314669,A5077008964,first
W2810571019,A5068262959,first
W2810571019,A5030688299,last
W2810814488,A5064697794,first
W2810999611,A5027586400,last
W2811083851,A5056407075,first
W2811456927,A5021756821,first
W2811456927,A5086971582,last
W2812383470,A5044081052,first
W2816346372,A5045963867,first
W2819611244,A5036242448,first
W2825088013,A5049807156,first
W2826828772,A5089761383,first
W2827590495,A5041484464,first
W2835084448,A5071170354,first
W2835084448,A5076215989,last
W285686981,A5033166994,first
W2857890605,A5050227787,first
W2857890605,A5075541177,last
W2860008456,A5037183336,first
W2866906463,A5081311646,last
W2883126279,A5028975820,last
W2883316838,A5001432791,first
W2883331483,A5038548854,first
W2883395043,A5026122018,first
W2883446091,A5057686572,first
W2883478411,A5062286850,first
W2883769672,A5048552476,first
W2883829088,A5005156208,first
W2883928040,A5086971582,first
W2883928040,A5021756821,last
W2884105766,A5021756821,first
W2884105766,A5086971582,last
W2884510899,A5029924931,first
W2884527129,A5020496497,first
W2884594123,A5067635306,first
W2884690613,A5000383228,first
W2884710741,A5003050683,first
W2884903586,A5082828601,last
W2884926661,A5052417259,middle
W2884978737,A5037988724,first
W2885069741,A5089197093,first
W2885079654,A5022327902,first
W2885106870,A5008127339,first
W2885287202,A5023542920,first
W2885296248,A5017450592,first
W2885356279,A5005883623,middle
W2885356279,A5013882751,last
W2885653234,A5023607292,first
W2885741334,A5056984387,first
W2885776492,A5042956303,first
W2885856299,A5034287988,first
W2885856299,A5013515650,last
W2885863159,A5086260563,first
W2885959662,A5072521808,first
W2885996960,A5076461552,first
W2885996960,A5038687235,last
W2886035943,A5036308035,first
W2886102073,A5039004806,first
W2886102073,A5082458300,last
W2886154073,A5016190305,first
W2886413053,A5027217125,first
W2886413053,A5067053308,middle
W2886413053,A5020998406,last
W2886445234,A5082324659,first
W2886445234,A5069530325,last
W2886684018,A5042419686,last
W2886773905,A5006240642,first
W2886773905,A5027830674,middle
W2886773905,A5036304439,last
W2886818671,A5054957834,last
W2886839565,A5083094197,first
W2887025439,A5036440989,first
W2887178319,A5074320154,first
W2887466437,A5091341657,first
W2887614625,A5075960318,middle
W2887781185,A5022915755,last
W2887850559,A5051493118,first
W2887850559,A5024583980,middle
W2887874269,A5040141816,first
W2888024191,A5021756821,first
W2888024191,A5086971582,last
W2888192502,A5065562802,last
W2888366184,A5057130205,first
W2888366184,A5017138384,middle
W2888366184,A5032423773,last
W2888508259,A5048351351,first
W2888762382,A5089594081,first
W2888835977,A5082477337,first
W2888853515,A5065963254,first
W2888853515,A5080019796,last
W2888855210,A5050054411,first
W2888908629,A5008526435,first
W2888925022,A5065161610,first
W2888991959,A5082333026,first
W2889000890,A5033859037,first
W2889019424,A5077146178,last
W2889077304,A5036711782,first
W2889077304,A5053055736,last
W2889108452,A5075852414,first
W2889201462,A5051671885,first
W2889207321,A5011601279,middle
W2889207321,A5010128796,middle
W2889207321,A5027779191,last
W2889308714,A5039741050,first
W2889379923,A5024732598,first
W2889379923,A5055712687,middle
W2889379923,A5015002050,last
W2889400600,A5051571996,first
W2889473631,A5084681821,first
W2889488510,A5016419576,first
W2889505409,A5089255134,first
W2889505409,A5075380262,last
W2889557284,A5028436766,first
W2889575349,A5007380083,first
W2889665011,A5031962914,first
W2889841024,A5063753968,first
W2889841024,A5047270698,last
W2889949898,A5034821490,middle
W2889978719,A5012485420,last
W2890150189,A5023003974,first
W2890203120,A5056108735,first
W2890414449,A5071851669,first
W2890490933,A5079861542,first
W2890490933,A5031080409,middle
W2890498646,A5085369152,last
W2890591932,A5012840554,first
W2890680638,A5014154580,first
W2890773718,A5002408359,first
W2890867560,A5016806192,first
W2891031957,A5034385170,first
W2891529626,A5040087489,first
W2891608654,A5039086753,first
W2891755300,A5026593556,first
W2892018299,A5065131221,first
W2892227336,A5043488271,first
W2892258005,A5076570969,first
W2892258005,A5035264820,last
W2892264824,A5050985764,first
W2892321428,A5003360050,first
W2892331022,A5015509762,first
W2892338115,A5065852947,first
W2892588199,A5051531853,first
W2892955970,A5078912757,last
W2893862584,A5078636319,first
W2893986933,A5073572564,first
W2893986933,A5021882286,middle
W2894017272,A5062876837,first
W2894432928,A5091863269,first
W2894432928,A5089838275,middle
W2894432928,A5043162288,last
W2894751658,A5039268422,first
W2895225950,A5029957544,first
W2895283308,A5065151673,first
W2895482640,A5033825961,middle
W2895482640,A5053972047,last
W2895510598,A5021586454,first
W2895608161,A5091753072,first
W2895711838,A5034095096,first
W2895797719,A5036917415,first
W2895797769,A5058362562,first
W2895901009,A5060825460,first
W2896037461,A5005605270,last
W2896187415,A5066098278,first
W2896286119,A5088133670,first
W2896334181,A5068985335,first
W2896334181,A5036187563,last
W2896490258,A5055794877,first
W2896490258,A5046260517,last
W2896955366,A5049313568,first
W2897020541,A5003653682,first
W2897148341,A5009892717,middle
W2897223584,A5008284628,first
W2897223584,A5064867241,last
W2897419366,A5077867513,first
W2897419366,A5083786076,last
W2897587208,A5009177565,last
W2897636622,A5052872229,first
W2897636622,A5046529790,last
W2897761361,A5062043545,first
W2899273313,A5045129894,middle
W2899273313,A5054038504,last
W2899418681,A5046829156,first
W2899435807,A5046298752,last
W2899497882,A5007272774,first
W2899598255,A5009965786,middle
W2899598255,A5006634714,middle
W2899598255,A5062360079,middle
W2899598255,A5050129780,last
W2899830006,A5000103002,first
W2899968525,A5073074739,first
W2900666211,A5020002602,first
W2900666211,A5026307797,middle
W2900760924,A5027211124,first
W2900760924,A5064725681,last
W2900810798,A5033275679,first
W2900810798,A5070067030,last
W2900826205,A5022137187,first
W2900826205,A5054051440,last
W2901074655,A5068476782,first
W2901170650,A5081225515,first
W2901472184,A5073371465,first
W2901526370,A5037383955,last
W2901627865,A5008741273,first
W2901886949,A5026341503,first
W2902036909,A5062194044,first
W2902036909,A5079069598,last
W2902655869,A5046163675,first
W2902655869,A5014984299,last
W2902854794,A5016435875,first
W2903532503,A5011525973,last
W2903698937,A5028077288,first
W2903698937,A5009043386,middle
W2903698937,A5041170815,middle
W2903698937,A5031161187,last
W2903715280,A5005873873,first
W2903885125,A5003274850,first
W2904013979,A5000893617,first
W2904013979,A5041853964,middle
W2904013979,A5074554647,middle
W2904013979,A5028565685,last
W2904018421,A5030936339,first
W2904018421,A5022463458,last
W2904190672,A5010415325,first
W2904201556,A5002559117,first
W2904201556,A5043702904,middle
W2904201556,A5009043386,last
W2904500492,A5031243326,first
W2904627510,A5021106880,last
W2904887031,A5052964255,first
W2904887031,A5012040294,middle
W2904887031,A5079993367,last
W2904978788,A5086345530,first
W2905045892,A5014374227,first
W2905045892,A5003728153,last
W2905257951,A5014030663,first
W2905517290,A5050926336,first
W2906090649,A5001912287,first
W2906090649,A5076070516,middle
W2906090649,A5065953146,last
W2906752225,A5038638156,first
W2906755749,A5023291208,first
W2906912551,A5004620577,last
W2906956726,A5068200950,first
W2906956726,A5016099174,middle
W2906956726,A5048630082,last
W2907074374,A5083385244,first
W2907369700,A5061323303,last
W2908081579,A5023730581,first
W2908081579,A5048401744,last
W2908330317,A5078531863,first
W2908818410,A5013145254,first
W2908818410,A5061775910,last
W2909033128,A5025444897,first
W2909161072,A5015352504,first
W2909161072,A5066546939,middle
W2909161072,A5044784002,middle
W2909161072,A5016185241,last
W2909163090,A5085588878,first
W2909375115,A5079967713,first
W2909377522,A5010614159,first
W2910067091,A5089226244,first
W2910067091,A5040682932,last
W2910104323,A5002537427,first
W2910104323,A5005375076,last
W2910355985,A5030677016,first
W2910790019,A5001773408,first
W2911390341,A5079967713,first
W2911390341,A5061111021,last
W2911473392,A5090988827,first
W2911473392,A5065315909,last
W2911859798,A5051478037,last
W2911862437,A5065174335,first
W2911924446,A5052325109,first
W2911924446,A5068085751,middle
W2911924446,A5050342343,last
W2912001195,A5020482984,first
W2912045249,A5034243845,first
W2912105256,A5048619902,last
W2912280768,A5053289080,last
W2912478959,A5022712723,first
W2912559837,A5035681709,first
W2912577244,A5042707125,first
W2912577244,A5060849589,last
W2912909476,A5027146880,first
W2912925698,A5050117897,first
W2913523522,A5067247596,last
W2913840498,A5064587022,first
W2913900728,A5070350061,first
W2914004928,A5023897775,first
W2914004928,A5091222441,last
W2914105590,A5008710199,first
W2914105590,A5017826524,middle
W2914105590,A5053989922,middle
W2914105590,A5011522776,last
W2914472786,A5035206323,first
W2914487304,A5011939964,first
W2914487304,A5087200438,last
W2914579330,A5075087505,middle
W2914579330,A5076071975,last
W2915056844,A5029881706,first
W2915315236,A5069146844,first
W2915315236,A5023458444,middle
W2915315236,A5010351436,last
W2915574739,A5018337455,first
W2915574739,A5069350670,middle
W2915574739,A5048900174,middle
W2915574739,A5075378946,middle
W2915574739,A5084929280,middle
W2915574739,A5074399275,middle
W2915574739,A5052531402,last
W2915730727,A5073411773,first
W2915804539,A5059751718,first
W2915814216,A5084125289,first
W2915898023,A5009270487,first
W2916175109,A5039580125,middle
W2916175109,A5020495328,middle
W2916232091,A5076025090,first
W2916232091,A5005239114,last
W2916315777,A5039266794,middle
W2916315777,A5047431342,middle
W2916315777,A5021630870,middle
W2916315777,A5046981557,middle
W2916315777,A5008138860,last
W2916473666,A5011087889,first
W2916473666,A5068961635,last
W2916836672,A5066392573,first
W2916883652,A5013306341,first
W2916952233,A5042593029,first
W2916952233,A5007654733,last
W2917086847,A5011307478,last
W2917283206,A5014385735,first
W2917288805,A5077400159,first
W2917851778,A5069921753,first
W2917908196,A5024353506,first
W2917908196,A5023658225,middle
W2917908196,A5029509412,middle
W2917908196,A5069964451,last
W2918223840,A5041317854,first
W2919457985,A5037217126,first
W2919767810,A5048302669,middle
W2919767810,A5091335565,middle
W2919767810,A5082046316,middle
W2919767810,A5027619089,middle
W2919767810,A5051885442,last
W2920994962,A5047698688,first
W2921605289,A5087190311,first
W2921605289,A5083351881,middle
W2921605289,A5065452451,last
W2921751721,A5018710944,first
W2921751721,A5033849275,last
W2922057674,A5069382698,first
W2922278132,A5079066886,first
W2922278132,A5023859439,last
W2922381660,A5030993729,first
W2922835251,A5020901104,first
W2923993019,A5073301407,first
W2924415891,A5082535573,first
W2924415891,A5055364864,middle
W2924415891,A5087350663,middle
W2924415891,A5023160093,middle
W2924415891,A5033486668,middle
W2924415891,A5066791819,last
W2924896393,A5029886298,first
W2924896393,A5071177280,last
W2925908497,A5011009172,first
W2928416130,A5086264494,first
W2930577255,A5032706723,first
W2931188514,A5015635029,middle
W2935038745,A5058438645,middle
W2936001312,A5024231600,first
W2936881457,A5077383607,first
W2936881457,A5060672826,middle
W2936881457,A5053781080,middle
W2936881457,A5060848831,middle
W2936881457,A5070226579,last
W2936962918,A5057005457,first
W2937490150,A5028845905,first
W2938253089,A5035483302,first
W2938641877,A5038551516,first
W2938641877,A5069794621,last
W2939401370,A5060263977,middle
W2939413991,A5082928400,last
W2942323245,A5047528114,first
W2942411768,A5069476728,first
W2942411768,A5036351248,last
W2942456643,A5082021344,first
W2942456643,A5034343453,last
W2943159199,A5025751830,first
W2943320920,A5044754556,last
W2943831623,A5081566791,first
W2944868673,A5089792049,first
W2946131944,A5046087654,first
W2946390222,A5035590008,middle
W2946641223,A5077231004,first
W2946958320,A5011466629,first
W2947629070,A5075095908,first
W2947675647,A5038703040,first
W2947693657,A5001847261,first
W2948225669,A5049248505,first
W2948303850,A5049987215,last
W2948417075,A5015194249,first
W2948417075,A5049089277,middle
W2948417075,A5012700237,last
W2949007598,A5078760410,first
W2949276015,A5042819179,first
W2949276015,A5028902486,middle
W2949276015,A5048764219,last
W2949588922,A5044787122,first
W2949618194,A5022709376,last
W2949644900,A5049007942,first
W2950165868,A5045217102,first
W2950709626,A5076229848,first
W2950709626,A5083199991,middle
W2950709626,A5064912243,middle
W2950709626,A5015822694,last
W2951069395,A5041317854,first
W2951498227,A5083876849,first
W2951971115,A5025369451,first
W2952054409,A5057209396,first
W2952194725,A5090942522,first
W2952194725,A5016622553,middle
W2952194725,A5070897176,middle
W2952194725,A5037095518,middle
W2952194725,A5037797188,last
W2952234759,A5086126814,last
W2952735556,A5090192918,first
W2953256621,A5061009525,first
W2953256621,A5003068669,last
W2953411801,A5055551485,first
W2953502284,A5080909388,first
W2953678684,A5089809712,last
W2953886315,A5036614045,first
W2954298229,A5066895269,last
W2954700531,A5040340561,first
W2954700531,A5046285835,last
W2954828876,A5051953313,first
W2954828876,A5078948324,last
W2954901134,A5014017290,first
W2954901134,A5022769773,last
W2955793692,A5044910076,first
W2955946078,A5033444103,first
W2959283619,A5020720579,middle
W2959283619,A5041247703,middle
W2959283619,A5077526337,middle
W2959941594,A5016571952,first
W2960586635,A5035590008,middle
W2962678625,A5045489036,first
W2962923918,A5047944641,first
W2962923918,A5059905694,last
W2962933145,A5062753174,middle
W2962933145,A5084386176,last
W2963193043,A5056055964,first
W2963193043,A5074116341,last
W2963379944,A5089479454,first
W2963379944,A5034888306,last
W2963667334,A5052852073,first
W2963744113,A5012397554,first
W2963786570,A5065953146,first
W2963786570,A5076070516,middle
W2963817465,A5056914080,first
W2963827247,A5003384367,first
W2963874020,A5011845909,first
W2963923211,A5021179023,first
W2963969381,A5059344370,first
W2964095543,A5025681725,first
W2964095543,A5055404904,last
W2964149220,A5036137159,first
W2964182814,A5037855761,middle
W2964182814,A5004131861,last
W2964187433,A5004038472,first
W2964187433,A5017062954,last
W2964243976,A5089266330,first
W2964333455,A5089379470,first
W2964333455,A5078550692,middle
W2964333455,A5017108936,last
W2964486549,A5017951302,first
W2964486549,A5024888914,middle
W2965271120,A5082448270,first
W2965271120,A5022727512,last
W2965544947,A5009055464,first
W2966080371,A5091244241,last
W2966528556,A5016153507,first
W2966528556,A5030631701,last
W2966630615,A5081516210,first
W2967084358,A5001543077,first
W2967594489,A5062906790,first
W2967594489,A5072857797,last
W2968202198,A5021567608,first
W2968876551,A5061808800,first
W2969207609,A5050928452,first
W2969449023,A5072524799,first
W2969653103,A5011085987,first
W2970031748,A5043018346,first
W2970091758,A5013793625,first
W2970348704,A5010237299,first
W2970443548,A5079031467,first
W2970477563,A5050817123,first
W2970559668,A5078831430,first
W2970618491,A5029484051,first
W2970650212,A5020593424,first
W2970665539,A5007446819,first
W2970821835,A5064682819,first
W2970834875,A5015986655,first
W2970838462,A5020783034,first
W2970859347,A5041523537,first
W2970913333,A5011658323,first
W2970928617,A5038596700,first
W2970928617,A5062554737,middle
W2970962700,A5084358904,first
W2971011908,A5084330610,first
W2971032302,A5013311909,first
W2971037994,A5036559657,first
W2971037994,A5089117316,middle
W2971037994,A5070452133,last
W2971043592,A5011069086,first
W2971090308,A5083745534,first
W2971102279,A5069795326,first
W2971181852,A5089840310,first
W2971184574,A5081595057,first
W2971276936,A5027008997,first
W2971276936,A5007566435,middle
W2971327910,A5070215581,first
W2971341246,A5028338674,first
W2971341246,A5043266861,last
W2971366929,A5053903265,first
W2971756211,A5072036204,first
W2971756211,A5088704743,middle
W2971756211,A5012641249,last
W2972131760,A5021308358,first
W2972358258,A5046553755,first
W2972504464,A5062492556,first
W2972587795,A5080215683,first
W2972627589,A5020886879,first
W2972658541,A5012520419,middle
W2973271059,A5002534605,first
W2973442750,A5012685850,first
W2973657948,A5024813912,first
W2973657948,A5045826943,last
W2974652024,A5015034518,first
W2974676280,A5028974526,first
W2974888065,A5091649643,first
W2975800538,A5022787031,first
W2976112849,A5068652542,first
W2976482588,A5007777185,first
W2977359163,A5003648392,first
W2977396514,A5052662161,first
W2978209780,A5061699360,first
W2979389470,A5014365421,first
W2979389470,A5003068669,last
W2979428753,A5029539615,first
W2979742801,A5041105845,first
W2979742801,A5049948429,last
W2980474234,A5082161208,first
W2980474234,A5007654733,last
W2980538331,A5023514929,first
W2980538331,A5041105845,middle
W2980752825,A5036289717,middle
W2980967915,A5086747838,first
W2981075762,A5023514929,first
W2981075762,A5041105845,middle
W2981406055,A5009531144,first
W2981406055,A5034903291,middle
W2981406055,A5069398574,last
W2981548338,A5058139714,first
W2981556979,A5005521874,first
W2981556979,A5041758596,middle
W2981556979,A5052639456,middle
W2981556979,A5084944799,last
W2981558745,A5001426570,first
W2981558745,A5084987671,middle
W2982157641,A5068738268,first
W2982235435,A5054347607,first
W2982235435,A5002537390,last
W2982932994,A5028352256,first
W2984140342,A5084996439,first
W2984433386,A5037648726,middle
W2985282848,A5038669744,first
W2985594711,A5050368522,first
W2987478106,A5055072173,first
W2987478106,A5082620338,last
W2987501522,A5084996439,first
W2988900651,A5052627723,first
W2989245747,A5045147377,first
W2989668022,A5085711392,first
W2989711161,A5083002089,first
W2989711161,A5058202284,last
W2989734246,A5084959652,first
W2989850693,A5019854566,first
W2989850693,A5010057677,last
W2990281957,A5046164637,first
W2990281957,A5022673348,last
W2990376062,A5009458853,middle
W2990376062,A5087471989,middle
W2990376062,A5065182890,middle
W2990398385,A5045283763,first
W2990585649,A5013884267,first
W2990620302,A5025323569,first
W2990842083,A5082133391,first
W2990882633,A5086041272,first
W2990957391,A5071741017,first
W2991038171,A5091911425,first
W2991063305,A5048242293,first
W2991114986,A5077896030,first
W2991472860,A5008613536,first
W2993157628,A5060342944,first
W2994375231,A5079239707,first
W2994375231,A5058687773,middle
W2994375231,A5040600525,middle
W2994375231,A5070235175,middle
W2994375231,A5087599833,last
W2994721849,A5013515323,first
W2995233371,A5081413075,first
W2995361133,A5059857460,first
W2995361133,A5027803084,middle
W2995361133,A5028902486,last
W2997334206,A5039457944,first
W2997461366,A5045235248,first
W2997778317,A5059938999,first
W2998057243,A5031558711,first
W2998164934,A5056053188,first
W2998422624,A5077871642,first
W2998422624,A5065868175,last
W2998506402,A5031570096,first
W2998534945,A5077792516,first
W2998534945,A5060870697,middle
W2998534945,A5031645239,last
W2999070601,A5050869324,first
W2999070601,A5084924744,last
W2999388996,A5045814438,middle
W3000531598,A5054782781,first
W3000828453,A5029946268,first
W3001141747,A5052459001,first
W3001141747,A5052586692,last
W3001975856,A5085056586,first
W3001975856,A5058883700,middle
W3001975856,A5019717058,last
W3002790867,A5024520358,first
W3003137467,A5046186874,first
W3003211755,A5032276006,first
W3003536285,A5013585339,first
W3003536966,A5042555361,first
W3003657564,A5006433695,first
W3003657564,A5044349047,last
W3004116233,A5050445708,first
W3004116233,A5044282884,middle
W3004116233,A5042234925,last
W3004332067,A5043474376,first
W3004589171,A5022463037,first
W3004589171,A5049281009,middle
W3004589171,A5065670073,last
W3004611823,A5028444402,first
W3005453665,A5005297736,first
W3005523547,A5083864231,first
W3005691836,A5022495434,first
W3006209952,A5008514588,middle
W3006301776,A5043853736,first
W3006325545,A5076006527,first
W3006367022,A5041164592,first
W3006531321,A5002203895,first
W3006905524,A5030738704,first
W3007786389,A5019520424,first
W3007786389,A5045270125,last
W3007911034,A5080961527,first
W3008327769,A5033868035,first
W3008327769,A5066041657,last
W3008686916,A5041010510,first
W3008764925,A5074353764,first
W3009071471,A5003648392,first
W3010525757,A5046571160,middle
W3010525757,A5036707796,last
W3010822076,A5015950989,first
W3010822076,A5085699720,last
W3011288111,A5076309074,first
W3011392877,A5087505725,first
W3013570255,A5052301997,middle
W3014571176,A5067968369,first
W3014571176,A5005053622,middle
W3014571176,A5062942647,middle
W3014571176,A5087421133,middle
W3014571176,A5003714897,middle
W3014571176,A5049783208,last
W3015431448,A5002788206,first
W3015431448,A5054002357,middle
W3015431448,A5090079648,middle
W3015431448,A5091908097,middle
W3015431448,A5090497881,last
W3015825348,A5091723828,first
W3015915449,A5071563667,first
W3016771147,A5057919681,first
W3016825603,A5068898625,first
W3016825603,A5067732168,last
W3017363287,A5063268230,first
W3019322383,A5038246634,first
W3020664186,A5047004734,first
W3020861116,A5009316832,first
W3020861116,A5064659680,middle
W3020861116,A5034372518,middle
W3020861116,A5067391190,last
W3021099450,A5057419861,first
W3021099450,A5050617370,last
W3022276819,A5056259425,first
W3022286401,A5022225302,first
W3022704218,A5002872886,last
W3022835374,A5076724368,first
W3022835374,A5090148962,last
W3023005091,A5014863973,first
W3023252388,A5044793849,first
W3023305852,A5000919145,first
W3023305852,A5025285243,middle
W3023305852,A5051439492,middle
W3023305852,A5042988713,middle
W3023305852,A5000546219,middle
W3023305852,A5062620116,middle
W3023305852,A5016253883,middle
W3023305852,A5032314861,last
W3024250350,A5007661526,first
W3024250350,A5074179530,middle
W3024250350,A5032289109,middle
W3024250350,A5042421338,last
W3024360862,A5013106167,first
W3024360862,A5087797803,last
W3025270055,A5070590853,first
W3026548876,A5060700410,first
W3026570724,A5078626575,first
W3026854394,A5008125122,last
W3027109012,A5023638199,first
W3027109012,A5034930946,last
W3028393366,A5089902738,first
W3028393366,A5061572131,middle
W3030854278,A5031298023,last
W3030992337,A5089764170,first
W3033230778,A5030123026,first
W3033230778,A5091640459,last
W3035824302,A5086411819,first
W3036331020,A5043022123,first
W3043253019,A5059865486,last
W3043888722,A5064759681,first
W3044399102,A5063838698,first
W3044510408,A5065969325,first
W3044616545,A5010022279,first
W3044948523,A5075441381,first
W3045668188,A5002681172,first
W3045668188,A5025594132,last
W3045695212,A5017217386,middle
W3047766879,A5019481683,first
W3048569745,A5051301385,last
W3080378837,A5020317356,last
W3080400832,A5010923297,first
W3080617369,A5062784211,first
W3080617369,A5003068669,last
W3080899326,A5011225412,middle
W3080899326,A5051542865,last
W3083276761,A5057030981,first
W3083276761,A5032970348,middle
W3083409168,A5006576758,first
W3083409168,A5022071542,last
W3084566718,A5066573875,first
W3089036708,A5040892472,first
W3098432735,A5033285463,last
W3099700408,A5034163404,last
W3101921656,A5082805490,first
W3101921656,A5046708984,last
W3105848534,A5050058753,last
W3107395375,A5034328463,first
W3108002715,A5082447008,first
W3108379727,A5068122065,first
W3108565090,A5067584064,first
W3109824486,A5047841971,first
W3110273354,A5020720579,first
W3110273354,A5041247703,middle
W3110273354,A5077526337,last
W3111610616,A5075974647,first
W3113695491,A5038733663,first
W3115179662,A5065682763,first
W3117993899,A5043650942,first
W3118579843,A5020679159,first
W3119905476,A5060916421,first
W3119905476,A5001553843,last
W3120093381,A5037243123,middle
W3120093381,A5042092547,last
W3120208443,A5048309044,first
W3123195957,A5052692708,first
W3123195957,A5043740841,middle
W3123195957,A5072984243,middle
W3123195957,A5082492388,last
W3124271745,A5049420721,first
W3124461280,A5010835082,middle
W3124524788,A5059088347,first
W3125368316,A5025840344,first
W3125368316,A5004914839,last
W3126209819,A5018868321,first
W3127261977,A5084132742,first
W3127331737,A5054313614,last
W3127714369,A5065101661,first
W3127714369,A5040378239,middle
W3127714369,A5015329217,last
W3128312684,A5085504011,first
W3128343846,A5024114819,first
W3128343846,A5044341736,middle
W3128343846,A5058938462,last
W3128532154,A5074504203,first
W3128670124,A5062351903,first
W3128828027,A5050314883,first
W3128828027,A5087458064,last
W3129714772,A5073639920,first
W3130899476,A5038856844,first
W3130899476,A5042137965,last
W3130953135,A5043918247,first
W3132100418,A5058021214,first
W3132100418,A5044152002,last
W3132101150,A5005067818,first
W3132101150,A5030211091,last
W3133221138,A5017720360,first
W3133221138,A5074317478,middle
W3133628605,A5028269254,first
W3133628605,A5016277487,middle
W3133628605,A5000903862,last
W3134872817,A5019314738,last
W3135066039,A5070391437,first
W3135623173,A5064628869,first
W3136145994,A5024501121,first
W3136145994,A5087367222,middle
W3136145994,A5067599928,middle
W3136145994,A5069334140,middle
W3136145994,A5090205116,middle
W3136145994,A5076918148,middle
W3136145994,A5008040085,middle
W3136145994,A5087041607,middle
W3136145994,A5043334355,middle
W3136145994,A5074492402,middle
W3136145994,A5003477563,middle
W3136145994,A5077826199,middle
W3136145994,A5051938848,middle
W3136145994,A5012679236,middle
W3136145994,A5085569944,middle
W3136145994,A5087235995,middle
W3136145994,A5073570946,middle
W3136145994,A5078937916,middle
W3136145994,A5046932726,middle
W3136145994,A5047093707,middle
W3136145994,A5059180650,middle
W3136145994,A5087379941,middle
W3136145994,A5005721507,middle
W3136145994,A5051439492,last
W3136257047,A5041346094,first
W3136971275,A5084734006,first
W3136971275,A5070250580,middle
W3136971275,A5006231373,middle
W3136971275,A5079112987,middle
W3136971275,A5087551742,last
W3137128468,A5032603671,middle
W3137128468,A5015649543,middle
W3137128468,A5006429175,last
W3137305105,A5030142136,first
W3138213576,A5052373265,first
W3138328864,A5006184530,first
W3138328864,A5080680869,middle
W3138328864,A5057569553,last
W3138771842,A5005258575,first
W3138771842,A5037744447,middle
W3138771842,A5080901387,middle
W3138771842,A5070517688,middle
W3138771842,A5053615321,last
W3139248218,A5045365002,first
W3141738786,A5033513736,first
W3141738786,A5054274052,last
W3142671035,A5085776925,first
W3142769568,A5024626195,first
W3143102040,A5026873933,first
W3144308342,A5043648221,first
W3145378422,A5021363878,first
W3145473984,A5078027976,first
W3148238306,A5045919413,first
W3148238306,A5001558241,middle
W3148238306,A5024749105,last
W3148627084,A5050543728,middle
W3148627084,A5015500789,middle
W3148627084,A5030589675,middle
W3149149952,A5084884328,first
W3149801936,A5042080057,first
W3149801936,A5091317505,last
W3150083869,A5033360088,first
W3150853067,A5069466939,last
W3150906200,A5038568090,first
W3151569109,A5034725807,last
W3151689653,A5042733210,middle
W3151778014,A5005050797,first
W3153199954,A5059187908,first
W3154553803,A5031683179,first
W3156592506,A5065448458,first
W3156803147,A5008973060,last
W3157323977,A5025111900,first
W3157491061,A5082893021,first
W3157491061,A5074242919,last
W3158476143,A5008257072,first
W3158612194,A5036583267,first
W3158612194,A5075292468,middle
W3158612194,A5034694502,last
W3159001383,A5030916576,last
W3159153638,A5083069199,first
W3159276070,A5010362868,first
W3159881502,A5063831188,first
W3160008404,A5047972827,first
W3160314647,A5021165519,first
W3160379098,A5055102876,first
W3160379098,A5082581997,last
W3162186426,A5017147712,first
W3162186426,A5060207201,middle
W3163633350,A5017233287,first
W3164546586,A5054395742,first
W3164546586,A5049947564,middle
W3164546586,A5038337158,middle
W3164546586,A5018496110,last
W3165988747,A5029944686,first
W3167885355,A5058155162,first
W3167974993,A5014251095,first
W3167974993,A5040829874,last
W3168428590,A5043718699,first
W3169115944,A5004391841,first
W3169714433,A5003471263,first
W3169714433,A5026309239,middle
W3171733845,A5064854256,first
W3172091997,A5046677038,first
W3172091997,A5033818740,middle
W3172091997,A5055633179,middle
W3172091997,A5020019569,middle
W3172091997,A5055194079,last
W3173907536,A5014699397,first
W3174351209,A5058466208,first
W3174351209,A5010787441,last
W3174770719,A5024989959,first
W3176644583,A5032146353,first
W3176644583,A5087795875,middle
W3176644583,A5000856508,middle
W3176644583,A5006048466,middle
W3177618535,A5072468632,middle
W3177618535,A5036299855,middle
W3177618535,A5042554757,middle
W3177618535,A5073375704,middle
W3177624572,A5006720097,first
W3177624572,A5028541709,middle
W3177624572,A5015167951,last
W3180612544,A5010098013,first
W3181388958,A5036312162,first
W3181388958,A5091020771,last
W3182827313,A5035471780,first
W3182827313,A5003068669,last
W3183308292,A5026295865,first
W3184812612,A5004383548,first
W3185452895,A5046742683,middle
W3185452895,A5023585065,last
W3185950498,A5011466629,first
W3185950498,A5078508874,last
W3185970662,A5046590841,first
W3186845808,A5035399427,first
W3186845808,A5049307628,last
W3188596208,A5011494919,first
W3188596208,A5018037660,last
W3188828872,A5089334309,first
W3189961577,A5027390954,last
W3190581244,A5086428190,first
W3190581244,A5055396083,middle
W3190581244,A5072425013,middle
W3190581244,A5019338503,middle
W3190858444,A5014987490,first
W3191687957,A5084665500,first
W3191687957,A5066345725,last
W3192336580,A5012703845,first
W3195214741,A5056224988,first
W3196576198,A5062508673,first
W3196576198,A5063806519,middle
W3196576198,A5058774217,last
W3198297890,A5032956091,first
W3198297890,A5010503156,last
W3198511722,A5003508463,middle
W3198511722,A5069221181,middle
W3199207593,A5062921222,first
W3199464705,A5036554861,first
W3199464705,A5019183919,last
W3199850228,A5069134859,middle
W3199850228,A5072090771,middle
W3199850228,A5009388529,middle
W3200406987,A5049341927,first
W3200827176,A5059757804,first
W3201475783,A5068223679,first
W3201513316,A5059266972,middle
W3201513316,A5046824658,middle
W3201736152,A5035738936,first
W3201736152,A5061197652,last
W3202566006,A5001015885,first
W3202641021,A5057515987,first
W3203348054,A5061212792,first
W3204390115,A5056704068,first
W3204894701,A5062011874,first
W3208394747,A5023122420,last
W3209417350,A5080285200,first
W3209417350,A5011368149,middle
W3209417350,A5008561505,last
W3209876709,A5054459387,first
W3210398213,A5091663962,last
W3210756704,A5085942306,middle
W3210756704,A5072256391,last
W3211387943,A5001575970,first
W3211387943,A5090716028,middle
W3211518381,A5028577558,middle
W3211742163,A5069863269,last
W3211742214,A5051608927,first
W3211829621,A5051250530,first
W3212990683,A5001831672,last
W3213613721,A5074804622,first
W3213779722,A5085732584,middle
W3213779722,A5078247837,last
W3214373768,A5051947687,first
W3214373768,A5049632527,last
W3215824828,A5033810360,first
W3215824828,A5019007054,last
W3215837620,A5032128275,first
W3216277781,A5022434051,first
W3217010639,A5024498326,first
W3217399748,A5011645414,first
W32664292,A5079409696,first
W329259310,A5006419852,last
W361752001,A5038703040,first
W4205142508,A5021901258,first
W4205142508,A5039742693,middle
W4205142508,A5043476218,last
W4205810851,A5079709331,first
W4205933273,A5062077023,first
W4206016604,A5013400987,first
W4206345156,A5009951245,first
W4211247140,A5030929146,first
W4211247140,A5071368904,last
W4211248846,A5079877931,last
W4213411189,A5056179227,first
W4213411189,A5015939203,middle
W4213411189,A5038372194,last
W4229495934,A5017284331,first
W4229501182,A5050107296,first
W4229696870,A5032686018,last
W4229752591,A5045067400,first
W4229837227,A5077391080,first
W4229852278,A5043587067,first
W4229861372,A5075459877,first
W4229903038,A5058558845,first
W4230004465,A5067723053,first
W4230027707,A5089861176,first
W4230067894,A5053207196,first
W4230191992,A5078053703,first
W4230193829,A5080687354,middle
W4230193829,A5089820135,last
W4230240953,A5045071015,first
W4230570372,A5058810080,first
W4230648862,A5067526160,first
W4230661815,A5041418612,first
W4230844758,A5051746616,first
W4230911718,A5008902090,first
W4230911718,A5005083987,middle
W4230911718,A5001513750,last
W4230998947,A5038901650,first
W4231161875,A5017284331,first
W4231260435,A5079357056,first
W4231333029,A5063861105,first
W4231394072,A5032555290,last
W4231396854,A5047585543,first
W4231500509,A5001596439,first
W4231500509,A5084593174,last
W4231534048,A5072247317,first
W4231628865,A5068787013,last
W4231632481,A5059390845,first
W4231661489,A5072833877,first
W4231689269,A5047761668,first
W4231720816,A5038901650,first
W4231823184,A5078053703,first
W4231891158,A5004144198,last
W4232016335,A5067723053,first
W4232059860,A5020482984,first
W4232063720,A5018419686,first
W4232191994,A5001596439,first
W4232191994,A5084593174,last
W4232331357,A5078724467,first
W4232368242,A5009409061,first
W4232368242,A5062737501,last
W4232385579,A5025605311,first
W4232484448,A5005849526,first
W4232609809,A5006812955,middle
W4232609809,A5087762504,middle
W4232609809,A5023884692,middle
W4232609809,A5091181333,middle
W4232609809,A5006812955,middle
W4232609809,A5087762504,middle
W4232609809,A5023884692,middle
W4232609809,A5091181333,middle
W4232609809,A5006812955,middle
W4232609809,A5087762504,middle
W4232609809,A5023884692,middle
W4232609809,A5091181333,last
W4232657020,A5042629109,first
W4232688355,A5073524801,first
W4232688355,A5087612889,last
W4232733604,A5028943473,first
W4232746212,A5001629531,first
W4232746212,A5091406065,last
W4232755360,A5044603127,first
W4232763107,A5056994525,first
W4232763107,A5059464509,last
W4232826668,A5035618289,middle
W4232883391,A5072247317,first
W4232899835,A5069949225,first
W4232954039,A5058558845,first
W4233026719,A5024810917,first
W4233026719,A5027983198,middle
W4233026719,A5045601906,last
W4233077433,A5074918450,first
W4233108063,A5053010525,first
W4233260077,A5089861176,first
W4233310505,A5062850701,first
W4233332826,A5039894610,first
W4233423306,A5008008453,middle
W4233497558,A5034821490,middle
W4233553573,A5031489232,first
W4233567587,A5050140147,first
W4233612093,A5083875049,first
W4233637233,A5080629210,first
W4233637233,A5063240982,last
W4233659286,A5077323175,first
W4233659286,A5045938446,last
W4233675265,A5050433646,first
W4233684324,A5065963956,first
W4233820206,A5076000052,first
W4233902066,A5089567002,last
W4233954497,A5004766751,first
W4234030339,A5049335598,first
W4234127560,A5059613185,first
W4234140534,A5059076217,first
W4234204822,A5040107844,first
W4234261504,A5079664997,last
W4234279901,A5050433646,first
W4234343713,A5053207196,first
W4234344659,A5031600713,first
W4234382265,A5075919503,first
W4234382265,A5055353542,last
W4234539248,A5007497885,first
W4234584580,A5080474496,first
W4234699458,A5059447514,last
W4234834125,A5075919503,first
W4234834125,A5055353542,last
W4234925811,A5037507373,first
W4234925811,A5090045167,last
W4235062253,A5074093929,first
W4235062253,A5028592776,last
W4235071266,A5006495935,first
W4235111117,A5059447514,last
W4235154662,A5080510171,first
W4235164172,A5054322229,first
W4235199105,A5004391892,first
W4235199105,A5086694916,last
W4235203843,A5074093929,first
W4235203843,A5028592776,last
W4235230287,A5031600713,first
W4235286535,A5063707421,first
W4235286535,A5012514568,middle
W4235286535,A5026752007,last
W4235383125,A5068454145,first
W4235509328,A5001629531,first
W4235509328,A5091406065,last
W4235631813,A5045243742,first
W4235654745,A5007380083,first
W4235722676,A5069486276,first
W4235722676,A5090785796,last
W4235726711,A5063707421,first
W4235726711,A5012514568,middle
W4235726711,A5026752007,last
W4235816472,A5030940799,first
W4235862409,A5075919503,first
W4235862409,A5055353542,last
W4235956611,A5008118904,last
W4236014420,A5074093929,first
W4236014420,A5028592776,last
W4236095613,A5050583468,first
W4236107212,A5067723053,first
W4236142225,A5020648546,first
W4236178468,A5023313466,first
W4236178468,A5062348600,last
W4236275208,A5063134687,first
W4236463748,A5068903555,first
W4236463748,A5050441481,middle
W4236463748,A5074807737,middle
W4236463748,A5054072749,middle
W4236463748,A5079028242,middle
W4236463748,A5023051744,middle
W4236463748,A5048993333,last
W4236490299,A5029550887,first
W4236517044,A5075919503,first
W4236517044,A5055353542,last
W4236531929,A5075919503,first
W4236531929,A5055353542,last
W4236563760,A5067723053,first
W4236696585,A5072247317,first
W4236804785,A5085331622,first
W4236882319,A5057066398,first
W4236962735,A5041418612,first
W4236983413,A5011878231,first
W4237004491,A5020512776,first
W4237103218,A5075919503,first
W4237103218,A5055353542,last
W4237163988,A5023924564,first
W4237184457,A5076809830,first
W4237230755,A5006812955,middle
W4237230755,A5087762504,middle
W4237230755,A5023884692,middle
W4237230755,A5091181333,last
W4237318291,A5010473548,first
W4237468082,A5071841929,first
W4237485161,A5004474819,first
W4237489263,A5026577805,first
W4237509554,A5038901650,first
W4237606589,A5037738598,first
W4237691944,A5055827434,first
W4237759866,A5074093929,first
W4237759866,A5028592776,last
W4237764481,A5050433646,first
W4237821662,A5082035319,first
W4237828590,A5006812348,last
W4237868343,A5076809830,first
W4237887996,A5074164532,first
W4237887996,A5073944902,middle
W4237887996,A5082974516,last
W4237895501,A5091719023,last
W4237910087,A5035618289,middle
W4237965086,A5021286666,last
W4237999415,A5023774096,first
W4238014529,A5067784603,first
W4238522434,A5014707056,last
W4238529402,A5043587067,first
W4238572612,A5086634575,first
W4238594266,A5078433435,last
W4238634188,A5046245166,first
W4238653720,A5074093929,first
W4238653720,A5028592776,last
W4238738629,A5006812955,middle
W4238738629,A5087762504,middle
W4238738629,A5023884692,middle
W4238738629,A5091181333,last
W4238746624,A5075919503,first
W4238746624,A5055353542,last
W4238854433,A5001596439,first
W4238854433,A5084593174,last
W4238888571,A5071168060,first
W4238929512,A5035618289,middle
W4238943794,A5059447514,last
W4238961877,A5029638173,first
W4238962694,A5014840183,first
W4239139340,A5006646696,first
W4239167412,A5028555842,first
W4239253451,A5009409061,first
W4239253451,A5062737501,last
W4239485350,A5000851572,last
W4239602024,A5028555842,first
W4239633977,A5050433646,first
W4239647318,A5041418612,first
W4239654061,A5008601410,first
W4239712258,A5004391892,first
W4239712258,A5086694916,last
W4239792777,A5047059242,middle
W4239880807,A5010530817,first
W4239921302,A5005849526,first
W4239931370,A5068787013,last
W4239934091,A5076809830,first
W4239971510,A5031609548,first
W4240038151,A5013120340,first
W4240085531,A5079108919,first
W4240237915,A5034518427,first
W4240356296,A5052125429,first
W4240357650,A5060366485,first
W4240357650,A5089977204,middle
W4240357650,A5002744834,last
W4240392770,A5000121724,first
W4240526832,A5089861176,first
W4240584339,A5072247317,first
W4240650270,A5074093929,first
W4240650270,A5028592776,last
W4240665626,A5074093929,first
W4240665626,A5028592776,last
W4240685721,A5001596439,first
W4240685721,A5084593174,last
W4240695271,A5031600713,first
W4240739881,A5075919503,first
W4240739881,A5055353542,last
W4240768339,A5029669651,first
W4240822901,A5078724467,first
W4240825508,A5076809830,first
W4240843152,A5083793494,middle
W4240843152,A5083191924,middle
W4240843152,A5013278746,middle
W4240843152,A5039510418,middle
W4240931853,A5007729970,middle
W4240990723,A5074093929,first
W4240990723,A5028592776,last
W4241060089,A5041418612,first
W4241069554,A5058909328,first
W4241078582,A5045853703,first
W4241078582,A5001225006,middle
W4241078582,A5058139541,last
W4241105256,A5000032419,first
W4241120761,A5031928824,last
W4241280264,A5084020886,first
W4241285003,A5066341329,first
W4241299204,A5074093929,first
W4241299204,A5028592776,last
W4241365898,A5053207196,first
W4241423802,A5035103057,last
W4241433446,A5076408885,last
W4241603201,A5070180583,first
W4241644786,A5063707421,first
W4241644786,A5012514568,middle
W4241644786,A5026752007,last
W4241704747,A5008785620,first
W4241948241,A5059306142,first
W4241948241,A5041518985,last
W4242133458,A5074093929,first
W4242133458,A5028592776,last
W4242264406,A5048937469,first
W4242264406,A5073782468,last
W4242382059,A5033229548,first
W4242423712,A5050140147,first
W4242427611,A5063793601,first
W4242452662,A5017284331,first
W4242559559,A5047189052,first
W4242631196,A5080687354,middle
W4242631196,A5089820135,last
W4242717156,A5011370879,last
W4242720892,A5091130345,first
W4242899734,A5076809830,first
W4243068343,A5054072162,first
W4243219492,A5048801846,first
W4243219492,A5080643984,last
W4243341897,A5047585543,first
W4243374652,A5063707421,first
W4243374652,A5012514568,middle
W4243374652,A5026752007,last
W4243427291,A5039894610,first
W4243433576,A5015862198,first
W4243458303,A5049843883,first
W4243467814,A5038901650,first
W4243496838,A5017284331,first
W4243512583,A5062115194,first
W4243542233,A5063707421,first
W4243542233,A5012514568,middle
W4243542233,A5026752007,last
W4243771674,A5045067400,first
W4243907658,A5043097411,first
W4243996000,A5045067400,first
W4244035733,A5075459877,first
W4244038675,A5044477933,first
W4244038675,A5035817829,last
W4244116571,A5067723053,first
W4244168509,A5004391892,first
W4244168509,A5086694916,last
W4244199571,A5077657249,first
W4244361049,A5074093929,first
W4244361049,A5028592776,last
W4244475824,A5021099497,first
W4244486703,A5004391892,first
W4244486703,A5086694916,last
W4244565123,A5067723053,first
W4244611594,A5053594211,last
W4244674258,A5012156289,first
W4244733393,A5073954294,first
W4244733393,A5025076891,last
W4244750337,A5057837194,first
W4244798461,A5075919503,first
W4244798461,A5055353542,last
W4244808615,A5041418612,first
W4244929538,A5040439719,first
W4244949327,A5034555326,first
W4244967581,A5049393815,first
W4245060713,A5080766537,first
W4245151635,A5020166814,first
W4245164775,A5063707421,first
W4245164775,A5012514568,middle
W4245164775,A5026752007,last
W4245205199,A5075919503,first
W4245205199,A5055353542,last
W4245242105,A5002371519,first
W4245293735,A5026715940,first
W4245358135,A5037507373,first
W4245358135,A5090045167,last
W4245371297,A5064954976,first
W4245505469,A5040053125,first
W4245569885,A5075919503,first
W4245569885,A5055353542,last
W4245605524,A5007835868,first
W4245605524,A5014931910,last
W4245672742,A5038901650,first
W4245673599,A5075919503,first
W4245673599,A5055353542,last
W4245710389,A5044645767,first
W4245766007,A5023774096,first
W4245830440,A5086139129,first
W4245928292,A5010673868,first
W4245928292,A5006088324,last
W4245938807,A5045067400,first
W4246242720,A5039487411,first
W4246339600,A5009409061,first
W4246339600,A5062737501,last
W4246460347,A5040053125,first
W4246640697,A5075110779,first
W4246721402,A5043097411,first
W4246942880,A5001629531,first
W4246942880,A5091406065,last
W4247028684,A5051199777,first
W4247101805,A5042629109,first
W4247149899,A5054719460,first
W4247207405,A5054072162,first
W4247286770,A5072247317,first
W4247290828,A5053650103,first
W4247305317,A5054274052,middle
W4247305317,A5084398502,middle
W4247305317,A5018673845,middle
W4247305317,A5071413663,middle
W4247305317,A5059904967,middle
W4247305317,A5073447411,middle
W4247305317,A5039410288,middle
W4247305317,A5062121322,middle
W4247305317,A5068303856,middle
W4247305317,A5014950878,middle
W4247305317,A5059051939,last
W4247397578,A5053207196,first
W4247420629,A5059447514,last
W4247488827,A5056262194,first
W4247492075,A5034518427,first
W4247545616,A5029669651,first
W4247563555,A5060713252,first
W4247610150,A5036113341,first
W4247705204,A5078724467,first
W4247805579,A5074093929,first
W4247805579,A5028592776,last
W4247858179,A5027951598,first
W4247919867,A5011071130,first
W4248053942,A5004474819,first
W4248121524,A5048623050,first
W4248295972,A5044603127,first
W4248321679,A5006812955,middle
W4248321679,A5087762504,middle
W4248321679,A5023884692,middle
W4248321679,A5091181333,last
W4248351789,A5086620720,first
W4248391342,A5087669743,first
W4248391342,A5026197656,last
W4248423399,A5053010525,first
W4248456599,A5088636263,first
W4248590483,A5041540679,first
W4248672565,A5053207196,first
W4248720125,A5035479116,first
W4248863972,A5044603127,first
W4248972907,A5066007406,first
W4249056774,A5069486276,first
W4249056774,A5090785796,last
W4249059783,A5039894610,first
W4249156181,A5081011175,first
W4249195331,A5039894610,first
W4249221983,A5004391892,first
W4249221983,A5086694916,last
W4249332301,A5080687354,middle
W4249332301,A5089820135,last
W4249402528,A5016449324,first
W4249440493,A5034140113,first
W4249482734,A5089861176,first
W4249532916,A5084267092,first
W4249585055,A5057923349,first
W4249588735,A5090661352,last
W4249644921,A5006812955,middle
W4249644921,A5087762504,middle
W4249644921,A5023884692,middle
W4249644921,A5091181333,last
W4249652010,A5024904743,last
W4249705854,A5029638173,first
W4249797634,A5051746616,first
W4249800036,A5090661352,last
W4249818588,A5053207196,first
W4249872868,A5023774096,first
W4249882653,A5082078671,last
W4249941919,A5032577137,first
W4249960496,A5071841929,first
W4250170469,A5045067400,first
W4250256264,A5039487411,last
W4250279373,A5090661352,last
W4250327670,A5050433646,first
W4250491550,A5074093929,first
W4250491550,A5028592776,last
W4250815366,A5043587067,first
W4250842044,A5075919503,first
W4250842044,A5055353542,last
W4250883812,A5037507373,first
W4250883812,A5090045167,last
W4251000039,A5006812955,middle
W4251000039,A5087762504,middle
W4251000039,A5023884692,middle
W4251000039,A5091181333,last
W4251009009,A5008902090,first
W4251009009,A5005083987,middle
W4251009009,A5001513750,last
W4251145578,A5067723053,first
W4251146657,A5050642342,first
W4251149501,A5038271432,first
W4251167592,A5002695483,first
W4251184601,A5031298023,last
W4251229135,A5034497011,first
W4251252853,A5004391892,first
W4251252853,A5086694916,last
W4251465409,A5043542278,first
W4251465409,A5013606826,last
W4251765849,A5074093929,first
W4251765849,A5028592776,last
W4251769138,A5074093929,first
W4251769138,A5028592776,last
W4251954079,A5023774096,first
W4251972581,A5063732032,last
W4252035396,A5075459877,first
W4252114998,A5071993180,first
W4252145413,A5074093929,first
W4252145413,A5028592776,last
W4252164774,A5059447514,last
W4252171512,A5006812955,middle
W4252171512,A5087762504,middle
W4252171512,A5023884692,middle
W4252171512,A5091181333,last
W4252207977,A5053539048,first
W4252207980,A5026726877,first
W4252223407,A5084200579,middle
W4252223407,A5045616772,last
W4252241665,A5067723053,first
W4252259355,A5064042869,first
W4252287375,A5091671780,middle
W4252287375,A5039584991,middle
W4252373276,A5001629531,first
W4252373276,A5091406065,last
W4252386865,A5043587067,first
W4252431435,A5039894610,first
W4252432129,A5037507373,first
W4252432129,A5090045167,last
W4252435852,A5004391892,first
W4252435852,A5086694916,last
W4252479445,A5075919503,first
W4252479445,A5055353542,last
W4252482073,A5089255134,first
W4252482418,A5006812955,middle
W4252482418,A5087762504,middle
W4252482418,A5023884692,middle
W4252482418,A5091181333,last
W4252615714,A5040006825,first
W4252670074,A5017944772,first
W4252746285,A5038901650,first
W4252848605,A5012017851,first
W4252905117,A5043347335,last
W4252981461,A5050433646,first
W4253067020,A5043097411,first
W4253114699,A5080766537,first
W4253131711,A5042629109,first
W4253145060,A5009409061,first
W4253145060,A5062737501,last
W4253192708,A5022948833,first
W4253235770,A5012156289,first
W4253361831,A5063861105,first
W4253390432,A5041418612,first
W4253446336,A5005849526,first
W4253448766,A5006909080,first
W4253448766,A5001264416,last
W4253451931,A5051579609,first
W4253540978,A5050140147,first
W4253576260,A5028436684,first
W4253737782,A5050140147,first
W4253781606,A5007942320,first
W4253823318,A5079858994,first
W4253823318,A5060366485,middle
W4253823318,A5089977204,middle
W4253823318,A5002744834,last
W4253831215,A5078724467,first
W4253927073,A5063861105,first
W4253958216,A5066865559,first
W4253958216,A5088533277,middle
W4253958216,A5089065155,middle
W4253965460,A5068787013,last
W4253998468,A5063707421,first
W4253998468,A5012514568,middle
W4253998468,A5026752007,last
W4254101144,A5028555842,first
W4254109351,A5081566791,first
W4254117568,A5087288927,last
W4254168260,A5078053703,first
W4254218947,A5044603127,first
W4254237040,A5041418612,first
W4254285499,A5080766537,first
W4254287495,A5050140147,first
W4254287495,A5085774964,last
W4254289683,A5040053125,first
W4254385267,A5051746616,first
W4254450873,A5047189052,first
W4254538717,A5017284331,first
W4254635622,A5076809830,first
W4254646783,A5006812955,middle
W4254646783,A5087762504,middle
W4254646783,A5023884692,middle
W4254646783,A5091181333,last
W4254677892,A5069486276,first
W4254677892,A5090785796,last
W4254737605,A5001596439,first
W4254737605,A5084593174,last
W4254781367,A5047189052,first
W4254875044,A5063220389,middle
W4254939018,A5011878231,first
W4254957409,A5021367085,first
W4254995473,A5041184857,first
W4255053829,A5072247317,first
W4255110993,A5076982376,last
W4255255431,A5081824706,first
W4255280496,A5074093929,first
W4255280496,A5028592776,last
W4255412675,A5078724467,first
W4255442990,A5089861176,first
W4255535462,A5058909328,first
W4255548650,A5040126978,first
W4255578640,A5022147264,first
W4255681416,A5066061403,last
W4255720359,A5005849526,first
W4255995230,A5026172489,first
W4256110122,A5082707744,first
W4256189795,A5012156289,first
W4256349506,A5042604489,first
W4256396508,A5090661352,last
W4256499803,A5066085347,first
W426445961,A5007322884,first
W4285037390,A5055072173,first
W4285037390,A5013452324,last
W4290743941,A5020791896,first
W4290743941,A5038306122,middle
W4290743941,A5030211091,last
W4290972871,A5075244831,first
W4290974215,A5075244831,first
W4290974232,A5007265643,first
W4290974232,A5072319079,last
W4290982523,A5007265643,first
W4292050881,A5064600777,first
W4292236134,A5073803020,first
W4293503129,A5021017077,middle
W4293861507,A5019760928,first
W4297721300,A5033637029,first
W4297721300,A5022084739,middle
W4297721300,A5008334023,last
W4297937334,A5053236389,last
W4297954976,A5021620793,first
W4297954976,A5050310382,middle
W4297954976,A5067275194,last
W4298013724,A5085422836,first
W4298013724,A5004147750,last
W4298066789,A5039970666,first
W4298093082,A5041497235,first
W4298093082,A5023971789,middle
W4298093082,A5000863257,middle
W4298093082,A5063872092,last
W4298281303,A5079763185,first
W4298281303,A5085895610,middle
W4298281303,A5077581403,middle
W4298305482,A5032913022,first
W4298331341,A5082929344,first
W4298331341,A5016007997,last
W4298379417,A5042153476,first
W4298379417,A5075740003,middle
W4298379417,A5065688267,last
W4298434102,A5089475466,first
W4298434102,A5066096051,middle
W4298434102,A5050869595,last
W4298897561,A5077231004,first
W4299160899,A5023774096,first
W4299402228,A5023774096,first
W4299410670,A5023774096,first
W4299412867,A5087089729,first
W4299412867,A5018707945,last
W4299477652,A5016198475,middle
W4299477652,A5005275845,middle
W4299477652,A5028984905,middle
W4299477652,A5003373255,middle
W4299477652,A5046572286,middle
W4299477652,A5003115000,last
W4299507606,A5026275444,first
W4299507606,A5085335307,middle
W4299507606,A5008051893,middle
W4299507606,A5085163349,middle
W4299544595,A5090778317,first
W4299646923,A5082535573,first
W4299646923,A5055364864,middle
W4299646923,A5087350663,middle
W4299646923,A5023160093,middle
W4299646923,A5033486668,middle
W4299646923,A5066791819,last
W4299694806,A5031290426,first
W4299732393,A5019760928,first
W4299873426,A5033178923,first
W4299873426,A5065038902,middle
W4299873426,A5072912970,last
W429998739,A5036803875,first
W4300386806,A5025840344,first
W4300386806,A5004914839,last
W4300450987,A5023774096,first
W4300490064,A5047154781,middle
W4300526216,A5060986934,first
W4300562612,A5056179227,first
W4300562612,A5015939203,middle
W4300562612,A5038372194,last
W4300612701,A5078781803,first
W4300636629,A5051508511,first
W4300636629,A5080181390,middle
W4300636629,A5076508187,middle
W4300636629,A5017560763,middle
W4300636629,A5069466172,middle
W4300636629,A5009915982,last
W4300691364,A5066680347,first
W4300691364,A5013266148,middle
W4300691364,A5061469691,last
W4300706275,A5091437294,first
W4300794129,A5014906860,first
W4300794129,A5028391099,middle
W4300794129,A5072237165,middle
W4300794129,A5058651667,middle
W4300794129,A5088815590,last
W4300879422,A5021742266,first
W4300900086,A5003774789,first
W4300900086,A5002927216,last
W4300923268,A5023774096,first
W4300933005,A5026698697,first
W4300938840,A5003579441,first
W4301080614,A5037107679,last
W4301154439,A5021742266,first
W4301206542,A5023774096,first
W4301355476,A5018810439,first
W4301382342,A5029351320,first
W4301798558,A5010047975,last
W4302382179,A5031667486,first
W4302382179,A5014604100,middle
W4302382179,A5070041767,last
W4302404314,A5034225369,first
W4302468208,A5071963696,last
W4302577169,A5061819639,first
W4302577169,A5057620937,middle
W4302577169,A5088329728,middle
W4302577169,A5013780852,middle
W4302577169,A5041387017,last
W4302930490,A5025840344,first
W4302930490,A5004914839,last
W4307101416,A5045576932,first
W4307250101,A5014906860,first
W4307250101,A5028391099,middle
W4307250101,A5072237165,middle
W4307250101,A5058651667,middle
W4307250101,A5088815590,last
W4307619821,A5051508511,first
W4307619821,A5080181390,middle
W4307619821,A5076508187,middle
W4307619821,A5017560763,middle
W4307619821,A5069466172,middle
W4307619821,A5009915982,last
W4309263345,A5051508511,first
W4309263345,A5080181390,middle
W4309263345,A5076508187,middle
W4309263345,A5017560763,middle
W4309263345,A5069466172,middle
W4309263345,A5009915982,last
W4309381688,A5001016052,first
W4311595298,A5004804647,first
W4311595298,A5089612078,last
W4312206575,A5055072173,first
W4312206575,A5013452324,last
W4319603937,A5003774789,first
W4319603937,A5002927216,last
W4321429839,A5055072173,first
W4321429839,A5013452324,last
W4321449959,A5055072173,first
W4321449959,A5013452324,last
W4321509866,A5034385170,first
W4323722221,A5051508511,first
W4323722221,A5080181390,middle
W4323722221,A5076508187,middle
W4323722221,A5017560763,middle
W4323722221,A5069466172,middle
W4323722221,A5009915982,last
W433855605,A5004581874,first
W433855605,A5049268268,last
W4360986533,A5087089729,first
W4360986533,A5018707945,last
W4362524075,A5031290426,first
W4362573481,A5065292816,last
W4366443583,A5087089729,first
W4366443583,A5018707945,last
W4366761892,A5073256411,first
W4367592543,A5051629369,first
W4367592550,A5062046042,first
W4368321048,A5031290426,first
W4372060416,A5062924070,first
W567381828,A5067002027,first
W567950537,A5052028342,first
W567950537,A5051426675,last
W568185052,A5087736734,first
W568656247,A5076752482,last
W569402856,A5057099727,first
W569454141,A5050713265,first
W575080566,A5047695484,first
W575739125,A5027152205,first
W575749913,A5011113331,first
W576366246,A5054365503,first
W576366246,A5054895694,middle
W576366246,A5055405076,last
W576500895,A5053559733,first
W579454448,A5003590993,first
W589106766,A5043124566,last
W589678950,A5080225656,first
W590759223,A5074120529,first
W590759223,A5029834470,last
W591931018,A5081696146,first
W594468991,A5043137685,last
W603785217,A5061187272,first
W607985122,A5016089711,first
W608508454,A5002983903,first
W609179067,A5081742550,first
W610099240,A5035050771,first
W618016422,A5011026101,first
W619535557,A5002581531,first
W620187428,A5082984111,last
W620422224,A5057340662,first
W630123320,A5011258072,last
W636255042,A5081664821,first
W637602559,A5059694800,first
W637602559,A5026769792,last
W638136908,A5021835324,first
W638385490,A5004803468,first
W643660740,A5010906835,first
W650852999,A5068436292,last
W654935531,A5048931974,first
W657248252,A5007209515,first
W657537275,A5049273448,first
W927647421,A5055702391,last
W948460752,A5025682071,first
