src,tgt,position
A5068600217,W1564897360,first
A5062722286,W1564897360,middle
A5054916889,W1564897360,last
A5079098245,W1537842733,first
A5042928447,W1537842733,middle
A5041911612,W1537842733,last
A5053050274,W1592847587,first
A5005018540,W2144355672,first
A5000234995,W2285786022,last
A5025067440,W2749680651,first
A5053340099,W2749680651,middle
A5025946191,W2749680651,last
A5054235383,W273431730,last
A5058935509,W1626155273,first
A5084264842,W1626155273,middle
A5026547410,W1626155273,middle
A5077011518,W1626155273,last
A5087025582,W1526328753,first
A5041522926,W4242059867,first
A5010866308,W1409615047,first
A5065857248,W2885549115,first
A5004788089,W2745007981,first
A5002127148,W2801890059,first
A5013941262,W2801890059,middle
A5044005697,W2801890059,last
A5028476919,W2606089314,first
A5088047776,W2606089314,last
A5051876605,W1518301830,first
A5011476402,W2736618479,first
A5015126561,W2736618479,last
A5011551728,W1480175919,first
A5083060638,W1480175919,middle
A5063785042,W1480175919,middle
A5089476688,W135790322,first
A5072361278,W135790322,last
A5028699912,W4254931243,first
A5080187476,W2485992890,first
A5040594247,W2884745705,first
A5075651762,W1667574996,first
A5046073654,W1667574996,last
A5076063841,W2098206081,first
A5052463747,W4244835432,last
A5044603127,W2740901591,first
A5065035800,W1517606245,first
A5027706684,W2764025117,first
A5059033705,W2764025117,middle
A5000619566,W2764025117,last
A5035023688,W3101183984,first
A5012922872,W3101183984,middle
A5023198874,W3101183984,middle
A5044005697,W3101183984,last
A5047776706,W1545816247,first
A5089795083,W1548738226,first
A5060083408,W1548738226,middle
A5042930115,W1916021481,first
A5042153557,W2484797342,first
A5076847110,W2484797342,middle
A5009442525,W2484797342,last
A5008902090,W3001991410,first
A5005083987,W3001991410,middle
A5001513750,W3001991410,last
A5007541058,W2570494446,first
A5087825639,W2570494446,middle
A5024549341,W2570494446,middle
A5085440585,W2570494446,middle
A5063041566,W4238750312,last
A5086450084,W2999199799,first
A5045227579,W2735553491,first
A5051649145,W2735553491,middle
A5071529846,W2735553491,middle
A5047868177,W2735553491,last
A5054568856,W2563378438,first
A5000912462,W2563378438,last
A5081501272,W1580932091,first
A5078861665,W1580932091,last
A5034018731,W2768771208,first
A5084740578,W2768771208,middle
A5003347271,W1507181737,first
A5027830035,W1507181737,last
A5034992584,W2605516844,first
A5071512605,W2130457835,first
A5074469154,W2765609047,first
A5052487601,W2765609047,middle
A5044783910,W2765609047,middle
A5078269845,W2765609047,middle
A5039389081,W2765609047,last
A5089300300,W2781302587,last
A5019698991,W2735452118,first
A5003393478,W2996994624,first
A5086254817,W4244275182,first
A5060350556,W4244275182,middle
A5034616829,W4244275182,middle
A5072391425,W4244275182,last
A5004623767,W2612022290,first
A5043998799,W2612022290,last
A5078922784,W2742679029,middle
A5045351279,W2964298291,first
A5080963527,W2756202949,first
A5052365500,W2546700740,first
A5089476207,W2546700740,middle
A5029587656,W2546700740,last
A5060812206,W242877175,first
A5049846480,W2755574294,first
A5022635877,W2755574294,middle
A5017316228,W2755574294,last
A5044349707,W2293491105,first
A5051064408,W2735064727,first
A5078892377,W2735064727,middle
A5003146039,W2735064727,last
A5005267732,W4244921287,first
A5057817239,W2611176525,first
A5025890612,W2611176525,middle
A5007049648,W2611176525,middle
A5036855560,W2611176525,last
A5074934997,W2606776062,first
A5062423698,W2606776062,middle
A5006218020,W2606776062,middle
A5064629647,W2606776062,last
A5079747168,W2291407805,first
A5031733412,W2291407805,middle
A5047805056,W2291407805,middle
A5041342597,W2291407805,last
A5089826363,W4255885670,first
A5034432097,W3124367822,first
A5081725635,W3124367822,last
A5010475047,W1511724990,last
A5041951909,W4251813598,first
A5083863746,W1508120902,first
A5054428960,W2730902963,first
A5054399713,W4243735707,first
A5074701441,W2963003007,first
A5059177713,W1592167591,first
A5038830874,W4247813589,first
A5082737646,W4247813589,middle
A5058287918,W4247813589,last
A5059036901,W608690979,first
A5017416513,W2565104410,first
A5025558202,W2565104410,middle
A5083090794,W2565104410,last
A5034196986,W2593904818,first
A5051386391,W2593904818,middle
A5027644473,W2593904818,last
A5049102222,W1550330821,last
A5052018166,W2014993114,first
A5083524174,W2946130033,first
A5068383641,W2946130033,middle
A5047591308,W2946130033,middle
A5086554574,W2946130033,last
A5037803714,W1479745656,first
A5072735566,W1479745656,last
A5004391892,W4249816584,first
A5086694916,W4249816584,last
A5022831151,W584778073,first
A5030818976,W584778073,last
A5002085979,W2914829730,first
A5078518595,W639949082,first
A5025956941,W639949082,last
A5066146213,W2106699082,first
A5037915949,W1480542034,first
A5047776706,W1587040139,first
A5078098511,W1747608905,first
A5026840660,W1747608905,last
A5083065389,W2618852836,first
A5028480779,W2618852836,middle
A5044369720,W2618852836,last
A5039132898,W2985900875,first
A5053336381,W2767394981,first
A5020021340,W589764498,middle
A5050559520,W589764498,last
A5051571027,W2884189748,first
A5087837333,W2903719405,first
A5062879647,W2587550986,first
A5016784278,W4246046720,first
A5040001436,W2752685416,first
A5016544515,W627140926,first
A5047056785,W2614221804,first
A5087266192,W2614221804,last
A5000135371,W4229483819,first
A5084467488,W2736193304,first
A5006329036,W2606509618,first
A5081397718,W2009061146,first
A5004990697,W2009061146,last
A5025840344,W2612326543,first
A5004914839,W2612326543,last
A5023940180,W4299355056,first
A5015993066,W4211028722,first
A5011600518,W2752637653,first
A5076290378,W2752637653,middle
A5034266318,W2752637653,last
A5041583054,W4243998703,first
A5062434217,W4244364290,last
A5091694797,W4241879758,first
A5030430394,W4241879758,last
A5085690680,W2733667913,first
A5088881798,W2343930661,first
A5053700775,W2750089033,first
A5055253590,W2750089033,last
A5011075245,W1517838243,first
A5043403453,W4251518660,first
A5047871627,W2616399473,first
A5053369574,W2988633782,middle
A5087109003,W2988633782,middle
A5062331827,W2997570459,first
A5053207196,W2752879988,first
A5074787525,W2766488777,first
A5051923415,W2766488777,middle
A5042211786,W2766488777,last
A5027039195,W4245252652,first
A5004885984,W4245252652,middle
A5037257043,W4245252652,last
A5034246711,W2590412065,first
A5041467998,W2590412065,middle
A5053089078,W2590412065,middle
A5016137188,W2590412065,last
A5034343453,W4233130698,first
A5024185131,W2616462372,first
A5086570023,W2737911929,middle
A5019458428,W2737911929,middle
A5041369196,W2943896970,first
A5086699004,W2943896970,last
A5017474506,W3020813630,first
A5045367012,W3020813630,middle
A5029193524,W3020813630,middle
A5011775237,W3020813630,last
A5000893315,W3100985534,first
A5081789094,W617293035,first
A5048222216,W617293035,last
A5019562855,W640702032,first
A5054753563,W640702032,last
A5032561910,W2662455208,first
A5091601455,W2900548288,first
A5003527982,W2110415358,first
A5073690771,W2518951547,first
A5084849908,W2518951547,middle
A5090232242,W2518951547,last
A5071600539,W2901324514,first
A5024626195,W2917442576,first
A5028089542,W4235091326,first
A5076590286,W4235091326,last
A5032528340,W2889555851,first
A5028943908,W2889555851,last
A5034343453,W4247928114,first
A5015991677,W2510928024,first
A5067052751,W1486236954,middle
A5010067963,W4243917683,first
A5019360674,W2883290014,first
A5002347804,W2883290014,last
A5036254733,W2612810742,first
A5062983883,W2612810742,middle
A5023225712,W2612810742,middle
A5025282612,W2612810742,middle
A5013414039,W2612810742,last
A5082450455,W2748167422,last
A5025681351,W2908882439,first
A5023718023,W2746353786,first
A5065533636,W2746353786,last
A5030373048,W4240186232,last
A5032363490,W2170204850,first
A5066172970,W2170204850,last
A5090720315,W2530299800,middle
A5072115220,W2551542263,first
A5089624310,W4229525029,first
A5052828309,W4229525029,last
A5009658255,W2752649084,last
A5036843430,W2396946315,first
A5015993565,W2589749558,first
A5000296607,W2589749558,last
A5047569435,W2607005257,first
A5040613543,W2801984378,first
A5090162029,W4230413288,first
A5056707380,W4230413288,middle
A5065094212,W4230413288,last
A5038199341,W2559926291,first
A5046825099,W2608265559,first
A5079357056,W2750725664,first
A5072203134,W2750725664,last
A5077080413,W3104370314,first
A5038749016,W3104370314,middle
A5071529846,W3104370314,middle
A5057284370,W3104370314,middle
A5068848432,W3104370314,middle
A5082167522,W3104370314,middle
A5042053820,W3104370314,middle
A5078473649,W3104370314,middle
A5003275797,W3104370314,middle
A5027642699,W3104370314,middle
A5078047670,W3104370314,middle
A5066583058,W3104370314,middle
A5027065196,W3104370314,middle
A5009086349,W3104370314,middle
A5042629109,W4245928558,first
A5037201286,W2751843979,last
A5010812344,W2758325595,first
A5056730853,W2766015931,first
A5089458679,W2766015931,middle
A5051386391,W2588164584,first
A5043020624,W2588164584,last
A5007661434,W640456376,first
A5084879190,W2083276316,first
A5085216500,W3151180121,first
A5024813912,W4241920004,first
A5045826943,W4241920004,last
A5007201391,W4243276130,first
A5013018127,W1983343295,first
A5027629530,W2566048193,first
A5007287967,W2566048193,last
A5051386391,W2604842719,first
A5059573973,W2604842719,last
A5050953046,W2614359700,first
A5085239243,W2908936173,first
A5057403150,W2908936173,middle
A5079776998,W2908936173,last
A5024114819,W4244148294,first
A5027714534,W4244148294,last
A5009000710,W2561466673,first
A5059560924,W2561466673,middle
A5030936455,W2561466673,middle
A5090067023,W2561466673,last
A5073620359,W2767053529,middle
A5030123026,W2942056403,first
A5091640459,W2942056403,last
A5026850687,W4211263231,first
A5047306825,W2040789319,last
A5069476728,W3003581119,first
A5048668512,W3003581119,last
A5017232974,W3141949304,first
A5023051605,W4229497021,first
A5074064506,W4230405492,first
A5028939608,W587875510,first
A5004246117,W587875510,last
A5059269635,W2577690602,middle
A5069127680,W2577690602,middle
A5063338822,W2577690602,middle
A5078697349,W2577690602,middle
A5018223804,W2577690602,last
A5084566253,W2599027056,middle
A5053172504,W2599027056,middle
A5072579371,W2599027056,middle
A5036817746,W2599027056,middle
A5081115472,W2599027056,last
A5048094439,W1530652428,first
A5048027414,W2185060515,first
A5061249142,W2625465398,first
A5012141433,W2625465398,last
A5065280368,W2801910602,first
A5009036246,W2801910602,last
A5029864546,W4254865196,first
A5005435118,W187502492,first
A5071522801,W2741881058,first
A5055804958,W2741881058,last
A5038609677,W2746867318,middle
A5036201536,W2746867318,last
A5040540560,W2762661697,first
A5004122832,W2762661697,last
A5009356160,W2781502722,first
A5020243243,W2978195203,last
A5007715931,W2980367889,first
A5027131724,W2980367889,last
A5017042977,W4239663527,first
A5074751992,W4239663527,last
A5087737008,W166250562,first
A5010434536,W2509257396,first
A5027648225,W2735897232,first
A5000105184,W2735897232,middle
A5086748879,W2735897232,last
A5002919229,W2753742387,middle
A5073848525,W2889078883,first
A5058164094,W4239388447,middle
A5020872669,W4247882009,first
A5012964665,W4247882009,last
A5029132636,W2340428118,first
A5069178025,W2340428118,last
A5022617601,W2725043851,first
A5040606176,W2778195513,first
A5074155401,W2778195513,middle
A5047293748,W2778195513,last
A5040659853,W2584773708,last
A5068907804,W2585745035,first
A5029564018,W2774163364,first
A5032615847,W2774163364,last
A5004391892,W2781044394,first
A5086694916,W2781044394,middle
A5001582187,W4241787922,first
A5064950726,W4241787922,middle
A5080546654,W4241787922,last
A5026530058,W584406582,first
A5071865916,W584406582,last
A5071169709,W1975634595,first
A5068059152,W2604195821,first
A5036851432,W2743635440,first
A5080284872,W2743635440,middle
A5085533002,W2771444654,first
A5000669585,W4233555857,first
A5034547685,W4233555857,middle
A5065617837,W4233555857,last
A5009030184,W650683591,first
A5028746458,W650683591,middle
A5055416007,W650683591,last
A5078743336,W2021137853,first
A5080691948,W2523047691,first
A5018479820,W2523047691,middle
A5087542455,W2523047691,last
A5005702955,W2531867140,middle
A5061496529,W2531867140,middle
A5078402251,W2537300304,last
A5067832984,W2537635137,first
A5083349103,W2548321301,first
A5062985234,W2548321301,middle
A5029380465,W2548321301,middle
A5012894477,W2548321301,last
A5090676876,W2735085686,first
A5056183711,W2735085686,middle
A5001055584,W2735085686,last
A5049349468,W4255219625,first
A5059714266,W4255219625,last
A5067050293,W4255420071,first
A5087564658,W4299499183,first
A5050596022,W2111643624,first
A5017366543,W2553039245,first
A5003393478,W2617849536,first
A5060785708,W2618936481,first
A5037494040,W2618936481,middle
A5038908084,W2618936481,last
A5014132188,W2740438667,first
A5085747746,W2740438667,middle
A5065808505,W2740438667,last
A5013373596,W2743697,middle
A5027926451,W2743697,last
A5051064408,W2752564939,first
A5003146039,W2752564939,middle
A5078892377,W2752564939,last
A5001693395,W2753025640,first
A5024273013,W2783312379,first
A5065543182,W2783312379,middle
A5056237133,W2783312379,middle
A5019055429,W2783312379,last
A5016144868,W4250411086,first
A5051031507,W562068698,first
A5069363394,W603782127,first
A5073945194,W656635837,first
A5085811977,W1617444245,first
A5056997145,W1617444245,middle
A5005759832,W1617444245,last
A5038996322,W2561281916,first
A5091711243,W2561281916,last
A5048821900,W2736297478,first
A5091078914,W2552995778,first
A5079475072,W2552995778,middle
A5081056634,W2552995778,last
A5029334337,W2616606453,first
A5019817936,W2616606453,middle
A5051063040,W2616606453,middle
A5043579355,W2616606453,last
A5049458591,W2663363630,first
A5053906377,W2769882943,middle
A5056034943,W2769882943,last
A5057166510,W601773085,first
A5008601410,W1486987526,first
A5024458365,W2620577042,first
A5013765251,W2733963296,first
A5054053101,W2905532018,first
A5071010012,W2905532018,last
A5072430739,W411572721,middle
A5014488325,W411572721,last
A5043409810,W4255875169,first
A5002367171,W4255875169,last
A5065716990,W2505156150,first
A5056512471,W2505156150,middle
A5018293076,W2564917587,first
A5063667378,W2616757124,first
A5016900183,W2616757124,middle
A5085059786,W2766313398,first
A5054941080,W2770670847,first
A5050433646,W2920654769,first
A5079252764,W4238363634,first
A5068441236,W2481117512,first
A5076353369,W2481117512,last
A5026053085,W2511087050,first
A5062313034,W2583569546,first
A5052177154,W2597958895,first
A5006716812,W2610465631,first
A5044501073,W2610465631,last
A5067230761,W2736499682,first
A5001291873,W2766901645,first
A5023868166,W2766901645,middle
A5085262529,W2766901645,middle
A5082524152,W2766901645,last
A5049273485,W2782988845,first
A5079978522,W2894804706,first
A5033580230,W2902251009,first
A5000208454,W3012004216,first
A5030498541,W3012004216,last
A5073770532,W4235990836,first
A5014829491,W4242708681,first
A5067597688,W1603698551,first
A5055636722,W1603698551,last
A5029112800,W2526581160,first
A5007758815,W2547613017,middle
A5084565333,W2547613017,middle
A5043241009,W2653200766,first
A5029431663,W2653200766,middle
A5075999338,W2772423203,first
A5076598733,W2795361658,middle
A5004458037,W3001494301,first
A5083702949,W3001494301,middle
A5015993565,W3001494301,last
A5071010012,W4230660597,first
A5000083284,W4240617655,first
A5026781113,W4249511403,last
A5046503675,W4256074913,first
A5001080761,W601130585,first
A5077554384,W13333647,first
A5052362009,W13333647,last
A5091432489,W1515444477,first
A5059716535,W1577991056,first
A5052624516,W1577991056,last
A5033026813,W2167886759,first
A5038973041,W2560049213,middle
A5084837357,W2591636771,first
A5061813280,W2593048869,first
A5069510989,W2593048869,middle
A5000566608,W2593048869,last
A5054322944,W2596428662,first
A5023729638,W2619365413,first
A5041798588,W2619365413,middle
A5045881566,W2619365413,last
A5064756823,W2766770065,first
A5047854194,W2766770065,middle
A5086266633,W2766770065,middle
A5039638924,W2766770065,middle
A5057541763,W2766770065,last
A5002834282,W4242187241,first
A5011243776,W1496803166,first
A5077223013,W1496803166,middle
A5058368575,W1496803166,last
A5033624629,W2571022944,first
A5057912398,W2571022944,middle
A5088379917,W2571022944,last
A5008011360,W2582915745,first
A5041082456,W2587999973,first
A5071047366,W2587999973,middle
A5068626745,W2587999973,last
A5079793859,W2594384127,first
A5085477174,W2594384127,middle
A5034770996,W2594384127,middle
A5016073202,W2594384127,last
A5084641325,W2622692433,first
A5004273646,W2622692433,middle
A5061246161,W2622692433,middle
A5007512559,W2622692433,last
A5012337235,W2905446525,first
A5057282050,W4242044234,first
A5053064477,W4297919728,first
A5050729402,W4297919728,last
A5011290120,W4299924088,first
A5025622267,W594020929,first
A5070041323,W594020929,middle
A5009129607,W594020929,last
A5002739745,W652669457,first
A5000975435,W2532787243,first
A5087057648,W2532787243,last
A5067789332,W2587657161,first
A5087111199,W2587657161,last
A5081402157,W2588985210,first
A5055606001,W2891008184,first
A5022485637,W2981512051,first
A5022649669,W4233601237,first
A5011015587,W4237594283,first
A5057038259,W4237594283,last
A5076150411,W4239409200,first
A5048792207,W581027280,first
A5063673084,W1450066936,first
A5064586240,W2506505331,first
A5066983455,W2506505331,last
A5082474473,W2560937693,first
A5027259197,W2560937693,middle
A5052161872,W2560937693,middle
A5026865846,W2560937693,middle
A5065472577,W2560937693,middle
A5058265964,W2560937693,last
A5029864546,W2563692677,first
A5088286793,W2579902284,first
A5041179744,W2593001809,first
A5073639920,W2752159920,first
A5047871627,W2774123141,first
A5086444034,W2790635486,first
A5087920265,W2790635486,middle
A5009775674,W2790635486,middle
A5042559896,W2790635486,middle
A5083354890,W2790635486,middle
A5090615886,W2790635486,last
A5050796012,W2889364860,first
A5005899326,W2889364860,middle
A5019999253,W2889364860,last
A5068826373,W2901931791,first
A5017489902,W2901931791,middle
A5078585378,W2901931791,last
A5028089542,W2913905997,first
A5076590286,W2913905997,last
A5077105620,W3015885870,first
A5059526554,W4231621472,last
A5007201391,W4231633582,first
A5039871956,W4236719600,first
A5059062832,W4245198376,middle
A5029080773,W4247446067,middle
A5039118657,W4247446067,middle
A5058672879,W4250186974,first
A5084004396,W4254673375,first
A5041769718,W4254759493,first
A5072056394,W1491886492,first
A5009060919,W1491886492,last
A5009116003,W1540266249,first
A5059919967,W1540266249,last
A5083870363,W2403659235,first
A5041878024,W2460349365,first
A5082851518,W2460349365,middle
A5001172312,W2460349365,last
A5085172093,W2555095759,middle
A5081519254,W2592026925,first
A5012361203,W2592026925,last
A5048490462,W2601722430,first
A5012479148,W2615120947,first
A5071032850,W2615120947,middle
A5012287160,W2615120947,last
A5056296840,W2760900215,first
A5034087841,W2765266961,first
A5066819954,W2771164240,first
A5032861159,W4205300743,first
A5019834944,W4205300743,last
A5015308230,W4232190646,first
A5068441686,W4232190646,last
A5060579853,W4249536047,first
A5067134735,W92363944,last
A5038755734,W2554916424,first
A5044512769,W2554916424,middle
A5000834169,W2554916424,middle
A5081056211,W2554916424,last
A5000506517,W2562145876,first
A5087453456,W2562145876,middle
A5056251028,W2562145876,last
A5050267407,W2574758201,first
A5045709147,W2574758201,last
A5066422711,W2590203464,first
A5077723508,W2590203464,middle
A5082178480,W2590203464,middle
A5060350556,W2590203464,middle
A5059918476,W2590203464,middle
A5089419141,W2590203464,middle
A5041255737,W2590203464,last
A5045065209,W3022219091,first
A5061139675,W3022219091,middle
A5041874420,W3022219091,middle
A5008097602,W3022219091,middle
A5079838421,W3022219091,last
A5009692837,W3163690248,first
A5030268310,W3163690248,middle
A5010491077,W3163690248,middle
A5066537882,W3163690248,last
A5068865569,W4232324420,first
A5017284331,W4232737020,first
A5019698991,W4236088901,first
A5023188680,W4236088901,last
A5041154856,W4239729907,first
A5030730297,W4245415861,first
A5001416430,W4246501642,first
A5043211253,W4246501642,last
A5090649077,W4300950166,first
A5080621347,W604020347,first
A5032512088,W637095126,first
A5021068534,W637095126,last
A5029828659,W112997690,first
A5059853805,W1591764035,last
A5035712807,W2028799362,last
A5067049988,W2538107565,first
A5077860299,W2579574711,first
A5014202263,W2582467784,first
A5045820297,W2582467784,middle
A5069379086,W2582467784,last
A5057052162,W2593880743,first
A5041103024,W2593880743,middle
A5012071072,W2593880743,middle
A5054922583,W2620867814,first
A5088742665,W2620867814,middle
A5042237070,W2620867814,last
A5079830929,W2725177371,first
A5083166843,W2725177371,middle
A5023539744,W2725177371,middle
A5059577520,W2725177371,last
A5039132898,W2734994265,first
A5070125884,W2748533788,first
A5060213761,W2748533788,last
A5082992426,W4236432456,first
A5044273453,W4238411040,first
A5078154768,W4248586933,first
A5075919503,W4249742433,first
A5055353542,W4249742433,last
A5038271432,W4255296973,first
A5057234820,W582650937,first
A5043923522,W1535481485,first
A5067260321,W1539812191,first
A5089350226,W2501675331,first
A5006047082,W2501675331,middle
A5005837856,W2501675331,middle
A5061401932,W2501675331,last
A5026424786,W2564670552,first
A5020001896,W2590581696,first
A5025058941,W2594649906,first
A5009930587,W2594649906,middle
A5045667752,W2594649906,last
A5031715686,W2737622740,first
A5082085948,W2741189692,first
A5077315553,W2741189692,middle
A5028196391,W2741189692,last
A5045679867,W2751796963,first
A5023493127,W2751796963,middle
A5046939591,W2751796963,middle
A5029098035,W2751796963,middle
A5079184738,W2751796963,middle
A5010929089,W2751796963,last
A5016330265,W2751830479,first
A5075085472,W2754611171,first
A5016970525,W2756411094,first
A5047493969,W2756411094,middle
A5004135554,W2756411094,last
A5032411541,W2766813858,first
A5057279395,W2784546945,first
A5027045408,W2784546945,last
A5011543162,W4234222550,first
A5066539391,W4234222550,middle
A5045091456,W4234222550,last
A5058558845,W4252293011,first
A5055158724,W4312921313,first
A5017528432,W435130151,first
A5050106609,W435130151,last
A5023756735,W577581419,last
A5021462158,W629703823,first
A5023600661,W73296450,first
A5022678101,W105010359,first
A5001995018,W23803691,middle
A5074098471,W2525743075,first
A5076540476,W2525743075,last
A5003252390,W2538802425,first
A5069233924,W2538802425,last
A5090320352,W2560228494,first
A5012275958,W2560228494,middle
A5005837856,W2560228494,last
A5043808538,W2584377064,first
A5017246056,W2587449521,first
A5085246986,W2587818073,first
A5014845061,W2588573125,first
A5082476482,W2600779321,first
A5031913902,W2600779321,middle
A5012128426,W2600779321,middle
A5088327337,W2600779321,last
A5001395027,W2615484633,first
A5005737126,W2615484633,last
A5048698256,W2617621603,first
A5040364782,W2642405863,first
A5045209623,W2642405863,middle
A5051885500,W2642405863,middle
A5089820559,W2642405863,middle
A5084461524,W2642405863,last
A5003579441,W2788549874,first
A5067723053,W2885763049,first
A5067324209,W2888776308,first
A5012156289,W4240491740,first
A5064620106,W4248057091,first
A5035246117,W4248057091,middle
A5000208454,W4248057091,last
A5059999110,W4249382024,first
A5076115506,W652416162,first
A5007080680,W2183095474,first
A5042784735,W2183095474,middle
A5039207032,W2183095474,last
A5024746221,W2538147493,first
A5028741991,W2547250951,first
A5079658034,W2547250951,middle
A5015963600,W2547250951,middle
A5090287187,W2547250951,last
A5013566281,W2569772830,first
A5031370734,W2618536436,middle
A5045721867,W2618536436,middle
A5085832924,W2620532871,first
A5055872448,W2620532871,middle
A5022300438,W2620532871,last
A5009539513,W2739264497,first
A5048204602,W2739264497,last
A5035906875,W2739390446,first
A5040935964,W2752515633,first
A5047511729,W2752515633,middle
A5009208145,W2752515633,middle
A5027711778,W2752515633,middle
A5037243271,W2752515633,middle
A5073321020,W2752515633,middle
A5012338682,W2752515633,middle
A5055852189,W2752515633,middle
A5085037730,W2781640261,first
A5055554865,W2892219666,first
A5047023657,W2919780061,first
A5038006945,W2919780061,last
A5009409061,W4232952354,first
A5062737501,W4232952354,last
A5024924150,W4234782805,first
A5005369891,W4234782805,middle
A5054205452,W4234782805,last
A5052436101,W4235786879,first
A5028375556,W4247787071,first
A5027742316,W4255556278,first
A5012890130,W4299968615,first
A5060859546,W4299968615,last
A5088457089,W657235037,first
A5078570390,W1538737125,first
A5000919145,W1538737125,middle
A5075285062,W1538737125,last
A5071279723,W1574955005,first
A5010139816,W1916566634,first
A5070694496,W1916566634,last
A5086293968,W2507986377,first
A5054348081,W2507986377,middle
A5022573291,W2507986377,middle
A5005837856,W2507986377,last
A5048424631,W2531007388,first
A5046883483,W2531007388,last
A5000766463,W2536205220,first
A5065100828,W2536205220,middle
A5032100144,W2536205220,last
A5051668438,W2571836649,first
A5042304274,W2571836649,middle
A5015961883,W2571836649,last
A5091513740,W2589096701,first
A5027530006,W2594049114,first
A5007347603,W2599312840,first
A5045258021,W2602686929,first
A5055264305,W2602686929,last
A5049236135,W2734027529,first
A5056788018,W2754341698,first
A5017489902,W2761636223,middle
A5001092290,W2761636223,last
A5026578340,W2788783119,first
A5020947774,W2790511778,first
A5004498198,W2790511778,last
A5008554873,W2805975258,first
A5063188437,W2907326120,first
A5015993565,W2907326120,last
A5089861176,W4233155164,first
A5077922785,W4241031802,last
A5039540205,W4243710075,first
A5071093940,W4243710075,last
A5006428426,W4245577683,first
A5085867312,W4250321378,first
A5056287221,W4250321378,middle
A5070805897,W4250321378,middle
A5020060490,W4250321378,last
A5058275190,W4300997991,first
A5051454361,W598668418,last
A5018228553,W599684609,first
A5040393462,W599684609,last
A5082526359,W611671307,last
A5016727416,W1562596833,first
A5015969910,W2119991228,first
A5089079121,W2512390802,first
A5030427578,W2512390802,middle
A5001565730,W2512390802,last
A5044129236,W2523927452,first
A5066762178,W2523927452,last
A5089236260,W2565492299,first
A5021952588,W2565492299,middle
A5018976680,W2565492299,last
A5032983456,W2568966145,first
A5002496535,W2568966145,last
A5025120215,W2573199747,first
A5019862542,W2573199747,last
A5066201147,W2606784660,first
A5074906052,W2606784660,middle
A5071624109,W2606784660,middle
A5053668853,W2606784660,last
A5082321399,W2608050821,first
A5001195384,W2608050821,middle
A5065207651,W2608050821,last
A5053742461,W2612078462,first
A5081008532,W2612078462,middle
A5014096646,W2623343908,first
A5031464037,W2623343908,middle
A5038657258,W2623343908,last
A5059453152,W2739873388,first
A5028276052,W2740982151,first
A5032206962,W2742980741,first
A5069363619,W2742980741,last
A5040367566,W2745721515,middle
A5091689341,W2752180600,first
A5005716005,W2752180600,middle
A5028886833,W2766235398,first
A5084937471,W2770686079,first
A5037797631,W2897284243,last
A5016786154,W2904604454,first
A5012899448,W2904604454,last
A5032024278,W2954442338,first
A5022013774,W3027910091,first
A5090060126,W4211116510,first
A5074093929,W4234634182,first
A5028592776,W4234634182,last
A5059460348,W4237152282,last
A5041486421,W4237949611,first
A5070125884,W4238525339,first
A5060213761,W4238525339,last
A5003871253,W4239233341,first
A5074408924,W4301747061,first
A5024949339,W4301747061,last
A5090650964,W604117550,last
A5063077252,W2527242409,last
A5073475427,W2528034170,middle
A5042777672,W2528034170,last
A5085700892,W2561084555,first
A5031128531,W2570712302,first
A5073601707,W2590719607,first
A5071285863,W2590719607,last
A5020443359,W2591760966,first
A5041070091,W2591760966,last
A5031091803,W2599270206,first
A5037530095,W2599270206,last
A5054581943,W2603452549,last
A5084318285,W2604341542,first
A5050701255,W2604341542,last
A5089126757,W2613067797,middle
A5031121989,W2616155462,first
A5028581860,W2616155462,middle
A5023788914,W2616155462,last
A5070311058,W2617986283,first
A5064073991,W2617986283,middle
A5025293749,W2617986283,middle
A5012600744,W2617986283,last
A5070582509,W2620754517,first
A5090562336,W2620754517,middle
A5016082884,W2620754517,last
A5012367814,W2738701593,first
A5005575421,W2738701593,middle
A5037039482,W2738701593,last
A5089173037,W2745584882,first
A5058389135,W2745584882,middle
A5088853105,W2745584882,middle
A5043327132,W2745584882,middle
A5026496503,W2745584882,last
A5078138776,W2765784318,middle
A5079320411,W2767274331,first
A5051209043,W2767274331,middle
A5029550725,W2767274331,last
A5018565944,W2777406450,first
A5063914122,W2777406450,middle
A5006376848,W2777406450,last
A5009243659,W2889235293,middle
A5047248181,W2889235293,middle
A5072193842,W2890373806,first
A5029798067,W2890373806,middle
A5037324793,W2890373806,middle
A5005002693,W2890373806,last
A5028285158,W2890661375,first
A5018765638,W2897962465,middle
A5035330439,W2914082326,first
A5036306031,W2914082326,middle
A5038231385,W2914082326,middle
A5042833743,W2914082326,last
A5076742472,W4233010740,first
A5029658435,W571172355,first
A5055811445,W571172355,last
A5039226490,W649519041,first
A5053327046,W651639315,first
A5080590199,W651639315,middle
A5018952300,W1539339770,first
A5051170737,W1539339770,last
A5013922963,W1922117494,first
A5083111529,W2071002431,first
A5085801774,W2128431269,middle
A5060509294,W2128431269,last
A5001788144,W2253490978,first
A5077398892,W2253490978,middle
A5090048784,W2253490978,middle
A5033019082,W2253490978,last
A5068223679,W2270625438,first
A5085156922,W2292096826,first
A5005781625,W2292096826,middle
A5066176620,W2524910708,first
A5002842122,W2530169003,first
A5037432395,W2530169003,middle
A5034635671,W2530169003,last
A5056365501,W2559345905,first
A5013967803,W2567688955,first
A5026760106,W2567688955,middle
A5041346889,W2567688955,middle
A5032871353,W2567924457,middle
A5050580682,W2567924457,middle
A5054395893,W2567924457,middle
A5084035310,W2567924457,last
A5067901596,W2592153776,first
A5088503300,W2592153776,last
A5040886098,W2594984285,last
A5017375713,W2604581185,first
A5072314280,W2608759080,first
A5048486346,W2611309185,last
A5010221865,W2612531989,first
A5008380362,W2615215861,first
A5035273700,W2615215861,last
A5004186327,W2619393001,middle
A5013715687,W2623628773,first
A5080503837,W2623628773,middle
A5037626321,W2623628773,last
A5081855006,W2624095892,first
A5063823704,W2732854167,first
A5083918255,W2755443150,first
A5042719748,W2757181634,first
A5025241006,W2765758462,first
A5063912131,W2765758462,middle
A5015876786,W2765758462,last
A5070184068,W2768100318,last
A5015160716,W2886585295,first
A5053156269,W2909369566,first
A5056930369,W2909369566,last
A5058918990,W3110775391,first
A5079782678,W3110775391,last
A5014461863,W4233846997,last
A5090108695,W4235409048,middle
A5028399577,W4235409048,last
A5019831102,W4239143191,first
A5059110383,W4239472034,first
A5044498444,W4252647511,first
A5041192265,W4252647511,last
A5060165491,W4302895712,first
A5012138072,W4302895712,middle
A5002077138,W4302895712,middle
A5086786635,W4302895712,last
A5031909458,W584784506,first
A5028144520,W584784506,last
A5063794565,W601029216,first
A5080113505,W651754604,last
A5090048784,W1525575829,first
A5077398892,W1525575829,middle
A5019007054,W1525575829,middle
A5033019082,W1525575829,middle
A5091291266,W1525575829,middle
A5001788144,W1525575829,last
A5039248013,W1980872666,first
A5024400994,W1980872666,middle
A5090320352,W1980872666,middle
A5012275958,W1980872666,last
A5021615965,W2516329239,first
A5044959488,W2516329239,middle
A5089347287,W2516329239,last
A5015931553,W2526019567,first
A5067835338,W2528125430,first
A5073568638,W2528125430,last
A5058798782,W2530794792,first
A5001871147,W2530794792,last
A5031423617,W2579586009,first
A5025774015,W2582315333,first
A5034078369,W2582315333,middle
A5059305507,W2582315333,last
A5020881876,W2594570430,first
A5010766325,W2598484552,middle
A5073412670,W2608308670,first
A5079760196,W2617149451,first
A5063764379,W2617149451,last
A5011909774,W2617316595,first
A5058823326,W2618982515,first
A5089630219,W2618982515,last
A5012667640,W2736105210,first
A5055524328,W2767233846,first
A5060076255,W2767233846,last
A5010715046,W2772515808,first
A5082042708,W2773015691,first
A5081525335,W2774202024,first
A5023272254,W2780968104,first
A5085941561,W2794209175,first
A5059666184,W288320740,first
A5024763537,W2883855703,first
A5080304884,W2889374566,first
A5067675434,W2889374566,middle
A5080533784,W2889374566,last
A5058200403,W3017172635,first
A5068441686,W3017172635,last
A5022850081,W3107282596,first
A5080471614,W4231465875,first
A5021657351,W4232473096,first
A5015388163,W4233051260,first
A5003884714,W4241609629,first
A5042805707,W4299986847,first
A5027317977,W4300583748,first
A5031492664,W4300583748,last
A5003324590,W4302868688,first
A5052046561,W649497718,last
A5011878231,W105683667,first
A5037577894,W1605869842,first
A5077451853,W2124805063,first
A5071811633,W2248920296,first
A5004549631,W2248920296,last
A5070657345,W2482392132,first
A5067226620,W2482392132,middle
A5054225034,W2482392132,middle
A5059879982,W2482392132,middle
A5053751744,W2482392132,middle
A5019148054,W2482392132,last
A5088469315,W2522110096,first
A5037911741,W2522110096,middle
A5041534154,W2524584409,last
A5031596945,W2526936314,first
A5088223980,W2528411321,first
A5051314849,W2528411321,last
A5003326020,W2530875258,first
A5004874287,W2530875258,last
A5032630898,W2538531305,first
A5035583615,W2548986996,first
A5029754134,W2548986996,middle
A5043145803,W2548986996,last
A5086978458,W2584348570,first
A5045487634,W2584377795,first
A5040987266,W2588797470,first
A5087505725,W2588797470,middle
A5053328508,W2589709057,first
A5055416007,W2589709057,last
A5008432065,W2596705107,first
A5010035758,W2596705107,middle
A5056828139,W2596705107,last
A5012192569,W2597911411,first
A5029043975,W2597911411,last
A5013432227,W2605944316,first
A5024376647,W2605944316,last
A5090162029,W2606776147,first
A5065094212,W2606776147,middle
A5056707380,W2606776147,last
A5042885686,W2618707316,first
A5009381551,W2618707316,last
A5008420778,W2620047708,middle
A5087565005,W2620047708,middle
A5009341822,W2620439544,first
A5060051494,W2620439544,middle
A5065371627,W2620439544,last
A5091435435,W2624974796,first
A5034648399,W2624974796,middle
A5028200774,W2624974796,middle
A5083232835,W2624974796,middle
A5004065024,W2624974796,last
A5060006615,W2626312928,first
A5054036562,W2626830703,first
A5017227823,W2626830703,last
A5007497742,W2634906835,first
A5034089074,W2700369620,middle
A5077058928,W2737485754,first
A5057583165,W2737485754,middle
A5035571048,W2737485754,middle
A5063490873,W2737485754,middle
A5008103968,W2737485754,last
A5048462161,W2750733513,middle
A5054526951,W2765301887,first
A5072730926,W2765301887,last
A5037790703,W2765377798,first
A5060286669,W2765382619,middle
A5078255358,W2765481261,first
A5024362147,W2765481261,last
A5083278631,W2768820780,first
A5064565219,W2768820780,middle
A5059672946,W2768820780,middle
A5049188669,W2768820780,middle
A5068398513,W2768820780,middle
A5040395718,W2768820780,last
A5087011942,W2773484439,first
A5084340576,W2789625059,first
A5054901394,W2789971251,first
A5074934997,W2789971251,middle
A5062211930,W2789971251,last
A5082423050,W2889001475,first
A5079925942,W2889001475,last
A5034720507,W2889049121,first
A5020235876,W2901320526,first
A5022251129,W2968588716,first
A5026161106,W3169928041,first
A5047222739,W3169928041,last
A5063782677,W3197061749,first
A5011197437,W3197061749,middle
A5024323175,W3197061749,middle
A5056658934,W3197061749,last
A5032392889,W4229982453,first
A5038934826,W4229982453,last
A5075081444,W4230461492,first
A5068553137,W4234324822,first
A5000453966,W4234324822,last
A5020425798,W4246581904,first
A5043383832,W4249147640,first
A5025074757,W4249147640,middle
A5049580392,W4249147640,last
A5034210771,W4254316321,first
A5071884484,W4254949915,first
A5019219168,W4255417429,middle
A5080864681,W4255417429,last
A5070582509,W4298313295,first
A5050267088,W4298313295,middle
A5090562336,W4298313295,middle
A5078910994,W4298313295,last
A5058621753,W4300059427,first
A5013355577,W628735958,last
A5030259543,W630390214,first
A5079097879,W630390214,last
A5045820324,W1503894238,last
A5031456273,W1577883838,first
A5054399713,W1588404726,first
A5001410548,W1600800887,first
A5036448511,W1602689353,last
A5050046272,W2307540384,first
A5084466158,W2307540384,last
A5035046919,W2510265087,middle
A5064549823,W2517930676,first
A5045853703,W2519140846,first
A5001225006,W2519140846,middle
A5058139541,W2519140846,last
A5031663445,W2528394626,first
A5081555959,W2528394626,middle
A5067495721,W2528394626,middle
A5037048074,W2528394626,middle
A5011523845,W2528394626,last
A5061287527,W2553579261,first
A5005267824,W2579638008,first
A5025228155,W2579638008,last
A5076827456,W2581476518,middle
A5015931553,W2581476518,last
A5034269796,W2586498711,last
A5015551077,W2590755539,first
A5062641378,W2590755539,middle
A5036689115,W2590755539,last
A5029854353,W2591827414,first
A5015350037,W2591827414,last
A5019834944,W2594806595,first
A5076171972,W2594806595,last
A5031546715,W2594842393,last
A5054755867,W2605014934,last
A5016226575,W2605449647,first
A5027359359,W2605449647,middle
A5041276533,W2605449647,middle
A5086674016,W2605449647,last
A5086128963,W2609304537,first
A5039929397,W2610105073,first
A5006604913,W2610105073,middle
A5025794971,W2610105073,last
A5037879963,W2617414369,first
A5058715747,W2617414369,middle
A5032136375,W2626821127,first
A5069282220,W2626821127,last
A5026466952,W2741145450,first
A5061804710,W2741145450,last
A5075134010,W2747960742,first
A5049856015,W2761282752,first
A5010802421,W2761282752,middle
A5059390779,W2761282752,last
A5072904558,W2773302951,first
A5077802404,W2896064132,first
A5019539173,W2900041435,first
A5066462569,W2901712207,first
A5036373073,W2901712207,middle
A5083866649,W2901712207,middle
A5036100755,W2901712207,last
A5032739404,W2908775888,first
A5003578876,W2913421592,first
A5076480696,W2921954815,first
A5022658803,W2983484109,first
A5034269796,W3005094400,last
A5088234173,W3094393467,first
A5091784081,W3166912015,first
A5074570184,W3184605195,first
A5062128742,W3184605195,last
A5052519095,W4211013721,first
A5044695992,W4235373507,first
A5019383096,W4235893661,middle
A5021553205,W4235984494,first
A5007989524,W4249647936,first
A5042240859,W4252737989,first
A5081307846,W4301230818,first
A5019793735,W4301230818,middle
A5086934220,W4301230818,last
A5004601430,W44839598,last
A5042219993,W563131971,last
A5071495561,W2131355430,last
A5063188252,W2490502293,first
A5006792775,W2490502293,last
A5059555932,W2509236330,first
A5014926679,W2513619084,first
A5017339070,W2513619084,last
A5057680944,W2562957327,first
A5042183747,W2574382223,first
A5009171844,W2575703117,first
A5060964999,W2575703117,last
A5026318525,W2584078684,first
A5087248790,W2586442778,first
A5040797942,W2586442778,middle
A5043222506,W2586442778,middle
A5020898778,W2586442778,last
A5028847053,W2586531675,first
A5049175456,W2586531675,middle
A5077298638,W2586531675,middle
A5005120265,W2586531675,middle
A5036676446,W2586531675,last
A5002984390,W2593369570,first
A5089145554,W2594539483,last
A5049501985,W2597231389,first
A5076303346,W2597231389,last
A5067068847,W2598148539,first
A5043945029,W2598148539,last
A5019922027,W2604599287,first
A5020231952,W2604599287,middle
A5030743088,W2604599287,middle
A5074122666,W2604599287,middle
A5089263417,W2604599287,last
A5037449133,W2610358144,first
A5077874981,W2610935890,first
A5000975435,W2610935890,middle
A5068271733,W2610935890,middle
A5084367389,W2610935890,last
A5020291545,W2611183213,first
A5067763491,W2611183213,middle
A5033650912,W2618617359,first
A5036687211,W2623016521,first
A5009571654,W2623016521,middle
A5012345633,W2623016521,last
A5043899242,W2624021477,first
A5026114344,W2624956019,first
A5007418876,W2624956019,last
A5047535596,W2637752095,first
A5020868485,W2730357504,first
A5004110022,W2736740197,first
A5053101628,W2736740197,last
A5003909640,W2743515291,first
A5015993565,W2743515291,middle
A5088424005,W2750762183,last
A5056652166,W2755009444,last
A5084991115,W2756004665,first
A5076883843,W2765131885,first
A5002162282,W2765131885,last
A5009000710,W2774099057,first
A5030936455,W2774099057,last
A5054359032,W2777215545,first
A5000172227,W2777215545,last
A5042850084,W2781825003,first
A5010771495,W2804979116,last
A5007171832,W2808353679,first
A5042317303,W2890077976,middle
A5012223504,W2891409388,first
A5087988831,W2891409388,last
A5062407620,W2892361084,first
A5071162645,W2892361084,last
A5069999239,W2893954541,first
A5046994015,W2894310146,first
A5075051338,W2908908704,first
A5028044571,W2908908704,last
A5082501035,W2949991290,first
A5066836457,W2999192998,first
A5018752136,W311148018,first
A5065309078,W311148018,last
A5005570116,W3125678667,last
A5071227510,W3141482170,middle
A5028436822,W3141482170,middle
A5034656008,W3144074391,first
A5059473797,W317924113,first
A5044267284,W317924113,last
A5081401956,W4232729300,first
A5029514650,W4234498107,first
A5082918632,W4241280681,first
A5082477337,W4243435739,first
A5011908866,W4244779315,last
A5037853738,W4252178027,first
A5051363883,W4252178027,last
A5080687354,W4255059524,middle
A5089820135,W4255059524,last
A5069221071,W564713290,first
A5004562237,W570651007,first
A5049581379,W1498329631,first
A5039029789,W2262685236,first
A5037217126,W2335030236,first
A5020284420,W2519090918,first
A5050227787,W2519090918,last
A5017458868,W2522679825,first
A5089754029,W2522679825,middle
A5023946047,W2522679825,middle
A5061204419,W2522679825,last
A5079914721,W2529935153,first
A5071498028,W2529935153,middle
A5045101158,W2529935153,last
A5019035804,W2547284252,first
A5014898916,W2547284252,last
A5056251028,W2554960168,first
A5000506517,W2554960168,last
A5042790078,W2559879999,first
A5009372927,W2571577426,middle
A5003485327,W2580511894,middle
A5024310508,W2580511894,middle
A5066292457,W2580511894,last
A5014153060,W2585845239,last
A5007118559,W2586148237,last
A5004211955,W2588354425,first
A5047196177,W2593108906,first
A5089378822,W2593108906,middle
A5024067855,W2593681380,first
A5010035231,W2593714767,first
A5075114235,W2596452389,middle
A5045021962,W2596452389,last
A5040015457,W2597844115,first
A5073622860,W2597844115,middle
A5072923302,W2597844115,last
A5001118110,W2601348427,middle
A5064403763,W2601348427,middle
A5058786170,W2601348427,last
A5051231020,W2603435572,first
A5029548157,W2604147385,middle
A5015129790,W2604147385,middle
A5001472309,W2604147385,middle
A5080092678,W2604147385,middle
A5011208990,W2604147385,middle
A5068905728,W2604147385,last
A5025795563,W2610274346,middle
A5012155627,W2610274346,middle
A5072025025,W2612405771,first
A5043060302,W2612405771,middle
A5069432042,W2612405771,middle
A5024184433,W2612405771,middle
A5068531236,W2612405771,last
A5016653929,W2615514519,first
A5009270487,W2615514519,last
A5038400939,W2615689182,first
A5001488523,W2615689182,middle
A5068450526,W2615689182,last
A5025947007,W2624443077,middle
A5020235233,W2626214515,first
A5062137932,W2626214515,middle
A5036079119,W2626214515,last
A5036125633,W268366839,first
A5082975553,W2731083227,first
A5066876742,W2731083227,last
A5075349449,W2735484873,first
A5000683620,W2739057375,first
A5001958552,W2739057375,middle
A5031754189,W2739057375,last
A5072262532,W2744060105,first
A5052050736,W2748063847,first
A5000991072,W2748063847,middle
A5036173883,W2752485533,first
A5042746008,W2760836142,first
A5044887883,W2760836142,middle
A5028039581,W2760836142,middle
A5014656063,W2760836142,last
A5010806251,W2765113025,first
A5031854085,W2765113025,middle
A5029107586,W2765113025,last
A5007672441,W2765969690,first
A5049922804,W2769724398,first
A5023051605,W2771235546,first
A5067328692,W2775741256,first
A5068456682,W2792176064,last
A5038044163,W2805956470,first
A5081065437,W2805956470,last
A5031663936,W2889024830,first
A5006135009,W2889024830,last
A5026791082,W2889477984,middle
A5032158234,W2889477984,last
A5058331326,W2892339877,first
A5027926451,W2893337923,first
A5016137188,W2893337923,middle
A5026685411,W2893337923,middle
A5030446424,W2893337923,last
A5027632777,W2896215671,first
A5085292942,W2898576710,middle
A5022998969,W2904422552,first
A5091287971,W2904919487,first
A5047041804,W2971565173,first
A5021558014,W2971565173,last
A5015444378,W3001692502,first
A5043971314,W3001692502,middle
A5019265966,W3001692502,last
A5026985760,W3047202619,last
A5076985479,W3148527778,first
A5007667647,W3148527778,middle
A5002994164,W3148527778,last
A5010260112,W4206643036,first
A5066071757,W4210423901,first
A5069942717,W4211011763,first
A5075484247,W4229975327,first
A5081225515,W4229975327,middle
A5011142751,W4229975327,last
A5012896462,W4232879493,first
A5089758511,W4240156350,first
A5004453915,W4240156350,last
A5086328518,W4240387788,last
A5024556557,W4243359596,first
A5063204415,W4244644902,first
A5025304976,W4244644902,last
A5052150259,W4245450501,first
A5010079117,W4245450501,last
A5033591566,W4249270015,first
A5063766811,W4249625550,first
A5054317975,W4253797646,last
A5083093074,W4254865102,middle
A5031082206,W4254865102,last
A5074365325,W4301077588,first
A5013373596,W591357689,middle
A5027926451,W591357689,last
A5039563504,W617110377,first
A5082365060,W628576395,middle
A5021627263,W653827162,first
A5081894427,W8916660,middle
A5018336060,W2416765385,first
A5080433490,W2416765385,last
A5075793654,W2417395800,first
A5076270155,W2519321099,first
A5054447183,W2527533361,first
A5067533270,W2527533361,middle
A5018793970,W2527533361,middle
A5018004837,W2527533361,middle
A5002832211,W2527533361,last
A5069162147,W2529925476,first
A5068488260,W2530580294,first
A5089182744,W2530580294,middle
A5078403818,W2530580294,middle
A5026570735,W2530580294,last
A5000975435,W2534441841,first
A5068271733,W2534441841,middle
A5035363559,W2534441841,last
A5067603088,W2536645190,last
A5029548157,W2551424314,first
A5080092678,W2551424314,middle
A5085913800,W2551424314,middle
A5015129790,W2551424314,last
A5046140730,W2559207477,last
A5004206574,W2579908721,first
A5010331685,W2579908721,last
A5035460662,W2581252879,first
A5036073751,W2586202096,first
A5066014874,W2586202096,last
A5032017539,W2586759781,first
A5063528781,W2586759781,middle
A5021797294,W2586759781,middle
A5081696143,W2586759781,last
A5016251055,W2587897780,last
A5046734130,W2592430903,first
A5078440431,W2593467620,first
A5019265966,W2593467620,last
A5071223263,W2594260982,last
A5015993066,W2594545083,first
A5000919706,W2595973424,first
A5027877785,W2595973424,middle
A5045521577,W2595973424,middle
A5062921042,W2595973424,last
A5037460388,W2604402443,first
A5068370225,W2605314344,first
A5070921568,W2605314344,middle
A5040160899,W2605314344,last
A5051571027,W2605664513,first
A5048820381,W2606104543,middle
A5067950570,W2606104543,last
A5078138776,W2607633217,middle
A5078917791,W2611098772,first
A5037803714,W2611098772,last
A5081913248,W2611672468,first
A5018142542,W2618746798,first
A5041866246,W2618746798,middle
A5050979759,W2618746798,middle
A5041289086,W2618746798,last
A5083723615,W2626804083,first
A5053291467,W2626817683,first
A5061499121,W2626817683,last
A5047896814,W2627002533,first
A5031864646,W2632594506,first
A5081587089,W2632594506,middle
A5023634064,W2632594506,middle
A5074342440,W2632594506,middle
A5074431095,W2632594506,middle
A5089156426,W2632594506,middle
A5007338060,W2632594506,last
A5061292462,W2729440683,first
A5002325086,W2729440683,middle
A5028579097,W2729440683,middle
A5008779348,W2729440683,last
A5030142136,W2737113640,first
A5028044571,W2740188978,first
A5067001353,W2747903201,first
A5078218246,W2747903201,middle
A5082540571,W2747903201,middle
A5038075462,W2747903201,middle
A5083867344,W2747903201,middle
A5091099873,W2747903201,middle
A5038228433,W2747903201,middle
A5060336784,W2747903201,last
A5042015768,W2750349090,first
A5040691261,W2750971703,middle
A5090455145,W2750971703,last
A5077080413,W2755669765,first
A5038749016,W2755669765,middle
A5078127596,W2755669765,middle
A5037138999,W2755669765,middle
A5083651238,W2755669765,middle
A5043453759,W2755669765,middle
A5059076692,W2755669765,middle
A5018332066,W2755669765,middle
A5060822066,W2755669765,middle
A5091409910,W2755669765,middle
A5059989473,W2755669765,middle
A5038384386,W2755669765,middle
A5011754510,W2755673606,first
A5009862837,W2756399755,middle
A5053652118,W2766439611,last
A5033873223,W2767240976,middle
A5041579438,W2768516824,first
A5002929288,W2769300400,first
A5053603044,W2769300400,middle
A5060717896,W2769300400,middle
A5026486265,W2769300400,middle
A5048659075,W2769300400,last
A5057305454,W2769697860,first
A5049750015,W2769697860,last
A5022618641,W2775379117,first
A5070536074,W2775379117,middle
A5038173643,W2775379117,last
A5006428426,W2775865623,first
A5088167386,W2782221679,first
A5085882329,W2782221679,last
A5031535296,W2790516296,first
A5087298067,W2790516296,last
A5003579441,W2792505333,middle
A5070650297,W2792505333,last
A5045922484,W2793679185,first
A5068811227,W2799165615,first
A5079940769,W2809165228,first
A5049846164,W2888486608,first
A5054665011,W2892935250,last
A5003884714,W2896046234,first
A5043995171,W2904560152,first
A5000720054,W2911581376,first
A5027447148,W2970020580,first
A5076541589,W2971920383,last
A5055794961,W2973021611,first
A5068865569,W2990348128,first
A5045250568,W2992185326,first
A5062282273,W2996260771,first
A5053369574,W2996260771,middle
A5003007689,W3016819950,first
A5024861372,W3021788173,first
A5061026406,W3044556445,first
A5032834898,W3044556445,middle
A5031344449,W3115246023,first
A5060972706,W3126004007,first
A5032891611,W3127933230,first
A5041404337,W3127933230,middle
A5022485637,W3155225144,first
A5001726650,W3165066053,first
A5028034006,W3191838825,middle
A5020472157,W3191838825,middle
A5080276914,W3191838825,middle
A5068751690,W3191838825,last
A5068959831,W3213773473,first
A5013649214,W4229729481,first
A5071519931,W4229729481,middle
A5089895760,W4229729481,last
A5089548492,W4230602214,first
A5089485352,W4231551939,middle
A5085369152,W4232106548,last
A5046093127,W4234705434,first
A5043670176,W4234762678,first
A5046098033,W4234762678,middle
A5045809433,W4234762678,middle
A5048247068,W4234762678,last
A5073346538,W4235103533,first
A5032995335,W4235103533,last
A5019155460,W4235659625,first
A5041776733,W4238730571,middle
A5002443154,W4239092501,first
A5029413905,W4239328035,first
A5049876766,W4243791188,first
A5029924931,W4246189692,first
A5091010426,W4248625411,middle
A5079104609,W4250763688,first
A5001322159,W4252801887,last
A5083186192,W4255263461,first
A5019775119,W4255880026,last
A5052951288,W4256247868,first
A5021319094,W4300109900,first
A5044129236,W4300604287,first
A5052114703,W566509079,first
A5016611250,W624196016,first
A5017142812,W626647194,first
A5020655974,W626647194,middle
A5061448936,W626647194,last
A5007012705,W637834342,middle
A5047427245,W637834342,last
A5046008719,W651092667,first
A5033622150,W1481085146,first
A5059183893,W1574355468,first
A5074857386,W1574355468,last
A5048732165,W1593544773,first
A5050776092,W1678917461,last
A5068207469,W2184308772,first
A5033810360,W2265598839,middle
A5077398892,W2265598839,last
A5089601494,W2403968464,first
A5024238143,W2476161060,first
A5036663477,W2476161060,last
A5051065439,W2482939720,first
A5005063135,W2482939720,middle
A5091063664,W2482939720,last
A5033621772,W2499961992,first
A5009455568,W2500630008,first
A5005846844,W2502852524,first
A5019906616,W2502852524,middle
A5054182560,W2502852524,middle
A5003904999,W2502852524,last
A5014135635,W2516872945,first
A5032746152,W2516872945,last
A5075965221,W2533734442,first
A5065573453,W2533734442,middle
A5060546610,W2533734442,last
A5058240042,W2535232302,first
A5022116002,W2535232302,middle
A5049402680,W2535232302,last
A5036833943,W2540506834,first
A5072431554,W2540506834,middle
A5005837856,W2540506834,middle
A5038199341,W2540506834,last
A5006184530,W2546547784,first
A5057569553,W2546547784,last
A5076270155,W2550486717,first
A5012703845,W2559152820,first
A5021145070,W2559152820,last
A5032965630,W2565109827,first
A5021507717,W2569914659,last
A5024996300,W2573659489,first
A5035388566,W2573659489,last
A5067610354,W2581880757,first
A5019335128,W2586766269,first
A5017435397,W2586766269,middle
A5067597688,W2586766269,middle
A5016082545,W2586766269,middle
A5004660453,W2586766269,last
A5069303169,W2589174925,first
A5031895578,W2589174925,middle
A5056324053,W2589174925,last
A5078550972,W2589433292,last
A5049992511,W2589826813,middle
A5046221374,W2594132067,middle
A5081463518,W2600730871,first
A5060457595,W2600730871,last
A5052463747,W2601437762,last
A5042655177,W2605644610,first
A5040629994,W2605659528,first
A5061522229,W2605659528,last
A5063041566,W2605943487,last
A5024114819,W2606305772,first
A5027714534,W2606305772,last
A5006162152,W2609748028,first
A5000506517,W2609748028,middle
A5014457941,W2609748028,last
A5042759055,W2611189122,first
A5009983639,W2617122633,first
A5035788497,W2617122633,middle
A5003259628,W2617122633,middle
A5060859546,W2617122633,last
A5017145937,W2621584103,first
A5032671971,W2621584103,last
A5057807510,W2622156197,first
A5074357482,W2622156197,middle
A5015482301,W2622156197,middle
A5009967164,W2622156197,last
A5021369488,W2622296713,first
A5064219307,W2622296713,middle
A5018289828,W2622296713,middle
A5029516303,W2622296713,last
A5081178381,W2624762677,middle
A5060759028,W2624762677,middle
A5003476748,W2624762677,middle
A5033139813,W2624762677,middle
A5016139627,W2624762677,middle
A5031570473,W2624762677,middle
A5082706216,W2624762677,last
A5001016541,W2735962931,last
A5037929522,W2736109799,first
A5007251880,W2736109799,last
A5004028181,W2736331134,first
A5067152840,W2736331134,middle
A5047012539,W2736331134,last
A5086228687,W2736397385,middle
A5059894410,W2736397385,middle
A5006457586,W2736397385,middle
A5079373363,W2736397385,middle
A5036221413,W2736397385,middle
A5035866142,W2739490558,first
A5088723765,W2739490558,last
A5027432011,W2742234604,first
A5073138931,W2742477485,first
A5043502041,W2742477485,middle
A5052731721,W2742477485,middle
A5027710558,W2742477485,last
A5049533477,W2743633201,first
A5044481262,W2744553040,first
A5041738640,W2744871462,first
A5054775604,W2744871462,middle
A5045832797,W2744871462,last
A5028092082,W2747477011,first
A5056710245,W2751529723,first
A5073234660,W2751992885,first
A5017055726,W2751992885,middle
A5053604478,W2751992885,middle
A5077080413,W2753491256,first
A5038749016,W2753491256,middle
A5067265615,W2753491256,middle
A5077049258,W2753491256,middle
A5018325150,W2753491256,middle
A5021143022,W2753491256,middle
A5046594293,W2753491256,middle
A5082214794,W2753491256,middle
A5069852479,W2753491256,middle
A5042042997,W2753491256,middle
A5032527419,W2753491256,middle
A5085732379,W2753491256,middle
A5062946437,W2753491256,middle
A5032682986,W2753491256,middle
A5015444670,W2753491256,last
A5091227928,W2753949906,first
A5066912525,W2753949906,middle
A5004419446,W2753949906,middle
A5045613027,W2754508363,first
A5014545661,W2754994630,first
A5000893315,W2755836521,first
A5008111431,W2757033822,first
A5021949996,W2757033822,middle
A5055326890,W2757033822,middle
A5089467132,W2757033822,middle
A5061051545,W2757033822,middle
A5001314520,W2757033822,middle
A5051784384,W2757033822,last
A5042399676,W2761999257,first
A5081489339,W2765192780,first
A5089332324,W2765192780,last
A5089662315,W2766163428,first
A5057542856,W2766761591,first
A5047812798,W2766761591,last
A5015734523,W2766836844,first
A5088696952,W2766836844,middle
A5072229733,W2766836844,middle
A5049041437,W2766836844,middle
A5037233397,W2766836844,last
A5038324843,W2767145016,first
A5054317975,W2767753181,last
A5036568372,W2768162252,first
A5041273626,W2768162252,last
A5076843626,W2768579054,first
A5050589444,W2768579054,middle
A5062168098,W2768579054,middle
A5033615800,W2768579054,middle
A5082817413,W2768579054,middle
A5020096432,W2768579054,middle
A5049902076,W2768579054,last
A5006866570,W2768953456,first
A5075769580,W2768953456,middle
A5029385957,W2770394210,first
A5077872101,W2773122838,first
A5071635853,W2779588940,first
A5041070092,W2780208674,first
A5003239155,W2780208674,middle
A5056716947,W2780208674,last
A5062262911,W2783366415,middle
A5083013251,W2783366415,middle
A5068748186,W2783714448,first
A5052433003,W2784107337,first
A5050667900,W2784107337,last
A5023397334,W2795365009,first
A5074013333,W2795365009,middle
A5087987376,W2795365009,middle
A5052254085,W2795365009,last
A5062508673,W2799252691,first
A5063806519,W2799252691,middle
A5058774217,W2799252691,last
A5044217809,W2804453353,first
A5085924325,W2804453353,last
A5059460348,W2806770713,last
A5082350046,W2808524641,first
A5053338117,W2885262037,last
A5077953037,W2889821387,first
A5013390628,W2891048258,first
A5040077525,W2891415046,last
A5070191750,W2893055692,first
A5016399094,W2894235419,first
A5018348928,W2894235419,last
A5043222605,W2898870120,first
A5064437896,W2906712324,first
A5068428912,W2909445348,first
A5031554273,W2912880564,first
A5070626889,W2913716937,first
A5081473165,W2946743811,first
A5019602694,W2946743811,middle
A5034394112,W2946743811,middle
A5088876922,W2946743811,middle
A5062714455,W2946743811,last
A5078644151,W2952822317,first
A5064693902,W2952822317,middle
A5064821404,W2952822317,last
A5059484441,W2953424576,first
A5087825639,W2974060888,first
A5040323322,W2974060888,middle
A5086572718,W2974060888,middle
A5049949859,W2974060888,last
A5040588174,W2985307783,first
A5091350284,W2988068836,first
A5025038338,W3000334173,first
A5055874976,W3000334173,middle
A5025542785,W3003896178,first
A5005383856,W3003896178,last
A5055785001,W3005564854,middle
A5076899636,W3005564854,last
A5031719200,W3009346606,first
A5012502919,W3101951402,first
A5041522926,W3110550370,first
A5085968849,W3136710628,last
A5052783753,W3140459166,first
A5089860351,W3148937999,first
A5029335324,W3148937999,middle
A5023539329,W3168683445,first
A5038825611,W3168683445,middle
A5045198429,W3168683445,last
A5002582314,W3176941193,first
A5089685940,W3176941193,last
A5091610469,W3202522475,first
A5071519931,W3202522475,middle
A5051618471,W3202522475,last
A5065683195,W3209968729,first
A5053302120,W420229137,first
A5067298498,W4211171810,first
A5025200643,W4231043603,first
A5007341331,W4232315243,first
A5010357390,W4234831810,middle
A5055987663,W4234831810,middle
A5065683195,W4242046173,first
A5031454215,W4244271297,last
A5057914940,W4244443682,first
A5025845058,W4248342900,first
A5068880265,W4249406921,first
A5084818726,W4255581108,first
A5086782075,W4255581108,last
A5060550722,W4288345475,first
A5018183368,W4288345475,last
A5003494036,W4291301095,first
A5059156831,W4291301095,middle
A5012042510,W4291301095,middle
A5080787031,W4291301095,middle
A5061259545,W4291301095,middle
A5029914254,W4291301095,last
A5068406436,W4298967550,first
A5018785625,W578521179,first
A5017379684,W589033462,first
A5072585065,W589033462,middle
A5042805707,W625227916,first
A5001410548,W658004489,first
A5079208483,W1503983557,first
A5017922440,W1503983557,last
A5052476945,W1602423718,last
A5065297366,W1778223574,first
A5061578813,W2139026754,first
A5068316260,W2290841983,first
A5077974517,W2466525027,first
A5025355465,W2493232988,first
A5033327475,W2493232988,last
A5060410945,W2498164808,first
A5002880106,W2498164808,middle
A5072561518,W2498164808,last
A5089446348,W2504811047,first
A5087274656,W2504811047,middle
A5011417359,W2504811047,last
A5056326007,W2509685657,middle
A5042286369,W2524411464,first
A5039480864,W2528879618,first
A5010058559,W2528879618,middle
A5013635993,W2528879618,middle
A5053961844,W2528879618,middle
A5085598532,W2528879618,last
A5000975435,W2531778495,first
A5068271733,W2531778495,middle
A5066861637,W2531778495,last
A5072241102,W2537412856,first
A5069398574,W2537412856,middle
A5087542455,W2537412856,last
A5029968032,W2538758730,first
A5061253990,W2538758730,middle
A5033200783,W2538758730,last
A5005837856,W2549731080,first
A5015550681,W2549731080,middle
A5011976667,W2549731080,last
A5005258575,W2559287751,first
A5053155252,W2559287751,middle
A5080901387,W2559287751,middle
A5070517688,W2559287751,last
A5067231523,W2559392913,first
A5025980889,W2559392913,last
A5016722544,W2562615954,first
A5040909378,W2562615954,last
A5013097925,W2562970040,first
A5035784238,W2562970040,last
A5024483459,W2563839836,last
A5000979565,W2571973368,first
A5030574728,W2571973368,last
A5021742266,W2572432758,first
A5011898882,W2573923065,middle
A5022389672,W2573923065,last
A5044905125,W2573937983,first
A5053102135,W2573937983,last
A5022925389,W2575056043,first
A5026359531,W2577145830,middle
A5087542455,W2577713478,first
A5052669824,W2577713478,middle
A5054297203,W2577713478,last
A5041435494,W2579472400,middle
A5068072924,W2579472400,last
A5003499293,W2580835165,first
A5000019969,W2580835165,middle
A5037826339,W2580835165,middle
A5011223914,W2580835165,last
A5085060529,W2581492401,first
A5025850899,W2581492401,middle
A5015173931,W2581492401,last
A5020448024,W2583003450,first
A5016711703,W2585928444,first
A5000126821,W2585928444,last
A5083884725,W2586192452,first
A5061587832,W2586192452,last
A5012269935,W2586435984,first
A5084419948,W2586435984,middle
A5025412768,W2586435984,middle
A5007357347,W2586435984,middle
A5085844346,W2586435984,last
A5040826420,W2587563374,first
A5007719662,W2587563374,middle
A5028979534,W2587563374,last
A5008622179,W2588673441,first
A5071496825,W2589370854,first
A5028098322,W2591591106,first
A5013794426,W2591591106,last
A5085724874,W2594270810,first
A5090988827,W2595544106,first
A5065315909,W2595544106,last
A5091669020,W2595680003,first
A5078348621,W2595711997,first
A5030017120,W2596810401,first
A5007144110,W2596810401,last
A5082933440,W2597636212,first
A5065813814,W2597636212,middle
A5010574070,W2597636212,middle
A5017657481,W2598491356,first
A5025019869,W2598835551,middle
A5089226693,W2599220381,first
A5020518108,W2599627995,first
A5061831201,W2599627995,last
A5091097148,W2599843037,first
A5055147845,W2599843037,last
A5030571651,W2602802117,first
A5020310155,W2603141756,last
A5021153952,W2604855963,first
A5075149391,W2604855963,last
A5052072718,W2608936890,first
A5012275958,W2608936890,last
A5082441727,W2610563570,first
A5066888786,W2610563570,last
A5044868045,W2610916731,first
A5001897767,W2611409200,first
A5090511718,W2612792825,first
A5030892258,W2618046069,first
A5003270859,W2618556930,first
A5062736671,W2618730402,first
A5054865304,W2618730402,last
A5069573108,W2619346199,first
A5047196657,W2619346199,last
A5015768486,W2622185232,middle
A5073156550,W2622426330,middle
A5049750015,W2622426330,last
A5025051687,W2625275751,first
A5072587042,W2625275751,last
A5053217373,W2724589664,last
A5052519095,W2728060598,first
A5075484247,W2734636678,first
A5081225515,W2734636678,middle
A5011142751,W2734636678,last
A5043278419,W2734864244,first
A5068858132,W2734864244,last
A5069580705,W2734912681,first
A5024123067,W2735704353,first
A5028146693,W2736940522,first
A5072150711,W2738756939,first
A5049273485,W2738756939,middle
A5045879377,W2738756939,middle
A5029442845,W2738756939,middle
A5062936650,W2738756939,last
A5018950644,W2740137630,first
A5032983456,W2741768193,first
A5002496535,W2741768193,last
A5087866084,W2743999885,first
A5017716310,W2743999885,last
A5081570736,W2745150923,first
A5054245918,W2745150923,last
A5071340315,W2746670130,first
A5055158724,W2747345821,first
A5017042977,W2747596916,first
A5074751992,W2747596916,last
A5059395377,W2749590944,middle
A5019306074,W2749590944,middle
A5072657289,W2750995187,first
A5056380828,W2750995187,middle
A5082648896,W2750995187,last
A5079812906,W2751094403,first
A5060693139,W2751474445,first
A5057282687,W2754396448,middle
A5045863168,W2754396448,middle
A5028399577,W2754396448,last
A5060011792,W2759193630,last
A5010434536,W2762041816,first
A5073390013,W2762653175,last
A5007932751,W2762910626,first
A5026312652,W2763277207,first
A5017743551,W2763277207,middle
A5020091080,W2763277207,middle
A5061127138,W2763277207,middle
A5027761977,W2765164122,first
A5039740876,W2765164122,middle
A5067273251,W2765164122,middle
A5007905483,W2765164122,last
A5036993630,W2765529875,first
A5037233397,W2765529875,last
A5082956272,W2768399995,first
A5047142538,W2768399995,middle
A5032726522,W2768399995,last
A5059904315,W2770693966,first
A5044280107,W2770693966,middle
A5048157368,W2772072145,first
A5042850084,W2775413416,first
A5003964759,W2776428853,first
A5001416430,W2779776860,first
A5043211253,W2779776860,last
A5044075941,W2780513715,middle
A5033321915,W2780513715,middle
A5084146974,W2781806754,first
A5085533002,W2791931128,first
A5064670487,W2793789741,first
A5048485737,W2799799306,middle
A5021013735,W2803317737,last
A5035355100,W2808052424,first
A5010313800,W2808071675,first
A5006150945,W2808071675,last
A5070689971,W2888998895,first
A5073848814,W2889088184,first
A5012462608,W2889297574,first
A5059375615,W2890385677,first
A5017149916,W2890393442,first
A5064303268,W2890393442,last
A5084715042,W2891942924,first
A5041621696,W2891942924,middle
A5067441596,W2891942924,middle
A5025532101,W2891942924,last
A5004350213,W2893158555,first
A5061181545,W2895676407,first
A5017085949,W2897638556,first
A5007348007,W2898631965,first
A5001001475,W2899091212,first
A5049238367,W2900400926,first
A5038229891,W2900400926,middle
A5003642294,W2900400926,middle
A5080340791,W2900400926,middle
A5015489617,W2904176672,last
A5073233654,W2904436254,first
A5056867259,W2904436254,last
A5001738258,W2905252520,middle
A5053489712,W2913046108,first
A5053214047,W2913046108,middle
A5031155155,W2913046108,last
A5088807623,W2913379793,last
A5062585774,W2913914109,first
A5006834833,W2913914109,middle
A5010562729,W2913914109,last
A5007474538,W2915226125,first
A5012120519,W2916792685,last
A5077917380,W2917617167,first
A5087116674,W2945508198,first
A5005926383,W2945508198,middle
A5056776038,W2945508198,last
A5040666221,W2952882400,middle
A5078939222,W2970245710,first
A5087861219,W2972233716,first
A5022581623,W2972233716,middle
A5021679744,W2972233716,middle
A5070680556,W2972233716,last
A5002547259,W2975469097,last
A5042087981,W2976600058,first
A5069875065,W2976600058,middle
A5025978995,W2976600058,last
A5081855006,W2978243255,first
A5037826339,W2998767915,first
A5005922530,W2998767915,middle
A5046500091,W2998767915,last
A5041717479,W3000304462,first
A5050869324,W3004299636,first
A5084924744,W3004299636,last
A5088457398,W3109030003,first
A5056135811,W3109030003,middle
A5033441969,W3109030003,middle
A5029998748,W3109030003,middle
A5014268576,W3109030003,middle
A5001428487,W3109030003,last
A5050110511,W3138532867,first
A5045198704,W3139976512,first
A5040101293,W3139976512,middle
A5070697660,W3139976512,middle
A5005151737,W3139976512,last
A5064865254,W3173150001,middle
A5022649669,W3181508835,first
A5038976962,W3197989168,middle
A5027022098,W414632860,first
A5047189052,W4230347681,first
A5066098278,W4230358669,first
A5033133178,W4230690788,first
A5012532291,W4230690788,last
A5038754220,W4233154807,middle
A5091763785,W4233154807,last
A5041564618,W4235558310,middle
A5041874420,W4235558310,last
A5082812594,W4235779354,first
A5059375615,W4236471758,first
A5023963189,W4240250192,middle
A5004526260,W4240250192,last
A5083040338,W4242914815,last
A5067973810,W4244641440,first
A5046098033,W4247877290,first
A5043670176,W4247877290,middle
A5045809433,W4247877290,last
A5037161671,W4248811722,first
A5013710111,W4253212964,first
A5005815043,W4253212964,last
A5038100799,W4253237653,last
A5013631723,W4254402981,middle
A5026299811,W4254402981,last
A5073245124,W4255220629,first
A5039402094,W4255266951,first
A5087189799,W4300094793,first
A5042080311,W4300094793,middle
A5051821799,W4300094793,last
A5050286338,W4302045966,first
A5050012170,W4302045966,last
A5033850552,W4302607573,first
A5032492406,W625332807,first
A5054859935,W1484191183,middle
A5067823969,W1484191183,last
A5036156061,W1502215183,last
A5059795284,W2101361695,first
A5057579567,W2101361695,middle
A5088758379,W2101361695,last
A5057184900,W2109287330,last
A5078577199,W2182579195,first
A5084619723,W2182579195,last
A5051508511,W2325373643,first
A5080181390,W2325373643,middle
A5076508187,W2325373643,middle
A5017560763,W2325373643,middle
A5069466172,W2325373643,middle
A5009915982,W2325373643,last
A5007989062,W2339298402,last
A5083502688,W2485307888,first
A5004385039,W2485307888,last
A5050680939,W2487660502,first
A5058475882,W2507923110,first
A5073956678,W2507923110,middle
A5015527982,W2511130695,first
A5032429408,W2511130695,middle
A5067452439,W2511130695,last
A5049986671,W2513538565,first
A5051056050,W2513538565,last
A5025248865,W2520557070,first
A5039480864,W2522097802,first
A5016380950,W2522097802,middle
A5016214321,W2522097802,middle
A5036583939,W2522097802,last
A5021494299,W2527371264,first
A5082105962,W2527371264,middle
A5043317774,W2527371264,last
A5083317982,W2537833141,first
A5027869481,W2537833141,middle
A5082461857,W2537833141,middle
A5005837856,W2537833141,last
A5053700476,W2555141260,first
A5091707213,W2557746466,first
A5032387294,W2557746466,middle
A5071609609,W2557746466,last
A5057292210,W2558619758,first
A5091720865,W2558619758,middle
A5058451476,W2558619758,middle
A5075712660,W2558619758,last
A5082978886,W2559957216,middle
A5066114237,W2562178730,first
A5047894197,W2562690047,first
A5084912618,W2568175948,first
A5033621772,W2568761434,first
A5059746962,W2571752385,first
A5081832457,W2571752385,middle
A5034910352,W2573395506,first
A5070304140,W2573395506,last
A5064208829,W2573905428,first
A5044695992,W2579475669,first
A5062128948,W2583306015,first
A5001755544,W2583306015,middle
A5075799156,W2586090966,first
A5081219742,W2586090966,middle
A5016506001,W2586090966,middle
A5086286704,W2586090966,middle
A5019614099,W2586090966,last
A5052976346,W2586171808,first
A5040035817,W2587460870,first
A5058887761,W2587460870,middle
A5067088014,W2587460870,last
A5011108953,W2592422685,first
A5084999631,W2592882612,first
A5046676730,W2592923642,middle
A5088488739,W2592947368,first
A5053021104,W2592947368,last
A5074021146,W2593644952,first
A5029514650,W2595311773,first
A5023556444,W2596863005,first
A5068923033,W2596863005,middle
A5043340317,W2596863005,last
A5083720982,W2598411297,first
A5047517734,W2598411297,middle
A5013836679,W2598411297,last
A5040335377,W2600683130,middle
A5059246379,W2600978588,first
A5045806263,W2600978588,last
A5079189391,W2602098375,middle
A5029342918,W2602098375,middle
A5013182882,W2602098375,last
A5090468012,W2603506970,first
A5040124819,W2604049431,first
A5081107954,W2605513656,middle
A5080038836,W2605513656,last
A5046098033,W2605877785,first
A5043670176,W2605877785,middle
A5045809433,W2605877785,last
A5011320516,W2606272760,first
A5028276052,W2606539422,first
A5083279638,W2607483753,first
A5058898734,W2607483753,middle
A5031220156,W2607811137,first
A5085023621,W2607811137,middle
A5047653664,W2607811137,middle
A5057541763,W2607811137,middle
A5012433970,W2607811137,last
A5083206686,W2610116715,first
A5004555174,W2610116715,middle
A5049422078,W2610116715,middle
A5000515821,W2610116715,middle
A5057709904,W2610116715,last
A5031271656,W2610620675,last
A5041486421,W2611754625,first
A5044722223,W2612803767,first
A5043670176,W2613170181,first
A5046098033,W2613170181,middle
A5045809433,W2613170181,middle
A5048247068,W2613170181,last
A5062587404,W2613812121,first
A5069043950,W2613812121,middle
A5061520245,W2613812121,last
A5067870200,W2614076604,middle
A5023054189,W2614354695,middle
A5042465733,W2614354695,middle
A5051737014,W2614354695,last
A5034210771,W2614844760,first
A5080957042,W2614979293,first
A5087772837,W2614979293,last
A5005633333,W2617487731,first
A5012896462,W2617807420,first
A5010072790,W2618961528,first
A5035011500,W2619574159,first
A5084773929,W2622810779,first
A5061116975,W2622810779,last
A5050768547,W2626948405,first
A5090424792,W2687920384,last
A5060954837,W2711987765,middle
A5076742472,W2713085968,first
A5005028714,W2725409366,first
A5084728323,W2725994749,first
A5091038046,W2728201608,first
A5072152949,W2728201608,middle
A5087334854,W2728201608,last
A5012306299,W2731902850,first
A5077105620,W2734671648,first
A5015524050,W2735552602,first
A5064858640,W2735552602,middle
A5031779484,W2735552602,last
A5021845040,W2736243351,first
A5067873815,W2736243351,middle
A5030236479,W2737605404,first
A5007989062,W2737605404,last
A5057463168,W2739396666,first
A5024008270,W2739396666,last
A5088553678,W2740541622,first
A5073647473,W2741819501,middle
A5091019801,W2741819501,middle
A5059934493,W2741819501,middle
A5047600411,W2741819501,last
A5029643590,W2741965867,first
A5087469578,W2741965867,middle
A5081653507,W2741965867,middle
A5035373577,W2741965867,middle
A5085822620,W2741965867,middle
A5021741190,W2743382245,middle
A5086834753,W2743382245,middle
A5046327941,W2743382245,last
A5064745062,W2744064743,middle
A5068366252,W2744805829,first
A5053594805,W2744805829,last
A5070397490,W2745865875,first
A5069741452,W2745865875,middle
A5070776318,W2745865875,middle
A5059876679,W2745865875,middle
A5009044173,W2745865875,middle
A5083874423,W2745865875,last
A5000685260,W2746661049,first
A5005258575,W2746939340,first
A5080901387,W2746939340,middle
A5080264301,W2746939340,middle
A5070517688,W2746939340,last
A5075081444,W2747211059,first
A5034657358,W2748678406,first
A5064355276,W2748678406,middle
A5043499130,W2748678406,middle
A5083435816,W2748678406,last
A5084463899,W2750683984,first
A5074320068,W2750731537,middle
A5030108932,W2750731537,last
A5007345713,W2750947391,first
A5067789332,W2751351466,first
A5087111199,W2751351466,last
A5078348621,W2752648314,last
A5067143303,W2753513496,first
A5048396287,W2753796966,first
A5030210439,W2753848312,first
A5042240859,W2753913551,first
A5027520495,W2755005265,middle
A5024141690,W2755872809,last
A5065478344,W2757039215,first
A5064546889,W2757039215,last
A5055149475,W2761789592,first
A5026614668,W2761789592,middle
A5029012645,W2761789592,middle
A5079862087,W2761789592,middle
A5029118616,W2761789592,middle
A5011059738,W2761789592,middle
A5031376838,W2761789592,middle
A5025231703,W2761789592,middle
A5079083101,W2761789592,last
A5066372965,W2762191278,first
A5042208159,W2762191278,middle
A5014620165,W2762191278,middle
A5039808494,W2762191278,last
A5086461942,W2762271034,first
A5054971100,W2762271034,middle
A5040236693,W2762271034,last
A5041897475,W2763081480,first
A5064448841,W2763081480,middle
A5003225736,W2763081480,middle
A5074644948,W2763081480,middle
A5025241352,W2763081480,last
A5044498444,W2763299539,first
A5041192265,W2763299539,last
A5078535021,W2763619304,last
A5011208990,W2763820126,first
A5026789951,W2763820126,middle
A5063872988,W2763820126,middle
A5021465409,W2763820126,middle
A5024991922,W2763820126,last
A5005039328,W2765105665,middle
A5032458692,W2765329518,first
A5012729267,W2765416465,first
A5029318873,W2765416465,middle
A5091768977,W2765891369,first
A5012774534,W2765891369,middle
A5001187320,W2765891369,middle
A5069322561,W2765930932,first
A5083720929,W2766083841,first
A5044845195,W2766264546,first
A5028412655,W2766264546,middle
A5058978684,W2766264546,last
A5028745514,W2766386800,first
A5004617065,W2766386800,middle
A5054096071,W2766386800,last
A5084925986,W2766763681,first
A5040821080,W2767397149,first
A5008787905,W2768729037,first
A5049422969,W2768729037,middle
A5009324770,W2768729037,middle
A5011357293,W2768729037,last
A5025542785,W2769618262,first
A5005383856,W2769618262,last
A5072750611,W2769772806,first
A5090548745,W2769772806,middle
A5036503167,W2769772806,middle
A5070093758,W2769772806,middle
A5058166292,W2769772806,middle
A5089923187,W2769772806,middle
A5060812959,W2769772806,middle
A5070169836,W2769772806,middle
A5012347190,W2769772806,middle
A5040542771,W2769772806,middle
A5043917711,W2769772806,last
A5048618685,W2770049470,last
A5079609113,W2770813999,first
A5076828114,W2770813999,last
A5063634534,W2770917232,middle
A5004454214,W2770917232,middle
A5067095662,W2770917232,middle
A5032641515,W2770917232,last
A5065151932,W2771338094,last
A5037437190,W2771383124,middle
A5056804163,W2771521677,first
A5071092440,W2771935954,first
A5053354039,W2772244276,first
A5065966118,W2774833404,first
A5055309798,W2776923231,first
A5068803496,W2776923231,middle
A5033674031,W2776923231,last
A5059505353,W2779005392,first
A5003864635,W2779005392,middle
A5047107122,W2782919407,middle
A5067934930,W2782998176,first
A5080291510,W2782998176,last
A5003863159,W2783975854,last
A5070393968,W2786316894,first
A5064773194,W2786673868,first
A5065524943,W2786673868,middle
A5073829257,W2786673868,last
A5045503480,W2787664897,first
A5073880065,W2787664897,middle
A5038237158,W2787664897,middle
A5040032821,W2787664897,last
A5078733350,W2794753524,first
A5016130435,W2799135553,first
A5027911185,W2799744210,first
A5000789461,W2799744210,last
A5058715747,W2801689948,first
A5037879963,W2801689948,middle
A5084447736,W2807894360,first
A5068700788,W2811320659,last
A5031555166,W2888840436,first
A5081902245,W2889361941,last
A5046608587,W2889415708,first
A5034510270,W2889535024,first
A5070770097,W2890144519,first
A5022649669,W2890795278,first
A5062345880,W2890945401,first
A5036222330,W2891046660,first
A5046980164,W2891069538,first
A5019219168,W2891076320,middle
A5080864681,W2891076320,last
A5001083454,W2891479334,first
A5042967855,W2891753052,first
A5051716064,W2895953394,first
A5076581659,W2896196089,first
A5019987811,W2897336521,first
A5056339289,W2898114148,first
A5026295377,W2902097401,middle
A5083732517,W2904078236,first
A5070841724,W2904078236,last
A5041949715,W2905526708,last
A5030087124,W2910616136,last
A5048899939,W2910690472,first
A5069821716,W2910690472,last
A5037217126,W2911945473,first
A5052621979,W2913482215,first
A5087629740,W2914750696,first
A5055689400,W2916485816,first
A5002336703,W2917851030,first
A5002228469,W2922042098,first
A5070589969,W2922042098,middle
A5042168950,W2922042098,last
A5046260717,W2930304711,last
A5012156289,W2944968979,first
A5019789320,W2945336468,middle
A5076120553,W2945336468,middle
A5036454684,W2948384080,first
A5051743487,W2950593703,first
A5053745515,W2950593703,middle
A5073278035,W2950593703,middle
A5032449102,W2950593703,middle
A5091392919,W2950593703,last
A5001617092,W2970629157,first
A5034235916,W2974353921,first
A5059383949,W2975604237,first
A5012747021,W2988357293,first
A5078747466,W2988357293,middle
A5030516767,W2988357293,last
A5031250150,W2990613117,first
A5029630688,W2993058241,first
A5068767069,W2993058241,middle
A5014709314,W2993058241,last
A5088180686,W2998193157,first
A5008689041,W2998193157,middle
A5021309794,W2998193157,middle
A5046738374,W2998193157,last
A5056339289,W2999007475,first
A5020760956,W3003057761,first
A5067894865,W3003057761,middle
A5082900845,W3003057761,middle
A5012676602,W3003057761,last
A5052200482,W3004308259,first
A5039826742,W3006581848,first
A5079554685,W3011094010,first
A5079761829,W3011094010,last
A5036256141,W3037577026,first
A5087906427,W3037577026,last
A5033980520,W3044419603,middle
A5000045079,W3105755341,last
A5075000413,W3118644091,first
A5087880855,W3121094365,first
A5060898670,W3123428680,first
A5026782847,W3123428680,middle
A5024949637,W3123428680,middle
A5026038664,W3123428680,middle
A5049537828,W3123428680,last
A5060096776,W3129127630,first
A5032833705,W3139982614,first
A5024790189,W3140797239,first
A5019333583,W3147602010,first
A5034269796,W3147602010,last
A5027441338,W3155730630,middle
A5068290307,W3163215613,first
A5033086473,W3163215613,middle
A5033754929,W3163215613,last
A5089999264,W3170112711,first
A5003521155,W3170112711,last
A5080088821,W3173894955,first
A5024835047,W3185540730,first
A5056798292,W3185540730,last
A5043355848,W3192919049,first
A5004680786,W3192919049,middle
A5001475768,W3192919049,last
A5003725262,W3199330326,first
A5063576496,W3201908120,first
A5033671063,W3203847816,first
A5007242502,W3203847816,middle
A5038747694,W3203847816,last
A5072985778,W3207199899,first
A5076153820,W3212080079,middle
A5071274975,W4213356640,middle
A5063154944,W4213356640,middle
A5015514948,W4213356640,last
A5051746616,W4231353708,first
A5050939509,W4231554124,middle
A5046532358,W4232127320,first
A5088796666,W4232127320,middle
A5055916038,W4232127320,middle
A5039793075,W4232127320,last
A5026910540,W4233063034,first
A5081357817,W4233063034,last
A5086062922,W4233099476,first
A5002501248,W4233682405,first
A5075191567,W4234576142,first
A5080687354,W4234659862,middle
A5089820135,W4234659862,last
A5029142306,W4234860767,last
A5047942180,W4236510833,first
A5043490720,W4236972689,first
A5069170843,W4237816401,first
A5050140147,W4237882087,first
A5026666276,W4238254467,first
A5089392906,W4238254467,middle
A5051193434,W4238569704,first
A5031580796,W4238569704,middle
A5087939869,W4238569704,last
A5088522711,W4238878664,first
A5072645144,W4238878664,last
A5023126809,W4238981626,last
A5065963254,W4239037809,first
A5080019796,W4239037809,last
A5017284331,W4239963689,first
A5010621134,W4240099498,first
A5064644612,W4240099498,last
A5004219694,W4240401435,first
A5024670250,W4240401435,middle
A5008411897,W4241294902,first
A5082621363,W4241541347,first
A5091293032,W4241712307,first
A5034243845,W4242324447,first
A5042170109,W4243687781,first
A5015191397,W4243687781,middle
A5068413507,W4243687781,last
A5052587059,W4248153363,first
A5084821293,W4249101417,first
A5050863922,W4252514983,first
A5042115100,W4252514983,middle
A5063897224,W4252514983,last
A5006495935,W4254981994,first
A5090740168,W4255501951,first
A5073757205,W4255501951,middle
A5078408789,W4255501951,last
A5047189052,W4255556944,first
A5039141966,W4297881982,first
A5085412004,W4297881982,last
A5041502445,W4298883829,first
A5039500313,W4298883829,middle
A5019539533,W4298883829,last
A5074754590,W4312744085,first
A5057451578,W561711270,first
A5069943863,W617226374,middle
A5049909316,W653902850,first
A5080900401,W958348898,last
A5053250432,W1449431102,first
A5045004853,W1490877309,first
A5062246198,W1490877309,last
A5011280998,W1527517116,middle
A5023298674,W1534961301,first
A5065055739,W1593838685,first
A5036380946,W1627585567,first
A5076767065,W1627585567,middle
A5040234872,W1627585567,last
A5027352462,W2074105853,last
A5025523911,W2084403370,first
A5023487853,W2084403370,last
A5014166110,W2160236572,first
A5081847038,W2199097115,first
A5027871963,W2226821929,middle
A5036367852,W2412148820,first
A5009997455,W2488516682,first
A5010873302,W2488516682,middle
A5053140739,W2488516682,middle
A5067652312,W2488516682,last
A5075671918,W2490410943,first
A5045783666,W2490410943,middle
A5022432777,W2490410943,middle
A5047932117,W2490410943,middle
A5071230449,W2490410943,middle
A5071959897,W2490410943,last
A5081906404,W2491175199,first
A5010734163,W2491175199,last
A5045948507,W2492881704,first
A5046208589,W2492881704,middle
A5015203693,W2492881704,middle
A5072566023,W2492881704,last
A5030953392,W2502237338,middle
A5036129923,W2502237338,middle
A5058536471,W2502237338,middle
A5079543720,W2502237338,last
A5076911801,W2505851506,first
A5054563299,W2505851506,last
A5076400481,W2509322935,first
A5012275958,W2509322935,middle
A5024400994,W2509322935,last
A5013466440,W2512621563,first
A5018236254,W2512621563,middle
A5068053687,W2512621563,last
A5085560354,W2513873562,first
A5081457365,W2513873562,last
A5041425039,W2518446932,first
A5042635871,W2518446932,last
A5006813623,W2522437047,first
A5049648759,W2522437047,middle
A5016993530,W2522437047,last
A5018728658,W2524229595,first
A5000835810,W2525244623,first
A5057540939,W2525244623,middle
A5017426090,W2525244623,middle
A5006286208,W2525244623,last
A5070798925,W2525471682,middle
A5021722934,W2527402928,first
A5004800558,W2527690014,first
A5017588215,W2528042719,first
A5031700222,W2529533335,first
A5089217723,W2529533335,middle
A5059814300,W2529533335,last
A5035018687,W2537429799,first
A5085432173,W2538822256,first
A5010570894,W2538822256,middle
A5018992272,W2538822256,middle
A5027271119,W2538822256,middle
A5005837856,W2538822256,last
A5081178057,W2548049611,first
A5015455971,W2548049611,middle
A5079426146,W2550738381,first
A5044808320,W2550738381,last
A5004792404,W2552051459,first
A5086900317,W2552051459,middle
A5071962452,W2552051459,middle
A5086649944,W2552051459,last
A5026635176,W2552342004,first
A5076055067,W2552342004,middle
A5036511259,W2552342004,middle
A5055416007,W2552342004,last
A5076662713,W2553498620,last
A5066459681,W2554220685,first
A5007993243,W2554220685,middle
A5079101871,W2554220685,last
A5009730676,W2556758248,first
A5021641046,W2556758248,middle
A5075630183,W2559303398,first
A5003254265,W2559303398,last
A5063242164,W2565438410,first
A5013766382,W2571713987,first
A5033879207,W2572143173,first
A5090691489,W2572143173,middle
A5082179600,W2572143173,middle
A5067297941,W2572143173,middle
A5019969191,W2572143173,middle
A5032556217,W2572143173,middle
A5065590978,W2572143173,last
A5033700890,W2573199594,first
A5058974544,W2574206175,first
A5040041217,W2580229789,middle
A5057616298,W2580229789,last
A5017326471,W2580520369,first
A5042122416,W2584727065,middle
A5008903140,W2584727065,last
A5014919862,W2584874049,first
A5072241102,W2584874049,middle
A5050295176,W2584874049,middle
A5016295654,W2585284410,first
A5090016405,W2585284410,middle
A5078094993,W2585284410,middle
A5082436527,W2585284410,middle
A5073619125,W2585284410,last
A5004696195,W2585667989,first
A5005462033,W2586179883,first
A5029325643,W2586202790,first
A5017450592,W2586202790,last
A5014931730,W2586321973,first
A5061061546,W2586486982,first
A5062894420,W2586486982,middle
A5086060956,W2586486982,middle
A5055416007,W2586486982,last
A5005728523,W2586620644,first
A5048470429,W2586620644,middle
A5089911715,W2586677952,first
A5070135290,W2586785305,first
A5084574203,W2586785305,last
A5089624310,W2586788242,first
A5052828309,W2586788242,last
A5076461974,W2586793579,first
A5047015912,W2587349533,first
A5020310993,W2587480450,first
A5075320184,W2591441839,first
A5064168853,W2592256038,first
A5019708391,W2592256038,last
A5044795548,W2593063066,first
A5029344441,W2593323104,first
A5043995171,W2593537935,last
A5001072898,W2594384032,first
A5024001153,W2594384032,middle
A5074093929,W2594384032,last
A5051571027,W2594756618,first
A5011145955,W2595263618,first
A5090348702,W2595444457,first
A5077299140,W2595444457,last
A5050172755,W2597633522,first
A5024424116,W2597842888,first
A5020210821,W2598675007,first
A5015657679,W2598675007,middle
A5075753793,W2598675007,last
A5082732226,W2598943604,middle
A5053483773,W2598943604,middle
A5053540513,W2598943604,middle
A5022243444,W2600936048,first
A5089417510,W2600940217,middle
A5057246186,W2601088904,first
A5054528917,W2602204694,last
A5000534141,W2602484590,first
A5041199606,W2602678863,first
A5002571252,W2602678863,middle
A5081114810,W2602678863,middle
A5004087827,W2602678863,middle
A5022176859,W2602678863,middle
A5042746008,W2602678863,middle
A5076346273,W2602678863,last
A5005530463,W2604324090,first
A5072934668,W2604489201,first
A5019922027,W2604498319,first
A5020231952,W2604498319,middle
A5030743088,W2604498319,middle
A5074122666,W2604498319,middle
A5089263417,W2604498319,last
A5039264502,W2604705913,first
A5066888888,W2604705913,last
A5073346538,W2605228310,first
A5032995335,W2605228310,last
A5065208534,W2605281770,middle
A5004645706,W2605281770,last
A5030098410,W2605501165,first
A5079638672,W2605527137,first
A5047958803,W2606109433,middle
A5020664363,W2606109433,middle
A5043383832,W2606151451,first
A5031371771,W2606151451,middle
A5049580392,W2606151451,last
A5037797829,W2606232012,first
A5041763327,W2606266744,first
A5004960011,W2606266744,middle
A5010058559,W2606266744,last
A5062845294,W2606496675,first
A5056650362,W2606496675,last
A5041588398,W2606646530,middle
A5041564618,W2606699054,middle
A5041874420,W2606699054,last
A5048831718,W2606895206,first
A5013715271,W2606895206,middle
A5049628259,W2606895206,last
A5060158285,W2606991409,first
A5031373757,W2607261152,first
A5057793009,W2607261152,last
A5009530895,W2607470848,first
A5000870451,W2607937918,first
A5018394543,W2609204633,last
A5049217556,W2610207243,first
A5027362193,W2610455009,first
A5052370734,W2610564794,first
A5085865665,W2610564794,last
A5018417961,W2611401324,first
A5090045951,W2611401324,last
A5032881268,W2611945201,middle
A5009297196,W2611945201,last
A5028889179,W2611992756,first
A5053927049,W2612336148,first
A5023806348,W2612426806,last
A5067850943,W2613028174,last
A5000669585,W2613049537,first
A5065617837,W2613049537,middle
A5034547685,W2613049537,last
A5089514202,W2613262490,first
A5070523747,W2613262490,last
A5044722223,W2613433208,first
A5085867312,W2613449457,first
A5056287221,W2613449457,middle
A5012682692,W2613449457,middle
A5070805897,W2613449457,middle
A5020060490,W2613449457,last
A5077412220,W2613526331,first
A5052842220,W2613526331,middle
A5061752708,W2613526331,last
A5061061546,W2613664168,first
A5022752708,W2613664168,last
A5072659945,W2613903899,first
A5007172071,W2613903899,middle
A5046574640,W2613903899,last
A5035904208,W2614730314,first
A5020665735,W2614773467,first
A5061961859,W2614773467,middle
A5060814361,W2614773467,last
A5070776318,W2615544587,first
A5051650825,W2615544587,middle
A5069681054,W2615544587,middle
A5049098969,W2615544587,middle
A5023589208,W2615544587,middle
A5073626715,W2615544587,middle
A5047118636,W2615544587,last
A5062912448,W2615605071,first
A5081180585,W2615746129,first
A5057904332,W2615746129,middle
A5083963854,W2615746129,middle
A5057947815,W2615746129,last
A5042094990,W2615784051,first
A5089923187,W2616914001,first
A5044280576,W2616914001,middle
A5036503167,W2616914001,middle
A5025406029,W2616914001,middle
A5070093758,W2616914001,middle
A5090548745,W2616914001,last
A5040003187,W2618318769,first
A5072696337,W2618457964,first
A5020781131,W2618457964,middle
A5058341815,W2618457964,middle
A5005837856,W2618457964,last
A5077654742,W2618749383,first
A5073683931,W2618749383,last
A5043174840,W2619783307,last
A5050663093,W2620141732,first
A5071092440,W2620621941,first
A5089475466,W2620646401,first
A5066096051,W2620646401,middle
A5050869595,W2620646401,last
A5067404408,W2620940072,first
A5080044335,W2625067323,first
A5011542486,W2625120146,first
A5012991378,W2625120146,middle
A5073567796,W2625120146,last
A5052520669,W2626020637,first
A5017042977,W2626450708,first
A5039983638,W2626450708,last
A5042304274,W2626534842,first
A5091828542,W2626534842,middle
A5019066833,W2626534842,last
A5049216983,W2631674341,first
A5089220913,W2634255487,middle
A5009564706,W2634255487,last
A5059479627,W2642356091,last
A5004039843,W2686392574,first
A5029440428,W2696010734,first
A5018063949,W2696010734,middle
A5073968263,W2696010734,last
A5091037833,W2709337072,first
A5051625374,W2709337072,last
A5074757034,W2710615947,last
A5058183307,W2718911454,first
A5061961859,W2725817408,first
A5014880376,W2725817408,middle
A5038749016,W2725817408,middle
A5076697411,W2725817408,middle
A5077080413,W2725817408,middle
A5060814361,W2725817408,middle
A5002068604,W2725817408,middle
A5064437234,W2725817408,middle
A5068432327,W2725817408,middle
A5021319515,W2725817408,middle
A5066553616,W2725817408,middle
A5028163457,W2725817408,middle
A5004220534,W2725817408,middle
A5079965425,W2725817408,last
A5038183997,W2728069060,last
A5001549651,W2728951516,last
A5013096348,W2729465074,first
A5026557746,W2730732308,first
A5036218196,W2730732308,last
A5036317806,W2733383281,middle
A5042844168,W2733383281,last
A5027485931,W2734182388,last
A5060700933,W2734543599,first
A5006073369,W2735547262,middle
A5030765476,W2736526444,middle
A5003949731,W2736526444,middle
A5028107284,W2736526444,last
A5008411897,W2737722166,first
A5051281006,W2738310383,first
A5089029287,W2741009321,first
A5039951150,W2741009321,middle
A5058407177,W2741009321,last
A5041849374,W2741410651,first
A5008552720,W2741410651,last
A5068049138,W2742140400,first
A5055756907,W2742140400,last
A5011368149,W2742473259,first
A5087542455,W2742473259,middle
A5008986898,W2742473259,middle
A5073138931,W2742473259,last
A5028034006,W2742589553,middle
A5020472157,W2742589553,middle
A5080276914,W2742589553,middle
A5068751690,W2742589553,last
A5026850687,W2743492752,first
A5048305243,W2744998402,first
A5017129044,W2744998402,middle
A5059494163,W2744998402,middle
A5049321721,W2746952347,first
A5041655293,W2746952347,middle
A5088746380,W2746952347,middle
A5011132889,W2746952347,last
A5086305094,W2747118902,first
A5072517600,W2747118902,last
A5067416693,W2747554153,first
A5079380722,W2747554153,middle
A5078717499,W2748093321,middle
A5031491416,W2748289595,first
A5084517348,W2748289595,middle
A5008197461,W2748289595,middle
A5026692089,W2748289595,middle
A5004281564,W2748289595,middle
A5011514454,W2748289595,middle
A5016015016,W2748289595,middle
A5039390267,W2748289595,middle
A5016238183,W2748289595,middle
A5004194130,W2748289595,middle
A5090553191,W2748289595,middle
A5075287635,W2748289595,middle
A5023359945,W2748289595,middle
A5003932703,W2748289595,middle
A5068564693,W2748289595,middle
A5067908103,W2748289595,middle
A5060263666,W2748289595,last
A5049040962,W2749959825,first
A5091350284,W2750681971,first
A5005336449,W2751427641,middle
A5025058941,W2751851213,first
A5009930587,W2751851213,middle
A5045667752,W2751851213,last
A5030109986,W2751968261,first
A5034243484,W2751968261,middle
A5028579062,W2751968261,last
A5046141922,W2752063850,first
A5071963696,W2752063850,last
A5010962789,W2752753322,first
A5082908174,W2753804624,last
A5034391466,W2755303196,middle
A5043355848,W2756183070,first
A5004680786,W2756183070,middle
A5001475768,W2756183070,last
A5082645155,W2756421196,first
A5084835369,W2757683603,first
A5067068847,W2757683603,middle
A5060416195,W2757683603,middle
A5074637281,W2757683603,middle
A5049980825,W2760287371,first
A5013245112,W2760287371,last
A5001575774,W2761002495,first
A5004397914,W2761002495,middle
A5076845066,W2761002495,last
A5018312773,W2762104162,first
A5066044089,W2762180239,first
A5003393933,W2762286671,first
A5048928616,W2762286671,last
A5003276418,W2762339600,first
A5033651710,W2762460794,first
A5043998433,W2762879067,last
A5006145895,W2763395017,first
A5085088187,W2763917743,first
A5076766601,W2764276624,first
A5044584294,W2764276624,last
A5047632507,W2765191058,first
A5003201228,W2765191058,middle
A5067598423,W2765191058,middle
A5053811601,W2765191058,last
A5062747197,W2765569755,first
A5046173193,W2765569755,middle
A5047871627,W2765569755,middle
A5074367803,W2765569755,last
A5005967060,W2765749860,first
A5049235512,W2765749860,middle
A5065210119,W2765973551,first
A5000618048,W2766073465,first
A5014631662,W2766073465,middle
A5079833473,W2766073465,last
A5073568638,W2766170178,first
A5063115461,W2766202132,first
A5052171222,W2766423380,last
A5070435685,W2766798115,first
A5076283372,W2766798115,middle
A5006205250,W2766798115,middle
A5026537714,W2766798115,middle
A5017642893,W2766798115,middle
A5036052557,W2766798115,middle
A5000176044,W2766798115,middle
A5041826015,W2766798115,last
A5032518268,W2766950039,first
A5027939946,W2766950039,middle
A5025360037,W2767147905,first
A5007714809,W2767147905,last
A5083717529,W2767392160,first
A5026968273,W2767717222,first
A5086156597,W2767717222,middle
A5080560898,W2767717222,last
A5035738268,W2767729007,first
A5072189257,W2767729842,first
A5054324571,W2767729842,last
A5058920297,W2767970794,first
A5029477698,W2768085285,first
A5036067425,W2768085285,middle
A5037446815,W2768085285,middle
A5000296607,W2768085285,middle
A5031266770,W2768085285,middle
A5064562846,W2768085285,last
A5055255175,W2768253215,first
A5023580231,W2768294947,first
A5000885553,W2768877776,first
A5029477698,W2769158737,first
A5036067425,W2769158737,middle
A5037446815,W2769158737,middle
A5029072011,W2769158737,middle
A5050463349,W2769158737,last
A5029573243,W2769333672,last
A5036400158,W2769432936,first
A5025918292,W2769941600,first
A5006070343,W2769941600,middle
A5087111199,W2769941600,middle
A5083131059,W2769941600,last
A5076370408,W2770176526,first
A5059337001,W2770176526,last
A5006211289,W2771248179,middle
A5007427094,W2771248179,last
A5024018042,W2772419937,first
A5010941207,W2772802819,first
A5070478834,W2772802819,last
A5003824935,W2773337956,last
A5086015490,W2773649045,first
A5065697164,W2773649045,middle
A5064292854,W2773649045,last
A5085176321,W2774710577,first
A5063771738,W2774710577,middle
A5068676566,W2774710577,last
A5042746008,W2777122644,first
A5087180022,W2777122644,middle
A5075788811,W2777122644,middle
A5044887883,W2777122644,last
A5086894677,W2777182349,last
A5059174022,W2777291890,first
A5014385735,W2777989969,first
A5030467047,W2778782155,middle
A5067307112,W2781867943,first
A5039403639,W2782845368,first
A5023185369,W2783341087,first
A5086274478,W2783674639,first
A5079743142,W2784180025,middle
A5008503544,W2784180025,last
A5018789687,W2784550932,last
A5062263256,W2785506588,first
A5040365208,W2785568368,first
A5090988827,W2785777790,first
A5087920354,W2787584139,last
A5081225515,W2788619968,last
A5036509639,W2788622716,first
A5074590042,W2789235082,first
A5088964037,W2791671132,last
A5003045321,W2792267217,first
A5006346958,W2792588286,first
A5027652056,W2792793170,first
A5041098471,W2792793170,last
A5063310531,W2795246504,first
A5083220044,W2795373691,middle
A5026275444,W2795535983,first
A5085335307,W2795535983,middle
A5008051893,W2795535983,middle
A5085163349,W2795535983,middle
A5009257418,W2795914279,first
A5062694031,W2797414294,first
A5018565944,W2797653361,first
A5063914122,W2797653361,middle
A5006376848,W2797653361,last
A5016784278,W2798502189,first
A5085422836,W2798673122,first
A5089082312,W2799695287,first
A5029639206,W2799695287,last
A5058581622,W2802337542,first
A5008433679,W2802337542,last
A5063476672,W2803599011,first
A5025022086,W2804656380,last
A5022934757,W2804755708,first
A5035886602,W2804755708,last
A5014467129,W2804994869,first
A5078887910,W2805165131,first
A5068955281,W2805640732,last
A5064331350,W2807368988,first
A5077123581,W2808225300,last
A5089897150,W2808623534,first
A5085508752,W2808961718,first
A5025475863,W2883366728,last
A5067764381,W2884597576,first
A5010300565,W2885800541,first
A5044961218,W2885800541,last
A5011244622,W2885983814,first
A5077028946,W2886321497,first
A5073849580,W2888435099,first
A5070382607,W2888435099,middle
A5034253077,W2888435099,middle
A5053751069,W2888435099,last
A5010950844,W2888656834,first
A5023494109,W2889016165,middle
A5005732060,W2889167448,first
A5091443670,W2889314157,first
A5017162342,W2889314157,last
A5058164094,W2889435496,middle
A5073724141,W2889857762,first
A5028171673,W2890271199,first
A5075672922,W2890367478,last
A5032821983,W2890532495,first
A5018920322,W2890532495,last
A5038754220,W2890594918,middle
A5091763785,W2890594918,last
A5080503589,W2891584794,first
A5001547897,W2891588469,first
A5055754208,W2891588469,last
A5041154856,W2891715448,first
A5069596420,W2894389421,first
A5010813937,W2895137661,last
A5009166877,W2895886391,first
A5035337020,W2895886391,last
A5077323643,W2896068060,first
A5022635925,W2896235808,first
A5073775464,W2896757664,first
A5020533881,W2897454584,middle
A5061245143,W2897454584,last
A5078964862,W2897726651,last
A5030933218,W2898597667,first
A5001786085,W2898597667,last
A5071539131,W2899161576,last
A5065853724,W2900592674,last
A5025079893,W2900741650,first
A5007692329,W2902480059,first
A5004587355,W2902480059,last
A5075601831,W2902866359,middle
A5026295377,W2903475300,first
A5026295377,W2903475300,middle
A5086467691,W2903658618,first
A5010184811,W2903658618,middle
A5014463806,W2904257782,last
A5015686534,W2904285073,first
A5021106880,W2904285073,last
A5041317854,W2904965141,first
A5049180240,W2905032752,first
A5027176766,W2905032752,last
A5048466461,W2905356757,first
A5038271432,W2905990204,middle
A5078120478,W2908651772,first
A5059042590,W2909060151,first
A5037762972,W2909060151,last
A5038400253,W2909194115,first
A5001322159,W2909259803,last
A5038383219,W2909568601,first
A5045568346,W2911966706,first
A5090967587,W2912557105,first
A5019155460,W2914672353,first
A5000492235,W2914876452,first
A5037681511,W2915357863,last
A5047698688,W2916135815,first
A5031423617,W2917572434,first
A5024501121,W2920882285,first
A5059180650,W2920882285,middle
A5050903837,W2920882285,middle
A5012372361,W2920882285,middle
A5045190581,W2920882285,middle
A5087367222,W2920882285,middle
A5090205116,W2920882285,middle
A5041538123,W2920882285,middle
A5076918148,W2920882285,middle
A5080983713,W2920882285,middle
A5043334355,W2920882285,middle
A5026427534,W2920882285,middle
A5051286524,W2920882285,middle
A5051938848,W2920882285,middle
A5012679236,W2920882285,middle
A5028441647,W2920882285,middle
A5085569944,W2920882285,middle
A5082858886,W2920882285,middle
A5007121933,W2920882285,middle
A5087235995,W2920882285,middle
A5073570946,W2920882285,middle
A5078937916,W2920882285,middle
A5000186305,W2920882285,middle
A5046932726,W2920882285,middle
A5047093707,W2920882285,middle
A5046433642,W2920882285,middle
A5087379941,W2920882285,middle
A5038913522,W2920882285,middle
A5005721507,W2920882285,middle
A5051439492,W2920882285,last
A5049783208,W2944601849,first
A5067968369,W2944601849,middle
A5062942647,W2944601849,middle
A5005053622,W2944601849,middle
A5061719129,W2944601849,middle
A5089021831,W2944601849,middle
A5006091851,W2944601849,last
A5039918256,W2948534689,first
A5059264167,W2949340920,first
A5020530552,W2951869710,first
A5041706189,W2951869710,middle
A5006835928,W2953245718,first
A5014380320,W2953915016,first
A5014452770,W2969938835,middle
A5036485959,W2969938835,middle
A5031857121,W2970084047,first
A5055750376,W2970687240,first
A5014829491,W2971210995,first
A5066674084,W2972939217,first
A5049701126,W2972939217,last
A5072377971,W2974036678,first
A5040633710,W2974036678,middle
A5051336665,W2974036678,middle
A5076587308,W2974036678,last
A5040104451,W2977301673,first
A5004070773,W2977301673,middle
A5052858587,W2980449404,first
A5004009884,W2982575141,middle
A5064027149,W2987098034,first
A5006002501,W2988106629,first
A5084996439,W2989915105,first
A5032813047,W2989915105,last
A5001343879,W2995315743,last
A5077424581,W2996181837,first
A5090281331,W2996181837,last
A5074694784,W3000624264,first
A5057681089,W3000624264,last
A5091344250,W3000753085,last
A5064801706,W3001069444,middle
A5089290365,W3001069444,last
A5089837621,W3004227182,last
A5082393601,W3004776291,last
A5068097897,W3004911158,first
A5088144038,W3004911158,last
A5024800996,W3005241270,first
A5014235461,W3005770118,first
A5009055815,W3005770118,last
A5035671477,W3005842406,last
A5009848832,W3007569985,middle
A5017073371,W3011857146,first
A5078097850,W3020343646,first
A5084031005,W3020343646,last
A5069991474,W3022285430,last
A5062795932,W3040835064,first
A5030251080,W3044040416,first
A5062631934,W3045323853,first
A5009057924,W3098576471,first
A5072800324,W3098576471,middle
A5045123046,W3098576471,middle
A5072423303,W3098576471,last
A5037623834,W3107194291,first
A5009322442,W3107194291,middle
A5052968889,W3107194291,last
A5058475882,W3111055353,first
A5073956678,W3111055353,middle
A5040402369,W3111055353,middle
A5036243132,W3111055353,last
A5021015886,W3112844934,first
A5053328508,W3115230986,first
A5055416007,W3115230986,last
A5019691265,W3121330231,first
A5014451390,W3121330231,middle
A5039654589,W3121330231,middle
A5008235253,W3121330231,last
A5002919229,W3122058148,first
A5067611696,W3122336477,middle
A5075464350,W3122976669,middle
A5025731495,W3122976669,last
A5067743538,W3124241885,first
A5013292309,W3124716049,first
A5053792527,W3124716049,last
A5064734371,W3127844226,first
A5003871871,W3127844226,middle
A5062006648,W3127844226,last
A5044152002,W3132975395,first
A5058021214,W3132975395,last
A5085690680,W3133526558,first
A5043142156,W3151228068,first
A5027645414,W3151228068,last
A5084915488,W3157171190,first
A5028921918,W3157171190,last
A5062748514,W3174834309,first
A5016398086,W3176405006,last
A5017864545,W3181806032,first
A5003537055,W3183281040,first
A5000327658,W3189273972,first
A5080392687,W3189423882,first
A5067285661,W319822989,first
A5042918332,W3204351626,first
A5067565879,W3204351626,middle
A5065962800,W3204351626,middle
A5024100585,W3204351626,middle
A5009791474,W3204351626,middle
A5001153552,W3204351626,middle
A5071191321,W3204351626,last
A5029411287,W3207116374,last
A5037853382,W3210535403,first
A5034725162,W3210535403,middle
A5080395808,W3210535403,last
A5012035215,W3217690302,first
A5031861840,W3217690302,middle
A5077543890,W358879186,first
A5066960754,W4200035428,first
A5052150758,W4205489828,first
A5087256698,W4205489828,middle
A5004171024,W4205489828,last
A5060939242,W4206264352,first
A5013096348,W4210589821,first
A5047189052,W4213244549,first
A5040613543,W4213432056,first
A5042164206,W4229622326,first
A5015931553,W4229966233,first
A5046226629,W4230521312,first
A5073408668,W4230925865,first
A5035272803,W4232375831,middle
A5008601410,W4232766233,first
A5009083588,W4233184898,first
A5077922785,W4233294754,last
A5057837194,W4233837751,first
A5007741837,W4233837751,last
A5071792709,W4235179695,first
A5008848936,W4236041670,first
A5009892717,W4236324485,first
A5059621628,W4236615677,first
A5028672193,W4236615677,last
A5015228081,W4236688728,first
A5082246965,W4237134473,first
A5065683195,W4237249939,first
A5057733859,W4237355211,last
A5058558845,W4238299547,first
A5037576679,W4238382207,first
A5066265708,W4238382207,last
A5086501120,W4238847226,first
A5036343985,W4239391010,first
A5030159286,W4239401767,first
A5057650592,W4239607181,first
A5074305679,W4239607181,last
A5076785459,W4240492876,first
A5016435875,W4240966543,first
A5089861176,W4241387542,first
A5077557534,W4242889333,first
A5080687354,W4243011531,middle
A5089820135,W4243011531,last
A5063471945,W4244303714,middle
A5029882375,W4244504433,first
A5064003235,W4244741002,first
A5050433646,W4246600188,first
A5040559366,W4247292067,middle
A5067723053,W4247727708,first
A5010844099,W4248159364,last
A5010042304,W4248652924,first
A5056809403,W4248652924,last
A5004792776,W4248895003,first
A5080376515,W4248895003,middle
A5042629109,W4249097825,first
A5043080973,W4249326673,first
A5074430413,W4249510954,first
A5062502426,W4249595835,first
A5067561521,W4249595835,last
A5032454122,W4249652028,first
A5073595877,W4249697991,first
A5047528114,W4249825951,first
A5019831102,W4250028919,first
A5007817577,W4250096376,first
A5041418612,W4250864804,first
A5090222983,W4251454744,last
A5029172870,W4251684185,first
A5007380083,W4252468585,first
A5089475466,W4252775965,first
A5066096051,W4252775965,middle
A5050869595,W4252775965,last
A5076809830,W4253794063,first
A5021311306,W4254025563,first
A5037950417,W4254394668,first
A5005453186,W4254724760,first
A5063779091,W4254955137,first
A5012374674,W4255397511,first
A5088133670,W4255503468,first
A5065981590,W4256656511,first
A5069148908,W4300171176,first
A5013395769,W4300652143,first
A5018380170,W4300652143,middle
A5003811106,W4300652143,last
A5075113067,W4300778410,first
A5029126529,W4300778410,last
A5008675858,W4300784260,first
A5060727011,W4300918528,first
A5091360778,W4300918528,middle
A5003476748,W4300918528,middle
A5087317081,W4300918528,last
A5010119869,W4301428559,first
A5064097683,W576102684,last
A5035181081,W583401953,first
A5069421451,W585086705,first
A5073669927,W586542320,first
A5057722476,W593144664,first
A5018305440,W632089528,last
A5042947686,W637779411,first
A5006228213,W644853293,first
A5069607027,W79873234,first
A5088621564,W102226480,first
A5054748669,W110489703,first
A5073304892,W110489703,middle
A5049581991,W110489703,middle
A5023575351,W110489703,middle
A5002604255,W110489703,middle
A5084690736,W127289821,first
A5051255092,W1415595161,first
A5059273226,W142138242,first
A5011465937,W1495040867,last
A5006311694,W1498291074,first
A5058645145,W1503373461,first
A5066562031,W1518341802,first
A5051714366,W1530403325,first
A5064771771,W153726079,first
A5076881236,W153726079,last
A5044287302,W1542461026,last
A5090325024,W1550222793,middle
A5049903806,W1550222793,last
A5048700164,W1550318412,first
A5046912120,W1550318412,last
A5085632474,W1553063764,first
A5085054829,W1553063764,last
A5026240321,W1558734306,first
A5016579792,W1560867814,last
A5007781167,W1568043695,last
A5054699688,W1582149901,first
A5064503736,W1587518456,first
A5043022218,W1593682187,first
A5070680730,W160812508,first
A5018729840,W170555797,first
A5062524005,W170555797,middle
A5083827264,W170555797,middle
A5024914469,W170555797,last
A5035473818,W1804362832,first
A5042144156,W1805189236,first
A5065490821,W1947316415,first
A5076724609,W194757577,first
A5015665078,W1949030666,last
A5065308447,W2117931811,last
A5023942737,W2118210618,first
A5071383424,W2118210618,last
A5052350981,W2200867658,first
A5024116200,W2211630277,first
A5045418207,W2252543889,first
A5085342632,W2258792712,first
A5019453341,W2259501655,first
A5025687367,W226939177,first
A5074610982,W2270050711,first
A5036014169,W2277246601,last
A5056674547,W2289188815,first
A5091477517,W2297623553,first
A5090721739,W2300332645,first
A5052074339,W2301612620,first
A5027594259,W2304588209,first
A5011280998,W231434688,last
A5070914674,W2338515133,middle
A5090559862,W2339075868,first
A5004568400,W2340624240,first
A5053783271,W2399307350,last
A5010848871,W2399403552,middle
A5034027184,W2399403552,middle
A5010885971,W2403907455,first
A5078288395,W2403907455,middle
A5091602832,W2403907455,middle
A5008269094,W2403907455,middle
A5010754981,W2403907455,last
A5023041716,W2404736425,first
A5031188606,W2404736425,last
A5036247461,W2404912283,first
A5054401063,W245815433,first
A5077330744,W245815433,last
A5018400355,W2483387443,middle
A5086579917,W2483387443,last
A5050590358,W2483701184,first
A5090193930,W2483701184,last
A5087542455,W2491614336,first
A5047050571,W2491614336,middle
A5090261224,W2491614336,middle
A5011543714,W2491614336,middle
A5091297862,W2491614336,last
A5084051615,W2493605958,first
A5016882619,W2495028047,first
A5084943474,W2495028047,middle
A5019169592,W2495028047,last
A5016829827,W2495886115,first
A5001733432,W2495886115,last
A5088353529,W2496313626,first
A5044964238,W2496313626,middle
A5001499140,W2496313626,middle
A5076546160,W2496313626,middle
A5027382759,W2496313626,middle
A5090368430,W2496313626,middle
A5023109012,W2496313626,last
A5044088869,W2498756452,first
A5005258575,W2503015163,first
A5023498425,W2503015163,middle
A5053155252,W2503015163,middle
A5061402604,W2503015163,last
A5059976962,W2503612129,first
A5070764916,W2503612129,middle
A5056234740,W2503612129,middle
A5032470825,W2503612129,middle
A5029585274,W2503612129,middle
A5077915981,W2503612129,last
A5073750332,W2504063269,first
A5074593755,W2504063269,middle
A5056557145,W2504063269,middle
A5044903173,W2504063269,middle
A5064609702,W2504063269,last
A5000315816,W2505066767,first
A5088559226,W2505066767,last
A5070820573,W2510949771,first
A5026964820,W2515879321,first
A5089608099,W2519040187,middle
A5024108653,W2519040187,middle
A5030789783,W2519040187,last
A5067748313,W2520276175,last
A5041035215,W2524507314,first
A5084920912,W2524980088,first
A5019757557,W2524980088,middle
A5007593192,W2526162993,first
A5002181012,W2527343920,first
A5019878762,W2527343920,middle
A5038691287,W2527343920,last
A5065664393,W2528539941,first
A5055416007,W2528539941,middle
A5006092977,W2528539941,last
A5042872250,W2529854161,first
A5041240767,W2529957007,last
A5036789855,W2531001597,first
A5035314874,W2531001597,middle
A5047652595,W2531001597,middle
A5073634264,W2531001597,last
A5048470429,W2533190665,middle
A5004696195,W2533190665,middle
A5030095031,W253491455,first
A5075300359,W2537378839,first
A5026317660,W2537378839,last
A5075993804,W2537570965,first
A5052767951,W2539243379,first
A5037029538,W2549902440,first
A5042107424,W2549902440,middle
A5085935488,W2549902440,middle
A5061445568,W2549902440,last
A5087762753,W2552902249,first
A5015749813,W2552902249,middle
A5022137808,W2552902249,middle
A5028760842,W2552902249,last
A5076601811,W2553186746,first
A5056423797,W2554725707,first
A5043790271,W2554725707,middle
A5031228518,W2554725707,last
A5024711955,W2556983846,first
A5036372456,W2556983846,middle
A5030890095,W2556983846,middle
A5024893234,W2559807311,first
A5035213500,W2560121904,middle
A5029001932,W2561119717,first
A5061871375,W2561119717,middle
A5045957703,W2561119717,middle
A5064027625,W2561119717,last
A5022615041,W2562135997,first
A5043993835,W2562587549,middle
A5004708418,W2562587549,middle
A5012034889,W2562587549,last
A5062662647,W2562716982,first
A5006561164,W2562716982,last
A5029477698,W2564528968,first
A5036067425,W2564528968,middle
A5037446815,W2564528968,middle
A5029072011,W2564528968,middle
A5022195537,W2565013909,first
A5029746122,W2565855030,first
A5031273536,W2565891081,last
A5047927390,W2566332387,middle
A5062802424,W2570021463,first
A5029086985,W2570021463,middle
A5028613138,W2570021463,middle
A5018669587,W2570732691,first
A5000975317,W2570732691,last
A5003166497,W2571730111,first
A5089098731,W2571902803,first
A5024212068,W2572199313,middle
A5029915039,W2572199313,middle
A5074567616,W2572306280,middle
A5033700890,W2572329370,first
A5003537646,W2572329370,last
A5066697683,W2572665822,first
A5041168242,W2572669342,middle
A5076898632,W2573109979,first
A5065687300,W2573109979,middle
A5058841326,W2573109979,last
A5022323904,W2573615172,first
A5070766199,W2574121364,first
A5057599389,W2574125921,first
A5060478363,W2574125921,middle
A5035436540,W2574125921,middle
A5042532049,W2574125921,last
A5078290421,W2575693724,middle
A5080241103,W2576001522,middle
A5054842596,W2576547200,last
A5047646273,W2577096320,last
A5083447060,W2577103582,first
A5003849672,W2578391886,first
A5055540340,W2578391886,middle
A5016482035,W2578879397,middle
A5013614226,W2579216891,first
A5030446424,W2579406959,first
A5062380830,W2579406959,middle
A5002834666,W2579406959,middle
A5010697514,W2579406959,last
A5065341742,W2579633066,first
A5089749694,W2579916111,first
A5005933824,W2579975203,first
A5076421509,W2580168603,first
A5044090969,W2580200890,first
A5090668643,W2580520006,first
A5008893502,W2581629513,first
A5021409117,W2581629513,last
A5027695376,W2582243414,first
A5055774608,W2582243414,last
A5056613651,W2582265848,first
A5048572046,W2583885782,first
A5030993729,W2584294430,first
A5089077811,W2584856785,first
A5011413907,W2585059823,first
A5049836166,W2585209626,first
A5045296087,W2586078599,first
A5056049315,W2586087790,first
A5038017409,W2586091595,middle
A5036349954,W2586252058,first
A5003244142,W2586252058,last
A5005849526,W2586473438,first
A5079724880,W2586594518,first
A5048937771,W2586816238,first
A5048708829,W2587213454,first
A5036349954,W2587285340,first
A5003244142,W2587285340,last
A5061429698,W2587409351,first
A5044353531,W2587428590,middle
A5037527074,W2587618160,last
A5026565671,W2587875067,first
A5007649727,W2587935478,first
A5077121655,W2587935478,middle
A5024206144,W2587935478,last
A5000275037,W2588371363,first
A5039597008,W2588371363,last
A5086969801,W2588719933,first
A5042469963,W2588829542,first
A5023774096,W2589193162,first
A5023774096,W2589202051,first
A5091267149,W2589259616,first
A5084600715,W2589362936,first
A5015697003,W2589383128,first
A5037007690,W2589389169,first
A5032531133,W2589389169,last
A5023774096,W2589412580,first
A5023774096,W2589420300,first
A5023774096,W2589521393,first
A5023774096,W2589554375,first
A5023774096,W2589659577,first
A5053472123,W2589735443,first
A5001854208,W2589735443,last
A5023774096,W2589840171,first
A5023774096,W2589877463,first
A5023774096,W2589891454,first
A5067781363,W2589949285,first
A5023774096,W2590155237,first
A5023774096,W2590187459,first
A5023774096,W2590245448,first
A5023774096,W2590365946,first
A5023774096,W2590405630,first
A5082984424,W2590513560,middle
A5070727113,W2590513560,last
A5023774096,W2590622924,first
A5023774096,W2590736675,first
A5066068682,W2590778076,first
A5023774096,W2590838189,first
A5023774096,W2590893642,first
A5023774096,W2590914990,first
A5023774096,W2590924836,first
A5023774096,W2590938644,first
A5023774096,W2591024420,first
A5023774096,W2591132323,first
A5023774096,W2591132391,first
A5023774096,W2591148985,first
A5023774096,W2591171845,first
A5023774096,W2591246396,first
A5023774096,W2591262889,first
A5023774096,W2591303799,first
A5020080163,W2591340707,first
A5023774096,W2591467553,first
A5066697683,W2591682789,first
A5077247924,W2592017463,middle
A5005383041,W2592017463,middle
A5005239114,W2592051818,last
A5085657122,W2592141415,first
A5085822783,W2592196819,last
A5075109513,W2592668605,first
A5074417323,W2592668605,middle
A5056546246,W2592668605,middle
A5013275583,W2592790528,first
A5003849853,W2592878534,first
A5088817059,W2592878534,last
A5081742197,W2593339533,last
A5080503589,W2593345779,first
A5091421960,W2593657708,first
A5075808202,W2593657708,middle
A5010470479,W2594082148,middle
A5064838814,W2594488060,first
A5059510779,W2594488060,last
A5048228585,W2594699399,first
A5061352683,W2596339072,first
A5024143397,W2596339072,middle
A5079984547,W2596339072,middle
A5033273214,W2596339072,middle
A5055476024,W2596339072,last
A5072890368,W2596579003,first
A5008532090,W2596579003,middle
A5059248438,W2596579003,last
A5000200579,W2596859046,first
A5038891712,W2597674908,first
A5064439222,W2598084790,first
A5018417961,W2598209459,first
A5090045951,W2598209459,middle
A5086857303,W2598216231,first
A5081390182,W2598892575,first
A5002013996,W2599128632,first
A5016723264,W2599128632,middle
A5007963210,W2599128632,last
A5036253428,W2599210405,first
A5023806776,W2599210405,last
A5042850084,W2599237006,first
A5031186661,W2599622449,first
A5076172522,W2600098000,first
A5075764191,W2600098000,middle
A5039725515,W2600098000,last
A5090826498,W2600233210,first
A5035085912,W2600233210,last
A5006916173,W2600612610,first
A5028236206,W2600612610,middle
A5004152951,W2600612610,middle
A5056970435,W2600612610,middle
A5004268590,W2600612610,middle
A5044268701,W2600612610,middle
A5015294604,W2600612610,middle
A5055775978,W2600612610,middle
A5005432861,W2600612610,middle
A5057209685,W2600612610,middle
A5085423257,W2600612610,middle
A5086104858,W2600612610,middle
A5090699731,W2600612610,middle
A5091180327,W2600612610,middle
A5041072449,W2600612610,middle
A5059408108,W2600612610,middle
A5053656188,W2600612610,middle
A5029693258,W2600612610,middle
A5032307375,W2600612610,middle
A5071747219,W2600612610,middle
A5051826547,W2600612610,last
A5053575337,W2601059907,first
A5076268379,W2603152494,first
A5071082834,W2603183962,first
A5034443098,W2603183962,middle
A5062564633,W2603183962,last
A5058100326,W2603725213,first
A5059655139,W2604243083,first
A5013808958,W2604243083,middle
A5049992888,W2604243083,last
A5053534591,W2604869632,first
A5014295479,W2604905776,first
A5005239114,W2605368105,first
A5007817577,W2605441385,first
A5014317244,W2605514776,first
A5080086968,W2605514776,last
A5066400345,W2605700962,first
A5022249353,W2605700962,middle
A5070135323,W2605783509,first
A5029545312,W2606013008,first
A5054313137,W2606013008,last
A5033242712,W2606213367,last
A5061002947,W2606248018,first
A5064351554,W2606248018,last
A5054110970,W2606313512,first
A5011045028,W2606313512,middle
A5010560354,W2606313512,last
A5089612078,W2606383000,first
A5004804647,W2606383000,last
A5031758582,W2606671937,first
A5037083521,W2606834307,first
A5037233397,W2606834307,last
A5087869567,W2606921533,first
A5048413120,W2607058397,first
A5001341149,W2607069492,first
A5030226607,W2607076081,last
A5045285887,W2607529145,middle
A5073318673,W2607590846,first
A5087739595,W2607761902,first
A5059349324,W2607982504,first
A5063728984,W2608721136,last
A5005569414,W2609029030,last
A5054592564,W2609252778,first
A5026688050,W2609594480,first
A5016807507,W2610345003,first
A5021575740,W2610431536,first
A5003385267,W2610474917,first
A5087562048,W2610525332,first
A5017043673,W2610525332,middle
A5000210772,W2610525332,middle
A5016001919,W2610525332,middle
A5043105133,W2610525332,middle
A5041978666,W2610525332,last
A5023003974,W2610710864,first
A5000193182,W2610830724,first
A5012906113,W2610830724,last
A5023684268,W2610980707,first
A5044326924,W2611005123,middle
A5010923592,W2611117340,first
A5058754609,W2611117340,middle
A5062207754,W2611117340,last
A5021072028,W2611249819,last
A5027630744,W2611331378,last
A5036547135,W2611411606,first
A5078760410,W2611411606,middle
A5061427447,W2611411606,middle
A5083465360,W2611411606,middle
A5030470214,W2611411606,middle
A5043583629,W2611411606,middle
A5041095414,W2611411606,middle
A5002665378,W2611411606,middle
A5000704870,W2611411606,middle
A5075136463,W2611411606,middle
A5075541016,W2611411606,middle
A5036956115,W2611411606,middle
A5047858962,W2611411606,middle
A5011847974,W2611411606,middle
A5064587606,W2611411606,middle
A5061093480,W2611411606,middle
A5077279120,W2611411606,middle
A5010504078,W2611411606,middle
A5083498592,W2611411606,middle
A5001838464,W2611411606,middle
A5012227292,W2611411606,middle
A5055017686,W2611411606,last
A5075465352,W2611493009,first
A5064133004,W2611525094,last
A5060248622,W2611796897,first
A5066682122,W2611941790,first
A5089434965,W2612067311,first
A5071177772,W2612067311,last
A5068253885,W2612272754,first
A5044937539,W2612584154,middle
A5022984013,W2612833263,first
A5060562617,W2612843138,last
A5059340994,W2612984572,first
A5060332975,W2613015412,first
A5026066110,W2613108234,first
A5000864476,W2613108234,last
A5054325638,W2613131035,middle
A5062063850,W2613136800,last
A5045664861,W2613180367,first
A5066049694,W2613414836,first
A5003552858,W2613414836,middle
A5054003149,W2613795723,middle
A5026549296,W2613795723,last
A5018414569,W2613815906,first
A5076321327,W2614221494,middle
A5005466497,W2614221494,last
A5041269918,W2614279832,first
A5082836130,W2614279832,middle
A5058457898,W2614279832,middle
A5067600725,W2614279832,middle
A5078355966,W2614279832,last
A5051300169,W2614465149,last
A5054904753,W2615087433,first
A5061682583,W2615582249,first
A5024885548,W2615582249,middle
A5090210382,W2615582249,last
A5060579853,W2615719468,first
A5039450800,W2616017832,first
A5032244188,W2616169279,first
A5021432602,W2616169279,middle
A5049675814,W2616257470,last
A5024019918,W2616410581,middle
A5070291698,W2616458041,first
A5050928584,W2616458041,middle
A5018618243,W2616458041,last
A5071816101,W2616545695,first
A5049326631,W2616651788,first
A5031733412,W2616651788,middle
A5056949757,W2616651788,last
A5009953024,W2616908205,middle
A5032689269,W2616908205,middle
A5060564722,W2616908205,middle
A5001849972,W2616908205,middle
A5018777296,W2616908205,middle
A5071445761,W2616908205,middle
A5032380083,W2616908205,middle
A5043896040,W2616908205,middle
A5076583762,W2616908205,middle
A5055541435,W2616908205,middle
A5041054273,W2616908205,middle
A5068091152,W2616908205,middle
A5079183591,W2616908205,middle
A5054355624,W2616908205,middle
A5086917138,W2616908205,middle
A5004484537,W2616908205,middle
A5032784794,W2616908205,middle
A5076539128,W2616908205,middle
A5044805707,W2616908205,middle
A5015886306,W2616908205,middle
A5077745177,W2616908205,middle
A5003797160,W2616908205,middle
A5088352548,W2616908205,middle
A5087550260,W2616908205,middle
A5037826585,W2616908205,middle
A5037588937,W2616908205,middle
A5002491701,W2616908205,middle
A5019076656,W2616908205,middle
A5053197715,W2616908205,middle
A5014808622,W2616908205,middle
A5040975583,W2616908205,middle
A5044538090,W2617360945,first
A5018678826,W2617567802,first
A5013671216,W2617634431,first
A5015051202,W2617661799,last
A5064554287,W2618085602,first
A5017096005,W2618366527,first
A5003938960,W2618457451,first
A5005336449,W2618585853,middle
A5060796410,W2618639714,last
A5089465148,W2618712145,first
A5067298498,W2618884466,first
A5021947145,W2618913144,first
A5010469915,W2619022252,middle
A5002284258,W2619022252,middle
A5065080333,W2619022252,last
A5090167348,W2619692706,first
A5037449634,W2619692706,middle
A5001416780,W2619692706,middle
A5021257502,W2619692706,middle
A5072920325,W2619692706,last
A5081917471,W2619926163,first
A5087531229,W2619926163,middle
A5030905020,W2619926163,last
A5070884770,W2620109662,last
A5081430748,W2620469022,first
A5030868746,W2620641808,last
A5053158194,W2621035614,first
A5054486464,W2621196906,first
A5088591974,W2621196906,last
A5058542417,W2621585986,middle
A5075861532,W2621585986,last
A5019382586,W2621667328,last
A5086088518,W2621764206,middle
A5038841329,W2621814898,first
A5044748041,W2621814898,last
A5046093127,W2621932506,first
A5034312342,W2622128090,last
A5039518516,W2622263296,first
A5072697870,W2622971278,first
A5033899410,W2623679548,first
A5052741083,W2623679548,last
A5046969541,W2623756197,middle
A5058593368,W2623756197,middle
A5008804107,W2623900808,last
A5031143293,W2624216416,first
A5075566300,W2624216416,last
A5039155472,W2624304629,first
A5069868868,W2624526235,first
A5043872748,W2624526235,last
A5063002840,W2624855595,first
A5068940052,W2624980214,first
A5088002294,W2625474854,first
A5037841475,W2625474854,middle
A5044618645,W2625492015,first
A5001912287,W2625581812,first
A5076070516,W2625581812,middle
A5065953146,W2625581812,last
A5035306017,W2625636825,last
A5039614564,W2625655315,first
A5064269267,W2625655315,middle
A5066684090,W2625655315,last
A5061223044,W2626106541,middle
A5003996674,W2626106541,last
A5066684369,W2626228694,first
A5078361199,W2626395384,first
A5054890347,W2626423129,first
A5045213999,W2626622122,first
A5036108068,W2626622122,middle
A5067954749,W2626622122,last
A5041599523,W2627048451,first
A5024097427,W2627048451,last
A5059175737,W2627088552,first
A5065535908,W2632798310,middle
A5074224208,W2632798310,middle
A5001215167,W2632798310,middle
A5064200591,W2632798310,last
A5020949525,W2639752362,first
A5002214819,W2640050252,first
A5083358892,W2640050252,middle
A5063918994,W2640050252,middle
A5030119480,W2640050252,middle
A5058911450,W2640050252,middle
A5085916888,W2640050252,last
A5030697947,W2648521984,first
A5040491852,W2648812099,first
A5029542014,W2648812099,last
A5018394543,W2651743587,last
A5016621051,W2652278981,first
A5079662288,W2652278981,last
A5040082909,W2655960468,first
A5028372183,W2658929038,first
A5087564658,W2667006222,first
A5011927959,W2668843539,middle
A5033643890,W2668843539,last
A5041513167,W2669695096,first
A5033924271,W267347877,first
A5046300674,W2685573937,first
A5089682439,W2685573937,middle
A5043221140,W2685573937,last
A5091141987,W2693731409,first
A5058187942,W2724565871,first
A5082491600,W2724788482,first
A5038859022,W2724788482,last
A5069714133,W2724918248,first
A5080474496,W2725067942,first
A5056179227,W2725334849,first
A5015939203,W2725334849,middle
A5038372194,W2725334849,last
A5069734774,W2726398651,first
A5062757968,W2726564416,middle
A5034743519,W2726988797,first
A5021412121,W2728386306,first
A5028284804,W2728467620,first
A5069242138,W2728866568,first
A5040000007,W2728866568,middle
A5087741613,W2728866568,last
A5089011855,W2729368476,first
A5026551711,W2729368476,last
A5024222338,W2729476037,first
A5037823412,W2729476037,middle
A5068504342,W2729476037,last
A5066291615,W2729492352,first
A5066243897,W2730181300,first
A5050546530,W2730181300,last
A5028645862,W2731003922,first
A5089770558,W2731122660,first
A5061129494,W2731524134,first
A5003056108,W2731524134,middle
A5053262733,W2731524134,middle
A5004354393,W2731524134,middle
A5047165332,W2732176365,first
A5056307860,W2732831195,first
A5002909169,W2733360907,first
A5043126240,W2733484224,first
A5045213999,W2734272646,first
A5036108068,W2734272646,middle
A5067954749,W2734272646,last
A5047361439,W2734428217,first
A5037547732,W2734540536,first
A5006400299,W2734642891,first
A5026113025,W2734642891,last
A5084297070,W2734695309,middle
A5079803949,W2734695309,middle
A5047385670,W2734940723,first
A5085561917,W2734963147,first
A5088257510,W2734963147,middle
A5014461473,W2734967211,last
A5048165693,W2735006994,middle
A5085987405,W2735006994,middle
A5090347412,W2735006994,middle
A5071741322,W2735006994,middle
A5090448602,W2735006994,middle
A5076239691,W2735006994,middle
A5039991600,W2735006994,middle
A5071741322,W2735006994,middle
A5006365543,W2735006994,middle
A5052756345,W2735006994,middle
A5051697160,W2735125346,last
A5060287234,W2735169875,last
A5039367648,W2735461067,first
A5038443702,W2735461067,middle
A5089092055,W2735461067,middle
A5081049776,W2735461067,last
A5084735388,W2735485963,first
A5076027228,W2735540696,middle
A5025164171,W2735766423,first
A5088079956,W2735879057,first
A5017648517,W2735879057,last
A5027797086,W2735926977,first
A5041787430,W2735926977,middle
A5005937041,W2735926977,last
A5045010118,W2735952223,first
A5073955919,W2736121375,first
A5056456196,W2736121375,middle
A5090939243,W2736135788,first
A5014445825,W2736763661,first
A5028470098,W2736763661,middle
A5010305090,W2736763661,last
A5056159864,W2736837767,first
A5022485835,W2736873547,first
A5070552531,W2736911348,first
A5025138643,W2736911348,last
A5077079119,W2737156819,first
A5085771513,W2737416528,first
A5018990374,W2737598319,first
A5063846550,W2737681598,middle
A5012793585,W2737681598,middle
A5075405308,W2737681598,last
A5007831363,W2737761904,first
A5037578900,W2737945673,first
A5018443530,W2737945673,last
A5041169953,W2738098423,first
A5049028670,W2738219172,first
A5010491831,W2738420325,first
A5063891199,W2738574893,first
A5060543503,W2738862791,first
A5019729561,W2738862791,middle
A5028707311,W2738862791,last
A5069303481,W2738945063,first
A5005737126,W2738945063,last
A5077526337,W2739214859,first
A5041247703,W2739214859,middle
A5077018197,W2739214859,last
A5076579586,W2739310716,first
A5029639206,W2739681737,first
A5089082312,W2739681737,last
A5036695693,W2740054799,first
A5066625366,W2740386510,first
A5046952331,W2740386510,last
A5005645417,W2740398155,first
A5029250489,W2740398155,middle
A5085308055,W2740519227,first
A5076668019,W2740519227,middle
A5041614336,W2740519227,middle
A5081471583,W2740666322,first
A5077858418,W2740713734,first
A5002317364,W2740891225,middle
A5037509122,W2741258029,first
A5072262532,W2742008000,first
A5021618573,W2742008000,middle
A5023842961,W2742008000,middle
A5067249512,W2742008000,middle
A5064997605,W2742008000,middle
A5074074791,W2742008000,middle
A5025611211,W2742008000,middle
A5026413148,W2742008000,middle
A5075846611,W2742008000,middle
A5041387396,W2742008000,middle
A5037111173,W2742008000,middle
A5047337810,W2742008000,middle
A5019010906,W2742008000,middle
A5060285076,W2742008000,middle
A5056782312,W2742008000,middle
A5056342894,W2742008000,middle
A5029104139,W2742008000,middle
A5001196675,W2742008000,middle
A5029483508,W2742008000,middle
A5060053799,W2742008000,middle
A5068905728,W2742008000,middle
A5011208990,W2742008000,middle
A5050176259,W2742008000,middle
A5039806532,W2742008000,middle
A5026789951,W2742008000,middle
A5084996977,W2742008000,middle
A5029442845,W2742008000,last
A5030578127,W2742098231,first
A5084949004,W2742480524,first
A5076070516,W2742607726,middle
A5065953146,W2742607726,last
A5086022540,W2742966929,first
A5029477698,W2743832840,first
A5090732704,W2743832840,middle
A5039945857,W2743832840,middle
A5070807320,W2743832840,middle
A5018663904,W2743832840,last
A5028177865,W2744424890,first
A5058577754,W2744739113,middle
A5037274316,W2744739113,middle
A5004337930,W2744739113,last
A5010031028,W2744996477,first
A5011718878,W2745542282,first
A5016144868,W2745672383,first
A5064867241,W2745747211,first
A5021329808,W2745786701,first
A5056663874,W2745880337,middle
A5075577966,W2745880337,last
A5070220273,W2745937980,first
A5000161726,W2745958769,first
A5035205164,W2746464797,first
A5059610912,W2746512432,first
A5065343783,W2746512432,last
A5075123601,W2746829645,first
A5011698033,W2746963755,first
A5071542297,W2747506546,first
A5086851249,W2747521998,first
A5015698449,W2747719240,middle
A5046593634,W2748090921,first
A5090332383,W2748219907,last
A5005380859,W2748453251,first
A5027508523,W2748453251,last
A5008516724,W2748630405,first
A5077077500,W2748630405,last
A5005893085,W2748757253,first
A5046818372,W2748938064,last
A5083747207,W2749129853,first
A5085388539,W2749129853,last
A5004718499,W2749346095,first
A5036329030,W2749361611,first
A5024521009,W2749361611,middle
A5014501729,W2749579928,first
A5019586991,W2749620150,first
A5013921769,W2749785573,first
A5065873568,W2749908749,first
A5080546646,W2749908749,middle
A5072231425,W2750189401,first
A5001651885,W2750189401,middle
A5055633179,W2750189401,middle
A5020019569,W2750189401,middle
A5055194079,W2750189401,last
A5037093688,W2750375506,first
A5053533202,W2750375506,last
A5049059264,W2750376492,first
A5072986862,W2750721200,first
A5086241050,W2750721200,middle
A5081405313,W2750721200,last
A5036670654,W2750775689,first
A5036122111,W2750785858,first
A5036977884,W2750846296,first
A5043002718,W2751042098,first
A5021450602,W2751111016,first
A5020242101,W2751113963,first
A5009134869,W2751140925,first
A5019414570,W2751140925,middle
A5048095564,W2751140925,middle
A5064586878,W2751140925,middle
A5039599845,W2751140925,middle
A5041652305,W2751140925,middle
A5010033061,W2751140925,middle
A5078691765,W2751140925,last
A5015969910,W2751394739,first
A5054906781,W2751479142,first
A5075465352,W2751503806,last
A5080214522,W2751657336,first
A5090380495,W2751794656,first
A5047319643,W2751794656,middle
A5091744010,W2751794656,last
A5018191372,W2752056511,first
A5011892251,W2752056511,middle
A5002096284,W2752056511,middle
A5009671117,W2752056511,middle
A5070922999,W2752056511,middle
A5015319638,W2752056511,middle
A5013631723,W2752086185,first
A5031981889,W2752144154,first
A5035031826,W2752375443,first
A5032596668,W2752498084,middle
A5031429680,W2752730462,last
A5010315281,W2752869715,first
A5063451263,W2752869715,middle
A5050682685,W2752869715,last
A5085144550,W2752927154,first
A5037583341,W2752944925,first
A5070055601,W2752944925,last
A5078229670,W2752957512,first
A5083170458,W2752957512,last
A5083195984,W2752983086,first
A5091244381,W2753003579,first
A5013564951,W2753003579,last
A5032044712,W2753023529,last
A5046339877,W2753316830,first
A5030749733,W2753341750,first
A5014561100,W2753341750,middle
A5013515650,W2753341750,last
A5048858891,W2753389865,first
A5043638391,W2753542228,first
A5049627979,W2753575503,first
A5073341246,W2753575503,middle
A5051249034,W2753575503,last
A5085932391,W2753590828,first
A5085881623,W2753666400,first
A5016043787,W2753670615,middle
A5022700946,W2753824637,first
A5063682104,W2753928150,last
A5030096887,W2754197982,middle
A5058786170,W2754197982,middle
A5041658587,W2754212403,first
A5038749016,W2754212403,middle
A5032685263,W2754212403,middle
A5003253553,W2754212403,middle
A5091409910,W2754212403,middle
A5020523405,W2754212403,middle
A5020701488,W2754212403,middle
A5033988758,W2754212403,middle
A5002543602,W2754212403,middle
A5034476137,W2754212403,middle
A5025877936,W2754212403,middle
A5032886673,W2754212403,middle
A5080254367,W2754212403,middle
A5032997589,W2754212403,last
A5018652676,W2754230856,first
A5089426119,W2754271870,last
A5086059245,W2754562629,first
A5046725771,W2754562629,last
A5020329050,W2754596967,first
A5050961647,W2754608586,first
A5091322523,W2754608586,last
A5037065097,W2754905903,first
A5065985595,W2754905903,middle
A5001844771,W2754905903,middle
A5084452891,W2754946118,first
A5036498813,W2755081307,middle
A5082569777,W2755081307,last
A5065574554,W2755122027,first
A5065574554,W2755122027,last
A5078582663,W2755156463,first
A5031149175,W2755313643,first
A5017705639,W2755313643,last
A5003834212,W2755323610,first
A5062960948,W2755323610,middle
A5029872406,W2755323610,last
A5035448571,W2755434853,first
A5090972316,W2755434853,middle
A5025538755,W2755434853,last
A5018945110,W2755496175,first
A5007155759,W2755667476,last
A5068433087,W2756221165,first
A5082056661,W2756433469,first
A5019005247,W2756591276,first
A5007819083,W2756591276,last
A5007649727,W2756789200,first
A5090201647,W2756789200,middle
A5051400056,W2756789200,last
A5091117334,W2757108405,middle
A5086015490,W2757367119,first
A5064292854,W2757367119,last
A5070896564,W2757448913,first
A5070517688,W2757448913,middle
A5080175404,W2757448913,last
A5049270435,W2757543378,first
A5032216892,W2757631993,first
A5039809923,W2758149784,first
A5073934226,W2758149784,middle
A5041787430,W2758149784,last
A5074482552,W2758284707,first
A5018699239,W2758298836,first
A5012169751,W2760212187,first
A5014831786,W2760235363,first
A5088693326,W2760905972,first
A5013681236,W2760905972,middle
A5076159468,W2760905972,last
A5072183149,W2761548976,first
A5088914875,W2761816090,first
A5064358006,W2761816090,last
A5060879844,W2761844299,first
A5049560556,W2761916550,first
A5046340343,W2761916550,last
A5072168381,W2762275919,middle
A5062043545,W2762763911,first
A5077306511,W2763248858,first
A5063962763,W2763366054,first
A5079645051,W2763602474,first
A5020923231,W2763603038,first
A5032489922,W2763702814,first
A5040622401,W2763702814,middle
A5020526736,W2763702814,middle
A5031365886,W2763902421,first
A5029165669,W2764133167,last
A5077352742,W2765146867,first
A5036678691,W2765146867,middle
A5074680502,W2765146867,last
A5014391077,W2765158413,first
A5072931958,W2765181773,first
A5073521235,W2765470019,first
A5072593818,W2765558506,first
A5020716169,W2765558506,last
A5080614574,W2765636699,last
A5019857217,W2765664583,first
A5028726027,W2765664583,last
A5006999811,W2765689042,first
A5074890487,W2765689042,last
A5061980795,W2765704858,last
A5056235349,W2765752798,first
A5005977026,W2765805006,first
A5033862904,W2765805006,last
A5032638290,W2765834695,middle
A5030854263,W2765834695,middle
A5054836293,W2765834695,middle
A5004191382,W2765834695,middle
A5091082258,W2765859108,first
A5065058581,W2765919033,first
A5038150463,W2765919033,last
A5044151213,W2765931891,first
A5077266703,W2766056031,first
A5040667066,W2766062905,first
A5034279848,W2766070921,first
A5027185862,W2766071166,first
A5078357499,W2766151015,first
A5028261729,W2766151015,last
A5036917415,W2766410551,first
A5009310227,W2766426869,first
A5057354307,W2766435352,first
A5017055836,W2766445873,first
A5033519431,W2766457766,middle
A5060965677,W2766457766,middle
A5042365913,W2766707392,first
A5066168365,W2766734026,first
A5001512244,W2766763760,first
A5081924035,W2766776337,first
A5075673393,W2766794313,first
A5058909329,W2766794313,last
A5021742266,W2766806229,first
A5012155992,W2766830627,first
A5019489166,W2766830627,middle
A5013061967,W2766830627,last
A5073947849,W2767068315,first
A5052039290,W2767068315,middle
A5072661451,W2767171233,first
A5049634965,W2767171233,last
A5024678101,W2767185481,first
A5028225122,W2767185481,middle
A5068626745,W2767185481,last
A5014929219,W2767200584,first
A5054728854,W2767234672,last
A5031008414,W2767424831,first
A5019587718,W2767681540,first
A5059345601,W2767894334,first
A5037218542,W2767895704,middle
A5046213293,W2767895704,middle
A5002481111,W2767895704,middle
A5083290646,W2767969155,first
A5012645966,W2768008646,first
A5089174118,W2768032288,last
A5082645155,W2768074163,first
A5064464229,W2768082104,last
A5081571500,W2768226532,first
A5018337455,W2768234130,first
A5069350670,W2768234130,middle
A5048900174,W2768234130,middle
A5075378946,W2768234130,middle
A5084929280,W2768234130,middle
A5074399275,W2768234130,middle
A5052531402,W2768234130,last
A5025714177,W2768406634,last
A5010812363,W2768500422,first
A5088348597,W2768507946,first
A5002394922,W2768507946,middle
A5071922620,W2768507946,last
A5035432458,W2768604891,first
A5047490760,W2768604891,middle
A5007624655,W2768604891,last
A5066114237,W2768738210,first
A5042336798,W2768738210,middle
A5081732082,W2768819956,first
A5052583897,W2768887930,first
A5005863795,W2768887930,middle
A5049942833,W2768887930,middle
A5017345211,W2768887930,last
A5042513830,W2768968772,first
A5060507358,W2768968772,last
A5073582982,W2769011439,middle
A5091198089,W2769015647,last
A5048177463,W2769236902,last
A5043876428,W2769471856,first
A5017455282,W2769582522,first
A5050592692,W2769871937,first
A5005258575,W2769871937,middle
A5013190044,W2769871937,middle
A5089323270,W2769871937,last
A5091251187,W2770106061,first
A5003777693,W2770106061,middle
A5044898565,W2770106061,middle
A5090934117,W2770106061,last
A5043490720,W2770201178,first
A5021520315,W2770368055,first
A5022459394,W2770368055,middle
A5089261752,W2770406292,middle
A5027217125,W2770643430,first
A5067053308,W2770643430,middle
A5020998406,W2770643430,last
A5000321679,W2770728086,first
A5043162288,W2770818505,middle
A5041181114,W2770818505,last
A5047963768,W2770829700,first
A5036169193,W2770897040,middle
A5026564599,W2771038609,middle
A5003606386,W2771038609,last
A5057616113,W2771074444,first
A5067431828,W2771151303,first
A5074377757,W2771195781,first
A5057360317,W2771227056,first
A5090926128,W2771354302,first
A5091911425,W2771354302,last
A5016962434,W2771524308,first
A5031858813,W2771524308,last
A5034653965,W2771576611,first
A5066492547,W2771576611,last
A5086689025,W2771670871,first
A5010569308,W2771692452,first
A5022293638,W2771692452,middle
A5017514239,W2771692452,last
A5016063219,W2771693697,first
A5007553818,W2771908860,first
A5061080333,W2772043455,last
A5059062832,W2772084052,middle
A5009336913,W2772106840,first
A5058906945,W2772403552,first
A5086076156,W2772403552,last
A5084587767,W2772616267,first
A5008327509,W2772684453,first
A5015466454,W2772764602,first
A5024851258,W2772781924,first
A5033632230,W2773041154,last
A5084949004,W2773127651,first
A5089392019,W2773397903,first
A5022575679,W2773397903,middle
A5047343832,W2773397903,middle
A5080555902,W2773397903,middle
A5056216160,W2773397903,middle
A5063213285,W2773397903,last
A5014059775,W2773407049,first
A5042087981,W2773449358,first
A5020125401,W2773502960,first
A5007863184,W2773661417,first
A5061849730,W2773661417,middle
A5021624245,W2773661417,last
A5086780943,W2773771882,last
A5031686577,W2773827283,first
A5078874607,W2773945775,first
A5072386357,W2774100656,middle
A5083742762,W2774100656,last
A5032085154,W2774151880,first
A5073068592,W2774272247,first
A5036129699,W2774272247,middle
A5065561102,W2774272247,last
A5058637310,W2774395707,first
A5051797124,W2774449657,first
A5038997380,W2774449657,last
A5072064924,W2774569728,first
A5030626126,W2774569728,last
A5047910520,W2774622847,first
A5076070516,W2774622847,middle
A5065953146,W2774622847,last
A5073930300,W2775072199,first
A5042458024,W2775072199,last
A5015445645,W2775649824,first
A5078158041,W2775649824,middle
A5053268108,W2775649824,middle
A5082866795,W2775649824,middle
A5042053401,W2775649824,last
A5082246965,W2775877543,first
A5058176800,W2776061541,first
A5035285816,W2776180736,first
A5038716285,W2776472178,first
A5071456183,W2776711463,first
A5043324195,W2776711463,middle
A5040115368,W2776711463,last
A5046590841,W2776958259,first
A5043100261,W2777036275,first
A5031028667,W2777118869,first
A5015307449,W2777149066,first
A5058730966,W2777149066,last
A5056851929,W2777269401,first
A5003453498,W2777472306,first
A5020352214,W2777517983,first
A5003058253,W2777517983,middle
A5022489715,W2777517983,last
A5010033050,W2777824769,first
A5087086287,W2777828225,first
A5033077581,W2777828225,middle
A5057601237,W2777828225,middle
A5009991953,W2777828225,last
A5037107679,W2778076782,last
A5047895060,W2778269053,first
A5029446357,W2778353077,first
A5017549260,W2778353693,middle
A5006862051,W2778355267,first
A5042015768,W2778704465,first
A5028248862,W2778782564,last
A5047631076,W2778970371,middle
A5026168458,W2778970371,last
A5010231657,W2779064104,first
A5025922639,W2779099883,middle
A5082398934,W2779142946,last
A5066817117,W2779455079,first
A5010729082,W2779529919,first
A5045127387,W2779529919,last
A5026799422,W2779547046,first
A5027589604,W2779830956,first
A5082650907,W2779867267,first
A5063083891,W2779909901,first
A5059049091,W2780235739,first
A5081495111,W2780354299,first
A5031377942,W2781107128,first
A5028770592,W2781135232,first
A5013569866,W2781395878,first
A5013569866,W2781395878,last
A5002158379,W2781539723,first
A5078519359,W2781586489,first
A5020344044,W2781642866,first
A5045629392,W2781644442,first
A5048412708,W2781716378,first
A5013744245,W2781716378,middle
A5008993223,W2781716378,last
A5066322723,W2781759298,first
A5054518777,W2781795160,first
A5030381193,W2781798991,first
A5042513693,W2781810625,middle
A5004959666,W2781810625,last
A5089831978,W2781835069,first
A5090819329,W2781896739,first
A5014945719,W2781896739,middle
A5045219123,W2781896739,last
A5061111021,W2781922111,last
A5019943967,W2782088318,first
A5042535785,W2782089660,first
A5081112548,W2782089660,last
A5012417366,W2782119014,first
A5007290998,W2782236214,first
A5023730036,W2782271644,first
A5066392573,W2782283986,first
A5073452579,W2782305816,first
A5012910896,W2782365256,first
A5090577104,W2782407710,first
A5089953729,W2782427021,first
A5091012063,W2782443427,first
A5020998406,W2782443427,last
A5033024496,W2782498389,last
A5007635720,W2782640276,first
A5006872667,W2782640276,middle
A5008983457,W2782640276,middle
A5005050797,W2782640276,middle
A5035126139,W2782640276,middle
A5031651630,W2782640276,last
A5080364093,W2782739616,first
A5074128649,W2782739616,last
A5076636837,W2782851365,first
A5000361773,W2782851365,middle
A5074784549,W2783020499,first
A5063787098,W2783300016,first
A5026469779,W2783300016,last
A5091106111,W2783332857,middle
A5068554121,W2783401078,first
A5028889705,W2783511737,first
A5068585414,W2783511737,last
A5007741481,W2783532022,first
A5043023185,W2783556448,first
A5053986996,W2783556448,middle
A5068783500,W2783556448,middle
A5011511343,W2783556448,middle
A5042845317,W2783556448,last
A5043802309,W2783596197,first
A5029130731,W2783596197,last
A5045610623,W2783664931,first
A5070891331,W2783705847,first
A5045576849,W2783760939,first
A5069626990,W2783760939,last
A5089086038,W2783766385,first
A5022463037,W2783766385,last
A5033548299,W2783810369,last
A5070109933,W2783817303,middle
A5026102359,W2783947392,first
A5024664490,W2783993284,first
A5041806215,W2783993284,middle
A5063004123,W2783993284,middle
A5090445142,W2783993284,middle
A5045849481,W2783993284,middle
A5038808041,W2784032977,first
A5052578002,W2784148013,first
A5090251560,W2784148013,last
A5048866968,W2784206530,first
A5088547412,W2784252732,last
A5012891874,W2784261434,first
A5075061968,W2784281418,first
A5061372850,W2784281676,first
A5089010974,W2784286836,first
A5074873141,W2784510612,first
A5063495620,W2784581553,first
A5011892251,W2784581553,middle
A5072323755,W2784581553,middle
A5037041374,W2784581553,last
A5026649428,W2784583462,middle
A5030696756,W2784725679,first
A5077703323,W2784725679,middle
A5062502350,W2784756278,first
A5027746500,W2784808438,first
A5091339345,W2784808464,first
A5056078268,W2784808464,last
A5028942524,W2784809700,first
A5063677424,W2784831959,first
A5001415127,W2784831959,last
A5090958637,W2784842942,last
A5048786625,W2784843249,first
A5046566798,W2784843249,last
A5048793433,W2784929458,first
A5007423481,W2785141847,first
A5080761154,W2785201268,last
A5085025362,W2785226482,first
A5035300094,W2785226482,last
A5007172213,W2785278426,first
A5030688008,W2785278426,middle
A5033792847,W2785278426,last
A5060967142,W2785426010,first
A5091637409,W2785426010,middle
A5024670588,W2785426010,last
A5034632346,W2785574949,first
A5007178649,W2785574949,middle
A5078718861,W2785574949,middle
A5045432421,W2785574949,middle
A5061427447,W2785574949,middle
A5085123587,W2785574949,middle
A5066363875,W2785574949,middle
A5034725807,W2785574949,middle
A5021909605,W2785574949,middle
A5081824706,W2785574949,middle
A5070342576,W2785812464,last
A5045402204,W2785820043,last
A5065381091,W2786207542,first
A5007230727,W2786207542,last
A5074339505,W2786972002,middle
A5072331470,W2786972002,middle
A5037660521,W2786972002,last
A5020382610,W2787073508,first
A5063217975,W2787073508,last
A5089562801,W2787498839,first
A5075986583,W2787498839,middle
A5016015314,W2787498839,middle
A5070711650,W2787498839,last
A5067420832,W2787804199,first
A5059226259,W2787804199,middle
A5018638405,W2787804199,middle
A5016249965,W2787904004,first
A5030443068,W2788141040,first
A5058810903,W2788141040,last
A5089308804,W2788236418,first
A5009177972,W2788236418,middle
A5009572325,W2788236418,middle
A5007144110,W2788236418,middle
A5041358150,W2788236418,middle
A5070968233,W2788369326,last
A5033336768,W2788507684,first
A5007181669,W2788585587,first
A5085236507,W2788656456,first
A5085024272,W2788966541,first
A5015388163,W2789015555,first
A5013949284,W2789170840,first
A5076790432,W2789192547,last
A5089267565,W2789214673,first
A5080190305,W2789543897,first
A5043023185,W2789705763,first
A5053986996,W2789705763,middle
A5068783500,W2789705763,middle
A5011511343,W2789705763,middle
A5042845317,W2789705763,last
A5042128737,W2790002279,first
A5073553544,W2790005098,first
A5017450486,W2790005098,middle
A5003251439,W2790005098,middle
A5014052117,W2790005098,middle
A5012828752,W2790005098,last
A5028918532,W2790140856,first
A5040713646,W2790140856,middle
A5027889801,W2790140856,last
A5067643274,W2790219624,first
A5006956273,W2790361596,first
A5041317854,W2790373664,first
A5065808450,W2790618335,first
A5081396327,W2790618335,middle
A5082967036,W2790618335,last
A5090387188,W2790636185,first
A5026289445,W2790671844,last
A5025889510,W2790884078,middle
A5084600163,W2790888319,first
A5081188266,W2790888319,last
A5043411793,W2791015061,first
A5077042612,W2791255071,middle
A5061427447,W2791293515,last
A5065852633,W2791639801,first
A5011799118,W2791639801,middle
A5079131461,W2791945607,last
A5019620858,W2792175198,first
A5040895920,W2792175198,middle
A5083232890,W2792175198,last
A5017817794,W2792339592,first
A5061163795,W2792339592,last
A5016763720,W2792456987,first
A5004420214,W2792512887,first
A5033121605,W2792619291,first
A5041778182,W2792690093,first
A5080179366,W2792908387,first
A5072444120,W2792934543,first
A5072449224,W2792934543,last
A5042618752,W2793218302,first
A5083104345,W2793218302,middle
A5086010541,W2793218302,last
A5029926920,W2793526029,first
A5055202815,W2793684529,first
A5006019252,W2793935897,first
A5013554259,W2793951422,first
A5053690115,W2794145141,first
A5013185741,W2794145141,last
A5057358562,W2794343771,first
A5033862904,W2794343771,last
A5057118289,W2794518945,first
A5061547818,W2794787303,middle
A5013717712,W2794837428,first
A5090785601,W2794976429,first
A5050959554,W2794976429,last
A5002358587,W2794978222,middle
A5013315393,W2794978222,middle
A5005320725,W2795042142,last
A5034188830,W2795100468,first
A5082838661,W2795221453,first
A5001310791,W2795825580,first
A5013645161,W2796099086,first
A5060463877,W2796226133,first
A5079796160,W2796258907,first
A5063882377,W2796747559,first
A5036036960,W2797183602,last
A5044937539,W2797349577,middle
A5053930393,W2797784034,first
A5041557301,W2797825173,middle
A5061718886,W2798176859,first
A5043488271,W2798562088,first
A5008776651,W2798568428,first
A5057450523,W2798826978,first
A5076635345,W2799083252,last
A5000083284,W2799088317,first
A5017829224,W2799291816,first
A5063231707,W2799291816,middle
A5061997811,W2799291816,last
A5037103656,W2799462208,first
A5076833936,W2799462208,last
A5010316534,W2799781330,first
A5029963881,W2799781330,last
A5016121500,W2799962708,first
A5012966309,W2799962708,last
A5060081510,W2800619438,first
A5074472959,W2800778696,first
A5006402469,W2801108839,first
A5067603422,W2802234451,first
A5038405953,W2802234451,last
A5042020981,W2802409053,first
A5076984320,W2802577442,first
A5065486002,W2802868177,first
A5057528939,W2802868177,middle
A5078971223,W2802868177,last
A5039834507,W2803044376,first
A5081518813,W2803338548,first
A5015503239,W2803419190,first
A5020439324,W2803419190,middle
A5029499569,W2803419190,last
A5031458587,W2803531710,first
A5035159790,W2803531710,middle
A5040412830,W2803531710,last
A5000670693,W2803601470,first
A5063567670,W2803705686,first
A5084183047,W2803729054,first
A5000325778,W2803740352,first
A5034597512,W2803740352,last
A5086290308,W2803746575,first
A5068003343,W2803848669,first
A5047666513,W2803912110,first
A5024402158,W2803948535,first
A5084407366,W2803948535,middle
A5033230551,W2803948535,last
A5001321378,W2803996733,first
A5063621558,W2804129240,first
A5042195176,W2804167129,first
A5086634575,W2804295376,first
A5065416217,W2804440255,first
A5083706403,W2804440255,middle
A5091230568,W2804440255,last
A5040281699,W2804508906,first
A5027627859,W2804513318,first
A5015986887,W2804748686,first
A5038054757,W2804868066,first
A5007761501,W2804875594,first
A5087113710,W2805090355,first
A5065953146,W2805300178,first
A5076070516,W2805300178,middle
A5047910520,W2805300178,last
A5007280723,W2805330036,first
A5021464316,W2805420506,first
A5079028722,W2805420506,last
A5007357054,W2806166068,first
A5041060923,W2806329690,first
A5088904769,W2806728959,first
A5033581091,W2806834304,first
A5037786810,W2806969901,first
A5044078921,W2806969901,last
A5037299085,W2807070538,first
A5023284500,W2807139685,first
A5075917794,W2807365141,first
A5014463233,W2807656687,first
A5050475998,W2807847756,first
A5089111249,W2807847756,middle
A5089608785,W2807847756,last
A5063546351,W2808078789,first
A5017018298,W2808439465,first
A5059875052,W2808520604,first
A5070137282,W2808581758,last
A5054557959,W2808641106,first
A5057619415,W2808716322,first
A5003601272,W2809119654,first
A5084179995,W2809119654,middle
A5082863845,W2809119654,middle
A5077783446,W2809119654,middle
A5012803515,W2809119654,last
A5041522914,W2809295121,first
A5011225412,W2809390915,first
A5038471812,W2809440114,first
A5043126234,W2809440114,last
A5035361272,W2809546182,first
A5074919383,W2809665007,first
A5037112834,W2809889426,first
A5062162502,W2809889426,last
A5091756907,W2810037108,first
A5036423849,W2810037108,middle
A5020518108,W2810037108,last
A5070997190,W2810163961,first
A5070291698,W2810163961,middle
A5050928584,W2810163961,last
A5077008964,W2810314669,first
A5068262959,W2810571019,first
A5030688299,W2810571019,last
A5064697794,W2810814488,first
A5027586400,W2810999611,last
A5056407075,W2811083851,first
A5021756821,W2811456927,first
A5086971582,W2811456927,last
A5044081052,W2812383470,first
A5045963867,W2816346372,first
A5036242448,W2819611244,first
A5049807156,W2825088013,first
A5089761383,W2826828772,first
A5041484464,W2827590495,first
A5071170354,W2835084448,first
A5076215989,W2835084448,last
A5033166994,W285686981,first
A5050227787,W2857890605,first
A5075541177,W2857890605,last
A5037183336,W2860008456,first
A5081311646,W2866906463,last
A5028975820,W2883126279,last
A5001432791,W2883316838,first
A5038548854,W2883331483,first
A5026122018,W2883395043,first
A5057686572,W2883446091,first
A5062286850,W2883478411,first
A5048552476,W2883769672,first
A5005156208,W2883829088,first
A5086971582,W2883928040,first
A5021756821,W2883928040,last
A5021756821,W2884105766,first
A5086971582,W2884105766,last
A5029924931,W2884510899,first
A5020496497,W2884527129,first
A5067635306,W2884594123,first
A5000383228,W2884690613,first
A5003050683,W2884710741,first
A5082828601,W2884903586,last
A5052417259,W2884926661,middle
A5037988724,W2884978737,first
A5089197093,W2885069741,first
A5022327902,W2885079654,first
A5008127339,W2885106870,first
A5023542920,W2885287202,first
A5017450592,W2885296248,first
A5005883623,W2885356279,middle
A5013882751,W2885356279,last
A5023607292,W2885653234,first
A5056984387,W2885741334,first
A5042956303,W2885776492,first
A5034287988,W2885856299,first
A5013515650,W2885856299,last
A5086260563,W2885863159,first
A5072521808,W2885959662,first
A5076461552,W2885996960,first
A5038687235,W2885996960,last
A5036308035,W2886035943,first
A5039004806,W2886102073,first
A5082458300,W2886102073,last
A5016190305,W2886154073,first
A5027217125,W2886413053,first
A5067053308,W2886413053,middle
A5020998406,W2886413053,last
A5082324659,W2886445234,first
A5069530325,W2886445234,last
A5042419686,W2886684018,last
A5006240642,W2886773905,first
A5027830674,W2886773905,middle
A5036304439,W2886773905,last
A5054957834,W2886818671,last
A5083094197,W2886839565,first
A5036440989,W2887025439,first
A5074320154,W2887178319,first
A5091341657,W2887466437,first
A5075960318,W2887614625,middle
A5022915755,W2887781185,last
A5051493118,W2887850559,first
A5024583980,W2887850559,middle
A5040141816,W2887874269,first
A5021756821,W2888024191,first
A5086971582,W2888024191,last
A5065562802,W2888192502,last
A5057130205,W2888366184,first
A5017138384,W2888366184,middle
A5032423773,W2888366184,last
A5048351351,W2888508259,first
A5089594081,W2888762382,first
A5082477337,W2888835977,first
A5065963254,W2888853515,first
A5080019796,W2888853515,last
A5050054411,W2888855210,first
A5008526435,W2888908629,first
A5065161610,W2888925022,first
A5082333026,W2888991959,first
A5033859037,W2889000890,first
A5077146178,W2889019424,last
A5036711782,W2889077304,first
A5053055736,W2889077304,last
A5075852414,W2889108452,first
A5051671885,W2889201462,first
A5011601279,W2889207321,middle
A5010128796,W2889207321,middle
A5027779191,W2889207321,last
A5039741050,W2889308714,first
A5024732598,W2889379923,first
A5055712687,W2889379923,middle
A5015002050,W2889379923,last
A5051571996,W2889400600,first
A5084681821,W2889473631,first
A5016419576,W2889488510,first
A5089255134,W2889505409,first
A5075380262,W2889505409,last
A5028436766,W2889557284,first
A5007380083,W2889575349,first
A5031962914,W2889665011,first
A5063753968,W2889841024,first
A5047270698,W2889841024,last
A5034821490,W2889949898,middle
A5012485420,W2889978719,last
A5023003974,W2890150189,first
A5056108735,W2890203120,first
A5071851669,W2890414449,first
A5079861542,W2890490933,first
A5031080409,W2890490933,middle
A5085369152,W2890498646,last
A5012840554,W2890591932,first
A5014154580,W2890680638,first
A5002408359,W2890773718,first
A5016806192,W2890867560,first
A5034385170,W2891031957,first
A5040087489,W2891529626,first
A5039086753,W2891608654,first
A5026593556,W2891755300,first
A5065131221,W2892018299,first
A5043488271,W2892227336,first
A5076570969,W2892258005,first
A5035264820,W2892258005,last
A5050985764,W2892264824,first
A5003360050,W2892321428,first
A5015509762,W2892331022,first
A5065852947,W2892338115,first
A5051531853,W2892588199,first
A5078912757,W2892955970,last
A5078636319,W2893862584,first
A5073572564,W2893986933,first
A5021882286,W2893986933,middle
A5062876837,W2894017272,first
A5091863269,W2894432928,first
A5089838275,W2894432928,middle
A5043162288,W2894432928,last
A5039268422,W2894751658,first
A5029957544,W2895225950,first
A5065151673,W2895283308,first
A5033825961,W2895482640,middle
A5053972047,W2895482640,last
A5021586454,W2895510598,first
A5091753072,W2895608161,first
A5034095096,W2895711838,first
A5036917415,W2895797719,first
A5058362562,W2895797769,first
A5060825460,W2895901009,first
A5005605270,W2896037461,last
A5066098278,W2896187415,first
A5088133670,W2896286119,first
A5068985335,W2896334181,first
A5036187563,W2896334181,last
A5055794877,W2896490258,first
A5046260517,W2896490258,last
A5049313568,W2896955366,first
A5003653682,W2897020541,first
A5009892717,W2897148341,middle
A5008284628,W2897223584,first
A5064867241,W2897223584,last
A5077867513,W2897419366,first
A5083786076,W2897419366,last
A5009177565,W2897587208,last
A5052872229,W2897636622,first
A5046529790,W2897636622,last
A5062043545,W2897761361,first
A5045129894,W2899273313,middle
A5054038504,W2899273313,last
A5046829156,W2899418681,first
A5046298752,W2899435807,last
A5007272774,W2899497882,first
A5009965786,W2899598255,middle
A5006634714,W2899598255,middle
A5062360079,W2899598255,middle
A5050129780,W2899598255,last
A5000103002,W2899830006,first
A5073074739,W2899968525,first
A5020002602,W2900666211,first
A5026307797,W2900666211,middle
A5027211124,W2900760924,first
A5064725681,W2900760924,last
A5033275679,W2900810798,first
A5070067030,W2900810798,last
A5022137187,W2900826205,first
A5054051440,W2900826205,last
A5068476782,W2901074655,first
A5081225515,W2901170650,first
A5073371465,W2901472184,first
A5037383955,W2901526370,last
A5008741273,W2901627865,first
A5026341503,W2901886949,first
A5062194044,W2902036909,first
A5079069598,W2902036909,last
A5046163675,W2902655869,first
A5014984299,W2902655869,last
A5016435875,W2902854794,first
A5011525973,W2903532503,last
A5028077288,W2903698937,first
A5009043386,W2903698937,middle
A5041170815,W2903698937,middle
A5031161187,W2903698937,last
A5005873873,W2903715280,first
A5003274850,W2903885125,first
A5000893617,W2904013979,first
A5041853964,W2904013979,middle
A5074554647,W2904013979,middle
A5028565685,W2904013979,last
A5030936339,W2904018421,first
A5022463458,W2904018421,last
A5010415325,W2904190672,first
A5002559117,W2904201556,first
A5043702904,W2904201556,middle
A5009043386,W2904201556,last
A5031243326,W2904500492,first
A5021106880,W2904627510,last
A5052964255,W2904887031,first
A5012040294,W2904887031,middle
A5079993367,W2904887031,last
A5086345530,W2904978788,first
A5014374227,W2905045892,first
A5003728153,W2905045892,last
A5014030663,W2905257951,first
A5050926336,W2905517290,first
A5001912287,W2906090649,first
A5076070516,W2906090649,middle
A5065953146,W2906090649,last
A5038638156,W2906752225,first
A5023291208,W2906755749,first
A5004620577,W2906912551,last
A5068200950,W2906956726,first
A5016099174,W2906956726,middle
A5048630082,W2906956726,last
A5083385244,W2907074374,first
A5061323303,W2907369700,last
A5023730581,W2908081579,first
A5048401744,W2908081579,last
A5078531863,W2908330317,first
A5013145254,W2908818410,first
A5061775910,W2908818410,last
A5025444897,W2909033128,first
A5015352504,W2909161072,first
A5066546939,W2909161072,middle
A5044784002,W2909161072,middle
A5016185241,W2909161072,last
A5085588878,W2909163090,first
A5079967713,W2909375115,first
A5010614159,W2909377522,first
A5089226244,W2910067091,first
A5040682932,W2910067091,last
A5002537427,W2910104323,first
A5005375076,W2910104323,last
A5030677016,W2910355985,first
A5001773408,W2910790019,first
A5079967713,W2911390341,first
A5061111021,W2911390341,last
A5090988827,W2911473392,first
A5065315909,W2911473392,last
A5051478037,W2911859798,last
A5065174335,W2911862437,first
A5052325109,W2911924446,first
A5068085751,W2911924446,middle
A5050342343,W2911924446,last
A5020482984,W2912001195,first
A5034243845,W2912045249,first
A5048619902,W2912105256,last
A5053289080,W2912280768,last
A5022712723,W2912478959,first
A5035681709,W2912559837,first
A5042707125,W2912577244,first
A5060849589,W2912577244,last
A5027146880,W2912909476,first
A5050117897,W2912925698,first
A5067247596,W2913523522,last
A5064587022,W2913840498,first
A5070350061,W2913900728,first
A5023897775,W2914004928,first
A5091222441,W2914004928,last
A5008710199,W2914105590,first
A5017826524,W2914105590,middle
A5053989922,W2914105590,middle
A5011522776,W2914105590,last
A5035206323,W2914472786,first
A5011939964,W2914487304,first
A5087200438,W2914487304,last
A5075087505,W2914579330,middle
A5076071975,W2914579330,last
A5029881706,W2915056844,first
A5069146844,W2915315236,first
A5023458444,W2915315236,middle
A5010351436,W2915315236,last
A5018337455,W2915574739,first
A5069350670,W2915574739,middle
A5048900174,W2915574739,middle
A5075378946,W2915574739,middle
A5084929280,W2915574739,middle
A5074399275,W2915574739,middle
A5052531402,W2915574739,last
A5073411773,W2915730727,first
A5059751718,W2915804539,first
A5084125289,W2915814216,first
A5009270487,W2915898023,first
A5039580125,W2916175109,middle
A5020495328,W2916175109,middle
A5076025090,W2916232091,first
A5005239114,W2916232091,last
A5039266794,W2916315777,middle
A5047431342,W2916315777,middle
A5021630870,W2916315777,middle
A5046981557,W2916315777,middle
A5008138860,W2916315777,last
A5011087889,W2916473666,first
A5068961635,W2916473666,last
A5066392573,W2916836672,first
A5013306341,W2916883652,first
A5042593029,W2916952233,first
A5007654733,W2916952233,last
A5011307478,W2917086847,last
A5014385735,W2917283206,first
A5077400159,W2917288805,first
A5069921753,W2917851778,first
A5024353506,W2917908196,first
A5023658225,W2917908196,middle
A5029509412,W2917908196,middle
A5069964451,W2917908196,last
A5041317854,W2918223840,first
A5037217126,W2919457985,first
A5048302669,W2919767810,middle
A5091335565,W2919767810,middle
A5082046316,W2919767810,middle
A5027619089,W2919767810,middle
A5051885442,W2919767810,last
A5047698688,W2920994962,first
A5087190311,W2921605289,first
A5083351881,W2921605289,middle
A5065452451,W2921605289,last
A5018710944,W2921751721,first
A5033849275,W2921751721,last
A5069382698,W2922057674,first
A5079066886,W2922278132,first
A5023859439,W2922278132,last
A5030993729,W2922381660,first
A5020901104,W2922835251,first
A5073301407,W2923993019,first
A5082535573,W2924415891,first
A5055364864,W2924415891,middle
A5087350663,W2924415891,middle
A5023160093,W2924415891,middle
A5033486668,W2924415891,middle
A5066791819,W2924415891,last
A5029886298,W2924896393,first
A5071177280,W2924896393,last
A5011009172,W2925908497,first
A5086264494,W2928416130,first
A5032706723,W2930577255,first
A5015635029,W2931188514,middle
A5058438645,W2935038745,middle
A5024231600,W2936001312,first
A5077383607,W2936881457,first
A5060672826,W2936881457,middle
A5053781080,W2936881457,middle
A5060848831,W2936881457,middle
A5070226579,W2936881457,last
A5057005457,W2936962918,first
A5028845905,W2937490150,first
A5035483302,W2938253089,first
A5038551516,W2938641877,first
A5069794621,W2938641877,last
A5060263977,W2939401370,middle
A5082928400,W2939413991,last
A5047528114,W2942323245,first
A5069476728,W2942411768,first
A5036351248,W2942411768,last
A5082021344,W2942456643,first
A5034343453,W2942456643,last
A5025751830,W2943159199,first
A5044754556,W2943320920,last
A5081566791,W2943831623,first
A5089792049,W2944868673,first
A5046087654,W2946131944,first
A5035590008,W2946390222,middle
A5077231004,W2946641223,first
A5011466629,W2946958320,first
A5075095908,W2947629070,first
A5038703040,W2947675647,first
A5001847261,W2947693657,first
A5049248505,W2948225669,first
A5049987215,W2948303850,last
A5015194249,W2948417075,first
A5049089277,W2948417075,middle
A5012700237,W2948417075,last
A5078760410,W2949007598,first
A5042819179,W2949276015,first
A5028902486,W2949276015,middle
A5048764219,W2949276015,last
A5044787122,W2949588922,first
A5022709376,W2949618194,last
A5049007942,W2949644900,first
A5045217102,W2950165868,first
A5076229848,W2950709626,first
A5083199991,W2950709626,middle
A5064912243,W2950709626,middle
A5015822694,W2950709626,last
A5041317854,W2951069395,first
A5083876849,W2951498227,first
A5025369451,W2951971115,first
A5057209396,W2952054409,first
A5090942522,W2952194725,first
A5016622553,W2952194725,middle
A5070897176,W2952194725,middle
A5037095518,W2952194725,middle
A5037797188,W2952194725,last
A5086126814,W2952234759,last
A5090192918,W2952735556,first
A5061009525,W2953256621,first
A5003068669,W2953256621,last
A5055551485,W2953411801,first
A5080909388,W2953502284,first
A5089809712,W2953678684,last
A5036614045,W2953886315,first
A5066895269,W2954298229,last
A5040340561,W2954700531,first
A5046285835,W2954700531,last
A5051953313,W2954828876,first
A5078948324,W2954828876,last
A5014017290,W2954901134,first
A5022769773,W2954901134,last
A5044910076,W2955793692,first
A5033444103,W2955946078,first
A5020720579,W2959283619,middle
A5041247703,W2959283619,middle
A5077526337,W2959283619,middle
A5016571952,W2959941594,first
A5035590008,W2960586635,middle
A5045489036,W2962678625,first
A5047944641,W2962923918,first
A5059905694,W2962923918,last
A5062753174,W2962933145,middle
A5084386176,W2962933145,last
A5056055964,W2963193043,first
A5074116341,W2963193043,last
A5089479454,W2963379944,first
A5034888306,W2963379944,last
A5052852073,W2963667334,first
A5012397554,W2963744113,first
A5065953146,W2963786570,first
A5076070516,W2963786570,middle
A5056914080,W2963817465,first
A5003384367,W2963827247,first
A5011845909,W2963874020,first
A5021179023,W2963923211,first
A5059344370,W2963969381,first
A5025681725,W2964095543,first
A5055404904,W2964095543,last
A5036137159,W2964149220,first
A5037855761,W2964182814,middle
A5004131861,W2964182814,last
A5004038472,W2964187433,first
A5017062954,W2964187433,last
A5089266330,W2964243976,first
A5089379470,W2964333455,first
A5078550692,W2964333455,middle
A5017108936,W2964333455,last
A5017951302,W2964486549,first
A5024888914,W2964486549,middle
A5082448270,W2965271120,first
A5022727512,W2965271120,last
A5009055464,W2965544947,first
A5091244241,W2966080371,last
A5016153507,W2966528556,first
A5030631701,W2966528556,last
A5081516210,W2966630615,first
A5001543077,W2967084358,first
A5062906790,W2967594489,first
A5072857797,W2967594489,last
A5021567608,W2968202198,first
A5061808800,W2968876551,first
A5050928452,W2969207609,first
A5072524799,W2969449023,first
A5011085987,W2969653103,first
A5043018346,W2970031748,first
A5013793625,W2970091758,first
A5010237299,W2970348704,first
A5079031467,W2970443548,first
A5050817123,W2970477563,first
A5078831430,W2970559668,first
A5029484051,W2970618491,first
A5020593424,W2970650212,first
A5007446819,W2970665539,first
A5064682819,W2970821835,first
A5015986655,W2970834875,first
A5020783034,W2970838462,first
A5041523537,W2970859347,first
A5011658323,W2970913333,first
A5038596700,W2970928617,first
A5062554737,W2970928617,middle
A5084358904,W2970962700,first
A5084330610,W2971011908,first
A5013311909,W2971032302,first
A5036559657,W2971037994,first
A5089117316,W2971037994,middle
A5070452133,W2971037994,last
A5011069086,W2971043592,first
A5083745534,W2971090308,first
A5069795326,W2971102279,first
A5089840310,W2971181852,first
A5081595057,W2971184574,first
A5027008997,W2971276936,first
A5007566435,W2971276936,middle
A5070215581,W2971327910,first
A5028338674,W2971341246,first
A5043266861,W2971341246,last
A5053903265,W2971366929,first
A5072036204,W2971756211,first
A5088704743,W2971756211,middle
A5012641249,W2971756211,last
A5021308358,W2972131760,first
A5046553755,W2972358258,first
A5062492556,W2972504464,first
A5080215683,W2972587795,first
A5020886879,W2972627589,first
A5012520419,W2972658541,middle
A5002534605,W2973271059,first
A5012685850,W2973442750,first
A5024813912,W2973657948,first
A5045826943,W2973657948,last
A5015034518,W2974652024,first
A5028974526,W2974676280,first
A5091649643,W2974888065,first
A5022787031,W2975800538,first
A5068652542,W2976112849,first
A5007777185,W2976482588,first
A5003648392,W2977359163,first
A5052662161,W2977396514,first
A5061699360,W2978209780,first
A5014365421,W2979389470,first
A5003068669,W2979389470,last
A5029539615,W2979428753,first
A5041105845,W2979742801,first
A5049948429,W2979742801,last
A5082161208,W2980474234,first
A5007654733,W2980474234,last
A5023514929,W2980538331,first
A5041105845,W2980538331,middle
A5036289717,W2980752825,middle
A5086747838,W2980967915,first
A5023514929,W2981075762,first
A5041105845,W2981075762,middle
A5009531144,W2981406055,first
A5034903291,W2981406055,middle
A5069398574,W2981406055,last
A5058139714,W2981548338,first
A5005521874,W2981556979,first
A5041758596,W2981556979,middle
A5052639456,W2981556979,middle
A5084944799,W2981556979,last
A5001426570,W2981558745,first
A5084987671,W2981558745,middle
A5068738268,W2982157641,first
A5054347607,W2982235435,first
A5002537390,W2982235435,last
A5028352256,W2982932994,first
A5084996439,W2984140342,first
A5037648726,W2984433386,middle
A5038669744,W2985282848,first
A5050368522,W2985594711,first
A5055072173,W2987478106,first
A5082620338,W2987478106,last
A5084996439,W2987501522,first
A5052627723,W2988900651,first
A5045147377,W2989245747,first
A5085711392,W2989668022,first
A5083002089,W2989711161,first
A5058202284,W2989711161,last
A5084959652,W2989734246,first
A5019854566,W2989850693,first
A5010057677,W2989850693,last
A5046164637,W2990281957,first
A5022673348,W2990281957,last
A5009458853,W2990376062,middle
A5087471989,W2990376062,middle
A5065182890,W2990376062,middle
A5045283763,W2990398385,first
A5013884267,W2990585649,first
A5025323569,W2990620302,first
A5082133391,W2990842083,first
A5086041272,W2990882633,first
A5071741017,W2990957391,first
A5091911425,W2991038171,first
A5048242293,W2991063305,first
A5077896030,W2991114986,first
A5008613536,W2991472860,first
A5060342944,W2993157628,first
A5079239707,W2994375231,first
A5058687773,W2994375231,middle
A5040600525,W2994375231,middle
A5070235175,W2994375231,middle
A5087599833,W2994375231,last
A5013515323,W2994721849,first
A5081413075,W2995233371,first
A5059857460,W2995361133,first
A5027803084,W2995361133,middle
A5028902486,W2995361133,last
A5039457944,W2997334206,first
A5045235248,W2997461366,first
A5059938999,W2997778317,first
A5031558711,W2998057243,first
A5056053188,W2998164934,first
A5077871642,W2998422624,first
A5065868175,W2998422624,last
A5031570096,W2998506402,first
A5077792516,W2998534945,first
A5060870697,W2998534945,middle
A5031645239,W2998534945,last
A5050869324,W2999070601,first
A5084924744,W2999070601,last
A5045814438,W2999388996,middle
A5054782781,W3000531598,first
A5029946268,W3000828453,first
A5052459001,W3001141747,first
A5052586692,W3001141747,last
A5085056586,W3001975856,first
A5058883700,W3001975856,middle
A5019717058,W3001975856,last
A5024520358,W3002790867,first
A5046186874,W3003137467,first
A5032276006,W3003211755,first
A5013585339,W3003536285,first
A5042555361,W3003536966,first
A5006433695,W3003657564,first
A5044349047,W3003657564,last
A5050445708,W3004116233,first
A5044282884,W3004116233,middle
A5042234925,W3004116233,last
A5043474376,W3004332067,first
A5022463037,W3004589171,first
A5049281009,W3004589171,middle
A5065670073,W3004589171,last
A5028444402,W3004611823,first
A5005297736,W3005453665,first
A5083864231,W3005523547,first
A5022495434,W3005691836,first
A5008514588,W3006209952,middle
A5043853736,W3006301776,first
A5076006527,W3006325545,first
A5041164592,W3006367022,first
A5002203895,W3006531321,first
A5030738704,W3006905524,first
A5019520424,W3007786389,first
A5045270125,W3007786389,last
A5080961527,W3007911034,first
A5033868035,W3008327769,first
A5066041657,W3008327769,last
A5041010510,W3008686916,first
A5074353764,W3008764925,first
A5003648392,W3009071471,first
A5046571160,W3010525757,middle
A5036707796,W3010525757,last
A5015950989,W3010822076,first
A5085699720,W3010822076,last
A5076309074,W3011288111,first
A5087505725,W3011392877,first
A5052301997,W3013570255,middle
A5067968369,W3014571176,first
A5005053622,W3014571176,middle
A5062942647,W3014571176,middle
A5087421133,W3014571176,middle
A5003714897,W3014571176,middle
A5049783208,W3014571176,last
A5002788206,W3015431448,first
A5054002357,W3015431448,middle
A5090079648,W3015431448,middle
A5091908097,W3015431448,middle
A5090497881,W3015431448,last
A5091723828,W3015825348,first
A5071563667,W3015915449,first
A5057919681,W3016771147,first
A5068898625,W3016825603,first
A5067732168,W3016825603,last
A5063268230,W3017363287,first
A5038246634,W3019322383,first
A5047004734,W3020664186,first
A5009316832,W3020861116,first
A5064659680,W3020861116,middle
A5034372518,W3020861116,middle
A5067391190,W3020861116,last
A5057419861,W3021099450,first
A5050617370,W3021099450,last
A5056259425,W3022276819,first
A5022225302,W3022286401,first
A5002872886,W3022704218,last
A5076724368,W3022835374,first
A5090148962,W3022835374,last
A5014863973,W3023005091,first
A5044793849,W3023252388,first
A5000919145,W3023305852,first
A5025285243,W3023305852,middle
A5051439492,W3023305852,middle
A5042988713,W3023305852,middle
A5000546219,W3023305852,middle
A5062620116,W3023305852,middle
A5016253883,W3023305852,middle
A5032314861,W3023305852,last
A5007661526,W3024250350,first
A5074179530,W3024250350,middle
A5032289109,W3024250350,middle
A5042421338,W3024250350,last
A5013106167,W3024360862,first
A5087797803,W3024360862,last
A5070590853,W3025270055,first
A5060700410,W3026548876,first
A5078626575,W3026570724,first
A5008125122,W3026854394,last
A5023638199,W3027109012,first
A5034930946,W3027109012,last
A5089902738,W3028393366,first
A5061572131,W3028393366,middle
A5031298023,W3030854278,last
A5089764170,W3030992337,first
A5030123026,W3033230778,first
A5091640459,W3033230778,last
A5086411819,W3035824302,first
A5043022123,W3036331020,first
A5059865486,W3043253019,last
A5064759681,W3043888722,first
A5063838698,W3044399102,first
A5065969325,W3044510408,first
A5010022279,W3044616545,first
A5075441381,W3044948523,first
A5002681172,W3045668188,first
A5025594132,W3045668188,last
A5017217386,W3045695212,middle
A5019481683,W3047766879,first
A5051301385,W3048569745,last
A5020317356,W3080378837,last
A5010923297,W3080400832,first
A5062784211,W3080617369,first
A5003068669,W3080617369,last
A5011225412,W3080899326,middle
A5051542865,W3080899326,last
A5057030981,W3083276761,first
A5032970348,W3083276761,middle
A5006576758,W3083409168,first
A5022071542,W3083409168,last
A5066573875,W3084566718,first
A5040892472,W3089036708,first
A5033285463,W3098432735,last
A5034163404,W3099700408,last
A5082805490,W3101921656,first
A5046708984,W3101921656,last
A5050058753,W3105848534,last
A5034328463,W3107395375,first
A5082447008,W3108002715,first
A5068122065,W3108379727,first
A5067584064,W3108565090,first
A5047841971,W3109824486,first
A5020720579,W3110273354,first
A5041247703,W3110273354,middle
A5077526337,W3110273354,last
A5075974647,W3111610616,first
A5038733663,W3113695491,first
A5065682763,W3115179662,first
A5043650942,W3117993899,first
A5020679159,W3118579843,first
A5060916421,W3119905476,first
A5001553843,W3119905476,last
A5037243123,W3120093381,middle
A5042092547,W3120093381,last
A5048309044,W3120208443,first
A5052692708,W3123195957,first
A5043740841,W3123195957,middle
A5072984243,W3123195957,middle
A5082492388,W3123195957,last
A5049420721,W3124271745,first
A5010835082,W3124461280,middle
A5059088347,W3124524788,first
A5025840344,W3125368316,first
A5004914839,W3125368316,last
A5018868321,W3126209819,first
A5084132742,W3127261977,first
A5054313614,W3127331737,last
A5065101661,W3127714369,first
A5040378239,W3127714369,middle
A5015329217,W3127714369,last
A5085504011,W3128312684,first
A5024114819,W3128343846,first
A5044341736,W3128343846,middle
A5058938462,W3128343846,last
A5074504203,W3128532154,first
A5062351903,W3128670124,first
A5050314883,W3128828027,first
A5087458064,W3128828027,last
A5073639920,W3129714772,first
A5038856844,W3130899476,first
A5042137965,W3130899476,last
A5043918247,W3130953135,first
A5058021214,W3132100418,first
A5044152002,W3132100418,last
A5005067818,W3132101150,first
A5030211091,W3132101150,last
A5017720360,W3133221138,first
A5074317478,W3133221138,middle
A5028269254,W3133628605,first
A5016277487,W3133628605,middle
A5000903862,W3133628605,last
A5019314738,W3134872817,last
A5070391437,W3135066039,first
A5064628869,W3135623173,first
A5024501121,W3136145994,first
A5087367222,W3136145994,middle
A5067599928,W3136145994,middle
A5069334140,W3136145994,middle
A5090205116,W3136145994,middle
A5076918148,W3136145994,middle
A5008040085,W3136145994,middle
A5087041607,W3136145994,middle
A5043334355,W3136145994,middle
A5074492402,W3136145994,middle
A5003477563,W3136145994,middle
A5077826199,W3136145994,middle
A5051938848,W3136145994,middle
A5012679236,W3136145994,middle
A5085569944,W3136145994,middle
A5087235995,W3136145994,middle
A5073570946,W3136145994,middle
A5078937916,W3136145994,middle
A5046932726,W3136145994,middle
A5047093707,W3136145994,middle
A5059180650,W3136145994,middle
A5087379941,W3136145994,middle
A5005721507,W3136145994,middle
A5051439492,W3136145994,last
A5041346094,W3136257047,first
A5084734006,W3136971275,first
A5070250580,W3136971275,middle
A5006231373,W3136971275,middle
A5079112987,W3136971275,middle
A5087551742,W3136971275,last
A5032603671,W3137128468,middle
A5015649543,W3137128468,middle
A5006429175,W3137128468,last
A5030142136,W3137305105,first
A5052373265,W3138213576,first
A5006184530,W3138328864,first
A5080680869,W3138328864,middle
A5057569553,W3138328864,last
A5005258575,W3138771842,first
A5037744447,W3138771842,middle
A5080901387,W3138771842,middle
A5070517688,W3138771842,middle
A5053615321,W3138771842,last
A5045365002,W3139248218,first
A5033513736,W3141738786,first
A5054274052,W3141738786,last
A5085776925,W3142671035,first
A5024626195,W3142769568,first
A5026873933,W3143102040,first
A5043648221,W3144308342,first
A5021363878,W3145378422,first
A5078027976,W3145473984,first
A5045919413,W3148238306,first
A5001558241,W3148238306,middle
A5024749105,W3148238306,last
A5050543728,W3148627084,middle
A5015500789,W3148627084,middle
A5030589675,W3148627084,middle
A5084884328,W3149149952,first
A5042080057,W3149801936,first
A5091317505,W3149801936,last
A5033360088,W3150083869,first
A5069466939,W3150853067,last
A5038568090,W3150906200,first
A5034725807,W3151569109,last
A5042733210,W3151689653,middle
A5005050797,W3151778014,first
A5059187908,W3153199954,first
A5031683179,W3154553803,first
A5065448458,W3156592506,first
A5008973060,W3156803147,last
A5025111900,W3157323977,first
A5082893021,W3157491061,first
A5074242919,W3157491061,last
A5008257072,W3158476143,first
A5036583267,W3158612194,first
A5075292468,W3158612194,middle
A5034694502,W3158612194,last
A5030916576,W3159001383,last
A5083069199,W3159153638,first
A5010362868,W3159276070,first
A5063831188,W3159881502,first
A5047972827,W3160008404,first
A5021165519,W3160314647,first
A5055102876,W3160379098,first
A5082581997,W3160379098,last
A5017147712,W3162186426,first
A5060207201,W3162186426,middle
A5017233287,W3163633350,first
A5054395742,W3164546586,first
A5049947564,W3164546586,middle
A5038337158,W3164546586,middle
A5018496110,W3164546586,last
A5029944686,W3165988747,first
A5058155162,W3167885355,first
A5014251095,W3167974993,first
A5040829874,W3167974993,last
A5043718699,W3168428590,first
A5004391841,W3169115944,first
A5003471263,W3169714433,first
A5026309239,W3169714433,middle
A5064854256,W3171733845,first
A5046677038,W3172091997,first
A5033818740,W3172091997,middle
A5055633179,W3172091997,middle
A5020019569,W3172091997,middle
A5055194079,W3172091997,last
A5014699397,W3173907536,first
A5058466208,W3174351209,first
A5010787441,W3174351209,last
A5024989959,W3174770719,first
A5032146353,W3176644583,first
A5087795875,W3176644583,middle
A5000856508,W3176644583,middle
A5006048466,W3176644583,middle
A5072468632,W3177618535,middle
A5036299855,W3177618535,middle
A5042554757,W3177618535,middle
A5073375704,W3177618535,middle
A5006720097,W3177624572,first
A5028541709,W3177624572,middle
A5015167951,W3177624572,last
A5010098013,W3180612544,first
A5036312162,W3181388958,first
A5091020771,W3181388958,last
A5035471780,W3182827313,first
A5003068669,W3182827313,last
A5026295865,W3183308292,first
A5004383548,W3184812612,first
A5046742683,W3185452895,middle
A5023585065,W3185452895,last
A5011466629,W3185950498,first
A5078508874,W3185950498,last
A5046590841,W3185970662,first
A5035399427,W3186845808,first
A5049307628,W3186845808,last
A5011494919,W3188596208,first
A5018037660,W3188596208,last
A5089334309,W3188828872,first
A5027390954,W3189961577,last
A5086428190,W3190581244,first
A5055396083,W3190581244,middle
A5072425013,W3190581244,middle
A5019338503,W3190581244,middle
A5014987490,W3190858444,first
A5084665500,W3191687957,first
A5066345725,W3191687957,last
A5012703845,W3192336580,first
A5056224988,W3195214741,first
A5062508673,W3196576198,first
A5063806519,W3196576198,middle
A5058774217,W3196576198,last
A5032956091,W3198297890,first
A5010503156,W3198297890,last
A5003508463,W3198511722,middle
A5069221181,W3198511722,middle
A5062921222,W3199207593,first
A5036554861,W3199464705,first
A5019183919,W3199464705,last
A5069134859,W3199850228,middle
A5072090771,W3199850228,middle
A5009388529,W3199850228,middle
A5049341927,W3200406987,first
A5059757804,W3200827176,first
A5068223679,W3201475783,first
A5059266972,W3201513316,middle
A5046824658,W3201513316,middle
A5035738936,W3201736152,first
A5061197652,W3201736152,last
A5001015885,W3202566006,first
A5057515987,W3202641021,first
A5061212792,W3203348054,first
A5056704068,W3204390115,first
A5062011874,W3204894701,first
A5023122420,W3208394747,last
A5080285200,W3209417350,first
A5011368149,W3209417350,middle
A5008561505,W3209417350,last
A5054459387,W3209876709,first
A5091663962,W3210398213,last
A5085942306,W3210756704,middle
A5072256391,W3210756704,last
A5001575970,W3211387943,first
A5090716028,W3211387943,middle
A5028577558,W3211518381,middle
A5069863269,W3211742163,last
A5051608927,W3211742214,first
A5051250530,W3211829621,first
A5001831672,W3212990683,last
A5074804622,W3213613721,first
A5085732584,W3213779722,middle
A5078247837,W3213779722,last
A5051947687,W3214373768,first
A5049632527,W3214373768,last
A5033810360,W3215824828,first
A5019007054,W3215824828,last
A5032128275,W3215837620,first
A5022434051,W3216277781,first
A5024498326,W3217010639,first
A5011645414,W3217399748,first
A5079409696,W32664292,first
A5006419852,W329259310,last
A5038703040,W361752001,first
A5021901258,W4205142508,first
A5039742693,W4205142508,middle
A5043476218,W4205142508,last
A5079709331,W4205810851,first
A5062077023,W4205933273,first
A5013400987,W4206016604,first
A5009951245,W4206345156,first
A5030929146,W4211247140,first
A5071368904,W4211247140,last
A5079877931,W4211248846,last
A5056179227,W4213411189,first
A5015939203,W4213411189,middle
A5038372194,W4213411189,last
A5017284331,W4229495934,first
A5050107296,W4229501182,first
A5032686018,W4229696870,last
A5045067400,W4229752591,first
A5077391080,W4229837227,first
A5043587067,W4229852278,first
A5075459877,W4229861372,first
A5058558845,W4229903038,first
A5067723053,W4230004465,first
A5089861176,W4230027707,first
A5053207196,W4230067894,first
A5078053703,W4230191992,first
A5080687354,W4230193829,middle
A5089820135,W4230193829,last
A5045071015,W4230240953,first
A5058810080,W4230570372,first
A5067526160,W4230648862,first
A5041418612,W4230661815,first
A5051746616,W4230844758,first
A5008902090,W4230911718,first
A5005083987,W4230911718,middle
A5001513750,W4230911718,last
A5038901650,W4230998947,first
A5017284331,W4231161875,first
A5079357056,W4231260435,first
A5063861105,W4231333029,first
A5032555290,W4231394072,last
A5047585543,W4231396854,first
A5001596439,W4231500509,first
A5084593174,W4231500509,last
A5072247317,W4231534048,first
A5068787013,W4231628865,last
A5059390845,W4231632481,first
A5072833877,W4231661489,first
A5047761668,W4231689269,first
A5038901650,W4231720816,first
A5078053703,W4231823184,first
A5004144198,W4231891158,last
A5067723053,W4232016335,first
A5020482984,W4232059860,first
A5018419686,W4232063720,first
A5001596439,W4232191994,first
A5084593174,W4232191994,last
A5078724467,W4232331357,first
A5009409061,W4232368242,first
A5062737501,W4232368242,last
A5025605311,W4232385579,first
A5005849526,W4232484448,first
A5006812955,W4232609809,middle
A5087762504,W4232609809,middle
A5023884692,W4232609809,middle
A5091181333,W4232609809,middle
A5006812955,W4232609809,middle
A5087762504,W4232609809,middle
A5023884692,W4232609809,middle
A5091181333,W4232609809,middle
A5006812955,W4232609809,middle
A5087762504,W4232609809,middle
A5023884692,W4232609809,middle
A5091181333,W4232609809,last
A5042629109,W4232657020,first
A5073524801,W4232688355,first
A5087612889,W4232688355,last
A5028943473,W4232733604,first
A5001629531,W4232746212,first
A5091406065,W4232746212,last
A5044603127,W4232755360,first
A5056994525,W4232763107,first
A5059464509,W4232763107,last
A5035618289,W4232826668,middle
A5072247317,W4232883391,first
A5069949225,W4232899835,first
A5058558845,W4232954039,first
A5024810917,W4233026719,first
A5027983198,W4233026719,middle
A5045601906,W4233026719,last
A5074918450,W4233077433,first
A5053010525,W4233108063,first
A5089861176,W4233260077,first
A5062850701,W4233310505,first
A5039894610,W4233332826,first
A5008008453,W4233423306,middle
A5034821490,W4233497558,middle
A5031489232,W4233553573,first
A5050140147,W4233567587,first
A5083875049,W4233612093,first
A5080629210,W4233637233,first
A5063240982,W4233637233,last
A5077323175,W4233659286,first
A5045938446,W4233659286,last
A5050433646,W4233675265,first
A5065963956,W4233684324,first
A5076000052,W4233820206,first
A5089567002,W4233902066,last
A5004766751,W4233954497,first
A5049335598,W4234030339,first
A5059613185,W4234127560,first
A5059076217,W4234140534,first
A5040107844,W4234204822,first
A5079664997,W4234261504,last
A5050433646,W4234279901,first
A5053207196,W4234343713,first
A5031600713,W4234344659,first
A5075919503,W4234382265,first
A5055353542,W4234382265,last
A5007497885,W4234539248,first
A5080474496,W4234584580,first
A5059447514,W4234699458,last
A5075919503,W4234834125,first
A5055353542,W4234834125,last
A5037507373,W4234925811,first
A5090045167,W4234925811,last
A5074093929,W4235062253,first
A5028592776,W4235062253,last
A5006495935,W4235071266,first
A5059447514,W4235111117,last
A5080510171,W4235154662,first
A5054322229,W4235164172,first
A5004391892,W4235199105,first
A5086694916,W4235199105,last
A5074093929,W4235203843,first
A5028592776,W4235203843,last
A5031600713,W4235230287,first
A5063707421,W4235286535,first
A5012514568,W4235286535,middle
A5026752007,W4235286535,last
A5068454145,W4235383125,first
A5001629531,W4235509328,first
A5091406065,W4235509328,last
A5045243742,W4235631813,first
A5007380083,W4235654745,first
A5069486276,W4235722676,first
A5090785796,W4235722676,last
A5063707421,W4235726711,first
A5012514568,W4235726711,middle
A5026752007,W4235726711,last
A5030940799,W4235816472,first
A5075919503,W4235862409,first
A5055353542,W4235862409,last
A5008118904,W4235956611,last
A5074093929,W4236014420,first
A5028592776,W4236014420,last
A5050583468,W4236095613,first
A5067723053,W4236107212,first
A5020648546,W4236142225,first
A5023313466,W4236178468,first
A5062348600,W4236178468,last
A5063134687,W4236275208,first
A5068903555,W4236463748,first
A5050441481,W4236463748,middle
A5074807737,W4236463748,middle
A5054072749,W4236463748,middle
A5079028242,W4236463748,middle
A5023051744,W4236463748,middle
A5048993333,W4236463748,last
A5029550887,W4236490299,first
A5075919503,W4236517044,first
A5055353542,W4236517044,last
A5075919503,W4236531929,first
A5055353542,W4236531929,last
A5067723053,W4236563760,first
A5072247317,W4236696585,first
A5085331622,W4236804785,first
A5057066398,W4236882319,first
A5041418612,W4236962735,first
A5011878231,W4236983413,first
A5020512776,W4237004491,first
A5075919503,W4237103218,first
A5055353542,W4237103218,last
A5023924564,W4237163988,first
A5076809830,W4237184457,first
A5006812955,W4237230755,middle
A5087762504,W4237230755,middle
A5023884692,W4237230755,middle
A5091181333,W4237230755,last
A5010473548,W4237318291,first
A5071841929,W4237468082,first
A5004474819,W4237485161,first
A5026577805,W4237489263,first
A5038901650,W4237509554,first
A5037738598,W4237606589,first
A5055827434,W4237691944,first
A5074093929,W4237759866,first
A5028592776,W4237759866,last
A5050433646,W4237764481,first
A5082035319,W4237821662,first
A5006812348,W4237828590,last
A5076809830,W4237868343,first
A5074164532,W4237887996,first
A5073944902,W4237887996,middle
A5082974516,W4237887996,last
A5091719023,W4237895501,last
A5035618289,W4237910087,middle
A5021286666,W4237965086,last
A5023774096,W4237999415,first
A5067784603,W4238014529,first
A5014707056,W4238522434,last
A5043587067,W4238529402,first
A5086634575,W4238572612,first
A5078433435,W4238594266,last
A5046245166,W4238634188,first
A5074093929,W4238653720,first
A5028592776,W4238653720,last
A5006812955,W4238738629,middle
A5087762504,W4238738629,middle
A5023884692,W4238738629,middle
A5091181333,W4238738629,last
A5075919503,W4238746624,first
A5055353542,W4238746624,last
A5001596439,W4238854433,first
A5084593174,W4238854433,last
A5071168060,W4238888571,first
A5035618289,W4238929512,middle
A5059447514,W4238943794,last
A5029638173,W4238961877,first
A5014840183,W4238962694,first
A5006646696,W4239139340,first
A5028555842,W4239167412,first
A5009409061,W4239253451,first
A5062737501,W4239253451,last
A5000851572,W4239485350,last
A5028555842,W4239602024,first
A5050433646,W4239633977,first
A5041418612,W4239647318,first
A5008601410,W4239654061,first
A5004391892,W4239712258,first
A5086694916,W4239712258,last
A5047059242,W4239792777,middle
A5010530817,W4239880807,first
A5005849526,W4239921302,first
A5068787013,W4239931370,last
A5076809830,W4239934091,first
A5031609548,W4239971510,first
A5013120340,W4240038151,first
A5079108919,W4240085531,first
A5034518427,W4240237915,first
A5052125429,W4240356296,first
A5060366485,W4240357650,first
A5089977204,W4240357650,middle
A5002744834,W4240357650,last
A5000121724,W4240392770,first
A5089861176,W4240526832,first
A5072247317,W4240584339,first
A5074093929,W4240650270,first
A5028592776,W4240650270,last
A5074093929,W4240665626,first
A5028592776,W4240665626,last
A5001596439,W4240685721,first
A5084593174,W4240685721,last
A5031600713,W4240695271,first
A5075919503,W4240739881,first
A5055353542,W4240739881,last
A5029669651,W4240768339,first
A5078724467,W4240822901,first
A5076809830,W4240825508,first
A5083793494,W4240843152,middle
A5083191924,W4240843152,middle
A5013278746,W4240843152,middle
A5039510418,W4240843152,middle
A5007729970,W4240931853,middle
A5074093929,W4240990723,first
A5028592776,W4240990723,last
A5041418612,W4241060089,first
A5058909328,W4241069554,first
A5045853703,W4241078582,first
A5001225006,W4241078582,middle
A5058139541,W4241078582,last
A5000032419,W4241105256,first
A5031928824,W4241120761,last
A5084020886,W4241280264,first
A5066341329,W4241285003,first
A5074093929,W4241299204,first
A5028592776,W4241299204,last
A5053207196,W4241365898,first
A5035103057,W4241423802,last
A5076408885,W4241433446,last
A5070180583,W4241603201,first
A5063707421,W4241644786,first
A5012514568,W4241644786,middle
A5026752007,W4241644786,last
A5008785620,W4241704747,first
A5059306142,W4241948241,first
A5041518985,W4241948241,last
A5074093929,W4242133458,first
A5028592776,W4242133458,last
A5048937469,W4242264406,first
A5073782468,W4242264406,last
A5033229548,W4242382059,first
A5050140147,W4242423712,first
A5063793601,W4242427611,first
A5017284331,W4242452662,first
A5047189052,W4242559559,first
A5080687354,W4242631196,middle
A5089820135,W4242631196,last
A5011370879,W4242717156,last
A5091130345,W4242720892,first
A5076809830,W4242899734,first
A5054072162,W4243068343,first
A5048801846,W4243219492,first
A5080643984,W4243219492,last
A5047585543,W4243341897,first
A5063707421,W4243374652,first
A5012514568,W4243374652,middle
A5026752007,W4243374652,last
A5039894610,W4243427291,first
A5015862198,W4243433576,first
A5049843883,W4243458303,first
A5038901650,W4243467814,first
A5017284331,W4243496838,first
A5062115194,W4243512583,first
A5063707421,W4243542233,first
A5012514568,W4243542233,middle
A5026752007,W4243542233,last
A5045067400,W4243771674,first
A5043097411,W4243907658,first
A5045067400,W4243996000,first
A5075459877,W4244035733,first
A5044477933,W4244038675,first
A5035817829,W4244038675,last
A5067723053,W4244116571,first
A5004391892,W4244168509,first
A5086694916,W4244168509,last
A5077657249,W4244199571,first
A5074093929,W4244361049,first
A5028592776,W4244361049,last
A5021099497,W4244475824,first
A5004391892,W4244486703,first
A5086694916,W4244486703,last
A5067723053,W4244565123,first
A5053594211,W4244611594,last
A5012156289,W4244674258,first
A5073954294,W4244733393,first
A5025076891,W4244733393,last
A5057837194,W4244750337,first
A5075919503,W4244798461,first
A5055353542,W4244798461,last
A5041418612,W4244808615,first
A5040439719,W4244929538,first
A5034555326,W4244949327,first
A5049393815,W4244967581,first
A5080766537,W4245060713,first
A5020166814,W4245151635,first
A5063707421,W4245164775,first
A5012514568,W4245164775,middle
A5026752007,W4245164775,last
A5075919503,W4245205199,first
A5055353542,W4245205199,last
A5002371519,W4245242105,first
A5026715940,W4245293735,first
A5037507373,W4245358135,first
A5090045167,W4245358135,last
A5064954976,W4245371297,first
A5040053125,W4245505469,first
A5075919503,W4245569885,first
A5055353542,W4245569885,last
A5007835868,W4245605524,first
A5014931910,W4245605524,last
A5038901650,W4245672742,first
A5075919503,W4245673599,first
A5055353542,W4245673599,last
A5044645767,W4245710389,first
A5023774096,W4245766007,first
A5086139129,W4245830440,first
A5010673868,W4245928292,first
A5006088324,W4245928292,last
A5045067400,W4245938807,first
A5039487411,W4246242720,first
A5009409061,W4246339600,first
A5062737501,W4246339600,last
A5040053125,W4246460347,first
A5075110779,W4246640697,first
A5043097411,W4246721402,first
A5001629531,W4246942880,first
A5091406065,W4246942880,last
A5051199777,W4247028684,first
A5042629109,W4247101805,first
A5054719460,W4247149899,first
A5054072162,W4247207405,first
A5072247317,W4247286770,first
A5053650103,W4247290828,first
A5054274052,W4247305317,middle
A5084398502,W4247305317,middle
A5018673845,W4247305317,middle
A5071413663,W4247305317,middle
A5059904967,W4247305317,middle
A5073447411,W4247305317,middle
A5039410288,W4247305317,middle
A5062121322,W4247305317,middle
A5068303856,W4247305317,middle
A5014950878,W4247305317,middle
A5059051939,W4247305317,last
A5053207196,W4247397578,first
A5059447514,W4247420629,last
A5056262194,W4247488827,first
A5034518427,W4247492075,first
A5029669651,W4247545616,first
A5060713252,W4247563555,first
A5036113341,W4247610150,first
A5078724467,W4247705204,first
A5074093929,W4247805579,first
A5028592776,W4247805579,last
A5027951598,W4247858179,first
A5011071130,W4247919867,first
A5004474819,W4248053942,first
A5048623050,W4248121524,first
A5044603127,W4248295972,first
A5006812955,W4248321679,middle
A5087762504,W4248321679,middle
A5023884692,W4248321679,middle
A5091181333,W4248321679,last
A5086620720,W4248351789,first
A5087669743,W4248391342,first
A5026197656,W4248391342,last
A5053010525,W4248423399,first
A5088636263,W4248456599,first
A5041540679,W4248590483,first
A5053207196,W4248672565,first
A5035479116,W4248720125,first
A5044603127,W4248863972,first
A5066007406,W4248972907,first
A5069486276,W4249056774,first
A5090785796,W4249056774,last
A5039894610,W4249059783,first
A5081011175,W4249156181,first
A5039894610,W4249195331,first
A5004391892,W4249221983,first
A5086694916,W4249221983,last
A5080687354,W4249332301,middle
A5089820135,W4249332301,last
A5016449324,W4249402528,first
A5034140113,W4249440493,first
A5089861176,W4249482734,first
A5084267092,W4249532916,first
A5057923349,W4249585055,first
A5090661352,W4249588735,last
A5006812955,W4249644921,middle
A5087762504,W4249644921,middle
A5023884692,W4249644921,middle
A5091181333,W4249644921,last
A5024904743,W4249652010,last
A5029638173,W4249705854,first
A5051746616,W4249797634,first
A5090661352,W4249800036,last
A5053207196,W4249818588,first
A5023774096,W4249872868,first
A5082078671,W4249882653,last
A5032577137,W4249941919,first
A5071841929,W4249960496,first
A5045067400,W4250170469,first
A5039487411,W4250256264,last
A5090661352,W4250279373,last
A5050433646,W4250327670,first
A5074093929,W4250491550,first
A5028592776,W4250491550,last
A5043587067,W4250815366,first
A5075919503,W4250842044,first
A5055353542,W4250842044,last
A5037507373,W4250883812,first
A5090045167,W4250883812,last
A5006812955,W4251000039,middle
A5087762504,W4251000039,middle
A5023884692,W4251000039,middle
A5091181333,W4251000039,last
A5008902090,W4251009009,first
A5005083987,W4251009009,middle
A5001513750,W4251009009,last
A5067723053,W4251145578,first
A5050642342,W4251146657,first
A5038271432,W4251149501,first
A5002695483,W4251167592,first
A5031298023,W4251184601,last
A5034497011,W4251229135,first
A5004391892,W4251252853,first
A5086694916,W4251252853,last
A5043542278,W4251465409,first
A5013606826,W4251465409,last
A5074093929,W4251765849,first
A5028592776,W4251765849,last
A5074093929,W4251769138,first
A5028592776,W4251769138,last
A5023774096,W4251954079,first
A5063732032,W4251972581,last
A5075459877,W4252035396,first
A5071993180,W4252114998,first
A5074093929,W4252145413,first
A5028592776,W4252145413,last
A5059447514,W4252164774,last
A5006812955,W4252171512,middle
A5087762504,W4252171512,middle
A5023884692,W4252171512,middle
A5091181333,W4252171512,last
A5053539048,W4252207977,first
A5026726877,W4252207980,first
A5084200579,W4252223407,middle
A5045616772,W4252223407,last
A5067723053,W4252241665,first
A5064042869,W4252259355,first
A5091671780,W4252287375,middle
A5039584991,W4252287375,middle
A5001629531,W4252373276,first
A5091406065,W4252373276,last
A5043587067,W4252386865,first
A5039894610,W4252431435,first
A5037507373,W4252432129,first
A5090045167,W4252432129,last
A5004391892,W4252435852,first
A5086694916,W4252435852,last
A5075919503,W4252479445,first
A5055353542,W4252479445,last
A5089255134,W4252482073,first
A5006812955,W4252482418,middle
A5087762504,W4252482418,middle
A5023884692,W4252482418,middle
A5091181333,W4252482418,last
A5040006825,W4252615714,first
A5017944772,W4252670074,first
A5038901650,W4252746285,first
A5012017851,W4252848605,first
A5043347335,W4252905117,last
A5050433646,W4252981461,first
A5043097411,W4253067020,first
A5080766537,W4253114699,first
A5042629109,W4253131711,first
A5009409061,W4253145060,first
A5062737501,W4253145060,last
A5022948833,W4253192708,first
A5012156289,W4253235770,first
A5063861105,W4253361831,first
A5041418612,W4253390432,first
A5005849526,W4253446336,first
A5006909080,W4253448766,first
A5001264416,W4253448766,last
A5051579609,W4253451931,first
A5050140147,W4253540978,first
A5028436684,W4253576260,first
A5050140147,W4253737782,first
A5007942320,W4253781606,first
A5079858994,W4253823318,first
A5060366485,W4253823318,middle
A5089977204,W4253823318,middle
A5002744834,W4253823318,last
A5078724467,W4253831215,first
A5063861105,W4253927073,first
A5066865559,W4253958216,first
A5088533277,W4253958216,middle
A5089065155,W4253958216,middle
A5068787013,W4253965460,last
A5063707421,W4253998468,first
A5012514568,W4253998468,middle
A5026752007,W4253998468,last
A5028555842,W4254101144,first
A5081566791,W4254109351,first
A5087288927,W4254117568,last
A5078053703,W4254168260,first
A5044603127,W4254218947,first
A5041418612,W4254237040,first
A5080766537,W4254285499,first
A5050140147,W4254287495,first
A5085774964,W4254287495,last
A5040053125,W4254289683,first
A5051746616,W4254385267,first
A5047189052,W4254450873,first
A5017284331,W4254538717,first
A5076809830,W4254635622,first
A5006812955,W4254646783,middle
A5087762504,W4254646783,middle
A5023884692,W4254646783,middle
A5091181333,W4254646783,last
A5069486276,W4254677892,first
A5090785796,W4254677892,last
A5001596439,W4254737605,first
A5084593174,W4254737605,last
A5047189052,W4254781367,first
A5063220389,W4254875044,middle
A5011878231,W4254939018,first
A5021367085,W4254957409,first
A5041184857,W4254995473,first
A5072247317,W4255053829,first
A5076982376,W4255110993,last
A5081824706,W4255255431,first
A5074093929,W4255280496,first
A5028592776,W4255280496,last
A5078724467,W4255412675,first
A5089861176,W4255442990,first
A5058909328,W4255535462,first
A5040126978,W4255548650,first
A5022147264,W4255578640,first
A5066061403,W4255681416,last
A5005849526,W4255720359,first
A5026172489,W4255995230,first
A5082707744,W4256110122,first
A5012156289,W4256189795,first
A5042604489,W4256349506,first
A5090661352,W4256396508,last
A5066085347,W4256499803,first
A5007322884,W426445961,first
A5055072173,W4285037390,first
A5013452324,W4285037390,last
A5020791896,W4290743941,first
A5038306122,W4290743941,middle
A5030211091,W4290743941,last
A5075244831,W4290972871,first
A5075244831,W4290974215,first
A5007265643,W4290974232,first
A5072319079,W4290974232,last
A5007265643,W4290982523,first
A5064600777,W4292050881,first
A5073803020,W4292236134,first
A5021017077,W4293503129,middle
A5019760928,W4293861507,first
A5033637029,W4297721300,first
A5022084739,W4297721300,middle
A5008334023,W4297721300,last
A5053236389,W4297937334,last
A5021620793,W4297954976,first
A5050310382,W4297954976,middle
A5067275194,W4297954976,last
A5085422836,W4298013724,first
A5004147750,W4298013724,last
A5039970666,W4298066789,first
A5041497235,W4298093082,first
A5023971789,W4298093082,middle
A5000863257,W4298093082,middle
A5063872092,W4298093082,last
A5079763185,W4298281303,first
A5085895610,W4298281303,middle
A5077581403,W4298281303,middle
A5032913022,W4298305482,first
A5082929344,W4298331341,first
A5016007997,W4298331341,last
A5042153476,W4298379417,first
A5075740003,W4298379417,middle
A5065688267,W4298379417,last
A5089475466,W4298434102,first
A5066096051,W4298434102,middle
A5050869595,W4298434102,last
A5077231004,W4298897561,first
A5023774096,W4299160899,first
A5023774096,W4299402228,first
A5023774096,W4299410670,first
A5087089729,W4299412867,first
A5018707945,W4299412867,last
A5016198475,W4299477652,middle
A5005275845,W4299477652,middle
A5028984905,W4299477652,middle
A5003373255,W4299477652,middle
A5046572286,W4299477652,middle
A5003115000,W4299477652,last
A5026275444,W4299507606,first
A5085335307,W4299507606,middle
A5008051893,W4299507606,middle
A5085163349,W4299507606,middle
A5090778317,W4299544595,first
A5082535573,W4299646923,first
A5055364864,W4299646923,middle
A5087350663,W4299646923,middle
A5023160093,W4299646923,middle
A5033486668,W4299646923,middle
A5066791819,W4299646923,last
A5031290426,W4299694806,first
A5019760928,W4299732393,first
A5033178923,W4299873426,first
A5065038902,W4299873426,middle
A5072912970,W4299873426,last
A5036803875,W429998739,first
A5025840344,W4300386806,first
A5004914839,W4300386806,last
A5023774096,W4300450987,first
A5047154781,W4300490064,middle
A5060986934,W4300526216,first
A5056179227,W4300562612,first
A5015939203,W4300562612,middle
A5038372194,W4300562612,last
A5078781803,W4300612701,first
A5051508511,W4300636629,first
A5080181390,W4300636629,middle
A5076508187,W4300636629,middle
A5017560763,W4300636629,middle
A5069466172,W4300636629,middle
A5009915982,W4300636629,last
A5066680347,W4300691364,first
A5013266148,W4300691364,middle
A5061469691,W4300691364,last
A5091437294,W4300706275,first
A5014906860,W4300794129,first
A5028391099,W4300794129,middle
A5072237165,W4300794129,middle
A5058651667,W4300794129,middle
A5088815590,W4300794129,last
A5021742266,W4300879422,first
A5003774789,W4300900086,first
A5002927216,W4300900086,last
A5023774096,W4300923268,first
A5026698697,W4300933005,first
A5003579441,W4300938840,first
A5037107679,W4301080614,last
A5021742266,W4301154439,first
A5023774096,W4301206542,first
A5018810439,W4301355476,first
A5029351320,W4301382342,first
A5010047975,W4301798558,last
A5031667486,W4302382179,first
A5014604100,W4302382179,middle
A5070041767,W4302382179,last
A5034225369,W4302404314,first
A5071963696,W4302468208,last
A5061819639,W4302577169,first
A5057620937,W4302577169,middle
A5088329728,W4302577169,middle
A5013780852,W4302577169,middle
A5041387017,W4302577169,last
A5025840344,W4302930490,first
A5004914839,W4302930490,last
A5045576932,W4307101416,first
A5014906860,W4307250101,first
A5028391099,W4307250101,middle
A5072237165,W4307250101,middle
A5058651667,W4307250101,middle
A5088815590,W4307250101,last
A5051508511,W4307619821,first
A5080181390,W4307619821,middle
A5076508187,W4307619821,middle
A5017560763,W4307619821,middle
A5069466172,W4307619821,middle
A5009915982,W4307619821,last
A5051508511,W4309263345,first
A5080181390,W4309263345,middle
A5076508187,W4309263345,middle
A5017560763,W4309263345,middle
A5069466172,W4309263345,middle
A5009915982,W4309263345,last
A5001016052,W4309381688,first
A5004804647,W4311595298,first
A5089612078,W4311595298,last
A5055072173,W4312206575,first
A5013452324,W4312206575,last
A5003774789,W4319603937,first
A5002927216,W4319603937,last
A5055072173,W4321429839,first
A5013452324,W4321429839,last
A5055072173,W4321449959,first
A5013452324,W4321449959,last
A5034385170,W4321509866,first
A5051508511,W4323722221,first
A5080181390,W4323722221,middle
A5076508187,W4323722221,middle
A5017560763,W4323722221,middle
A5069466172,W4323722221,middle
A5009915982,W4323722221,last
A5004581874,W433855605,first
A5049268268,W433855605,last
A5087089729,W4360986533,first
A5018707945,W4360986533,last
A5031290426,W4362524075,first
A5065292816,W4362573481,last
A5087089729,W4366443583,first
A5018707945,W4366443583,last
A5073256411,W4366761892,first
A5051629369,W4367592543,first
A5062046042,W4367592550,first
A5031290426,W4368321048,first
A5062924070,W4372060416,first
A5067002027,W567381828,first
A5052028342,W567950537,first
A5051426675,W567950537,last
A5087736734,W568185052,first
A5076752482,W568656247,last
A5057099727,W569402856,first
A5050713265,W569454141,first
A5047695484,W575080566,first
A5027152205,W575739125,first
A5011113331,W575749913,first
A5054365503,W576366246,first
A5054895694,W576366246,middle
A5055405076,W576366246,last
A5053559733,W576500895,first
A5003590993,W579454448,first
A5043124566,W589106766,last
A5080225656,W589678950,first
A5074120529,W590759223,first
A5029834470,W590759223,last
A5081696146,W591931018,first
A5043137685,W594468991,last
A5061187272,W603785217,first
A5016089711,W607985122,first
A5002983903,W608508454,first
A5081742550,W609179067,first
A5035050771,W610099240,first
A5011026101,W618016422,first
A5002581531,W619535557,first
A5082984111,W620187428,last
A5057340662,W620422224,first
A5011258072,W630123320,last
A5081664821,W636255042,first
A5059694800,W637602559,first
A5026769792,W637602559,last
A5021835324,W638136908,first
A5004803468,W638385490,first
A5010906835,W643660740,first
A5068436292,W650852999,last
A5048931974,W654935531,first
A5007209515,W657248252,first
A5049273448,W657537275,first
A5055702391,W927647421,last
A5025682071,W948460752,first
