id,label
A5004271128,artificial intelligence
A5086198262,artificial intelligence
A5031185465,artificial intelligence
A5011125611,artificial intelligence
A5087188826,machine learning
A5028089542,artificial intelligence
A5022718274,artificial intelligence
A5062823200,natural language processing
A5024431603,machine learning
A5053183805,artificial intelligence
A5038199341,artificial intelligence
A5083450863,artificial intelligence
A5062653961,artificial intelligence
A5027826197,artificial intelligence
A5009969698,artificial intelligence
A5073988999,artificial intelligence
A5045744709,artificial intelligence
A5022882863,artificial intelligence
A5041191852,artificial intelligence
A5038054573,artificial intelligence
A5034587660,theoretical computer science
A5076017424,artificial intelligence
A5004788089,artificial intelligence
A5083571879,artificial intelligence
A5034709081,operating system
A5036183004,operating system
A5019644280,artificial intelligence
A5036175492,artificial intelligence
A5042747460,machine learning
A5078871393,machine learning
A5040900029,world wide web
A5087767192,artificial intelligence
A5035523929,artificial intelligence
A5045016749,artificial intelligence
A5037357727,programming language
A5029257585,machine learning
A5082812716,machine learning
A5063785042,artificial intelligence
A5051247445,artificial intelligence
A5045901848,artificial intelligence
A5083295077,artificial intelligence
A5032839569,artificial intelligence
A5076063841,artificial intelligence
A5062717648,artificial intelligence
A5046711023,artificial intelligence
A5083872718,artificial intelligence
A5000887703,machine learning
A5038185516,artificial intelligence
A5084686808,artificial intelligence
A5039482178,programming language
A5089032031,artificial intelligence
A5091682385,artificial intelligence
A5016429805,artificial intelligence
A5051936919,artificial intelligence
A5029988698,artificial intelligence
A5020788047,artificial intelligence
A5009442525,artificial intelligence
A5025328957,speech recognition
A5045021962,machine learning
A5080143897,machine learning
A5047984167,artificial intelligence
A5066373250,artificial intelligence
A5012617033,operating system
A5038431271,computer security
A5085692686,artificial intelligence
A5021982925,artificial intelligence
A5035017068,artificial intelligence
A5077267552,artificial intelligence
A5087368991,artificial intelligence
A5018410445,artificial intelligence
A5003347271,artificial intelligence
A5085709919,artificial intelligence
A5007830129,artificial intelligence
A5084704601,artificial intelligence
A5034252351,artificial intelligence
A5078910343,artificial intelligence
A5022404172,artificial intelligence
A5089537375,artificial intelligence
A5035612280,machine learning
A5087662609,artificial intelligence
A5085627414,artificial intelligence
A5077568501,artificial intelligence
A5091040294,artificial intelligence
A5056339289,knowledge management
A5055416007,artificial intelligence
A5062933986,artificial intelligence
A5023544538,artificial intelligence
A5068804090,artificial intelligence
A5055348046,programming language
A5036325516,computer security
A5057548987,natural language processing
A5083304312,artificial intelligence
A5034196986,artificial intelligence
A5051386391,artificial intelligence
A5044141636,artificial intelligence
A5035670578,artificial intelligence
A5028773395,artificial intelligence
A5006042337,artificial intelligence
A5002087412,artificial intelligence
A5049312755,artificial intelligence
A5084282503,world wide web
A5078892377,artificial intelligence
A5056808390,artificial intelligence
A5064525703,artificial intelligence
A5003388968,artificial intelligence
A5061612178,artificial intelligence
A5052571923,artificial intelligence
A5030154315,artificial intelligence
A5018392096,world wide web
A5041951909,artificial intelligence
A5012019960,artificial intelligence
A5012703845,artificial intelligence
A5085421062,artificial intelligence
A5008352524,computer vision
A5078843430,artificial intelligence
A5024626195,operating system
A5001711159,computer network
A5029344996,artificial intelligence
A5082538217,artificial intelligence
A5080743153,programming language
A5036109808,artificial intelligence
A5083859927,world wide web
A5047228466,programming language
A5018676117,artificial intelligence
A5042263650,artificial intelligence
A5004111307,artificial intelligence
A5049652955,artificial intelligence
A5083182987,artificial intelligence
A5046992958,artificial intelligence
A5001200543,programming language
A5050903632,artificial intelligence
A5058049693,programming language
A5003756290,artificial intelligence
A5041089506,artificial intelligence
A5069386158,artificial intelligence
A5084564811,artificial intelligence
A5009242602,machine learning
A5014775429,artificial intelligence
A5011176205,artificial intelligence
A5016794035,artificial intelligence
A5029483412,world wide web
A5013817606,artificial intelligence
A5024182120,speech recognition
A5079940769,knowledge management
A5073216478,operating system
A5082453202,database
A5081289844,operating system
A5087779431,operating system
A5032231503,operating system
A5081839926,artificial intelligence
A5060026407,data science
A5055075050,artificial intelligence
A5077984951,artificial intelligence
A5062662924,artificial intelligence
A5000808371,artificial intelligence
A5082357282,artificial intelligence
A5000975435,artificial intelligence
A5085432173,artificial intelligence
A5068271733,artificial intelligence
A5058475882,artificial intelligence
A5000893315,artificial intelligence
A5033473979,natural language processing
A5076259865,world wide web
A5071006649,artificial intelligence
A5007656938,artificial intelligence
A5027171279,artificial intelligence
A5016922139,natural language processing
A5064830080,artificial intelligence
A5060859546,artificial intelligence
A5060432668,artificial intelligence
A5045384249,artificial intelligence
A5006461575,machine learning
A5001499305,artificial intelligence
A5062247805,computer security
A5081053092,artificial intelligence
A5021934149,artificial intelligence
A5012509957,artificial intelligence
A5054850777,artificial intelligence
A5044475069,natural language processing
A5061639181,artificial intelligence
A5026639060,machine learning
A5048424631,artificial intelligence
A5046883483,artificial intelligence
A5085618063,machine learning
A5069123141,machine learning
A5040392637,data mining
A5047867327,data mining
A5028762677,machine learning
A5031620559,machine learning
A5003445562,artificial intelligence
A5042331786,artificial intelligence
A5047270197,artificial intelligence
A5074816094,artificial intelligence
A5042646536,artificial intelligence
A5066528407,artificial intelligence
A5061655577,artificial intelligence
A5063028120,natural language processing
A5057413048,artificial intelligence
A5076851823,artificial intelligence
A5001334643,artificial intelligence
A5000789461,artificial intelligence
A5015400817,artificial intelligence
A5045224142,artificial intelligence
A5007802397,data mining
A5053409734,artificial intelligence
A5059593338,artificial intelligence
A5073412670,artificial intelligence
A5024893012,artificial intelligence
A5046926620,artificial intelligence
A5026522462,artificial intelligence
A5023894377,artificial intelligence
A5000727773,artificial intelligence
A5045798128,artificial intelligence
A5057305454,artificial intelligence
A5049750015,artificial intelligence
A5047871627,artificial intelligence
A5039563504,artificial intelligence
A5070377774,artificial intelligence
A5080299532,natural language processing
A5034695719,artificial intelligence
A5016771199,artificial intelligence
A5025189765,artificial intelligence
A5015460788,artificial intelligence
A5055086415,artificial intelligence
A5004885984,artificial intelligence
A5037257043,artificial intelligence
A5004562237,computer security
A5018813551,artificial intelligence
A5015067771,artificial intelligence
A5047800576,artificial intelligence
A5016017870,artificial intelligence
A5034409767,artificial intelligence
A5042833743,artificial intelligence
A5028854139,programming language
A5029261812,programming language
A5032142322,artificial intelligence
A5041619246,artificial intelligence
A5040088510,artificial intelligence
A5024633466,artificial intelligence
A5074105036,artificial intelligence
A5067950037,machine learning
A5012808924,artificial intelligence
A5023264395,artificial intelligence
A5065436966,artificial intelligence
A5051595621,artificial intelligence
A5014102383,artificial intelligence
A5012747021,machine learning
A5078747466,machine learning
A5030516767,machine learning
A5074828533,computer network
A5086546389,operating system
A5008635373,computer vision
A5028518494,artificial intelligence
A5077883199,artificial intelligence
A5043069455,artificial intelligence
A5034464441,artificial intelligence
A5081784013,artificial intelligence
A5076518905,artificial intelligence
A5090622115,database
A5038175231,natural language processing
A5068939158,artificial intelligence
A5045745451,multimedia
A5048412574,multimedia
A5089260563,artificial intelligence
A5036476903,artificial intelligence
A5087470453,artificial intelligence
A5013533662,artificial intelligence
A5079203984,artificial intelligence
A5071550534,artificial intelligence
A5004079118,artificial intelligence
A5001893388,artificial intelligence
A5032686437,computer vision
A5037613074,artificial intelligence
A5081516308,artificial intelligence
A5046574356,artificial intelligence
A5077775500,artificial intelligence
A5032253412,artificial intelligence
A5071471344,operating system
A5089396624,artificial intelligence
A5005425134,database
A5034078369,artificial intelligence
A5009128820,artificial intelligence
A5082805490,artificial intelligence
A5070777118,artificial intelligence
A5002320060,artificial intelligence
A5089380024,computer vision
A5048595728,artificial intelligence
A5044853328,computer vision
A5046605498,artificial intelligence
A5054776685,artificial intelligence
A5048650003,artificial intelligence
A5022886322,programming language
A5042568554,artificial intelligence
A5057526407,artificial intelligence
A5019802248,operating system
A5028503081,natural language processing
A5080766537,artificial intelligence
A5089624310,operating system
A5052828309,operating system
A5074934153,artificial intelligence
A5028044143,operating system
A5013399373,world wide web
A5086206346,programming language
A5065418639,programming language
A5010647243,artificial intelligence
A5043020624,artificial intelligence
A5027628686,artificial intelligence
A5076608650,computer vision
A5000296607,operating system
A5033589597,machine learning
A5056843687,artificial intelligence
A5048495449,artificial intelligence
A5013373596,artificial intelligence
A5081225515,artificial intelligence
A5038897190,artificial intelligence
A5068505467,artificial intelligence
A5013512298,artificial intelligence
A5001254143,artificial intelligence
A5042053820,artificial intelligence
A5003275797,artificial intelligence
A5078047670,artificial intelligence
A5066583058,artificial intelligence
A5027065196,artificial intelligence
A5081527786,artificial intelligence
A5023350571,artificial intelligence
A5052017740,artificial intelligence
A5028461018,artificial intelligence
A5053647594,artificial intelligence
A5010621788,artificial intelligence
A5024458121,operating system
A5071916159,operating system
A5089469997,computer security
A5072118587,computer security
A5063641658,computer network
A5018588864,computer security
A5009166088,artificial intelligence
A5010035758,programming language
A5001309450,artificial intelligence
A5055102876,world wide web
A5041142359,artificial intelligence
A5041231081,artificial intelligence
A5030021140,artificial intelligence
A5085899453,natural language processing
A5087497175,artificial intelligence
A5078348621,artificial intelligence
A5008432065,programming language
A5056828139,programming language
A5055124162,operating system
A5065517665,artificial intelligence
A5022313579,artificial intelligence
A5055139589,artificial intelligence
A5041027508,artificial intelligence
A5054450312,artificial intelligence
A5024678267,computer security
A5003943487,artificial intelligence
A5035816535,artificial intelligence
A5024058808,artificial intelligence
A5057981108,artificial intelligence
A5055065964,artificial intelligence
A5034406933,artificial intelligence
A5004774385,artificial intelligence
A5019524943,computer network
A5003489427,artificial intelligence
A5079723268,operating system
A5072882318,artificial intelligence
A5022811687,artificial intelligence
A5082946919,artificial intelligence
A5012765543,artificial intelligence
A5017042977,artificial intelligence
A5062963943,artificial intelligence
A5083565969,artificial intelligence
A5063268770,computer security
A5015510146,computer security
A5014357250,computer security
A5073620359,artificial intelligence
A5027549551,machine learning
A5005610054,programming language
A5019891741,programming language
A5037312962,programming language
A5064398378,artificial intelligence
A5015751405,artificial intelligence
A5012477590,computer security
A5049178059,natural language processing
A5008771402,natural language processing
A5071034383,artificial intelligence
A5039630291,natural language processing
A5053224623,artificial intelligence
A5008391661,artificial intelligence
A5010742103,machine learning
A5013449870,machine learning
A5004246117,artificial intelligence
A5064065239,operating system
A5090476359,operating system
A5077821242,artificial intelligence
A5087958975,programming language
A5023971789,artificial intelligence
A5056559767,artificial intelligence
A5004690613,world wide web
A5027278524,artificial intelligence
A5021516635,artificial intelligence
A5004288893,artificial intelligence
A5027303084,data science
A5088362538,artificial intelligence
A5063646267,artificial intelligence
A5020310993,artificial intelligence
A5032380690,artificial intelligence
A5032690914,artificial intelligence
A5045262258,artificial intelligence
A5051233439,artificial intelligence
A5090584718,programming language
A5052500447,artificial intelligence
A5043588483,machine learning
A5065695849,artificial intelligence
A5064383410,artificial intelligence
A5070781274,natural language processing
A5080971897,artificial intelligence
A5009257418,artificial intelligence
A5086349901,artificial intelligence
A5006278133,artificial intelligence
A5045934263,artificial intelligence
A5059992863,artificial intelligence
A5056507889,artificial intelligence
A5075885606,artificial intelligence
A5000445240,computer security
A5037978750,artificial intelligence
A5017327826,computer network
A5068493592,artificial intelligence
A5081925619,artificial intelligence
A5027180526,artificial intelligence
A5018319213,artificial intelligence
A5043638067,artificial intelligence
A5002919229,machine learning
A5020872669,artificial intelligence
A5012964665,artificial intelligence
A5085164888,artificial intelligence
A5070128961,artificial intelligence
A5049942833,artificial intelligence
A5040606176,artificial intelligence
A5082293980,artificial intelligence
A5013078154,artificial intelligence
A5009940169,artificial intelligence
A5064569017,artificial intelligence
A5076148288,artificial intelligence
A5039918909,artificial intelligence
A5044266844,artificial intelligence
A5080546654,artificial intelligence
A5026530058,artificial intelligence
A5078361199,data science
A5086867154,machine learning
A5037740806,artificial intelligence
A5029215323,artificial intelligence
A5042645593,artificial intelligence
A5014122229,artificial intelligence
A5013198945,artificial intelligence
A5086060106,artificial intelligence
A5034615334,artificial intelligence
A5046555167,artificial intelligence
A5000032419,programming language
A5022089354,artificial intelligence
A5038046410,artificial intelligence
A5007769527,artificial intelligence
A5057358899,artificial intelligence
A5030710751,artificial intelligence
A5055807602,operating system
A5002562252,artificial intelligence
A5006779580,artificial intelligence
A5091486233,artificial intelligence
A5036473274,artificial intelligence
A5015748504,artificial intelligence
A5081322718,artificial intelligence
A5013269574,programming language
A5055180200,artificial intelligence
A5065946276,artificial intelligence
A5032339591,artificial intelligence
A5082464861,artificial intelligence
A5077747165,artificial intelligence
A5015831139,artificial intelligence
A5032059462,artificial intelligence
A5087542455,artificial intelligence
A5004080101,artificial intelligence
A5063851579,operating system
A5059918485,artificial intelligence
A5045198429,artificial intelligence
A5079168872,artificial intelligence
A5089550455,artificial intelligence
A5070640241,artificial intelligence
A5034936272,artificial intelligence
A5058847992,machine learning
A5007146500,programming language
A5032913022,natural language processing
A5025411656,machine learning
A5074171666,machine learning
A5060546670,machine learning
A5065492693,artificial intelligence
A5047675974,artificial intelligence
A5037959765,artificial intelligence
A5062077023,natural language processing
A5047486576,artificial intelligence
A5008557898,data science
A5015220542,machine learning
A5079101342,data mining
A5081378199,artificial intelligence
A5038148356,artificial intelligence
A5069384506,machine learning
A5038304150,operating system
A5000937401,artificial intelligence
A5053364898,artificial intelligence
A5024169595,data science
A5079405118,machine learning
A5058275190,artificial intelligence
A5066265052,artificial intelligence
A5020310155,artificial intelligence
A5070028115,artificial intelligence
A5047541029,artificial intelligence
A5089808891,artificial intelligence
A5051832041,artificial intelligence
A5039725515,artificial intelligence
A5041363986,artificial intelligence
A5056420801,artificial intelligence
A5063141027,artificial intelligence
A5062433915,artificial intelligence
A5061163693,artificial intelligence
A5016380950,artificial intelligence
A5089332324,artificial intelligence
A5020686179,artificial intelligence
A5045115593,artificial intelligence
A5080404328,artificial intelligence
A5018851970,artificial intelligence
A5083464568,artificial intelligence
A5080713659,artificial intelligence
A5047617451,artificial intelligence
A5018752136,artificial intelligence
A5038968228,artificial intelligence
A5045101158,artificial intelligence
A5089259664,artificial intelligence
A5066523152,artificial intelligence
A5024428448,artificial intelligence
A5033990442,natural language processing
A5071010012,artificial intelligence
A5056384285,artificial intelligence
A5000665137,artificial intelligence
A5046374875,artificial intelligence
A5031128531,artificial intelligence
A5056462004,artificial intelligence
A5000474356,artificial intelligence
A5034698887,artificial intelligence
A5022294742,artificial intelligence
A5082300315,artificial intelligence
A5065630217,artificial intelligence
A5045086893,artificial intelligence
A5048566788,artificial intelligence
A5013181392,artificial intelligence
A5040387458,artificial intelligence
A5016075210,artificial intelligence
A5029826472,world wide web
A5022751914,programming language
A5075684990,computer vision
A5069302795,artificial intelligence
A5048853113,operating system
A5045809047,artificial intelligence
A5022570169,natural language processing
A5056664059,natural language processing
A5018376555,artificial intelligence
A5056293251,artificial intelligence
A5042705320,programming language
A5044573423,programming language
A5065458044,programming language
A5012267742,programming language
A5003062781,programming language
A5040056625,programming language
A5052682036,operating system
A5015931553,artificial intelligence
A5067597688,artificial intelligence
A5004206574,artificial intelligence
A5083511107,operating system
A5016178673,operating system
A5068268204,artificial intelligence
A5066797327,artificial intelligence
A5039553919,artificial intelligence
A5063086622,artificial intelligence
A5021451115,artificial intelligence
A5014716105,operating system
A5037492592,operating system
A5083406305,artificial intelligence
A5010560354,artificial intelligence
A5063606425,multimedia
A5062878408,artificial intelligence
A5087769508,artificial intelligence
A5026272914,programming language
A5000608521,artificial intelligence
A5091198258,operating system
A5080202311,artificial intelligence
A5089661355,machine learning
A5074813166,artificial intelligence
A5019145002,artificial intelligence
A5081661873,operating system
A5042982258,artificial intelligence
A5007680672,artificial intelligence
A5035866142,artificial intelligence
A5028996052,artificial intelligence
A5032236864,artificial intelligence
A5054322944,artificial intelligence
A5070850864,artificial intelligence
A5046196464,artificial intelligence
A5016125211,computer network
A5087851812,operating system
A5079784392,operating system
A5063155550,machine learning
A5054882691,artificial intelligence
A5063407210,artificial intelligence
A5086221093,artificial intelligence
A5064459980,artificial intelligence
A5018863930,artificial intelligence
A5027769646,artificial intelligence
A5031279847,artificial intelligence
A5034657358,artificial intelligence
A5039292216,artificial intelligence
A5012374633,speech recognition
A5066682425,artificial intelligence
A5053064477,artificial intelligence
A5011290120,artificial intelligence
A5029498362,artificial intelligence
A5035967128,artificial intelligence
A5075728013,artificial intelligence
A5049986671,machine learning
A5050627433,artificial intelligence
A5018683729,machine learning
A5058918990,artificial intelligence
A5070441489,machine learning
A5007213845,artificial intelligence
A5086610530,artificial intelligence
A5006190733,artificial intelligence
A5017138940,artificial intelligence
A5024901674,programming language
A5010782638,artificial intelligence
A5023142117,artificial intelligence
A5090776261,artificial intelligence
A5077559088,artificial intelligence
A5073860353,artificial intelligence
A5065951085,artificial intelligence
A5057293895,artificial intelligence
A5068068168,library science
A5074837121,programming language
A5033306222,computer vision
A5050922013,machine learning
A5055716884,machine learning
A5063261588,artificial intelligence
A5074144018,artificial intelligence
A5036812254,programming language
A5075230989,programming language
A5066677397,programming language
A5040099871,artificial intelligence
A5084702945,programming language
A5029403661,programming language
A5023082537,programming language
A5015764128,programming language
A5039414480,programming language
A5007123356,programming language
A5022301074,programming language
A5015037215,programming language
A5046935235,programming language
A5047694866,programming language
A5016342119,programming language
A5065224797,artificial intelligence
A5018073225,artificial intelligence
A5062197219,artificial intelligence
A5004515666,artificial intelligence
A5091292625,operating system
A5007454642,operating system
A5008126626,multimedia
A5011621017,data science
A5062438024,data science
A5027417733,artificial intelligence
A5047913100,artificial intelligence
A5055783879,knowledge management
A5077844908,artificial intelligence
A5073951139,artificial intelligence
A5034811937,operating system
A5047065550,artificial intelligence
A5005889392,artificial intelligence
A5081488662,artificial intelligence
A5038612499,artificial intelligence
A5072768866,artificial intelligence
A5089404640,artificial intelligence
A5054614892,artificial intelligence
A5062535545,artificial intelligence
A5084301618,artificial intelligence
A5009773116,artificial intelligence
A5045465251,artificial intelligence
A5057990608,artificial intelligence
A5000111053,operating system
A5018440291,operating system
A5086843554,multimedia
A5086697455,multimedia
A5037007710,operating system
A5052442286,artificial intelligence
A5024101961,artificial intelligence
A5077860299,artificial intelligence
A5038915241,programming language
A5019441516,computer vision
A5074543641,artificial intelligence
A5004579631,artificial intelligence
A5009439686,artificial intelligence
A5079207506,artificial intelligence
A5029702945,programming language
A5038997077,artificial intelligence
A5074617957,artificial intelligence
A5025105687,computer security
A5034350533,computer security
A5005707351,knowledge management
A5058797212,artificial intelligence
A5065470584,artificial intelligence
A5024102780,artificial intelligence
A5073328472,artificial intelligence
A5003864635,knowledge management
A5015615642,world wide web
A5076204770,world wide web
A5032671962,machine learning
A5036243270,world wide web
A5018228258,operating system
A5012757357,artificial intelligence
A5041843119,programming language
A5020518108,artificial intelligence
A5061831201,artificial intelligence
A5059698647,artificial intelligence
A5029754134,artificial intelligence
A5059514204,artificial intelligence
A5072789298,artificial intelligence
A5018184772,artificial intelligence
A5054505916,artificial intelligence
A5070560728,computer security
A5012025870,operating system
A5063345953,operating system
A5000506517,artificial intelligence
A5056251028,artificial intelligence
A5077723508,programming language
A5031912015,artificial intelligence
A5058104501,artificial intelligence
A5053742635,machine learning
A5005663679,operating system
A5028742632,artificial intelligence
A5067731925,artificial intelligence
A5037853382,natural language processing
A5051439492,artificial intelligence
A5030730297,computer network
A5066130528,artificial intelligence
A5007517435,artificial intelligence
A5039630596,artificial intelligence
A5057260089,operating system
A5073869382,operating system
A5070898273,artificial intelligence
A5080470963,artificial intelligence
A5021937615,artificial intelligence
A5083214023,artificial intelligence
A5071376063,artificial intelligence
A5026658144,artificial intelligence
A5040052770,artificial intelligence
A5018246603,machine learning
A5080349849,data science
A5009584128,data science
A5079127414,artificial intelligence
A5046137138,machine learning
A5044438667,artificial intelligence
A5025655965,artificial intelligence
A5074613565,computer vision
A5041277719,computer security
A5058166217,computer network
A5081017623,artificial intelligence
A5083743189,artificial intelligence
A5010381386,artificial intelligence
A5003871253,artificial intelligence
A5003531226,artificial intelligence
A5074696032,artificial intelligence
A5029695446,computer vision
A5026062446,artificial intelligence
A5000513247,artificial intelligence
A5046365943,artificial intelligence
A5082650907,artificial intelligence
A5025894735,artificial intelligence
A5055018292,operating system
A5059577520,artificial intelligence
A5071725533,natural language processing
A5065365889,natural language processing
A5002455378,machine learning
A5084282661,artificial intelligence
A5017921227,programming language
A5053148274,artificial intelligence
A5071375822,artificial intelligence
A5076742901,operating system
A5054692962,artificial intelligence
A5082543725,database
A5048471202,database
A5004489501,artificial intelligence
A5085519104,artificial intelligence
A5000128668,artificial intelligence
A5071959897,artificial intelligence
A5067907907,artificial intelligence
A5016552784,artificial intelligence
A5018458084,artificial intelligence
A5053315898,artificial intelligence
A5083207864,artificial intelligence
A5021102755,programming language
A5043659905,programming language
A5024633061,programming language
A5079123162,programming language
A5005837856,artificial intelligence
A5037617317,artificial intelligence
A5090773374,machine learning
A5023246618,machine learning
A5053523021,programming language
A5070275369,operating system
A5052102014,artificial intelligence
A5047225984,artificial intelligence
A5085117832,artificial intelligence
A5005975381,artificial intelligence
A5009930587,artificial intelligence
A5045667752,artificial intelligence
A5030410007,artificial intelligence
A5043977449,artificial intelligence
A5091218170,operating system
A5018732292,computer security
A5052295467,artificial intelligence
A5044338760,machine learning
A5063145937,natural language processing
A5067900673,natural language processing
A5013181752,natural language processing
A5064304212,programming language
A5004116961,world wide web
A5001833084,artificial intelligence
A5079466450,artificial intelligence
A5011232415,artificial intelligence
A5042774643,artificial intelligence
A5023988425,artificial intelligence
A5005183383,artificial intelligence
A5021215761,artificial intelligence
A5063896405,computer network
A5090603070,artificial intelligence
A5076006629,artificial intelligence
A5063009143,artificial intelligence
A5057002364,artificial intelligence
A5082935691,artificial intelligence
A5022270828,artificial intelligence
A5019005442,artificial intelligence
A5082073329,artificial intelligence
A5058669446,artificial intelligence
A5070501819,operating system
A5056712280,natural language processing
A5049066010,artificial intelligence
A5081632776,machine learning
A5090320352,artificial intelligence
A5012275958,artificial intelligence
A5065988061,computer vision
A5031962914,machine learning
A5006710481,artificial intelligence
A5051235308,artificial intelligence
A5004453915,artificial intelligence
A5006381834,artificial intelligence
A5083550803,artificial intelligence
A5040568269,artificial intelligence
A5001530177,artificial intelligence
A5076457950,world wide web
A5048304690,world wide web
A5031358583,artificial intelligence
A5087480048,artificial intelligence
A5080576150,artificial intelligence
A5061507436,artificial intelligence
A5083809384,machine learning
A5047330540,operating system
A5028580510,machine learning
A5041875424,machine learning
A5091879155,machine learning
A5077039199,artificial intelligence
A5031707583,operating system
A5050498350,artificial intelligence
A5061023296,speech recognition
A5034253968,artificial intelligence
A5087628767,artificial intelligence
A5038125761,artificial intelligence
A5079870557,artificial intelligence
A5005288903,artificial intelligence
A5057469037,artificial intelligence
A5005228053,operating system
A5043464306,operating system
A5033550701,machine learning
A5083062006,artificial intelligence
A5047299070,machine learning
A5004362992,operating system
A5025309602,operating system
A5036408715,artificial intelligence
A5050379895,artificial intelligence
A5078356081,artificial intelligence
A5015585417,artificial intelligence
A5089101522,computer network
A5080042552,artificial intelligence
A5025869535,artificial intelligence
A5089314771,artificial intelligence
A5086956476,artificial intelligence
A5047948764,artificial intelligence
A5048651546,artificial intelligence
A5078570390,artificial intelligence
A5026465320,artificial intelligence
A5026873916,operating system
A5001719039,knowledge management
A5085366537,operating system
A5027376400,computer network
A5017877687,computer network
A5013326273,computer network
A5012899746,computer security
A5017566136,artificial intelligence
A5042804760,artificial intelligence
A5086050517,operating system
A5018926238,artificial intelligence
A5062453217,artificial intelligence
A5027141251,artificial intelligence
A5047033713,artificial intelligence
A5023089209,artificial intelligence
A5066026428,artificial intelligence
A5061021795,artificial intelligence
A5003252250,artificial intelligence
A5089482942,artificial intelligence
A5035625381,artificial intelligence
A5078316510,artificial intelligence
A5018303984,artificial intelligence
A5018313288,artificial intelligence
A5004057129,artificial intelligence
A5057105042,artificial intelligence
A5015715867,artificial intelligence
A5050970535,multimedia
A5079112003,artificial intelligence
A5064434141,artificial intelligence
A5018655950,artificial intelligence
A5088177576,artificial intelligence
A5013883233,artificial intelligence
A5040344438,artificial intelligence
A5014160643,artificial intelligence
A5039162431,natural language processing
A5058715747,operating system
A5037879963,artificial intelligence
A5001532037,programming language
A5015961883,natural language processing
A5025743742,artificial intelligence
A5062848323,artificial intelligence
A5076844884,artificial intelligence
A5044244385,artificial intelligence
A5057625030,artificial intelligence
A5069985968,artificial intelligence
A5000856508,programming language
A5063188437,operating system
A5002154840,artificial intelligence
A5079227983,artificial intelligence
A5079362815,artificial intelligence
A5091259315,information retrieval
A5007446175,artificial intelligence
A5030647388,artificial intelligence
A5000620878,artificial intelligence
A5044258528,artificial intelligence
A5028672193,artificial intelligence
A5024972825,operating system
A5051540293,artificial intelligence
A5046140730,artificial intelligence
A5079596403,artificial intelligence
A5082106258,artificial intelligence
A5016547705,artificial intelligence
A5025877936,artificial intelligence
A5024107070,artificial intelligence
A5021319515,artificial intelligence
A5044129236,artificial intelligence
A5009505719,operating system
A5061140818,artificial intelligence
A5050256142,artificial intelligence
A5081935227,knowledge management
A5053742461,data mining
A5040367566,machine learning
A5073407410,artificial intelligence
A5016087340,artificial intelligence
A5040419891,artificial intelligence
A5018297979,artificial intelligence
A5091682436,operating system
A5038935988,knowledge management
A5071035935,artificial intelligence
A5065024170,artificial intelligence
A5066968386,artificial intelligence
A5066769024,artificial intelligence
A5074102447,artificial intelligence
A5020587578,artificial intelligence
A5080754201,artificial intelligence
A5046618429,operating system
A5071676326,natural language processing
A5052834075,artificial intelligence
A5014788276,artificial intelligence
A5089399908,artificial intelligence
A5073150284,artificial intelligence
A5028152609,artificial intelligence
A5011988788,artificial intelligence
A5042920997,artificial intelligence
A5006992390,artificial intelligence
A5050619335,artificial intelligence
A5042335595,artificial intelligence
A5034620242,artificial intelligence
A5032070009,artificial intelligence
A5054109049,artificial intelligence
A5047073710,artificial intelligence
A5041368759,artificial intelligence
A5067623438,machine learning
A5054784606,machine learning
A5008127339,machine learning
A5030122864,artificial intelligence
A5046172843,computer network
A5051130640,computer network
A5054919647,artificial intelligence
A5091292969,artificial intelligence
A5066844387,artificial intelligence
A5010806830,artificial intelligence
A5061686382,computer security
A5058232226,computer security
A5089301619,machine learning
A5020716393,computer vision
A5005002693,artificial intelligence
A5022329888,theoretical computer science
A5085421841,artificial intelligence
A5023384568,artificial intelligence
A5065539172,knowledge management
A5038000226,artificial intelligence
A5061734257,operating system
A5055689400,artificial intelligence
A5070527085,machine learning
A5070327607,artificial intelligence
A5008409828,artificial intelligence
A5000376925,artificial intelligence
A5088422639,artificial intelligence
A5036405267,artificial intelligence
A5015886313,artificial intelligence
A5021197146,artificial intelligence
A5012930597,artificial intelligence
A5013447033,artificial intelligence
A5006595915,programming language
A5010329554,artificial intelligence
A5057607650,computer vision
A5079182058,artificial intelligence
A5046160172,programming language
A5064927253,artificial intelligence
A5011315708,natural language processing
A5064584422,artificial intelligence
A5067308324,programming language
A5077398892,artificial intelligence
A5075765401,artificial intelligence
A5052662458,artificial intelligence
A5067046621,artificial intelligence
A5002458434,artificial intelligence
A5004832857,artificial intelligence
A5061698384,artificial intelligence
A5003762688,artificial intelligence
A5083972381,artificial intelligence
A5028313094,artificial intelligence
A5089297277,artificial intelligence
A5069527664,artificial intelligence
A5046532358,artificial intelligence
A5036401270,machine learning
A5071907083,artificial intelligence
A5048696525,machine learning
A5015058244,machine learning
A5010424125,artificial intelligence
A5002842122,artificial intelligence
A5037432395,artificial intelligence
A5034635671,artificial intelligence
A5020508568,operating system
A5050580682,artificial intelligence
A5084035310,artificial intelligence
A5082500819,operating system
A5047899511,artificial intelligence
A5010975997,artificial intelligence
A5026815378,artificial intelligence
A5090445830,artificial intelligence
A5070711650,operating system
A5005898699,operating system
A5027710558,world wide web
A5011455884,artificial intelligence
A5061752387,artificial intelligence
A5020590914,internet privacy
A5074670449,artificial intelligence
A5055702097,artificial intelligence
A5079293684,artificial intelligence
A5014135635,artificial intelligence
A5037026722,multimedia
A5039464384,artificial intelligence
A5026660633,artificial intelligence
A5079878721,programming language
A5054606088,computer network
A5036801178,operating system
A5057129019,operating system
A5080283629,machine learning
A5010721126,artificial intelligence
A5046627623,artificial intelligence
A5068576662,artificial intelligence
A5030117787,world wide web
A5055552372,artificial intelligence
A5058812347,artificial intelligence
A5006735490,knowledge management
A5059934493,operating system
A5070113062,world wide web
A5004583573,data science
A5005239113,computer vision
A5003319227,artificial intelligence
A5006295689,artificial intelligence
A5076757633,machine learning
A5040523347,world wide web
A5060208989,programming language
A5002436005,artificial intelligence
A5069743713,artificial intelligence
A5048480750,data science
A5087617713,computer vision
A5055324596,world wide web
A5035757066,operating system
A5009195994,operating system
A5054977265,operating system
A5007301729,artificial intelligence
A5090043416,artificial intelligence
A5080630773,artificial intelligence
A5028422125,artificial intelligence
A5021019045,artificial intelligence
A5013960593,artificial intelligence
A5062401089,machine learning
A5084828574,artificial intelligence
A5007547440,artificial intelligence
A5058382805,computer security
A5011403708,artificial intelligence
A5043494880,computer security
A5086016443,artificial intelligence
A5034792667,artificial intelligence
A5070352738,artificial intelligence
A5048028208,artificial intelligence
A5071582618,artificial intelligence
A5052325527,artificial intelligence
A5074009647,artificial intelligence
A5057726106,machine learning
A5046543877,artificial intelligence
A5012207545,machine learning
A5031423617,artificial intelligence
A5010766325,artificial intelligence
A5089029287,artificial intelligence
A5039951150,artificial intelligence
A5065664393,artificial intelligence
A5016717457,operating system
A5000914197,knowledge management
A5062215861,artificial intelligence
A5000343515,artificial intelligence
A5008610517,machine learning
A5021657351,artificial intelligence
A5071019184,artificial intelligence
A5078026673,artificial intelligence
A5044370037,artificial intelligence
A5039774878,operating system
A5085011444,artificial intelligence
A5070510332,artificial intelligence
A5072457084,knowledge management
A5044527594,computer network
A5019010192,computer vision
A5005771535,artificial intelligence
A5027532022,artificial intelligence
A5053899885,artificial intelligence
A5024405571,artificial intelligence
A5015196683,artificial intelligence
A5071647526,artificial intelligence
A5091533296,artificial intelligence
A5024866294,operating system
A5029024321,operating system
A5035314874,artificial intelligence
A5013800269,artificial intelligence
A5073634264,artificial intelligence
A5047652595,artificial intelligence
A5063156671,operating system
A5015998133,artificial intelligence
A5019922027,programming language
A5020231952,artificial intelligence
A5030743088,artificial intelligence
A5089263417,programming language
A5074122666,artificial intelligence
A5055268165,artificial intelligence
A5066686870,artificial intelligence
A5072996834,artificial intelligence
A5012510942,machine learning
A5002365590,programming language
A5076220011,machine learning
A5006429708,programming language
A5067655368,artificial intelligence
A5049844809,artificial intelligence
A5086124602,database
A5084973562,artificial intelligence
A5060599622,artificial intelligence
A5085343290,artificial intelligence
A5081114810,artificial intelligence
A5033867133,artificial intelligence
A5088469315,operating system
A5024503979,world wide web
A5051315027,artificial intelligence
A5006211498,machine learning
A5081591999,artificial intelligence
A5014061575,artificial intelligence
A5000354783,artificial intelligence
A5009815533,programming language
A5074101738,artificial intelligence
A5083472752,artificial intelligence
A5023048207,artificial intelligence
A5048156605,artificial intelligence
A5074782993,operating system
A5087505725,operating system
A5042885686,artificial intelligence
A5028200774,artificial intelligence
A5083232835,artificial intelligence
A5004065024,artificial intelligence
A5007497742,artificial intelligence
A5047091153,artificial intelligence
A5032030004,artificial intelligence
A5024660179,artificial intelligence
A5091234228,world wide web
A5006872667,artificial intelligence
A5003427504,artificial intelligence
A5052365388,artificial intelligence
A5008983457,artificial intelligence
A5007281490,artificial intelligence
A5064933026,artificial intelligence
A5063776233,artificial intelligence
A5013815316,computer vision
A5005925953,artificial intelligence
A5087208876,machine learning
A5082423050,theoretical computer science
A5034720507,artificial intelligence
A5021872235,data science
A5082105962,artificial intelligence
A5062425673,multimedia
A5018201835,machine learning
A5043945029,artificial intelligence
A5018480627,artificial intelligence
A5024040348,artificial intelligence
A5047222739,artificial intelligence
A5062481314,artificial intelligence
A5017065683,artificial intelligence
A5004090723,artificial intelligence
A5009990665,artificial intelligence
A5073384489,artificial intelligence
A5021245828,natural language processing
A5005285449,computer vision
A5043383832,artificial intelligence
A5068911982,artificial intelligence
A5059133615,knowledge management
A5035252718,machine learning
A5042076692,natural language processing
A5052409198,artificial intelligence
A5011128267,programming language
A5001067195,computer vision
A5016069709,artificial intelligence
A5029440428,artificial intelligence
A5077347005,artificial intelligence
A5078989577,programming language
A5015793382,artificial intelligence
A5043985247,artificial intelligence
A5025528705,machine learning
A5074875828,artificial intelligence
A5038050126,artificial intelligence
A5047536846,artificial intelligence
A5074201997,programming language
A5064907112,artificial intelligence
A5036652783,artificial intelligence
A5081539662,theoretical computer science
A5080957042,artificial intelligence
A5087772837,artificial intelligence
A5031814143,operating system
A5086188437,artificial intelligence
A5044266023,artificial intelligence
A5032873361,artificial intelligence
A5009502564,artificial intelligence
A5079869034,artificial intelligence
A5073297794,artificial intelligence
A5004273214,artificial intelligence
A5014738272,artificial intelligence
A5034151810,artificial intelligence
A5009952869,artificial intelligence
A5009001519,artificial intelligence
A5055654620,artificial intelligence
A5015107963,knowledge management
A5065713588,artificial intelligence
A5039583821,programming language
A5065705195,operating system
A5034269796,artificial intelligence
A5051876897,computer vision
A5047139038,artificial intelligence
A5078364973,artificial intelligence
A5063174893,computer security
A5071892402,artificial intelligence
A5086573660,artificial intelligence
A5056746274,artificial intelligence
A5024463686,artificial intelligence
A5075564798,artificial intelligence
A5015956613,computer network
A5009175619,machine learning
A5062641378,artificial intelligence
A5068501069,artificial intelligence
A5079301418,operating system
A5046343080,operating system
A5004191382,operating system
A5046093234,multimedia
A5053670340,artificial intelligence
A5090703194,artificial intelligence
A5077008266,artificial intelligence
A5043081558,artificial intelligence
A5026831391,data science
A5069030030,artificial intelligence
A5084592859,artificial intelligence
A5034635089,artificial intelligence
A5012957543,artificial intelligence
A5056391501,database
A5033753600,artificial intelligence
A5079590099,natural language processing
A5003302983,artificial intelligence
A5012492839,artificial intelligence
A5053639209,artificial intelligence
A5040402369,operating system
A5007521335,operating system
A5002732867,artificial intelligence
A5056086923,artificial intelligence
A5008176403,artificial intelligence
A5088750767,artificial intelligence
A5062428729,artificial intelligence
A5063700558,artificial intelligence
A5026290532,computer network
A5032634346,artificial intelligence
A5027441885,artificial intelligence
A5081692910,information retrieval
A5033582512,world wide web
A5042269065,world wide web
A5050769713,artificial intelligence
A5088027653,artificial intelligence
A5017531392,knowledge management
A5016222651,artificial intelligence
A5075432056,artificial intelligence
A5041199606,artificial intelligence
A5022176859,artificial intelligence
A5037344297,artificial intelligence
A5037691648,artificial intelligence
A5076837177,data science
A5080105972,artificial intelligence
A5001117250,artificial intelligence
A5069996240,artificial intelligence
A5047517734,artificial intelligence
A5046572286,artificial intelligence
A5003115000,artificial intelligence
A5081758546,artificial intelligence
A5069060297,artificial intelligence
A5029842446,artificial intelligence
A5007994353,artificial intelligence
A5015675169,artificial intelligence
A5010973698,artificial intelligence
A5053515901,artificial intelligence
A5045755642,artificial intelligence
A5081815959,operating system
A5061970522,operating system
A5073562330,artificial intelligence
A5028736137,data science
A5008688930,machine learning
A5004024474,operating system
A5074860559,artificial intelligence
A5067950570,artificial intelligence
A5015913529,programming language
A5083789289,artificial intelligence
A5003992978,artificial intelligence
A5015129790,artificial intelligence
A5001472309,artificial intelligence
A5022359423,artificial intelligence
A5052097132,artificial intelligence
A5056376644,machine learning
A5030678782,artificial intelligence
A5001882647,artificial intelligence
A5044854900,operating system
A5008124991,operating system
A5059238203,artificial intelligence
A5043066914,machine learning
A5035640046,programming language
A5075013774,machine learning
A5007282049,artificial intelligence
A5077151837,artificial intelligence
A5072110005,multimedia
A5020879211,operating system
A5084086972,multimedia
A5021250891,multimedia
A5059096060,multimedia
A5084367389,artificial intelligence
A5079174269,operating system
A5044844818,machine learning
A5079583608,world wide web
A5059233518,artificial intelligence
A5054979460,artificial intelligence
A5076935774,artificial intelligence
A5001120804,programming language
A5027680628,artificial intelligence
A5027691933,programming language
A5018915016,artificial intelligence
A5010771495,machine learning
A5000997645,artificial intelligence
A5018490825,operating system
A5041338608,world wide web
A5029432407,machine learning
A5038122533,world wide web
A5010170972,operating system
A5024711752,artificial intelligence
A5048261131,programming language
A5082501035,operating system
A5070230184,natural language processing
A5033697529,artificial intelligence
A5012027004,artificial intelligence
A5012428794,artificial intelligence
A5015908369,artificial intelligence
A5080240262,data science
A5070896564,artificial intelligence
A5024501121,programming language
A5087367222,artificial intelligence
A5067599928,artificial intelligence
A5069334140,artificial intelligence
A5090205116,artificial intelligence
A5076918148,artificial intelligence
A5008040085,artificial intelligence
A5087041607,artificial intelligence
A5043334355,artificial intelligence
A5074492402,artificial intelligence
A5003477563,machine learning
A5077826199,machine learning
A5051938848,artificial intelligence
A5012679236,artificial intelligence
A5085569944,machine learning
A5087235995,artificial intelligence
A5073570946,artificial intelligence
A5078937916,artificial intelligence
A5046932726,artificial intelligence
A5047093707,programming language
A5059180650,artificial intelligence
A5087379941,artificial intelligence
A5005721507,artificial intelligence
A5083099005,artificial intelligence
A5029514650,multimedia
A5012748071,artificial intelligence
A5062906790,artificial intelligence
A5015357432,artificial intelligence
A5059076487,computer vision
A5018058480,artificial intelligence
A5038318637,programming language
A5089744377,artificial intelligence
A5031582273,multimedia
A5002623565,artificial intelligence
A5075459877,artificial intelligence
A5036701781,artificial intelligence
A5074371899,artificial intelligence
A5003923687,artificial intelligence
A5010419481,artificial intelligence
A5043777246,artificial intelligence
A5077134613,computer security
A5031582400,operating system
A5014964450,operating system
A5083102952,knowledge management
A5080362214,operating system
A5088549305,artificial intelligence
A5002832127,artificial intelligence
A5005365069,artificial intelligence
A5018115129,world wide web
A5009586817,artificial intelligence
A5036583267,machine learning
A5053165719,machine learning
A5075795132,programming language
A5081612509,artificial intelligence
A5057218134,artificial intelligence
A5011665956,artificial intelligence
A5024088980,artificial intelligence
A5074303469,computer network
A5040516160,operating system
A5062817487,machine learning
A5019959002,artificial intelligence
A5013088513,artificial intelligence
A5057827968,artificial intelligence
A5014840665,machine learning
A5047041804,artificial intelligence
A5087898792,artificial intelligence
A5065193657,artificial intelligence
A5052998135,machine learning
A5075411702,artificial intelligence
A5074152408,computer network
A5034856048,artificial intelligence
A5089812166,artificial intelligence
A5013118179,artificial intelligence
A5079158943,artificial intelligence
A5032612218,artificial intelligence
A5081274323,computer vision
A5035540038,artificial intelligence
A5063978613,artificial intelligence
A5070080426,artificial intelligence
A5055891033,artificial intelligence
A5080191557,operating system
A5075877108,artificial intelligence
A5080175404,artificial intelligence
A5039040767,artificial intelligence
A5045928057,world wide web
A5008154038,artificial intelligence
A5074645155,artificial intelligence
A5049627979,artificial intelligence
A5060656344,artificial intelligence
A5087545065,artificial intelligence
A5046338839,artificial intelligence
A5029616049,artificial intelligence
A5012529469,artificial intelligence
A5081803512,machine learning
A5087024385,machine learning
A5044679220,world wide web
A5077556450,artificial intelligence
A5063116320,operating system
A5042008066,operating system
A5007273054,artificial intelligence
A5071409020,machine learning
A5063965180,operating system
A5039827669,programming language
A5023652725,artificial intelligence
A5045878695,artificial intelligence
A5060459506,artificial intelligence
A5043642303,artificial intelligence
A5009914831,artificial intelligence
A5051625374,artificial intelligence
A5091037833,artificial intelligence
A5031290861,computer security
A5037807611,computer security
A5017145937,world wide web
A5032671971,artificial intelligence
A5020284420,artificial intelligence
A5050227787,artificial intelligence
A5058712739,operating system
A5057618925,operating system
A5074926422,operating system
A5057332137,operating system
A5026754201,operating system
A5051623300,artificial intelligence
A5036108068,artificial intelligence
A5060284292,artificial intelligence
A5040302008,artificial intelligence
A5073006299,artificial intelligence
A5017499347,artificial intelligence
A5053155252,artificial intelligence
A5005258575,artificial intelligence
A5021502111,artificial intelligence
A5070517688,artificial intelligence
A5048229843,artificial intelligence
A5024823282,artificial intelligence
A5023918239,artificial intelligence
A5087104455,artificial intelligence
A5014643856,artificial intelligence
A5014046423,artificial intelligence
A5021103485,artificial intelligence
A5041358150,artificial intelligence
A5011208990,artificial intelligence
A5068905728,artificial intelligence
A5009270487,operating system
A5081510302,machine learning
A5070369693,artificial intelligence
A5000423121,artificial intelligence
A5037688054,operating system
A5022917090,computer network
A5022456933,artificial intelligence
A5068143882,artificial intelligence
A5023499084,artificial intelligence
A5042746008,artificial intelligence
A5060631567,artificial intelligence
A5023943374,artificial intelligence
A5004830785,computer network
A5016844866,artificial intelligence
A5023896269,artificial intelligence
A5053749724,artificial intelligence
A5038550641,artificial intelligence
A5046392298,artificial intelligence
A5058158315,artificial intelligence
A5029417447,artificial intelligence
A5053408297,artificial intelligence
A5050086811,operating system
A5035997603,artificial intelligence
A5083454802,artificial intelligence
A5015768486,machine learning
A5039051706,operating system
A5026994657,programming language
A5076985479,artificial intelligence
A5002994164,artificial intelligence
A5030348494,artificial intelligence
A5018921889,knowledge management
A5031342394,artificial intelligence
A5038976846,artificial intelligence
A5062170043,operating system
A5080836593,artificial intelligence
A5064235058,computer vision
A5079073940,artificial intelligence
A5042768069,artificial intelligence
A5021178961,artificial intelligence
A5058368955,programming language
A5063233199,artificial intelligence
A5007571091,artificial intelligence
A5007242502,artificial intelligence
A5023900447,database
A5033228195,operating system
A5080759463,computer vision
A5011563165,artificial intelligence
A5074413858,computer network
A5059608759,computer network
A5075639286,computer network
A5067319166,computer network
A5035915560,artificial intelligence
A5036220430,operating system
A5068453511,artificial intelligence
A5005514947,multimedia
A5060936121,artificial intelligence
A5080323229,computer security
A5070236439,artificial intelligence
A5081194619,artificial intelligence
A5050289263,artificial intelligence
A5049418599,artificial intelligence
A5082706620,operating system
A5044632948,world wide web
A5073935947,artificial intelligence
A5079990241,artificial intelligence
A5009569179,artificial intelligence
A5050716236,artificial intelligence
A5061952215,operating system
A5072656355,operating system
A5032088712,artificial intelligence
A5004869543,artificial intelligence
A5015798012,artificial intelligence
A5085245110,artificial intelligence
A5005709068,artificial intelligence
A5063255292,artificial intelligence
A5033621772,artificial intelligence
A5064086421,artificial intelligence
A5043831748,artificial intelligence
A5088102503,machine learning
A5025566723,machine learning
A5011924340,machine learning
A5058874220,data science
A5019651281,data science
A5077721734,artificial intelligence
A5033556979,machine learning
A5009697206,artificial intelligence
A5001616788,artificial intelligence
A5067802742,artificial intelligence
A5028132966,artificial intelligence
A5086156927,artificial intelligence
A5053681063,machine learning
A5081953081,artificial intelligence
A5082691724,programming language
A5029876355,artificial intelligence
A5039456896,artificial intelligence
A5042893723,artificial intelligence
A5084772706,machine learning
A5075290847,machine learning
A5064474527,world wide web
A5091291466,machine learning
A5004045549,operating system
A5047509839,artificial intelligence
A5022683388,artificial intelligence
A5006020770,artificial intelligence
A5069043950,artificial intelligence
A5021903484,computer vision
A5044828038,artificial intelligence
A5051794193,artificial intelligence
A5050701284,artificial intelligence
A5002385420,artificial intelligence
A5050865451,artificial intelligence
A5026157285,artificial intelligence
A5014910336,artificial intelligence
A5051753143,artificial intelligence
A5089612078,artificial intelligence
A5004804647,artificial intelligence
A5012105091,artificial intelligence
A5068665373,artificial intelligence
A5062039529,artificial intelligence
A5080734444,artificial intelligence
A5040555464,artificial intelligence
A5068368596,artificial intelligence
A5073571303,artificial intelligence
A5082703226,artificial intelligence
A5032776469,artificial intelligence
A5091019994,artificial intelligence
A5025629696,artificial intelligence
A5040939601,artificial intelligence
A5054827321,artificial intelligence
A5029670581,artificial intelligence
A5082075598,artificial intelligence
A5005947097,artificial intelligence
A5007008031,artificial intelligence
A5039092855,artificial intelligence
A5014515868,artificial intelligence
A5048285002,artificial intelligence
A5044115765,artificial intelligence
A5079091933,computer vision
A5015344813,artificial intelligence
A5069162147,natural language processing
A5052804438,operating system
A5080242338,artificial intelligence
A5020101419,artificial intelligence
A5039193398,artificial intelligence
A5022450636,artificial intelligence
A5016990607,artificial intelligence
A5091717294,artificial intelligence
A5027733737,machine learning
A5090151187,artificial intelligence
A5036715761,artificial intelligence
A5037132097,artificial intelligence
A5088834359,artificial intelligence
A5036495504,artificial intelligence
A5091694408,computer vision
A5008567339,artificial intelligence
A5061241280,artificial intelligence
A5060087908,artificial intelligence
A5040169214,artificial intelligence
A5087795875,operating system
A5050881425,artificial intelligence
A5006048466,programming language
A5029400333,artificial intelligence
A5068070522,artificial intelligence
A5032809289,artificial intelligence
A5032017539,operating system
A5021797294,machine learning
A5088844500,programming language
A5050676173,artificial intelligence
A5039827178,programming language
A5079621023,computer security
A5034003758,artificial intelligence
A5021668832,artificial intelligence
A5010858186,programming language
A5001451924,programming language
A5079680969,operating system
A5084426434,artificial intelligence
A5027032502,artificial intelligence
A5009820805,artificial intelligence
A5035675753,data mining
A5074562924,artificial intelligence
A5041101317,artificial intelligence
A5003674186,artificial intelligence
A5021211836,artificial intelligence
A5010271807,machine learning
A5066544546,machine learning
A5032787307,operating system
A5007901804,artificial intelligence
A5016912926,artificial intelligence
A5031272169,artificial intelligence
A5045287606,artificial intelligence
A5034553962,artificial intelligence
A5033227381,artificial intelligence
A5010208461,computer vision
A5006461848,artificial intelligence
A5065923724,artificial intelligence
A5024632184,artificial intelligence
A5019909586,operating system
A5041685067,artificial intelligence
A5056049315,artificial intelligence
A5086849442,artificial intelligence
A5025221241,artificial intelligence
A5006125158,artificial intelligence
A5039841997,world wide web
A5068151130,artificial intelligence
A5038377848,artificial intelligence
A5033512118,artificial intelligence
A5039969309,artificial intelligence
A5082509016,artificial intelligence
A5044097673,artificial intelligence
A5037222443,machine learning
A5066237365,artificial intelligence
A5054865304,artificial intelligence
A5011763643,artificial intelligence
A5026456188,operating system
A5050928648,operating system
A5055029056,artificial intelligence
A5004565086,artificial intelligence
A5026662451,artificial intelligence
A5018318136,artificial intelligence
A5032772490,artificial intelligence
A5007220929,artificial intelligence
A5029924931,knowledge management
A5002571252,artificial intelligence
A5064858358,natural language processing
A5053476692,artificial intelligence
A5015611475,artificial intelligence
A5089178095,artificial intelligence
A5031807157,artificial intelligence
A5041725753,natural language processing
A5058678073,artificial intelligence
A5076298429,programming language
A5042904036,artificial intelligence
A5056776038,artificial intelligence
A5074955676,artificial intelligence
A5019081739,artificial intelligence
A5037075751,artificial intelligence
A5068977486,artificial intelligence
A5036892531,artificial intelligence
A5006992777,artificial intelligence
A5078178170,computer network
A5024900424,artificial intelligence
A5018417961,machine learning
A5090045951,machine learning
A5024481335,machine learning
A5080341858,artificial intelligence
A5078874822,artificial intelligence
A5070176191,artificial intelligence
A5067743538,machine learning
A5038388385,operating system
A5030571810,artificial intelligence
A5014873401,artificial intelligence
A5052564557,artificial intelligence
A5062747197,artificial intelligence
A5056296476,artificial intelligence
A5029442409,artificial intelligence
A5081957575,artificial intelligence
A5071503672,artificial intelligence
A5028593781,artificial intelligence
A5044985800,artificial intelligence
A5023951654,artificial intelligence
A5042071045,artificial intelligence
A5086469184,artificial intelligence
A5050333307,machine learning
A5058171850,operating system
A5044297291,multimedia
A5063906196,world wide web
A5029805698,artificial intelligence
A5083750122,artificial intelligence
A5031003967,multimedia
A5042597849,artificial intelligence
A5012707215,data mining
A5089742876,artificial intelligence
A5033850568,artificial intelligence
A5083695605,programming language
A5010595224,machine learning
A5025360037,knowledge management
A5049087570,artificial intelligence
A5006049999,programming language
A5019060617,artificial intelligence
A5051532783,artificial intelligence
A5005994891,artificial intelligence
A5034623158,operating system
A5060381913,artificial intelligence
A5050013557,artificial intelligence
A5009052165,artificial intelligence
A5057410588,artificial intelligence
A5041594348,computer network
A5018736037,programming language
A5030264543,natural language processing
A5054870026,artificial intelligence
A5059151514,artificial intelligence
A5054798706,operating system
A5074368087,artificial intelligence
A5023510020,artificial intelligence
A5037734848,programming language
A5021370648,programming language
A5066276799,operating system
A5050611104,artificial intelligence
A5036878119,artificial intelligence
A5003858935,artificial intelligence
A5045213608,natural language processing
A5071115490,artificial intelligence
A5085835894,operating system
A5024148539,operating system
A5029325643,artificial intelligence
A5005194485,artificial intelligence
A5037680248,artificial intelligence
A5041422357,artificial intelligence
A5011177272,artificial intelligence
A5003904999,artificial intelligence
A5040285126,artificial intelligence
A5031207765,artificial intelligence
A5001297995,artificial intelligence
A5008718887,artificial intelligence
A5026789951,artificial intelligence
A5041069524,artificial intelligence
A5051314617,artificial intelligence
A5020634589,artificial intelligence
A5070039497,artificial intelligence
A5072130052,world wide web
A5040572404,artificial intelligence
A5083862531,artificial intelligence
A5038111167,artificial intelligence
A5011206838,artificial intelligence
A5067444605,artificial intelligence
A5074808403,artificial intelligence
A5090159169,artificial intelligence
A5055414768,artificial intelligence
A5070250768,artificial intelligence
A5054503168,machine learning
A5071006566,internet privacy
A5027422071,artificial intelligence
A5023752093,artificial intelligence
A5043872748,artificial intelligence
A5084031085,artificial intelligence
A5030527478,artificial intelligence
A5010423760,artificial intelligence
A5064437896,world wide web
A5036833943,artificial intelligence
A5072431554,artificial intelligence
A5008926581,programming language
A5027328407,operating system
A5041301604,operating system
A5045457205,operating system
A5012527565,artificial intelligence
A5090090567,artificial intelligence
A5036936081,artificial intelligence
A5061402604,artificial intelligence
A5000888922,multimedia
A5049469197,operating system
A5032254007,computer security
A5082873304,computer security
A5007740227,operating system
A5089659001,artificial intelligence
A5011009931,artificial intelligence
A5077906080,artificial intelligence
A5059803186,artificial intelligence
A5003047037,operating system
A5010892510,programming language
A5066717558,programming language
A5052098157,programming language
A5063459196,data mining
A5007348120,data mining
A5010734390,data science
A5079739010,programming language
A5069324527,programming language
A5037823412,programming language
A5078672229,programming language
A5021978209,artificial intelligence
A5043378483,artificial intelligence
A5021369488,artificial intelligence
A5031570473,artificial intelligence
A5049783208,artificial intelligence
A5005278470,artificial intelligence
A5016825334,artificial intelligence
A5003204631,artificial intelligence
A5049533477,operating system
A5048041586,operating system
A5015718427,operating system
A5091227928,artificial intelligence
A5051784384,operating system
A5076843626,artificial intelligence
A5033615800,computer vision
A5059038746,artificial intelligence
A5056606513,artificial intelligence
A5036105953,artificial intelligence
A5023397334,artificial intelligence
A5074013333,artificial intelligence
A5087987376,artificial intelligence
A5052254085,artificial intelligence
A5068568126,artificial intelligence
A5073962777,library science
A5077953037,artificial intelligence
A5050797601,artificial intelligence
A5079799764,artificial intelligence
A5081688715,artificial intelligence
A5025940525,artificial intelligence
A5082549823,artificial intelligence
A5085985340,operating system
A5018512487,artificial intelligence
A5047664773,artificial intelligence
A5039627791,artificial intelligence
A5007832425,machine learning
A5038148603,artificial intelligence
A5047530817,artificial intelligence
A5085466979,operating system
A5058791039,operating system
A5053416622,operating system
A5083626443,artificial intelligence
A5088783622,artificial intelligence
A5007988967,artificial intelligence
A5019822609,machine learning
A5043240191,artificial intelligence
A5086591862,machine learning
A5081679367,data science
A5023928504,artificial intelligence
A5025586090,artificial intelligence
A5017972284,machine learning
A5025778213,operating system
A5012502919,artificial intelligence
A5078355580,world wide web
A5063336076,artificial intelligence
A5063198300,artificial intelligence
A5033632230,world wide web
A5037230670,artificial intelligence
A5067697464,artificial intelligence
A5064156499,machine learning
A5039951700,artificial intelligence
A5022065577,artificial intelligence
A5000093016,programming language
A5086308451,programming language
A5053440165,artificial intelligence
A5075566300,natural language processing
A5028302644,natural language processing
A5036444203,artificial intelligence
A5049412193,artificial intelligence
A5073524192,artificial intelligence
A5043258522,artificial intelligence
A5030773387,operating system
A5027253360,artificial intelligence
A5074074791,artificial intelligence
A5086576099,artificial intelligence
A5064232646,artificial intelligence
A5075720299,operating system
A5079109005,artificial intelligence
A5046712850,artificial intelligence
A5021009981,artificial intelligence
A5022244025,theoretical computer science
A5091633841,natural language processing
A5086590874,artificial intelligence
A5028911768,artificial intelligence
A5088547581,computer vision
A5052872403,speech recognition
A5045202729,artificial intelligence
A5089905348,artificial intelligence
A5042646187,world wide web
A5033137216,artificial intelligence
A5023095716,operating system
A5010833372,operating system
A5074747685,natural language processing
A5001872720,artificial intelligence
A5028162708,artificial intelligence
A5025331881,operating system
A5082653655,multimedia
A5010820805,programming language
A5073869188,computer network
A5022113818,knowledge management
A5043798819,artificial intelligence
A5078292775,artificial intelligence
A5071730627,artificial intelligence
A5042338229,artificial intelligence
A5090368430,artificial intelligence
A5008689041,artificial intelligence
A5040588151,programming language
A5068812235,artificial intelligence
A5075873230,machine learning
A5024916657,artificial intelligence
A5057236809,operating system
A5030503109,artificial intelligence
A5066381893,machine learning
A5090515318,artificial intelligence
A5050331325,artificial intelligence
A5030705783,artificial intelligence
A5028778367,artificial intelligence
A5032196502,knowledge management
A5016711703,artificial intelligence
A5051932112,artificial intelligence
A5069726973,artificial intelligence
A5074945731,artificial intelligence
A5007082510,artificial intelligence
A5089894318,multimedia
A5089921353,artificial intelligence
A5070476085,artificial intelligence
A5015964082,artificial intelligence
A5057893924,artificial intelligence
A5017476882,operating system
A5074634810,operating system
A5048119697,artificial intelligence
A5040875893,artificial intelligence
A5014443206,speech recognition
A5080969561,speech recognition
A5050113422,artificial intelligence
A5046097198,artificial intelligence
A5064211368,artificial intelligence
A5061508166,artificial intelligence
A5003285518,artificial intelligence
A5053718908,artificial intelligence
A5069835917,multimedia
A5070311717,operating system
A5040668817,artificial intelligence
A5015451584,operating system
A5022751300,artificial intelligence
A5069118034,operating system
A5082043453,knowledge management
A5048470429,world wide web
A5084044142,operating system
A5063200309,multimedia
A5027635656,operating system
A5002863938,operating system
A5059522163,artificial intelligence
A5069205798,operating system
A5008525798,knowledge management
A5074400591,artificial intelligence
A5046819657,artificial intelligence
A5053404816,artificial intelligence
A5036848702,operating system
A5053093268,data mining
A5053917840,artificial intelligence
A5016029586,artificial intelligence
A5089771591,computer network
A5016717153,operating system
A5044858418,operating system
A5076789811,operating system
A5047015912,artificial intelligence
A5029303814,artificial intelligence
A5047167568,machine learning
A5060713269,artificial intelligence
A5007376925,world wide web
A5012199683,artificial intelligence
A5030911949,artificial intelligence
A5069131707,artificial intelligence
A5048189519,artificial intelligence
A5035918921,artificial intelligence
A5013009407,artificial intelligence
A5084261733,artificial intelligence
A5004286185,artificial intelligence
A5054682246,artificial intelligence
A5022496550,artificial intelligence
A5054433231,artificial intelligence
A5013876446,artificial intelligence
A5016773435,artificial intelligence
A5052817033,artificial intelligence
A5042277242,artificial intelligence
A5081662795,artificial intelligence
A5050297433,artificial intelligence
A5010658779,artificial intelligence
A5089446348,artificial intelligence
A5037722869,computer security
A5019693953,computer security
A5074976207,computer security
A5011036492,artificial intelligence
A5039714150,programming language
A5080381047,artificial intelligence
A5035848640,machine learning
A5077206755,natural language processing
A5035310641,artificial intelligence
A5036384310,artificial intelligence
A5001969781,machine learning
A5086829278,machine learning
A5055166649,artificial intelligence
A5014753085,machine learning
A5018871735,artificial intelligence
A5063185586,artificial intelligence
A5056069128,artificial intelligence
A5013635993,artificial intelligence
A5075563175,theoretical computer science
A5076378279,artificial intelligence
A5009660908,artificial intelligence
A5002887191,artificial intelligence
A5067553715,knowledge management
A5026419830,knowledge management
A5049850982,knowledge management
A5015550681,artificial intelligence
A5011976667,artificial intelligence
A5060909146,programming language
A5046708234,machine learning
A5011835245,artificial intelligence
A5076291013,artificial intelligence
A5073956678,artificial intelligence
A5067231523,artificial intelligence
A5060671449,artificial intelligence
A5072409623,programming language
A5065014144,artificial intelligence
A5076119841,artificial intelligence
A5036341054,artificial intelligence
A5032411139,programming language
A5002415472,artificial intelligence
A5029173707,operating system
A5082726226,artificial intelligence
A5010727123,computer security
A5011642353,artificial intelligence
A5052926071,computer security
A5005290577,artificial intelligence
A5024680899,artificial intelligence
A5014547271,programming language
A5000867916,operating system
A5036763862,artificial intelligence
A5048831718,artificial intelligence
A5019740287,information retrieval
A5052020796,artificial intelligence
A5035585945,artificial intelligence
A5019223571,information retrieval
A5036124807,artificial intelligence
A5040746152,multimedia
A5083329203,multimedia
A5028128671,operating system
A5018851145,artificial intelligence
A5021062005,artificial intelligence
A5014652348,operating system
A5064090287,artificial intelligence
A5003242124,machine learning
A5052659996,programming language
A5011892251,programming language
A5040746546,programming language
A5062424191,artificial intelligence
A5071483672,artificial intelligence
A5022537740,artificial intelligence
A5009310543,artificial intelligence
A5044944680,artificial intelligence
A5079602663,artificial intelligence
A5033513648,programming language
A5085095646,artificial intelligence
A5076826398,artificial intelligence
A5044556342,artificial intelligence
A5020328989,artificial intelligence
A5048713792,artificial intelligence
A5015419380,artificial intelligence
A5019136653,artificial intelligence
A5080472982,artificial intelligence
A5001562343,machine learning
A5067798952,artificial intelligence
A5074172792,artificial intelligence
A5023750553,artificial intelligence
A5024134038,artificial intelligence
A5088619985,artificial intelligence
A5041459422,artificial intelligence
A5007174065,artificial intelligence
A5021809690,artificial intelligence
A5038369385,artificial intelligence
A5015761359,computer security
A5036286698,artificial intelligence
A5013488024,programming language
A5045816776,programming language
A5090793482,programming language
A5009541108,programming language
A5031988390,programming language
A5011982099,programming language
A5043893479,computer security
A5024164153,computer security
A5045643358,machine learning
A5031484166,artificial intelligence
A5051468325,artificial intelligence
A5070848718,artificial intelligence
A5003668063,artificial intelligence
A5081123738,natural language processing
A5034788555,operating system
A5079620688,artificial intelligence
A5073946580,artificial intelligence
A5025450455,artificial intelligence
A5048509383,artificial intelligence
A5043198300,artificial intelligence
A5079377293,natural language processing
A5002821905,natural language processing
A5037761912,multimedia
A5073358375,artificial intelligence
A5032888719,operating system
A5082163535,machine learning
A5056266983,artificial intelligence
A5056710858,operating system
A5035513892,operating system
A5044280107,operating system
A5048781513,operating system
A5017870887,machine learning
A5010664051,machine learning
A5028474219,machine learning
A5085377274,artificial intelligence
A5086791683,machine learning
A5028866023,machine learning
A5062009462,operating system
A5062020150,artificial intelligence
A5071461896,world wide web
A5047401987,programming language
A5010748335,programming language
A5069539722,knowledge management
A5077403931,artificial intelligence
A5050085003,operating system
A5043956249,world wide web
A5067341995,artificial intelligence
A5035714039,artificial intelligence
A5003150991,artificial intelligence
A5055110324,programming language
A5019840140,programming language
A5081922905,operating system
A5007474538,artificial intelligence
A5086826254,operating system
A5042167361,operating system
A5021549430,artificial intelligence
A5031741578,operating system
A5053874521,programming language
A5063873284,artificial intelligence
A5038854405,artificial intelligence
A5040301558,artificial intelligence
A5011510592,world wide web
A5042159546,artificial intelligence
A5046228322,artificial intelligence
A5051134586,artificial intelligence
A5003105685,operating system
A5051371497,machine learning
A5090146869,artificial intelligence
A5043120868,artificial intelligence
A5005151737,artificial intelligence
A5061607174,artificial intelligence
A5070988360,machine learning
A5079570262,artificial intelligence
A5045339641,artificial intelligence
A5054679604,artificial intelligence
A5058341815,artificial intelligence
A5004790787,artificial intelligence
A5070364661,knowledge management
A5032060676,machine learning
A5032150969,artificial intelligence
A5005307040,artificial intelligence
A5048414328,artificial intelligence
A5090446191,artificial intelligence
A5034546708,artificial intelligence
A5084915488,operating system
A5028921918,operating system
A5075954707,computer network
A5026802802,database
A5044285627,artificial intelligence
A5049727684,artificial intelligence
A5026299811,operating system
A5060244772,machine learning
A5024830140,machine learning
A5007268087,artificial intelligence
A5027450194,artificial intelligence
A5039755127,artificial intelligence
A5013126220,natural language processing
A5032785754,operating system
A5065403512,artificial intelligence
A5030334025,artificial intelligence
A5017296609,natural language processing
A5010399238,artificial intelligence
A5058981994,artificial intelligence
A5055357291,natural language processing
A5000015306,database
A5081875121,artificial intelligence
A5041459160,artificial intelligence
A5028769826,programming language
A5031470846,programming language
A5048396155,artificial intelligence
A5072515650,artificial intelligence
A5006312326,artificial intelligence
A5072071553,artificial intelligence
A5014156820,world wide web
A5006726179,computer security
A5033722814,artificial intelligence
A5089607178,artificial intelligence
A5009771549,artificial intelligence
A5023232144,artificial intelligence
A5009667479,machine learning
A5071257904,artificial intelligence
A5047819442,computer vision
A5015589979,computer vision
A5035897024,artificial intelligence
A5088179237,computer vision
A5037413247,artificial intelligence
A5074506453,artificial intelligence
A5017185490,artificial intelligence
A5006014871,artificial intelligence
A5000432642,artificial intelligence
A5064339565,knowledge management
A5086489064,artificial intelligence
A5059003249,operating system
A5060079039,data mining
A5016214321,artificial intelligence
A5033287292,artificial intelligence
A5079437433,artificial intelligence
A5083403197,artificial intelligence
A5051880285,operating system
A5033449241,artificial intelligence
A5075930827,artificial intelligence
A5046153744,artificial intelligence
A5036511259,artificial intelligence
A5044821240,machine learning
A5068996850,computer security
A5076239557,artificial intelligence
A5079152917,artificial intelligence
A5051059716,artificial intelligence
A5029571111,artificial intelligence
A5076454480,artificial intelligence
A5062469937,programming language
A5017490856,artificial intelligence
A5015577064,artificial intelligence
A5044687255,artificial intelligence
A5030727063,artificial intelligence
A5087672845,artificial intelligence
A5066522225,artificial intelligence
A5040710080,artificial intelligence
A5061455505,artificial intelligence
A5072199973,computer network
A5031013029,artificial intelligence
A5047241375,artificial intelligence
A5016115576,data mining
A5003347359,artificial intelligence
A5046294611,artificial intelligence
A5003150596,knowledge management
A5066162700,artificial intelligence
A5033726593,artificial intelligence
A5022892062,operating system
A5051855375,artificial intelligence
A5088161571,machine learning
A5060739855,artificial intelligence
A5075015473,artificial intelligence
A5065335604,artificial intelligence
A5065625000,information retrieval
A5085518311,operating system
A5050287408,machine learning
A5000506532,artificial intelligence
A5083635220,artificial intelligence
A5019857998,computer network
A5000355675,artificial intelligence
A5015502267,operating system
A5001026482,world wide web
A5050406027,data science
A5060569819,data science
A5000426291,data science
A5017370575,artificial intelligence
A5069897104,artificial intelligence
A5000418824,artificial intelligence
A5044546919,artificial intelligence
A5061154995,programming language
A5084500643,machine learning
A5090960067,artificial intelligence
A5073869036,operating system
A5015407119,operating system
A5035496450,artificial intelligence
A5033215072,artificial intelligence
A5007508748,artificial intelligence
A5083915539,artificial intelligence
A5085615320,artificial intelligence
A5041935786,operating system
A5029582839,operating system
A5001083654,operating system
A5059629312,operating system
A5028271020,artificial intelligence
A5013493866,artificial intelligence
A5028699011,artificial intelligence
A5027862575,artificial intelligence
A5022950151,artificial intelligence
A5024453737,artificial intelligence
A5032918507,artificial intelligence
A5069064331,multimedia
A5047937300,multimedia
A5057769250,artificial intelligence
A5013274530,artificial intelligence
A5029337859,artificial intelligence
A5009704292,artificial intelligence
A5012769862,artificial intelligence
A5069072807,artificial intelligence
A5035536258,artificial intelligence
A5075187387,operating system
A5081451369,programming language
A5048043645,artificial intelligence
A5017480456,database
A5023086752,artificial intelligence
A5046878537,artificial intelligence
A5086290802,artificial intelligence
A5042623700,artificial intelligence
A5001903786,computer vision
A5022478700,artificial intelligence
A5066297980,computer vision
A5004082634,artificial intelligence
A5051383531,data science
A5007653465,operating system
A5026932162,operating system
A5087338661,artificial intelligence
A5032898501,artificial intelligence
A5054228678,artificial intelligence
A5069169048,operating system
A5054472031,artificial intelligence
A5061450079,operating system
A5012682887,artificial intelligence
A5074535695,operating system
A5003433241,artificial intelligence
A5014708674,operating system
A5078112309,operating system
A5024220409,programming language
A5055255175,artificial intelligence
A5000815495,world wide web
A5000785049,machine learning
A5009707749,machine learning
A5043804253,operating system
A5091744677,operating system
A5001227155,artificial intelligence
A5016632535,operating system
A5004326276,artificial intelligence
A5010814462,programming language
A5001309771,artificial intelligence
A5021688917,operating system
A5017704096,artificial intelligence
A5064002639,operating system
A5027156159,operating system
A5088493440,artificial intelligence
A5011101053,artificial intelligence
A5088461366,artificial intelligence
A5040703717,artificial intelligence
A5060031710,artificial intelligence
A5033896566,computer vision
A5064091324,operating system
A5024543521,operating system
A5015955539,programming language
A5086660104,multimedia
A5042026738,world wide web
A5086654151,database
A5086033072,knowledge management
A5091397108,artificial intelligence
A5066513609,operating system
A5028013645,operating system
A5044706022,artificial intelligence
A5035604098,artificial intelligence
A5026188630,world wide web
A5028171375,data science
A5083621117,computer network
A5043794259,data science
A5067771039,data mining
A5088211841,operating system
A5056895049,artificial intelligence
A5046940335,artificial intelligence
A5040232003,artificial intelligence
A5056141272,artificial intelligence
A5014780577,artificial intelligence
A5034599517,artificial intelligence
A5071244906,artificial intelligence
A5022988784,artificial intelligence
A5075590161,artificial intelligence
A5086175214,artificial intelligence
A5076374877,artificial intelligence
A5058406798,artificial intelligence
A5076062123,artificial intelligence
A5050804685,artificial intelligence
A5003945520,multimedia
A5002855390,multimedia
A5088486867,multimedia
A5029245500,multimedia
A5021099747,artificial intelligence
A5036735310,artificial intelligence
A5025458917,artificial intelligence
A5023332321,programming language
A5089322319,artificial intelligence
A5068787013,world wide web
A5000270292,artificial intelligence
A5053476652,artificial intelligence
A5071390048,artificial intelligence
A5027870743,artificial intelligence
A5025715396,artificial intelligence
A5025878019,artificial intelligence
A5048624779,artificial intelligence
A5041875997,artificial intelligence
A5045397338,artificial intelligence
A5037057278,artificial intelligence
A5064325044,artificial intelligence
A5053526943,computer security
A5040335377,artificial intelligence
A5019016245,artificial intelligence
A5012701585,artificial intelligence
A5049272580,artificial intelligence
A5065327980,machine learning
A5085023621,artificial intelligence
A5005139192,operating system
A5044722223,world wide web
A5009333521,artificial intelligence
A5065962800,artificial intelligence
A5002407510,artificial intelligence
A5057994995,operating system
A5034400737,operating system
A5085125810,operating system
A5022367925,multimedia
A5036036445,operating system
A5060878039,artificial intelligence
A5073091147,operating system
A5086650097,operating system
A5064274622,operating system
A5078369669,operating system
A5050729772,operating system
A5008930531,operating system
A5026435847,programming language
A5053669374,artificial intelligence
A5008309887,artificial intelligence
A5047620605,machine learning
A5023855743,world wide web
A5011244622,operating system
A5066870045,artificial intelligence
A5034638756,artificial intelligence
A5058435585,artificial intelligence
A5090787101,artificial intelligence
A5060520629,artificial intelligence
A5001980040,machine learning
A5001079181,operating system
A5068763843,artificial intelligence
A5041326099,operating system
A5085299259,computer vision
A5016244048,artificial intelligence
A5045749522,artificial intelligence
A5040472105,operating system
A5030085363,theoretical computer science
A5069085203,programming language
A5003863159,artificial intelligence
A5027550008,artificial intelligence
A5047210123,artificial intelligence
A5041411651,artificial intelligence
A5060098221,artificial intelligence
A5076628907,artificial intelligence
A5081988111,artificial intelligence
A5082935992,artificial intelligence
A5026686113,artificial intelligence
A5021724057,artificial intelligence
A5019321436,artificial intelligence
A5006390518,world wide web
A5008085254,artificial intelligence
A5042808252,artificial intelligence
A5077934279,artificial intelligence
A5089450729,artificial intelligence
A5032708586,computer vision
A5087039629,computer vision
A5032439452,artificial intelligence
A5007015049,artificial intelligence
A5013391395,artificial intelligence
A5057663598,artificial intelligence
A5069187027,artificial intelligence
A5043174840,operating system
A5047208473,knowledge management
A5033849275,artificial intelligence
A5060003479,multimedia
A5038206734,artificial intelligence
A5041219857,operating system
A5084431277,artificial intelligence
A5043675709,programming language
A5003973480,artificial intelligence
A5026862823,artificial intelligence
A5064160495,operating system
A5029479248,artificial intelligence
A5037687232,multimedia
A5070750659,artificial intelligence
A5063031245,artificial intelligence
A5000570251,artificial intelligence
A5022594228,operating system
A5066447873,data science
A5049036814,artificial intelligence
A5088738795,artificial intelligence
A5086542918,machine learning
A5019971124,artificial intelligence
A5055142738,artificial intelligence
A5042702049,artificial intelligence
A5055025123,multimedia
A5041139107,multimedia
A5054843650,multimedia
A5031857386,operating system
A5073799241,artificial intelligence
A5038745720,artificial intelligence
A5075626456,artificial intelligence
A5079886093,machine learning
A5018903380,artificial intelligence
A5084740363,operating system
A5041721363,artificial intelligence
A5026627935,artificial intelligence
A5073888022,artificial intelligence
A5059829097,artificial intelligence
A5061249763,artificial intelligence
A5072737356,computer vision
A5021872761,artificial intelligence
A5080845656,artificial intelligence
A5041504603,artificial intelligence
A5077143737,artificial intelligence
A5049405285,artificial intelligence
A5031424417,natural language processing
A5048582530,artificial intelligence
A5011543714,artificial intelligence
A5038804417,artificial intelligence
A5030483392,operating system
A5079085412,artificial intelligence
A5020354604,artificial intelligence
A5033056152,operating system
A5022938610,artificial intelligence
A5065437426,machine learning
A5079800641,artificial intelligence
A5021356456,artificial intelligence
A5079375694,operating system
A5013306341,artificial intelligence
A5047583756,artificial intelligence
A5083502978,programming language
A5049264037,artificial intelligence
A5004435229,artificial intelligence
A5052018441,artificial intelligence
A5086062922,artificial intelligence
A5036426093,machine learning
A5039482050,artificial intelligence
A5029413988,artificial intelligence
A5074031551,artificial intelligence
A5080497330,artificial intelligence
A5088522711,artificial intelligence
A5072645144,artificial intelligence
A5058664471,machine learning
A5004219694,artificial intelligence
A5042170109,machine learning
A5015191397,artificial intelligence
A5068413507,machine learning
A5037816423,artificial intelligence
A5032768602,artificial intelligence
A5006640853,operating system
A5066134934,machine learning
A5091282259,artificial intelligence
A5091667095,artificial intelligence
A5003757306,artificial intelligence
A5029348229,programming language
A5015811252,artificial intelligence
A5048991574,artificial intelligence
A5057202218,artificial intelligence
A5019473133,programming language
A5056774275,programming language
A5004737962,artificial intelligence
A5064306421,artificial intelligence
A5047244561,artificial intelligence
A5070306914,artificial intelligence
A5069589954,artificial intelligence
A5023619303,artificial intelligence
A5076719940,artificial intelligence
A5044047404,artificial intelligence
A5083046363,artificial intelligence
A5015088895,artificial intelligence
A5070166436,programming language
A5042179910,artificial intelligence
A5074899838,operating system
A5090746453,artificial intelligence
A5003244232,artificial intelligence
A5007923118,artificial intelligence
A5007404751,computer vision
A5087799706,artificial intelligence
A5088978244,artificial intelligence
A5043207505,artificial intelligence
A5020326095,artificial intelligence
A5066345725,artificial intelligence
A5076261469,artificial intelligence
A5082576141,artificial intelligence
A5074179735,artificial intelligence
A5017109701,artificial intelligence
A5053572051,artificial intelligence
A5075857371,artificial intelligence
A5056334484,data mining
A5048705023,artificial intelligence
A5040803225,artificial intelligence
A5010173497,operating system
A5028496989,artificial intelligence
A5026741951,computer security
A5039246243,natural language processing
A5029322547,artificial intelligence
A5019317182,artificial intelligence
A5048376958,artificial intelligence
A5067761525,artificial intelligence
A5019603753,artificial intelligence
A5050070961,machine learning
A5030860397,multimedia
A5086597089,artificial intelligence
A5086109964,artificial intelligence
A5003680174,artificial intelligence
A5022162897,artificial intelligence
A5078350461,artificial intelligence
A5082620134,artificial intelligence
A5014987200,artificial intelligence
A5003778700,artificial intelligence
A5082638094,artificial intelligence
A5023751794,machine learning
A5010897042,artificial intelligence
A5040830236,artificial intelligence
A5014061773,artificial intelligence
A5017774829,artificial intelligence
A5068328447,artificial intelligence
A5056246453,operating system
A5067252442,operating system
A5009492831,computer vision
A5087669255,operating system
A5051508428,machine learning
A5040530780,artificial intelligence
A5050392733,machine learning
A5031640367,machine learning
A5046173193,artificial intelligence
A5001050056,artificial intelligence
A5048538967,artificial intelligence
A5027184190,artificial intelligence
A5047328073,operating system
A5073777266,artificial intelligence
A5053479158,artificial intelligence
A5075002350,programming language
A5064650373,operating system
A5049999565,artificial intelligence
A5054544784,operating system
A5071978262,artificial intelligence
A5065058581,machine learning
A5054026337,machine learning
A5037669208,artificial intelligence
A5020864045,artificial intelligence
A5068640380,information retrieval
A5042350896,artificial intelligence
A5061927874,artificial intelligence
A5002676649,artificial intelligence
A5053191088,computer security
A5033022560,computer security
A5013697463,machine learning
A5018656847,computer security
A5057792892,programming language
A5020474912,artificial intelligence
A5084966916,artificial intelligence
A5003122432,artificial intelligence
A5047160693,operating system
A5030402987,computer security
A5078277073,machine learning
A5017974535,artificial intelligence
A5047487276,artificial intelligence
A5041151162,operating system
A5026788167,operating system
A5055305609,data science
A5018151377,artificial intelligence
A5039494431,artificial intelligence
A5033579705,operating system
A5041520103,machine learning
A5029032085,artificial intelligence
A5007140671,artificial intelligence
A5086526106,machine learning
A5026286215,world wide web
A5043069049,machine learning
A5052608804,machine learning
A5047059242,artificial intelligence
A5077461494,programming language
A5008888706,artificial intelligence
A5013800136,artificial intelligence
A5055313324,artificial intelligence
A5067970454,artificial intelligence
A5058138023,artificial intelligence
A5006543237,artificial intelligence
A5005605270,artificial intelligence
A5071241846,artificial intelligence
A5010462308,machine learning
A5019257524,artificial intelligence
A5000763047,artificial intelligence
A5015563134,programming language
A5036631153,operating system
A5028078726,artificial intelligence
A5027544704,computer hardware
A5090641466,operating system
A5074481639,artificial intelligence
A5028729642,natural language processing
A5069267601,artificial intelligence
A5072816665,artificial intelligence
A5083209573,artificial intelligence
A5003587558,artificial intelligence
A5059799200,operating system
A5005891715,artificial intelligence
A5029477698,database
A5090732704,artificial intelligence
A5039945857,database
A5061387861,machine learning
A5051819150,operating system
A5015785795,artificial intelligence
A5049922472,world wide web
A5026962283,artificial intelligence
A5008509744,artificial intelligence
A5066302861,artificial intelligence
A5046340343,artificial intelligence
A5059436198,artificial intelligence
A5049560556,artificial intelligence
A5045499382,artificial intelligence
A5006380777,programming language
A5015753842,database
A5058360953,programming language
A5013114471,artificial intelligence
A5016864296,programming language
A5060840266,artificial intelligence
A5067007738,knowledge management
A5057804144,operating system
A5005566691,machine learning
A5072892151,artificial intelligence
A5032651196,artificial intelligence
A5045895774,artificial intelligence
A5016338914,operating system
A5012632345,operating system
A5007002585,artificial intelligence
A5024835217,artificial intelligence
A5021926457,artificial intelligence
A5034143246,artificial intelligence
A5047359547,world wide web
A5056390625,artificial intelligence
A5007087783,operating system
A5068502672,world wide web
A5087152917,artificial intelligence
A5031760215,artificial intelligence
A5039939708,artificial intelligence
A5009470104,artificial intelligence
A5073031308,operating system
A5036067425,data science
A5037446815,data science
A5082367164,database
A5066915624,artificial intelligence
A5069839542,database
A5074143529,artificial intelligence
A5052396894,multimedia
A5020390883,artificial intelligence
A5080867114,artificial intelligence
A5006746248,artificial intelligence
A5028715246,artificial intelligence
A5044028164,artificial intelligence
A5056983902,operating system
A5071711311,operating system
A5060389132,artificial intelligence
A5010109117,artificial intelligence
A5071618261,artificial intelligence
A5070584555,computer network
A5020817984,database
A5010433768,operating system
A5071191321,artificial intelligence
A5035171392,artificial intelligence
A5040067645,operating system
A5052093200,operating system
A5036689981,artificial intelligence
A5070296128,machine learning
A5082193927,knowledge management
A5046108772,artificial intelligence
A5044345436,data science
A5058491329,artificial intelligence
A5000852304,programming language
A5037636074,artificial intelligence
A5084243559,operating system
A5058593295,operating system
A5053444976,machine learning
A5071829791,machine learning
A5079423242,machine learning
A5030225045,machine learning
A5004655124,operating system
A5042545537,operating system
A5040163449,artificial intelligence
A5091424862,machine learning
A5091618398,operating system
A5051568175,machine learning
A5008183059,machine learning
A5087324380,data science
A5053667045,machine learning
A5083538047,artificial intelligence
A5048575463,natural language processing
A5070015380,natural language processing
A5042073730,artificial intelligence
A5050287828,artificial intelligence
A5009379305,artificial intelligence
A5060102825,artificial intelligence
A5007124393,artificial intelligence
A5065669889,artificial intelligence
A5058046152,artificial intelligence
A5070283361,artificial intelligence
A5010195810,artificial intelligence
A5051641824,artificial intelligence
A5016874794,database
A5019186384,artificial intelligence
A5001046703,artificial intelligence
A5042789365,artificial intelligence
A5075320184,artificial intelligence
A5003520356,artificial intelligence
A5075102868,artificial intelligence
A5003590196,artificial intelligence
A5020992691,artificial intelligence
A5058262278,artificial intelligence
A5086599189,operating system
A5031884293,artificial intelligence
A5051092970,artificial intelligence
A5086033373,operating system
A5066178389,database
A5086903137,programming language
A5027249944,machine learning
A5091833270,programming language
A5023463217,artificial intelligence
A5069806595,operating system
A5042295020,operating system
A5024010215,operating system
A5069777898,artificial intelligence
A5031371771,artificial intelligence
A5084451803,programming language
A5048202050,programming language
A5048573589,artificial intelligence
A5055139472,world wide web
A5035756067,operating system
A5011090420,operating system
A5016248748,artificial intelligence
A5006247004,operating system
A5000847216,artificial intelligence
A5004477424,artificial intelligence
A5043306797,artificial intelligence
A5042171930,artificial intelligence
A5085636293,artificial intelligence
A5085461076,operating system
A5011952882,machine learning
A5041581707,operating system
A5011431771,computer network
A5054774293,knowledge management
A5052174611,knowledge management
A5042967567,artificial intelligence
A5087672831,artificial intelligence
A5090586758,artificial intelligence
A5027842910,operating system
A5035248827,knowledge management
A5086986783,artificial intelligence
A5017789014,artificial intelligence
A5058960241,artificial intelligence
A5028909822,artificial intelligence
A5043150634,artificial intelligence
A5032874655,artificial intelligence
A5018654135,artificial intelligence
A5086407819,speech recognition
A5029360587,artificial intelligence
A5075931354,artificial intelligence
A5079243420,artificial intelligence
A5012742314,artificial intelligence
A5044272065,operating system
A5079769620,artificial intelligence
A5037586179,artificial intelligence
A5000382542,artificial intelligence
A5011104901,artificial intelligence
A5055853143,knowledge management
A5019021319,machine learning
A5083358892,artificial intelligence
A5007440266,artificial intelligence
A5053246831,artificial intelligence
A5017532066,computer security
A5010570894,operating system
A5018992272,artificial intelligence
A5027271119,operating system
A5015340437,multimedia
A5007199420,multimedia
A5069794460,machine learning
A5051661917,artificial intelligence
A5078007096,operating system
A5055458864,artificial intelligence
A5058035230,machine learning
A5071155673,artificial intelligence
A5066675932,operating system
A5084694240,artificial intelligence
A5035306078,operating system
A5059517520,artificial intelligence
A5007551882,operating system
A5035179935,database
A5039346080,artificial intelligence
A5025029489,world wide web
A5084793824,world wide web
A5046908604,world wide web
A5020219571,artificial intelligence
A5016796979,library science
A5082923475,world wide web
A5029016223,world wide web
A5003875445,artificial intelligence
A5055660232,artificial intelligence
A5000905974,programming language
A5075790596,artificial intelligence
A5072761160,artificial intelligence
A5035483302,operating system
A5081426134,programming language
A5001844250,artificial intelligence
A5021235658,machine learning
A5071634535,operating system
A5009300655,data mining
A5067553162,operating system
A5076596849,operating system
A5086429143,operating system
A5051730793,operating system
A5020525633,operating system
A5077937551,artificial intelligence
A5059840903,artificial intelligence
A5084676897,artificial intelligence
A5086271131,machine learning
A5019922169,operating system
A5061694501,operating system
A5038692973,computer security
A5011308665,artificial intelligence
A5013881137,speech recognition
A5028943536,speech recognition
A5034930946,artificial intelligence
A5035791250,artificial intelligence
A5023638199,artificial intelligence
A5006966951,artificial intelligence
A5027852213,artificial intelligence
A5091716507,artificial intelligence
A5008283717,artificial intelligence
A5029919954,machine learning
A5078627825,data mining
A5013253217,artificial intelligence
A5017675965,computer network
A5038430520,natural language processing
A5053490184,natural language processing
A5033879207,artificial intelligence
A5090691489,artificial intelligence
A5067297941,artificial intelligence
A5019969191,computer security
A5049173779,artificial intelligence
A5040041217,operating system
A5034277208,artificial intelligence
A5001524112,artificial intelligence
A5084506996,artificial intelligence
A5029804422,artificial intelligence
A5091193777,operating system
A5041392499,computer network
A5006490095,machine learning
A5085188232,world wide web
A5005612047,artificial intelligence
A5005408594,artificial intelligence
A5088830946,artificial intelligence
A5035945061,computer security
A5084089292,artificial intelligence
A5018872519,computer security
A5010008450,operating system
A5038971425,artificial intelligence
A5058766860,operating system
A5009004008,natural language processing
A5006438070,artificial intelligence
A5071111949,world wide web
A5081272754,operating system
A5054528917,operating system
A5009727601,computer vision
A5042996562,artificial intelligence
A5050541355,machine learning
A5008763824,knowledge management
A5013460936,artificial intelligence
A5060605767,artificial intelligence
A5013715271,artificial intelligence
A5003374404,artificial intelligence
A5013484392,artificial intelligence
A5082301359,programming language
A5011974762,natural language processing
A5087330088,programming language
A5062215329,machine learning
A5070361095,programming language
A5060814361,artificial intelligence
A5042094990,artificial intelligence
A5065950971,artificial intelligence
A5020712022,artificial intelligence
A5032960190,artificial intelligence
A5047647054,machine learning
A5079390960,artificial intelligence
A5021756821,world wide web
A5021362289,artificial intelligence
A5006379260,machine learning
A5046091057,machine learning
A5069517523,artificial intelligence
A5078276226,computer vision
A5000883949,operating system
A5061745175,computer security
A5065110383,artificial intelligence
A5020864885,world wide web
A5087289554,world wide web
A5061050963,computer security
A5080752890,artificial intelligence
A5079610025,knowledge management
A5041663047,knowledge management
A5056487490,machine learning
A5070174246,artificial intelligence
A5028797433,artificial intelligence
A5028009047,artificial intelligence
A5054157276,artificial intelligence
A5000229744,world wide web
A5017167563,library science
A5058486589,artificial intelligence
A5013224365,data mining
A5012372361,artificial intelligence
A5074063024,artificial intelligence
A5066203581,artificial intelligence
A5066770728,artificial intelligence
A5083632408,artificial intelligence
A5057547860,operating system
A5060051647,operating system
A5014324882,artificial intelligence
A5072702157,artificial intelligence
A5067752641,artificial intelligence
A5062089855,database
A5060839259,artificial intelligence
A5088689668,artificial intelligence
A5075802808,artificial intelligence
A5018752675,multimedia
A5074590928,operating system
A5025963104,computer security
A5044608314,artificial intelligence
A5007964745,operating system
A5001974461,multimedia
A5071419073,multimedia
A5048305243,artificial intelligence
A5024476526,artificial intelligence
A5011562999,artificial intelligence
A5080466652,programming language
A5061567665,artificial intelligence
A5042662436,artificial intelligence
A5051468788,artificial intelligence
A5037217690,artificial intelligence
A5041972688,artificial intelligence
A5039477301,artificial intelligence
A5075775842,computer vision
A5089281590,computer vision
A5019050769,operating system
A5020259378,world wide web
A5079760641,artificial intelligence
A5087793505,knowledge management
A5015768582,knowledge management
A5076886839,artificial intelligence
A5002849767,world wide web
A5074430882,artificial intelligence
A5063597714,world wide web
A5029072011,operating system
A5049784781,machine learning
A5074565814,world wide web
A5055124220,multimedia
A5084035677,multimedia
A5072143984,multimedia
A5002237733,artificial intelligence
A5069610790,artificial intelligence
A5016877253,operating system
A5010635837,artificial intelligence
A5029350115,operating system
A5075116522,machine learning
A5002599291,operating system
A5042967020,programming language
A5072810735,operating system
A5049150711,artificial intelligence
A5072083470,artificial intelligence
A5021882557,artificial intelligence
A5041762013,artificial intelligence
A5004087086,operating system
A5090419774,artificial intelligence
A5053084354,computer security
A5085422836,artificial intelligence
A5042142996,operating system
A5050302108,artificial intelligence
A5041795695,artificial intelligence
A5045189499,natural language processing
A5066778468,artificial intelligence
A5080190305,operating system
A5027965789,artificial intelligence
A5068535537,machine learning
A5088487015,artificial intelligence
A5008384408,artificial intelligence
A5013022863,machine learning
A5020399355,artificial intelligence
A5052709754,operating system
A5033916270,machine learning
A5010867142,natural language processing
A5058541397,programming language
A5078790053,artificial intelligence
A5025861720,machine learning
A5033166309,machine learning
A5078094147,operating system
A5003794613,operating system
A5012329093,operating system
A5072851919,world wide web
A5041317854,programming language
A5090316262,artificial intelligence
A5021935717,machine learning
A5022860169,artificial intelligence
A5014056956,artificial intelligence
A5026532071,artificial intelligence
A5048820921,artificial intelligence
A5085232870,world wide web
A5070609145,internet privacy
A5043307560,internet privacy
A5061347212,artificial intelligence
A5039974136,operating system
A5035198937,artificial intelligence
A5038913522,artificial intelligence
A5083693418,artificial intelligence
A5055798173,artificial intelligence
A5030621885,machine learning
A5004297417,artificial intelligence
A5088737151,natural language processing
A5007283385,artificial intelligence
A5072415042,artificial intelligence
A5013109648,artificial intelligence
A5016777444,artificial intelligence
A5022862728,computer vision
A5072363242,computer vision
A5056526187,artificial intelligence
A5051336665,artificial intelligence
A5055276162,artificial intelligence
A5073344742,artificial intelligence
A5040646238,artificial intelligence
A5063040250,artificial intelligence
A5031991761,artificial intelligence
A5019967091,artificial intelligence
A5010287273,artificial intelligence
A5034059867,artificial intelligence
A5046536366,artificial intelligence
A5041039488,artificial intelligence
A5066870283,artificial intelligence
A5062680225,database
A5032809892,machine learning
A5003057117,world wide web
A5014026720,world wide web
A5062380036,multimedia
A5088418265,world wide web
A5053626926,artificial intelligence
A5034413538,artificial intelligence
A5072482402,artificial intelligence
A5019332856,artificial intelligence
A5031553118,machine learning
A5062257416,operating system
A5075606209,artificial intelligence
A5063254028,artificial intelligence
A5084465266,natural language processing
A5068015318,programming language
A5017478454,theoretical computer science
A5009343703,programming language
A5017274120,programming language
A5017426974,programming language
A5043054372,programming language
A5052550722,programming language
A5076794723,programming language
A5038636493,programming language
A5054170736,artificial intelligence
A5068347188,artificial intelligence
A5039517845,artificial intelligence
A5012974143,artificial intelligence
A5088067587,artificial intelligence
A5042485246,artificial intelligence
A5073750332,artificial intelligence
A5043799147,programming language
A5010266029,artificial intelligence
A5016838632,artificial intelligence
A5075900406,artificial intelligence
A5007160462,artificial intelligence
A5048966318,artificial intelligence
A5035818649,artificial intelligence
A5041485339,artificial intelligence
A5042206408,machine learning
A5080724309,artificial intelligence
A5071546444,artificial intelligence
A5081778003,multimedia
A5035688032,natural language processing
A5054198975,artificial intelligence
A5066525694,programming language
A5027606478,programming language
A5022741687,computer security
A5040576961,computer security
A5045573984,artificial intelligence
A5058466208,artificial intelligence
A5011347360,artificial intelligence
A5036940578,artificial intelligence
A5072940696,database
A5085401834,artificial intelligence
A5074059073,artificial intelligence
A5051293560,artificial intelligence
A5083959663,library science
A5059332839,artificial intelligence
A5077083991,multimedia
A5090506185,artificial intelligence
A5054882011,artificial intelligence
A5007679721,artificial intelligence
A5000560473,programming language
A5051173013,multimedia
A5069757996,programming language
A5021966059,artificial intelligence
A5031821887,machine learning
A5036423849,artificial intelligence
A5056539608,artificial intelligence
A5071748044,multimedia
A5017273750,artificial intelligence
A5014702455,speech recognition
A5028720155,artificial intelligence
A5042630279,artificial intelligence
A5067491530,artificial intelligence
A5044287004,machine learning
A5086934416,artificial intelligence
A5052246884,artificial intelligence
A5087327461,computer vision
A5065545710,information retrieval
A5063538473,information retrieval
A5015417862,machine learning
A5026531577,artificial intelligence
A5062112507,artificial intelligence
A5019494994,machine learning
A5054256492,machine learning
A5025443239,artificial intelligence
A5087584625,artificial intelligence
A5019291210,artificial intelligence
A5001469539,artificial intelligence
A5073115503,artificial intelligence
A5059851427,artificial intelligence
A5074043497,artificial intelligence
A5030276217,artificial intelligence
A5075839765,artificial intelligence
A5011533013,artificial intelligence
A5029172870,information retrieval
A5009115835,artificial intelligence
A5033729550,natural language processing
A5022465917,artificial intelligence
A5035375371,knowledge management
A5083182498,artificial intelligence
A5000739686,artificial intelligence
A5039238264,artificial intelligence
A5081879408,artificial intelligence
A5067703063,artificial intelligence
A5086545543,operating system
A5043559765,artificial intelligence
A5005425399,artificial intelligence
A5087058066,machine learning
A5079410647,artificial intelligence
A5080142153,artificial intelligence
A5054887637,artificial intelligence
A5049747850,multimedia
A5036569886,artificial intelligence
A5086662281,artificial intelligence
A5014002036,artificial intelligence
A5091190338,artificial intelligence
A5061145211,artificial intelligence
A5051032996,operating system
A5078479166,artificial intelligence
A5045394023,artificial intelligence
A5006710857,operating system
A5090308918,artificial intelligence
A5074942370,artificial intelligence
A5047566346,artificial intelligence
A5082014108,artificial intelligence
A5019993026,artificial intelligence
A5087573904,artificial intelligence
A5016502058,artificial intelligence
A5074531054,artificial intelligence
A5046278689,library science
A5011195704,artificial intelligence
A5038814581,computer security
A5010466227,operating system
A5058163340,operating system
A5033638845,world wide web
A5041330302,programming language
A5013340294,operating system
A5015151313,theoretical computer science
A5017018507,operating system
A5010290883,artificial intelligence
A5086968208,operating system
A5058780119,artificial intelligence
A5004354800,artificial intelligence
A5031510704,artificial intelligence
A5075146291,operating system
A5029222060,natural language processing
A5011863814,artificial intelligence
A5035885312,programming language
A5025968166,programming language
A5080731435,artificial intelligence
A5049822636,data science
A5061378179,programming language
A5081121007,artificial intelligence
A5041906972,operating system
A5017231466,natural language processing
A5050067034,machine learning
A5001974756,artificial intelligence
A5089512128,artificial intelligence
A5091086691,operating system
A5086175489,operating system
A5009645913,artificial intelligence
A5009113167,artificial intelligence
A5050812941,multimedia
A5031554463,multimedia
A5065766291,multimedia
A5017590625,artificial intelligence
A5075963747,artificial intelligence
A5031639432,artificial intelligence
A5015511648,artificial intelligence
A5038599060,multimedia
A5079342225,computer vision
A5090094509,artificial intelligence
A5078899575,artificial intelligence
A5088385799,artificial intelligence
A5052505930,artificial intelligence
A5054954555,computer network
A5073755886,artificial intelligence
A5050469277,knowledge management
A5089103033,artificial intelligence
A5026874866,artificial intelligence
A5031543991,artificial intelligence
A5065488451,computer network
A5086842811,computer network
A5065404355,operating system
A5045427161,operating system
A5064047839,internet privacy
A5011292928,computer hardware
A5056312874,programming language
A5085512989,programming language
A5084068910,operating system
A5000524587,machine learning
A5027537165,machine learning
A5076442128,computer network
A5085077978,world wide web
A5021165445,world wide web
A5016257563,artificial intelligence
A5091231351,programming language
A5044071205,artificial intelligence
A5050752377,operating system
A5049155414,artificial intelligence
A5030378878,artificial intelligence
A5000410462,computer vision
A5029187871,machine learning
A5053347473,natural language processing
A5072434400,artificial intelligence
A5026615499,operating system
A5033658073,operating system
A5039624450,machine learning
A5061226694,machine learning
A5031291046,artificial intelligence
A5072006004,artificial intelligence
A5050257293,operating system
A5044391599,artificial intelligence
A5003345433,operating system
A5020511221,artificial intelligence
A5056957927,artificial intelligence
A5046198305,artificial intelligence
A5043439253,artificial intelligence
A5012069024,artificial intelligence
A5025588341,machine learning
A5047932635,artificial intelligence
A5071364390,artificial intelligence
A5066758576,speech recognition
A5018396589,artificial intelligence
A5012204768,artificial intelligence
A5009036656,machine learning
A5039938411,artificial intelligence
A5022256353,artificial intelligence
A5055176196,artificial intelligence
A5082773511,artificial intelligence
A5074655521,library science
A5029251895,operating system
A5043009740,data mining
A5061740927,machine learning
A5066174497,multimedia
A5044385416,multimedia
A5036642808,multimedia
A5084392205,programming language
A5007408947,programming language
A5057435252,programming language
A5015637108,artificial intelligence
A5061475136,computer vision
A5050012839,computer vision
A5086190201,speech recognition
A5016294919,programming language
A5034180179,knowledge management
A5000334894,artificial intelligence
A5020696380,operating system
A5020248599,operating system
A5038084567,artificial intelligence
A5069115743,machine learning
A5038886057,artificial intelligence
A5043132631,artificial intelligence
A5047027364,artificial intelligence
A5035206323,artificial intelligence
A5084636041,operating system
A5047022202,artificial intelligence
A5038150463,machine learning
A5082893021,database
A5011301071,artificial intelligence
A5070690723,artificial intelligence
A5076420345,artificial intelligence
A5028008537,computer vision
A5071986892,artificial intelligence
A5025295022,computer vision
A5074437420,artificial intelligence
A5060979528,artificial intelligence
A5029459663,knowledge management
A5080207250,machine learning
A5023046494,machine learning
A5006467054,operating system
A5038401506,computer security
A5064049302,artificial intelligence
A5027174277,artificial intelligence
A5078092370,artificial intelligence
A5048212421,machine learning
A5000895187,machine learning
A5005258418,operating system
A5074450400,machine learning
A5003728774,operating system
A5038305126,computer security
A5027750997,computer hardware
A5070441397,computer hardware
A5062362108,knowledge management
A5034353692,operating system
A5083418808,operating system
A5027653691,operating system
A5084126663,artificial intelligence
A5004816074,computer security
A5006172999,computer security
A5011070501,computer security
A5049307628,operating system
A5040320156,computer vision
A5036380736,artificial intelligence
A5068617458,artificial intelligence
A5039741743,artificial intelligence
A5068104600,artificial intelligence
A5084879420,artificial intelligence
A5049371348,artificial intelligence
A5073416837,artificial intelligence
A5081760173,multimedia
A5017979092,operating system
A5025628648,computer network
A5069467090,artificial intelligence
A5075527087,artificial intelligence
A5063179926,artificial intelligence
A5074025735,artificial intelligence
A5072345703,machine learning
A5022559238,computer network
A5083167941,artificial intelligence
A5012746995,artificial intelligence
A5079829556,artificial intelligence
A5068329396,artificial intelligence
A5029011489,artificial intelligence
A5046948770,artificial intelligence
A5003072408,artificial intelligence
A5045845692,artificial intelligence
A5017237322,artificial intelligence
A5056166838,operating system
A5044241027,machine learning
A5008732333,machine learning
A5085361908,machine learning
A5028487421,machine learning
A5057460510,computer network
A5033504616,programming language
A5005428958,natural language processing
A5030976287,natural language processing
A5088031450,artificial intelligence
A5076828229,programming language
A5077593563,operating system
A5087764432,machine learning
A5087579662,machine learning
A5004319527,machine learning
A5025569523,artificial intelligence
A5079512627,artificial intelligence
A5085828782,artificial intelligence
A5016065397,computer vision
A5045345382,computer vision
A5049237303,operating system
A5083379443,artificial intelligence
A5010448313,computer security
A5033507044,machine learning
A5074377757,artificial intelligence
A5018576607,machine learning
A5018997300,computer vision
A5038709827,operating system
A5017426984,artificial intelligence
A5064839883,artificial intelligence
A5021742473,operating system
A5035450881,artificial intelligence
A5042025848,artificial intelligence
A5056990760,artificial intelligence
A5073667933,programming language
A5010289204,artificial intelligence
A5073181447,world wide web
A5072420431,information retrieval
A5063661970,artificial intelligence
A5022134374,programming language
A5053644924,operating system
A5031339312,speech recognition
A5023464557,artificial intelligence
A5065372638,programming language
A5019693702,artificial intelligence
A5008761850,programming language
A5051220527,artificial intelligence
A5072658159,artificial intelligence
A5055781447,operating system
A5052774871,artificial intelligence
A5019141327,artificial intelligence
A5041497235,artificial intelligence
A5070207714,machine learning
A5048043105,artificial intelligence
A5008125122,natural language processing
A5082727049,machine learning
A5091311765,programming language
A5063495620,artificial intelligence
A5023462084,artificial intelligence
A5065550163,computer vision
A5072756389,artificial intelligence
A5005208002,artificial intelligence
A5032019511,artificial intelligence
A5003356465,artificial intelligence
A5026194361,operating system
A5015984764,programming language
A5087143792,machine learning
A5032739963,machine learning
A5047744348,artificial intelligence
A5039534683,artificial intelligence
A5017567387,artificial intelligence
A5040065143,artificial intelligence
A5010718267,artificial intelligence
A5080845756,computer vision
A5019150262,machine learning
A5076728746,machine learning
A5013741852,artificial intelligence
A5085891679,artificial intelligence
A5008350737,programming language
A5050438959,multimedia
A5015197258,artificial intelligence
A5042080057,artificial intelligence
A5002263161,artificial intelligence
A5032083600,machine learning
A5077665746,artificial intelligence
A5057336608,artificial intelligence
A5035798523,computer vision
A5079375904,artificial intelligence
A5079842209,artificial intelligence
A5029855697,machine learning
A5003066351,machine learning
A5066083071,machine learning
A5072196765,multimedia
A5048764223,library science
A5016296864,information retrieval
A5025908151,operating system
A5073183988,machine learning
A5005733581,artificial intelligence
A5007519257,artificial intelligence
A5082493105,artificial intelligence
A5089182845,computer vision
A5044103755,artificial intelligence
A5034206272,artificial intelligence
A5068108211,programming language
A5026100801,artificial intelligence
A5024306947,artificial intelligence
A5066977697,programming language
A5059848848,machine learning
A5090546627,artificial intelligence
A5076632223,artificial intelligence
A5041017076,artificial intelligence
A5004085376,artificial intelligence
A5041626391,artificial intelligence
A5032979227,machine learning
A5072947959,artificial intelligence
A5084056111,artificial intelligence
A5017426374,artificial intelligence
A5080212199,computer network
A5085543437,computer network
A5082152148,artificial intelligence
A5046261613,programming language
A5046671659,artificial intelligence
A5081042998,artificial intelligence
A5085050797,operating system
A5000002274,artificial intelligence
A5040210316,data mining
A5069610655,data mining
A5008602551,operating system
A5083774653,artificial intelligence
A5021818135,operating system
A5051172974,programming language
A5000890093,programming language
A5072477521,operating system
A5038709845,data mining
A5081015649,operating system
A5010261185,artificial intelligence
A5010162830,artificial intelligence
A5035093550,artificial intelligence
A5091690237,operating system
A5076832685,artificial intelligence
A5001776724,internet privacy
A5071742136,programming language
A5004214923,programming language
A5074887428,artificial intelligence
A5006652905,artificial intelligence
A5065444084,artificial intelligence
A5004205234,artificial intelligence
A5062532315,operating system
A5057893111,computer vision
A5008710862,artificial intelligence
A5035982173,artificial intelligence
A5042923766,artificial intelligence
A5074131829,artificial intelligence
A5071098566,operating system
A5059272660,artificial intelligence
A5009123037,artificial intelligence
A5085971943,artificial intelligence
A5023112001,artificial intelligence
A5076693617,artificial intelligence
A5027943585,artificial intelligence
A5012253503,artificial intelligence
A5065332787,artificial intelligence
A5043285096,artificial intelligence
A5067441424,world wide web
A5012912368,machine learning
A5033569193,artificial intelligence
A5063425630,artificial intelligence
A5020127050,artificial intelligence
A5083888748,artificial intelligence
A5079269443,computer vision
A5004703726,artificial intelligence
A5000985956,artificial intelligence
A5042714840,artificial intelligence
A5016989757,artificial intelligence
A5021027092,artificial intelligence
A5079526366,artificial intelligence
A5019573610,artificial intelligence
A5041747011,artificial intelligence
A5014257175,database
A5007233304,artificial intelligence
A5014761588,artificial intelligence
A5016528728,artificial intelligence
A5022546987,artificial intelligence
A5030036935,operating system
A5023403266,operating system
A5068915652,operating system
A5048331945,knowledge management
A5057150812,artificial intelligence
A5000362917,knowledge management
A5007861624,operating system
A5003125546,operating system
A5050671715,artificial intelligence
A5059767714,computer security
A5058613613,artificial intelligence
A5065091014,natural language processing
A5081349865,natural language processing
A5083188481,natural language processing
A5065821923,operating system
A5064078720,operating system
A5073444134,operating system
A5055476405,operating system
A5004194134,artificial intelligence
A5049674705,natural language processing
A5038292196,artificial intelligence
A5045520417,artificial intelligence
A5022050902,artificial intelligence
A5002362963,artificial intelligence
A5017344162,natural language processing
A5076031002,information retrieval
A5045420626,artificial intelligence
A5017282307,information retrieval
A5085925326,information retrieval
A5059601501,artificial intelligence
A5036064158,artificial intelligence
A5049882757,multimedia
A5050221807,data science
A5077902248,artificial intelligence
A5036294530,operating system
A5061294363,artificial intelligence
A5020200044,artificial intelligence
A5086076412,artificial intelligence
A5089858083,machine learning
A5070956480,programming language
A5045093641,artificial intelligence
A5028182466,artificial intelligence
A5084637778,artificial intelligence
A5039569803,artificial intelligence
A5013736925,artificial intelligence
A5039760240,operating system
A5053233572,artificial intelligence
A5059006429,machine learning
A5048672368,computer security
A5013901360,artificial intelligence
A5084524620,programming language
A5002764180,programming language
A5083450874,programming language
A5056326785,natural language processing
A5057345195,artificial intelligence
A5026206233,artificial intelligence
A5066357741,artificial intelligence
A5004372094,artificial intelligence
A5077425757,artificial intelligence
A5081802915,programming language
A5040143379,programming language
A5007092406,operating system
A5000432705,operating system
A5041800059,computer vision
A5087261140,information retrieval
A5084950606,operating system
A5052813599,database
A5009196699,artificial intelligence
A5000648821,programming language
A5073254169,computer security
A5011928278,operating system
A5019897542,operating system
A5072673452,operating system
A5005713061,database
A5081280784,artificial intelligence
A5080377850,machine learning
A5025311585,artificial intelligence
A5059332073,artificial intelligence
A5053978352,artificial intelligence
A5046825828,operating system
A5014590756,artificial intelligence
A5067032536,artificial intelligence
A5031166773,operating system
A5074866267,operating system
A5027460985,machine learning
A5039439938,artificial intelligence
A5077670266,computer vision
A5033953854,operating system
A5055430458,artificial intelligence
A5014896739,artificial intelligence
A5065396462,artificial intelligence
A5049613444,artificial intelligence
A5029850297,artificial intelligence
A5020230613,computer network
A5068919916,computer security
A5009207984,machine learning
A5059320347,theoretical computer science
A5073163964,artificial intelligence
A5082964883,operating system
A5074288377,artificial intelligence
A5084880649,artificial intelligence
A5037444018,artificial intelligence
A5021606707,artificial intelligence
A5039895469,artificial intelligence
A5075250507,artificial intelligence
A5063568782,artificial intelligence
A5057495107,artificial intelligence
A5057406790,database
A5023435776,artificial intelligence
A5090830662,machine learning
A5062778952,computer vision
A5028108090,artificial intelligence
A5016997456,artificial intelligence
A5018480959,artificial intelligence
A5014511256,data science
A5071087940,artificial intelligence
A5018120091,artificial intelligence
A5076724465,machine learning
A5056712308,artificial intelligence
A5071088234,machine learning
A5003640595,computer vision
A5085329450,artificial intelligence
A5010776272,data science
A5071386331,data science
A5051603415,data science
A5009438754,artificial intelligence
A5070639842,machine learning
A5090952322,machine learning
A5042514951,artificial intelligence
A5002335452,artificial intelligence
A5010088194,machine learning
A5091371230,artificial intelligence
A5068096045,computer vision
A5025245661,computer vision
A5064990367,computer security
A5089906274,artificial intelligence
A5062015169,artificial intelligence
A5056162859,artificial intelligence
A5031451023,operating system
A5083895630,artificial intelligence
A5082560401,knowledge management
A5018048417,computer hardware
A5017912953,computer vision
A5084536246,artificial intelligence
A5006789019,artificial intelligence
A5020246789,computer vision
A5032803067,multimedia
A5009478234,artificial intelligence
A5024119243,artificial intelligence
A5079006965,machine learning
A5048962228,artificial intelligence
A5067101312,machine learning
A5063763431,world wide web
A5074439077,machine learning
A5082673978,knowledge management
A5075410730,artificial intelligence
A5082701606,artificial intelligence
A5050437234,knowledge management
A5031447925,knowledge management
A5016464967,artificial intelligence
A5078257147,artificial intelligence
A5079330023,artificial intelligence
A5008396161,operating system
A5044317273,operating system
A5022126134,artificial intelligence
A5004477448,programming language
A5027630360,artificial intelligence
A5048002636,data science
A5080839754,artificial intelligence
A5060994870,computer network
A5072455284,programming language
A5070334650,multimedia
A5081431984,artificial intelligence
A5015027156,data mining
A5086246477,artificial intelligence
A5087778477,knowledge management
A5028980751,operating system
A5076511100,machine learning
A5042335164,operating system
A5070108511,artificial intelligence
A5020054996,artificial intelligence
A5061575002,machine learning
A5008473374,computer vision
A5048704082,artificial intelligence
A5065796809,artificial intelligence
A5037951025,computer vision
A5076075273,programming language
A5036478401,multimedia
A5030063242,artificial intelligence
A5083694186,artificial intelligence
A5008047758,multimedia
A5008725612,artificial intelligence
A5075566891,artificial intelligence
A5088636263,artificial intelligence
A5036011221,artificial intelligence
A5032725664,artificial intelligence
A5030803302,artificial intelligence
A5069693309,artificial intelligence
A5090792357,operating system
A5003788084,operating system
A5066855823,computer security
A5084598628,artificial intelligence
A5039690490,computer security
A5070079803,artificial intelligence
A5073079184,machine learning
A5028231834,artificial intelligence
A5083170847,artificial intelligence
A5001500702,operating system
A5040457779,machine learning
A5043656599,artificial intelligence
A5052575833,artificial intelligence
A5084727346,artificial intelligence
A5071792211,operating system
A5072542697,artificial intelligence
A5054527094,multimedia
A5030730273,computer vision
A5032869058,artificial intelligence
A5022229760,artificial intelligence
A5004963335,artificial intelligence
A5087289230,artificial intelligence
A5022582467,artificial intelligence
A5045569719,computer network
A5009754613,machine learning
A5087667090,database
A5036009043,artificial intelligence
A5018243004,computer security
A5033853014,programming language
A5089242554,artificial intelligence
A5091845204,artificial intelligence
A5005728644,artificial intelligence
A5012159165,artificial intelligence
A5054735147,operating system
A5053205891,artificial intelligence
A5013960389,artificial intelligence
A5018373080,artificial intelligence
A5032381265,operating system
A5045546825,artificial intelligence
A5070268215,artificial intelligence
A5006605981,artificial intelligence
A5073347260,artificial intelligence
A5005260652,artificial intelligence
A5079779797,operating system
A5048251471,artificial intelligence
A5047858962,knowledge management
A5050360160,artificial intelligence
A5089355316,artificial intelligence
A5018744589,artificial intelligence
A5007884053,operating system
A5032971510,artificial intelligence
A5001595112,data science
A5004249952,programming language
A5008595017,artificial intelligence
A5085346183,artificial intelligence
A5005844066,artificial intelligence
A5021184868,artificial intelligence
A5034035589,artificial intelligence
A5081984594,artificial intelligence
A5048113652,artificial intelligence
A5051758796,artificial intelligence
A5072133597,artificial intelligence
A5028392143,artificial intelligence
A5014854859,operating system
A5069098781,operating system
A5024998018,computer vision
A5072274730,artificial intelligence
A5046980468,machine learning
A5079539811,computer security
A5026167740,knowledge management
A5028550721,artificial intelligence
A5042155262,machine learning
A5008575896,artificial intelligence
A5084140792,generic
A5036154754,generic
A5090410581,generic
A5025945431,generic
A5091489654,theoretical computer science
A5082289507,artificial intelligence
A5000834875,theoretical computer science
A5001970069,computer security
A5015629768,data science
A5070733709,artificial intelligence
A5020891094,artificial intelligence
A5026936665,artificial intelligence
A5012118516,artificial intelligence
A5026629742,artificial intelligence
A5018103510,artificial intelligence
A5022137808,artificial intelligence
A5071462556,machine learning
A5015392285,artificial intelligence
A5076019499,artificial intelligence
A5006414890,artificial intelligence
A5020265216,database
A5071533497,world wide web
A5057690103,artificial intelligence
A5006489780,knowledge management
A5050014958,knowledge management
A5071446877,operating system
A5000827048,artificial intelligence
A5011965091,artificial intelligence
A5070008695,artificial intelligence
A5078958201,artificial intelligence
A5030780941,artificial intelligence
A5065562860,machine learning
A5015190140,machine learning
A5069396871,artificial intelligence
A5016936921,operating system
A5008384064,artificial intelligence
A5035638470,artificial intelligence
A5031286935,artificial intelligence
A5060829860,artificial intelligence
A5082996847,artificial intelligence
A5039896734,database
A5061858093,database
A5033868035,natural language processing
A5066041657,natural language processing
A5008957185,artificial intelligence
A5080411671,computer security
A5068922552,artificial intelligence
A5052372097,artificial intelligence
A5026615906,artificial intelligence
A5004729835,artificial intelligence
A5031473893,artificial intelligence
A5025458244,computer security
A5007099158,machine learning
A5042884859,machine learning
A5036430047,machine learning
A5072356613,machine learning
A5054970331,machine learning
A5041528213,machine learning
A5042146835,machine learning
A5090011368,artificial intelligence
A5058936574,artificial intelligence
A5049335972,knowledge management
A5070519116,artificial intelligence
A5043103315,artificial intelligence
A5004719353,operating system
A5073503574,artificial intelligence
A5031938572,operating system
A5009934731,artificial intelligence
A5066905068,artificial intelligence
A5085311250,artificial intelligence
A5016238494,computer vision
A5069195910,artificial intelligence
A5064644687,artificial intelligence
A5001524175,multimedia
A5050902443,multimedia
A5002664975,multimedia
A5073099838,world wide web
A5008138016,programming language
A5052742919,artificial intelligence
A5040315431,artificial intelligence
A5089350715,computer vision
A5038674741,artificial intelligence
A5069184771,knowledge management
A5046337574,operating system
A5034200775,multimedia
A5046069798,artificial intelligence
A5036632796,world wide web
A5067891474,data mining
A5089261752,machine learning
A5023811069,artificial intelligence
A5078012656,natural language processing
A5074563743,operating system
A5075841422,artificial intelligence
A5089627557,artificial intelligence
A5046955287,computer security
A5037505650,artificial intelligence
A5077740543,artificial intelligence
A5061809604,artificial intelligence
A5000986629,world wide web
A5089219568,artificial intelligence
A5053159926,artificial intelligence
A5020304683,artificial intelligence
A5043998686,natural language processing
A5038037273,artificial intelligence
A5060332501,artificial intelligence
A5085181943,operating system
A5051751659,database
A5001042282,artificial intelligence
A5088908386,world wide web
A5010260222,artificial intelligence
A5017102020,world wide web
A5047944536,multimedia
A5087426743,artificial intelligence
A5002753991,artificial intelligence
A5063366444,artificial intelligence
A5052256692,artificial intelligence
A5017267579,artificial intelligence
A5028187317,artificial intelligence
A5073492122,artificial intelligence
A5065644084,artificial intelligence
A5018471409,world wide web
A5056415416,multimedia
A5024614463,artificial intelligence
A5043607978,machine learning
A5066096844,artificial intelligence
A5027529459,computer vision
A5090935182,computer network
A5011233401,operating system
A5039350841,database
A5024551850,database
A5054324004,information retrieval
A5039516856,artificial intelligence
A5001695309,artificial intelligence
A5017009335,operating system
A5073142160,operating system
A5000090542,artificial intelligence
A5021516088,operating system
A5023581599,machine learning
A5079359530,operating system
A5079190576,information retrieval
A5060849367,computer security
A5008483420,computer network
A5002470584,artificial intelligence
A5059245579,artificial intelligence
A5035588300,artificial intelligence
A5024013909,machine learning
A5055595436,artificial intelligence
A5077922361,artificial intelligence
A5063624812,artificial intelligence
A5083103834,artificial intelligence
A5025789067,artificial intelligence
A5055546978,database
A5009693935,artificial intelligence
A5013614226,artificial intelligence
A5088127421,artificial intelligence
A5080974350,artificial intelligence
A5001264699,artificial intelligence
A5018138527,computer network
A5059175737,artificial intelligence
A5004598862,computer vision
A5028549576,computer vision
A5063747619,artificial intelligence
A5017689080,programming language
A5018401504,computer vision
A5041282289,operating system
A5031224759,machine learning
A5035606772,artificial intelligence
A5068305708,operating system
A5080506541,artificial intelligence
A5047104272,artificial intelligence
A5042766970,operating system
A5033477639,operating system
A5083510305,artificial intelligence
A5022552243,artificial intelligence
A5083782167,artificial intelligence
A5054769060,artificial intelligence
A5082413942,artificial intelligence
A5079950161,artificial intelligence
A5073946525,artificial intelligence
A5088433351,artificial intelligence
A5037044086,multimedia
A5019813462,artificial intelligence
A5040252327,artificial intelligence
A5027297651,artificial intelligence
A5008297571,machine learning
A5017419190,computer security
A5059555244,operating system
A5085186385,multimedia
A5077391080,multimedia
A5061645356,machine learning
A5026744143,machine learning
A5081118714,machine learning
A5083600845,machine learning
A5014323474,machine learning
A5012139331,machine learning
A5082266272,artificial intelligence
A5011320969,artificial intelligence
A5002358587,artificial intelligence
A5013315393,artificial intelligence
A5057561835,artificial intelligence
A5003189918,artificial intelligence
A5034979443,machine learning
A5018436811,operating system
A5018299252,artificial intelligence
A5081161690,computer vision
A5028588078,computer vision
A5073064677,programming language
A5034063536,artificial intelligence
A5071463063,artificial intelligence
A5012529463,theoretical computer science
A5003377833,theoretical computer science
A5004125800,artificial intelligence
A5005239114,multimedia
A5026197606,multimedia
A5087309992,computer vision
A5031018293,machine learning
A5047304718,artificial intelligence
A5026793498,operating system
A5031844778,programming language
A5077378659,machine learning
A5087620365,artificial intelligence
A5085062328,artificial intelligence
A5043350807,artificial intelligence
A5021746071,programming language
A5055448006,artificial intelligence
A5075117757,artificial intelligence
A5008569581,operating system
A5002303978,programming language
A5052844618,multimedia
A5038173058,multimedia
A5070328894,multimedia
A5077382914,artificial intelligence
A5010871173,operating system
A5082230753,artificial intelligence
A5051332325,artificial intelligence
A5086865721,artificial intelligence
A5009660665,world wide web
A5006643434,machine learning
A5015940205,artificial intelligence
A5047380225,artificial intelligence
A5086414580,computer vision
A5077800537,multimedia
A5041432927,programming language
A5028059618,multimedia
A5080542192,artificial intelligence
A5050965041,artificial intelligence
A5090967228,machine learning
A5080213643,machine learning
A5074508460,machine learning
A5022555663,machine learning
A5087288359,artificial intelligence
A5000875635,operating system
A5030978992,machine learning
A5028266379,artificial intelligence
A5085984179,artificial intelligence
A5056956875,artificial intelligence
A5087176374,artificial intelligence
A5076070516,artificial intelligence
A5065953146,operating system
A5039326983,machine learning
A5024473847,artificial intelligence
A5085575730,operating system
A5067503273,programming language
A5058149407,operating system
A5007388902,operating system
A5007734731,artificial intelligence
A5045596624,knowledge management
A5067581580,computer security
A5002249055,artificial intelligence
A5006879957,artificial intelligence
A5070331391,artificial intelligence
A5052140189,artificial intelligence
A5052761248,machine learning
A5067572640,machine learning
A5004615613,knowledge management
A5052984032,knowledge management
A5075433813,artificial intelligence
A5022153455,artificial intelligence
A5020199643,artificial intelligence
A5090362130,knowledge management
A5045812618,world wide web
A5087625561,artificial intelligence
A5075982970,artificial intelligence
A5056362920,artificial intelligence
A5086246448,world wide web
A5031461768,world wide web
A5023098161,machine learning
A5030942957,machine learning
A5071748667,operating system
A5062520217,artificial intelligence
A5013083040,artificial intelligence
A5029045681,artificial intelligence
A5029408736,artificial intelligence
A5047101216,library science
A5025104937,machine learning
A5070701004,artificial intelligence
A5023199568,artificial intelligence
A5028889705,artificial intelligence
A5068585414,artificial intelligence
A5087098497,computer network
A5070359867,operating system
A5062843590,operating system
A5072417342,artificial intelligence
A5085655358,artificial intelligence
A5082422947,artificial intelligence
A5023741598,world wide web
A5038365789,operating system
A5063707517,library science
A5029335441,programming language
A5065547907,artificial intelligence
A5086939640,programming language
A5007791429,computer vision
A5088636499,machine learning
A5045056287,multimedia
A5029274746,artificial intelligence
A5071260695,natural language processing
A5022823378,artificial intelligence
A5022400108,artificial intelligence
A5001912288,machine learning
A5003295169,multimedia
A5006026233,programming language
A5022285159,artificial intelligence
A5037599002,operating system
A5090741987,natural language processing
A5016072950,computer vision
A5013441717,world wide web
A5058251389,operating system
A5058575399,artificial intelligence
A5085688805,operating system
A5040360984,operating system
A5078263874,operating system
A5071154218,operating system
A5054500429,operating system
A5076956259,speech recognition
A5053562350,machine learning
A5078459668,data science
A5080203534,artificial intelligence
A5015363446,artificial intelligence
A5081408571,machine learning
A5055789823,programming language
A5068359435,artificial intelligence
A5005432053,artificial intelligence
A5063120708,artificial intelligence
A5066912391,data science
A5002962364,artificial intelligence
A5072824621,artificial intelligence
A5077843387,artificial intelligence
A5077640348,artificial intelligence
A5070013751,artificial intelligence
A5050027169,artificial intelligence
A5003358910,computer vision
A5067361100,information retrieval
A5025844971,programming language
A5077921699,artificial intelligence
A5071311514,artificial intelligence
A5019546816,world wide web
A5019186596,artificial intelligence
A5036418930,artificial intelligence
A5030458470,artificial intelligence
A5030419671,operating system
A5072342420,world wide web
A5054873553,artificial intelligence
A5048027462,operating system
A5090781607,operating system
A5047566304,artificial intelligence
A5057524944,natural language processing
A5010244446,natural language processing
A5061111021,multimedia
A5023980204,artificial intelligence
A5070613815,artificial intelligence
A5090679255,knowledge management
A5043726427,machine learning
A5046875648,artificial intelligence
A5086734576,operating system
A5019351299,artificial intelligence
A5076650048,artificial intelligence
A5061525638,natural language processing
A5082782459,programming language
A5034901082,operating system
A5076245388,operating system
A5060829141,artificial intelligence
A5057395839,artificial intelligence
A5035312836,artificial intelligence
A5008393481,computer vision
A5062230754,computer vision
A5020660847,artificial intelligence
A5028703123,artificial intelligence
A5082710229,multimedia
A5087707692,multimedia
A5079803949,artificial intelligence
A5023061543,artificial intelligence
A5058598105,information retrieval
A5071012704,programming language
A5042858008,operating system
A5002410830,operating system
A5010414972,artificial intelligence
A5014146922,artificial intelligence
A5072168289,artificial intelligence
A5048847736,artificial intelligence
A5009700902,theoretical computer science
A5000677051,artificial intelligence
A5088197388,operating system
A5001264416,artificial intelligence
A5057523671,artificial intelligence
A5073955919,data science
A5056456196,knowledge management
A5003678655,database
A5024064495,artificial intelligence
A5046246683,artificial intelligence
A5028397378,artificial intelligence
A5066689336,artificial intelligence
A5003196881,artificial intelligence
A5041158325,machine learning
A5035877918,operating system
A5008476013,operating system
A5089739255,operating system
A5012534332,computer vision
A5045058203,machine learning
A5031121696,computer vision
A5039624619,artificial intelligence
A5004147750,artificial intelligence
A5074966723,theoretical computer science
A5077109255,artificial intelligence
A5015712929,machine learning
A5011417952,multimedia
A5060559657,artificial intelligence
A5036521335,artificial intelligence
A5009857677,artificial intelligence
A5003906741,operating system
A5081787623,machine learning
A5004479114,database
A5040438353,database
A5043225296,operating system
A5010652150,database
A5010543594,multimedia
A5005327997,artificial intelligence
A5040709818,artificial intelligence
A5022770415,programming language
A5020720579,world wide web
A5041247703,world wide web
A5077526337,world wide web
A5044247462,artificial intelligence
A5006305238,artificial intelligence
A5013661099,artificial intelligence
A5058729606,programming language
A5022538969,artificial intelligence
A5057895161,artificial intelligence
A5016953181,artificial intelligence
A5053726712,artificial intelligence
A5090345193,multimedia
A5077018197,operating system
A5027589311,artificial intelligence
A5086098017,operating system
A5036819859,operating system
A5047275453,operating system
A5063269254,operating system
A5017670865,operating system
A5028587584,artificial intelligence
A5037247181,artificial intelligence
A5033012738,artificial intelligence
A5024590326,artificial intelligence
A5040326608,artificial intelligence
A5023626020,operating system
A5046242168,world wide web
A5083148968,artificial intelligence
A5063549914,operating system
A5053641817,artificial intelligence
A5014673262,artificial intelligence
A5084893502,artificial intelligence
A5039455073,artificial intelligence
A5091854114,operating system
A5012872579,operating system
A5080790557,artificial intelligence
A5028775006,artificial intelligence
A5014975238,artificial intelligence
A5047218430,artificial intelligence
A5025483103,machine learning
A5028217491,machine learning
A5024845011,machine learning
A5048354076,artificial intelligence
A5038345449,machine learning
A5031941569,database
A5059692665,operating system
A5048697784,operating system
A5060081510,operating system
A5005513387,operating system
A5050689717,operating system
A5055982084,artificial intelligence
A5088665937,artificial intelligence
A5082473579,programming language
A5048405710,artificial intelligence
A5058004291,programming language
A5075774978,machine learning
A5031039520,machine learning
A5036061149,artificial intelligence
A5091874142,artificial intelligence
A5019089975,operating system
A5025373793,operating system
A5001398914,operating system
A5022207764,operating system
A5085335078,operating system
A5022374121,artificial intelligence
A5014781230,multimedia
A5017505469,artificial intelligence
A5041687698,artificial intelligence
A5014354298,operating system
A5031345951,programming language
A5073899901,operating system
A5007758273,artificial intelligence
A5086045339,artificial intelligence
A5046553800,world wide web
A5086998280,knowledge management
A5071736649,operating system
A5064548492,operating system
A5087393439,computer network
A5047926866,programming language
A5029618080,artificial intelligence
A5023524727,artificial intelligence
A5056892202,artificial intelligence
A5044889391,operating system
A5080285200,operating system
A5088179944,artificial intelligence
A5005050375,artificial intelligence
A5017906439,artificial intelligence
A5047034404,artificial intelligence
A5085814339,artificial intelligence
A5088934266,artificial intelligence
A5001690160,artificial intelligence
A5047751625,operating system
A5067103798,operating system
A5023679641,artificial intelligence
A5027944720,artificial intelligence
A5068481393,artificial intelligence
A5066637010,artificial intelligence
A5059557230,artificial intelligence
A5015194249,artificial intelligence
A5012168199,artificial intelligence
A5089137896,artificial intelligence
A5044456395,artificial intelligence
A5024742127,artificial intelligence
A5029130731,artificial intelligence
A5072356717,artificial intelligence
A5036743437,programming language
A5049338472,world wide web
A5070728508,artificial intelligence
A5004243165,operating system
A5025750693,artificial intelligence
A5077821870,artificial intelligence
A5076619195,machine learning
A5086827100,artificial intelligence
A5053165780,operating system
A5001331464,artificial intelligence
A5003648392,operating system
A5078382852,world wide web
A5009316832,world wide web
A5034372518,programming language
A5067391190,world wide web
A5015854131,artificial intelligence
A5008499885,operating system
A5033695027,artificial intelligence
A5033623398,artificial intelligence
A5039913970,operating system
A5076638711,programming language
A5003734501,operating system
A5001530538,programming language
A5052196347,knowledge management
A5033411601,world wide web
A5068937133,computer security
A5024295845,artificial intelligence
A5025289613,operating system
A5081567508,operating system
A5018139113,artificial intelligence
A5073046271,artificial intelligence
A5004372595,artificial intelligence
A5005904043,data mining
A5068844345,machine learning
A5050334992,artificial intelligence
A5004427893,computer vision
A5065820058,multimedia
A5068272216,multimedia
A5048158239,database
A5055663875,artificial intelligence
A5042988713,artificial intelligence
A5021790922,artificial intelligence
A5086582938,artificial intelligence
A5062016537,world wide web
A5053683015,programming language
A5058532869,world wide web
A5044451670,knowledge management
A5088498976,artificial intelligence
A5041142568,artificial intelligence
A5032073569,multimedia
A5045077377,multimedia
A5041470118,machine learning
A5068198051,internet privacy
A5048476513,internet privacy
A5079595189,programming language
A5058385597,knowledge management
A5069533055,multimedia
A5028745432,computer security
A5020078159,operating system
A5019796960,artificial intelligence
A5043028193,artificial intelligence
A5040319854,operating system
A5010969445,artificial intelligence
A5075268212,data science
A5061323954,programming language
A5020723861,world wide web
A5072886785,artificial intelligence
A5049146326,artificial intelligence
A5006884218,computer network
A5045519017,artificial intelligence
A5087916557,operating system
A5036977404,programming language
A5067105644,multimedia
A5044829179,multimedia
A5067911205,computer network
A5005138252,programming language
A5068212633,artificial intelligence
A5028687568,artificial intelligence
A5046982610,artificial intelligence
A5054928295,artificial intelligence
A5056425006,artificial intelligence
A5023610771,artificial intelligence
A5030716981,artificial intelligence
A5051909057,operating system
A5044645509,operating system
A5018315095,artificial intelligence
A5078800000,artificial intelligence
A5086971582,operating system
A5010782263,operating system
A5003123346,machine learning
A5040865071,artificial intelligence
A5049253329,artificial intelligence
A5070947796,knowledge management
A5005056742,artificial intelligence
A5086841461,machine learning
A5011018704,operating system
A5024406925,machine learning
A5027025072,machine learning
A5045955347,machine learning
A5015418952,machine learning
A5028794081,world wide web
A5002157345,world wide web
A5046999727,programming language
A5022555108,computer vision
A5000232181,artificial intelligence
A5088916808,machine learning
A5080797345,artificial intelligence
A5059335642,artificial intelligence
A5042782659,multimedia
A5069627479,natural language processing
A5034037753,artificial intelligence
A5052583897,artificial intelligence
A5005863795,artificial intelligence
A5017345211,operating system
A5020292460,operating system
A5086193609,world wide web
A5075154894,computer security
A5043731176,artificial intelligence
A5004877793,computer vision
A5027661926,machine learning
A5030997804,speech recognition
A5060071535,programming language
A5003607737,theoretical computer science
A5064480616,natural language processing
A5085681079,natural language processing
A5031744155,natural language processing
A5076340457,natural language processing
A5023483387,natural language processing
A5051317543,natural language processing
A5091911425,artificial intelligence
A5000187382,multimedia
A5083432049,programming language
A5014073509,artificial intelligence
A5031993656,artificial intelligence
A5088646552,artificial intelligence
A5051655180,artificial intelligence
A5061908338,artificial intelligence
A5082852481,artificial intelligence
A5050299188,database
A5071941798,database
A5086276404,operating system
A5048927560,operating system
A5020490212,operating system
A5079081811,machine learning
A5031329586,knowledge management
A5040524891,artificial intelligence
A5011105820,operating system
A5003810989,artificial intelligence
A5038189156,artificial intelligence
A5050333274,artificial intelligence
A5041660325,operating system
A5070028435,artificial intelligence
A5066710399,natural language processing
A5045378788,artificial intelligence
A5056517923,operating system
A5073581836,computer vision
A5050965057,artificial intelligence
A5003055330,knowledge management
A5051076432,computer network
A5062590491,artificial intelligence
A5058176800,artificial intelligence
A5056603282,machine learning
A5042153525,database
A5044896136,artificial intelligence
A5049408851,artificial intelligence
A5029968950,distributed computing
A5029031206,computer vision
A5050903344,artificial intelligence
A5045410186,machine learning
A5033625848,artificial intelligence
A5042597849,artificial intelligence
A5003779761,artificial intelligence
A5054151996,machine learning
A5062571028,machine learning
A5020600639,artificial intelligence
A5000544333,artificial intelligence
A5051189617,operating system
A5018387915,operating system
A5084359876,artificial intelligence
A5030522898,artificial intelligence
A5034975789,artificial intelligence
A5051107402,artificial intelligence
A5087081020,machine learning
A5040858746,artificial intelligence
A5066444621,machine learning
A5014786376,machine learning
A5073668681,programming language
A5063413613,artificial intelligence
A5064395265,artificial intelligence
A5013024166,machine learning
A5089247880,knowledge management
A5038330481,artificial intelligence
A5035247340,artificial intelligence
A5055621886,artificial intelligence
A5004362277,artificial intelligence
A5050156128,artificial intelligence
A5048707681,operating system
A5011073856,knowledge management
A5061962364,multimedia
A5090554658,knowledge management
A5001227032,artificial intelligence
A5053078606,world wide web
A5028476325,world wide web
A5058070894,operating system
A5054395154,artificial intelligence
A5079458153,artificial intelligence
A5058856784,computer security
A5005595654,artificial intelligence
A5028242808,artificial intelligence
A5036548506,artificial intelligence
A5081114551,artificial intelligence
A5007349029,operating system
A5013064041,information retrieval
A5039553345,artificial intelligence
A5053662486,artificial intelligence
A5007653049,operating system
A5035939663,artificial intelligence
A5012126103,data science
A5053281470,artificial intelligence
A5038199433,artificial intelligence
A5088463931,programming language
A5052657371,world wide web
A5064393824,operating system
A5017119349,internet privacy
A5030708198,artificial intelligence
A5021967941,machine learning
A5015301115,artificial intelligence
A5022078409,world wide web
A5049680381,world wide web
A5071643152,world wide web
A5031265941,artificial intelligence
A5035861297,artificial intelligence
A5044649117,artificial intelligence
A5035329291,computer vision
A5001920209,computer vision
A5039105616,machine learning
A5081672760,artificial intelligence
A5085655333,artificial intelligence
A5026818536,computer security
A5088969394,operating system
A5002417981,multimedia
A5016634756,computer security
A5023000351,computer security
A5018740241,artificial intelligence
A5006909080,artificial intelligence
A5065639733,artificial intelligence
A5014374904,artificial intelligence
A5070300871,computer network
A5000396841,machine learning
A5044313646,machine learning
A5077270048,machine learning
A5061658352,machine learning
A5003720793,machine learning
A5007106692,machine learning
A5068007861,machine learning
A5078252392,machine learning
A5063083907,machine learning
A5028253899,knowledge management
A5021589201,machine learning
A5085913618,operating system
A5036103592,operating system
A5055427344,artificial intelligence
A5065805570,artificial intelligence
A5080469744,artificial intelligence
A5077250147,knowledge management
A5006737410,database
A5043629634,artificial intelligence
A5052206721,artificial intelligence
A5051274882,artificial intelligence
A5077054365,artificial intelligence
A5089771051,artificial intelligence
A5033511005,artificial intelligence
A5003795875,artificial intelligence
A5031738703,artificial intelligence
A5033807563,artificial intelligence
A5025076963,machine learning
A5021493111,computer vision
A5088999066,machine learning
A5084337132,machine learning
A5023242761,operating system
A5080136737,machine learning
A5080583726,artificial intelligence
A5070545710,computer vision
A5035552373,machine learning
A5047064217,artificial intelligence
A5027612585,computer network
A5069734411,computer network
A5009620075,artificial intelligence
A5088347215,world wide web
A5029744114,machine learning
A5023200879,artificial intelligence
A5058270961,artificial intelligence
A5038713395,operating system
A5013426857,artificial intelligence
A5066665696,programming language
A5058449471,artificial intelligence
A5055270130,information retrieval
A5015852735,information retrieval
A5024812899,data science
A5036630912,natural language processing
A5008261969,natural language processing
A5061183168,artificial intelligence
A5049352265,artificial intelligence
A5048495644,computer vision
A5079253908,artificial intelligence
A5008426630,computer security
A5080662228,machine learning
A5033944213,artificial intelligence
A5052030817,machine learning
A5061127966,computer vision
A5029271067,artificial intelligence
A5016803997,artificial intelligence
A5028282411,artificial intelligence
A5053696609,artificial intelligence
A5009675377,machine learning
A5001670550,operating system
A5078864745,artificial intelligence
A5015902272,artificial intelligence
A5016834785,artificial intelligence
A5037767876,artificial intelligence
A5030239925,artificial intelligence
A5081840676,multimedia
A5075544867,computer vision
A5032912532,artificial intelligence
A5026305721,artificial intelligence
A5023866759,artificial intelligence
A5034931496,artificial intelligence
A5052880071,artificial intelligence
A5016525565,multimedia
A5015126789,artificial intelligence
A5056488237,artificial intelligence
A5084199446,machine learning
A5025869866,data science
A5037073496,machine learning
A5037000194,computer vision
A5089269429,world wide web
A5032387676,computer security
A5080714643,artificial intelligence
A5018967477,artificial intelligence
A5058306494,artificial intelligence
A5083531923,artificial intelligence
A5069872577,operating system
A5005553509,machine learning
A5066727525,artificial intelligence
A5005294830,artificial intelligence
A5000689278,artificial intelligence
A5027988857,machine learning
A5080026590,computer vision
A5037584129,operating system
A5040210597,artificial intelligence
A5055768033,machine learning
A5054317000,operating system
A5060532504,world wide web
A5004913043,artificial intelligence
A5019537566,artificial intelligence
A5073770818,multimedia
A5019358063,multimedia
A5006583868,speech recognition
A5042892816,artificial intelligence
A5056362774,operating system
A5027763022,operating system
A5071917998,artificial intelligence
A5018761621,operating system
A5088674903,operating system
A5005068610,programming language
A5036404059,artificial intelligence
A5045301590,operating system
A5039712939,natural language processing
A5062604288,artificial intelligence
A5030850475,speech recognition
A5003083693,speech recognition
A5073702501,artificial intelligence
A5059708338,artificial intelligence
A5013765947,artificial intelligence
A5047125428,machine learning
A5075294939,artificial intelligence
A5029591382,computer network
A5012864989,operating system
A5067201316,operating system
A5020494096,artificial intelligence
A5073854109,information retrieval
A5038213485,programming language
A5055424167,artificial intelligence
A5071523960,artificial intelligence
A5029624987,computer vision
A5013418146,computer vision
A5011629306,artificial intelligence
A5044754849,computer vision
A5023059615,artificial intelligence
A5050112394,artificial intelligence
A5046328005,operating system
A5059593210,artificial intelligence
A5049773976,artificial intelligence
A5006594512,artificial intelligence
A5070616565,machine learning
A5052472773,artificial intelligence
A5000411106,artificial intelligence
A5076325889,operating system
A5045455849,machine learning
A5003316065,operating system
A5004748449,artificial intelligence
A5085667308,artificial intelligence
A5085218770,data mining
A5035228537,machine learning
A5028668479,information retrieval
A5037623898,operating system
A5008037939,artificial intelligence
A5046031431,computer hardware
A5015605315,operating system
A5089221401,artificial intelligence
A5078247656,artificial intelligence
A5008478538,artificial intelligence
A5010128796,artificial intelligence
A5071167506,artificial intelligence
A5059007897,world wide web
A5008379140,operating system
A5064998269,computer network
A5063887848,computer security
A5047358771,multimedia
A5040820171,multimedia
A5012729862,artificial intelligence
A5053572914,artificial intelligence
A5058784141,artificial intelligence
A5069004958,theoretical computer science
A5068418625,artificial intelligence
A5023713760,artificial intelligence
A5042364837,programming language
A5021622512,operating system
A5053097402,natural language processing
A5042049556,machine learning
A5046239440,machine learning
A5065328959,artificial intelligence
A5034898680,machine learning
A5077256314,artificial intelligence
A5075530467,artificial intelligence
A5008741127,world wide web
A5000315446,world wide web
A5071190333,artificial intelligence
A5040729868,artificial intelligence
A5037667633,artificial intelligence
A5011723389,programming language
A5009646340,artificial intelligence
A5015444543,artificial intelligence
A5049890170,computer network
A5032112539,artificial intelligence
A5034476404,artificial intelligence
A5002142783,multimedia
A5083246331,data mining
A5020482984,computer vision
A5062251295,artificial intelligence
A5031806228,natural language processing
A5052580098,multimedia
A5051620202,artificial intelligence
A5029170589,machine learning
A5034108107,machine learning
A5012402339,machine learning
A5067040834,machine learning
A5037922012,machine learning
A5057065342,machine learning
A5015692548,machine learning
A5060845867,artificial intelligence
A5013042865,data science
A5075354718,natural language processing
A5068364189,artificial intelligence
A5072564149,computer security
A5011890646,computer security
A5030880199,computer security
A5054281325,artificial intelligence
A5063350194,artificial intelligence
A5060358754,computer vision
A5042944723,computer vision
A5033692670,artificial intelligence
A5046867271,artificial intelligence
A5088169955,artificial intelligence
A5065459674,multimedia
A5068220420,multimedia
A5015673839,artificial intelligence
A5048806553,artificial intelligence
A5023993463,artificial intelligence
A5068775552,artificial intelligence
A5010614159,artificial intelligence
A5054905407,machine learning
A5075252209,operating system
A5060349175,artificial intelligence
A5045704664,artificial intelligence
A5077770014,operating system
A5063314272,artificial intelligence
A5011904454,knowledge management
A5041207098,world wide web
A5041415709,artificial intelligence
A5070099167,artificial intelligence
A5049366718,artificial intelligence
A5036692996,natural language processing
A5082067025,artificial intelligence
A5082295707,artificial intelligence
A5042695245,artificial intelligence
A5063216766,knowledge management
A5067564289,artificial intelligence
A5002976111,artificial intelligence
A5066865889,artificial intelligence
A5078041177,artificial intelligence
A5035683424,operating system
A5059466123,machine learning
A5023176472,artificial intelligence
A5026431802,operating system
A5000078546,artificial intelligence
A5000427768,operating system
A5025662396,multimedia
A5029040393,artificial intelligence
A5067179709,artificial intelligence
A5076006527,artificial intelligence
A5074956708,multimedia
A5053238451,operating system
A5048919001,operating system
A5061764240,artificial intelligence
A5048688960,artificial intelligence
A5059864639,operating system
A5009977767,artificial intelligence
A5004070162,operating system
A5060953615,artificial intelligence
A5006689836,multimedia
A5058251651,artificial intelligence
A5052211345,world wide web
A5012668753,world wide web
A5041165414,computer vision
A5048556948,artificial intelligence
A5017899023,operating system
A5005528176,operating system
A5003112988,artificial intelligence
A5067057512,artificial intelligence
A5048153023,world wide web
A5049715851,programming language
A5043833941,natural language processing
A5034785505,operating system
A5013870208,programming language
A5023095617,machine learning
A5042321883,operating system
A5034790383,machine learning
A5074648723,machine learning
A5076942366,data science
A5068210416,operating system
A5058502851,artificial intelligence
A5059456133,programming language
A5083644654,artificial intelligence
A5002499510,artificial intelligence
A5020199695,world wide web
A5014376522,multimedia
A5050796366,multimedia
A5086557860,computer vision
A5047492163,artificial intelligence
A5054806644,artificial intelligence
A5045459089,artificial intelligence
A5090952223,artificial intelligence
A5057175886,artificial intelligence
A5087809658,artificial intelligence
A5042604848,artificial intelligence
A5067750806,multimedia
A5075915251,artificial intelligence
A5089051573,artificial intelligence
A5080838294,artificial intelligence
A5048483191,machine learning
A5010633704,world wide web
A5006722484,artificial intelligence
A5051741620,artificial intelligence
A5086720473,computer vision
A5064314784,multimedia
A5024343501,computer security
A5016038952,artificial intelligence
A5070927044,library science
A5018795506,programming language
A5060672826,artificial intelligence
A5079948428,artificial intelligence
A5085544204,programming language
A5005048827,multimedia
A5086241634,operating system
A5067896136,artificial intelligence
A5032421920,operating system
A5071503517,artificial intelligence
A5052094464,artificial intelligence
A5009293071,computer hardware
A5020150122,artificial intelligence
A5058915300,artificial intelligence
A5008356497,programming language
A5080871934,natural language processing
A5045571115,multimedia
A5030022807,artificial intelligence
A5055048637,artificial intelligence
A5086808384,computer network
A5052121623,multimedia
A5029046612,artificial intelligence
A5065946536,artificial intelligence
A5034878658,machine learning
A5024992097,artificial intelligence
A5033950265,artificial intelligence
A5041940248,world wide web
A5018922997,artificial intelligence
A5086148793,operating system
A5061436986,operating system
A5070223882,operating system
A5013614086,machine learning
A5020881468,artificial intelligence
A5073958876,natural language processing
A5026399925,artificial intelligence
A5077280165,computer vision
A5009057782,artificial intelligence
A5069435428,world wide web
A5046422005,operating system
A5051799640,artificial intelligence
A5058723981,artificial intelligence
A5063046436,natural language processing
A5026475453,computer vision
A5005615576,computer network
A5022568235,machine learning
A5086455533,artificial intelligence
A5080684526,artificial intelligence
A5065309498,artificial intelligence
A5012309774,artificial intelligence
A5017108237,artificial intelligence
A5047562817,operating system
A5043671574,artificial intelligence
A5074924072,artificial intelligence
A5019521068,computer security
A5014179791,multimedia
A5053667005,multimedia
A5080454458,multimedia
A5083098890,artificial intelligence
A5006609913,computer network
A5030055345,computer vision
A5049160688,information retrieval
A5003384367,artificial intelligence
A5080235510,theoretical computer science
A5091462389,artificial intelligence
A5062927649,artificial intelligence
A5030963406,world wide web
A5053718647,world wide web
A5057983428,world wide web
A5038161598,world wide web
A5076458061,world wide web
A5049818110,world wide web
A5026154826,world wide web
A5031649291,world wide web
A5083739686,world wide web
A5039950974,world wide web
A5035670197,world wide web
A5025453491,world wide web
A5002177966,world wide web
A5070694324,operating system
A5008713236,operating system
A5069174154,theoretical computer science
A5001108120,artificial intelligence
A5060806418,multimedia
A5003048855,artificial intelligence
A5006232649,machine learning
A5031265920,natural language processing
A5010523057,computer vision
A5087200104,natural language processing
A5071725507,artificial intelligence
A5075312748,artificial intelligence
A5013334892,artificial intelligence
A5005274975,artificial intelligence
A5001758184,computer network
A5084239314,world wide web
A5034648774,natural language processing
A5057198882,programming language
A5018366447,computer network
A5081485500,artificial intelligence
A5005004584,operating system
A5033464469,data mining
A5016294951,computer vision
A5039463360,operating system
A5064473684,operating system
A5026897895,data science
A5090522228,artificial intelligence
A5061248009,computer vision
A5003933774,multimedia
A5062421996,artificial intelligence
A5080318801,artificial intelligence
A5089386739,artificial intelligence
A5052233825,artificial intelligence
A5003701534,natural language processing
A5035269739,artificial intelligence
A5044747745,artificial intelligence
A5015706646,operating system
A5019960857,operating system
A5057882584,operating system
A5041641236,computer vision
A5028893543,computer network
A5085592276,artificial intelligence
A5044970946,artificial intelligence
A5003687495,computer vision
A5015567595,world wide web
A5018553855,library science
A5068378107,machine learning
A5025304972,artificial intelligence
A5020819363,operating system
A5020761735,natural language processing
A5068267772,machine learning
A5000275563,machine learning
A5071802751,artificial intelligence
A5062855448,machine learning
A5026649469,operating system
A5078449765,world wide web
A5012817210,world wide web
A5024074640,artificial intelligence
A5044955700,artificial intelligence
A5084696669,artificial intelligence
A5055646026,artificial intelligence
A5067694104,artificial intelligence
A5011824648,artificial intelligence
A5057900958,artificial intelligence
A5000670364,operating system
A5061720645,machine learning
A5022512811,computer network
A5018291985,machine learning
A5080973951,machine learning
A5055830848,machine learning
A5012592333,machine learning
A5059231864,computer security
A5018231294,artificial intelligence
A5014118555,artificial intelligence
A5030347468,artificial intelligence
A5053947754,artificial intelligence
A5079795418,operating system
A5024908471,multimedia
A5086991283,library science
A5004919084,artificial intelligence
A5037891344,operating system
A5011685998,world wide web
A5070577318,operating system
A5082690890,computer network
A5039896054,computer network
A5039141425,world wide web
A5081326823,multimedia
A5055535728,artificial intelligence
A5020850821,artificial intelligence
A5018872189,internet privacy
A5037130457,artificial intelligence
A5088794758,artificial intelligence
A5087909840,operating system
A5011698013,artificial intelligence
A5064619581,artificial intelligence
A5043046202,artificial intelligence
A5035861570,artificial intelligence
A5021436872,artificial intelligence
A5038523691,database
A5032084429,operating system
A5005921347,knowledge management
A5017580201,data mining
A5019975054,artificial intelligence
A5063573474,artificial intelligence
A5037567495,artificial intelligence
A5047726339,data science
A5080466912,operating system
A5040634481,artificial intelligence
A5090308505,speech recognition
A5065857998,speech recognition
A5029813778,natural language processing
A5003985005,artificial intelligence
A5081472990,machine learning
A5072553757,artificial intelligence
A5025489164,artificial intelligence
A5046479646,artificial intelligence
A5012520597,artificial intelligence
A5052731386,artificial intelligence
A5060584252,artificial intelligence
A5056937035,artificial intelligence
A5028356834,artificial intelligence
A5091198726,artificial intelligence
A5078907945,artificial intelligence
A5016781705,artificial intelligence
A5042776675,artificial intelligence
A5090336324,artificial intelligence
A5027669061,computer network
A5005985934,artificial intelligence
A5040260581,world wide web
A5031583498,computer security
A5050947827,natural language processing
A5072217445,natural language processing
A5018173372,multimedia
A5021762915,artificial intelligence
A5039406969,natural language processing
A5085256592,artificial intelligence
A5053809255,artificial intelligence
A5072534711,machine learning
A5014442898,artificial intelligence
A5089789777,artificial intelligence
A5090109256,artificial intelligence
A5016083141,artificial intelligence
A5038088191,artificial intelligence
A5048599491,artificial intelligence
A5068995111,artificial intelligence
A5032906445,machine learning
A5031958692,operating system
A5060715136,operating system
A5006556461,machine learning
A5055212602,artificial intelligence
A5024347284,artificial intelligence
A5032431285,machine learning
A5045794742,machine learning
A5085964296,speech recognition
A5038737932,artificial intelligence
A5072958491,artificial intelligence
A5040168235,machine learning
A5005444046,artificial intelligence
A5086325344,data science
A5050741685,world wide web
A5080611883,world wide web
A5013117248,natural language processing
A5076242092,speech recognition
A5063022290,multimedia
A5018344574,artificial intelligence
A5050122444,artificial intelligence
A5038084384,artificial intelligence
A5001057487,artificial intelligence
A5013051797,artificial intelligence
A5019943145,artificial intelligence
A5071891995,artificial intelligence
A5035297291,artificial intelligence
A5036653045,artificial intelligence
A5017815278,artificial intelligence
A5026285008,computer vision
A5007244078,natural language processing
A5036034783,machine learning
A5004104749,computer vision
A5073076531,world wide web
A5045409390,natural language processing
A5030195695,operating system
A5020514278,artificial intelligence
A5019304812,computer network
A5012421649,natural language processing
A5067096765,artificial intelligence
A5016866438,operating system
A5015555254,operating system
A5084665500,artificial intelligence
A5069607429,speech recognition
A5061574317,computer vision
A5002470945,artificial intelligence
A5049773261,natural language processing
A5067980261,natural language processing
A5009483960,artificial intelligence
A5009989426,operating system
A5044423058,artificial intelligence
A5084880018,artificial intelligence
A5081607158,operating system
A5077470489,artificial intelligence
A5006140273,artificial intelligence
A5029685754,artificial intelligence
A5045181048,programming language
A5066050535,machine learning
A5082908944,artificial intelligence
A5011867771,computer vision
A5068173624,computer network
A5019944973,artificial intelligence
A5069720513,machine learning
A5049245643,artificial intelligence
A5002166815,artificial intelligence
A5013796989,artificial intelligence
A5043234583,artificial intelligence
A5018935451,computer vision
A5060911407,artificial intelligence
A5025548433,computer vision
A5045539382,artificial intelligence
A5090419459,information retrieval
A5079154791,world wide web
A5066305082,artificial intelligence
A5069171976,world wide web
A5012758634,programming language
A5078204776,operating system
A5030338599,database
A5076025685,data mining
A5052373265,artificial intelligence
A5064524629,artificial intelligence
A5029739300,operating system
A5044964287,operating system
A5000557159,artificial intelligence
A5046858390,operating system
A5009117491,data science
A5008488141,artificial intelligence
A5070576592,information retrieval
A5018980910,artificial intelligence
A5037087126,computer security
A5089721742,operating system
A5030931245,artificial intelligence
A5079271436,artificial intelligence
A5011552792,artificial intelligence
A5046998490,artificial intelligence
A5055208450,artificial intelligence
A5004015528,computer vision
A5053475024,machine learning
A5037396131,data mining
A5016530866,operating system
A5090459710,artificial intelligence
A5031874605,artificial intelligence
A5063722666,artificial intelligence
A5052295259,artificial intelligence
A5031063465,artificial intelligence
A5054877089,artificial intelligence
A5086014978,artificial intelligence
A5074189547,artificial intelligence
A5052242583,artificial intelligence
A5011940674,operating system
A5062550214,operating system
A5027255062,computer vision
A5031615792,artificial intelligence
A5035211145,artificial intelligence
A5082675093,computer hardware
A5083606386,artificial intelligence
A5084484883,artificial intelligence
A5041969626,speech recognition
A5025879827,artificial intelligence
A5084028704,computer vision
A5052964903,operating system
A5082214951,artificial intelligence
A5062111910,artificial intelligence
A5049374993,artificial intelligence
A5023860774,machine learning
A5017161396,operating system
A5016910600,artificial intelligence
A5042179342,artificial intelligence
A5038929608,artificial intelligence
A5006845983,machine learning
A5061790543,artificial intelligence
A5002798063,artificial intelligence
A5034513268,artificial intelligence
A5058826671,artificial intelligence
A5059916560,artificial intelligence
A5040882559,multimedia
A5032124503,multimedia
A5057624286,artificial intelligence
A5067490399,artificial intelligence
A5043479638,artificial intelligence
A5057087532,artificial intelligence
A5065211032,artificial intelligence
A5039034456,artificial intelligence
A5082773820,artificial intelligence
A5067463753,computer vision
A5053784165,operating system
A5089285362,operating system
A5010637610,artificial intelligence
A5043256812,world wide web
A5002560203,machine learning
A5083444738,artificial intelligence
A5001684302,artificial intelligence
A5081778658,artificial intelligence
A5002018081,multimedia
A5026556469,artificial intelligence
A5047181220,artificial intelligence
A5049092755,artificial intelligence
A5015454562,artificial intelligence
A5005432531,operating system
A5003857315,operating system
A5058338795,artificial intelligence
A5042753243,computer vision
A5086753691,data science
A5043627726,artificial intelligence
A5049563716,artificial intelligence
A5001641200,world wide web
A5046388874,multimedia
A5037169149,artificial intelligence
A5081944150,artificial intelligence
A5062092421,computer network
A5017181641,artificial intelligence
A5007817746,artificial intelligence
A5049698030,artificial intelligence
A5048787100,artificial intelligence
A5046361737,data science
A5024566408,operating system
A5060628396,operating system
A5087240440,natural language processing
A5053540952,artificial intelligence
A5024010594,natural language processing
A5053717983,artificial intelligence
A5088869045,artificial intelligence
A5014629760,artificial intelligence
A5081037382,programming language
A5039697125,artificial intelligence
A5071333014,artificial intelligence
A5090808434,artificial intelligence
A5043422730,artificial intelligence
A5026444955,world wide web
A5049740053,programming language
A5085270080,artificial intelligence
A5008860445,programming language
A5065208117,artificial intelligence
A5066901862,artificial intelligence
A5034481214,world wide web
A5042277228,artificial intelligence
A5040603672,machine learning
A5051122928,artificial intelligence
A5006469263,artificial intelligence
A5068026186,artificial intelligence
A5083606650,artificial intelligence
A5006103270,artificial intelligence
A5059022179,artificial intelligence
A5034954407,computer security
A5012111866,computer security
A5082483205,world wide web
A5039789094,artificial intelligence
A5048753411,artificial intelligence
A5049617931,artificial intelligence
A5067158625,artificial intelligence
A5091688930,natural language processing
A5036794631,natural language processing
A5010644845,artificial intelligence
A5041205943,artificial intelligence
A5090992629,artificial intelligence
A5009928395,operating system
A5072029937,artificial intelligence
A5084053269,artificial intelligence
A5063987862,artificial intelligence
A5014960555,artificial intelligence
A5005144336,artificial intelligence
A5045503929,artificial intelligence
A5087422215,programming language
A5020014541,artificial intelligence
A5051454447,artificial intelligence
A5088271064,artificial intelligence
A5040549139,operating system
A5040029690,artificial intelligence
A5059177667,artificial intelligence
A5087801764,artificial intelligence
A5021091316,artificial intelligence
A5064451967,artificial intelligence
A5047856152,information retrieval
A5081077795,artificial intelligence
A5038004306,artificial intelligence
A5037723092,operating system
A5016808797,machine learning
A5063807588,artificial intelligence
A5043423948,artificial intelligence
A5001387067,theoretical computer science
A5077223134,artificial intelligence
A5034913568,artificial intelligence
A5045588436,data science
A5074304965,artificial intelligence
A5033919571,computer security
A5032084886,artificial intelligence
A5054506775,machine learning
A5039393294,artificial intelligence
A5054067667,knowledge management
A5024376129,computer security
A5067858763,computer security
A5033523225,artificial intelligence
A5063451671,machine learning
A5071305892,multimedia
A5000218015,machine learning
A5008584543,machine learning
A5061676091,artificial intelligence
A5060784490,artificial intelligence
A5052432097,artificial intelligence
A5042266868,artificial intelligence
A5081638301,artificial intelligence
A5087724733,artificial intelligence
A5044819198,artificial intelligence
A5051152326,artificial intelligence
A5004459360,artificial intelligence
A5035088369,machine learning
A5041841012,artificial intelligence
A5085627593,machine learning
A5033056648,machine learning
A5067320590,machine learning
A5045066745,operating system
A5026331519,database
A5046841232,artificial intelligence
A5012496171,artificial intelligence
A5053423290,machine learning
A5052252218,artificial intelligence
A5071297116,artificial intelligence
A5072675130,data science
A5042776049,artificial intelligence
A5007154704,artificial intelligence
A5035099139,artificial intelligence
A5079605698,machine learning
A5015301071,artificial intelligence
A5078659142,artificial intelligence
A5017104819,artificial intelligence
A5050226067,artificial intelligence
A5018230304,operating system
A5021533459,speech recognition
A5032210804,artificial intelligence
A5075271121,distributed computing
A5019923976,artificial intelligence
A5057780987,artificial intelligence
A5087188454,artificial intelligence
A5068994727,artificial intelligence
A5002780664,artificial intelligence
A5044315808,artificial intelligence
A5046143134,artificial intelligence
A5076553434,artificial intelligence
A5082418171,artificial intelligence
A5082471157,artificial intelligence
A5090552509,artificial intelligence
A5067953601,artificial intelligence
A5077151661,artificial intelligence
A5082870145,artificial intelligence
A5036646258,machine learning
A5021046343,machine learning
A5010988212,artificial intelligence
A5015920101,machine learning
A5000157816,machine learning
A5007054746,artificial intelligence
A5069987208,artificial intelligence
A5035522197,parallel computing
A5014012890,artificial intelligence
A5083523340,artificial intelligence
A5003584200,artificial intelligence
A5055830008,artificial intelligence
A5003032765,artificial intelligence
A5075902303,artificial intelligence
A5019209157,artificial intelligence
A5020054788,artificial intelligence
A5003029875,programming language
A5035711557,artificial intelligence
A5077608315,artificial intelligence
A5024373102,artificial intelligence
A5032829313,artificial intelligence
A5091498791,artificial intelligence
A5017955059,artificial intelligence
A5073005938,artificial intelligence
A5028386277,artificial intelligence
A5053613060,artificial intelligence
A5012042569,artificial intelligence
A5031629689,artificial intelligence
A5062708415,artificial intelligence
A5022964794,artificial intelligence
A5071772528,artificial intelligence
A5029082028,artificial intelligence
A5016043106,artificial intelligence
A5074588447,operating system
A5054933494,operating system
A5077257372,computer security
A5000531931,operating system
A5056615388,computer network
A5064516970,operating system
A5024884892,operating system
A5089283900,artificial intelligence
A5073899356,artificial intelligence
A5027962058,artificial intelligence
A5064239794,artificial intelligence
A5081814474,artificial intelligence
A5060643806,artificial intelligence
A5000115874,artificial intelligence
A5043194038,artificial intelligence
A5069477858,artificial intelligence
A5029773265,artificial intelligence
A5011344307,artificial intelligence
A5044482560,artificial intelligence
A5090371845,artificial intelligence
A5041303160,artificial intelligence
A5040372564,world wide web
A5070679364,artificial intelligence
A5015765678,data science
A5042221516,data science
A5012957487,data science
A5067261475,artificial intelligence
