id,label
A5042195176,artificial intelligence
A5067142016,artificial intelligence
A5028089542,artificial intelligence
A5011572373,world wide web
A5033311124,world wide web
A5001676164,artificial intelligence
A5074590042,artificial intelligence
A5038820830,machine learning
A5070281692,artificial intelligence
A5019626466,artificial intelligence
A5071941451,machine learning
A5078231177,artificial intelligence
A5037697344,artificial intelligence
A5053183805,artificial intelligence
A5064759122,artificial intelligence
A5038199341,artificial intelligence
A5025308299,artificial intelligence
A5016137188,artificial intelligence
A5055776312,artificial intelligence
A5043823616,machine learning
A5029696881,artificial intelligence
A5028919793,artificial intelligence
A5090921348,artificial intelligence
A5078909305,artificial intelligence
A5021241636,artificial intelligence
A5005717519,artificial intelligence
A5054879396,artificial intelligence
A5045016749,artificial intelligence
A5046237389,computer vision
A5057168176,artificial intelligence
A5038379562,artificial intelligence
A5040485375,artificial intelligence
A5029137480,computer network
A5089476688,data science
A5072361278,artificial intelligence
A5015166903,artificial intelligence
A5027489992,machine learning
A5079926596,artificial intelligence
A5001087292,artificial intelligence
A5080591144,artificial intelligence
A5051247445,artificial intelligence
A5001022750,artificial intelligence
A5083872718,artificial intelligence
A5057846027,artificial intelligence
A5053452011,artificial intelligence
A5074754590,artificial intelligence
A5044778185,artificial intelligence
A5042200719,artificial intelligence
A5018479163,artificial intelligence
A5065613852,machine learning
A5062394620,machine learning
A5075877563,artificial intelligence
A5035659125,world wide web
A5028032706,artificial intelligence
A5017983137,artificial intelligence
A5088394978,artificial intelligence
A5034064327,artificial intelligence
A5049349154,artificial intelligence
A5071367253,artificial intelligence
A5039482178,programming language
A5051068084,artificial intelligence
A5045543562,machine learning
A5061745728,machine learning
A5015899120,artificial intelligence
A5067555437,artificial intelligence
A5065271403,artificial intelligence
A5041785812,artificial intelligence
A5042776527,operating system
A5073832417,artificial intelligence
A5087825639,artificial intelligence
A5088572875,artificial intelligence
A5051649145,artificial intelligence
A5071529846,artificial intelligence
A5054568856,artificial intelligence
A5035017068,artificial intelligence
A5011489869,speech recognition
A5072029181,artificial intelligence
A5077267552,artificial intelligence
A5079968957,machine learning
A5003810287,machine learning
A5076461197,machine learning
A5018410445,artificial intelligence
A5017908221,artificial intelligence
A5067767409,artificial intelligence
A5074469154,artificial intelligence
A5052487601,artificial intelligence
A5044783910,artificial intelligence
A5078269845,artificial intelligence
A5039389081,artificial intelligence
A5079110692,artificial intelligence
A5031233699,artificial intelligence
A5055123607,artificial intelligence
A5039348290,artificial intelligence
A5053053957,artificial intelligence
A5010033316,artificial intelligence
A5078910343,artificial intelligence
A5090549112,machine learning
A5045723090,machine learning
A5010097254,artificial intelligence
A5019906371,artificial intelligence
A5043775533,artificial intelligence
A5055416007,artificial intelligence
A5065635001,artificial intelligence
A5049691461,artificial intelligence
A5001052072,artificial intelligence
A5001274499,artificial intelligence
A5067434821,artificial intelligence
A5045974590,artificial intelligence
A5044141636,artificial intelligence
A5055035329,artificial intelligence
A5019265966,machine learning
A5056808390,artificial intelligence
A5047750218,artificial intelligence
A5070754732,artificial intelligence
A5064525703,artificial intelligence
A5063206976,artificial intelligence
A5021219790,artificial intelligence
A5077620594,programming language
A5015167951,knowledge management
A5071599724,artificial intelligence
A5012703845,artificial intelligence
A5085640653,artificial intelligence
A5024626195,operating system
A5034052082,artificial intelligence
A5088876922,artificial intelligence
A5003756290,artificial intelligence
A5032456310,artificial intelligence
A5007383027,artificial intelligence
A5027278867,artificial intelligence
A5063105048,artificial intelligence
A5086178969,artificial intelligence
A5020579305,artificial intelligence
A5034510935,operating system
A5050040144,programming language
A5014758289,artificial intelligence
A5014775429,artificial intelligence
A5011176205,artificial intelligence
A5088817813,artificial intelligence
A5008209934,artificial intelligence
A5023330178,artificial intelligence
A5054926685,artificial intelligence
A5084702125,artificial intelligence
A5029483412,world wide web
A5068542997,library science
A5070311545,artificial intelligence
A5036127371,natural language processing
A5012655817,artificial intelligence
A5049303874,artificial intelligence
A5009750573,artificial intelligence
A5088726927,library science
A5012449597,machine learning
A5080970505,machine learning
A5008441213,artificial intelligence
A5039739707,artificial intelligence
A5087785022,artificial intelligence
A5001483226,artificial intelligence
A5066580481,artificial intelligence
A5022060377,artificial intelligence
A5079940769,knowledge management
A5067767740,artificial intelligence
A5068971635,artificial intelligence
A5083542637,artificial intelligence
A5014274064,artificial intelligence
A5050857344,artificial intelligence
A5081023829,artificial intelligence
A5005793995,operating system
A5015025226,computer security
A5023994037,artificial intelligence
A5055191887,artificial intelligence
A5062662924,artificial intelligence
A5082357282,artificial intelligence
A5000975435,artificial intelligence
A5085432173,artificial intelligence
A5001025165,operating system
A5068271733,artificial intelligence
A5058475882,artificial intelligence
A5072980637,artificial intelligence
A5047493969,artificial intelligence
A5060859546,artificial intelligence
A5065949038,natural language processing
A5017713842,natural language processing
A5038669899,artificial intelligence
A5087192873,computer security
A5036119057,artificial intelligence
A5079596102,artificial intelligence
A5065692438,artificial intelligence
A5083681758,machine learning
A5048533217,artificial intelligence
A5055132321,information retrieval
A5044475069,natural language processing
A5053973465,artificial intelligence
A5077470909,artificial intelligence
A5017914184,artificial intelligence
A5066486631,artificial intelligence
A5090592264,computer vision
A5023739663,computer vision
A5011600518,artificial intelligence
A5071485698,machine learning
A5016116024,machine learning
A5033261896,machine learning
A5060960665,artificial intelligence
A5060883307,artificial intelligence
A5088673875,artificial intelligence
A5057581747,artificial intelligence
A5090310668,artificial intelligence
A5001404174,artificial intelligence
A5036426837,artificial intelligence
A5033007233,artificial intelligence
A5087411137,artificial intelligence
A5015400817,artificial intelligence
A5071224574,artificial intelligence
A5081019368,artificial intelligence
A5058488295,artificial intelligence
A5032651215,artificial intelligence
A5021609011,artificial intelligence
A5069178881,artificial intelligence
A5046172297,artificial intelligence
A5050221120,operating system
A5023894377,artificial intelligence
A5046971896,artificial intelligence
A5037160280,machine learning
A5076051651,artificial intelligence
A5057305454,artificial intelligence
A5047871627,artificial intelligence
A5039563504,artificial intelligence
A5062331827,artificial intelligence
A5037942591,artificial intelligence
A5042186901,artificial intelligence
A5055204699,machine learning
A5001870814,artificial intelligence
A5051199777,natural language processing
A5023472679,programming language
A5003025480,multimedia
A5037257043,artificial intelligence
A5038793166,artificial intelligence
A5071436704,artificial intelligence
A5015067771,artificial intelligence
A5060246986,artificial intelligence
A5055719436,artificial intelligence
A5055514112,artificial intelligence
A5046342507,artificial intelligence
A5016342533,artificial intelligence
A5060268098,artificial intelligence
A5008878885,machine learning
A5091880648,operating system
A5014894748,operating system
A5034416673,operating system
A5046258663,data science
A5009505287,operating system
A5004084740,artificial intelligence
A5031586533,artificial intelligence
A5040405791,artificial intelligence
A5082529659,artificial intelligence
A5020862612,artificial intelligence
A5017736224,computer network
A5042833743,artificial intelligence
A5044050863,artificial intelligence
A5004521033,artificial intelligence
A5082124101,artificial intelligence
A5057583579,artificial intelligence
A5018936199,artificial intelligence
A5026298167,artificial intelligence
A5059259271,artificial intelligence
A5024633466,artificial intelligence
A5057432759,artificial intelligence
A5003799782,artificial intelligence
A5090232242,artificial intelligence
A5071884484,artificial intelligence
A5083767132,artificial intelligence
A5043069455,artificial intelligence
A5059723521,machine learning
A5029559430,artificial intelligence
A5063078131,artificial intelligence
A5071587979,artificial intelligence
A5024008270,artificial intelligence
A5074020902,artificial intelligence
A5080529550,artificial intelligence
A5009237221,programming language
A5080291650,operating system
A5009012021,artificial intelligence
A5075085472,artificial intelligence
A5074872410,artificial intelligence
A5015692994,artificial intelligence
A5011615735,artificial intelligence
A5023084705,computer vision
A5071471344,operating system
A5006499420,artificial intelligence
A5090203902,artificial intelligence
A5090388284,artificial intelligence
A5078146900,artificial intelligence
A5069702292,artificial intelligence
A5066499664,artificial intelligence
A5045745957,programming language
A5013018127,programming language
A5082450455,artificial intelligence
A5006052956,world wide web
A5055360058,artificial intelligence
A5065554904,artificial intelligence
A5062375227,artificial intelligence
A5014940420,artificial intelligence
A5081366032,artificial intelligence
A5050719415,artificial intelligence
A5080910201,machine learning
A5058698597,artificial intelligence
A5002712538,artificial intelligence
A5007728434,artificial intelligence
A5067513618,machine learning
A5000074040,machine learning
A5061845817,artificial intelligence
A5052189277,artificial intelligence
A5080482528,artificial intelligence
A5006633956,data science
A5048490462,artificial intelligence
A5018475166,artificial intelligence
A5056843687,artificial intelligence
A5023044082,operating system
A5047580007,artificial intelligence
A5031160941,artificial intelligence
A5054638114,artificial intelligence
A5005914878,artificial intelligence
A5029127674,artificial intelligence
A5078255358,programming language
A5024362147,artificial intelligence
A5090162029,operating system
A5018874659,artificial intelligence
A5090319741,theoretical computer science
A5081225515,artificial intelligence
A5010696459,artificial intelligence
A5057284370,artificial intelligence
A5068848432,artificial intelligence
A5082167522,artificial intelligence
A5042053820,artificial intelligence
A5078473649,artificial intelligence
A5003275797,artificial intelligence
A5027642699,artificial intelligence
A5078047670,artificial intelligence
A5027065196,artificial intelligence
A5009086349,artificial intelligence
A5034088489,artificial intelligence
A5036222248,programming language
A5076782862,artificial intelligence
A5032387890,artificial intelligence
A5010621788,artificial intelligence
A5020702999,world wide web
A5084640876,artificial intelligence
A5031610815,artificial intelligence
A5028703297,artificial intelligence
A5079436055,artificial intelligence
A5073145218,artificial intelligence
A5029845097,artificial intelligence
A5089996439,programming language
A5053217291,artificial intelligence
A5065368839,artificial intelligence
A5091411181,artificial intelligence
A5065307086,machine learning
A5044857735,machine learning
A5040848437,machine learning
A5018439678,machine learning
A5081318069,programming language
A5001279687,programming language
A5067720298,computer network
A5078265147,artificial intelligence
A5070093758,artificial intelligence
A5036503167,artificial intelligence
A5089923187,artificial intelligence
A5017042977,artificial intelligence
A5059926999,information retrieval
A5043000577,artificial intelligence
A5067089715,artificial intelligence
A5027549551,machine learning
A5005610054,programming language
A5008771402,natural language processing
A5084187981,artificial intelligence
A5020620391,artificial intelligence
A5065170124,artificial intelligence
A5029463428,artificial intelligence
A5053224623,artificial intelligence
A5052534111,artificial intelligence
A5088267964,programming language
A5054359566,artificial intelligence
A5057092836,artificial intelligence
A5038754332,artificial intelligence
A5061775910,artificial intelligence
A5065280368,artificial intelligence
A5039480864,artificial intelligence
A5079192313,artificial intelligence
A5076464455,artificial intelligence
A5038228433,artificial intelligence
A5006360335,artificial intelligence
A5066568193,artificial intelligence
A5087017723,artificial intelligence
A5038235574,artificial intelligence
A5074794877,artificial intelligence
A5029829322,artificial intelligence
A5056507889,artificial intelligence
A5013286831,operating system
A5077605824,operating system
A5036944228,artificial intelligence
A5085887146,artificial intelligence
A5047613312,theoretical computer science
A5050967657,artificial intelligence
A5008824437,artificial intelligence
A5000445240,computer security
A5015253912,artificial intelligence
A5029499294,artificial intelligence
A5037978750,artificial intelligence
A5061679303,artificial intelligence
A5088531690,artificial intelligence
A5027464929,artificial intelligence
A5037013857,natural language processing
A5056084685,artificial intelligence
A5083522214,artificial intelligence
A5065428845,artificial intelligence
A5057357328,artificial intelligence
A5062077940,artificial intelligence
A5067046312,artificial intelligence
A5007118592,artificial intelligence
A5036445445,machine learning
A5062015657,machine learning
A5036320427,artificial intelligence
A5056360019,artificial intelligence
A5040205022,artificial intelligence
A5077692655,artificial intelligence
A5009407454,artificial intelligence
A5045012588,artificial intelligence
A5038638081,machine learning
A5043919626,machine learning
A5011307781,machine learning
A5010248533,artificial intelligence
A5090763434,artificial intelligence
A5088185533,artificial intelligence
A5057571751,artificial intelligence
A5057294414,artificial intelligence
A5085164888,artificial intelligence
A5025866626,artificial intelligence
A5001328562,artificial intelligence
A5005715860,computer network
A5031785324,artificial intelligence
A5068601055,artificial intelligence
A5051047547,artificial intelligence
A5004629198,machine learning
A5022392851,programming language
A5071383424,artificial intelligence
A5009215869,operating system
A5045798295,artificial intelligence
A5047183527,artificial intelligence
A5054032428,artificial intelligence
A5061917565,artificial intelligence
A5071115047,artificial intelligence
A5058002649,artificial intelligence
A5038091880,operating system
A5042645593,artificial intelligence
A5068059152,artificial intelligence
A5011797382,artificial intelligence
A5051709851,operating system
A5064315225,artificial intelligence
A5040845666,artificial intelligence
A5042025810,artificial intelligence
A5025249509,artificial intelligence
A5077231672,artificial intelligence
A5039602200,computer vision
A5073514351,artificial intelligence
A5087542455,artificial intelligence
A5069762345,machine learning
A5076158905,machine learning
A5009598151,artificial intelligence
A5034641763,artificial intelligence
A5018863343,operating system
A5026958336,artificial intelligence
A5089550455,artificial intelligence
A5082471864,operating system
A5089697598,operating system
A5085946799,artificial intelligence
A5012152274,artificial intelligence
A5007146500,programming language
A5027926451,artificial intelligence
A5008362078,artificial intelligence
A5044165385,artificial intelligence
A5051203631,artificial intelligence
A5024273013,artificial intelligence
A5065543182,artificial intelligence
A5056237133,artificial intelligence
A5019055429,artificial intelligence
A5048862815,artificial intelligence
A5076950139,artificial intelligence
A5053311080,artificial intelligence
A5036337528,artificial intelligence
A5061475112,artificial intelligence
A5041794762,artificial intelligence
A5005510641,machine learning
A5015471641,artificial intelligence
A5090506270,artificial intelligence
A5044785782,artificial intelligence
A5077660261,data science
A5028184409,operating system
A5071153314,world wide web
A5073836657,artificial intelligence
A5045578913,artificial intelligence
A5072271728,artificial intelligence
A5041499017,artificial intelligence
A5042332909,artificial intelligence
A5018599588,operating system
A5074824323,artificial intelligence
A5017647508,artificial intelligence
A5064812943,knowledge management
A5039919980,internet privacy
A5074020697,programming language
A5018084803,programming language
A5056849976,machine learning
A5090193930,world wide web
A5066265052,artificial intelligence
A5004840435,artificial intelligence
A5073716487,knowledge management
A5067217647,artificial intelligence
A5017990990,artificial intelligence
A5078918402,artificial intelligence
A5089332324,artificial intelligence
A5022077412,artificial intelligence
A5057166510,artificial intelligence
A5083464568,artificial intelligence
A5005507069,artificial intelligence
A5024326128,artificial intelligence
A5072774939,artificial intelligence
A5024161281,machine learning
A5048773916,artificial intelligence
A5070942254,artificial intelligence
A5090666420,artificial intelligence
A5018606903,artificial intelligence
A5090973753,artificial intelligence
A5002367171,artificial intelligence
A5044217809,artificial intelligence
A5085924325,operating system
A5070465786,machine learning
A5004387574,artificial intelligence
A5041140653,artificial intelligence
A5091441358,artificial intelligence
A5011508990,artificial intelligence
A5068207469,artificial intelligence
A5020630464,artificial intelligence
A5073451613,artificial intelligence
A5017205055,artificial intelligence
A5050257808,artificial intelligence
A5067230761,artificial intelligence
A5027426452,artificial intelligence
A5040429744,operating system
A5018376555,artificial intelligence
A5014654464,artificial intelligence
A5034081636,artificial intelligence
A5082824002,artificial intelligence
A5025550736,artificial intelligence
A5053010883,artificial intelligence
A5008583848,artificial intelligence
A5021273410,artificial intelligence
A5024635859,artificial intelligence
A5069543375,artificial intelligence
A5045098894,artificial intelligence
A5065903280,programming language
A5052682036,operating system
A5061151468,artificial intelligence
A5067597688,artificial intelligence
A5007171832,artificial intelligence
A5089713497,artificial intelligence
A5010560354,artificial intelligence
A5071802800,machine learning
A5024732230,artificial intelligence
A5051203367,artificial intelligence
A5069871949,artificial intelligence
A5083466715,artificial intelligence
A5032965630,artificial intelligence
A5000083284,artificial intelligence
A5034939930,artificial intelligence
A5079988916,artificial intelligence
A5022595755,machine learning
A5076256836,artificial intelligence
A5078160812,artificial intelligence
A5029465668,artificial intelligence
A5020756135,computer vision
A5035194938,computer vision
A5028996052,artificial intelligence
A5031387492,machine learning
A5023212550,operating system
A5065002867,artificial intelligence
A5078138776,artificial intelligence
A5011553620,natural language processing
A5061909708,computer vision
A5034770996,artificial intelligence
A5003626250,artificial intelligence
A5045825380,artificial intelligence
A5005286828,artificial intelligence
A5031279847,artificial intelligence
A5089775223,artificial intelligence
A5003684805,artificial intelligence
A5015716594,artificial intelligence
A5090259408,artificial intelligence
A5069596903,artificial intelligence
A5016869251,artificial intelligence
A5067915957,computer security
A5001270198,machine learning
A5030799206,data mining
A5014319066,operating system
A5034657358,artificial intelligence
A5039292216,artificial intelligence
A5074524157,artificial intelligence
A5069573186,artificial intelligence
A5014088772,programming language
A5021555712,artificial intelligence
A5060896454,artificial intelligence
A5050729402,artificial intelligence
A5079538687,artificial intelligence
A5049986671,machine learning
A5051056050,machine learning
A5066105783,artificial intelligence
A5050626793,artificial intelligence
A5066433806,artificial intelligence
A5046773162,computer network
A5041020110,artificial intelligence
A5060778033,artificial intelligence
A5069699303,artificial intelligence
A5006876719,artificial intelligence
A5068713051,artificial intelligence
A5001270995,artificial intelligence
A5029523168,artificial intelligence
A5025395728,machine learning
A5071518229,world wide web
A5057024015,world wide web
A5009276619,world wide web
A5027520495,world wide web
A5091908304,data mining
A5000798681,artificial intelligence
A5001665434,operating system
A5024901674,programming language
A5045462352,artificial intelligence
A5046381546,artificial intelligence
A5043088088,artificial intelligence
A5084377510,artificial intelligence
A5022150743,artificial intelligence
A5070826172,artificial intelligence
A5050302985,artificial intelligence
A5031517902,artificial intelligence
A5010134341,artificial intelligence
A5055933956,natural language processing
A5028256522,natural language processing
A5063307502,artificial intelligence
A5054652937,artificial intelligence
A5044244190,artificial intelligence
A5077401595,artificial intelligence
A5054848365,artificial intelligence
A5082955124,artificial intelligence
A5060011738,artificial intelligence
A5053989922,speech recognition
A5023595778,artificial intelligence
A5031263620,artificial intelligence
A5061275811,artificial intelligence
A5001172312,operating system
A5087793102,artificial intelligence
A5004967317,artificial intelligence
A5000392417,world wide web
A5084722189,world wide web
A5028800814,artificial intelligence
A5076792725,artificial intelligence
A5070067140,artificial intelligence
A5008108577,artificial intelligence
A5005908452,artificial intelligence
A5016779313,programming language
A5078657315,artificial intelligence
A5026771187,database
A5064346361,knowledge management
A5087856032,knowledge management
A5030506701,artificial intelligence
A5074543641,artificial intelligence
A5066589049,machine learning
A5052745577,operating system
A5032043599,artificial intelligence
A5045415159,artificial intelligence
A5006203581,artificial intelligence
A5014758459,artificial intelligence
A5036915320,artificial intelligence
A5028555421,operating system
A5014913261,operating system
A5064399695,artificial intelligence
A5013045029,artificial intelligence
A5046896448,artificial intelligence
A5057583165,artificial intelligence
A5033933581,artificial intelligence
A5076204770,world wide web
A5000506517,artificial intelligence
A5064469861,artificial intelligence
A5066273713,artificial intelligence
A5078710069,world wide web
A5012723133,artificial intelligence
A5061930677,artificial intelligence
A5040228009,artificial intelligence
A5058104501,artificial intelligence
A5068605992,artificial intelligence
A5076622154,artificial intelligence
A5028047738,machine learning
A5053742635,machine learning
A5074904348,artificial intelligence
A5007748495,artificial intelligence
A5034420722,artificial intelligence
A5011292913,artificial intelligence
A5003539831,programming language
A5005735641,artificial intelligence
A5066130528,artificial intelligence
A5057260089,operating system
A5073869382,operating system
A5090649077,artificial intelligence
A5059351460,artificial intelligence
A5059853805,artificial intelligence
A5071376063,artificial intelligence
A5080349849,data science
A5058166217,computer network
A5003871253,artificial intelligence
A5059577520,artificial intelligence
A5072647800,artificial intelligence
A5020482673,artificial intelligence
A5041176403,artificial intelligence
A5029228546,artificial intelligence
A5088137293,artificial intelligence
A5027292126,artificial intelligence
A5057404113,natural language processing
A5071725533,natural language processing
A5065365889,natural language processing
A5030762120,artificial intelligence
A5024335175,artificial intelligence
A5024995961,artificial intelligence
A5028638153,artificial intelligence
A5079499583,artificial intelligence
A5024333004,artificial intelligence
A5024892806,artificial intelligence
A5047023326,data science
A5059260146,operating system
A5080665337,machine learning
A5088128501,artificial intelligence
A5071959897,artificial intelligence
A5006996966,artificial intelligence
A5033287584,artificial intelligence
A5021102755,programming language
A5079123162,programming language
A5005837856,artificial intelligence
A5025058941,artificial intelligence
A5023493127,artificial intelligence
A5029098035,artificial intelligence
A5004135554,artificial intelligence
A5010641205,artificial intelligence
A5037152117,artificial intelligence
A5081914097,artificial intelligence
A5028929923,artificial intelligence
A5048491739,artificial intelligence
A5040035817,artificial intelligence
A5017922679,artificial intelligence
A5034271321,artificial intelligence
A5011528639,data mining
A5091610469,artificial intelligence
A5071519931,artificial intelligence
A5068110218,computer network
A5014322108,natural language processing
A5001833084,artificial intelligence
A5063668258,artificial intelligence
A5036860260,artificial intelligence
A5022131196,artificial intelligence
A5039140022,artificial intelligence
A5005183383,artificial intelligence
A5062697559,machine learning
A5008403359,artificial intelligence
A5055158724,machine learning
A5004549631,artificial intelligence
A5002692390,machine learning
A5042575843,artificial intelligence
A5036001306,speech recognition
A5090320352,artificial intelligence
A5012275958,artificial intelligence
A5011764880,artificial intelligence
A5026132957,artificial intelligence
A5003579441,operating system
A5045023760,artificial intelligence
A5061536058,artificial intelligence
A5048204142,artificial intelligence
A5078345967,artificial intelligence
A5030748781,artificial intelligence
A5041121124,artificial intelligence
A5001234997,artificial intelligence
A5066044089,operating system
A5034097062,artificial intelligence
A5071168106,artificial intelligence
A5059386185,multimedia
A5056079279,artificial intelligence
A5077697207,artificial intelligence
A5003528506,artificial intelligence
A5011141557,artificial intelligence
A5013766379,operating system
A5081534736,artificial intelligence
A5070046659,artificial intelligence
A5051099574,artificial intelligence
A5057469037,artificial intelligence
A5075920182,artificial intelligence
A5018395536,artificial intelligence
A5076796430,computer vision
A5045997631,artificial intelligence
A5025869535,artificial intelligence
A5055341021,machine learning
A5027512257,world wide web
A5062756194,artificial intelligence
A5019624328,operating system
A5087409178,artificial intelligence
A5075848838,artificial intelligence
A5071736895,artificial intelligence
A5064346465,artificial intelligence
A5007427934,artificial intelligence
A5008769600,artificial intelligence
A5077890878,artificial intelligence
A5049770689,artificial intelligence
A5068148710,artificial intelligence
A5047924976,artificial intelligence
A5030159286,artificial intelligence
A5063069231,artificial intelligence
A5061561391,artificial intelligence
A5036297916,natural language processing
A5077330113,operating system
A5001193136,programming language
A5089314771,artificial intelligence
A5042655177,artificial intelligence
A5006656063,artificial intelligence
A5030391938,artificial intelligence
A5075972955,operating system
A5002969533,world wide web
A5063924433,artificial intelligence
A5038795110,artificial intelligence
A5073400616,artificial intelligence
A5027376400,computer network
A5017877687,computer network
A5057105042,artificial intelligence
A5000766463,artificial intelligence
A5065100828,artificial intelligence
A5055264305,artificial intelligence
A5082792511,artificial intelligence
A5023085223,artificial intelligence
A5010393120,artificial intelligence
A5016219113,artificial intelligence
A5054390222,artificial intelligence
A5090487464,artificial intelligence
A5051017261,artificial intelligence
A5048829230,artificial intelligence
A5031328909,artificial intelligence
A5002147518,artificial intelligence
A5088027169,artificial intelligence
A5080524011,artificial intelligence
A5003308778,artificial intelligence
A5011664630,artificial intelligence
A5021595667,machine learning
A5005464312,programming language
A5005804800,artificial intelligence
A5059888734,artificial intelligence
A5065184308,artificial intelligence
A5027705027,artificial intelligence
A5045617522,artificial intelligence
A5000856508,programming language
A5061593701,artificial intelligence
A5056707008,artificial intelligence
A5054399289,artificial intelligence
A5002154840,artificial intelligence
A5032586510,artificial intelligence
A5032201822,artificial intelligence
A5007446175,artificial intelligence
A5035919267,operating system
A5007237462,artificial intelligence
A5027963823,artificial intelligence
A5025102332,artificial intelligence
A5070462807,artificial intelligence
A5053636147,artificial intelligence
A5015026639,artificial intelligence
A5021194696,artificial intelligence
A5042469429,artificial intelligence
A5060656142,artificial intelligence
A5023942737,artificial intelligence
A5024921109,artificial intelligence
A5080497057,artificial intelligence
A5015969910,artificial intelligence
A5044903825,computer vision
A5044129236,artificial intelligence
A5009505719,operating system
A5060942351,natural language processing
A5080876617,natural language processing
A5015615281,programming language
A5083584929,artificial intelligence
A5045179278,artificial intelligence
A5010612676,artificial intelligence
A5009831803,artificial intelligence
A5054988467,computer vision
A5083819212,artificial intelligence
A5054869562,artificial intelligence
A5072139180,artificial intelligence
A5045388427,world wide web
A5074594320,operating system
A5034192756,operating system
A5019299813,artificial intelligence
A5042423207,artificial intelligence
A5069874026,artificial intelligence
A5087564128,data science
A5064468056,artificial intelligence
A5080231752,artificial intelligence
A5061006709,programming language
A5086633091,artificial intelligence
A5068815148,artificial intelligence
A5020349013,artificial intelligence
A5049476860,artificial intelligence
A5016032267,artificial intelligence
A5023432298,artificial intelligence
A5087963345,artificial intelligence
A5043420790,knowledge management
A5002662383,artificial intelligence
A5048060386,artificial intelligence
A5031800049,programming language
A5080926827,programming language
A5087790566,artificial intelligence
A5030101234,artificial intelligence
A5004660959,artificial intelligence
A5078471429,artificial intelligence
A5010944499,artificial intelligence
A5049926577,artificial intelligence
A5036442723,artificial intelligence
A5075373200,artificial intelligence
A5085821552,artificial intelligence
A5084318285,artificial intelligence
A5023788914,artificial intelligence
A5038493235,artificial intelligence
A5014013504,artificial intelligence
A5083081160,artificial intelligence
A5060635914,artificial intelligence
A5010998360,artificial intelligence
A5037167523,knowledge management
A5033699946,artificial intelligence
A5007141073,artificial intelligence
A5091634526,artificial intelligence
A5060494518,artificial intelligence
A5078213715,machine learning
A5050890174,artificial intelligence
A5003499139,artificial intelligence
A5073451815,operating system
A5042180955,data science
A5085290807,artificial intelligence
A5065451895,machine learning
A5004759226,artificial intelligence
A5039887114,artificial intelligence
A5037082770,artificial intelligence
A5014813782,artificial intelligence
A5086445784,artificial intelligence
A5026495223,machine learning
A5043889695,operating system
A5000635753,speech recognition
A5076993375,artificial intelligence
A5055865042,artificial intelligence
A5000981259,speech recognition
A5071193114,speech recognition
A5059162387,artificial intelligence
A5012932412,artificial intelligence
A5090742213,artificial intelligence
A5004555174,operating system
A5025686476,natural language processing
A5016064966,artificial intelligence
A5031004593,artificial intelligence
A5086373411,artificial intelligence
A5030298693,machine learning
A5008409828,artificial intelligence
A5040763929,artificial intelligence
A5024036401,artificial intelligence
A5015886313,artificial intelligence
A5006045778,artificial intelligence
A5006595915,programming language
A5061807602,artificial intelligence
A5082286181,artificial intelligence
A5078964969,operating system
A5056326007,operating system
A5044183000,programming language
A5083111529,natural language processing
A5058839771,artificial intelligence
A5090103863,artificial intelligence
A5011926448,artificial intelligence
A5001788144,artificial intelligence
A5077398892,artificial intelligence
A5090048784,artificial intelligence
A5028287123,artificial intelligence
A5003762688,artificial intelligence
A5025661647,artificial intelligence
A5060825472,artificial intelligence
A5010975997,artificial intelligence
A5016129540,artificial intelligence
A5075758770,artificial intelligence
A5027498937,artificial intelligence
A5036186948,artificial intelligence
A5090445830,artificial intelligence
A5026062107,operating system
A5025241006,machine learning
A5031730766,artificial intelligence
A5011368149,artificial intelligence
A5038650948,artificial intelligence
A5008561505,operating system
A5048171501,artificial intelligence
A5011889540,information retrieval
A5061033797,artificial intelligence
A5060492418,information retrieval
A5064800801,artificial intelligence
A5032480831,artificial intelligence
A5004942120,artificial intelligence
A5008375520,artificial intelligence
A5067261120,artificial intelligence
A5061795150,artificial intelligence
A5010279607,artificial intelligence
A5089212858,artificial intelligence
A5028048352,artificial intelligence
A5025255782,artificial intelligence
A5049812527,artificial intelligence
A5004921249,artificial intelligence
A5061575875,artificial intelligence
A5051522114,world wide web
A5033228504,computer vision
A5045190581,artificial intelligence
A5005077196,artificial intelligence
A5030652122,machine learning
A5008091461,machine learning
A5058730535,artificial intelligence
A5081361766,machine learning
A5071983422,artificial intelligence
A5006081005,artificial intelligence
A5020476861,artificial intelligence
A5021947145,artificial intelligence
A5079293684,artificial intelligence
A5036552518,artificial intelligence
A5044453435,artificial intelligence
A5084287332,artificial intelligence
A5000268019,artificial intelligence
A5065735496,artificial intelligence
A5071349676,artificial intelligence
A5087378145,artificial intelligence
A5001888939,operating system
A5066834236,artificial intelligence
A5011801033,machine learning
A5089418748,operating system
A5004048459,artificial intelligence
A5055771849,artificial intelligence
A5089983341,machine learning
A5041091856,artificial intelligence
A5060723344,artificial intelligence
A5019007054,operating system
A5004580149,artificial intelligence
A5037077763,artificial intelligence
A5055149475,artificial intelligence
A5059934493,operating system
A5003319227,artificial intelligence
A5090043416,artificial intelligence
A5080630773,artificial intelligence
A5028422125,artificial intelligence
A5084828574,artificial intelligence
A5010766325,artificial intelligence
A5011909774,speech recognition
A5038798689,artificial intelligence
A5091536303,artificial intelligence
A5044496582,artificial intelligence
A5012667640,operating system
A5048667897,artificial intelligence
A5073529648,artificial intelligence
A5054917794,artificial intelligence
A5050949810,artificial intelligence
A5026977716,artificial intelligence
A5048574995,theoretical computer science
A5051528024,artificial intelligence
A5000193419,artificial intelligence
A5016743815,artificial intelligence
A5049237651,artificial intelligence
A5060602998,artificial intelligence
A5062903761,artificial intelligence
A5085941561,machine learning
A5078843436,artificial intelligence
A5045886501,machine learning
A5073418911,artificial intelligence
A5012996772,operating system
A5067163892,natural language processing
A5063827643,artificial intelligence
A5002076661,artificial intelligence
A5024763537,artificial intelligence
A5056018684,machine learning
A5089382518,machine learning
A5057850155,programming language
A5063451263,artificial intelligence
A5034876222,machine learning
A5048737655,machine learning
A5086900692,machine learning
A5048354773,machine learning
A5068504294,artificial intelligence
A5018289932,artificial intelligence
A5089029287,artificial intelligence
A5039951150,artificial intelligence
A5035118178,operating system
A5083387069,artificial intelligence
A5048256265,artificial intelligence
A5064181963,artificial intelligence
A5023173503,artificial intelligence
A5077795166,artificial intelligence
A5061331167,artificial intelligence
A5032132302,world wide web
A5060779928,data science
A5065664393,artificial intelligence
A5050521702,artificial intelligence
A5011779957,artificial intelligence
A5020310463,artificial intelligence
A5013488153,artificial intelligence
A5049475868,programming language
A5010806251,artificial intelligence
A5031854085,artificial intelligence
A5029107586,artificial intelligence
A5025074757,artificial intelligence
A5086220702,operating system
A5045078233,artificial intelligence
A5061752593,artificial intelligence
A5065694652,artificial intelligence
A5061699800,artificial intelligence
A5054742942,artificial intelligence
A5085082332,world wide web
A5005217078,artificial intelligence
A5088969354,artificial intelligence
A5083003222,artificial intelligence
A5080305735,artificial intelligence
A5035314874,artificial intelligence
A5073634264,artificial intelligence
A5047652595,artificial intelligence
A5011466065,artificial intelligence
A5025663548,artificial intelligence
A5006730304,artificial intelligence
A5019489166,operating system
A5019922027,programming language
A5020231952,artificial intelligence
A5089263417,programming language
A5074122666,artificial intelligence
A5069982192,artificial intelligence
A5070377174,artificial intelligence
A5006166354,artificial intelligence
A5006429708,programming language
A5086124602,database
A5060599622,artificial intelligence
A5088469315,operating system
A5053328508,artificial intelligence
A5058679589,world wide web
A5077458525,artificial intelligence
A5008103968,artificial intelligence
A5072263969,artificial intelligence
A5070195520,artificial intelligence
A5085634615,artificial intelligence
A5036553343,artificial intelligence
A5032469771,artificial intelligence
A5054642987,artificial intelligence
A5067118505,artificial intelligence
A5064933026,artificial intelligence
A5023890658,artificial intelligence
A5077623837,artificial intelligence
A5087011942,knowledge management
A5066614231,artificial intelligence
A5083573588,artificial intelligence
A5084550608,artificial intelligence
A5091541952,artificial intelligence
A5019119605,world wide web
A5023829131,artificial intelligence
A5062211930,artificial intelligence
A5059317875,data science
A5019499716,artificial intelligence
A5081159398,artificial intelligence
A5065082533,artificial intelligence
A5040583269,artificial intelligence
A5005925953,artificial intelligence
A5020089835,artificial intelligence
A5035049338,machine learning
A5091141642,operating system
A5080689214,artificial intelligence
A5003439985,knowledge management
A5024024284,knowledge management
A5047168561,operating system
A5051641702,artificial intelligence
A5053584642,artificial intelligence
A5039588891,multimedia
A5082772341,artificial intelligence
A5021872235,data science
A5057357227,machine learning
A5019880283,artificial intelligence
A5032518636,artificial intelligence
A5021677581,data science
A5002389217,machine learning
A5083734148,computer hardware
A5057833935,artificial intelligence
A5015981050,world wide web
A5080720267,multimedia
A5034385365,artificial intelligence
A5054362485,artificial intelligence
A5043945029,artificial intelligence
A5047222739,artificial intelligence
A5084254019,artificial intelligence
A5029144226,artificial intelligence
A5000453966,artificial intelligence
A5074384016,artificial intelligence
A5085944678,artificial intelligence
A5016285305,artificial intelligence
A5002896307,artificial intelligence
A5056078914,artificial intelligence
A5002547259,artificial intelligence
A5050831061,programming language
A5073681191,artificial intelligence
A5011166875,artificial intelligence
A5078453268,artificial intelligence
A5043216917,artificial intelligence
A5091037083,artificial intelligence
A5035193180,operating system
A5052600495,operating system
A5038861185,artificial intelligence
A5027417057,programming language
A5078989577,programming language
A5070036422,computer vision
A5047679407,artificial intelligence
A5081344771,computer vision
A5036776562,artificial intelligence
A5038050126,artificial intelligence
A5065501675,artificial intelligence
A5053670340,artificial intelligence
A5018474051,artificial intelligence
A5025987638,artificial intelligence
A5050171153,artificial intelligence
A5005886245,artificial intelligence
A5088753497,artificial intelligence
A5017610833,artificial intelligence
A5037774075,artificial intelligence
A5059529586,artificial intelligence
A5069487278,artificial intelligence
A5088029529,artificial intelligence
A5078139667,artificial intelligence
A5012200905,artificial intelligence
A5075040909,artificial intelligence
A5014940591,machine learning
A5088302903,artificial intelligence
A5046882659,artificial intelligence
A5006950092,artificial intelligence
A5033041607,artificial intelligence
A5084602371,artificial intelligence
A5032284977,natural language processing
A5055086464,artificial intelligence
A5033395559,artificial intelligence
A5026824769,machine learning
A5078409718,programming language
A5067997466,operating system
A5014261374,artificial intelligence
A5091479367,operating system
A5090374124,artificial intelligence
A5073946109,artificial intelligence
A5087675371,artificial intelligence
A5061130264,operating system
A5043674662,artificial intelligence
A5065418889,artificial intelligence
A5079590099,natural language processing
A5070891194,artificial intelligence
A5023650696,artificial intelligence
A5051629581,artificial intelligence
A5012536517,artificial intelligence
A5070220273,world wide web
A5082063720,world wide web
A5035180201,artificial intelligence
A5046787083,artificial intelligence
A5052275875,operating system
A5088750767,artificial intelligence
A5012236884,artificial intelligence
A5065620912,computer network
A5029260213,artificial intelligence
A5077630267,artificial intelligence
A5054617824,operating system
A5002088981,artificial intelligence
A5086595410,machine learning
A5071284440,artificial intelligence
A5083592351,artificial intelligence
A5009128577,data mining
A5049437648,data mining
A5053028480,data mining
A5007994353,artificial intelligence
A5081815959,operating system
A5031737525,artificial intelligence
A5027785359,artificial intelligence
A5014229486,artificial intelligence
A5064867241,artificial intelligence
A5087835107,machine learning
A5084367389,artificial intelligence
A5047535596,speech recognition
A5079174269,operating system
A5017195195,computer security
A5071758245,artificial intelligence
A5001328463,artificial intelligence
A5083812959,artificial intelligence
A5080541933,machine learning
A5027057380,artificial intelligence
A5008743721,artificial intelligence
A5061095576,artificial intelligence
A5049682921,artificial intelligence
A5026064134,artificial intelligence
A5041617107,artificial intelligence
A5072743620,multimedia
A5045627721,artificial intelligence
A5059345440,computer network
A5063492725,computer network
A5019681057,machine learning
A5084993547,artificial intelligence
A5042436168,artificial intelligence
A5048207145,artificial intelligence
A5034203731,artificial intelligence
A5007498387,artificial intelligence
A5068279499,artificial intelligence
A5047289579,multimedia
A5086128972,multimedia
A5060697545,multimedia
A5053304894,artificial intelligence
A5062757270,machine learning
A5015776363,artificial intelligence
A5041133445,machine learning
A5048361904,artificial intelligence
A5085054688,artificial intelligence
A5072396493,artificial intelligence
A5045778917,artificial intelligence
A5001570784,artificial intelligence
A5084281668,artificial intelligence
A5079992885,artificial intelligence
A5018068810,machine learning
A5074270481,artificial intelligence
A5076388751,operating system
A5020413756,operating system
A5034739083,artificial intelligence
A5046679226,artificial intelligence
A5061617070,data mining
A5078889863,artificial intelligence
A5068240114,artificial intelligence
A5055578419,computer security
A5019717997,artificial intelligence
A5039641760,artificial intelligence
A5083663917,machine learning
A5002390731,machine learning
A5078140718,machine learning
A5030303725,machine learning
A5015371403,operating system
A5054565933,machine learning
A5019569574,machine learning
A5062695688,operating system
A5045952842,programming language
A5024734094,world wide web
A5012027004,artificial intelligence
A5023980885,artificial intelligence
A5050923109,artificial intelligence
A5068085383,operating system
A5025097632,computer security
A5087137767,artificial intelligence
A5024501121,programming language
A5067599928,artificial intelligence
A5055630766,computer vision
A5045303041,artificial intelligence
A5033802529,machine learning
A5072252688,artificial intelligence
A5064355276,computer security
A5043499130,operating system
A5083435816,computer security
A5044271294,artificial intelligence
A5035342633,artificial intelligence
A5071154745,artificial intelligence
A5065472011,world wide web
A5084949004,world wide web
A5019384559,artificial intelligence
A5063462800,artificial intelligence
A5090793875,artificial intelligence
A5084213178,artificial intelligence
A5090729968,programming language
A5025491509,machine learning
A5066230818,data mining
A5053850171,operating system
A5036583267,machine learning
A5008147879,artificial intelligence
A5049030644,computer vision
A5089812166,artificial intelligence
A5032612218,artificial intelligence
A5008154038,artificial intelligence
A5051625374,artificial intelligence
A5091037833,artificial intelligence
A5088933186,operating system
A5019035804,artificial intelligence
A5005258575,artificial intelligence
A5071445146,artificial intelligence
A5027485931,programming language
A5029548157,artificial intelligence
A5049756010,artificial intelligence
A5089476776,artificial intelligence
A5072025025,artificial intelligence
A5069432042,artificial intelligence
A5024184433,artificial intelligence
A5068531236,operating system
A5081510302,machine learning
A5040323322,artificial intelligence
A5086572718,artificial intelligence
A5049949859,artificial intelligence
A5029981129,operating system
A5016732026,artificial intelligence
A5066728847,artificial intelligence
A5022456933,artificial intelligence
A5056214167,artificial intelligence
A5068143882,artificial intelligence
A5023499084,artificial intelligence
A5079143473,artificial intelligence
A5023880784,artificial intelligence
A5060203725,artificial intelligence
A5057947815,artificial intelligence
A5041730641,artificial intelligence
A5055569781,artificial intelligence
A5034459552,artificial intelligence
A5067328692,computer security
A5067810736,knowledge management
A5049591033,artificial intelligence
A5029854233,knowledge management
A5083199558,artificial intelligence
A5085942072,artificial intelligence
A5042394011,artificial intelligence
A5006617173,operating system
A5051056050,machine learning
A5013431253,machine learning
A5039428749,theoretical computer science
A5082773596,artificial intelligence
A5072181180,artificial intelligence
A5008406974,multimedia
A5062646692,multimedia
A5054013683,artificial intelligence
A5087596327,artificial intelligence
A5029240602,machine learning
A5090728745,artificial intelligence
A5005401257,artificial intelligence
A5055468639,multimedia
A5056123517,artificial intelligence
A5004650353,natural language processing
A5023859439,artificial intelligence
A5041924377,artificial intelligence
A5080442126,artificial intelligence
A5051533204,artificial intelligence
A5070858823,artificial intelligence
A5021832071,artificial intelligence
A5044121708,data science
A5087599384,artificial intelligence
A5017983243,artificial intelligence
A5057282370,artificial intelligence
A5001586663,artificial intelligence
A5077155540,artificial intelligence
A5081334927,computer vision
A5035916046,artificial intelligence
A5004370917,artificial intelligence
A5077565006,artificial intelligence
A5056664279,artificial intelligence
A5061944412,artificial intelligence
A5057163859,artificial intelligence
A5090142469,artificial intelligence
A5009979787,multimedia
A5040442622,artificial intelligence
A5015068464,artificial intelligence
A5057131034,machine learning
A5048466788,machine learning
A5081533451,machine learning
A5051859673,world wide web
A5088568415,programming language
A5078910758,information retrieval
A5069154075,machine learning
A5069590205,artificial intelligence
A5068664074,artificial intelligence
A5047988825,artificial intelligence
A5013169538,artificial intelligence
A5062375486,computer security
A5041191772,programming language
A5050745579,artificial intelligence
A5003674456,artificial intelligence
A5061061546,artificial intelligence
A5012957949,artificial intelligence
A5037029993,programming language
A5042522667,artificial intelligence
A5044191969,machine learning
A5009074046,artificial intelligence
A5044672544,artificial intelligence
A5050062467,artificial intelligence
A5020493508,artificial intelligence
A5066245188,artificial intelligence
A5041796122,artificial intelligence
A5079555490,artificial intelligence
A5082510785,artificial intelligence
A5091082682,artificial intelligence
A5058865022,artificial intelligence
A5016129715,operating system
A5045754764,machine learning
A5079887001,machine learning
A5046933025,artificial intelligence
A5038653363,artificial intelligence
A5055012056,artificial intelligence
A5007973281,artificial intelligence
A5057214563,artificial intelligence
A5031354927,artificial intelligence
A5007571091,artificial intelligence
A5007242502,artificial intelligence
A5012830787,artificial intelligence
A5051968942,computer vision
A5055368141,world wide web
A5085628798,artificial intelligence
A5088359990,artificial intelligence
A5089754785,artificial intelligence
A5050476102,artificial intelligence
A5035698777,artificial intelligence
A5046899009,artificial intelligence
A5007379202,artificial intelligence
A5042861245,artificial intelligence
A5064474527,world wide web
A5047509839,artificial intelligence
A5076734326,multimedia
A5002385420,artificial intelligence
A5050865451,artificial intelligence
A5004960011,artificial intelligence
A5083458209,artificial intelligence
A5086336877,programming language
A5003446912,artificial intelligence
A5026515643,artificial intelligence
A5026157285,artificial intelligence
A5091141987,world wide web
A5021797294,machine learning
A5068370225,artificial intelligence
A5070921568,artificial intelligence
A5040160899,artificial intelligence
A5081913248,artificial intelligence
A5023634064,artificial intelligence
A5008779348,operating system
A5073488200,computer network
A5064495710,artificial intelligence
A5057431380,computer network
A5059584746,artificial intelligence
A5003831845,computer security
A5001172087,artificial intelligence
A5034571386,speech recognition
A5063906598,artificial intelligence
A5030438756,speech recognition
A5071094001,programming language
A5073952438,operating system
A5058896802,operating system
A5047728262,artificial intelligence
A5004609539,artificial intelligence
A5088167386,artificial intelligence
A5012865337,artificial intelligence
A5007430819,natural language processing
A5089691652,artificial intelligence
A5041101317,artificial intelligence
A5090316903,artificial intelligence
A5043134112,artificial intelligence
A5051220559,artificial intelligence
A5005158034,artificial intelligence
A5073740769,artificial intelligence
A5089396802,computer vision
A5011466629,artificial intelligence
A5040534841,artificial intelligence
A5089451267,artificial intelligence
A5020601268,machine learning
A5019355486,operating system
A5069354293,artificial intelligence
A5090114526,artificial intelligence
A5011889143,natural language processing
A5032543777,artificial intelligence
A5089797194,artificial intelligence
A5079757002,artificial intelligence
A5018944119,artificial intelligence
A5003488353,operating system
A5089646965,artificial intelligence
A5048026278,artificial intelligence
A5077005608,machine learning
A5049834238,artificial intelligence
A5006745763,machine learning
A5061493516,artificial intelligence
A5039646359,machine learning
A5054743037,computer network
A5010594548,artificial intelligence
A5018628934,data science
A5056250862,world wide web
A5082390181,data science
A5006946871,data science
A5050188124,operating system
A5081948057,artificial intelligence
A5004130903,computer vision
A5085361118,computer network
A5021211836,artificial intelligence
A5041660039,artificial intelligence
A5033551985,artificial intelligence
A5000736540,artificial intelligence
A5047840462,artificial intelligence
A5004072574,operating system
A5033347199,operating system
A5083864231,operating system
A5032787307,operating system
A5051998252,artificial intelligence
A5019539533,artificial intelligence
A5042621569,knowledge management
A5059080695,machine learning
A5057285672,machine learning
A5068715764,machine learning
A5065544496,machine learning
A5087244907,artificial intelligence
A5073402040,operating system
A5077163269,artificial intelligence
A5003776093,artificial intelligence
A5074351315,artificial intelligence
A5057253596,artificial intelligence
A5022267407,artificial intelligence
A5029788536,artificial intelligence
A5004331952,artificial intelligence
A5047965987,artificial intelligence
A5022733451,artificial intelligence
A5059626541,artificial intelligence
A5082711456,artificial intelligence
A5055374737,artificial intelligence
A5080422825,artificial intelligence
A5071388278,artificial intelligence
A5091193387,operating system
A5037370047,artificial intelligence
A5008120275,artificial intelligence
A5039820270,artificial intelligence
A5010974553,artificial intelligence
A5020204733,artificial intelligence
A5036160602,artificial intelligence
A5044484291,programming language
A5013723473,artificial intelligence
A5043650939,artificial intelligence
A5056055676,artificial intelligence
A5027838944,programming language
A5049442085,operating system
A5027644564,operating system
A5017252408,artificial intelligence
A5086634780,artificial intelligence
A5034914954,artificial intelligence
A5049392901,artificial intelligence
A5034323705,programming language
A5017685611,artificial intelligence
A5060751908,artificial intelligence
A5011808796,artificial intelligence
A5025823907,artificial intelligence
A5016126519,programming language
A5082377417,artificial intelligence
A5041685067,artificial intelligence
A5007639805,artificial intelligence
A5073588989,artificial intelligence
A5008290114,artificial intelligence
A5060309231,artificial intelligence
A5018871994,world wide web
A5072509740,artificial intelligence
A5090690248,artificial intelligence
A5021890370,natural language processing
A5007453299,artificial intelligence
A5047991986,artificial intelligence
A5018627421,world wide web
A5033512118,artificial intelligence
A5072710973,artificial intelligence
A5023556444,operating system
A5028238769,machine learning
A5055245450,artificial intelligence
A5078917036,multimedia
A5063431322,operating system
A5012096611,artificial intelligence
A5042875545,artificial intelligence
A5049864778,data science
A5007128197,artificial intelligence
A5011763643,artificial intelligence
A5090081010,artificial intelligence
A5052940722,artificial intelligence
A5089548492,artificial intelligence
A5017876411,artificial intelligence
A5062944003,artificial intelligence
A5060675384,machine learning
A5069696839,machine learning
A5042006491,computer vision
A5006862051,artificial intelligence
A5015129861,operating system
A5043480875,artificial intelligence
A5055300903,artificial intelligence
A5090257188,multimedia
A5087017155,knowledge management
A5052226311,artificial intelligence
A5074047278,artificial intelligence
A5063333307,artificial intelligence
A5067635743,artificial intelligence
A5025782059,artificial intelligence
A5017169979,data mining
A5018556916,operating system
A5043185084,artificial intelligence
A5078729656,programming language
A5058390268,programming language
A5053019641,artificial intelligence
A5077389686,world wide web
A5085823067,artificial intelligence
A5051796953,operating system
A5074955676,artificial intelligence
A5019081739,artificial intelligence
A5037075751,artificial intelligence
A5068977486,artificial intelligence
A5006992777,artificial intelligence
A5090289031,artificial intelligence
A5067743538,machine learning
A5030571810,artificial intelligence
A5014873401,artificial intelligence
A5056296476,artificial intelligence
A5058256601,artificial intelligence
A5044985800,artificial intelligence
A5029805698,artificial intelligence
A5029325643,artificial intelligence
A5086085795,artificial intelligence
A5055414768,artificial intelligence
A5016082545,artificial intelligence
A5056324053,information retrieval
A5059698359,artificial intelligence
A5031570473,artificial intelligence
A5049783208,artificial intelligence
A5053881527,artificial intelligence
A5015929028,artificial intelligence
A5047113585,artificial intelligence
A5080948360,artificial intelligence
A5068068436,operating system
A5022569505,artificial intelligence
A5049533477,operating system
A5003689610,operating system
A5005495624,machine learning
A5070182401,artificial intelligence
A5091286205,operating system
A5077021792,world wide web
A5067457382,operating system
A5053595098,operating system
A5082828601,artificial intelligence
A5042119350,artificial intelligence
A5084306663,programming language
A5072206223,natural language processing
A5001740984,artificial intelligence
A5006713963,library science
A5079992660,artificial intelligence
A5082817413,computer vision
A5013096663,multimedia
A5057139859,artificial intelligence
A5031765586,machine learning
A5053268108,artificial intelligence
A5085498608,knowledge management
A5045665091,knowledge management
A5091290326,artificial intelligence
A5011581212,multimedia
A5015066385,artificial intelligence
A5018857572,machine learning
A5055489209,artificial intelligence
A5085924003,artificial intelligence
A5031442575,machine learning
A5007297008,artificial intelligence
A5046412881,artificial intelligence
A5024616914,artificial intelligence
A5070533996,artificial intelligence
A5072934668,artificial intelligence
A5015162878,artificial intelligence
A5045670674,machine learning
A5063368702,data mining
A5032698683,knowledge management
A5008191922,artificial intelligence
A5077328267,artificial intelligence
A5048375359,programming language
A5067840437,programming language
A5060291820,artificial intelligence
A5069068878,operating system
A5048277088,artificial intelligence
A5091288250,machine learning
A5076788896,data science
A5023101745,artificial intelligence
A5087189799,natural language processing
A5000337740,machine learning
A5022975114,artificial intelligence
A5060176570,artificial intelligence
A5080848262,operating system
A5070071735,operating system
A5073230848,machine learning
A5022590563,artificial intelligence
A5037179493,artificial intelligence
A5059159928,artificial intelligence
A5073846453,speech recognition
A5039264502,artificial intelligence
A5066888888,artificial intelligence
A5062275782,speech recognition
A5019631284,computer security
A5060921040,artificial intelligence
A5060596453,artificial intelligence
A5030749351,programming language
A5070745825,world wide web
A5071889433,machine learning
A5081860562,artificial intelligence
A5052240751,artificial intelligence
A5066521241,artificial intelligence
A5076239112,artificial intelligence
A5085325081,artificial intelligence
A5006581225,artificial intelligence
A5062117019,artificial intelligence
A5059908545,artificial intelligence
A5015735678,artificial intelligence
A5044628233,artificial intelligence
A5081036659,operating system
A5031762854,artificial intelligence
A5089042848,artificial intelligence
A5020822497,artificial intelligence
A5073507781,artificial intelligence
A5021591252,artificial intelligence
A5039745529,artificial intelligence
A5075740003,artificial intelligence
A5047033264,artificial intelligence
A5036536237,operating system
A5072549161,artificial intelligence
A5042954329,artificial intelligence
A5085030338,artificial intelligence
A5049235570,programming language
A5038148603,artificial intelligence
A5090855504,artificial intelligence
A5061306312,artificial intelligence
A5055283040,artificial intelligence
A5079473592,artificial intelligence
A5034953138,database
A5038634610,artificial intelligence
A5001853454,programming language
A5081786269,artificial intelligence
A5077089622,artificial intelligence
A5034248834,world wide web
A5034996425,multimedia
A5062084038,multimedia
A5088007324,multimedia
A5006453896,artificial intelligence
A5063116902,artificial intelligence
A5085356362,artificial intelligence
A5021085078,artificial intelligence
A5052729672,artificial intelligence
A5034542641,computer security
A5062823430,artificial intelligence
A5000636604,artificial intelligence
A5014413697,artificial intelligence
A5029398803,operating system
A5047114159,artificial intelligence
A5048058395,artificial intelligence
A5050363496,artificial intelligence
A5019739552,artificial intelligence
A5054273103,artificial intelligence
A5081173401,artificial intelligence
A5014847368,artificial intelligence
A5049841184,artificial intelligence
A5055060163,artificial intelligence
A5041346094,artificial intelligence
A5026052584,artificial intelligence
A5039486588,artificial intelligence
A5090727234,artificial intelligence
A5015424372,artificial intelligence
A5043209677,artificial intelligence
A5052782939,computer security
A5085856054,computer network
A5059470360,artificial intelligence
A5062268595,artificial intelligence
A5050718141,programming language
A5033773480,artificial intelligence
A5078633907,artificial intelligence
A5087995658,artificial intelligence
A5035337020,artificial intelligence
A5007155759,programming language
A5040670023,artificial intelligence
A5083763848,artificial intelligence
A5025017380,artificial intelligence
A5029299671,computer vision
A5053440165,artificial intelligence
A5075566300,natural language processing
A5083687551,knowledge management
A5047685878,artificial intelligence
A5073005597,artificial intelligence
A5061118449,computer network
A5016353717,artificial intelligence
A5010867791,artificial intelligence
A5008117868,artificial intelligence
A5051083730,artificial intelligence
A5052724932,artificial intelligence
A5069292182,artificial intelligence
A5034366344,operating system
A5046558241,operating system
A5014998669,data mining
A5006979328,artificial intelligence
A5071394525,artificial intelligence
A5063105834,artificial intelligence
A5075720299,operating system
A5013567946,artificial intelligence
A5064633247,artificial intelligence
A5020836373,artificial intelligence
A5001898958,artificial intelligence
A5018876311,artificial intelligence
A5012924253,artificial intelligence
A5062159741,natural language processing
A5017163861,machine learning
A5053778380,artificial intelligence
A5025331881,operating system
A5024916657,artificial intelligence
A5036848702,operating system
A5053093268,data mining
A5016029586,artificial intelligence
A5069131707,artificial intelligence
A5048189519,artificial intelligence
A5013009407,artificial intelligence
A5084261733,artificial intelligence
A5086829278,machine learning
A5010058559,artificial intelligence
A5013635993,artificial intelligence
A5073956678,artificial intelligence
A5048799922,artificial intelligence
A5076384144,artificial intelligence
A5001507976,artificial intelligence
A5067231523,artificial intelligence
A5065014144,artificial intelligence
A5011642353,artificial intelligence
A5036763862,artificial intelligence
A5002216594,data science
A5054297203,artificial intelligence
A5062424191,artificial intelligence
A5071483672,artificial intelligence
A5022537740,artificial intelligence
A5009310543,artificial intelligence
A5047369662,machine learning
A5048518433,operating system
A5083691458,artificial intelligence
A5038480602,artificial intelligence
A5045643358,machine learning
A5012107816,artificial intelligence
A5015005939,artificial intelligence
A5026453313,artificial intelligence
A5006390574,artificial intelligence
A5062936650,artificial intelligence
A5000883886,artificial intelligence
A5066589199,artificial intelligence
A5078055724,artificial intelligence
A5054245918,artificial intelligence
A5087610918,machine learning
A5070182534,artificial intelligence
A5070383646,artificial intelligence
A5088791566,artificial intelligence
A5089339256,artificial intelligence
A5085555688,operating system
A5035513892,operating system
A5001914426,knowledge management
A5027761977,artificial intelligence
A5036087185,artificial intelligence
A5046631338,world wide web
A5071019230,artificial intelligence
A5009127451,artificial intelligence
A5026468033,artificial intelligence
A5071511229,machine learning
A5056798292,artificial intelligence
A5024835047,artificial intelligence
A5022258428,operating system
A5070918132,artificial intelligence
A5062776702,artificial intelligence
A5017573625,artificial intelligence
A5060986934,artificial intelligence
A5000238703,artificial intelligence
A5058159249,artificial intelligence
A5002085926,artificial intelligence
A5015400578,artificial intelligence
A5089887345,operating system
A5068053687,artificial intelligence
A5034070847,artificial intelligence
A5021111659,machine learning
A5037420527,artificial intelligence
A5091616977,artificial intelligence
A5011347323,artificial intelligence
A5054214970,artificial intelligence
A5091142246,artificial intelligence
A5064529820,artificial intelligence
A5013182705,artificial intelligence
A5000163896,operating system
A5018547819,machine learning
A5010845707,machine learning
A5001923312,artificial intelligence
A5081408353,machine learning
A5064425475,world wide web
A5051924919,computer security
A5031278336,artificial intelligence
A5080892223,artificial intelligence
A5074148946,machine learning
A5087909013,artificial intelligence
A5077109450,artificial intelligence
A5058416870,artificial intelligence
A5069849643,artificial intelligence
A5043080973,computer security
A5042080383,artificial intelligence
A5076800686,operating system
A5077879451,machine learning
A5000700306,machine learning
A5005012613,machine learning
A5014280268,operating system
A5005061793,artificial intelligence
A5001681038,artificial intelligence
A5015524514,operating system
A5089306519,artificial intelligence
A5016966514,operating system
A5028467872,artificial intelligence
A5041273484,programming language
A5029451644,programming language
A5027648655,machine learning
A5055069190,artificial intelligence
A5065423139,artificial intelligence
A5059734965,artificial intelligence
A5012518928,knowledge management
A5002513825,artificial intelligence
A5053898210,database
A5007505981,artificial intelligence
A5021039615,artificial intelligence
A5059786971,artificial intelligence
A5041055145,computer security
A5033693858,machine learning
A5034663047,artificial intelligence
A5050087146,computer security
A5008199122,artificial intelligence
A5032467047,artificial intelligence
A5054453995,artificial intelligence
A5065525613,machine learning
A5026361868,knowledge management
A5006238145,data mining
A5014150958,data mining
A5030016107,artificial intelligence
A5039211759,artificial intelligence
A5019645491,artificial intelligence
A5005298745,artificial intelligence
A5014843021,artificial intelligence
A5050085003,operating system
A5032077769,natural language processing
A5038668071,artificial intelligence
A5032689906,artificial intelligence
A5024821632,artificial intelligence
A5049100391,programming language
A5052003560,machine learning
A5034267468,machine learning
A5056968920,artificial intelligence
A5041427594,artificial intelligence
A5065873568,artificial intelligence
A5005108215,computer security
A5064944667,artificial intelligence
A5051708329,artificial intelligence
A5064939637,artificial intelligence
A5082688078,artificial intelligence
A5081825061,artificial intelligence
A5062263256,artificial intelligence
A5075371863,artificial intelligence
A5017430628,artificial intelligence
A5028171384,multimedia
A5046307961,artificial intelligence
A5068851817,artificial intelligence
A5072641170,artificial intelligence
A5043380578,artificial intelligence
A5076595826,artificial intelligence
A5077137296,artificial intelligence
A5024717956,artificial intelligence
A5022659812,artificial intelligence
A5003044729,computer vision
A5027548609,artificial intelligence
A5006561164,artificial intelligence
A5087718805,artificial intelligence
A5060988200,operating system
A5027942291,operating system
A5008214116,machine learning
A5078472992,knowledge management
A5076344816,artificial intelligence
A5008810909,artificial intelligence
A5043651693,artificial intelligence
A5087116674,artificial intelligence
A5074668069,programming language
A5041746321,artificial intelligence
A5060198976,artificial intelligence
A5000170791,operating system
A5015858391,operating system
A5006796448,operating system
A5061036764,operating system
A5030480677,operating system
A5076418777,artificial intelligence
A5020399250,machine learning
A5042087981,artificial intelligence
A5031600713,operating system
A5079583921,artificial intelligence
A5037704684,artificial intelligence
A5016387967,artificial intelligence
A5090816690,artificial intelligence
A5041145702,artificial intelligence
A5085355318,artificial intelligence
A5020885720,artificial intelligence
A5069800795,artificial intelligence
A5037643513,artificial intelligence
A5027729282,artificial intelligence
A5002290761,artificial intelligence
A5033071660,machine learning
A5012579303,world wide web
A5009946637,world wide web
A5058407177,artificial intelligence
A5005059260,artificial intelligence
A5045700177,operating system
A5033419153,artificial intelligence
A5012221966,artificial intelligence
A5051371497,machine learning
A5070697660,artificial intelligence
A5005367514,artificial intelligence
A5014438135,artificial intelligence
A5086689025,artificial intelligence
A5075394907,artificial intelligence
A5031737874,artificial intelligence
A5048111142,artificial intelligence
A5013025849,artificial intelligence
A5018237224,artificial intelligence
A5039374866,natural language processing
A5003317150,natural language processing
A5040082909,artificial intelligence
A5032168348,artificial intelligence
A5090781321,artificial intelligence
A5000405639,artificial intelligence
A5046229554,artificial intelligence
A5013717515,artificial intelligence
A5079106322,artificial intelligence
A5034988029,artificial intelligence
A5062460419,machine learning
A5069256488,machine learning
A5028727536,artificial intelligence
A5087366883,artificial intelligence
A5016405213,artificial intelligence
A5004370275,artificial intelligence
A5012836708,natural language processing
A5051715993,artificial intelligence
A5083245721,programming language
A5009156899,programming language
A5005707213,machine learning
A5080279749,artificial intelligence
A5059227346,theoretical computer science
A5056217038,artificial intelligence
A5084865620,machine learning
A5064047164,machine learning
A5088547215,operating system
A5091180862,artificial intelligence
A5007268087,artificial intelligence
A5042010403,artificial intelligence
A5063390327,artificial intelligence
A5086400846,artificial intelligence
A5031804995,programming language
A5031950673,artificial intelligence
A5084645511,artificial intelligence
A5079948174,artificial intelligence
A5030334025,artificial intelligence
A5063827581,artificial intelligence
A5062957277,machine learning
A5002465187,artificial intelligence
A5067903248,artificial intelligence
A5030705383,computer vision
A5067509397,computer vision
A5075426292,artificial intelligence
A5016263132,multimedia
A5040191968,artificial intelligence
A5024596760,artificial intelligence
A5021620793,artificial intelligence
A5076780054,computer network
A5046224413,artificial intelligence
A5070622144,machine learning
A5050167251,machine learning
A5070609086,machine learning
A5011108953,artificial intelligence
A5059490192,artificial intelligence
A5038053428,artificial intelligence
A5090916324,machine learning
A5028900472,artificial intelligence
A5015466370,artificial intelligence
A5051362804,operating system
A5014128981,artificial intelligence
A5052031579,operating system
A5056512425,data mining
A5049246587,artificial intelligence
A5079152917,artificial intelligence
A5015577064,artificial intelligence
A5027862575,artificial intelligence
A5014941094,artificial intelligence
A5056415233,artificial intelligence
A5015918714,speech recognition
A5019990324,artificial intelligence
A5054231594,machine learning
A5001386557,machine learning
A5064472777,artificial intelligence
A5069430528,artificial intelligence
A5043631718,artificial intelligence
A5054083146,artificial intelligence
A5064002639,operating system
A5027156159,operating system
A5088486867,multimedia
A5033071376,artificial intelligence
A5058887761,machine learning
A5074998159,knowledge management
A5032779747,artificial intelligence
A5088488739,computer vision
A5043340317,artificial intelligence
A5040335377,artificial intelligence
A5090468012,artificial intelligence
A5052534652,artificial intelligence
A5082757811,operating system
A5014454962,operating system
A5031192315,artificial intelligence
A5065912071,artificial intelligence
A5000655556,artificial intelligence
A5062857386,artificial intelligence
A5059508944,artificial intelligence
A5049001989,artificial intelligence
A5060878039,artificial intelligence
A5066187139,multimedia
A5013748687,multimedia
A5068375854,artificial intelligence
A5086650097,operating system
A5012581597,artificial intelligence
A5012869619,operating system
A5000206320,artificial intelligence
A5027849780,artificial intelligence
A5030448202,artificial intelligence
A5026613100,artificial intelligence
A5022974795,artificial intelligence
A5022662181,operating system
A5023298229,computer network
A5071524185,artificial intelligence
A5005236954,artificial intelligence
A5080194185,artificial intelligence
A5048396287,artificial intelligence
A5076838978,operating system
A5001079181,operating system
A5076419208,artificial intelligence
A5067017529,operating system
A5084154943,artificial intelligence
A5050289999,artificial intelligence
A5077895096,artificial intelligence
A5023537016,artificial intelligence
A5028745514,artificial intelligence
A5054096071,artificial intelligence
A5026048440,computer network
A5044672764,artificial intelligence
A5072057899,artificial intelligence
A5009078028,artificial intelligence
A5031462168,artificial intelligence
A5082254718,artificial intelligence
A5063241360,operating system
A5028770720,artificial intelligence
A5045879054,operating system
A5060561123,artificial intelligence
A5081072903,operating system
A5020245252,artificial intelligence
A5010415325,artificial intelligence
A5062575571,computer network
A5020254377,artificial intelligence
A5058359305,computer vision
A5061744779,operating system
A5052330334,artificial intelligence
A5074298006,artificial intelligence
A5008482038,artificial intelligence
A5065588377,artificial intelligence
A5039902854,multimedia
A5080836487,artificial intelligence
A5008763383,knowledge management
A5059603729,artificial intelligence
A5075830877,operating system
A5086102702,artificial intelligence
A5085491407,data mining
A5033084721,data mining
A5040575826,artificial intelligence
A5010974487,artificial intelligence
A5034112897,artificial intelligence
A5052208842,artificial intelligence
A5062726336,artificial intelligence
A5038083093,artificial intelligence
A5009311799,operating system
A5073721588,artificial intelligence
A5044745972,artificial intelligence
A5052334999,artificial intelligence
A5027243034,artificial intelligence
A5055190103,artificial intelligence
A5081274548,artificial intelligence
A5013031365,artificial intelligence
A5071605907,artificial intelligence
A5077865215,artificial intelligence
A5000111276,machine learning
A5080622873,machine learning
A5055430742,machine learning
A5086732692,machine learning
A5062603804,artificial intelligence
A5083208040,artificial intelligence
A5049701126,artificial intelligence
A5069275810,world wide web
A5059241117,artificial intelligence
A5051639778,artificial intelligence
A5025307084,artificial intelligence
A5075878748,artificial intelligence
A5047113234,natural language processing
A5063846550,programming language
A5008863188,artificial intelligence
A5083988526,knowledge management
A5033032183,artificial intelligence
A5031593708,computer vision
A5058051179,artificial intelligence
A5082419153,artificial intelligence
A5054364264,multimedia
A5058624569,knowledge management
A5076302616,artificial intelligence
A5078926753,artificial intelligence
A5015139881,operating system
A5080692067,artificial intelligence
A5086723654,artificial intelligence
A5076628907,artificial intelligence
A5014094125,artificial intelligence
A5034207902,artificial intelligence
A5001301383,natural language processing
A5075471642,data science
A5006886753,operating system
A5041908906,computer vision
A5064715052,artificial intelligence
A5082028602,artificial intelligence
A5086739926,machine learning
A5066168365,operating system
A5056602415,operating system
A5006440045,operating system
A5056303279,programming language
A5004151614,machine learning
A5063203268,artificial intelligence
A5083718069,artificial intelligence
A5035316804,artificial intelligence
A5073039630,artificial intelligence
A5079308383,artificial intelligence
A5068606430,artificial intelligence
A5048886526,artificial intelligence
A5083436721,artificial intelligence
A5014463806,artificial intelligence
A5066932450,machine learning
A5019321436,artificial intelligence
A5020083072,computer vision
A5010441998,artificial intelligence
A5050547417,artificial intelligence
A5055265640,artificial intelligence
A5001981242,artificial intelligence
A5084361258,natural language processing
A5073698588,artificial intelligence
A5091438547,operating system
A5063541445,artificial intelligence
A5013615238,machine learning
A5085423076,computer network
A5016923663,artificial intelligence
A5002085159,artificial intelligence
A5046828484,artificial intelligence
A5071729841,artificial intelligence
A5008691007,artificial intelligence
A5084233428,computer vision
A5032708586,computer vision
A5035801377,computer vision
A5004092347,computer vision
A5030509986,artificial intelligence
A5005650307,operating system
A5045707834,artificial intelligence
A5028674162,artificial intelligence
A5080744092,operating system
A5037175476,operating system
A5063100809,programming language
A5060136462,operating system
A5033673904,artificial intelligence
A5045018699,artificial intelligence
A5069240871,artificial intelligence
A5045032489,artificial intelligence
A5039819154,artificial intelligence
A5084047748,computer security
A5011859309,artificial intelligence
A5041470575,artificial intelligence
A5018292481,artificial intelligence
A5046303841,programming language
A5028209738,artificial intelligence
A5054241527,operating system
A5040564397,operating system
A5083814185,operating system
A5001198161,artificial intelligence
A5029807024,world wide web
A5041147074,multimedia
A5016920715,artificial intelligence
A5036326453,artificial intelligence
A5069963289,artificial intelligence
A5064658255,artificial intelligence
A5032439452,artificial intelligence
A5042620889,machine learning
A5033240437,artificial intelligence
A5046062994,machine learning
A5030404959,computer network
A5046588386,operating system
A5088006732,artificial intelligence
A5017233630,artificial intelligence
A5005096130,artificial intelligence
A5062704227,programming language
A5088096263,artificial intelligence
A5084180560,artificial intelligence
A5056327046,artificial intelligence
A5040700878,artificial intelligence
A5032202052,artificial intelligence
A5019664392,knowledge management
A5059204546,artificial intelligence
A5013391395,artificial intelligence
A5081751699,artificial intelligence
A5024490909,artificial intelligence
A5037162383,machine learning
A5007493975,artificial intelligence
A5013922919,artificial intelligence
A5058662464,artificial intelligence
A5067780630,artificial intelligence
A5068147122,artificial intelligence
A5077083529,operating system
A5045361090,operating system
A5032935410,computer security
A5045982340,operating system
A5047674143,artificial intelligence
A5037910592,machine learning
A5050451604,artificial intelligence
A5050399847,artificial intelligence
A5003896730,artificial intelligence
A5053205646,artificial intelligence
A5041526805,artificial intelligence
A5043174840,operating system
A5016111265,artificial intelligence
A5086682030,artificial intelligence
A5014140235,artificial intelligence
A5044434024,operating system
A5047191996,world wide web
A5068239690,world wide web
A5070226189,artificial intelligence
A5044107637,artificial intelligence
A5008442944,artificial intelligence
A5016380055,operating system
A5047208473,knowledge management
A5033849275,artificial intelligence
A5085074585,operating system
A5085672038,artificial intelligence
A5077087464,operating system
A5084545998,operating system
A5057100747,artificial intelligence
A5019148232,artificial intelligence
A5029583587,machine learning
A5055123256,operating system
A5078968093,programming language
A5076247828,artificial intelligence
A5001971648,data science
A5062872740,artificial intelligence
A5083307224,artificial intelligence
A5044961218,artificial intelligence
A5010300565,artificial intelligence
A5034469128,artificial intelligence
A5022752708,artificial intelligence
A5014225361,artificial intelligence
A5024740669,artificial intelligence
A5015386665,database
A5066447873,data science
A5069825472,data science
A5012853792,artificial intelligence
A5017729368,artificial intelligence
A5091392919,artificial intelligence
A5015676987,operating system
A5053609121,multimedia
A5042166396,artificial intelligence
A5028524442,computer security
A5088738795,artificial intelligence
A5086542918,machine learning
A5079870236,world wide web
A5014066476,artificial intelligence
A5036901295,world wide web
A5013497553,programming language
A5042842713,operating system
A5017282481,artificial intelligence
A5029036361,knowledge management
A5064743621,speech recognition
A5072242525,artificial intelligence
A5060070553,computer network
A5076352077,artificial intelligence
A5017326471,artificial intelligence
A5037112414,artificial intelligence
A5008359376,artificial intelligence
A5058759070,artificial intelligence
A5075820550,artificial intelligence
A5057662113,artificial intelligence
A5040604701,artificial intelligence
A5015590561,programming language
A5029057336,artificial intelligence
A5042672503,artificial intelligence
A5047645187,machine learning
A5072275205,artificial intelligence
A5030525029,artificial intelligence
A5012971515,artificial intelligence
A5080607601,artificial intelligence
A5020259131,artificial intelligence
A5016877609,artificial intelligence
A5027558519,artificial intelligence
A5082557029,artificial intelligence
A5015088023,machine learning
A5082586707,artificial intelligence
A5035695000,artificial intelligence
A5073888022,artificial intelligence
A5064273772,artificial intelligence
A5041007156,artificial intelligence
A5012336677,artificial intelligence
A5059829097,artificial intelligence
A5090195152,artificial intelligence
A5041248493,multimedia
A5061249763,artificial intelligence
A5009140651,computer vision
A5061652769,machine learning
A5036228775,artificial intelligence
A5074164532,artificial intelligence
A5011543714,artificial intelligence
A5038804417,artificial intelligence
A5063992873,artificial intelligence
A5057892705,artificial intelligence
A5032534279,artificial intelligence
A5062219576,information retrieval
A5043968860,artificial intelligence
A5089531231,artificial intelligence
A5020485335,artificial intelligence
A5027752791,artificial intelligence
A5044410518,operating system
A5027548364,artificial intelligence
A5033785345,operating system
A5046289188,operating system
A5045797300,machine learning
A5089999978,natural language processing
A5015701007,artificial intelligence
A5074417300,natural language processing
A5065833288,world wide web
A5024251161,natural language processing
A5091261479,natural language processing
A5056605626,artificial intelligence
A5054413131,artificial intelligence
A5082740280,information retrieval
A5057877861,artificial intelligence
A5044292056,artificial intelligence
A5083875852,artificial intelligence
A5061756334,programming language
A5041277833,information retrieval
A5060332228,artificial intelligence
A5067214173,artificial intelligence
A5051746616,programming language
A5027216424,artificial intelligence
A5089174118,knowledge management
A5029156210,artificial intelligence
A5064529311,artificial intelligence
A5055803695,artificial intelligence
A5067264401,artificial intelligence
A5060021216,world wide web
A5011939964,artificial intelligence
A5076166508,machine learning
A5031886656,artificial intelligence
A5037816423,artificial intelligence
A5011244209,artificial intelligence
A5032768602,artificial intelligence
A5057512440,artificial intelligence
A5030710823,artificial intelligence
A5054051440,artificial intelligence
A5073394318,artificial intelligence
A5013230909,artificial intelligence
A5029344441,artificial intelligence
A5003378212,knowledge management
A5065086706,artificial intelligence
A5053265699,computer network
A5023021087,artificial intelligence
A5000478791,artificial intelligence
A5057717765,data science
A5058290707,artificial intelligence
A5046907706,artificial intelligence
A5077737512,artificial intelligence
A5011066754,artificial intelligence
A5088455497,artificial intelligence
A5029092355,artificial intelligence
A5021734434,artificial intelligence
A5029817092,artificial intelligence
A5085622532,programming language
A5015554622,artificial intelligence
A5036139525,library science
A5052734194,computer vision
A5036380871,computer vision
A5064876632,operating system
A5041387396,artificial intelligence
A5027045502,operating system
A5035645484,artificial intelligence
A5062057702,artificial intelligence
A5087506309,artificial intelligence
A5034668928,artificial intelligence
A5051474976,artificial intelligence
A5066899551,artificial intelligence
A5029757626,artificial intelligence
A5060367013,artificial intelligence
A5020207982,artificial intelligence
A5075562557,artificial intelligence
A5019994210,world wide web
A5011113578,artificial intelligence
A5045010829,artificial intelligence
A5066345725,artificial intelligence
A5081356898,artificial intelligence
A5005325818,artificial intelligence
A5005516592,artificial intelligence
A5038398326,artificial intelligence
A5054337500,artificial intelligence
A5053449559,artificial intelligence
A5070169969,artificial intelligence
A5076261469,artificial intelligence
A5087505541,artificial intelligence
A5020957918,artificial intelligence
A5087735078,artificial intelligence
A5001141284,artificial intelligence
A5014225579,programming language
A5003106445,machine learning
A5072966374,machine learning
A5082576141,artificial intelligence
A5046459179,artificial intelligence
A5000452220,artificial intelligence
A5060072987,artificial intelligence
A5054819263,artificial intelligence
A5017108129,artificial intelligence
A5052831617,artificial intelligence
A5025969569,computer network
A5080325587,artificial intelligence
A5013328806,artificial intelligence
A5019438521,artificial intelligence
A5022048163,artificial intelligence
A5048575057,artificial intelligence
A5080484251,artificial intelligence
A5034881777,artificial intelligence
A5043383306,information retrieval
A5081561985,artificial intelligence
A5077023305,speech recognition
A5065569192,artificial intelligence
A5091171451,artificial intelligence
A5077709991,artificial intelligence
A5078123101,information retrieval
A5043433515,artificial intelligence
A5076734377,computer vision
A5056246453,operating system
A5024361328,operating system
A5049319155,artificial intelligence
A5025337981,artificial intelligence
A5072082268,database
A5046752980,operating system
A5009492831,computer vision
A5046173193,artificial intelligence
A5030688299,machine learning
A5054511485,machine learning
A5071285788,operating system
A5065058581,machine learning
A5050061039,artificial intelligence
A5005605270,artificial intelligence
A5026962283,artificial intelligence
A5057534575,artificial intelligence
A5006746248,artificial intelligence
A5080689412,operating system
A5064025444,operating system
A5008746204,artificial intelligence
A5084629490,machine learning
A5075416779,artificial intelligence
A5031700222,world wide web
A5089217723,artificial intelligence
A5059814300,artificial intelligence
A5083358892,artificial intelligence
A5048486979,artificial intelligence
A5034930946,artificial intelligence
A5023638199,artificial intelligence
A5006966951,artificial intelligence
A5000878731,computer vision
A5076461974,artificial intelligence
A5056896764,artificial intelligence
A5014452528,artificial intelligence
A5053860294,artificial intelligence
A5025073736,artificial intelligence
A5090400959,artificial intelligence
A5091445163,operating system
A5011813952,artificial intelligence
A5022212660,computer network
A5025435172,programming language
A5059140237,computer network
A5042992199,artificial intelligence
A5014324882,artificial intelligence
A5074832005,artificial intelligence
A5060839259,artificial intelligence
A5011045028,artificial intelligence
A5005023779,artificial intelligence
A5023465449,theoretical computer science
A5063428503,artificial intelligence
A5023134890,artificial intelligence
A5040738604,artificial intelligence
A5069147685,artificial intelligence
A5042278159,artificial intelligence
A5082645155,world wide web
A5053505976,machine learning
A5008201587,artificial intelligence
A5043630948,artificial intelligence
A5024828202,artificial intelligence
A5010246605,artificial intelligence
A5024494462,artificial intelligence
A5059655101,operating system
A5014725717,machine learning
A5033499806,artificial intelligence
A5076488485,machine learning
A5038919661,artificial intelligence
A5083680421,artificial intelligence
A5046454054,artificial intelligence
A5089589896,artificial intelligence
A5089302640,operating system
A5054348145,artificial intelligence
A5058920297,operating system
A5071082834,artificial intelligence
A5034443098,artificial intelligence
A5062564633,artificial intelligence
A5003669802,artificial intelligence
A5079465943,operating system
A5086132081,artificial intelligence
A5079881929,artificial intelligence
A5047339175,artificial intelligence
A5013408670,operating system
A5011118787,artificial intelligence
A5057878386,artificial intelligence
A5036473782,artificial intelligence
A5070285520,artificial intelligence
A5029350115,operating system
A5061934496,artificial intelligence
A5028990544,programming language
A5013412298,operating system
A5080038924,operating system
A5023910909,artificial intelligence
A5079215617,operating system
A5074503092,artificial intelligence
A5050131784,world wide web
A5067307112,artificial intelligence
A5022990733,machine learning
A5029588495,artificial intelligence
A5072810735,operating system
A5007222325,artificial intelligence
A5046695536,artificial intelligence
A5074167224,artificial intelligence
A5065229483,artificial intelligence
A5088035307,artificial intelligence
A5080604534,artificial intelligence
A5048251473,operating system
A5049150711,artificial intelligence
A5072083470,artificial intelligence
A5021882557,artificial intelligence
A5041762013,artificial intelligence
A5010157704,artificial intelligence
A5008627422,artificial intelligence
A5058864144,artificial intelligence
A5078133370,machine learning
A5048453813,artificial intelligence
A5057625730,artificial intelligence
A5036233252,artificial intelligence
A5017817794,artificial intelligence
A5071108661,machine learning
A5051481815,operating system
A5009699658,world wide web
A5006840555,world wide web
A5027874759,database
A5021992506,multimedia
A5024492164,artificial intelligence
A5083405389,operating system
A5016915945,operating system
A5004691007,operating system
A5015431521,computer network
A5075794405,artificial intelligence
A5017351111,artificial intelligence
A5088948725,multimedia
A5047046643,artificial intelligence
A5020750585,artificial intelligence
A5017912812,multimedia
A5091572278,machine learning
A5020620251,artificial intelligence
A5090104266,artificial intelligence
A5022054335,artificial intelligence
A5082313167,operating system
A5075402619,artificial intelligence
A5025842302,theoretical computer science
A5041925521,data mining
A5005315004,artificial intelligence
A5003312902,artificial intelligence
A5048537903,artificial intelligence
A5004087086,operating system
A5027542699,knowledge management
A5043554743,knowledge management
A5031937756,computer vision
A5029535063,artificial intelligence
A5044636781,artificial intelligence
A5069949633,artificial intelligence
A5074326342,artificial intelligence
A5065682763,artificial intelligence
A5003446196,artificial intelligence
A5010344275,programming language
A5000961497,computer vision
A5045655705,world wide web
A5035454824,computer network
A5021778229,machine learning
A5016930945,machine learning
A5082596185,machine learning
A5000973754,machine learning
A5067961945,computer vision
A5043113255,artificial intelligence
A5030659500,artificial intelligence
A5029639206,natural language processing
A5032772439,artificial intelligence
A5077340927,artificial intelligence
A5015223894,machine learning
A5034847201,artificial intelligence
A5019947674,natural language processing
A5069949281,world wide web
A5073782037,artificial intelligence
A5072329833,artificial intelligence
A5012498525,artificial intelligence
A5047487369,artificial intelligence
A5056500675,programming language
A5065542478,programming language
A5035778877,programming language
A5056276034,programming language
A5060243152,artificial intelligence
A5003970817,artificial intelligence
A5086297533,artificial intelligence
A5049106602,artificial intelligence
A5058725243,artificial intelligence
A5023307347,artificial intelligence
A5057291202,machine learning
A5023423378,artificial intelligence
A5002179026,artificial intelligence
A5009359917,artificial intelligence
A5077271345,artificial intelligence
A5073001343,artificial intelligence
A5032993700,artificial intelligence
A5036607482,natural language processing
A5045189499,natural language processing
A5056371786,artificial intelligence
A5011303864,artificial intelligence
A5027713032,operating system
A5031103460,artificial intelligence
A5060881195,machine learning
A5067104092,artificial intelligence
A5048598782,artificial intelligence
A5054882631,artificial intelligence
A5051124210,artificial intelligence
A5088264215,artificial intelligence
A5063346157,artificial intelligence
A5001210175,artificial intelligence
A5034563317,artificial intelligence
A5026601861,programming language
A5072948963,programming language
A5019124286,operating system
A5085008668,world wide web
A5031883190,artificial intelligence
A5001500450,artificial intelligence
A5078633097,artificial intelligence
A5080454457,artificial intelligence
A5027930488,artificial intelligence
A5054285669,artificial intelligence
A5009555575,artificial intelligence
A5036772175,artificial intelligence
A5004165504,artificial intelligence
A5029906218,artificial intelligence
A5063685809,artificial intelligence
A5031902350,programming language
A5087692829,machine learning
A5013036463,knowledge management
A5008646120,artificial intelligence
A5077028946,programming language
A5008992519,programming language
A5001893144,artificial intelligence
A5045609071,artificial intelligence
A5090939243,artificial intelligence
A5021219896,artificial intelligence
A5066285335,machine learning
A5033202985,machine learning
A5033512523,machine learning
A5029486852,machine learning
A5085624007,machine learning
A5007483551,artificial intelligence
A5009339596,artificial intelligence
A5064335604,artificial intelligence
A5020839119,artificial intelligence
A5016195511,artificial intelligence
A5013823763,artificial intelligence
A5072206499,operating system
A5061680998,artificial intelligence
A5022582888,operating system
A5067698928,operating system
A5003035425,artificial intelligence
A5022115864,artificial intelligence
A5036303407,artificial intelligence
A5054550312,programming language
A5081440698,artificial intelligence
A5059327561,artificial intelligence
A5086161225,machine learning
A5074478582,artificial intelligence
A5054847421,artificial intelligence
A5054073324,speech recognition
A5052266601,artificial intelligence
A5030596302,artificial intelligence
A5020979732,artificial intelligence
A5068341934,computer vision
A5072269257,artificial intelligence
A5013387777,artificial intelligence
A5049631570,machine learning
A5054799641,artificial intelligence
A5022137187,artificial intelligence
A5039718400,artificial intelligence
A5054341757,computer security
A5057371611,artificial intelligence
A5060376966,artificial intelligence
A5008534798,knowledge management
A5070223223,operating system
A5086991086,artificial intelligence
A5002374531,programming language
A5020929756,programming language
A5065195268,machine learning
A5041009429,artificial intelligence
A5026596644,artificial intelligence
A5081341022,operating system
A5028687545,artificial intelligence
A5044733478,artificial intelligence
A5031752065,artificial intelligence
A5084142782,artificial intelligence
A5066141913,operating system
A5060816627,operating system
A5070023796,artificial intelligence
A5090643027,operating system
A5043887593,artificial intelligence
A5009847987,artificial intelligence
A5070901859,artificial intelligence
A5016968166,natural language processing
A5043585652,computer vision
A5061910461,artificial intelligence
A5011350393,artificial intelligence
A5012150553,operating system
A5057296347,artificial intelligence
A5008665186,machine learning
A5043313665,world wide web
A5083169717,artificial intelligence
A5050408923,machine learning
A5074249075,multimedia
A5020967535,multimedia
A5004589419,multimedia
A5047740819,multimedia
A5078965949,multimedia
A5021045772,artificial intelligence
A5066902956,multimedia
A5025563494,computer hardware
A5078317404,operating system
A5076147636,artificial intelligence
A5065275011,machine learning
A5046625276,artificial intelligence
A5032822351,operating system
A5062819015,machine learning
A5090935546,artificial intelligence
A5028726488,information retrieval
A5024602195,programming language
A5008407215,programming language
A5088011202,programming language
A5069964901,programming language
A5068571624,programming language
A5037088308,machine learning
A5024031480,knowledge management
A5072632015,machine learning
A5079114730,artificial intelligence
A5042843799,machine learning
A5051537941,knowledge management
A5008662310,artificial intelligence
A5039934056,artificial intelligence
A5056506416,artificial intelligence
A5041317854,programming language
A5056803574,programming language
A5064908841,artificial intelligence
A5005445685,artificial intelligence
A5039202251,artificial intelligence
A5048884184,artificial intelligence
A5046907784,artificial intelligence
A5006982483,artificial intelligence
A5069474743,artificial intelligence
A5034376042,artificial intelligence
A5042070464,artificial intelligence
A5024078415,artificial intelligence
A5083458247,artificial intelligence
A5007587082,artificial intelligence
A5000460595,artificial intelligence
A5028574146,artificial intelligence
A5056281498,operating system
A5037762972,artificial intelligence
A5079730455,artificial intelligence
A5087220015,machine learning
A5058095630,programming language
A5062115805,artificial intelligence
A5044925835,artificial intelligence
A5001740078,artificial intelligence
A5069202152,artificial intelligence
A5012432864,knowledge management
A5086863678,artificial intelligence
A5008243219,artificial intelligence
A5009299736,artificial intelligence
A5081334179,artificial intelligence
A5068252109,artificial intelligence
A5086146493,operating system
A5015041746,natural language processing
A5014807074,computer vision
A5047698688,artificial intelligence
A5043359548,database
A5076362929,artificial intelligence
A5013760848,artificial intelligence
A5002555209,operating system
A5065053049,operating system
A5037614461,artificial intelligence
A5087344658,artificial intelligence
A5012941995,artificial intelligence
A5043862324,artificial intelligence
A5031933061,natural language processing
A5048363152,artificial intelligence
A5080624394,database
A5004297417,artificial intelligence
A5081145311,programming language
A5051539004,operating system
A5090503795,artificial intelligence
A5007375044,artificial intelligence
A5032749574,operating system
A5076869167,artificial intelligence
A5028460646,machine learning
A5018855931,machine learning
A5032903292,machine learning
A5063808461,artificial intelligence
A5057562290,programming language
A5052606001,theoretical computer science
A5039051309,artificial intelligence
A5080273782,computer vision
A5050372377,multimedia
A5037722182,programming language
A5050608631,computer network
A5050384013,artificial intelligence
A5027166029,artificial intelligence
A5065095363,programming language
A5004951814,programming language
A5038912795,artificial intelligence
A5056621893,artificial intelligence
A5090782160,data mining
A5031705322,data mining
A5021663399,operating system
A5066709254,artificial intelligence
A5006172884,natural language processing
A5016777444,artificial intelligence
A5062199764,computer vision
A5022862728,computer vision
A5031688872,computer vision
A5009288293,computer vision
A5072363242,computer vision
A5076898216,computer vision
A5083689159,artificial intelligence
A5072724096,world wide web
A5020049376,operating system
A5061779025,artificial intelligence
A5002354348,artificial intelligence
A5085304587,multimedia
A5085573463,multimedia
A5084666745,artificial intelligence
A5017791049,artificial intelligence
A5036317856,artificial intelligence
A5072077396,artificial intelligence
A5077419666,artificial intelligence
A5020426896,artificial intelligence
A5068529809,artificial intelligence
A5000909172,artificial intelligence
A5003056361,natural language processing
A5007505113,artificial intelligence
A5009095158,artificial intelligence
A5084829091,operating system
A5074877221,operating system
A5043637608,operating system
A5003578069,world wide web
A5037743017,machine learning
A5087008140,artificial intelligence
A5041799942,artificial intelligence
A5051466324,artificial intelligence
A5052743179,artificial intelligence
A5017210698,artificial intelligence
A5087390098,artificial intelligence
A5029052652,artificial intelligence
A5048214856,operating system
A5056428848,artificial intelligence
A5084386755,world wide web
A5069573465,artificial intelligence
A5055562417,artificial intelligence
A5013174025,programming language
A5052886544,artificial intelligence
A5086311456,artificial intelligence
A5056479939,artificial intelligence
A5024831674,natural language processing
A5080544237,artificial intelligence
A5014008069,artificial intelligence
A5032376498,artificial intelligence
A5011950025,artificial intelligence
A5048292729,artificial intelligence
A5067014911,artificial intelligence
A5022215826,computer vision
A5040978295,artificial intelligence
A5011845543,machine learning
A5087857759,machine learning
A5051174276,artificial intelligence
A5024010407,operating system
A5048439332,artificial intelligence
A5032361483,artificial intelligence
A5050112798,machine learning
A5010099253,speech recognition
A5078798863,artificial intelligence
A5049555582,artificial intelligence
A5038419922,artificial intelligence
A5077897039,computer vision
A5052484574,computer security
A5055587668,artificial intelligence
A5056241875,artificial intelligence
A5000389309,artificial intelligence
A5009887598,artificial intelligence
A5000546219,artificial intelligence
A5008581282,information retrieval
A5002242511,multimedia
A5088644080,multimedia
A5016200356,computer network
A5030629766,artificial intelligence
A5005007948,artificial intelligence
A5000070779,artificial intelligence
A5000097884,artificial intelligence
A5053131458,artificial intelligence
A5079725820,artificial intelligence
A5013207986,operating system
A5014329991,artificial intelligence
A5031706667,artificial intelligence
A5036414920,artificial intelligence
A5004215141,machine learning
A5070376070,machine learning
A5049375194,artificial intelligence
A5067214242,programming language
A5085226753,artificial intelligence
A5066978481,natural language processing
A5022164566,artificial intelligence
A5022683587,artificial intelligence
A5019076179,artificial intelligence
A5016825271,artificial intelligence
A5051878521,artificial intelligence
A5081792846,natural language processing
A5072133522,natural language processing
A5077844387,artificial intelligence
A5089110297,artificial intelligence
A5079639609,operating system
A5071074705,artificial intelligence
A5070475244,artificial intelligence
A5028083158,artificial intelligence
A5069192282,artificial intelligence
A5081658546,artificial intelligence
A5000686370,artificial intelligence
A5087512556,information retrieval
A5008537775,machine learning
A5006281808,computer vision
A5090429070,artificial intelligence
A5059639181,artificial intelligence
A5005514726,artificial intelligence
A5076187962,artificial intelligence
A5084091340,artificial intelligence
A5034621211,machine learning
A5033966208,artificial intelligence
A5086770752,artificial intelligence
A5084153650,artificial intelligence
A5004837138,artificial intelligence
A5028297977,artificial intelligence
A5072614975,programming language
A5039742693,artificial intelligence
A5056763353,artificial intelligence
A5015757197,artificial intelligence
A5048403488,operating system
A5020372476,world wide web
A5061603682,multimedia
A5076596015,operating system
A5015804886,operating system
A5069353228,programming language
A5004006026,artificial intelligence
A5022419670,artificial intelligence
A5044304787,artificial intelligence
A5057103962,artificial intelligence
A5059332839,artificial intelligence
A5002879297,artificial intelligence
A5022738870,artificial intelligence
A5075292468,machine learning
A5034694502,machine learning
A5048214969,artificial intelligence
A5084267183,artificial intelligence
A5000650893,artificial intelligence
A5014011362,artificial intelligence
A5002160160,programming language
A5003469648,world wide web
A5078605314,world wide web
A5021901258,artificial intelligence
A5013446855,artificial intelligence
A5036985909,artificial intelligence
A5047893446,artificial intelligence
A5057515348,artificial intelligence
A5025474694,artificial intelligence
A5066608996,artificial intelligence
A5060836180,internet privacy
A5011223251,computer vision
A5009244291,artificial intelligence
A5015573203,artificial intelligence
A5074012261,artificial intelligence
A5067690517,artificial intelligence
A5015897265,artificial intelligence
A5033223750,artificial intelligence
A5072610420,library science
A5052246884,artificial intelligence
A5053780228,artificial intelligence
A5053960744,artificial intelligence
A5033281973,artificial intelligence
A5076785459,artificial intelligence
A5043484752,world wide web
A5028665407,world wide web
A5003367528,artificial intelligence
A5020442900,computer vision
A5054426043,programming language
A5032276006,machine learning
A5063471945,artificial intelligence
A5029669651,artificial intelligence
A5013681777,artificial intelligence
A5073115503,artificial intelligence
A5018924838,artificial intelligence
A5028239602,artificial intelligence
A5024753578,artificial intelligence
A5033002944,artificial intelligence
A5068538399,artificial intelligence
A5077132751,operating system
A5011649614,artificial intelligence
A5070197079,data mining
A5016693585,knowledge management
A5029466870,programming language
A5084961243,artificial intelligence
A5027223190,artificial intelligence
A5057054714,operating system
A5004185399,artificial intelligence
A5038138844,artificial intelligence
A5087383914,knowledge management
A5072761721,artificial intelligence
A5034110857,artificial intelligence
A5005494593,artificial intelligence
A5073829170,artificial intelligence
A5009408707,artificial intelligence
A5044171839,artificial intelligence
A5083037952,world wide web
A5049747850,multimedia
A5076299288,artificial intelligence
A5001914278,artificial intelligence
A5082158620,operating system
A5040953644,artificial intelligence
A5021623573,artificial intelligence
A5033874688,artificial intelligence
A5071963371,computer security
A5084307473,artificial intelligence
A5084019087,programming language
A5082941356,computer security
A5000494272,operating system
A5088522359,machine learning
A5051255092,artificial intelligence
A5037268482,natural language processing
A5063811929,library science
A5028542544,artificial intelligence
A5090325024,multimedia
A5049903806,multimedia
A5026240321,artificial intelligence
A5070617703,machine learning
A5083186562,library science
A5080574338,library science
A5063348590,artificial intelligence
A5086407676,natural language processing
A5016307270,computer vision
A5039519783,computer vision
A5027894926,computer vision
A5016270268,computer vision
A5058652387,world wide web
A5048713989,artificial intelligence
A5028728477,artificial intelligence
A5070783633,database
A5009995333,computer vision
A5019474621,artificial intelligence
A5039777054,artificial intelligence
A5077373404,artificial intelligence
A5010565795,artificial intelligence
A5073502574,artificial intelligence
A5031490552,artificial intelligence
A5055862445,artificial intelligence
A5000949899,artificial intelligence
A5034890553,artificial intelligence
A5056342874,artificial intelligence
A5067181588,artificial intelligence
A5045715820,artificial intelligence
A5057697626,artificial intelligence
A5086551874,multimedia
A5043377275,multimedia
A5015890523,artificial intelligence
A5081577591,knowledge management
A5032452851,operating system
A5072316485,computer network
A5080483470,operating system
A5050453963,artificial intelligence
A5069071397,computer vision
A5003398799,artificial intelligence
A5032504673,artificial intelligence
A5049203731,artificial intelligence
A5025184150,machine learning
A5015588536,computer network
A5059818157,operating system
A5009405250,machine learning
A5086440258,artificial intelligence
A5005877932,artificial intelligence
A5039647770,machine learning
A5063661970,artificial intelligence
A5019150262,machine learning
A5085891679,artificial intelligence
A5048742384,multimedia
A5029855697,machine learning
A5000140420,operating system
A5007596905,operating system
A5074887428,artificial intelligence
A5006652905,artificial intelligence
A5057150812,artificial intelligence
A5062308708,operating system
A5013861133,operating system
A5045874694,operating system
A5023330662,artificial intelligence
A5037195696,data science
A5041806372,data science
A5013736925,artificial intelligence
A5050050462,machine learning
A5002349071,artificial intelligence
A5058654623,database
A5071435315,artificial intelligence
A5029086985,artificial intelligence
A5040736087,computer vision
A5021539256,computer network
A5027111738,artificial intelligence
A5011738956,knowledge management
A5089261752,machine learning
A5091582627,artificial intelligence
A5088466247,artificial intelligence
A5083484586,artificial intelligence
A5011525973,artificial intelligence
A5037353778,world wide web
A5079359530,operating system
A5070766199,multimedia
A5032895568,natural language processing
A5054002357,natural language processing
A5025918331,natural language processing
A5005849526,artificial intelligence
A5077391080,multimedia
A5032531133,computer vision
A5079815832,artificial intelligence
A5001899552,artificial intelligence
A5076192249,world wide web
A5020244586,machine learning
A5091421960,information retrieval
A5075808202,artificial intelligence
A5062479016,machine learning
A5055476024,machine learning
A5071298657,artificial intelligence
A5081667124,artificial intelligence
A5004404965,knowledge management
A5053790054,computer vision
A5021875322,operating system
A5048307575,artificial intelligence
A5079736229,data science
A5066963602,data science
A5090741987,natural language processing
A5005647308,world wide web
A5029017321,operating system
A5028034646,artificial intelligence
A5078233856,natural language processing
A5061521665,natural language processing
A5080647847,natural language processing
A5073631841,world wide web
A5036418930,artificial intelligence
A5032034759,data science
A5064816810,artificial intelligence
A5006635298,computer vision
A5025330517,artificial intelligence
A5085497865,artificial intelligence
A5006712665,artificial intelligence
A5088197388,operating system
A5088837582,artificial intelligence
A5080612158,artificial intelligence
A5016953181,artificial intelligence
A5076579586,programming language
A5088665937,artificial intelligence
A5086022540,artificial intelligence
A5007026632,operating system
A5069676058,operating system
A5056892202,artificial intelligence
A5066884782,computer vision
A5076503652,programming language
A5088934266,artificial intelligence
A5001690160,artificial intelligence
A5010327355,artificial intelligence
A5047375286,artificial intelligence
A5085408978,artificial intelligence
A5015194249,artificial intelligence
A5015196087,artificial intelligence
A5008717316,artificial intelligence
A5013843519,machine learning
A5084452891,operating system
A5068929414,artificial intelligence
A5080743076,artificial intelligence
A5090413486,natural language processing
A5019440355,artificial intelligence
A5019810689,artificial intelligence
A5031177481,artificial intelligence
A5020403076,artificial intelligence
A5037334697,artificial intelligence
A5035738936,machine learning
A5073107314,machine learning
A5062043545,artificial intelligence
A5024306150,artificial intelligence
A5060446935,artificial intelligence
A5079537786,artificial intelligence
A5061803229,operating system
A5028638195,artificial intelligence
A5072661451,artificial intelligence
A5056235750,machine learning
A5005944620,operating system
A5086317775,artificial intelligence
A5082816457,machine learning
A5081202658,machine learning
A5033404468,knowledge management
A5043876428,operating system
A5003732929,artificial intelligence
A5060887195,artificial intelligence
A5021520315,knowledge management
A5022459394,artificial intelligence
A5028754736,artificial intelligence
A5013833647,computer network
A5016489337,computer vision
A5066350266,artificial intelligence
A5069298900,artificial intelligence
A5058277874,artificial intelligence
A5047895060,artificial intelligence
A5068257486,operating system
A5020064362,operating system
A5065559740,operating system
A5041627571,artificial intelligence
A5037232465,world wide web
A5048448258,machine learning
A5035022200,artificial intelligence
A5072036204,operating system
A5088704743,data science
A5012641249,artificial intelligence
A5015116587,programming language
A5012130214,artificial intelligence
A5053051197,computer network
A5007568348,data science
A5014871132,artificial intelligence
A5088239985,operating system
A5061554663,world wide web
A5013744245,artificial intelligence
A5021071699,artificial intelligence
A5002978672,artificial intelligence
A5015262164,artificial intelligence
A5023115847,artificial intelligence
A5088084415,artificial intelligence
A5072196323,machine learning
A5029155420,artificial intelligence
A5077269649,operating system
A5029023971,artificial intelligence
A5017959151,data science
A5033013754,artificial intelligence
A5035284028,artificial intelligence
A5083005695,artificial intelligence
A5012371112,artificial intelligence
A5090444554,artificial intelligence
A5077773787,artificial intelligence
A5019091472,operating system
A5012030694,machine learning
A5074546704,artificial intelligence
A5010986052,artificial intelligence
A5015419430,machine learning
A5073274033,machine learning
A5058138918,artificial intelligence
A5066392573,computer security
A5085269208,data science
A5075221512,artificial intelligence
A5082085580,artificial intelligence
A5028546847,machine learning
A5057412354,artificial intelligence
A5042689791,artificial intelligence
A5050271091,artificial intelligence
A5016231697,artificial intelligence
A5037167224,multimedia
A5054967700,data science
A5054970101,data science
A5055829030,data science
A5023248191,multimedia
A5071794481,computer security
A5021056103,multimedia
A5009882313,world wide web
A5052128042,artificial intelligence
A5043458817,operating system
A5068632289,artificial intelligence
A5024664490,machine learning
A5041806215,operating system
A5063004123,machine learning
A5090445142,machine learning
A5045849481,machine learning
A5001612712,artificial intelligence
A5091339345,artificial intelligence
A5056078268,artificial intelligence
A5018091748,information retrieval
A5036880592,knowledge management
A5025777650,artificial intelligence
A5016202466,artificial intelligence
A5081924837,computer network
A5040581270,artificial intelligence
A5004104247,artificial intelligence
A5000558231,artificial intelligence
A5080343005,machine learning
A5023893919,artificial intelligence
A5036868977,artificial intelligence
A5062992527,operating system
A5029030965,artificial intelligence
A5050058264,artificial intelligence
A5025825652,computer network
A5052442922,artificial intelligence
A5059875052,computer hardware
A5083641056,operating system
A5063446221,machine learning
A5018106273,machine learning
A5037571534,machine learning
A5057462369,artificial intelligence
A5034136464,artificial intelligence
A5091620083,artificial intelligence
A5052014007,artificial intelligence
A5037708137,artificial intelligence
A5091608695,artificial intelligence
A5016585506,operating system
A5072765215,knowledge management
A5029561912,operating system
A5026937925,computer security
A5018132799,knowledge management
A5064694066,programming language
A5077392127,artificial intelligence
A5050425004,artificial intelligence
A5041615708,operating system
A5069745169,operating system
A5033913998,knowledge management
A5061788602,machine learning
A5033467673,artificial intelligence
A5074549228,artificial intelligence
A5065709615,machine learning
A5040243327,programming language
A5051011439,artificial intelligence
A5040550359,machine learning
A5065351164,operating system
A5016765555,artificial intelligence
A5066719217,operating system
A5015866767,operating system
A5044536839,world wide web
A5084237593,artificial intelligence
A5007773115,artificial intelligence
A5015344526,computer vision
A5039065759,artificial intelligence
A5029186968,artificial intelligence
A5074607480,artificial intelligence
A5005046076,artificial intelligence
A5004519615,artificial intelligence
A5082765640,world wide web
A5032391112,programming language
A5060064623,machine learning
A5090472979,artificial intelligence
A5041778353,artificial intelligence
A5015056889,multimedia
A5023441863,machine learning
A5045551872,machine learning
A5063454149,artificial intelligence
A5075037874,artificial intelligence
A5005293560,artificial intelligence
A5040589990,machine learning
A5016655218,machine learning
A5089334775,machine learning
A5079416432,machine learning
A5085344538,artificial intelligence
A5002804357,artificial intelligence
A5003956030,artificial intelligence
A5068982579,artificial intelligence
A5002645109,artificial intelligence
A5077042612,artificial intelligence
A5046452800,machine learning
A5012782091,artificial intelligence
A5000797954,computer vision
A5078448852,artificial intelligence
A5036607218,operating system
A5071876610,operating system
A5064456444,artificial intelligence
A5054250222,operating system
A5048873335,artificial intelligence
A5083245722,artificial intelligence
A5025522320,artificial intelligence
A5036825863,artificial intelligence
A5002454785,artificial intelligence
A5022140594,artificial intelligence
A5049067370,machine learning
A5086822183,operating system
A5023280101,artificial intelligence
A5086975714,artificial intelligence
A5034722482,operating system
A5023758808,artificial intelligence
A5060647692,artificial intelligence
A5080505035,programming language
A5028904453,artificial intelligence
A5034662260,artificial intelligence
A5006893669,artificial intelligence
A5009268269,artificial intelligence
A5008802074,artificial intelligence
A5074985455,artificial intelligence
A5070685553,multimedia
A5032131834,artificial intelligence
A5051954012,artificial intelligence
A5022047689,data science
A5023170794,database
A5066556534,artificial intelligence
A5037778920,artificial intelligence
A5021547450,artificial intelligence
A5042511048,information retrieval
A5020784668,data science
A5077085400,data science
A5076510440,machine learning
A5091805676,operating system
A5086452969,artificial intelligence
A5017563509,artificial intelligence
A5041230534,data science
A5035365146,multimedia
A5005310933,artificial intelligence
A5036264294,operating system
A5047523245,artificial intelligence
A5078748099,artificial intelligence
A5032861763,artificial intelligence
A5011828259,operating system
A5012031147,artificial intelligence
A5071060187,artificial intelligence
A5060671078,artificial intelligence
A5040915036,operating system
A5032134965,operating system
A5018008030,natural language processing
A5036588142,machine learning
A5044020782,artificial intelligence
A5076741955,artificial intelligence
A5039628342,artificial intelligence
A5053977259,artificial intelligence
A5013127565,artificial intelligence
A5033093688,operating system
A5000845491,artificial intelligence
A5042629796,artificial intelligence
A5016733511,artificial intelligence
A5056352759,operating system
A5009649999,operating system
A5056015987,artificial intelligence
A5017471980,operating system
A5020221507,natural language processing
A5080661130,computer security
A5051437720,machine learning
A5007444588,operating system
A5008286949,operating system
A5047433330,artificial intelligence
A5006498359,operating system
A5066917049,operating system
A5005995672,artificial intelligence
A5070945310,artificial intelligence
A5038445455,computer security
A5080042065,artificial intelligence
A5008201596,artificial intelligence
A5064325570,artificial intelligence
A5030390100,machine learning
A5050636427,artificial intelligence
A5059614756,operating system
A5048731832,artificial intelligence
A5087244073,machine learning
A5083253390,artificial intelligence
A5048541101,artificial intelligence
A5009453538,world wide web
A5010514636,artificial intelligence
A5016367953,artificial intelligence
A5078140503,artificial intelligence
A5031123449,artificial intelligence
A5044623945,artificial intelligence
A5008763970,machine learning
A5085944039,natural language processing
A5069811637,computer vision
A5036508725,artificial intelligence
A5089493235,speech recognition
A5032114728,knowledge management
A5087814029,programming language
A5053385416,artificial intelligence
A5018964045,computer security
A5087694258,computer security
A5073414672,machine learning
A5039118607,operating system
A5036115723,multimedia
A5000788327,computer security
A5002298486,computer security
A5004877287,computer security
A5056483533,computer security
A5071747545,artificial intelligence
A5083206187,artificial intelligence
A5077831333,operating system
A5091843462,multimedia
A5057647935,artificial intelligence
A5053938953,machine learning
A5032485319,artificial intelligence
A5060985142,data science
A5016654061,machine learning
A5089339495,machine learning
A5076112103,operating system
A5041915855,programming language
A5073180732,machine learning
A5004554028,world wide web
A5078348929,artificial intelligence
A5067087274,artificial intelligence
A5052829792,operating system
A5033977272,artificial intelligence
A5012470448,operating system
A5077189258,operating system
A5074278000,artificial intelligence
A5006507517,artificial intelligence
A5072373139,artificial intelligence
A5023543685,artificial intelligence
A5087844336,operating system
A5029419124,operating system
A5029624141,artificial intelligence
A5047509459,artificial intelligence
A5081145146,artificial intelligence
A5024989865,artificial intelligence
A5054612207,machine learning
A5057584195,operating system
A5024487443,artificial intelligence
A5002274852,artificial intelligence
A5027347555,machine learning
A5013203959,programming language
A5024615634,artificial intelligence
A5059660196,artificial intelligence
A5086573631,artificial intelligence
A5074598961,artificial intelligence
A5082318770,artificial intelligence
A5030186646,artificial intelligence
A5034562713,artificial intelligence
A5023351996,artificial intelligence
A5043571465,artificial intelligence
A5014127537,operating system
A5033298958,artificial intelligence
A5057294126,machine learning
A5071847978,machine learning
A5053889460,artificial intelligence
A5088842209,artificial intelligence
A5069633812,machine learning
A5091774239,artificial intelligence
A5023317142,artificial intelligence
A5061229826,artificial intelligence
A5018447003,artificial intelligence
A5089610698,artificial intelligence
A5011483066,artificial intelligence
A5043518369,artificial intelligence
A5083587924,artificial intelligence
A5015793758,artificial intelligence
A5078928773,artificial intelligence
A5075063126,operating system
A5076999659,operating system
A5042366616,artificial intelligence
A5080540067,operating system
A5072805914,artificial intelligence
A5025352089,artificial intelligence
A5068869290,artificial intelligence
A5045300723,artificial intelligence
A5071487883,operating system
A5007237506,machine learning
A5084200723,operating system
A5069400663,machine learning
A5071529251,machine learning
A5079767864,operating system
A5004244696,artificial intelligence
A5022427155,programming language
A5089967942,machine learning
A5062554575,operating system
A5022442940,artificial intelligence
A5018086309,artificial intelligence
A5046602742,computer network
A5011029503,artificial intelligence
A5016182658,artificial intelligence
A5046441443,artificial intelligence
A5075867138,machine learning
A5073917126,programming language
A5048753927,machine learning
A5087394928,operating system
A5006910307,operating system
A5062772209,operating system
A5089214416,computer vision
A5009304455,artificial intelligence
A5052396175,computer network
A5042618835,computer network
A5050316031,artificial intelligence
A5083565505,programming language
A5066922944,artificial intelligence
A5072665489,artificial intelligence
A5019203630,machine learning
A5037426564,computer security
A5077679359,artificial intelligence
A5001052765,operating system
A5039114347,artificial intelligence
A5007711310,multimedia
A5058869461,artificial intelligence
A5062523830,artificial intelligence
A5009512834,artificial intelligence
A5002239056,artificial intelligence
A5053224730,artificial intelligence
A5001837630,machine learning
A5064507733,artificial intelligence
A5079222778,operating system
A5062407617,machine learning
A5031632209,artificial intelligence
A5010482042,machine learning
A5001757189,natural language processing
A5028128510,natural language processing
A5082548671,artificial intelligence
A5047213634,world wide web
A5078936954,artificial intelligence
A5023694192,computer network
A5019715403,operating system
A5032578243,computer security
A5029953622,knowledge management
A5081908723,knowledge management
A5062583998,artificial intelligence
A5085217765,artificial intelligence
A5026436478,artificial intelligence
A5032979408,artificial intelligence
A5015422745,artificial intelligence
A5069909551,artificial intelligence
A5007264873,artificial intelligence
A5050394459,artificial intelligence
A5042622378,artificial intelligence
A5087357135,artificial intelligence
A5048305279,data science
A5078722752,computer security
A5011305397,artificial intelligence
A5076378292,artificial intelligence
A5072279812,artificial intelligence
A5002898623,machine learning
A5031087676,computer security
A5066072804,artificial intelligence
A5019881692,computer vision
A5021135236,artificial intelligence
A5067834629,artificial intelligence
A5057089451,artificial intelligence
A5077056848,artificial intelligence
A5014609707,knowledge management
A5060729470,programming language
A5005774676,artificial intelligence
A5036281885,artificial intelligence
A5059804119,artificial intelligence
A5021493216,machine learning
A5073967877,machine learning
A5081648660,machine learning
A5060026558,artificial intelligence
A5019728721,operating system
A5079413812,artificial intelligence
A5040511727,artificial intelligence
A5075092293,artificial intelligence
A5046475070,artificial intelligence
A5045231831,artificial intelligence
A5022836666,artificial intelligence
A5046083078,artificial intelligence
A5051822671,artificial intelligence
A5034462620,machine learning
A5084627413,artificial intelligence
A5002469406,artificial intelligence
A5073057540,artificial intelligence
A5033074490,artificial intelligence
A5089444322,artificial intelligence
A5066791342,artificial intelligence
A5005720600,operating system
A5076782439,artificial intelligence
A5034152853,operating system
A5079406545,artificial intelligence
A5046683404,artificial intelligence
A5017342485,artificial intelligence
A5000579390,artificial intelligence
A5053156731,artificial intelligence
A5043247740,artificial intelligence
A5078548833,artificial intelligence
A5088108309,artificial intelligence
A5065352683,artificial intelligence
A5025446551,artificial intelligence
A5040601103,artificial intelligence
A5051726590,artificial intelligence
A5070369423,artificial intelligence
A5061903937,natural language processing
A5078241160,artificial intelligence
A5079532515,artificial intelligence
A5090032106,artificial intelligence
A5045434575,world wide web
A5021941059,programming language
A5007964143,operating system
A5024513618,operating system
A5000839924,internet privacy
A5013189970,internet privacy
A5024377287,artificial intelligence
A5039939205,artificial intelligence
A5088272362,artificial intelligence
A5038162518,artificial intelligence
A5019311783,artificial intelligence
A5089026394,artificial intelligence
A5088723194,programming language
A5069291490,artificial intelligence
A5047195524,artificial intelligence
A5070170188,programming language
A5016375857,programming language
A5029392229,world wide web
A5034120372,world wide web
A5082619310,operating system
A5062354922,artificial intelligence
A5071787894,artificial intelligence
A5010460596,artificial intelligence
A5030266296,artificial intelligence
A5009060646,artificial intelligence
A5025057083,operating system
A5019711891,operating system
A5071079253,machine learning
A5019315136,artificial intelligence
A5038317092,machine learning
A5059470272,artificial intelligence
A5000786672,machine learning
A5078076211,artificial intelligence
A5026643932,artificial intelligence
A5026072601,artificial intelligence
A5040483828,artificial intelligence
A5070470547,artificial intelligence
A5032995111,artificial intelligence
A5036365606,artificial intelligence
A5075849195,operating system
A5041927057,computer vision
A5007752731,artificial intelligence
A5007259218,artificial intelligence
A5057922563,artificial intelligence
A5005625331,artificial intelligence
A5067363936,operating system
A5036070524,operating system
A5083657837,machine learning
A5003259212,computer vision
A5083174847,computer vision
A5080921975,computer vision
A5015341832,computer vision
A5011759382,computer vision
A5003678206,computer vision
A5068616472,computer vision
A5025951290,computer vision
A5056076984,computer vision
A5012994088,operating system
A5059696986,natural language processing
A5033741873,computer vision
A5062828160,operating system
A5064636592,world wide web
A5075551090,world wide web
A5080706226,world wide web
A5009597218,world wide web
A5016938663,knowledge management
A5083066821,artificial intelligence
A5010984242,artificial intelligence
A5039617569,world wide web
A5081036622,operating system
A5081840017,artificial intelligence
A5030392253,artificial intelligence
A5091728630,artificial intelligence
A5016317255,operating system
A5071070222,operating system
A5048008694,operating system
A5019509861,world wide web
A5038992145,operating system
A5031116162,artificial intelligence
A5001381023,programming language
A5026919456,world wide web
A5003856618,machine learning
A5033996359,machine learning
A5020893051,artificial intelligence
A5063687677,artificial intelligence
A5015154253,artificial intelligence
A5051776419,machine learning
A5082383510,artificial intelligence
A5069712071,data science
A5079086807,artificial intelligence
A5025625704,artificial intelligence
A5076660280,database
A5028231204,artificial intelligence
A5055824250,natural language processing
A5064369361,operating system
A5070298394,artificial intelligence
A5089624139,operating system
A5058363300,operating system
A5037918738,artificial intelligence
A5083794116,artificial intelligence
A5041165953,artificial intelligence
A5041510294,artificial intelligence
A5018206036,artificial intelligence
A5013071938,artificial intelligence
A5047148711,artificial intelligence
A5022708495,operating system
A5059914505,artificial intelligence
A5058662537,artificial intelligence
A5077484807,artificial intelligence
A5071672056,artificial intelligence
A5037064832,artificial intelligence
A5001588690,artificial intelligence
A5020809586,artificial intelligence
A5016313864,artificial intelligence
A5069821895,artificial intelligence
A5080262886,machine learning
A5032943807,artificial intelligence
A5065754816,programming language
A5028943281,operating system
A5039122016,operating system
A5060809236,operating system
A5018667469,artificial intelligence
A5018432268,machine learning
A5079982787,artificial intelligence
A5019549867,computer vision
A5018436136,artificial intelligence
A5019678801,internet privacy
A5065968760,artificial intelligence
A5083896651,multimedia
A5012060246,multimedia
A5089421014,artificial intelligence
A5055282355,artificial intelligence
A5085829847,artificial intelligence
A5082381156,machine learning
A5013266887,machine learning
A5049233494,operating system
A5004615152,programming language
A5036529804,artificial intelligence
A5045943670,artificial intelligence
A5030098068,artificial intelligence
A5001022530,operating system
A5013519991,artificial intelligence
A5085239834,machine learning
A5037816255,artificial intelligence
A5012475052,operating system
A5043287052,knowledge management
A5006150251,artificial intelligence
A5035160608,artificial intelligence
A5043871498,artificial intelligence
A5023665625,artificial intelligence
A5029699800,artificial intelligence
A5001308079,operating system
A5024669831,artificial intelligence
A5019393851,operating system
A5081587138,artificial intelligence
A5028882889,computer security
A5061172607,computer security
A5083357151,artificial intelligence
A5004113668,artificial intelligence
A5009515878,artificial intelligence
A5079051775,artificial intelligence
A5011072391,artificial intelligence
A5074426382,programming language
A5073090648,computer network
A5026161843,computer network
A5050869170,computer network
A5064423842,computer network
A5055657125,computer network
A5089790645,computer network
A5007816829,computer network
A5049669664,computer network
A5023626757,artificial intelligence
A5053983511,computer network
A5024943157,artificial intelligence
A5068729286,artificial intelligence
A5086643947,artificial intelligence
A5056965955,artificial intelligence
A5027324518,artificial intelligence
A5011950780,artificial intelligence
A5048588454,artificial intelligence
A5018497995,artificial intelligence
A5022608022,artificial intelligence
A5046739023,artificial intelligence
A5035626728,artificial intelligence
A5003133775,artificial intelligence
A5037224858,artificial intelligence
A5081062619,data mining
A5057203811,artificial intelligence
A5031784704,machine learning
A5079953468,artificial intelligence
A5084926427,artificial intelligence
A5004125713,artificial intelligence
A5013746205,programming language
A5035363813,artificial intelligence
A5047051984,artificial intelligence
A5039187315,artificial intelligence
A5010417374,computer vision
A5037914359,artificial intelligence
A5003670134,multimedia
A5084124274,machine learning
A5039527428,artificial intelligence
A5087372020,artificial intelligence
A5033199621,artificial intelligence
A5027708988,artificial intelligence
A5027890375,artificial intelligence
A5000475893,artificial intelligence
A5046024059,operating system
A5084942381,artificial intelligence
A5035855364,machine learning
A5059197011,artificial intelligence
A5087532463,artificial intelligence
A5025941662,artificial intelligence
A5053182737,machine learning
A5038675968,artificial intelligence
A5040628216,artificial intelligence
A5090314257,artificial intelligence
A5069738110,artificial intelligence
A5007629219,knowledge management
A5069441330,operating system
A5048832439,operating system
A5053739875,artificial intelligence
A5089411858,database
A5056475160,operating system
A5043259985,operating system
A5075679779,artificial intelligence
A5089388395,artificial intelligence
A5038644188,artificial intelligence
A5045585076,operating system
A5064115801,multimedia
A5053566937,artificial intelligence
A5063622872,artificial intelligence
A5047693971,artificial intelligence
A5007029790,artificial intelligence
A5081688435,artificial intelligence
A5078021986,computer network
A5009588345,multimedia
A5035778771,computer security
A5020079516,operating system
A5078818619,machine learning
A5048395925,multimedia
A5018094689,library science
A5016676689,operating system
A5069426855,operating system
A5066734954,artificial intelligence
A5037873810,artificial intelligence
A5058718652,artificial intelligence
A5015419040,world wide web
A5063945566,artificial intelligence
A5031823995,artificial intelligence
A5089422869,artificial intelligence
A5017854609,artificial intelligence
A5042196702,artificial intelligence
A5041891217,artificial intelligence
A5054973692,artificial intelligence
A5040158999,machine learning
A5028201055,artificial intelligence
A5078195631,artificial intelligence
A5029340745,operating system
A5018313286,artificial intelligence
A5029229494,computer network
A5046165780,artificial intelligence
A5006344371,operating system
A5089931422,artificial intelligence
A5055671840,artificial intelligence
A5036015808,operating system
A5024742008,computer security
A5074079884,speech recognition
A5051531263,computer security
A5026490561,artificial intelligence
A5058790873,artificial intelligence
A5033514957,artificial intelligence
A5082402937,artificial intelligence
A5080522156,artificial intelligence
A5038686310,machine learning
A5084001911,programming language
A5076007172,computer network
A5068631421,artificial intelligence
A5055374361,operating system
A5036559500,machine learning
A5056272841,machine learning
A5033717113,machine learning
A5039448597,artificial intelligence
A5026258308,artificial intelligence
A5043453620,artificial intelligence
A5089616760,computer network
A5049055839,artificial intelligence
A5034160482,artificial intelligence
A5062811315,artificial intelligence
A5007582570,artificial intelligence
A5059746910,operating system
A5059752174,world wide web
A5082772792,artificial intelligence
A5045632956,artificial intelligence
A5084444924,database
A5054496884,artificial intelligence
A5070568314,natural language processing
A5002785992,artificial intelligence
A5088812981,machine learning
A5049634011,artificial intelligence
A5063244616,artificial intelligence
A5012677173,machine learning
A5031191384,artificial intelligence
A5051919749,artificial intelligence
A5057825054,programming language
A5091371096,machine learning
A5024055023,machine learning
A5005153278,artificial intelligence
A5015186395,artificial intelligence
A5043201304,artificial intelligence
A5034220928,artificial intelligence
A5075530467,artificial intelligence
A5053407281,artificial intelligence
A5001981294,artificial intelligence
A5034560396,machine learning
A5088746356,machine learning
A5084309516,programming language
A5002035751,machine learning
A5031166206,machine learning
A5032633292,machine learning
A5059406680,artificial intelligence
A5074130561,artificial intelligence
A5077739972,artificial intelligence
A5084344454,machine learning
A5040226526,computer vision
A5047568654,artificial intelligence
A5038536357,artificial intelligence
A5005882933,artificial intelligence
A5032408478,data science
A5090171111,artificial intelligence
A5018516368,computer security
A5088113932,artificial intelligence
A5074002901,artificial intelligence
A5076033599,artificial intelligence
A5037539801,artificial intelligence
A5029536811,artificial intelligence
A5058919374,operating system
A5017639098,artificial intelligence
A5025868347,artificial intelligence
A5080450263,artificial intelligence
A5029361057,artificial intelligence
A5034463778,artificial intelligence
A5018361251,computer security
A5085131079,operating system
A5072445597,artificial intelligence
A5078305333,artificial intelligence
A5017890742,artificial intelligence
A5013264903,artificial intelligence
A5035843564,machine learning
A5023258012,machine learning
A5007121098,artificial intelligence
A5064137502,computer vision
A5031233579,machine learning
A5008919735,operating system
A5050396158,operating system
A5001668653,artificial intelligence
A5090369126,machine learning
A5032644747,multimedia
A5078329096,artificial intelligence
A5001523618,operating system
A5050971671,operating system
A5079802207,artificial intelligence
A5043618291,operating system
A5025919783,artificial intelligence
A5061651734,artificial intelligence
A5089846623,artificial intelligence
A5058922970,operating system
A5078963225,operating system
A5009120455,world wide web
A5023344922,artificial intelligence
A5017384631,artificial intelligence
A5049067664,artificial intelligence
A5045410054,operating system
A5088266860,artificial intelligence
A5000852615,machine learning
A5005215564,machine learning
A5019718926,machine learning
A5035862996,machine learning
A5028378670,machine learning
A5087504224,machine learning
A5069335565,artificial intelligence
A5047912178,computer vision
A5011723389,programming language
A5056055322,artificial intelligence
A5061804138,artificial intelligence
A5028171150,artificial intelligence
A5042961223,artificial intelligence
A5068485323,artificial intelligence
A5028796908,artificial intelligence
A5020641334,artificial intelligence
A5013149426,artificial intelligence
A5071806731,artificial intelligence
A5072401918,artificial intelligence
A5022560995,artificial intelligence
A5023594724,artificial intelligence
A5032662383,artificial intelligence
A5043246335,artificial intelligence
A5008413164,artificial intelligence
A5075428325,artificial intelligence
A5009910775,artificial intelligence
A5057536063,artificial intelligence
A5011379480,artificial intelligence
A5013707993,artificial intelligence
A5060445057,artificial intelligence
A5085984071,artificial intelligence
A5038842491,artificial intelligence
A5004970380,artificial intelligence
A5079601913,artificial intelligence
A5064236279,operating system
A5014089678,operating system
A5074547227,artificial intelligence
A5037144281,artificial intelligence
A5010530817,artificial intelligence
A5048570794,artificial intelligence
A5003985470,artificial intelligence
A5013450785,artificial intelligence
A5072269767,artificial intelligence
A5050124233,artificial intelligence
A5016475372,machine learning
A5013861626,world wide web
A5035815795,artificial intelligence
A5034994727,artificial intelligence
A5038390659,artificial intelligence
A5029890862,machine learning
A5019008103,artificial intelligence
A5045107562,operating system
A5025075234,artificial intelligence
A5014971160,artificial intelligence
A5050188066,artificial intelligence
A5049699344,artificial intelligence
A5031435335,artificial intelligence
A5063626140,artificial intelligence
A5032091977,artificial intelligence
A5005562306,artificial intelligence
A5082912082,world wide web
A5064759433,world wide web
A5030876099,world wide web
A5039525154,multimedia
A5082379288,world wide web
A5042927466,artificial intelligence
A5052623072,operating system
A5059007442,artificial intelligence
A5021986973,data science
A5055286494,artificial intelligence
A5081159238,machine learning
A5010781960,machine learning
A5088671898,artificial intelligence
A5057412737,artificial intelligence
A5015548774,artificial intelligence
A5039659770,artificial intelligence
A5085871964,artificial intelligence
A5080024397,machine learning
A5059874615,artificial intelligence
A5081117883,artificial intelligence
A5050983810,machine learning
A5015599228,multimedia
A5041000166,artificial intelligence
A5008065624,information retrieval
A5069275031,operating system
A5064529678,multimedia
A5011676424,data mining
A5005936929,artificial intelligence
A5041069614,artificial intelligence
A5018155823,artificial intelligence
A5006922318,artificial intelligence
A5017982693,knowledge management
A5052772433,artificial intelligence
A5087126106,artificial intelligence
A5019446231,artificial intelligence
A5050600918,artificial intelligence
A5091066896,artificial intelligence
A5036623489,artificial intelligence
A5021385416,world wide web
A5048698192,artificial intelligence
A5001986172,artificial intelligence
A5005117665,artificial intelligence
A5086603533,artificial intelligence
A5073604834,theoretical computer science
A5013411309,programming language
A5018144910,artificial intelligence
A5014591918,multimedia
A5019777096,multimedia
A5078414072,multimedia
A5001540646,artificial intelligence
A5012310859,machine learning
A5042720607,computer hardware
A5018090246,artificial intelligence
A5080247598,machine learning
A5041748066,artificial intelligence
A5051550649,artificial intelligence
A5058334237,artificial intelligence
A5013019993,knowledge management
A5004368910,artificial intelligence
A5034392811,artificial intelligence
A5007563411,artificial intelligence
A5077525214,artificial intelligence
A5077713490,machine learning
A5065852609,machine learning
A5034020789,artificial intelligence
A5015918027,operating system
A5087292183,artificial intelligence
A5012458324,computer network
A5037782220,artificial intelligence
A5003896096,programming language
A5013322194,theoretical computer science
A5044128852,theoretical computer science
A5081643763,multimedia
A5089217968,artificial intelligence
A5060660874,artificial intelligence
A5005450605,information retrieval
A5035845580,data science
A5065215128,artificial intelligence
A5020865241,artificial intelligence
A5010832933,machine learning
A5085229882,artificial intelligence
A5084087393,programming language
A5007796791,operating system
A5038297843,artificial intelligence
A5043920881,artificial intelligence
A5040396362,artificial intelligence
A5060992774,artificial intelligence
A5063713058,artificial intelligence
A5061451835,computer vision
A5020482984,computer vision
A5050358854,artificial intelligence
A5041469768,artificial intelligence
A5032487213,machine learning
A5047513643,data science
A5024623650,machine learning
A5010228049,artificial intelligence
A5056764577,artificial intelligence
A5052405783,artificial intelligence
A5081051731,computer security
A5015789676,computer security
A5074675941,operating system
A5010276520,data science
A5006580423,artificial intelligence
A5013717801,operating system
A5048219277,artificial intelligence
A5005635869,operating system
A5027778188,operating system
A5071893904,machine learning
A5077862545,data science
A5016434389,data science
A5033397269,artificial intelligence
A5027843256,machine learning
A5015044819,machine learning
A5013221359,artificial intelligence
A5017255714,operating system
A5060852285,operating system
A5041763987,artificial intelligence
A5013754599,programming language
A5063087627,computer network
A5088773540,artificial intelligence
A5056866203,artificial intelligence
A5079703038,artificial intelligence
A5022467264,multimedia
A5007289720,computer vision
A5077587036,artificial intelligence
A5014078084,machine learning
A5041220813,machine learning
A5014597941,machine learning
A5012077298,machine learning
A5040250564,artificial intelligence
A5063232741,artificial intelligence
A5022121668,artificial intelligence
A5006193639,artificial intelligence
A5071262206,computer vision
A5076969286,computer vision
A5085055899,machine learning
A5046625836,programming language
A5027961582,machine learning
A5030628024,machine learning
A5070432997,machine learning
A5049177709,artificial intelligence
A5018851377,machine learning
A5086001240,artificial intelligence
A5091488899,artificial intelligence
A5016252624,computer security
A5088573517,computer security
A5052287475,artificial intelligence
A5040090013,artificial intelligence
A5056457723,artificial intelligence
A5054997402,computer network
A5016336989,natural language processing
A5032883452,machine learning
A5069272947,operating system
A5080299749,artificial intelligence
A5028177734,operating system
A5087103237,operating system
A5022994735,machine learning
A5069621169,artificial intelligence
A5046433224,artificial intelligence
A5063351141,artificial intelligence
A5003059745,artificial intelligence
A5050262009,programming language
A5091111184,artificial intelligence
A5019300753,artificial intelligence
A5075248091,knowledge management
A5012749835,machine learning
A5028293171,machine learning
A5079646776,artificial intelligence
A5007781745,artificial intelligence
A5040261980,artificial intelligence
A5002098738,operating system
A5067612545,computer network
A5060358754,computer vision
A5042944723,computer vision
A5033692670,artificial intelligence
A5046867271,artificial intelligence
A5006035066,machine learning
A5034399299,machine learning
A5013598689,machine learning
A5027480849,machine learning
A5067722086,information retrieval
A5083153534,artificial intelligence
A5064669606,artificial intelligence
A5046257126,artificial intelligence
A5040604289,machine learning
A5015129792,machine learning
A5011198932,artificial intelligence
A5039984550,information retrieval
A5091568769,artificial intelligence
A5085224650,artificial intelligence
A5079357805,artificial intelligence
A5000267925,speech recognition
A5066967599,artificial intelligence
A5070391893,artificial intelligence
A5007718967,machine learning
A5033471518,database
A5002027879,operating system
A5022425127,operating system
A5057043630,operating system
A5015639435,knowledge management
A5026908578,machine learning
A5072125123,knowledge management
A5023018999,computer vision
A5029400117,artificial intelligence
A5038669776,programming language
A5022071894,artificial intelligence
A5022972921,artificial intelligence
A5014975311,artificial intelligence
A5075252209,operating system
A5014997928,machine learning
A5090165417,machine learning
A5071538220,artificial intelligence
A5045103919,operating system
A5044471799,operating system
A5020095710,artificial intelligence
A5015705042,artificial intelligence
A5010313058,artificial intelligence
A5056478052,library science
A5036789938,library science
A5060621628,world wide web
A5042529608,knowledge management
A5088261260,artificial intelligence
A5018375599,artificial intelligence
A5063227743,artificial intelligence
A5069148706,artificial intelligence
A5035908722,operating system
A5062171574,artificial intelligence
A5004191688,computer security
A5008287533,data mining
A5045879142,computer network
A5030114446,artificial intelligence
A5039202154,operating system
A5009662232,operating system
A5059572265,computer security
A5006151150,computer vision
A5021089781,artificial intelligence
A5041588523,machine learning
A5057215675,artificial intelligence
A5013047474,operating system
A5084401124,programming language
A5047004719,artificial intelligence
A5025766461,artificial intelligence
A5001378235,computer security
A5086513946,artificial intelligence
A5034437304,artificial intelligence
A5011361507,artificial intelligence
A5005072283,artificial intelligence
A5066499473,artificial intelligence
A5006849736,artificial intelligence
A5086166406,artificial intelligence
A5069313811,operating system
A5019453069,operating system
A5030477716,information retrieval
A5035663513,artificial intelligence
A5002427757,computer vision
A5084146015,artificial intelligence
A5065820146,operating system
A5030702179,natural language processing
A5060342235,multimedia
A5004740671,operating system
A5029538388,machine learning
A5044725661,computer security
A5053259338,computer vision
A5054811733,computer vision
A5066036328,operating system
A5036722831,data science
A5025322443,data science
A5017754561,artificial intelligence
A5049417438,artificial intelligence
A5012667644,artificial intelligence
A5063613109,multimedia
A5001592685,multimedia
A5083203245,multimedia
A5059869608,artificial intelligence
A5042006835,operating system
A5074732015,operating system
A5061078240,artificial intelligence
A5080740138,database
A5035902839,artificial intelligence
A5012259705,multimedia
A5016549645,operating system
A5084071142,operating system
A5030239102,artificial intelligence
A5036248045,machine learning
A5037880759,database
A5036128581,world wide web
A5086041678,artificial intelligence
A5028974192,artificial intelligence
A5054862685,artificial intelligence
A5048602133,artificial intelligence
A5084880581,artificial intelligence
A5067727119,artificial intelligence
A5075365208,artificial intelligence
A5000982829,world wide web
A5049352418,database
A5051993117,operating system
A5000751233,artificial intelligence
A5016222661,artificial intelligence
A5054766285,machine learning
A5005350139,knowledge management
A5023600903,artificial intelligence
A5051234257,machine learning
A5056137946,artificial intelligence
A5007429654,artificial intelligence
A5070788015,library science
A5047766247,library science
A5090204404,artificial intelligence
A5014100758,programming language
A5053395388,artificial intelligence
A5088308988,world wide web
A5076674918,computer vision
A5002305347,computer vision
A5065980941,artificial intelligence
A5004993070,artificial intelligence
A5068726680,artificial intelligence
A5007349672,artificial intelligence
A5052362645,knowledge management
A5076774589,artificial intelligence
A5036313535,artificial intelligence
A5037633168,computer security
A5012451008,world wide web
A5011293986,computer security
A5023287214,operating system
A5036079811,artificial intelligence
A5005482363,multimedia
A5072539388,computer vision
A5040437375,artificial intelligence
A5073824764,artificial intelligence
A5091165056,artificial intelligence
A5004916797,artificial intelligence
A5076786517,artificial intelligence
A5064924149,artificial intelligence
A5038048546,operating system
A5048583478,operating system
A5079997651,artificial intelligence
A5027706529,operating system
A5002501413,distributed computing
A5051114509,data science
A5087621364,world wide web
A5053300261,world wide web
A5046030036,world wide web
A5047237052,artificial intelligence
A5068616270,machine learning
A5079745190,artificial intelligence
A5083365460,natural language processing
A5061222346,artificial intelligence
A5046826650,artificial intelligence
A5044077211,artificial intelligence
A5072333684,artificial intelligence
A5041281094,artificial intelligence
A5007462386,natural language processing
A5042766889,natural language processing
A5088289092,natural language processing
A5062767287,natural language processing
A5068274020,natural language processing
A5035566210,natural language processing
A5048325805,natural language processing
A5025375129,programming language
A5068397109,natural language processing
A5003722908,natural language processing
A5039782094,natural language processing
A5022384773,natural language processing
A5075340592,natural language processing
A5020418265,natural language processing
A5048821886,natural language processing
A5021523372,world wide web
A5058074271,operating system
A5065396938,operating system
A5065353209,operating system
A5021541754,operating system
A5061419471,operating system
A5035800510,operating system
A5071953423,world wide web
A5049662768,programming language
A5042700944,operating system
A5082437449,operating system
A5027190519,machine learning
A5012700237,artificial intelligence
A5049089277,artificial intelligence
A5088201292,artificial intelligence
A5024654679,artificial intelligence
A5059001924,artificial intelligence
A5073090115,multimedia
A5054204683,artificial intelligence
A5046910432,machine learning
A5082830586,artificial intelligence
A5013691247,operating system
A5052703085,artificial intelligence
A5069115650,multimedia
A5084293899,artificial intelligence
A5049491141,artificial intelligence
A5025408765,world wide web
A5086948169,computer vision
A5016347476,artificial intelligence
A5083521045,computer vision
A5081817597,artificial intelligence
A5080419271,world wide web
A5034995797,machine learning
A5031215253,world wide web
A5075750933,world wide web
A5053305036,computer vision
A5011409545,computer network
A5044789227,artificial intelligence
A5086555187,artificial intelligence
A5046732485,artificial intelligence
A5023770552,operating system
A5054687784,artificial intelligence
A5027265271,artificial intelligence
A5025369451,artificial intelligence
A5055651722,artificial intelligence
A5017251198,artificial intelligence
A5027428789,artificial intelligence
A5087659689,artificial intelligence
A5062053942,speech recognition
A5039753473,artificial intelligence
A5030955986,artificial intelligence
A5076205810,world wide web
A5031760676,world wide web
A5026443758,world wide web
A5068327848,computer vision
A5069845822,artificial intelligence
A5090738326,machine learning
A5085272326,computer vision
A5001903780,operating system
A5059490857,operating system
A5028143781,artificial intelligence
A5088217927,artificial intelligence
A5002452272,artificial intelligence
A5062659356,artificial intelligence
A5013468757,natural language processing
A5000118141,natural language processing
A5060077168,multimedia
A5078594026,machine learning
A5038563745,operating system
A5031271088,artificial intelligence
A5082679007,artificial intelligence
A5009046975,artificial intelligence
A5014790021,machine learning
A5089365591,machine learning
A5045479633,machine learning
A5046698524,speech recognition
A5000320822,artificial intelligence
A5065901303,computer network
A5014987798,knowledge management
A5000143938,artificial intelligence
A5050253226,knowledge management
A5033281717,machine learning
A5025604189,artificial intelligence
A5049516208,artificial intelligence
A5029450263,artificial intelligence
A5060242586,artificial intelligence
A5019513884,natural language processing
A5044586993,artificial intelligence
A5084753587,artificial intelligence
A5028987575,artificial intelligence
A5034693908,artificial intelligence
A5090158426,operating system
A5029428134,multimedia
A5010320111,artificial intelligence
A5007832979,natural language processing
A5058686408,natural language processing
A5087980205,artificial intelligence
A5016314879,artificial intelligence
A5060568399,artificial intelligence
A5048302225,multimedia
A5084851156,operating system
A5060301930,multimedia
A5019196462,multimedia
A5037275153,artificial intelligence
A5057980684,artificial intelligence
A5052797961,multimedia
A5028653647,operating system
A5084204089,world wide web
A5077292533,artificial intelligence
A5066691587,artificial intelligence
A5090534902,operating system
A5023625780,artificial intelligence
A5066800919,knowledge management
A5063119906,knowledge management
A5069041011,artificial intelligence
A5089199027,computer vision
A5088658259,artificial intelligence
A5027652330,natural language processing
A5005953524,artificial intelligence
A5047340145,artificial intelligence
A5050946774,artificial intelligence
A5079434890,artificial intelligence
A5078292413,artificial intelligence
A5052933367,operating system
A5071610141,artificial intelligence
A5036205709,computer vision
A5090805320,operating system
A5078676366,operating system
A5081314604,machine learning
A5072639010,artificial intelligence
A5049366007,artificial intelligence
A5007792638,computer vision
A5084310114,artificial intelligence
A5024239321,artificial intelligence
A5056955579,operating system
A5061770338,operating system
A5066700066,operating system
A5036483564,world wide web
A5019236770,natural language processing
A5047555947,natural language processing
A5046435231,database
A5021312670,artificial intelligence
A5010548129,artificial intelligence
A5009164938,artificial intelligence
A5059176055,world wide web
A5022787031,multimedia
A5091723253,machine learning
A5014789284,natural language processing
A5060204100,information retrieval
A5077848839,machine learning
A5076557159,machine learning
A5028723705,machine learning
A5002970133,programming language
A5064389860,operating system
A5047499530,operating system
A5073201403,operating system
A5037121744,artificial intelligence
A5048175000,artificial intelligence
A5089148668,artificial intelligence
A5083821830,artificial intelligence
A5035904230,computer vision
A5073368209,computer vision
A5004208288,computer vision
A5070503010,computer vision
A5034917021,operating system
A5020358865,machine learning
A5061496724,machine learning
A5032132997,artificial intelligence
A5053081905,artificial intelligence
A5080397541,artificial intelligence
A5029384171,computer network
A5001714538,computer network
A5081782440,computer network
A5040401781,computer network
A5060998135,artificial intelligence
A5083420537,artificial intelligence
A5047553523,machine learning
A5049881815,machine learning
A5006494576,multimedia
A5073027507,artificial intelligence
A5052347812,artificial intelligence
A5003645987,artificial intelligence
A5055769728,artificial intelligence
A5055852370,artificial intelligence
A5036948425,world wide web
A5007513751,programming language
A5024097140,operating system
A5005803234,artificial intelligence
A5018911577,multimedia
A5053313174,artificial intelligence
A5019751498,artificial intelligence
A5058927105,artificial intelligence
A5042805604,machine learning
A5042778267,machine learning
A5031476598,artificial intelligence
A5039659020,artificial intelligence
A5003067491,knowledge management
A5029188594,knowledge management
A5054952975,artificial intelligence
A5057454661,speech recognition
A5040233627,operating system
A5026912732,multimedia
A5076955221,theoretical computer science
A5038265911,artificial intelligence
A5072662963,information retrieval
A5082190371,artificial intelligence
A5043728503,artificial intelligence
A5082610868,operating system
A5014638847,artificial intelligence
A5064592375,computer network
A5080640458,natural language processing
A5000875826,artificial intelligence
A5022153143,artificial intelligence
A5033051443,artificial intelligence
A5008074400,artificial intelligence
A5014812510,artificial intelligence
A5024856343,artificial intelligence
A5082277105,operating system
A5032571830,artificial intelligence
A5064025183,machine learning
A5035502074,machine learning
A5019152600,machine learning
A5074147556,operating system
A5008006977,artificial intelligence
A5065721750,artificial intelligence
A5006016609,artificial intelligence
A5018207100,artificial intelligence
A5016075426,operating system
A5076524025,artificial intelligence
A5015463109,operating system
A5047877922,artificial intelligence
A5001630834,knowledge management
A5041866872,knowledge management
A5026430952,artificial intelligence
A5031703652,artificial intelligence
A5065607470,machine learning
A5047824037,computer network
A5003560222,artificial intelligence
A5029655819,database
A5061009833,artificial intelligence
A5069704629,artificial intelligence
A5068346716,machine learning
A5034323397,machine learning
A5084230337,multimedia
A5085031981,operating system
A5076868461,operating system
A5054487356,artificial intelligence
A5039531890,artificial intelligence
A5056622770,artificial intelligence
A5076363759,machine learning
A5014118555,artificial intelligence
A5011709144,artificial intelligence
A5057345471,artificial intelligence
A5039253696,artificial intelligence
A5046020736,artificial intelligence
A5001996050,artificial intelligence
A5047525543,artificial intelligence
A5020344574,data science
A5002855497,artificial intelligence
A5041231488,machine learning
A5067323690,artificial intelligence
A5072352760,artificial intelligence
A5066077296,artificial intelligence
A5066187890,artificial intelligence
A5044488112,artificial intelligence
A5019567980,information retrieval
A5026602064,artificial intelligence
A5043535021,operating system
A5000000930,operating system
A5037130457,artificial intelligence
A5024556694,operating system
A5071164290,artificial intelligence
A5015555181,artificial intelligence
A5041065120,data mining
A5023807359,artificial intelligence
A5060033388,operating system
A5029466513,artificial intelligence
A5065922323,speech recognition
A5006608970,speech recognition
A5082392125,speech recognition
A5022957551,computer security
A5010641948,artificial intelligence
A5035240470,multimedia
A5040499839,computer vision
A5082881413,machine learning
A5047962926,artificial intelligence
A5089939075,artificial intelligence
A5021169417,artificial intelligence
A5090118894,artificial intelligence
A5048701946,artificial intelligence
A5087667273,artificial intelligence
A5062041438,artificial intelligence
A5090287644,artificial intelligence
A5017870557,programming language
A5058838804,programming language
A5040001719,programming language
A5058668148,world wide web
A5049897140,artificial intelligence
A5040389724,machine learning
A5057308995,speech recognition
A5090516089,artificial intelligence
A5009511898,artificial intelligence
A5070451506,operating system
A5069269172,artificial intelligence
A5069512650,artificial intelligence
A5053103453,machine learning
A5042371113,speech recognition
A5037094318,artificial intelligence
A5035355993,natural language processing
A5064366529,computer vision
A5029413634,artificial intelligence
A5007356161,artificial intelligence
A5089270767,machine learning
A5058546401,computer vision
A5002905948,artificial intelligence
A5010906829,artificial intelligence
A5069179055,artificial intelligence
A5073507574,artificial intelligence
A5061241647,artificial intelligence
A5084778782,artificial intelligence
A5032968409,artificial intelligence
A5082882667,computer vision
A5089575197,artificial intelligence
A5019387398,artificial intelligence
A5049525856,world wide web
A5007660738,natural language processing
A5090579531,natural language processing
A5031809108,natural language processing
A5038023618,artificial intelligence
A5017523300,machine learning
A5013849208,machine learning
A5089179753,multimedia
A5026901317,programming language
A5086713264,computer security
A5083369863,computer vision
A5089764170,operating system
A5029533833,artificial intelligence
A5003906710,machine learning
A5027708560,machine learning
A5015604654,machine learning
A5012017851,programming language
A5019720452,operating system
A5015734871,artificial intelligence
A5012948510,artificial intelligence
A5000638135,operating system
A5089205317,artificial intelligence
A5053214329,artificial intelligence
A5061568872,machine learning
A5050849027,machine learning
A5016651335,machine learning
A5054729540,artificial intelligence
A5057814451,artificial intelligence
A5019309075,artificial intelligence
A5032111132,artificial intelligence
A5047216109,artificial intelligence
A5090728423,artificial intelligence
A5041550474,artificial intelligence
A5076224482,artificial intelligence
A5056488578,artificial intelligence
A5038219293,artificial intelligence
A5012389938,machine learning
A5081938937,artificial intelligence
A5081229928,artificial intelligence
A5065969325,artificial intelligence
A5038712987,theoretical computer science
A5004222927,artificial intelligence
A5036746954,artificial intelligence
A5033851703,artificial intelligence
A5088088698,artificial intelligence
A5043448211,artificial intelligence
A5091904987,artificial intelligence
A5026808011,artificial intelligence
A5065692839,multimedia
A5052146430,operating system
A5038566015,artificial intelligence
A5003495763,multimedia
A5020415668,artificial intelligence
A5072958491,artificial intelligence
A5040168235,machine learning
A5055450995,machine learning
A5006980824,artificial intelligence
A5083445640,artificial intelligence
A5065402185,artificial intelligence
A5046955009,artificial intelligence
A5085228308,artificial intelligence
A5031371103,artificial intelligence
A5006937759,artificial intelligence
A5006576758,natural language processing
A5043739234,artificial intelligence
A5085060299,artificial intelligence
A5058054791,artificial intelligence
A5033580974,operating system
A5035876418,knowledge management
A5006632660,programming language
A5072503957,knowledge management
A5059283207,artificial intelligence
A5068230098,artificial intelligence
A5025588068,programming language
A5065603792,artificial intelligence
A5029029594,artificial intelligence
A5035274820,information retrieval
A5029323227,artificial intelligence
A5027277210,artificial intelligence
A5039202649,artificial intelligence
A5007760832,artificial intelligence
A5047817959,artificial intelligence
A5048876887,machine learning
A5036239818,machine learning
A5014715208,machine learning
A5032716678,artificial intelligence
A5038509770,artificial intelligence
A5051246328,artificial intelligence
A5032306956,artificial intelligence
A5070045969,machine learning
A5027210829,artificial intelligence
A5069609720,artificial intelligence
A5077638675,operating system
A5079769433,artificial intelligence
A5079030209,operating system
A5089510150,natural language processing
A5067193631,world wide web
A5076759099,artificial intelligence
A5026459289,artificial intelligence
A5074221470,artificial intelligence
A5000209112,computer vision
A5058101296,natural language processing
A5054045967,artificial intelligence
A5081678170,artificial intelligence
A5049081595,artificial intelligence
A5000956371,machine learning
A5085765854,machine learning
A5012242083,artificial intelligence
A5026277978,computer vision
A5062292584,computer vision
A5022671404,operating system
A5020116998,artificial intelligence
A5061766614,computer vision
A5007081337,artificial intelligence
A5019044789,artificial intelligence
A5082763737,artificial intelligence
A5012064717,artificial intelligence
A5084665500,artificial intelligence
A5024045124,computer vision
A5057484918,computer vision
A5059137500,operating system
A5009687652,knowledge management
A5049533407,operating system
A5032234075,artificial intelligence
A5052239762,operating system
A5083947113,artificial intelligence
A5088696583,computer network
A5040450505,machine learning
A5075942748,artificial intelligence
A5080988465,artificial intelligence
A5089351189,artificial intelligence
A5000325979,machine learning
A5030657462,natural language processing
A5058023476,data mining
A5039765065,machine learning
A5081008721,operating system
A5072959518,natural language processing
A5021811279,natural language processing
A5050729175,natural language processing
A5084131011,artificial intelligence
A5000874394,natural language processing
A5046746726,data mining
A5026341306,artificial intelligence
A5030646218,operating system
A5061589828,operating system
A5000512876,artificial intelligence
A5061285898,artificial intelligence
A5091136016,artificial intelligence
A5009034971,artificial intelligence
A5056275572,artificial intelligence
A5012730104,artificial intelligence
A5045452648,artificial intelligence
A5022292069,world wide web
A5053819321,operating system
A5001462349,artificial intelligence
A5018713641,artificial intelligence
A5012758634,programming language
A5060892722,artificial intelligence
A5030576167,artificial intelligence
A5045815409,artificial intelligence
A5079646040,artificial intelligence
A5033169668,artificial intelligence
A5002520399,artificial intelligence
A5070667566,artificial intelligence
A5048340039,artificial intelligence
A5086266449,operating system
A5060006507,programming language
A5031987743,computer vision
A5002141743,artificial intelligence
A5015684803,artificial intelligence
A5035968362,artificial intelligence
A5083525475,world wide web
A5020802157,data science
A5048058793,artificial intelligence
A5062283593,artificial intelligence
A5028815058,artificial intelligence
A5032729775,artificial intelligence
A5072207649,computer network
A5077871846,artificial intelligence
A5020680402,artificial intelligence
A5079728203,operating system
A5055435555,artificial intelligence
A5011949661,multimedia
A5000055372,multimedia
A5024166388,multimedia
A5053178984,artificial intelligence
A5089675121,machine learning
A5080028071,machine learning
A5057921104,computer vision
A5074714690,operating system
A5034931207,artificial intelligence
A5067701783,operating system
A5016819758,artificial intelligence
A5061046549,artificial intelligence
A5022911583,operating system
A5001086146,artificial intelligence
A5039613107,artificial intelligence
A5053078684,artificial intelligence
A5064399866,artificial intelligence
A5046167827,artificial intelligence
A5082760460,machine learning
A5027889696,operating system
A5020306808,artificial intelligence
A5022644023,programming language
A5042683841,world wide web
A5031290426,programming language
A5022457625,computer vision
A5018167947,artificial intelligence
A5086810812,programming language
A5003416111,artificial intelligence
A5044544868,artificial intelligence
A5054385012,machine learning
A5048453541,machine learning
A5000037532,artificial intelligence
A5059819810,artificial intelligence
A5061151861,operating system
A5007074763,artificial intelligence
A5034061494,knowledge management
A5015086558,computer security
A5006082418,computer security
A5012919085,artificial intelligence
A5031424456,operating system
A5088410108,speech recognition
A5053116848,machine learning
A5016416125,artificial intelligence
A5044528555,artificial intelligence
A5056482307,artificial intelligence
A5048669520,artificial intelligence
A5069820567,artificial intelligence
A5087007601,artificial intelligence
A5016067477,artificial intelligence
A5054388070,computer vision
A5065576608,artificial intelligence
A5062786685,computer security
A5054252986,artificial intelligence
A5072110183,operating system
A5085259867,programming language
A5016218862,operating system
A5051561723,computer security
A5038324680,artificial intelligence
A5040032556,world wide web
A5018931412,artificial intelligence
A5026607137,multimedia
A5000577025,multimedia
A5091189502,machine learning
A5069702452,machine learning
A5004388759,multimedia
A5028073912,knowledge management
A5008278786,knowledge management
A5072222653,operating system
A5050852920,artificial intelligence
A5059757804,operating system
A5037823914,artificial intelligence
A5061723535,artificial intelligence
A5010296051,artificial intelligence
A5075983291,artificial intelligence
A5078345211,artificial intelligence
A5030456223,artificial intelligence
A5038476051,artificial intelligence
A5024091899,artificial intelligence
A5061782786,artificial intelligence
A5038380720,artificial intelligence
A5052225367,artificial intelligence
A5055111984,artificial intelligence
A5001693960,artificial intelligence
A5053261136,artificial intelligence
A5077837597,artificial intelligence
A5000965220,operating system
A5056880615,knowledge management
A5056078130,world wide web
A5050377449,artificial intelligence
A5054797050,knowledge management
A5065837677,knowledge management
A5069920834,computer security
A5017781286,operating system
A5002858527,computer vision
A5050909872,artificial intelligence
A5076214858,artificial intelligence
A5000288793,artificial intelligence
A5077182035,artificial intelligence
A5051884721,artificial intelligence
A5018338763,artificial intelligence
A5024494276,natural language processing
A5040863296,artificial intelligence
A5011521692,artificial intelligence
A5032407315,artificial intelligence
A5006030692,programming language
A5028762537,machine learning
A5060592685,artificial intelligence
A5004955754,artificial intelligence
A5035816930,database
A5035466033,operating system
A5047592841,programming language
A5054740621,artificial intelligence
A5078058679,artificial intelligence
A5014500880,computer security
A5010400463,artificial intelligence
A5074081869,artificial intelligence
A5086108041,artificial intelligence
A5012775344,artificial intelligence
A5074534441,artificial intelligence
A5032023065,artificial intelligence
A5054808675,artificial intelligence
A5067284113,artificial intelligence
A5043595448,artificial intelligence
A5057658631,artificial intelligence
A5055500666,artificial intelligence
A5017269699,knowledge management
A5034968076,artificial intelligence
A5010067832,artificial intelligence
A5075640071,machine learning
A5040265291,operating system
A5076829791,operating system
A5071903732,artificial intelligence
A5005971159,natural language processing
A5058323326,artificial intelligence
A5010708009,programming language
A5002039998,machine learning
A5044469248,artificial intelligence
A5048855960,artificial intelligence
A5012772285,artificial intelligence
A5042452579,artificial intelligence
A5003084232,operating system
A5075014721,artificial intelligence
A5000566033,artificial intelligence
A5091340136,programming language
A5025250674,machine learning
A5032056508,artificial intelligence
A5023149101,artificial intelligence
A5027366670,artificial intelligence
A5043831565,multimedia
A5077357100,machine learning
A5008959531,computer security
A5052801389,knowledge management
A5007210755,artificial intelligence
A5013304554,machine learning
A5002171227,artificial intelligence
A5058768233,artificial intelligence
A5032928854,programming language
A5027581501,artificial intelligence
A5039909995,artificial intelligence
A5025000908,artificial intelligence
A5057927701,artificial intelligence
A5024590179,artificial intelligence
A5036798684,artificial intelligence
A5011185444,artificial intelligence
A5028631384,world wide web
A5053443627,artificial intelligence
A5056859585,artificial intelligence
A5072883087,artificial intelligence
A5023574545,artificial intelligence
A5039463595,artificial intelligence
A5012404045,artificial intelligence
A5086976067,artificial intelligence
A5084313902,computer security
A5028526661,database
A5077116089,computer vision
A5045565551,artificial intelligence
A5065931982,machine learning
A5037558831,artificial intelligence
A5079588463,world wide web
A5079342653,artificial intelligence
A5002695483,artificial intelligence
A5014886788,artificial intelligence
A5077026648,knowledge management
A5004198858,machine learning
A5089801184,artificial intelligence
A5063547323,operating system
A5085284222,machine learning
A5035962270,artificial intelligence
A5028145050,artificial intelligence
A5091387682,artificial intelligence
A5014909036,natural language processing
A5026351162,library science
A5033350754,machine learning
A5027653263,machine learning
A5070044992,machine learning
A5080187138,multimedia
A5074513022,artificial intelligence
A5000239534,knowledge management
A5043716892,artificial intelligence
A5026988679,artificial intelligence
A5043989022,information retrieval
A5068065546,artificial intelligence
A5047963487,multimedia
A5024005264,artificial intelligence
A5054605178,artificial intelligence
A5036793243,artificial intelligence
A5067180534,artificial intelligence
A5045260328,operating system
A5050101853,data science
A5073261976,data science
A5079589122,data science
A5044141437,operating system
A5054656590,computer security
A5047396175,world wide web
A5012189192,data science
A5018935948,information retrieval
A5044686680,artificial intelligence
A5083546474,artificial intelligence
A5057560797,world wide web
A5064720940,artificial intelligence
A5030965539,artificial intelligence
A5042626028,natural language processing
A5045223251,programming language
A5044232910,artificial intelligence
A5081231803,database
A5075318719,artificial intelligence
A5009022005,world wide web
A5075781933,artificial intelligence
A5044453604,artificial intelligence
A5088884307,artificial intelligence
A5055489124,artificial intelligence
A5091474891,natural language processing
A5037166380,artificial intelligence
A5028407427,artificial intelligence
A5085235281,data science
A5068643465,artificial intelligence
A5063196700,artificial intelligence
A5008718829,artificial intelligence
A5076493100,machine learning
A5053238873,machine learning
A5004221491,machine learning
A5053823442,natural language processing
A5060722636,artificial intelligence
A5090036050,machine learning
A5059479147,machine learning
A5069276731,computer vision
A5076380470,computer vision
A5066022755,machine learning
A5085902706,machine learning
A5001679987,machine learning
