id,label
A5077097325,artificial intelligence
A5091435927,machine learning
A5062823200,natural language processing
A5072262441,machine learning
A5071941451,machine learning
A5053183805,artificial intelligence
A5058651667,artificial intelligence
A5017263427,artificial intelligence
A5083450863,artificial intelligence
A5062653961,artificial intelligence
A5041191852,artificial intelligence
A5026451495,artificial intelligence
A5026240645,artificial intelligence
A5060511349,artificial intelligence
A5018292103,artificial intelligence
A5082698816,artificial intelligence
A5023403556,artificial intelligence
A5029257585,machine learning
A5082812716,machine learning
A5038379562,artificial intelligence
A5051900532,computer network
A5002904166,computer network
A5042307561,computer network
A5058456417,machine learning
A5087825639,artificial intelligence
A5078861665,artificial intelligence
A5077267552,artificial intelligence
A5024065815,artificial intelligence
A5087368991,artificial intelligence
A5027830035,artificial intelligence
A5031048414,artificial intelligence
A5068286603,machine learning
A5027881244,machine learning
A5002739745,artificial intelligence
A5049327324,artificial intelligence
A5085709919,artificial intelligence
A5088644964,artificial intelligence
A5042777271,artificial intelligence
A5037419936,artificial intelligence
A5084654812,artificial intelligence
A5007626898,machine learning
A5058550942,machine learning
A5047565935,artificial intelligence
A5056339289,knowledge management
A5055416007,artificial intelligence
A5067434821,artificial intelligence
A5080963527,artificial intelligence
A5032534088,artificial intelligence
A5052561466,artificial intelligence
A5049312755,artificial intelligence
A5050967195,artificial intelligence
A5003146039,artificial intelligence
A5007049648,data science
A5091500375,artificial intelligence
A5089075325,knowledge management
A5010751143,artificial intelligence
A5012703845,artificial intelligence
A5085640653,artificial intelligence
A5020151207,machine learning
A5024265041,machine learning
A5069685646,artificial intelligence
A5024626195,operating system
A5029344996,artificial intelligence
A5082538217,artificial intelligence
A5083090794,artificial intelligence
A5048978027,artificial intelligence
A5071056908,artificial intelligence
A5091831227,artificial intelligence
A5047228466,programming language
A5066939801,artificial intelligence
A5063989536,machine learning
A5054275598,artificial intelligence
A5069386158,artificial intelligence
A5086178969,artificial intelligence
A5020579305,artificial intelligence
A5012657462,artificial intelligence
A5051332724,artificial intelligence
A5004263867,artificial intelligence
A5075932839,programming language
A5064414755,artificial intelligence
A5058905092,machine learning
A5004469718,artificial intelligence
A5009750573,artificial intelligence
A5030688697,artificial intelligence
A5076724368,artificial intelligence
A5000975435,artificial intelligence
A5000893315,artificial intelligence
A5033473979,natural language processing
A5027171279,artificial intelligence
A5021163244,artificial intelligence
A5072980637,artificial intelligence
A5088719128,artificial intelligence
A5088788929,artificial intelligence
A5047493969,artificial intelligence
A5045071983,artificial intelligence
A5021934149,artificial intelligence
A5018293076,artificial intelligence
A5040733135,machine learning
A5009209435,artificial intelligence
A5048533217,artificial intelligence
A5055132321,information retrieval
A5047233371,artificial intelligence
A5037066465,artificial intelligence
A5054850777,artificial intelligence
A5048424631,artificial intelligence
A5080538733,artificial intelligence
A5074816094,artificial intelligence
A5081626471,artificial intelligence
A5053890837,artificial intelligence
A5051522702,artificial intelligence
A5032674163,machine learning
A5024893012,artificial intelligence
A5011390491,artificial intelligence
A5007832994,artificial intelligence
A5018886883,artificial intelligence
A5036466435,artificial intelligence
A5009538627,artificial intelligence
A5047871627,artificial intelligence
A5012084692,machine learning
A5015942198,artificial intelligence
A5005098788,artificial intelligence
A5080490085,artificial intelligence
A5046360095,artificial intelligence
A5048544465,programming language
A5000141065,data mining
A5068741709,artificial intelligence
A5038291268,programming language
A5024300982,artificial intelligence
A5091321590,artificial intelligence
A5053927453,artificial intelligence
A5091880648,operating system
A5021110395,programming language
A5058220187,artificial intelligence
A5046337437,artificial intelligence
A5039599845,artificial intelligence
A5048095564,artificial intelligence
A5004084740,artificial intelligence
A5044050863,artificial intelligence
A5082812201,artificial intelligence
A5024633466,artificial intelligence
A5008220508,artificial intelligence
A5085166773,computer vision
A5081784013,artificial intelligence
A5076518905,artificial intelligence
A5029473053,artificial intelligence
A5067323219,artificial intelligence
A5043967016,artificial intelligence
A5034332525,artificial intelligence
A5066335045,computer vision
A5017764759,artificial intelligence
A5071530636,artificial intelligence
A5024765386,artificial intelligence
A5046586405,artificial intelligence
A5022816432,machine learning
A5010813937,multimedia
A5075085472,artificial intelligence
A5032531969,computer network
A5078078596,computer network
A5089396624,artificial intelligence
A5089027398,artificial intelligence
A5005425134,database
A5020819420,artificial intelligence
A5044843115,artificial intelligence
A5034078369,artificial intelligence
A5078146900,artificial intelligence
A5007305440,artificial intelligence
A5086254011,natural language processing
A5030370339,artificial intelligence
A5030551743,artificial intelligence
A5046734130,natural language processing
A5062375227,artificial intelligence
A5033052722,computer vision
A5089624310,operating system
A5002759219,artificial intelligence
A5040156274,artificial intelligence
A5007165462,artificial intelligence
A5059813447,artificial intelligence
A5020043743,artificial intelligence
A5022269139,artificial intelligence
A5015330581,natural language processing
A5018086501,artificial intelligence
A5065036373,artificial intelligence
A5078091066,artificial intelligence
A5033589597,machine learning
A5064180238,artificial intelligence
A5077080413,artificial intelligence
A5081527786,artificial intelligence
A5057046897,artificial intelligence
A5020801113,artificial intelligence
A5038861821,artificial intelligence
A5049314231,operating system
A5075172069,programming language
A5086117892,programming language
A5041231081,artificial intelligence
A5084640876,artificial intelligence
A5001310787,world wide web
A5078348621,artificial intelligence
A5052216639,artificial intelligence
A5035336277,artificial intelligence
A5073145218,artificial intelligence
A5029845097,artificial intelligence
A5053775104,artificial intelligence
A5002679142,artificial intelligence
A5017658938,programming language
A5027629530,artificial intelligence
A5007287967,artificial intelligence
A5017097014,artificial intelligence
A5088235131,artificial intelligence
A5018468601,machine learning
A5078265147,artificial intelligence
A5017245116,artificial intelligence
A5004050135,natural language processing
A5017042977,artificial intelligence
A5009000710,artificial intelligence
A5030936455,artificial intelligence
A5051815961,artificial intelligence
A5064158426,artificial intelligence
A5078490047,artificial intelligence
A5015294604,artificial intelligence
A5088868657,programming language
A5084187981,artificial intelligence
A5020620391,artificial intelligence
A5068171379,machine learning
A5039630291,natural language processing
A5082476482,artificial intelligence
A5021662267,artificial intelligence
A5069476728,operating system
A5045603108,artificial intelligence
A5001344682,artificial intelligence
A5010519712,artificial intelligence
A5061775910,artificial intelligence
A5012141433,artificial intelligence
A5039480864,artificial intelligence
A5011872726,artificial intelligence
A5064911702,artificial intelligence
A5044692320,artificial intelligence
A5007852895,world wide web
A5034486931,artificial intelligence
A5053906377,operating system
A5049270107,artificial intelligence
A5076464455,artificial intelligence
A5038228433,artificial intelligence
A5006360335,artificial intelligence
A5038235574,artificial intelligence
A5009033408,artificial intelligence
A5004052154,artificial intelligence
A5085887146,artificial intelligence
A5008824437,artificial intelligence
A5000445240,computer security
A5074197492,artificial intelligence
A5007715931,machine learning
A5027131724,artificial intelligence
A5069740130,artificial intelligence
A5044836472,world wide web
A5013513157,artificial intelligence
A5089324504,operating system
A5009407454,artificial intelligence
A5043919626,machine learning
A5065234561,artificial intelligence
A5017344436,artificial intelligence
A5010248533,artificial intelligence
A5088552753,artificial intelligence
A5044388139,artificial intelligence
A5069094205,artificial intelligence
A5005255629,artificial intelligence
A5037850380,machine learning
A5028299322,machine learning
A5052117463,artificial intelligence
A5080014791,artificial intelligence
A5048239546,artificial intelligence
A5001582187,artificial intelligence
A5065659844,machine learning
A5013198945,artificial intelligence
A5017674487,artificial intelligence
A5063872362,artificial intelligence
A5078043213,artificial intelligence
A5076670615,artificial intelligence
A5049617212,artificial intelligence
A5001356995,programming language
A5081322718,artificial intelligence
A5087542455,artificial intelligence
A5005537180,artificial intelligence
A5067468354,world wide web
A5009854878,artificial intelligence
A5059080134,artificial intelligence
A5049705364,artificial intelligence
A5024559252,artificial intelligence
A5009125447,artificial intelligence
A5074351354,artificial intelligence
A5024959395,artificial intelligence
A5028224738,artificial intelligence
A5018863343,operating system
A5026958336,artificial intelligence
A5068364542,artificial intelligence
A5062077023,natural language processing
A5034000581,artificial intelligence
A5015708841,artificial intelligence
A5051700680,artificial intelligence
A5010278056,artificial intelligence
A5013663929,artificial intelligence
A5026168075,operating system
A5012391118,natural language processing
A5060011918,artificial intelligence
A5045536133,operating system
A5015220542,machine learning
A5091711243,artificial intelligence
A5000937401,artificial intelligence
A5066287429,artificial intelligence
A5039988381,artificial intelligence
A5076642158,computer vision
A5054524069,artificial intelligence
A5052441983,data science
A5053364898,artificial intelligence
A5004048723,artificial intelligence
A5089934056,artificial intelligence
A5084826813,artificial intelligence
A5070903558,artificial intelligence
A5083330935,operating system
A5066265052,artificial intelligence
A5041363986,artificial intelligence
A5036328726,programming language
A5090666420,artificial intelligence
A5022269446,artificial intelligence
A5021253350,artificial intelligence
A5067177193,artificial intelligence
A5001111807,data mining
A5088935199,artificial intelligence
A5003450294,artificial intelligence
A5089135298,artificial intelligence
A5064132416,artificial intelligence
A5067876142,artificial intelligence
A5010452641,artificial intelligence
A5011508990,artificial intelligence
A5033076583,artificial intelligence
A5067230761,artificial intelligence
A5029634933,artificial intelligence
A5075524542,operating system
A5088559180,artificial intelligence
A5055727966,machine learning
A5025626208,artificial intelligence
A5077054199,artificial intelligence
A5067125253,artificial intelligence
A5002914704,artificial intelligence
A5044073163,artificial intelligence
A5029882375,artificial intelligence
A5015931553,artificial intelligence
A5007171832,artificial intelligence
A5010560354,artificial intelligence
A5008289482,operating system
A5047846625,artificial intelligence
A5071999427,artificial intelligence
A5080497628,artificial intelligence
A5015090325,artificial intelligence
A5081352367,machine learning
A5008287867,artificial intelligence
A5005809203,artificial intelligence
A5045156338,artificial intelligence
A5078533571,artificial intelligence
A5048947828,artificial intelligence
A5079988916,artificial intelligence
A5022595755,machine learning
A5076256836,artificial intelligence
A5020756135,computer vision
A5035194938,computer vision
A5080202311,artificial intelligence
A5069338587,artificial intelligence
A5028996052,artificial intelligence
A5072056394,artificial intelligence
A5083263818,artificial intelligence
A5076190433,artificial intelligence
A5034369995,artificial intelligence
A5078138776,artificial intelligence
A5063496519,operating system
A5082942970,operating system
A5050552881,operating system
A5004741465,artificial intelligence
A5025173961,artificial intelligence
A5085477174,artificial intelligence
A5034770996,artificial intelligence
A5034657358,artificial intelligence
A5069573186,artificial intelligence
A5021609168,artificial intelligence
A5049903935,artificial intelligence
A5007507262,artificial intelligence
A5075778250,artificial intelligence
A5082329552,programming language
A5014088772,programming language
A5021555712,artificial intelligence
A5031085660,artificial intelligence
A5003253553,artificial intelligence
A5032886673,artificial intelligence
A5041100819,operating system
A5081855006,artificial intelligence
A5009138721,artificial intelligence
A5050729402,artificial intelligence
A5056163624,natural language processing
A5077876566,operating system
A5081402157,programming language
A5029291566,artificial intelligence
A5052274381,artificial intelligence
A5006876719,artificial intelligence
A5057217204,artificial intelligence
A5017323092,artificial intelligence
A5032379766,artificial intelligence
A5083874423,artificial intelligence
A5087628687,artificial intelligence
A5049467216,artificial intelligence
A5002930599,artificial intelligence
A5001354783,world wide web
A5078141295,programming language
A5005504727,artificial intelligence
A5034420112,artificial intelligence
A5084771659,artificial intelligence
A5051380291,artificial intelligence
A5015234830,artificial intelligence
A5038441898,data science
A5079646839,artificial intelligence
A5005375076,operating system
A5022301074,programming language
A5078585378,artificial intelligence
A5054848365,artificial intelligence
A5082955124,artificial intelligence
A5077558625,artificial intelligence
A5081904333,artificial intelligence
A5067923262,artificial intelligence
A5061834795,artificial intelligence
A5004584284,artificial intelligence
A5056238988,machine learning
A5009116003,operating system
A5077860299,artificial intelligence
A5024660370,artificial intelligence
A5038915241,programming language
A5048428336,data science
A5043441302,artificial intelligence
A5030551100,programming language
A5056646970,artificial intelligence
A5026655628,artificial intelligence
A5032043599,artificial intelligence
A5045415159,artificial intelligence
A5006203581,artificial intelligence
A5014758459,artificial intelligence
A5036915320,artificial intelligence
A5028555421,operating system
A5014913261,operating system
A5074444599,artificial intelligence
A5012622155,artificial intelligence
A5065470584,artificial intelligence
A5076204770,world wide web
A5020518108,artificial intelligence
A5038755734,artificial intelligence
A5000834169,artificial intelligence
A5081056211,artificial intelligence
A5090743228,computer vision
A5032945266,artificial intelligence
A5051768325,artificial intelligence
A5002680245,artificial intelligence
A5023981151,artificial intelligence
A5048725993,operating system
A5066048721,operating system
A5007748495,artificial intelligence
A5070083527,operating system
A5083611404,operating system
A5082766647,operating system
A5043809260,artificial intelligence
A5071906892,artificial intelligence
A5085040644,artificial intelligence
A5017381278,operating system
A5060874303,artificial intelligence
A5078824132,artificial intelligence
A5050279286,computer security
A5016399094,artificial intelligence
A5064747944,artificial intelligence
A5066062789,artificial intelligence
A5071650924,artificial intelligence
A5066130528,artificial intelligence
A5090649077,artificial intelligence
A5037431552,natural language processing
A5052730753,machine learning
A5026658144,artificial intelligence
A5042237070,computer vision
A5065365889,natural language processing
A5019300135,machine learning
A5026494242,machine learning
A5053073638,machine learning
A5052212231,artificial intelligence
A5088128094,artificial intelligence
A5010851725,artificial intelligence
A5053985703,world wide web
A5027850521,operating system
A5029060737,machine learning
A5067555843,machine learning
A5070194221,machine learning
A5038271432,artificial intelligence
A5057976646,programming language
A5003596925,programming language
A5015995542,artificial intelligence
A5000925030,natural language processing
A5000128668,artificial intelligence
A5071959897,artificial intelligence
A5053315898,artificial intelligence
A5021102755,programming language
A5079123162,programming language
A5005837856,artificial intelligence
A5087434304,artificial intelligence
A5009930587,artificial intelligence
A5090822920,artificial intelligence
A5091610469,artificial intelligence
A5058492651,artificial intelligence
A5068110218,computer network
A5089217677,computer network
A5056692594,artificial intelligence
A5004116961,world wide web
A5071609442,world wide web
A5091226142,world wide web
A5076099195,natural language processing
A5063421499,artificial intelligence
A5058666503,artificial intelligence
A5022131196,artificial intelligence
A5082528518,artificial intelligence
A5055360778,artificial intelligence
A5004116271,artificial intelligence
A5011232415,artificial intelligence
A5014675415,artificial intelligence
A5009556614,operating system
A5073138931,artificial intelligence
A5032664810,artificial intelligence
A5082840668,artificial intelligence
A5003982643,artificial intelligence
A5055141682,artificial intelligence
A5054276054,artificial intelligence
A5011149925,artificial intelligence
A5081632776,machine learning
A5012275958,artificial intelligence
A5026132957,artificial intelligence
A5068215038,artificial intelligence
A5037959766,database
A5012457650,operating system
A5062846089,operating system
A5012787740,artificial intelligence
A5069524542,artificial intelligence
A5028932552,computer network
A5041121124,artificial intelligence
A5003564833,artificial intelligence
A5006710481,artificial intelligence
A5087064185,data mining
A5066044089,operating system
A5061267204,operating system
A5034097062,artificial intelligence
A5071168106,artificial intelligence
A5075780861,artificial intelligence
A5009056549,artificial intelligence
A5012156289,natural language processing
A5026597269,operating system
A5001636587,machine learning
A5074225230,artificial intelligence
A5042555123,artificial intelligence
A5011106475,artificial intelligence
A5043199495,artificial intelligence
A5016980595,artificial intelligence
A5033670308,artificial intelligence
A5075335677,artificial intelligence
A5061507436,artificial intelligence
A5005228053,operating system
A5022300438,artificial intelligence
A5053773345,machine learning
A5084548810,artificial intelligence
A5083938142,artificial intelligence
A5080269427,artificial intelligence
A5056309741,artificial intelligence
A5068282138,machine learning
A5090567392,artificial intelligence
A5002189299,artificial intelligence
A5018138946,artificial intelligence
A5014866912,artificial intelligence
A5037310413,artificial intelligence
A5014855689,artificial intelligence
A5031067940,artificial intelligence
A5063590605,artificial intelligence
A5084444817,artificial intelligence
A5035341014,artificial intelligence
A5077890878,artificial intelligence
A5049097823,artificial intelligence
A5061908942,artificial intelligence
A5062896251,programming language
A5016047570,machine learning
A5080276145,artificial intelligence
A5054482827,artificial intelligence
A5028908560,artificial intelligence
A5052015648,artificial intelligence
A5078508874,artificial intelligence
A5073678932,artificial intelligence
A5012236267,machine learning
A5061561391,artificial intelligence
A5042655177,artificial intelligence
A5057070917,artificial intelligence
A5078363854,artificial intelligence
A5009384804,artificial intelligence
A5034889779,artificial intelligence
A5063229067,artificial intelligence
A5036010787,artificial intelligence
A5047033713,artificial intelligence
A5054348081,artificial intelligence
A5057105042,artificial intelligence
A5050970535,multimedia
A5000766463,artificial intelligence
A5045258021,artificial intelligence
A5055264305,artificial intelligence
A5081589852,computer network
A5000856508,programming language
A5061593701,artificial intelligence
A5032921208,artificial intelligence
A5007642188,artificial intelligence
A5039412958,artificial intelligence
A5056555647,artificial intelligence
A5004965117,artificial intelligence
A5057991167,machine learning
A5006102391,machine learning
A5022846477,artificial intelligence
A5027751797,artificial intelligence
A5087715869,artificial intelligence
A5037377452,operating system
A5059963141,data mining
A5046271847,artificial intelligence
A5060558756,programming language
A5021590359,artificial intelligence
A5042916844,operating system
A5056287221,artificial intelligence
A5081038628,operating system
A5015745975,operating system
A5044258528,artificial intelligence
A5053636147,artificial intelligence
A5042928213,programming language
A5057404933,artificial intelligence
A5020117895,artificial intelligence
A5045719394,artificial intelligence
A5044129236,artificial intelligence
A5015615281,programming language
A5029155705,artificial intelligence
A5053903265,artificial intelligence
A5080231752,artificial intelligence
A5046665687,operating system
A5061964327,artificial intelligence
A5039006120,machine learning
A5061181768,artificial intelligence
A5037648350,artificial intelligence
A5030569948,data mining
A5088272940,data science
A5067611632,artificial intelligence
A5001870382,data science
A5026887700,artificial intelligence
A5042611950,artificial intelligence
A5064355568,artificial intelligence
A5034869909,artificial intelligence
A5087963345,artificial intelligence
A5002662383,artificial intelligence
A5048060386,artificial intelligence
A5037622959,artificial intelligence
A5016865616,artificial intelligence
A5087790566,artificial intelligence
A5060447671,artificial intelligence
A5070049696,artificial intelligence
A5065990819,artificial intelligence
A5089110645,computer vision
A5069799630,artificial intelligence
A5016478385,artificial intelligence
A5085421841,artificial intelligence
A5041428695,artificial intelligence
A5071577452,artificial intelligence
A5072212864,artificial intelligence
A5043667154,theoretical computer science
A5034361203,artificial intelligence
A5059882053,programming language
A5049581991,artificial intelligence
A5081162547,artificial intelligence
A5004555174,operating system
A5017873450,knowledge management
A5045767808,knowledge management
A5008897549,knowledge management
A5034738514,artificial intelligence
A5013698523,artificial intelligence
A5072744508,artificial intelligence
A5080949463,artificial intelligence
A5075463763,programming language
A5074413224,artificial intelligence
A5018556169,artificial intelligence
A5023911868,artificial intelligence
A5058899909,artificial intelligence
A5067308324,programming language
A5003762688,artificial intelligence
A5041477124,machine learning
A5058425203,machine learning
A5011056763,machine learning
A5052157244,artificial intelligence
A5067476738,artificial intelligence
A5076298605,multimedia
A5017375713,artificial intelligence
A5016129540,artificial intelligence
A5027498937,artificial intelligence
A5036186948,artificial intelligence
A5011368149,artificial intelligence
A5073951597,artificial intelligence
A5051383936,artificial intelligence
A5077133596,artificial intelligence
A5073901040,artificial intelligence
A5085321115,operating system
A5062347426,artificial intelligence
A5021947145,artificial intelligence
A5047421537,artificial intelligence
A5079293684,artificial intelligence
A5025816352,artificial intelligence
A5020248423,natural language processing
A5013301297,natural language processing
A5027042740,machine learning
A5079617707,artificial intelligence
A5013561960,world wide web
A5075724243,artificial intelligence
A5023733265,artificial intelligence
A5002908874,artificial intelligence
A5006524000,artificial intelligence
A5062784800,artificial intelligence
A5049130514,machine learning
A5035432701,artificial intelligence
A5066665154,operating system
A5083786042,artificial intelligence
A5050308357,artificial intelligence
A5028648657,artificial intelligence
A5067608608,artificial intelligence
A5007585090,artificial intelligence
A5028994376,artificial intelligence
A5071227555,computer network
A5001888939,operating system
A5017874234,machine learning
A5041091856,artificial intelligence
A5060723344,artificial intelligence
A5020629689,machine learning
A5064230075,artificial intelligence
A5076016306,artificial intelligence
A5066445402,artificial intelligence
A5055757002,artificial intelligence
A5008330299,artificial intelligence
A5032415790,programming language
A5006809009,operating system
A5054994026,programming language
A5038675407,artificial intelligence
A5006445917,artificial intelligence
A5059934493,operating system
A5084828574,artificial intelligence
A5071582618,artificial intelligence
A5052325527,artificial intelligence
A5010766325,artificial intelligence
A5038798689,artificial intelligence
A5048667897,artificial intelligence
A5073529648,artificial intelligence
A5051528024,artificial intelligence
A5000151104,artificial intelligence
A5002076661,artificial intelligence
A5059128927,artificial intelligence
A5073230596,artificial intelligence
A5007057833,artificial intelligence
A5057898837,artificial intelligence
A5014115283,artificial intelligence
A5038799336,artificial intelligence
A5058448163,artificial intelligence
A5070024779,artificial intelligence
A5029587382,artificial intelligence
A5053589381,artificial intelligence
A5061769343,artificial intelligence
A5089029287,artificial intelligence
A5039951150,artificial intelligence
A5038886027,programming language
A5053153176,operating system
A5069604107,artificial intelligence
A5058999081,operating system
A5076819534,world wide web
A5032752009,artificial intelligence
A5005072193,computer network
A5055696539,artificial intelligence
A5023732780,artificial intelligence
A5058244834,artificial intelligence
A5003307854,operating system
A5058087521,artificial intelligence
A5035436098,artificial intelligence
A5081511982,machine learning
A5022749233,artificial intelligence
A5026488168,artificial intelligence
A5005955193,artificial intelligence
A5083056452,artificial intelligence
A5069537054,natural language processing
A5030816616,natural language processing
A5060779928,data science
A5065664393,artificial intelligence
A5026216991,artificial intelligence
A5016717457,operating system
A5038606261,artificial intelligence
A5014405928,artificial intelligence
A5075301188,operating system
A5057420930,artificial intelligence
A5056884178,artificial intelligence
A5029063875,artificial intelligence
A5014673075,artificial intelligence
A5076643518,artificial intelligence
A5038514283,artificial intelligence
A5072069162,artificial intelligence
A5021226854,artificial intelligence
A5027063601,artificial intelligence
A5077910569,artificial intelligence
A5059337980,artificial intelligence
A5078026673,artificial intelligence
A5021247547,artificial intelligence
A5008462886,artificial intelligence
A5043151017,operating system
A5024620954,programming language
A5082006408,operating system
A5081095676,knowledge management
A5062101791,artificial intelligence
A5001301213,computer vision
A5010930318,programming language
A5043699777,artificial intelligence
A5031492664,artificial intelligence
A5062959562,programming language
A5005771535,artificial intelligence
A5028310850,operating system
A5019922027,programming language
A5089263417,programming language
A5074122666,artificial intelligence
A5085343290,artificial intelligence
A5081591999,artificial intelligence
A5006872667,artificial intelligence
A5067118505,artificial intelligence
A5023890658,artificial intelligence
A5005925953,artificial intelligence
A5031799782,world wide web
A5080886681,data mining
A5021872235,data science
A5006441565,data science
A5020227189,operating system
A5011855821,operating system
A5081475465,distributed computing
A5089639500,artificial intelligence
A5018153533,artificial intelligence
A5089895760,artificial intelligence
A5045541136,artificial intelligence
A5044489348,computer vision
A5003217107,artificial intelligence
A5070205869,artificial intelligence
A5082105962,artificial intelligence
A5068708902,artificial intelligence
A5000574657,artificial intelligence
A5011611748,natural language processing
A5017741651,artificial intelligence
A5035513985,artificial intelligence
A5052491056,artificial intelligence
A5012892619,artificial intelligence
A5086340700,artificial intelligence
A5055917015,artificial intelligence
A5043498106,artificial intelligence
A5081210463,artificial intelligence
A5091294828,data mining
A5040187583,operating system
A5062262911,machine learning
A5011947087,artificial intelligence
A5038522605,data mining
A5065265823,computer security
A5017065683,artificial intelligence
A5029144226,artificial intelligence
A5067913601,artificial intelligence
A5091543149,artificial intelligence
A5036357902,artificial intelligence
A5079308157,operating system
A5018028924,artificial intelligence
A5025186036,artificial intelligence
A5086664114,multimedia
A5085216249,multimedia
A5019789320,operating system
A5029470579,operating system
A5064928816,operating system
A5074605796,operating system
A5025002723,artificial intelligence
A5079927813,artificial intelligence
A5033194602,artificial intelligence
A5081691897,artificial intelligence
A5007692904,artificial intelligence
A5016999419,artificial intelligence
A5047536846,artificial intelligence
A5031814143,operating system
A5029854353,operating system
A5039029789,programming language
A5046882659,artificial intelligence
A5033957848,artificial intelligence
A5051060321,artificial intelligence
A5059809107,artificial intelligence
A5085517911,artificial intelligence
A5055768874,artificial intelligence
A5001960238,artificial intelligence
A5006036318,artificial intelligence
A5033918541,artificial intelligence
A5051490672,artificial intelligence
A5040326513,artificial intelligence
A5051206308,artificial intelligence
A5009360886,artificial intelligence
A5087675371,artificial intelligence
A5016461312,artificial intelligence
A5004580127,machine learning
A5087220806,artificial intelligence
A5086909487,artificial intelligence
A5012957543,artificial intelligence
A5044650487,artificial intelligence
A5037020023,knowledge management
A5015382568,knowledge management
A5028592528,artificial intelligence
A5067183535,multimedia
A5013890247,artificial intelligence
A5009535466,artificial intelligence
A5066091706,machine learning
A5077008561,artificial intelligence
A5013005333,knowledge management
A5034647327,artificial intelligence
A5085978840,artificial intelligence
A5067803328,artificial intelligence
A5020817426,artificial intelligence
A5019338743,artificial intelligence
A5003269780,multimedia
A5033087190,multimedia
A5088920905,artificial intelligence
A5067020437,artificial intelligence
A5043040471,programming language
A5033753600,artificial intelligence
A5044704830,artificial intelligence
A5055355687,programming language
A5034695211,programming language
A5076881624,machine learning
A5059225875,artificial intelligence
A5051297830,artificial intelligence
A5030442054,artificial intelligence
A5031140380,artificial intelligence
A5083536121,natural language processing
A5074468053,programming language
A5085099465,programming language
A5078814310,artificial intelligence
A5023333652,artificial intelligence
A5025092767,artificial intelligence
A5041843517,artificial intelligence
A5031670705,artificial intelligence
A5034534839,artificial intelligence
A5084386819,knowledge management
A5081942889,artificial intelligence
A5068645158,operating system
A5062428729,artificial intelligence
A5053424176,machine learning
A5064231378,artificial intelligence
A5045048407,artificial intelligence
A5017531392,knowledge management
A5019533041,operating system
A5009128577,data mining
A5049437648,data mining
A5053028480,data mining
A5047517734,artificial intelligence
A5019059480,operating system
A5018900178,artificial intelligence
A5039115104,data science
A5071758245,artificial intelligence
A5039639484,artificial intelligence
A5041338608,world wide web
A5033133001,artificial intelligence
A5044394722,artificial intelligence
A5034739083,artificial intelligence
A5050289117,operating system
A5046679226,artificial intelligence
A5050186152,computer vision
A5068017280,machine learning
A5030938279,artificial intelligence
A5073243849,artificial intelligence
A5065866615,computer vision
A5070757521,artificial intelligence
A5087545205,machine learning
A5068612384,artificial intelligence
A5048261783,artificial intelligence
A5074542391,artificial intelligence
A5065688079,artificial intelligence
A5010379237,artificial intelligence
A5007708163,operating system
A5015320417,programming language
A5009639508,programming language
A5063052820,programming language
A5042187082,programming language
A5033697529,artificial intelligence
A5016378430,natural language processing
A5013560471,artificial intelligence
A5011946403,artificial intelligence
A5091893294,operating system
A5033777007,artificial intelligence
A5045047767,computer security
A5012027004,artificial intelligence
A5022473701,computer security
A5005836086,database
A5065335369,artificial intelligence
A5072618249,artificial intelligence
A5038483307,artificial intelligence
A5011896965,artificial intelligence
A5021022320,artificial intelligence
A5019773230,artificial intelligence
A5022710074,artificial intelligence
A5033248308,artificial intelligence
A5051132163,artificial intelligence
A5044510961,artificial intelligence
A5009733809,artificial intelligence
A5068952677,artificial intelligence
A5058341948,artificial intelligence
A5000514789,multimedia
A5017130492,multimedia
A5025097632,computer security
A5005570116,artificial intelligence
A5026042163,operating system
A5001404194,data science
A5058247448,artificial intelligence
A5069753659,artificial intelligence
A5090205116,artificial intelligence
A5067714910,artificial intelligence
A5038019914,computer security
A5071227510,artificial intelligence
A5033425045,natural language processing
A5015956396,natural language processing
A5080132275,artificial intelligence
A5083690971,artificial intelligence
A5035182513,artificial intelligence
A5033802529,machine learning
A5072252688,artificial intelligence
A5025745894,artificial intelligence
A5043084209,artificial intelligence
A5011959346,artificial intelligence
A5064355276,computer security
A5043499130,operating system
A5083435816,computer security
A5044271294,artificial intelligence
A5084949004,world wide web
A5006755636,artificial intelligence
A5077729027,computer network
A5082479164,artificial intelligence
A5009828854,artificial intelligence
A5059883724,operating system
A5077536927,artificial intelligence
A5005397448,world wide web
A5038318637,programming language
A5060288254,artificial intelligence
A5030188718,artificial intelligence
A5078386058,artificial intelligence
A5071546667,artificial intelligence
A5059602361,artificial intelligence
A5074371899,artificial intelligence
A5062945520,artificial intelligence
A5065919029,artificial intelligence
A5074323303,programming language
A5081803512,machine learning
A5053155252,artificial intelligence
A5005258575,artificial intelligence
A5016653929,operating system
A5009270487,operating system
A5040323322,artificial intelligence
A5022456933,artificial intelligence
A5068143882,artificial intelligence
A5023499084,artificial intelligence
A5028039581,artificial intelligence
A5021832071,artificial intelligence
A5019280525,programming language
A5009932489,artificial intelligence
A5058182410,artificial intelligence
A5054395599,artificial intelligence
A5085698418,operating system
A5015011245,computer security
A5001770010,artificial intelligence
A5055594838,artificial intelligence
A5015778752,machine learning
A5077456710,artificial intelligence
A5033184508,data science
A5008641524,data science
A5083485740,data science
A5076676327,artificial intelligence
A5079321547,data science
A5091287971,artificial intelligence
A5039018205,artificial intelligence
A5037883062,machine learning
A5078848805,artificial intelligence
A5013602621,artificial intelligence
A5056394412,artificial intelligence
A5023896269,artificial intelligence
A5084670721,artificial intelligence
A5056657991,artificial intelligence
A5021477680,artificial intelligence
A5087997739,operating system
A5088568415,programming language
A5078910758,information retrieval
A5069154075,machine learning
A5050390856,artificial intelligence
A5007669377,artificial intelligence
A5006986293,artificial intelligence
A5086264262,artificial intelligence
A5063094112,machine learning
A5050221886,machine learning
A5083298304,computer vision
A5056617120,multimedia
A5064482682,artificial intelligence
A5005820344,operating system
A5077345668,artificial intelligence
A5016706200,artificial intelligence
A5089323326,programming language
A5083621682,programming language
A5027728817,artificial intelligence
A5031788095,machine learning
A5008076228,computer security
A5068190748,computer network
A5018443722,artificial intelligence
A5006051783,artificial intelligence
A5061061546,artificial intelligence
A5071908018,artificial intelligence
A5053327055,machine learning
A5035001911,artificial intelligence
A5006048318,artificial intelligence
A5014498545,artificial intelligence
A5061311057,artificial intelligence
A5061237128,artificial intelligence
A5091866119,artificial intelligence
A5046046339,artificial intelligence
A5000911721,programming language
A5072151614,programming language
A5026994657,programming language
A5076985479,artificial intelligence
A5002994164,artificial intelligence
A5044672544,artificial intelligence
A5091756520,artificial intelligence
A5050062467,artificial intelligence
A5020493508,artificial intelligence
A5024711700,artificial intelligence
A5060169206,artificial intelligence
A5065624271,artificial intelligence
A5004284824,artificial intelligence
A5045251213,artificial intelligence
A5012061956,artificial intelligence
A5078677430,artificial intelligence
A5027316186,operating system
A5080836593,artificial intelligence
A5064235058,computer vision
A5048223855,artificial intelligence
A5091082682,artificial intelligence
A5058865022,artificial intelligence
A5047000806,artificial intelligence
A5066720988,artificial intelligence
A5073323239,machine learning
A5070060702,artificial intelligence
A5051297402,artificial intelligence
A5052099956,computer network
A5051444342,artificial intelligence
A5001276604,operating system
A5071478953,artificial intelligence
A5040315727,artificial intelligence
A5037831741,artificial intelligence
A5065073668,artificial intelligence
A5078667919,operating system
A5040515096,world wide web
A5068923033,world wide web
A5069723687,artificial intelligence
A5077744921,theoretical computer science
A5046933025,artificial intelligence
A5072308822,operating system
A5058659834,artificial intelligence
A5047144042,operating system
A5058242415,operating system
A5081560202,computer security
A5051443961,computer security
A5059608759,computer network
A5080994838,artificial intelligence
A5005387781,artificial intelligence
A5019504861,artificial intelligence
A5050476102,artificial intelligence
A5043020378,programming language
A5005709068,artificial intelligence
A5044828038,artificial intelligence
A5002385420,artificial intelligence
A5050865451,artificial intelligence
A5083458209,artificial intelligence
A5086336877,programming language
A5003446912,artificial intelligence
A5026515643,artificial intelligence
A5026157285,artificial intelligence
A5091141987,world wide web
A5032103649,artificial intelligence
A5042103095,artificial intelligence
A5076270155,artificial intelligence
A5035460662,artificial intelligence
A5021797294,machine learning
A5081696143,artificial intelligence
A5050286338,artificial intelligence
A5050012170,artificial intelligence
A5057566188,artificial intelligence
A5041253713,artificial intelligence
A5041230403,artificial intelligence
A5012865337,artificial intelligence
A5089691652,artificial intelligence
A5066913199,artificial intelligence
A5003563648,artificial intelligence
A5039785567,artificial intelligence
A5011466629,artificial intelligence
A5000266144,artificial intelligence
A5030124671,artificial intelligence
A5023619833,artificial intelligence
A5029298879,artificial intelligence
A5033006881,artificial intelligence
A5021211836,artificial intelligence
A5007506428,artificial intelligence
A5051895369,artificial intelligence
A5008138587,artificial intelligence
A5063257752,artificial intelligence
A5033914283,artificial intelligence
A5008694508,artificial intelligence
A5022994461,artificial intelligence
A5069014785,artificial intelligence
A5088765569,artificial intelligence
A5005380528,artificial intelligence
A5037642487,computer vision
A5042276212,machine learning
A5067580558,artificial intelligence
A5091534378,artificial intelligence
A5042663603,artificial intelligence
A5007901804,artificial intelligence
A5074462216,artificial intelligence
A5066624955,artificial intelligence
A5054830434,artificial intelligence
A5069754084,artificial intelligence
A5041432805,computer vision
A5034155716,computer vision
A5025881868,artificial intelligence
A5063358572,artificial intelligence
A5019539533,artificial intelligence
A5073413581,operating system
A5083150749,artificial intelligence
A5042700310,machine learning
A5052408909,artificial intelligence
A5031572595,artificial intelligence
A5003035325,artificial intelligence
A5044484291,programming language
A5074838698,artificial intelligence
A5075661874,operating system
A5010235946,computer security
A5019835750,computer security
A5077363166,artificial intelligence
A5067954492,artificial intelligence
A5074160516,artificial intelligence
A5033982196,machine learning
A5020878841,artificial intelligence
A5007639805,artificial intelligence
A5010705375,operating system
A5071123956,artificial intelligence
A5013309071,artificial intelligence
A5050060845,artificial intelligence
A5005600519,computer network
A5006692511,machine learning
A5066790190,artificial intelligence
A5090690248,artificial intelligence
A5038509051,artificial intelligence
A5062125482,computer vision
A5085504277,programming language
A5046534630,artificial intelligence
A5071848387,artificial intelligence
A5084330621,machine learning
A5009916706,artificial intelligence
A5014132045,artificial intelligence
A5063116316,operating system
A5008260426,operating system
A5029746953,operating system
A5041735911,multimedia
A5078917036,multimedia
A5019597653,artificial intelligence
A5049103719,computer network
A5002134055,artificial intelligence
A5049772908,artificial intelligence
A5030314469,artificial intelligence
A5071887541,artificial intelligence
A5000779521,artificial intelligence
A5071838215,artificial intelligence
A5081500464,computer security
A5084483312,artificial intelligence
A5080734556,artificial intelligence
A5065555733,operating system
A5029745850,artificial intelligence
A5086617771,artificial intelligence
A5058135087,natural language processing
A5072465067,artificial intelligence
A5026590666,artificial intelligence
A5011288866,operating system
A5015168828,operating system
A5055029056,artificial intelligence
A5005744892,artificial intelligence
A5057794930,machine learning
A5022977818,artificial intelligence
A5076255987,artificial intelligence
A5036707627,artificial intelligence
A5053542806,artificial intelligence
A5009958418,artificial intelligence
A5081458703,artificial intelligence
A5072450540,machine learning
A5081664259,world wide web
A5009377962,world wide web
A5071092440,programming language
A5019758037,knowledge management
A5050592031,artificial intelligence
A5075615856,artificial intelligence
A5029445830,artificial intelligence
A5075313163,artificial intelligence
A5060190356,artificial intelligence
A5042327650,artificial intelligence
A5002791501,machine learning
A5087163154,artificial intelligence
A5042006491,computer vision
A5081756803,artificial intelligence
A5043917822,artificial intelligence
A5016701546,artificial intelligence
A5017062846,artificial intelligence
A5020601958,artificial intelligence
A5042841642,artificial intelligence
A5028079160,artificial intelligence
A5044490167,artificial intelligence
A5049225160,artificial intelligence
A5018663904,database
A5015129861,operating system
A5088229573,machine learning
A5076246721,programming language
A5008926481,artificial intelligence
A5027147623,artificial intelligence
A5058256601,artificial intelligence
A5029805698,artificial intelligence
A5024148539,operating system
A5075965221,operating system
A5049469197,operating system
A5084306663,programming language
A5045816451,artificial intelligence
A5091290326,artificial intelligence
A5001064277,artificial intelligence
A5025624802,artificial intelligence
A5035697252,artificial intelligence
A5030875842,artificial intelligence
A5009531144,artificial intelligence
A5062121176,artificial intelligence
A5017448142,artificial intelligence
A5081591237,artificial intelligence
A5010520325,artificial intelligence
A5085428364,artificial intelligence
A5086121202,artificial intelligence
A5079799764,artificial intelligence
A5058271347,world wide web
A5081860562,artificial intelligence
A5003238722,machine learning
A5050500595,artificial intelligence
A5018512487,artificial intelligence
A5081770594,artificial intelligence
A5035114603,artificial intelligence
A5089537512,artificial intelligence
A5047664773,artificial intelligence
A5039627791,artificial intelligence
A5024943139,artificial intelligence
A5065313479,artificial intelligence
A5038148603,artificial intelligence
A5013545831,artificial intelligence
A5084122016,artificial intelligence
A5043820740,artificial intelligence
A5008348191,artificial intelligence
A5057868790,machine learning
A5040391431,machine learning
A5090855504,artificial intelligence
A5037231681,artificial intelligence
A5007500988,artificial intelligence
A5033883733,artificial intelligence
A5055326119,operating system
A5024463145,operating system
A5053413465,artificial intelligence
A5040594814,artificial intelligence
A5006705415,artificial intelligence
A5067900602,artificial intelligence
A5013219172,artificial intelligence
A5051741024,artificial intelligence
A5055283040,artificial intelligence
A5071762895,artificial intelligence
A5081516948,artificial intelligence
A5083994661,artificial intelligence
A5053222355,artificial intelligence
A5003703208,artificial intelligence
A5074771697,data science
A5038710898,world wide web
A5021697983,artificial intelligence
A5019114582,operating system
A5055485772,artificial intelligence
A5044126538,internet privacy
A5038212207,artificial intelligence
A5010051854,knowledge management
A5020723477,knowledge management
A5040259613,knowledge management
A5032365556,artificial intelligence
A5078321748,data science
A5072985436,operating system
A5002431078,artificial intelligence
A5052104584,artificial intelligence
A5067431435,data science
A5066361511,programming language
A5027388815,operating system
A5071593628,operating system
A5053176097,data science
A5080727648,data science
A5019016567,artificial intelligence
A5007859843,artificial intelligence
A5086846102,artificial intelligence
A5036734067,natural language processing
A5065806480,natural language processing
A5033177441,artificial intelligence
A5015144461,artificial intelligence
A5065817999,artificial intelligence
A5078655936,operating system
A5041725375,artificial intelligence
A5045802600,multimedia
A5022145178,multimedia
A5067432142,artificial intelligence
A5063116902,artificial intelligence
A5018564769,machine learning
A5027577443,programming language
A5050435146,artificial intelligence
A5022185440,artificial intelligence
A5051414570,operating system
A5088340541,multimedia
A5067670831,knowledge management
A5050690094,artificial intelligence
A5006393105,artificial intelligence
A5050182143,artificial intelligence
A5000865491,artificial intelligence
A5054008223,operating system
A5036354328,artificial intelligence
A5060252891,artificial intelligence
A5011055286,artificial intelligence
A5024554540,artificial intelligence
A5009470458,artificial intelligence
A5006151881,artificial intelligence
A5013520700,operating system
A5041750449,machine learning
A5021725041,artificial intelligence
A5006087197,multimedia
A5046011595,natural language processing
A5024124948,natural language processing
A5023928504,artificial intelligence
A5017972284,machine learning
A5058816331,artificial intelligence
A5078581234,internet privacy
A5006473340,operating system
A5072920184,operating system
A5038493526,artificial intelligence
A5006061619,artificial intelligence
A5043855577,artificial intelligence
A5085545595,artificial intelligence
A5059276420,knowledge management
A5012502919,artificial intelligence
A5020968689,operating system
A5029398803,operating system
A5067816312,artificial intelligence
A5010649232,artificial intelligence
A5005267701,artificial intelligence
A5005792924,artificial intelligence
A5043874320,artificial intelligence
A5063095022,artificial intelligence
A5047980012,artificial intelligence
A5033632230,world wide web
A5011829386,artificial intelligence
A5005003786,artificial intelligence
A5051468452,machine learning
A5005520151,artificial intelligence
A5000846525,artificial intelligence
A5084685127,operating system
A5059470360,artificial intelligence
A5061278664,computer vision
A5062268595,artificial intelligence
A5050718141,programming language
A5033773480,artificial intelligence
A5078633907,artificial intelligence
A5087995658,artificial intelligence
A5005585461,artificial intelligence
A5035337020,artificial intelligence
A5045569119,speech recognition
A5036137202,artificial intelligence
A5025382997,artificial intelligence
A5006900697,library science
A5006247402,artificial intelligence
A5025698353,artificial intelligence
A5084828937,artificial intelligence
A5078959213,operating system
A5081558792,artificial intelligence
A5078223655,artificial intelligence
A5016353717,artificial intelligence
A5010867791,artificial intelligence
A5036977349,artificial intelligence
A5008749412,artificial intelligence
A5057516146,world wide web
A5006234673,world wide web
A5060550722,artificial intelligence
A5018183368,artificial intelligence
A5052724932,artificial intelligence
A5069292182,artificial intelligence
A5027222013,operating system
A5047064481,artificial intelligence
A5054060194,artificial intelligence
A5075720299,operating system
A5028047212,operating system
A5063754395,machine learning
A5004108130,artificial intelligence
A5024916657,artificial intelligence
A5030503109,artificial intelligence
A5013876446,artificial intelligence
A5055166649,artificial intelligence
A5010058559,artificial intelligence
A5013635993,artificial intelligence
A5011976667,artificial intelligence
A5073956678,artificial intelligence
A5076384144,artificial intelligence
A5080901387,artificial intelligence
A5002062627,operating system
A5040746152,multimedia
A5085060529,artificial intelligence
A5044944680,artificial intelligence
A5089226693,artificial intelligence
A5038369385,artificial intelligence
A5013488024,programming language
A5069580705,programming language
A5015005939,artificial intelligence
A5019308548,operating system
A5048485737,operating system
A5057790948,artificial intelligence
A5067794123,artificial intelligence
A5064077634,artificial intelligence
A5000856953,artificial intelligence
A5052840306,computer vision
A5085060723,artificial intelligence
A5088952968,artificial intelligence
A5043052453,artificial intelligence
A5048848307,artificial intelligence
A5017213156,artificial intelligence
A5020514606,artificial intelligence
A5073848814,operating system
A5077403931,artificial intelligence
A5017430628,artificial intelligence
A5088574352,operating system
A5056867259,operating system
A5081341246,artificial intelligence
A5001654210,information retrieval
A5023811159,world wide web
A5029251059,artificial intelligence
A5075610993,artificial intelligence
A5003044729,computer vision
A5014652435,computer security
A5079401596,artificial intelligence
A5001725467,artificial intelligence
A5024515893,artificial intelligence
A5070646424,artificial intelligence
A5017485623,computer security
A5078472992,knowledge management
A5077015931,artificial intelligence
A5043525697,artificial intelligence
A5085845933,artificial intelligence
A5024010395,artificial intelligence
A5043981230,artificial intelligence
A5083449995,internet privacy
A5035784772,artificial intelligence
A5059081790,artificial intelligence
A5077919262,machine learning
A5012482178,artificial intelligence
A5047048537,artificial intelligence
A5001412554,programming language
A5079189391,artificial intelligence
A5004135399,artificial intelligence
A5091839023,artificial intelligence
A5005825146,artificial intelligence
A5076344816,artificial intelligence
A5008264345,artificial intelligence
A5019313671,programming language
A5065797206,artificial intelligence
A5032073050,artificial intelligence
A5038912417,data science
A5043651693,artificial intelligence
A5043680165,artificial intelligence
A5006637901,artificial intelligence
A5014539715,artificial intelligence
A5091078528,artificial intelligence
A5025137805,artificial intelligence
A5000679405,operating system
A5017997662,operating system
A5051753781,artificial intelligence
A5029531769,artificial intelligence
A5006685271,world wide web
A5064454383,world wide web
A5076524645,world wide web
A5020674626,artificial intelligence
A5074668069,programming language
A5040168370,artificial intelligence
A5005211355,artificial intelligence
A5026176583,operating system
A5011780856,machine learning
A5036742614,artificial intelligence
A5054225849,natural language processing
A5079998959,machine learning
A5041029240,operating system
A5035138650,artificial intelligence
A5060909519,artificial intelligence
A5020074265,artificial intelligence
A5041724300,speech recognition
A5049986549,artificial intelligence
A5038377162,artificial intelligence
A5032073728,programming language
A5006668005,artificial intelligence
A5053355335,machine learning
A5060413415,machine learning
A5052745901,machine learning
A5000753191,machine learning
A5040527710,machine learning
A5064170342,artificial intelligence
A5076942195,knowledge management
A5019637921,artificial intelligence
A5029785409,artificial intelligence
A5049526291,machine learning
A5088121909,world wide web
A5054654905,artificial intelligence
A5059349806,artificial intelligence
A5002317357,artificial intelligence
A5005136840,artificial intelligence
A5058861950,artificial intelligence
A5033585021,artificial intelligence
A5018051274,artificial intelligence
A5006767062,artificial intelligence
A5073132002,machine learning
A5010951460,machine learning
A5047004204,speech recognition
A5035743198,world wide web
A5081349713,machine learning
A5068319057,artificial intelligence
A5059968938,artificial intelligence
A5051975534,artificial intelligence
A5022781127,artificial intelligence
A5085877514,world wide web
A5046941095,artificial intelligence
A5029087825,artificial intelligence
A5030546138,machine learning
A5058723948,machine learning
A5022733966,machine learning
A5034468652,artificial intelligence
A5056752134,artificial intelligence
A5069081719,artificial intelligence
A5031252104,artificial intelligence
A5037643513,artificial intelligence
A5005417132,artificial intelligence
A5017638706,artificial intelligence
A5005404030,artificial intelligence
A5073592501,artificial intelligence
A5016737969,artificial intelligence
A5051577803,artificial intelligence
A5038421917,artificial intelligence
A5058407177,artificial intelligence
A5052775844,artificial intelligence
A5010367802,artificial intelligence
A5089303042,artificial intelligence
A5056891234,operating system
A5082896196,artificial intelligence
A5003105685,operating system
A5078419084,information retrieval
A5050431536,machine learning
A5084589881,knowledge management
A5002135733,knowledge management
A5004181293,artificial intelligence
A5055996291,artificial intelligence
A5031530862,artificial intelligence
A5066453986,operating system
A5088603120,artificial intelligence
A5016913873,knowledge management
A5082780445,artificial intelligence
A5003165248,operating system
A5042954245,data mining
A5010098619,artificial intelligence
A5008663838,artificial intelligence
A5075773750,artificial intelligence
A5077355295,operating system
A5005367514,artificial intelligence
A5033356690,operating system
A5072696337,artificial intelligence
A5004790787,artificial intelligence
A5043350556,artificial intelligence
A5068514720,artificial intelligence
A5037487330,natural language processing
A5034766822,artificial intelligence
A5053404607,artificial intelligence
A5058816575,artificial intelligence
A5013025849,artificial intelligence
A5051565479,computer vision
A5022295744,artificial intelligence
A5012738272,operating system
A5016346978,artificial intelligence
A5072067836,artificial intelligence
A5004167801,artificial intelligence
A5038037619,artificial intelligence
A5049367654,artificial intelligence
A5000542434,operating system
A5032168348,artificial intelligence
A5087925546,multimedia
A5016489216,artificial intelligence
A5051106548,artificial intelligence
A5082719997,artificial intelligence
A5082800407,operating system
A5079915173,artificial intelligence
A5033422078,artificial intelligence
A5037243181,artificial intelligence
A5057404413,artificial intelligence
A5081090445,programming language
A5086573997,artificial intelligence
A5000632512,artificial intelligence
A5024897779,operating system
A5089479529,artificial intelligence
A5028727536,artificial intelligence
A5087366883,artificial intelligence
A5050926125,artificial intelligence
A5081179020,machine learning
A5046446215,knowledge management
A5084865620,machine learning
A5040520594,artificial intelligence
A5049222075,artificial intelligence
A5040934830,artificial intelligence
A5020626208,artificial intelligence
A5062980212,artificial intelligence
A5071967339,artificial intelligence
A5083548477,artificial intelligence
A5036960755,machine learning
A5091180862,artificial intelligence
A5062556210,machine learning
A5006855775,artificial intelligence
A5014054715,natural language processing
A5051627642,machine learning
A5064392949,artificial intelligence
A5034993183,artificial intelligence
A5074859269,artificial intelligence
A5071403765,artificial intelligence
A5054859935,artificial intelligence
A5049751565,artificial intelligence
A5030843474,operating system
A5033447682,artificial intelligence
A5077883062,operating system
A5051508511,artificial intelligence
A5080181390,programming language
A5076508187,artificial intelligence
A5069466172,artificial intelligence
A5009915982,programming language
A5079152917,artificial intelligence
A5051059716,artificial intelligence
A5029571111,artificial intelligence
A5076454480,artificial intelligence
A5033697308,operating system
A5007508748,artificial intelligence
A5075542475,artificial intelligence
A5014932104,artificial intelligence
A5086175214,artificial intelligence
A5041065351,artificial intelligence
A5043340317,artificial intelligence
A5040335377,artificial intelligence
A5029342918,artificial intelligence
A5080038836,artificial intelligence
A5004974411,artificial intelligence
A5065912071,artificial intelligence
A5067391026,artificial intelligence
A5065588377,artificial intelligence
A5034078220,artificial intelligence
A5076628907,artificial intelligence
A5014463806,artificial intelligence
A5066932450,machine learning
A5018932510,artificial intelligence
A5042610170,data mining
A5046201498,data mining
A5031572202,artificial intelligence
A5080435987,artificial intelligence
A5034204425,artificial intelligence
A5082727915,artificial intelligence
A5065331285,artificial intelligence
A5081847831,machine learning
A5045298985,database
A5005003984,database
A5047220534,artificial intelligence
A5044124492,artificial intelligence
A5084223766,operating system
A5020474429,artificial intelligence
A5076576641,operating system
A5034348483,operating system
A5051406984,operating system
A5084545998,operating system
A5047154090,computer security
A5045973133,theoretical computer science
A5008835229,artificial intelligence
A5065311952,artificial intelligence
A5047622238,operating system
A5057674473,artificial intelligence
A5015444563,artificial intelligence
A5041697195,machine learning
A5041873075,artificial intelligence
A5054750708,artificial intelligence
A5085389578,artificial intelligence
A5034519837,artificial intelligence
A5037569719,artificial intelligence
A5083307224,artificial intelligence
A5053095588,artificial intelligence
A5090951621,artificial intelligence
A5062167852,artificial intelligence
A5080048573,artificial intelligence
A5064160495,operating system
A5019460716,artificial intelligence
A5022752708,artificial intelligence
A5085516983,artificial intelligence
A5079852738,operating system
A5018637485,artificial intelligence
A5084886541,artificial intelligence
A5017270391,artificial intelligence
A5052296832,programming language
A5064753715,programming language
A5055210685,world wide web
A5062090450,knowledge management
A5049583553,artificial intelligence
A5029479248,artificial intelligence
A5038463100,artificial intelligence
A5051531853,artificial intelligence
A5084795086,artificial intelligence
A5063285107,artificial intelligence
A5074402654,data mining
A5025546069,artificial intelligence
A5045321275,artificial intelligence
A5072435341,artificial intelligence
A5026540169,artificial intelligence
A5009627273,artificial intelligence
A5091521402,artificial intelligence
A5038816870,operating system
A5081648033,operating system
A5067683617,operating system
A5038254582,artificial intelligence
A5030657709,artificial intelligence
A5086489846,artificial intelligence
A5037096002,artificial intelligence
A5018311859,artificial intelligence
A5006906149,computer security
A5069890042,programming language
A5047382491,artificial intelligence
A5035432679,programming language
A5029674397,artificial intelligence
A5064753751,artificial intelligence
A5074226176,artificial intelligence
A5041712674,artificial intelligence
A5012084243,artificial intelligence
A5072832313,artificial intelligence
A5003379256,operating system
A5067826654,operating system
A5058853558,artificial intelligence
A5009408479,operating system
A5042850419,artificial intelligence
A5004068943,data science
A5038792461,artificial intelligence
A5054865602,machine learning
A5009175846,artificial intelligence
A5016002546,natural language processing
A5069249641,knowledge management
A5003730523,artificial intelligence
A5083831729,artificial intelligence
A5066020847,artificial intelligence
A5014799780,artificial intelligence
A5088083457,artificial intelligence
A5023317293,computer network
A5061141332,computer network
A5087266445,computer security
A5005554011,artificial intelligence
A5058323499,computer network
A5026072485,operating system
A5037350907,artificial intelligence
A5090148679,operating system
A5039377622,operating system
A5012359252,artificial intelligence
A5052736219,machine learning
A5042238952,machine learning
A5009211375,artificial intelligence
A5001369620,artificial intelligence
A5010536779,artificial intelligence
A5083128555,computer network
A5027333823,data science
A5021671020,data science
A5055732608,computer network
A5056303339,artificial intelligence
A5055882886,artificial intelligence
A5045447396,artificial intelligence
A5066355999,artificial intelligence
A5089269047,artificial intelligence
A5037158129,programming language
A5045786247,artificial intelligence
A5061358208,artificial intelligence
A5087645671,artificial intelligence
A5089542402,artificial intelligence
A5078206212,artificial intelligence
A5070135290,artificial intelligence
A5031857386,operating system
A5042164206,artificial intelligence
A5046409551,artificial intelligence
A5080075106,operating system
A5023171177,artificial intelligence
A5022259903,artificial intelligence
A5072419903,artificial intelligence
A5079888964,programming language
A5081367663,artificial intelligence
A5026767724,artificial intelligence
A5063829545,artificial intelligence
A5084269811,machine learning
A5042084896,computer security
A5006861461,operating system
A5048054957,operating system
A5054870704,operating system
A5027656404,operating system
A5038811224,artificial intelligence
A5077202780,world wide web
A5046900276,world wide web
A5039504792,world wide web
A5040883056,operating system
A5087523543,artificial intelligence
A5071749162,artificial intelligence
A5069668235,artificial intelligence
A5017326471,artificial intelligence
A5001554813,artificial intelligence
A5039681328,artificial intelligence
A5035433556,artificial intelligence
A5031169447,artificial intelligence
A5009693719,artificial intelligence
A5067333473,artificial intelligence
A5072493587,artificial intelligence
A5026602241,database
A5043533602,multimedia
A5024709121,multimedia
A5017783286,artificial intelligence
A5091825389,operating system
A5080709410,machine learning
A5016702614,knowledge management
A5029057336,artificial intelligence
A5058862285,artificial intelligence
A5063979916,artificial intelligence
A5023291208,artificial intelligence
A5001774692,artificial intelligence
A5024020375,artificial intelligence
A5075626456,artificial intelligence
A5050904661,artificial intelligence
A5079886093,machine learning
A5048821808,computer network
A5018903380,artificial intelligence
A5090984995,artificial intelligence
A5061942609,artificial intelligence
A5013681724,speech recognition
A5035058548,artificial intelligence
A5061605447,operating system
A5084740363,operating system
A5027930053,artificial intelligence
A5061674635,artificial intelligence
A5067339316,artificial intelligence
A5024891438,artificial intelligence
A5013033351,artificial intelligence
A5035990908,operating system
A5078358179,artificial intelligence
A5029987870,artificial intelligence
A5069228614,artificial intelligence
A5063795815,knowledge management
A5067269913,knowledge management
A5000847108,knowledge management
A5012940674,knowledge management
A5026627935,artificial intelligence
A5082586707,artificial intelligence
A5059198182,operating system
A5077921954,programming language
A5035695000,artificial intelligence
A5074273491,artificial intelligence
A5061249763,artificial intelligence
A5091892854,information retrieval
A5088289518,world wide web
A5028454093,artificial intelligence
A5013736713,artificial intelligence
A5082238675,world wide web
A5077439959,machine learning
A5040012035,artificial intelligence
A5055170991,operating system
A5081985841,machine learning
A5056918489,computer network
A5067946585,machine learning
A5067688621,artificial intelligence
A5052256041,operating system
A5027400457,operating system
A5005946140,artificial intelligence
A5085567454,operating system
A5049405285,artificial intelligence
A5011543714,artificial intelligence
A5020867309,artificial intelligence
A5029386151,database
A5058516255,computer security
A5079585999,natural language processing
A5061644462,natural language processing
A5033671063,artificial intelligence
A5024502896,artificial intelligence
A5057476577,artificial intelligence
A5049085989,artificial intelligence
A5001417120,computer vision
A5015891605,natural language processing
A5045797300,machine learning
A5014677580,artificial intelligence
A5074083124,artificial intelligence
A5008043360,artificial intelligence
A5065670919,artificial intelligence
A5004866800,machine learning
A5070049418,artificial intelligence
A5015517701,artificial intelligence
A5015647515,computer network
A5073052485,artificial intelligence
A5023349874,computer vision
A5021878097,artificial intelligence
A5071274975,operating system
A5063154944,artificial intelligence
A5060797221,operating system
A5066048713,knowledge management
A5088557829,artificial intelligence
A5052903746,artificial intelligence
A5062922330,artificial intelligence
A5031334842,artificial intelligence
A5029020038,artificial intelligence
A5001312896,artificial intelligence
A5087689086,artificial intelligence
A5060108348,artificial intelligence
A5009689439,artificial intelligence
A5087512380,artificial intelligence
A5081034810,artificial intelligence
A5026104258,artificial intelligence
A5058769632,artificial intelligence
A5070205263,natural language processing
A5053292500,artificial intelligence
A5086829138,computer security
A5021827269,natural language processing
A5051683737,artificial intelligence
A5005250411,artificial intelligence
A5033021795,artificial intelligence
A5013128682,artificial intelligence
A5037816423,artificial intelligence
A5053239704,artificial intelligence
A5051768741,computer vision
A5082372625,artificial intelligence
A5038742325,artificial intelligence
A5046425343,machine learning
A5041824799,artificial intelligence
A5055550697,artificial intelligence
A5004818798,artificial intelligence
A5043622802,artificial intelligence
A5013230909,artificial intelligence
A5013540471,artificial intelligence
A5077187931,natural language processing
A5087600087,artificial intelligence
A5042968751,artificial intelligence
A5087026860,programming language
A5024395125,artificial intelligence
A5064427879,artificial intelligence
A5056939003,computer network
A5028268404,computer network
A5026758314,computer network
A5018912707,artificial intelligence
A5043608888,artificial intelligence
A5048742361,operating system
A5090746453,artificial intelligence
A5010729247,world wide web
A5044459572,knowledge management
A5010923592,artificial intelligence
A5055308292,artificial intelligence
A5014703419,artificial intelligence
A5025424803,machine learning
A5020719215,information retrieval
A5043207505,artificial intelligence
A5087534251,database
A5027462416,database
A5012823861,artificial intelligence
A5041628333,artificial intelligence
A5026267463,artificial intelligence
A5087318731,artificial intelligence
A5057936560,artificial intelligence
A5056607831,data science
A5027987335,artificial intelligence
A5006758809,artificial intelligence
A5022142267,artificial intelligence
A5082566089,artificial intelligence
A5073451176,artificial intelligence
A5037279553,artificial intelligence
A5006952014,artificial intelligence
A5082797558,artificial intelligence
A5011305115,artificial intelligence
A5064103302,artificial intelligence
A5065569192,artificial intelligence
A5026646725,artificial intelligence
A5043519991,theoretical computer science
A5051628858,theoretical computer science
A5091171451,artificial intelligence
A5077459049,artificial intelligence
A5042260656,artificial intelligence
A5026422687,library science
A5033149210,operating system
A5070743360,operating system
A5091177679,artificial intelligence
A5061142343,artificial intelligence
A5000583936,programming language
A5058462867,artificial intelligence
A5071191321,artificial intelligence
A5035171392,artificial intelligence
A5040067645,operating system
A5054875009,artificial intelligence
A5042171930,artificial intelligence
A5006813623,artificial intelligence
A5066675932,operating system
A5026635176,artificial intelligence
A5063404105,world wide web
A5034930946,artificial intelligence
A5023638199,artificial intelligence
A5006966951,artificial intelligence
A5091716507,artificial intelligence
A5086917813,artificial intelligence
A5033700890,machine learning
A5082732226,machine learning
A5057246186,artificial intelligence
A5033275466,artificial intelligence
A5018027629,artificial intelligence
A5023792180,artificial intelligence
A5022800415,artificial intelligence
A5050869595,artificial intelligence
A5059479627,artificial intelligence
A5082645155,world wide web
A5003276418,artificial intelligence
A5088035307,artificial intelligence
A5036604922,operating system
A5047487369,artificial intelligence
A5025634939,artificial intelligence
A5062883576,artificial intelligence
A5033457120,artificial intelligence
A5022615156,artificial intelligence
A5029906218,artificial intelligence
A5002363225,artificial intelligence
A5043501933,operating system
A5088487015,artificial intelligence
A5059885535,computer vision
A5034899973,artificial intelligence
A5050940974,artificial intelligence
A5045466881,artificial intelligence
A5061680998,artificial intelligence
A5003035425,artificial intelligence
A5025965914,artificial intelligence
A5055305869,artificial intelligence
A5033064422,knowledge management
A5024267078,artificial intelligence
A5044733478,artificial intelligence
A5031752065,artificial intelligence
A5084142782,artificial intelligence
A5086268677,computer network
A5020562078,artificial intelligence
A5041436882,artificial intelligence
A5011135250,programming language
A5046551328,knowledge management
A5086694499,artificial intelligence
A5025394442,artificial intelligence
A5068285682,artificial intelligence
A5028630985,artificial intelligence
A5055853899,artificial intelligence
A5048234263,speech recognition
A5006858710,artificial intelligence
A5083835630,knowledge management
A5018487984,knowledge management
A5072227224,library science
A5084845503,machine learning
A5069613225,artificial intelligence
A5038024192,artificial intelligence
A5080246635,artificial intelligence
A5024078415,artificial intelligence
A5083458247,artificial intelligence
A5075056951,machine learning
A5000460595,artificial intelligence
A5086168764,artificial intelligence
A5029294803,world wide web
A5015895731,knowledge management
A5000977702,knowledge management
A5012504574,artificial intelligence
A5045331325,artificial intelligence
A5051654935,artificial intelligence
A5069064548,data science
A5022971632,programming language
A5069439014,artificial intelligence
A5031686114,machine learning
A5007042240,machine learning
A5087220015,machine learning
A5032466322,artificial intelligence
A5077017744,artificial intelligence
A5006240458,artificial intelligence
A5068863803,world wide web
A5065804726,artificial intelligence
A5006842525,artificial intelligence
A5053767529,natural language processing
A5007628003,operating system
A5067878273,operating system
A5032546393,knowledge management
A5039234542,knowledge management
A5044589418,knowledge management
A5047909118,machine learning
A5010701132,artificial intelligence
A5019620378,artificial intelligence
A5070353517,artificial intelligence
A5003721574,artificial intelligence
A5044462684,machine learning
A5091219949,programming language
A5021661486,machine learning
A5049441963,artificial intelligence
A5027296523,artificial intelligence
A5068653969,artificial intelligence
A5046110107,operating system
A5060082596,artificial intelligence
A5080577288,artificial intelligence
A5054239976,artificial intelligence
A5032902142,computer vision
A5089965316,machine learning
A5016394127,artificial intelligence
A5016799263,artificial intelligence
A5017984102,artificial intelligence
A5011645228,machine learning
A5035133890,knowledge management
A5069096189,artificial intelligence
A5040805703,artificial intelligence
A5085085036,world wide web
A5083781406,artificial intelligence
A5047970292,artificial intelligence
A5006949802,multimedia
A5080624394,database
A5004311434,operating system
A5012587871,knowledge management
A5002371461,artificial intelligence
A5048464159,artificial intelligence
A5077354979,artificial intelligence
A5000725108,artificial intelligence
A5012410467,artificial intelligence
A5073432187,machine learning
A5069917149,operating system
A5058737140,artificial intelligence
A5067968369,natural language processing
A5062942647,natural language processing
A5005053622,natural language processing
A5023555609,computer vision
A5007283385,artificial intelligence
A5075111843,artificial intelligence
A5016483539,artificial intelligence
A5089384016,artificial intelligence
A5074060437,artificial intelligence
A5030149703,artificial intelligence
A5020954487,artificial intelligence
A5041881347,operating system
A5019562814,operating system
A5036523904,operating system
A5057131605,computer network
A5072911040,artificial intelligence
A5036337826,artificial intelligence
A5033921014,artificial intelligence
A5081492964,operating system
A5036353822,operating system
A5039630344,knowledge management
A5079270098,artificial intelligence
A5036402944,artificial intelligence
A5002483924,artificial intelligence
A5065600238,artificial intelligence
A5005133751,artificial intelligence
A5085824667,artificial intelligence
A5016611645,artificial intelligence
A5057426221,artificial intelligence
A5024869323,artificial intelligence
A5030929146,operating system
A5062035687,operating system
A5005929390,artificial intelligence
A5017252642,artificial intelligence
A5046696167,artificial intelligence
A5082978586,artificial intelligence
A5014333753,artificial intelligence
A5014187358,information retrieval
A5021570324,artificial intelligence
A5074825049,artificial intelligence
A5042234136,computer vision
A5070313477,computer network
A5088205575,artificial intelligence
A5005198579,multimedia
A5080199045,world wide web
A5011397108,natural language processing
A5050214193,artificial intelligence
A5069051297,artificial intelligence
A5027812169,artificial intelligence
A5064590970,artificial intelligence
A5073296083,artificial intelligence
A5074605267,world wide web
A5008420935,data science
A5075198894,operating system
A5066709254,artificial intelligence
A5057652173,artificial intelligence
A5019652929,operating system
A5058790499,multimedia
A5027468777,data science
A5049059264,artificial intelligence
A5010634347,machine learning
A5076926812,theoretical computer science
A5015757567,theoretical computer science
A5083689159,artificial intelligence
A5006425141,artificial intelligence
A5036423574,artificial intelligence
A5077787241,artificial intelligence
A5041923000,artificial intelligence
A5049272422,operating system
A5049688433,artificial intelligence
A5002441721,operating system
A5038851920,world wide web
A5069405328,artificial intelligence
A5085523573,artificial intelligence
A5070947372,artificial intelligence
A5029882806,operating system
A5037177111,artificial intelligence
A5056526187,artificial intelligence
A5052744008,machine learning
A5075893390,artificial intelligence
A5089603217,artificial intelligence
A5065912928,world wide web
A5078745883,machine learning
A5001921007,artificial intelligence
A5025400322,artificial intelligence
A5024316694,artificial intelligence
A5022687238,artificial intelligence
A5049180880,artificial intelligence
A5040239519,operating system
A5020766468,artificial intelligence
A5063975401,operating system
A5062420655,machine learning
A5087210524,artificial intelligence
A5045986250,operating system
A5066625207,artificial intelligence
A5013897423,operating system
A5063103697,artificial intelligence
A5002133656,library science
A5071561586,world wide web
A5083459076,artificial intelligence
A5038365882,operating system
A5068471666,artificial intelligence
A5034241456,operating system
A5028781140,operating system
A5017877623,machine learning
A5030756029,artificial intelligence
A5023689823,artificial intelligence
A5034244055,operating system
A5036144406,operating system
A5061457396,artificial intelligence
A5019417534,world wide web
A5036287213,artificial intelligence
A5032612210,artificial intelligence
A5083981241,artificial intelligence
A5045861613,artificial intelligence
A5089961462,artificial intelligence
A5000264408,artificial intelligence
A5083297013,natural language processing
A5051768981,artificial intelligence
A5046904813,natural language processing
A5082741458,operating system
A5008874238,artificial intelligence
A5022300272,information retrieval
A5084395826,world wide web
A5055433807,artificial intelligence
A5075365612,artificial intelligence
A5007635720,information retrieval
A5014454145,operating system
A5007378564,world wide web
A5015313855,information retrieval
A5055871472,world wide web
A5085796013,artificial intelligence
A5021255849,artificial intelligence
A5019358769,artificial intelligence
A5014478452,artificial intelligence
A5029743598,artificial intelligence
A5065361552,artificial intelligence
A5004256464,computer vision
A5034975888,artificial intelligence
A5027735209,artificial intelligence
A5033571007,artificial intelligence
A5056611541,artificial intelligence
A5066986095,artificial intelligence
A5067383661,machine learning
A5033070280,artificial intelligence
A5045195302,programming language
A5077967819,computer network
A5044925808,world wide web
A5058584634,artificial intelligence
A5023350720,multimedia
A5078935826,artificial intelligence
A5083254496,data science
A5077681143,artificial intelligence
A5073069826,artificial intelligence
A5025307528,artificial intelligence
A5009171911,computer security
A5085843300,data mining
A5041047826,artificial intelligence
A5036998966,programming language
A5006163494,multimedia
A5085816625,artificial intelligence
A5057957125,artificial intelligence
A5071689370,multimedia
A5068696661,artificial intelligence
A5072204746,artificial intelligence
A5067403487,operating system
A5040326170,artificial intelligence
A5039864567,artificial intelligence
A5013948920,artificial intelligence
A5020938729,operating system
A5017188226,operating system
A5014517559,artificial intelligence
A5051885956,artificial intelligence
A5052022373,artificial intelligence
A5056706266,artificial intelligence
A5001242738,artificial intelligence
A5005376242,machine learning
A5083526051,artificial intelligence
A5068877766,artificial intelligence
A5007652754,artificial intelligence
A5002691060,machine learning
A5075180981,machine learning
A5038582366,artificial intelligence
A5081305410,artificial intelligence
A5060016795,artificial intelligence
A5003523497,artificial intelligence
A5034377613,artificial intelligence
A5020701488,artificial intelligence
A5034476137,artificial intelligence
A5080254367,artificial intelligence
A5004188862,artificial intelligence
A5070704114,programming language
A5068043486,artificial intelligence
A5029290215,operating system
A5008579004,programming language
A5087841229,programming language
A5040646771,theoretical computer science
A5047144831,artificial intelligence
A5044423930,computer vision
A5062344249,artificial intelligence
A5030966548,programming language
A5066752823,natural language processing
A5014857454,computer vision
A5066006236,artificial intelligence
A5078798863,artificial intelligence
A5066709657,computer security
A5087967629,programming language
A5008794412,operating system
A5028732400,artificial intelligence
A5066756066,information retrieval
A5074645479,world wide web
A5083999389,knowledge management
A5020976590,machine learning
A5067187209,artificial intelligence
A5033323201,artificial intelligence
A5017426085,artificial intelligence
A5059905053,knowledge management
A5014579085,machine learning
A5025382792,operating system
A5009394692,machine learning
A5026094651,artificial intelligence
A5063653501,artificial intelligence
A5059576212,artificial intelligence
A5070881488,artificial intelligence
A5050857078,artificial intelligence
A5020003389,artificial intelligence
A5050476410,operating system
A5014132696,operating system
A5023981741,artificial intelligence
A5002127716,artificial intelligence
A5056781385,programming language
A5044605948,programming language
A5069151859,programming language
A5008349283,artificial intelligence
A5045640881,operating system
A5026678617,operating system
A5073358106,artificial intelligence
A5001501847,artificial intelligence
A5008382926,artificial intelligence
A5012460382,artificial intelligence
A5088002086,operating system
A5048993540,operating system
A5022772709,operating system
A5006892586,artificial intelligence
A5082794786,artificial intelligence
A5091561256,operating system
A5000053244,artificial intelligence
A5047621337,machine learning
A5069961936,artificial intelligence
A5048815383,artificial intelligence
A5008131303,artificial intelligence
A5039742693,artificial intelligence
A5026250850,artificial intelligence
A5016853247,artificial intelligence
A5089918778,artificial intelligence
A5088866807,artificial intelligence
A5083631981,artificial intelligence
A5039146377,artificial intelligence
A5036940578,artificial intelligence
A5002965339,multimedia
A5045535958,world wide web
A5036467240,operating system
A5000327658,operating system
A5065418517,machine learning
A5001153552,artificial intelligence
A5071115919,operating system
A5037774305,artificial intelligence
A5004898800,artificial intelligence
A5056861824,artificial intelligence
A5026999388,artificial intelligence
A5029600206,artificial intelligence
A5020287759,artificial intelligence
A5003469648,world wide web
A5076089493,operating system
A5019189873,artificial intelligence
A5088761477,artificial intelligence
A5012735016,artificial intelligence
A5056179227,artificial intelligence
A5015939203,artificial intelligence
A5038372194,artificial intelligence
A5063653804,artificial intelligence
A5021901258,artificial intelligence
A5013446855,artificial intelligence
A5060356847,programming language
A5050532692,artificial intelligence
A5011223251,computer vision
A5030425236,machine learning
A5009244291,artificial intelligence
A5081413639,artificial intelligence
A5026391344,artificial intelligence
A5056059857,knowledge management
A5059193307,artificial intelligence
A5073925867,artificial intelligence
A5069122902,computer vision
A5010797318,artificial intelligence
A5054366618,natural language processing
A5023370414,operating system
A5048075490,artificial intelligence
A5037219548,artificial intelligence
A5025096430,programming language
A5041173240,machine learning
A5090169542,machine learning
A5049871271,computer vision
A5034726910,artificial intelligence
A5048388116,artificial intelligence
A5040820339,artificial intelligence
A5059908590,artificial intelligence
A5025443239,artificial intelligence
A5016049438,operating system
A5061331291,artificial intelligence
A5025521877,artificial intelligence
A5077132751,operating system
A5032503212,artificial intelligence
A5047941947,artificial intelligence
A5003967386,artificial intelligence
A5074773084,machine learning
A5083141354,machine learning
A5005819096,artificial intelligence
A5054798240,artificial intelligence
A5073817488,artificial intelligence
A5076698164,artificial intelligence
A5006975104,machine learning
A5078800069,artificial intelligence
A5037145281,data science
A5091041257,artificial intelligence
A5035375371,knowledge management
A5053651798,artificial intelligence
A5076371436,artificial intelligence
A5020085415,programming language
A5018497176,programming language
A5061671556,artificial intelligence
A5089730660,artificial intelligence
A5042838912,artificial intelligence
A5029585707,artificial intelligence
A5067703063,artificial intelligence
A5086545543,operating system
A5043559765,artificial intelligence
A5005425399,artificial intelligence
A5087058066,machine learning
A5031836934,natural language processing
A5027192132,programming language
A5069319868,artificial intelligence
A5081771497,artificial intelligence
A5089410009,machine learning
A5074976219,computer vision
A5010618406,artificial intelligence
A5073621514,artificial intelligence
A5007988816,artificial intelligence
A5028135005,artificial intelligence
A5007627647,natural language processing
A5062765777,natural language processing
A5057332394,operating system
A5005981804,artificial intelligence
A5018212390,computer security
A5013788342,operating system
A5064314449,artificial intelligence
A5050928023,artificial intelligence
A5010152619,artificial intelligence
A5039487411,data science
A5042045478,information retrieval
A5061378179,programming language
A5024120048,artificial intelligence
A5068600969,natural language processing
A5079132490,world wide web
A5043089463,artificial intelligence
A5078310289,artificial intelligence
A5074172386,artificial intelligence
A5047060524,artificial intelligence
A5085625371,artificial intelligence
A5056031534,machine learning
A5091259629,machine learning
A5007119618,artificial intelligence
A5051611887,artificial intelligence
A5032454307,computer vision
A5058784158,operating system
A5022079089,computer network
A5035914116,artificial intelligence
A5045418207,artificial intelligence
A5006582610,machine learning
A5012355825,machine learning
A5046799509,operating system
A5057992591,computer vision
A5048523738,machine learning
A5004420214,artificial intelligence
A5030599113,machine learning
A5064746135,artificial intelligence
A5074887428,artificial intelligence
A5006652905,artificial intelligence
A5029166882,artificial intelligence
A5066063584,artificial intelligence
A5074789049,operating system
A5070575587,artificial intelligence
A5033569193,artificial intelligence
A5014761588,artificial intelligence
A5055236937,artificial intelligence
A5016202203,programming language
A5047050571,artificial intelligence
A5090261224,artificial intelligence
A5091297862,artificial intelligence
A5052813599,database
A5014590756,artificial intelligence
A5031166773,operating system
A5012858632,programming language
A5041213077,programming language
A5038256034,artificial intelligence
A5008047758,multimedia
A5008725612,artificial intelligence
A5035667542,machine learning
A5038691287,machine learning
A5005728644,artificial intelligence
A5043476218,artificial intelligence
A5043681457,artificial intelligence
A5015458273,artificial intelligence
A5022137808,artificial intelligence
A5089261752,machine learning
A5009607601,computer hardware
A5054384258,artificial intelligence
A5000975317,artificial intelligence
A5041282289,operating system
A5080506541,artificial intelligence
A5077391080,multimedia
A5073064677,programming language
A5075109513,artificial intelligence
A5074417323,artificial intelligence
A5015940205,artificial intelligence
A5042150057,artificial intelligence
A5087421133,natural language processing
A5003714897,artificial intelligence
A5061904358,machine learning
A5072824621,artificial intelligence
A5075175655,operating system
A5043258717,operating system
A5054873553,artificial intelligence
A5070384328,artificial intelligence
A5073869637,artificial intelligence
A5086416584,artificial intelligence
A5007776430,computer vision
A5037947876,artificial intelligence
A5023263868,artificial intelligence
A5072356717,artificial intelligence
A5073823629,artificial intelligence
A5014073509,artificial intelligence
A5033625848,artificial intelligence
A5048448258,machine learning
A5081495111,artificial intelligence
A5041914174,machine learning
A5082511903,machine learning
A5060855898,programming language
A5091319914,artificial intelligence
A5056538297,machine learning
A5004169507,machine learning
A5030668200,artificial intelligence
A5091339345,artificial intelligence
A5040895920,operating system
A5083232890,artificial intelligence
A5021187796,artificial intelligence
A5010011257,computer hardware
A5060995132,world wide web
A5018447003,artificial intelligence
A5067530137,computer security
A5091597564,theoretical computer science
A5007349631,artificial intelligence
A5056362774,operating system
A5031335878,artificial intelligence
A5038985128,artificial intelligence
A5039408177,artificial intelligence
A5050819315,artificial intelligence
A5026919456,world wide web
A5036529804,artificial intelligence
A5087532463,artificial intelligence
A5079521911,artificial intelligence
A5076686575,computer vision
A5089388395,artificial intelligence
A5034160482,artificial intelligence
A5044674880,operating system
A5037602500,artificial intelligence
A5076245263,multimedia
A5026895467,computer vision
A5038695446,artificial intelligence
A5024542979,artificial intelligence
A5061587793,artificial intelligence
A5048522863,artificial intelligence
A5008831111,artificial intelligence
A5085544812,artificial intelligence
A5056055322,artificial intelligence
A5061804138,artificial intelligence
A5028171150,artificial intelligence
A5038390659,artificial intelligence
A5025515104,artificial intelligence
A5048831651,artificial intelligence
A5011676424,data mining
A5006634714,artificial intelligence
A5062360079,artificial intelligence
A5050129780,artificial intelligence
A5058832371,natural language processing
A5077512722,artificial intelligence
A5081643763,multimedia
A5007913012,machine learning
A5043920881,artificial intelligence
A5022006934,artificial intelligence
A5025121816,operating system
A5027606133,database
A5039275356,database
A5039351404,artificial intelligence
A5006846371,artificial intelligence
A5037375872,machine learning
A5048977949,artificial intelligence
A5023422322,artificial intelligence
A5004960813,world wide web
A5015536188,programming language
A5084048546,operating system
A5027843256,machine learning
A5023471512,artificial intelligence
A5061102394,operating system
A5012622009,knowledge management
A5056145247,operating system
A5054997402,computer network
A5016336989,natural language processing
A5076575560,artificial intelligence
A5081403204,artificial intelligence
A5028177734,operating system
A5079026866,machine learning
A5055643476,operating system
A5068159299,operating system
A5074444329,database
A5054128312,database
A5022994735,machine learning
A5034196834,programming language
A5058027075,machine learning
A5003894189,knowledge management
A5071670255,machine learning
A5041346545,artificial intelligence
A5012691507,operating system
A5011483147,machine learning
A5007781745,artificial intelligence
A5035022220,programming language
A5040318482,knowledge management
A5075834403,operating system
A5026950255,data science
A5049793842,artificial intelligence
A5062503870,artificial intelligence
A5063732224,artificial intelligence
A5057987893,knowledge management
A5008246390,artificial intelligence
A5010326906,world wide web
A5035093292,artificial intelligence
A5084354737,artificial intelligence
A5068244151,artificial intelligence
A5056645016,artificial intelligence
A5039076544,artificial intelligence
A5067724445,machine learning
A5016858335,artificial intelligence
A5061282430,artificial intelligence
A5007711808,artificial intelligence
A5048651226,artificial intelligence
A5020931358,programming language
A5079271501,artificial intelligence
A5066860255,machine learning
A5036805347,artificial intelligence
A5044485612,artificial intelligence
A5091539743,artificial intelligence
A5017927873,machine learning
A5064611084,machine learning
A5062398007,artificial intelligence
A5083721279,operating system
A5047412092,operating system
A5044947335,data mining
A5081236900,artificial intelligence
A5045445174,artificial intelligence
A5026100587,artificial intelligence
A5076735095,world wide web
A5036075515,artificial intelligence
A5076821637,machine learning
A5090237309,artificial intelligence
A5083108320,machine learning
A5011299350,artificial intelligence
A5060115067,computer network
A5058880006,artificial intelligence
A5029694907,computer network
A5046011244,artificial intelligence
A5039100910,machine learning
A5076892344,machine learning
A5021907837,operating system
A5072052013,artificial intelligence
A5058830023,artificial intelligence
A5029550449,artificial intelligence
A5084251444,artificial intelligence
A5028592413,data mining
A5036237095,artificial intelligence
A5031000631,artificial intelligence
A5084111561,artificial intelligence
A5059621036,programming language
A5079326461,artificial intelligence
A5052956760,artificial intelligence
A5084841479,machine learning
A5018246845,artificial intelligence
A5013574615,computer vision
A5017601087,artificial intelligence
A5001077799,machine learning
A5091138678,artificial intelligence
A5056982344,artificial intelligence
A5083312728,operating system
A5077027391,computer security
A5070094779,computer security
A5081681125,artificial intelligence
A5056879522,artificial intelligence
A5032853935,computer vision
A5021307930,computer vision
A5035198419,computer vision
A5054402327,natural language processing
A5088119255,natural language processing
A5075554964,natural language processing
A5058177812,machine learning
A5045493230,programming language
A5003081363,operating system
A5058703493,artificial intelligence
A5061764240,artificial intelligence
A5042335463,speech recognition
A5005156509,information retrieval
A5059197772,artificial intelligence
A5056354450,artificial intelligence
A5026197986,computer vision
A5029638603,operating system
A5050237901,computer vision
A5055508301,database
A5045130340,database
A5011794554,artificial intelligence
A5021985883,artificial intelligence
A5073217469,computer network
A5026465150,artificial intelligence
A5067400187,artificial intelligence
A5026749502,multimedia
A5037802021,programming language
A5089030037,programming language
A5011087889,library science
A5068961635,library science
A5028817605,artificial intelligence
A5017344176,multimedia
A5058487916,artificial intelligence
A5028497195,natural language processing
A5065805778,operating system
A5071392881,artificial intelligence
A5010524173,artificial intelligence
A5003135780,machine learning
A5058255445,machine learning
A5029023402,artificial intelligence
A5009617861,artificial intelligence
A5014627062,machine learning
A5071404806,knowledge management
A5025402502,artificial intelligence
A5000151610,artificial intelligence
A5024518212,computer network
A5058602475,artificial intelligence
A5036388073,internet privacy
A5000193530,data science
A5047427084,operating system
A5064553223,computer security
A5086689035,operating system
A5053271964,machine learning
A5044492514,artificial intelligence
A5074437283,operating system
A5082255699,knowledge management
A5078121723,knowledge management
A5084732774,artificial intelligence
A5082374186,machine learning
A5048430465,machine learning
A5090385327,artificial intelligence
A5023582370,machine learning
A5058858336,computer vision
A5029491991,computer vision
A5040716355,computer security
A5062882766,artificial intelligence
A5034992579,machine learning
A5057958949,artificial intelligence
A5074504203,artificial intelligence
A5053329831,artificial intelligence
A5023160093,artificial intelligence
A5054152186,operating system
A5088557530,multimedia
A5073063810,machine learning
A5021338266,machine learning
A5008745354,machine learning
A5021831126,artificial intelligence
A5065736198,artificial intelligence
A5073298733,computer network
A5085977862,computer vision
A5062806140,artificial intelligence
A5038279345,artificial intelligence
A5058265197,artificial intelligence
A5051993117,operating system
A5073648176,artificial intelligence
A5003610185,multimedia
A5000591591,artificial intelligence
A5010528160,multimedia
A5048023281,machine learning
A5084374680,artificial intelligence
A5053779211,knowledge management
A5027846686,artificial intelligence
A5028951804,artificial intelligence
A5060242572,knowledge management
A5087590485,artificial intelligence
A5053556475,artificial intelligence
A5073483831,artificial intelligence
A5053868357,artificial intelligence
A5006627628,knowledge management
A5060672826,artificial intelligence
A5060725233,artificial intelligence
A5032025029,data mining
A5047827833,artificial intelligence
A5068805525,artificial intelligence
A5014810269,machine learning
A5072879265,computer security
A5090846181,artificial intelligence
A5043281645,natural language processing
A5045616699,artificial intelligence
A5035994317,programming language
A5049761671,artificial intelligence
A5038320049,artificial intelligence
A5052717928,computer network
A5033538827,artificial intelligence
A5029218215,operating system
A5060094826,artificial intelligence
A5011899729,operating system
A5063206552,artificial intelligence
A5063455689,artificial intelligence
A5079948428,artificial intelligence
A5085544204,programming language
A5027261012,artificial intelligence
A5065820302,artificial intelligence
A5058800952,computer vision
A5074922143,artificial intelligence
A5027970156,artificial intelligence
A5009277638,artificial intelligence
A5008706600,knowledge management
A5074628253,artificial intelligence
A5085476953,data science
A5033807120,data science
A5014574436,artificial intelligence
A5059245574,computer vision
A5028169927,machine learning
A5005478807,artificial intelligence
A5088761598,artificial intelligence
A5015440764,operating system
A5077264197,operating system
A5011364900,operating system
A5076360626,artificial intelligence
A5017666581,artificial intelligence
A5067408685,operating system
A5039318171,artificial intelligence
A5058485006,computer security
A5002871993,artificial intelligence
A5026859436,artificial intelligence
A5086501723,artificial intelligence
A5049351856,artificial intelligence
A5056693774,artificial intelligence
A5035674196,operating system
A5083097231,operating system
A5025751830,multimedia
A5034458270,artificial intelligence
A5001205705,artificial intelligence
A5081691319,artificial intelligence
A5006772669,artificial intelligence
A5055563518,operating system
A5070909366,artificial intelligence
A5054022895,artificial intelligence
A5017894198,artificial intelligence
A5000021578,artificial intelligence
A5028821224,artificial intelligence
A5069787509,artificial intelligence
A5025689347,artificial intelligence
A5032607998,artificial intelligence
A5068369362,artificial intelligence
A5079771987,artificial intelligence
A5071152702,artificial intelligence
A5010010140,operating system
A5052344955,artificial intelligence
A5023582848,artificial intelligence
A5049168150,natural language processing
A5011486552,programming language
A5012862595,artificial intelligence
A5073272621,machine learning
A5035908989,computer vision
A5048193471,computer vision
A5048711005,machine learning
A5045066918,artificial intelligence
A5002326339,natural language processing
A5019510221,artificial intelligence
A5008831085,knowledge management
A5063139370,knowledge management
A5078447681,operating system
A5014473729,computer vision
A5017314770,information retrieval
A5038909431,operating system
A5031676320,artificial intelligence
A5008976756,artificial intelligence
A5026413598,artificial intelligence
A5061103494,world wide web
A5026822590,artificial intelligence
A5001847261,artificial intelligence
A5000596891,multimedia
A5043217581,natural language processing
A5039608991,artificial intelligence
A5046909433,artificial intelligence
A5030517812,artificial intelligence
A5009043032,artificial intelligence
A5037977714,information retrieval
A5060544144,information retrieval
A5001941884,artificial intelligence
A5044397634,machine learning
A5010804093,operating system
A5059642629,artificial intelligence
A5044389040,artificial intelligence
A5019979210,machine learning
A5082451858,machine learning
A5065995835,machine learning
A5071538914,machine learning
A5049922547,machine learning
A5043001449,artificial intelligence
A5036218877,artificial intelligence
A5032975378,operating system
A5034116029,artificial intelligence
A5042858262,operating system
A5061508051,artificial intelligence
A5074539605,artificial intelligence
A5013788170,artificial intelligence
A5051335542,artificial intelligence
A5012097280,operating system
A5051524439,operating system
A5037930354,artificial intelligence
A5051583769,artificial intelligence
A5077413596,operating system
A5055825799,artificial intelligence
A5050386176,database
A5010698414,database
A5080351793,operating system
A5000660872,operating system
A5017878614,artificial intelligence
A5083766345,machine learning
A5012160256,artificial intelligence
A5073824669,artificial intelligence
A5043296622,artificial intelligence
A5061180675,computer network
A5033884105,artificial intelligence
A5016329820,artificial intelligence
A5032244115,artificial intelligence
A5004325166,artificial intelligence
A5010010156,multimedia
A5074820389,artificial intelligence
A5001364298,machine learning
A5066658553,artificial intelligence
A5067702470,artificial intelligence
A5024165528,computer hardware
A5082664405,artificial intelligence
A5088367536,machine learning
A5004494867,artificial intelligence
A5050659925,artificial intelligence
A5072305440,artificial intelligence
A5087343924,machine learning
A5088747750,machine learning
A5063978140,knowledge management
A5083258749,artificial intelligence
A5007378827,artificial intelligence
A5032386271,artificial intelligence
A5023997332,artificial intelligence
A5090992702,artificial intelligence
A5036779530,data science
A5055854017,artificial intelligence
A5052117256,data mining
A5045073687,machine learning
A5001313676,artificial intelligence
A5085270417,knowledge management
A5022130655,artificial intelligence
A5032238070,operating system
A5003397861,operating system
A5019180584,operating system
A5086582716,programming language
A5079658284,operating system
A5081399408,operating system
A5020299213,artificial intelligence
A5085122657,artificial intelligence
A5044188222,artificial intelligence
A5055812585,operating system
A5039844630,artificial intelligence
A5041689611,artificial intelligence
A5060692543,artificial intelligence
A5008148514,programming language
A5028983768,artificial intelligence
A5002582394,artificial intelligence
A5089163333,artificial intelligence
A5050544321,artificial intelligence
A5047355985,artificial intelligence
A5009057782,artificial intelligence
A5000210600,natural language processing
A5057987365,operating system
A5028011973,operating system
A5088895520,artificial intelligence
A5020383319,machine learning
A5003461979,operating system
A5078866129,artificial intelligence
A5031418059,artificial intelligence
A5017374564,machine learning
A5052646530,multimedia
A5075616032,computer vision
A5013308694,artificial intelligence
A5026599111,artificial intelligence
A5054429139,artificial intelligence
A5031855942,world wide web
A5049654481,artificial intelligence
A5007453385,operating system
A5008606318,programming language
A5083612795,artificial intelligence
A5042493982,machine learning
A5004199824,machine learning
A5041545894,machine learning
A5053373172,artificial intelligence
A5060664125,artificial intelligence
A5065433506,artificial intelligence
A5040800850,artificial intelligence
A5067236552,artificial intelligence
A5015891333,artificial intelligence
A5007918840,artificial intelligence
A5031055852,artificial intelligence
A5072330086,programming language
A5023055910,operating system
A5057655686,machine learning
A5083806375,artificial intelligence
A5014205904,machine learning
A5066935641,knowledge management
A5025399641,artificial intelligence
A5071772272,artificial intelligence
A5007269538,artificial intelligence
A5036349703,machine learning
A5034249691,knowledge management
A5050510367,artificial intelligence
A5069128351,artificial intelligence
A5020202718,artificial intelligence
A5022393997,artificial intelligence
A5084225265,operating system
A5066341791,artificial intelligence
A5039156329,artificial intelligence
A5068525791,artificial intelligence
A5006078519,artificial intelligence
A5061710683,computer vision
A5055611722,artificial intelligence
A5008758771,artificial intelligence
A5011853129,artificial intelligence
A5082177890,programming language
A5047570390,operating system
A5042525344,artificial intelligence
A5068465714,operating system
A5020470831,artificial intelligence
A5005433503,machine learning
A5043287912,machine learning
A5074294747,artificial intelligence
A5064863774,operating system
A5086529589,operating system
A5006084463,artificial intelligence
A5018306883,artificial intelligence
A5051085304,machine learning
A5029446502,artificial intelligence
A5086455533,artificial intelligence
A5080684526,artificial intelligence
A5069258041,artificial intelligence
A5091141353,artificial intelligence
A5039326107,artificial intelligence
A5024169371,artificial intelligence
A5026548454,artificial intelligence
A5087180937,multimedia
A5062125384,artificial intelligence
A5003851577,artificial intelligence
A5041279739,artificial intelligence
A5042312434,artificial intelligence
A5063529113,artificial intelligence
A5015460041,artificial intelligence
A5057560419,artificial intelligence
A5079680538,artificial intelligence
A5019617481,operating system
A5053363407,computer network
A5076925992,operating system
A5060451067,operating system
A5008082171,artificial intelligence
A5015027023,artificial intelligence
A5001806573,artificial intelligence
A5036043014,knowledge management
A5073130023,multimedia
A5081244981,multimedia
A5004839622,multimedia
A5045438558,data science
A5057988033,data science
A5069515302,machine learning
A5074494312,operating system
A5062211132,computer network
A5004504514,world wide web
A5023215823,operating system
A5085301137,artificial intelligence
A5020534140,artificial intelligence
A5048028976,artificial intelligence
A5056528356,artificial intelligence
A5002853720,multimedia
A5030433889,natural language processing
A5022764094,library science
A5078148545,operating system
A5005093725,artificial intelligence
A5059357518,data science
A5008668739,artificial intelligence
A5084775399,natural language processing
A5043514474,artificial intelligence
A5059048631,artificial intelligence
A5025903643,artificial intelligence
A5041138306,artificial intelligence
A5001475174,artificial intelligence
A5073586968,operating system
A5083135976,machine learning
A5048786601,artificial intelligence
A5091458117,world wide web
A5073767853,artificial intelligence
A5088672975,artificial intelligence
A5081516210,artificial intelligence
A5086424104,artificial intelligence
A5074466064,data mining
A5083880902,computer network
A5074196302,artificial intelligence
A5089734589,artificial intelligence
A5078193306,operating system
A5009740819,artificial intelligence
A5039903960,operating system
A5026815776,world wide web
A5040856389,world wide web
A5016921845,computer vision
A5064856008,artificial intelligence
A5067969499,machine learning
A5071387519,artificial intelligence
A5041352323,artificial intelligence
A5015544771,machine learning
A5029422530,machine learning
A5056912975,machine learning
A5030159627,artificial intelligence
A5025818295,machine learning
A5080452629,operating system
A5048507417,database
A5044652195,artificial intelligence
A5036879976,artificial intelligence
A5081914029,artificial intelligence
A5008286738,artificial intelligence
A5068897771,artificial intelligence
A5008018459,artificial intelligence
A5047794314,knowledge management
A5038397688,computer security
A5000434399,artificial intelligence
A5069019746,artificial intelligence
A5083359735,machine learning
A5000134513,knowledge management
A5069100180,multimedia
A5087295769,world wide web
A5088510975,multimedia
A5049879839,operating system
A5012857374,artificial intelligence
A5011037821,artificial intelligence
A5081794070,artificial intelligence
A5002254524,machine learning
A5000532612,artificial intelligence
A5051623888,database
A5088570484,multimedia
A5044557847,artificial intelligence
A5041610283,artificial intelligence
A5010353102,operating system
A5024338150,theoretical computer science
A5045842854,computer hardware
A5089296319,operating system
A5082325954,operating system
A5016842746,artificial intelligence
A5024194443,artificial intelligence
A5024946758,artificial intelligence
A5007901564,information retrieval
A5022048878,machine learning
A5048324208,artificial intelligence
A5086505024,artificial intelligence
A5025856514,artificial intelligence
A5047257992,operating system
A5062835253,artificial intelligence
A5042878649,artificial intelligence
A5056313042,artificial intelligence
A5003844947,natural language processing
A5008032860,artificial intelligence
A5043115974,theoretical computer science
A5084092632,operating system
A5035091480,artificial intelligence
A5023547653,artificial intelligence
A5068481664,artificial intelligence
A5018416138,machine learning
A5004967932,artificial intelligence
A5079329106,artificial intelligence
A5062121762,artificial intelligence
A5031466318,knowledge management
A5036873933,artificial intelligence
A5036547128,artificial intelligence
A5076069998,artificial intelligence
A5067829868,operating system
A5018171453,artificial intelligence
A5040448497,artificial intelligence
A5038051198,knowledge management
A5001290800,multimedia
A5004829298,operating system
A5033577431,multimedia
A5044125474,information retrieval
A5043655110,artificial intelligence
A5077829378,machine learning
A5056500848,artificial intelligence
A5028068257,artificial intelligence
A5083314541,machine learning
A5064876801,artificial intelligence
A5005686839,operating system
A5036823963,artificial intelligence
A5005161189,artificial intelligence
A5009197761,artificial intelligence
A5053347421,machine learning
A5078542822,programming language
A5084823078,artificial intelligence
A5085554531,machine learning
A5072639010,artificial intelligence
A5064460494,world wide web
A5089247128,artificial intelligence
A5047196019,artificial intelligence
A5028509719,machine learning
A5046130084,machine learning
A5041937901,computer network
A5006338234,computer network
A5029490987,computer network
A5003890036,artificial intelligence
A5061449196,artificial intelligence
A5045754565,artificial intelligence
A5019391678,artificial intelligence
A5063305995,artificial intelligence
A5060877237,artificial intelligence
A5082802691,artificial intelligence
A5045025939,artificial intelligence
A5003056655,artificial intelligence
A5063114477,world wide web
A5084310114,artificial intelligence
A5024239321,artificial intelligence
A5082143127,artificial intelligence
A5064353243,artificial intelligence
A5039491324,artificial intelligence
A5017696413,artificial intelligence
A5015798626,computer network
A5057420103,artificial intelligence
A5024194397,machine learning
A5082118662,artificial intelligence
A5032378153,artificial intelligence
A5059662291,information retrieval
A5075461704,artificial intelligence
A5000951629,artificial intelligence
A5025584964,machine learning
A5025240022,machine learning
A5089642999,library science
A5085009232,data science
A5091290216,computer vision
A5055043960,artificial intelligence
A5059176055,world wide web
A5046994961,artificial intelligence
A5082378141,data science
A5041551569,artificial intelligence
A5025315300,operating system
A5046841594,world wide web
A5039279679,computer security
A5066252480,computer security
A5046896071,operating system
A5046909216,artificial intelligence
A5001414178,machine learning
A5017641515,database
A5000219510,database
A5055266234,artificial intelligence
A5065600649,operating system
A5065243927,artificial intelligence
A5037960046,artificial intelligence
A5063943840,artificial intelligence
A5050373978,artificial intelligence
A5008432409,machine learning
A5021743856,machine learning
A5069272522,operating system
A5001596439,artificial intelligence
A5040507648,artificial intelligence
A5054932730,machine learning
A5009897399,machine learning
A5065988334,artificial intelligence
A5069813871,data science
A5066999251,operating system
A5084019086,operating system
A5035852374,world wide web
A5091806083,data science
A5044633511,artificial intelligence
A5073135124,artificial intelligence
A5027188391,artificial intelligence
A5041849396,operating system
A5044305037,machine learning
A5045704498,artificial intelligence
A5080171014,data science
A5054529234,data mining
A5004082765,data mining
A5028574240,data mining
A5001571075,machine learning
A5060758322,operating system
A5039372152,artificial intelligence
A5086520315,operating system
A5003126186,artificial intelligence
A5036787025,artificial intelligence
A5006548981,programming language
A5013230954,artificial intelligence
A5077895764,programming language
A5067945257,machine learning
A5060938368,artificial intelligence
A5066265493,artificial intelligence
A5084935463,artificial intelligence
A5062262387,artificial intelligence
A5090433262,artificial intelligence
A5064012317,programming language
A5007696663,artificial intelligence
A5057652752,machine learning
A5011224328,machine learning
A5042245077,artificial intelligence
A5075875216,programming language
A5043778695,artificial intelligence
A5052888425,operating system
A5031212256,operating system
A5009116003,operating system
A5047516173,operating system
A5011477804,natural language processing
A5026422324,artificial intelligence
A5083420537,artificial intelligence
A5038684006,artificial intelligence
A5023720327,artificial intelligence
A5029672023,operating system
A5081523018,artificial intelligence
A5056335502,artificial intelligence
A5059533665,artificial intelligence
A5069471943,programming language
A5033364748,artificial intelligence
A5003242716,machine learning
A5011388533,programming language
A5037543382,programming language
A5046899369,programming language
A5003021117,machine learning
A5014851152,artificial intelligence
A5054950249,data mining
A5077507784,natural language processing
A5048547269,machine learning
A5054809800,knowledge management
A5039350183,artificial intelligence
A5026603038,artificial intelligence
A5008915219,artificial intelligence
A5041117623,artificial intelligence
A5034125011,artificial intelligence
A5033692358,artificial intelligence
A5000531588,data mining
A5053951318,artificial intelligence
A5014872645,multimedia
A5072823382,machine learning
A5072961494,computer network
A5071605938,computer vision
A5088231786,programming language
A5025088388,programming language
A5027837299,programming language
A5036603102,artificial intelligence
A5029823262,artificial intelligence
A5091690725,artificial intelligence
A5007910585,multimedia
A5049772723,multimedia
A5043800617,multimedia
A5048756710,multimedia
A5007103270,multimedia
A5023101635,artificial intelligence
A5063545664,artificial intelligence
A5060354474,operating system
A5084128034,operating system
A5065747860,artificial intelligence
A5088017193,machine learning
A5056928412,machine learning
A5022117243,machine learning
A5053553403,machine learning
A5063659031,programming language
A5086560136,programming language
A5050908003,machine learning
A5086746215,database
A5065139899,computer vision
A5065386571,operating system
A5052352041,computer vision
A5058101898,operating system
A5041616196,operating system
A5053232624,operating system
A5037909285,knowledge management
A5067494620,knowledge management
A5077641623,knowledge management
A5038699091,artificial intelligence
A5026816299,artificial intelligence
A5045770650,artificial intelligence
A5015940608,multimedia
A5043498688,artificial intelligence
A5063902411,artificial intelligence
A5015443362,computer network
A5039894075,operating system
A5088565165,machine learning
A5071837638,machine learning
A5009117324,operating system
A5015183168,data science
A5059148920,artificial intelligence
A5016996135,artificial intelligence
A5073068970,operating system
A5063882304,machine learning
A5083933910,computer vision
A5042309515,machine learning
A5005196305,knowledge management
A5077570468,operating system
A5004489029,computer network
A5048845561,artificial intelligence
A5042618993,operating system
A5019608888,computer network
A5046010374,artificial intelligence
A5034911958,artificial intelligence
A5021455967,artificial intelligence
A5074811148,machine learning
A5045728253,artificial intelligence
A5050779399,computer vision
A5008256152,operating system
A5006318006,operating system
A5018407541,artificial intelligence
A5044222965,operating system
A5009663402,artificial intelligence
A5011789606,artificial intelligence
A5067489877,operating system
A5013657321,artificial intelligence
A5025587574,artificial intelligence
A5046338468,operating system
A5032439211,natural language processing
A5025944604,artificial intelligence
A5026329498,machine learning
A5074454480,machine learning
A5030391747,machine learning
A5009719839,machine learning
A5069696874,artificial intelligence
A5061572554,artificial intelligence
A5054693868,data mining
A5031313030,artificial intelligence
A5033467716,artificial intelligence
A5054292786,artificial intelligence
A5072263396,artificial intelligence
A5032087029,artificial intelligence
A5052777783,artificial intelligence
A5081189071,artificial intelligence
A5009624242,world wide web
A5025987295,data science
A5017371653,programming language
A5071194817,operating system
A5086426770,artificial intelligence
A5035133006,artificial intelligence
A5046963922,artificial intelligence
A5018532337,natural language processing
A5003665931,machine learning
A5040867009,artificial intelligence
A5025128058,programming language
A5047168130,programming language
A5077447924,artificial intelligence
A5052960392,machine learning
A5068772700,artificial intelligence
A5024641160,operating system
A5074526776,operating system
A5038502624,operating system
A5068680543,artificial intelligence
A5049733220,machine learning
A5058256774,programming language
A5052439105,theoretical computer science
A5047047082,machine learning
A5046868227,artificial intelligence
A5024732054,artificial intelligence
A5018643548,computer vision
A5003474593,data science
A5020557784,operating system
A5054085833,artificial intelligence
A5038330876,machine learning
A5019510267,machine learning
A5055449436,operating system
A5040492776,artificial intelligence
A5061943102,multimedia
A5007529185,multimedia
A5054513302,multimedia
A5074594397,artificial intelligence
A5019399723,artificial intelligence
A5008016300,distributed computing
A5017753490,programming language
A5050699628,knowledge management
A5021581203,artificial intelligence
A5052111018,artificial intelligence
A5076763328,multimedia
A5013607929,operating system
A5050234051,operating system
A5087017967,machine learning
A5020215016,operating system
A5069030275,artificial intelligence
A5072477209,machine learning
A5029032513,machine learning
A5045650669,machine learning
A5028230314,artificial intelligence
A5067147060,artificial intelligence
A5029809416,data science
A5028639895,operating system
A5049687300,artificial intelligence
A5046580532,machine learning
A5066871058,machine learning
A5027041821,machine learning
A5065349389,artificial intelligence
A5060344743,artificial intelligence
A5019802144,artificial intelligence
A5014567417,computer vision
A5087079632,computer vision
A5054886865,machine learning
A5072293897,artificial intelligence
A5088227417,computer network
A5012181272,artificial intelligence
A5075503289,information retrieval
A5027896204,natural language processing
A5011428140,artificial intelligence
A5033154566,computer vision
A5006367363,artificial intelligence
A5085493425,artificial intelligence
A5057713317,operating system
A5048498009,operating system
A5062484272,artificial intelligence
A5025146424,computer vision
A5065103085,computer security
A5027577174,artificial intelligence
A5035810110,machine learning
A5065129802,machine learning
A5040259095,machine learning
A5091241328,artificial intelligence
A5089835902,machine learning
A5043637160,artificial intelligence
A5008547953,artificial intelligence
A5088805400,artificial intelligence
A5088055811,artificial intelligence
A5008487999,artificial intelligence
A5031093298,artificial intelligence
A5022587353,machine learning
A5023876926,artificial intelligence
A5079125727,artificial intelligence
A5083927196,artificial intelligence
A5050588703,artificial intelligence
A5043505978,data mining
A5006728664,artificial intelligence
A5069860663,computer security
A5066711776,computer security
A5060451557,operating system
A5002526236,artificial intelligence
A5007866175,artificial intelligence
A5011154173,artificial intelligence
A5082652858,artificial intelligence
A5083606443,operating system
A5074577891,programming language
A5033358395,operating system
A5087826626,world wide web
A5054582138,programming language
A5033690926,machine learning
A5042184902,artificial intelligence
A5053574767,machine learning
A5090084990,knowledge management
A5056365651,computer vision
A5091267586,artificial intelligence
A5054870351,artificial intelligence
A5021987860,operating system
A5066037875,speech recognition
A5014346883,operating system
A5084200880,operating system
A5013920359,programming language
A5036652880,artificial intelligence
A5008474318,artificial intelligence
A5024074640,artificial intelligence
A5042043235,operating system
A5035320467,operating system
A5017454448,operating system
A5062134781,artificial intelligence
A5081820370,machine learning
A5074147556,operating system
A5088978088,machine learning
A5081887346,computer vision
A5046785666,artificial intelligence
A5007001727,operating system
A5012789057,machine learning
A5029523674,database
A5043810943,database
A5043982736,database
A5052158324,artificial intelligence
A5056106758,operating system
A5083970373,world wide web
A5068861203,multimedia
A5013114291,multimedia
A5030307811,artificial intelligence
A5072912321,artificial intelligence
A5065909965,artificial intelligence
A5004713914,artificial intelligence
A5018419184,operating system
A5047432041,artificial intelligence
A5088948389,artificial intelligence
A5001710080,natural language processing
A5071797359,artificial intelligence
A5077676059,artificial intelligence
A5018249711,world wide web
A5008913234,operating system
A5019279529,artificial intelligence
A5071893896,artificial intelligence
A5089698608,data science
A5035248850,data science
A5065755044,data science
A5012001578,data science
A5044920253,data science
A5003707776,data science
A5041551573,data science
A5074651887,data science
A5031148668,artificial intelligence
A5051646378,data science
A5021723551,data science
A5031581691,machine learning
A5059198581,data science
A5077079297,data science
A5028374852,data science
A5010127090,data science
A5088652478,data science
A5022875527,data science
A5032816815,artificial intelligence
A5030633441,artificial intelligence
A5043820475,artificial intelligence
A5077215467,data science
A5054273396,knowledge management
A5004667561,computer security
A5014548978,artificial intelligence
A5035154189,artificial intelligence
A5010538335,computer security
A5017982175,artificial intelligence
A5001437325,computer security
A5003431636,artificial intelligence
A5020282398,artificial intelligence
A5025718114,machine learning
A5069405056,knowledge management
A5070000184,data mining
A5015577615,operating system
A5050366255,artificial intelligence
A5020095393,computer security
A5005496456,database
A5090047790,artificial intelligence
A5020893990,knowledge management
A5005975901,knowledge management
A5089142484,knowledge management
A5024771172,operating system
A5036824671,knowledge management
A5087644087,knowledge management
A5003934127,knowledge management
A5058422516,knowledge management
A5040034252,knowledge management
A5006242646,multimedia
A5022621183,multimedia
A5033643410,computer security
A5041430435,computer security
A5054213023,artificial intelligence
A5039376713,machine learning
A5055636975,artificial intelligence
A5088843638,artificial intelligence
A5001071353,artificial intelligence
A5030786401,artificial intelligence
A5085159074,machine learning
A5049263279,machine learning
A5045856611,multimedia
A5090539557,artificial intelligence
A5072772215,artificial intelligence
A5075142320,computer vision
A5009251700,machine learning
A5072587426,machine learning
A5075900048,artificial intelligence
A5060626149,operating system
A5063135670,machine learning
A5058761613,machine learning
A5078892209,machine learning
A5050792570,world wide web
A5013224105,operating system
A5036808209,computer security
A5069704629,artificial intelligence
A5085534724,computer vision
A5020857042,machine learning
A5067430892,data mining
A5023775732,database
A5005268944,operating system
A5030202599,programming language
A5059403671,multimedia
A5067949412,knowledge management
A5041905573,artificial intelligence
A5014695703,artificial intelligence
A5029780474,artificial intelligence
A5037592487,artificial intelligence
A5030736465,artificial intelligence
A5057683788,artificial intelligence
A5027772462,artificial intelligence
A5005807229,artificial intelligence
A5066875818,artificial intelligence
A5050370265,artificial intelligence
A5011529695,artificial intelligence
A5044185510,artificial intelligence
A5060997956,artificial intelligence
A5085174241,artificial intelligence
A5068355437,artificial intelligence
A5058079811,computer security
A5088647143,artificial intelligence
A5074379769,artificial intelligence
A5086757907,artificial intelligence
A5068882561,artificial intelligence
A5080589724,operating system
A5046561292,artificial intelligence
A5061121499,artificial intelligence
A5000941480,artificial intelligence
A5060257094,operating system
A5062502028,world wide web
A5013229696,artificial intelligence
A5031128940,artificial intelligence
A5006613812,artificial intelligence
A5050204068,artificial intelligence
A5042215125,artificial intelligence
A5080525294,artificial intelligence
A5017244246,operating system
A5023111305,operating system
A5056681638,operating system
A5083861707,artificial intelligence
A5004088800,operating system
A5010342999,operating system
A5003552788,multimedia
A5039192166,artificial intelligence
A5004389746,artificial intelligence
A5019172273,artificial intelligence
A5018419430,world wide web
A5091702815,artificial intelligence
A5020425987,artificial intelligence
A5073056663,artificial intelligence
A5002185900,artificial intelligence
A5087452092,artificial intelligence
A5044744505,computer security
A5048597105,artificial intelligence
A5066597979,operating system
A5079619712,artificial intelligence
A5021714967,artificial intelligence
A5089243712,artificial intelligence
A5007902261,artificial intelligence
A5052211987,artificial intelligence
A5011355711,artificial intelligence
A5077189237,artificial intelligence
A5085438098,artificial intelligence
A5036863977,artificial intelligence
A5084229298,artificial intelligence
A5075004674,artificial intelligence
A5055783862,operating system
A5090113628,machine learning
A5006288819,machine learning
A5006722413,computer vision
A5053947754,artificial intelligence
A5089293948,artificial intelligence
A5036069559,artificial intelligence
A5084241811,computer security
A5038540242,operating system
A5020015236,operating system
A5070716653,database
A5045524479,computer vision
A5001289808,multimedia
A5068403137,artificial intelligence
A5007913119,world wide web
A5016652475,artificial intelligence
A5020838849,machine learning
A5011801898,world wide web
A5048153492,artificial intelligence
A5027479811,artificial intelligence
A5074588398,operating system
A5006144581,database
A5070102204,information retrieval
A5033880574,operating system
A5031755501,artificial intelligence
A5013337584,machine learning
A5036290844,world wide web
A5012459188,operating system
A5054647648,artificial intelligence
A5010345888,knowledge management
A5019386914,knowledge management
A5055762226,multimedia
A5020494867,artificial intelligence
A5025281874,operating system
A5010646067,world wide web
A5033807547,data mining
A5058807010,computer security
A5083723699,machine learning
A5010806813,machine learning
A5083801543,operating system
A5014097649,artificial intelligence
A5074553479,programming language
A5080714926,computer vision
A5078987894,machine learning
A5041306893,machine learning
A5024556694,operating system
A5004466244,knowledge management
A5011097315,artificial intelligence
A5069735967,artificial intelligence
A5021793804,artificial intelligence
A5071103392,operating system
A5041089064,natural language processing
A5078746710,artificial intelligence
A5081270118,artificial intelligence
A5052450623,artificial intelligence
A5054421093,machine learning
A5091909895,artificial intelligence
A5057943401,speech recognition
A5022609544,speech recognition
A5011481879,machine learning
A5083257472,machine learning
A5046406542,operating system
A5082196220,computer network
A5056526799,artificial intelligence
A5046471257,programming language
A5028055243,operating system
A5012192471,artificial intelligence
A5029952112,artificial intelligence
A5015290076,computer vision
A5047206951,machine learning
A5006930854,machine learning
A5066093138,artificial intelligence
A5009588248,artificial intelligence
A5066144443,artificial intelligence
A5089068488,artificial intelligence
A5069288055,operating system
A5000115370,artificial intelligence
A5081755462,operating system
A5005329047,operating system
A5082496695,artificial intelligence
A5088267845,artificial intelligence
A5041497068,artificial intelligence
A5090882219,artificial intelligence
A5060837952,information retrieval
A5008514706,computer security
A5064337936,operating system
A5000790357,machine learning
A5081391199,artificial intelligence
A5049142331,data science
A5060062349,artificial intelligence
A5021566328,artificial intelligence
A5072477885,internet privacy
A5059907665,machine learning
A5011118965,computer vision
A5024434607,machine learning
A5002185975,operating system
A5026637163,computer network
A5034470307,multimedia
A5042811802,artificial intelligence
A5005391708,artificial intelligence
A5070470875,artificial intelligence
A5018905219,operating system
A5019902679,artificial intelligence
A5019938471,world wide web
A5085354389,programming language
A5084809478,artificial intelligence
A5047829787,operating system
A5032811876,artificial intelligence
A5011142830,artificial intelligence
A5016325724,artificial intelligence
A5077303264,world wide web
A5084568936,data science
A5008035014,speech recognition
A5073180350,operating system
A5036234468,artificial intelligence
A5017245207,machine learning
A5052268272,machine learning
A5086896526,machine learning
A5038224687,artificial intelligence
A5026277998,artificial intelligence
A5043741557,programming language
A5066406055,artificial intelligence
A5037095426,artificial intelligence
A5024555154,machine learning
A5076902388,artificial intelligence
A5039170332,operating system
A5033175709,artificial intelligence
A5039838085,artificial intelligence
A5067993288,artificial intelligence
A5061796010,artificial intelligence
A5062718839,artificial intelligence
A5001567075,artificial intelligence
A5056577197,natural language processing
A5014849100,operating system
A5009556861,world wide web
A5086449107,artificial intelligence
A5027493272,computer vision
A5018501943,artificial intelligence
A5036208626,artificial intelligence
A5052903032,machine learning
A5050787872,world wide web
A5034621834,operating system
A5050410171,artificial intelligence
A5059013717,artificial intelligence
A5011824780,world wide web
A5060697521,computer security
A5010705908,artificial intelligence
A5002078651,natural language processing
A5083125799,artificial intelligence
A5068081385,artificial intelligence
A5000761707,programming language
A5017445294,artificial intelligence
A5034311673,knowledge management
A5016399094,artificial intelligence
A5057742263,artificial intelligence
A5037577175,artificial intelligence
A5054023833,artificial intelligence
A5013000993,artificial intelligence
A5047405956,artificial intelligence
A5028235866,artificial intelligence
A5018471212,computer vision
A5065295003,computer security
A5020662429,artificial intelligence
A5041246626,artificial intelligence
A5000651584,artificial intelligence
A5035260916,artificial intelligence
A5016400353,programming language
A5044527134,database
A5039831949,artificial intelligence
A5020563993,operating system
A5021090586,artificial intelligence
A5016657852,operating system
A5088272059,artificial intelligence
A5070278470,artificial intelligence
A5070407294,artificial intelligence
A5039644615,artificial intelligence
A5013815726,artificial intelligence
A5060840397,artificial intelligence
A5083575300,artificial intelligence
A5065353669,computer vision
A5068938836,artificial intelligence
A5070252862,artificial intelligence
A5005072600,artificial intelligence
A5070453482,artificial intelligence
A5014610602,machine learning
A5047402732,artificial intelligence
A5016305525,computer vision
A5048380651,programming language
A5070187045,artificial intelligence
A5070691337,artificial intelligence
A5001429765,artificial intelligence
A5020132853,artificial intelligence
A5086937636,artificial intelligence
A5019101903,artificial intelligence
A5020192483,artificial intelligence
A5053225136,data mining
A5031964906,programming language
A5052111624,programming language
A5003885963,programming language
A5003037560,operating system
A5091766067,operating system
A5025773259,operating system
A5032045429,operating system
A5053487890,operating system
A5020299748,artificial intelligence
A5047781401,artificial intelligence
A5009484350,artificial intelligence
A5051178626,programming language
A5004840015,multimedia
A5054723955,multimedia
A5002572745,artificial intelligence
A5034689606,database
A5068728111,operating system
A5042364626,knowledge management
A5001047743,machine learning
A5000104272,operating system
A5075449032,artificial intelligence
A5025286783,artificial intelligence
A5015332851,artificial intelligence
A5030499889,artificial intelligence
A5072420283,artificial intelligence
A5031305137,artificial intelligence
A5000014798,natural language processing
A5055108480,artificial intelligence
A5076224482,artificial intelligence
A5016898838,computer vision
A5063828713,artificial intelligence
A5006666660,multimedia
A5046795668,artificial intelligence
A5010591329,multimedia
A5051683067,operating system
A5049879108,artificial intelligence
A5052151922,artificial intelligence
A5061973703,artificial intelligence
A5019930454,library science
A5083159673,artificial intelligence
A5090718285,artificial intelligence
A5008701130,artificial intelligence
A5026361980,knowledge management
A5045410589,knowledge management
A5050873305,database
A5055523051,operating system
A5088436673,data science
A5039802638,world wide web
A5039091511,world wide web
A5041332968,artificial intelligence
A5060902414,operating system
A5014873867,operating system
A5046955009,artificial intelligence
A5021333255,artificial intelligence
A5042699267,world wide web
A5052066899,machine learning
A5082294349,machine learning
A5027496192,machine learning
A5077205828,artificial intelligence
A5008497112,artificial intelligence
A5001128803,artificial intelligence
A5014692515,artificial intelligence
A5040046265,artificial intelligence
A5084143622,artificial intelligence
A5010444375,artificial intelligence
A5084919715,artificial intelligence
A5024324589,artificial intelligence
A5085574733,artificial intelligence
A5019300587,artificial intelligence
A5020840486,operating system
A5033064194,artificial intelligence
A5068318026,artificial intelligence
A5055397718,artificial intelligence
A5051718552,machine learning
A5086345627,artificial intelligence
A5070022559,artificial intelligence
A5031609548,artificial intelligence
A5026874614,artificial intelligence
A5066391682,computer network
A5028034113,artificial intelligence
A5032404816,artificial intelligence
A5084233941,artificial intelligence
A5059150661,artificial intelligence
A5054888563,database
A5043864804,programming language
A5074722232,artificial intelligence
A5032211480,world wide web
A5039697780,database
A5058018605,operating system
A5020436464,operating system
A5080035034,operating system
A5067234669,operating system
A5051279651,artificial intelligence
A5018245242,data science
A5081038544,data mining
A5078413286,data mining
A5023858915,knowledge management
A5019341781,computer network
A5014058475,computer network
A5010847831,artificial intelligence
A5001350147,database
A5086742517,natural language processing
A5054133149,artificial intelligence
A5073757790,artificial intelligence
A5059834579,operating system
A5071887176,artificial intelligence
A5046147736,operating system
A5079508608,natural language processing
A5045162983,natural language processing
A5073685161,artificial intelligence
A5090778317,artificial intelligence
A5041209874,artificial intelligence
A5065642714,artificial intelligence
A5005717600,artificial intelligence
A5042645346,artificial intelligence
A5029146133,artificial intelligence
A5020710752,artificial intelligence
A5037613252,artificial intelligence
A5066377493,operating system
A5049185343,artificial intelligence
A5019022339,operating system
A5054156836,operating system
A5059474339,artificial intelligence
A5054534288,artificial intelligence
A5081822197,programming language
A5035581056,knowledge management
A5062589034,knowledge management
A5087459996,artificial intelligence
A5012603045,multimedia
A5056961214,artificial intelligence
A5056900058,artificial intelligence
A5024050371,artificial intelligence
A5056637501,artificial intelligence
A5038578418,database
A5070333614,operating system
A5066484485,artificial intelligence
A5057217745,machine learning
A5080519081,artificial intelligence
A5014208159,computer vision
A5037046159,artificial intelligence
A5030470998,computer vision
A5058883941,artificial intelligence
A5044687404,machine learning
A5051890098,operating system
A5016492145,artificial intelligence
A5015665829,artificial intelligence
A5013462901,artificial intelligence
A5048549674,internet privacy
A5080698957,computer security
A5007372393,artificial intelligence
A5057217338,artificial intelligence
A5051527233,artificial intelligence
A5037817653,knowledge management
A5043308279,knowledge management
A5010487736,artificial intelligence
A5048320747,artificial intelligence
A5021571282,computer hardware
A5040437691,artificial intelligence
A5074612596,operating system
A5005007359,multimedia
A5036265658,operating system
A5016167985,artificial intelligence
A5091502353,artificial intelligence
A5081943085,artificial intelligence
A5078361858,knowledge management
A5042519872,artificial intelligence
A5006835785,artificial intelligence
A5000365826,computer vision
A5054610697,artificial intelligence
A5038151239,artificial intelligence
A5062021845,artificial intelligence
A5018945428,artificial intelligence
A5051747364,artificial intelligence
A5073619802,artificial intelligence
A5050936518,programming language
A5074293291,operating system
A5068316894,programming language
A5070521308,artificial intelligence
A5053483603,programming language
A5083574925,computer network
A5026341306,artificial intelligence
A5006642219,artificial intelligence
A5081250646,artificial intelligence
A5044970397,computer network
A5007234161,artificial intelligence
A5084831906,artificial intelligence
A5054710928,artificial intelligence
A5033376903,artificial intelligence
A5083229284,machine learning
A5047305346,data science
A5078467081,artificial intelligence
A5072826311,machine learning
A5082126917,artificial intelligence
A5042799498,artificial intelligence
A5085887256,machine learning
A5049721976,machine learning
A5054165513,artificial intelligence
A5030225388,artificial intelligence
A5074447861,artificial intelligence
A5091695994,artificial intelligence
A5082364638,machine learning
A5085132639,artificial intelligence
A5017703480,artificial intelligence
A5039302980,artificial intelligence
A5003050958,artificial intelligence
A5088018133,computer vision
A5000377443,artificial intelligence
A5013042062,artificial intelligence
A5090207401,machine learning
A5022255387,artificial intelligence
A5045051599,artificial intelligence
A5060432914,artificial intelligence
A5004627713,artificial intelligence
A5085579019,artificial intelligence
A5056734481,artificial intelligence
A5077937900,artificial intelligence
A5041246989,artificial intelligence
A5082850759,artificial intelligence
A5066411558,artificial intelligence
A5057483408,machine learning
A5052265511,speech recognition
A5087645633,multimedia
A5079646864,machine learning
A5091140893,operating system
A5069455606,operating system
A5048863926,machine learning
A5082067507,artificial intelligence
A5054509736,artificial intelligence
A5066881801,artificial intelligence
A5067037895,artificial intelligence
A5080650629,artificial intelligence
A5011940674,operating system
A5005600427,artificial intelligence
A5031947253,artificial intelligence
A5067868523,natural language processing
A5067843785,artificial intelligence
A5028525233,artificial intelligence
A5030906710,artificial intelligence
A5079728013,artificial intelligence
A5022171587,natural language processing
A5078028257,programming language
A5056745672,artificial intelligence
A5055873845,artificial intelligence
A5078292131,machine learning
A5087505954,machine learning
A5083042132,natural language processing
A5071994219,natural language processing
A5004479027,computer vision
A5077692861,artificial intelligence
A5030627586,artificial intelligence
A5077261983,operating system
A5028494999,artificial intelligence
A5070838122,artificial intelligence
A5029536513,natural language processing
A5091178677,artificial intelligence
A5036532788,operating system
A5053604081,data mining
A5067072208,artificial intelligence
A5078116177,natural language processing
A5028333384,programming language
A5051290514,programming language
A5039560880,artificial intelligence
A5054554948,programming language
A5074330754,programming language
A5075925914,programming language
A5019740733,programming language
A5034480261,artificial intelligence
A5053470789,machine learning
A5048313674,computer vision
A5059986904,information retrieval
A5031539369,artificial intelligence
A5041399642,natural language processing
A5088891827,artificial intelligence
A5007176508,artificial intelligence
A5005197120,world wide web
A5005778190,operating system
A5017776348,artificial intelligence
A5015786030,computer security
A5002025809,artificial intelligence
A5074121597,computer security
A5038304394,computer security
A5073410049,computer security
A5013685178,machine learning
A5009622679,artificial intelligence
A5073550054,artificial intelligence
A5047865082,artificial intelligence
A5056835399,artificial intelligence
A5046814585,machine learning
A5081010934,artificial intelligence
A5035262752,artificial intelligence
A5015772076,artificial intelligence
A5014821487,artificial intelligence
A5009308031,artificial intelligence
A5032994993,artificial intelligence
A5035731144,artificial intelligence
A5025012438,artificial intelligence
A5000004709,artificial intelligence
A5060200216,computer vision
A5079117540,database
A5005305109,artificial intelligence
A5024916267,artificial intelligence
A5001227222,artificial intelligence
A5015728080,machine learning
A5031160050,machine learning
A5020834836,machine learning
A5029022777,machine learning
A5052946333,machine learning
A5089927838,machine learning
A5004877240,machine learning
A5032018050,artificial intelligence
A5061221108,artificial intelligence
A5016899033,artificial intelligence
A5052570136,natural language processing
A5008709913,machine learning
A5088327390,machine learning
A5021848848,machine learning
A5034256022,machine learning
A5059778895,world wide web
A5087417088,natural language processing
A5038535451,operating system
A5056975635,artificial intelligence
A5043481057,data science
A5075454529,artificial intelligence
A5038999176,artificial intelligence
A5046852447,machine learning
A5065755537,artificial intelligence
A5079642748,artificial intelligence
A5024774718,artificial intelligence
A5069736258,world wide web
A5065059558,artificial intelligence
A5073916921,artificial intelligence
A5024508073,artificial intelligence
A5006551468,natural language processing
A5058717123,artificial intelligence
A5040100735,artificial intelligence
A5088395557,artificial intelligence
A5085364670,artificial intelligence
A5067679577,machine learning
A5041761117,artificial intelligence
A5030015344,machine learning
A5083128670,artificial intelligence
A5051896955,artificial intelligence
A5019416858,artificial intelligence
A5052618352,multimedia
A5069905512,multimedia
A5079659938,theoretical computer science
A5029998682,artificial intelligence
A5016486553,operating system
A5023506057,operating system
A5036896343,operating system
A5020228958,artificial intelligence
A5037828301,artificial intelligence
A5039863738,artificial intelligence
A5037588477,artificial intelligence
A5080806360,artificial intelligence
A5029638799,artificial intelligence
A5058861287,artificial intelligence
A5013544266,data mining
A5090007845,artificial intelligence
A5054234902,artificial intelligence
A5085740219,artificial intelligence
A5049101411,artificial intelligence
A5039608149,artificial intelligence
A5001104721,artificial intelligence
A5004716468,artificial intelligence
A5091168966,artificial intelligence
A5018120191,artificial intelligence
A5070593262,computer vision
A5056226189,artificial intelligence
A5023725893,artificial intelligence
A5022106172,programming language
A5011240207,artificial intelligence
A5055832559,computer security
A5005845405,artificial intelligence
A5056739333,operating system
A5061189681,artificial intelligence
A5013582293,artificial intelligence
A5033437570,artificial intelligence
A5076063244,knowledge management
A5045891559,artificial intelligence
A5053277469,artificial intelligence
A5088634271,machine learning
A5083696527,artificial intelligence
A5060037149,artificial intelligence
A5064483045,artificial intelligence
A5081408743,machine learning
A5042731205,operating system
A5004088697,artificial intelligence
A5010389927,artificial intelligence
A5051117670,artificial intelligence
A5072306206,artificial intelligence
A5046966925,artificial intelligence
A5005405897,artificial intelligence
A5078739981,artificial intelligence
A5013231828,artificial intelligence
A5069795198,artificial intelligence
A5033092581,natural language processing
A5032689840,multimedia
A5055260322,artificial intelligence
A5012699238,data science
A5060615756,information retrieval
A5088934492,artificial intelligence
A5044567059,artificial intelligence
A5031854739,machine learning
A5038616117,machine learning
A5065665796,natural language processing
A5079472796,artificial intelligence
A5043018667,artificial intelligence
A5032823944,artificial intelligence
A5049025674,multimedia
A5091720513,artificial intelligence
A5002140886,artificial intelligence
A5074847953,artificial intelligence
A5066680347,multimedia
A5013266148,artificial intelligence
A5005866826,artificial intelligence
A5083018498,operating system
A5062423030,database
A5048165304,artificial intelligence
A5063538858,artificial intelligence
A5090316964,artificial intelligence
A5047113573,artificial intelligence
A5002215730,artificial intelligence
A5055172844,natural language processing
A5029215958,machine learning
A5034956398,computer security
A5090768901,computer security
A5054271157,artificial intelligence
A5071063933,machine learning
A5015196407,database
A5018148669,artificial intelligence
A5045719804,artificial intelligence
A5030699007,computer vision
A5013074027,database
A5004949022,artificial intelligence
A5073655843,artificial intelligence
A5082301986,artificial intelligence
A5080168999,artificial intelligence
A5069886923,artificial intelligence
A5033151214,artificial intelligence
A5065405793,artificial intelligence
A5006256668,artificial intelligence
A5010194242,artificial intelligence
A5017159721,artificial intelligence
A5051355825,artificial intelligence
A5046283740,artificial intelligence
A5014433684,artificial intelligence
A5049846565,programming language
A5006825413,multimedia
A5004218907,operating system
A5026767648,artificial intelligence
A5014875283,artificial intelligence
A5024770025,artificial intelligence
A5053469140,machine learning
A5006454902,artificial intelligence
A5074899254,artificial intelligence
A5062518489,natural language processing
A5035086666,artificial intelligence
A5018486397,artificial intelligence
A5026103260,artificial intelligence
A5052898223,artificial intelligence
A5040499361,artificial intelligence
A5031454194,operating system
A5045795555,operating system
A5056569092,computer vision
A5008218695,operating system
A5005003129,data mining
A5020920051,natural language processing
A5058816832,natural language processing
A5010847404,operating system
A5029231792,artificial intelligence
A5058142269,artificial intelligence
A5016574855,artificial intelligence
A5040720506,artificial intelligence
A5072514168,multimedia
A5040045740,multimedia
A5034723351,multimedia
A5091494945,machine learning
A5038181926,artificial intelligence
A5028016065,artificial intelligence
A5036029722,artificial intelligence
A5050406382,artificial intelligence
A5032418457,machine learning
A5029305480,machine learning
A5071176843,machine learning
A5076927567,artificial intelligence
A5067201843,artificial intelligence
A5009378471,operating system
A5067758248,data mining
A5004299578,artificial intelligence
A5046408365,speech recognition
A5080036358,artificial intelligence
A5020700841,artificial intelligence
A5090251402,artificial intelligence
A5074061429,artificial intelligence
A5009447334,operating system
A5054136412,operating system
A5021770255,artificial intelligence
A5039378680,artificial intelligence
A5060965727,operating system
A5052698941,artificial intelligence
A5003706724,machine learning
A5019321894,artificial intelligence
A5018887199,artificial intelligence
A5021491998,artificial intelligence
A5089070377,artificial intelligence
A5016944686,artificial intelligence
A5031672975,artificial intelligence
A5040777773,operating system
A5007143577,artificial intelligence
A5047868434,artificial intelligence
A5090395044,artificial intelligence
A5060942576,artificial intelligence
A5053981414,artificial intelligence
A5018865174,machine learning
A5010638556,natural language processing
A5090348937,machine learning
A5050344265,artificial intelligence
A5026948346,machine learning
A5021807029,artificial intelligence
A5034611979,artificial intelligence
A5011613534,artificial intelligence
A5067737343,artificial intelligence
A5053508579,operating system
A5012221320,operating system
A5026013696,artificial intelligence
A5048543932,artificial intelligence
A5045383162,artificial intelligence
A5030794947,artificial intelligence
A5002301499,data science
A5061055780,artificial intelligence
A5070245697,computer vision
A5036557942,artificial intelligence
A5064562081,theoretical computer science
A5012309808,theoretical computer science
A5058024914,artificial intelligence
A5088622767,artificial intelligence
A5061469691,multimedia
A5041243287,artificial intelligence
A5061257179,artificial intelligence
A5004191261,artificial intelligence
A5060385239,artificial intelligence
A5038441280,operating system
A5091166133,knowledge management
A5074731089,artificial intelligence
A5079605311,machine learning
A5037987949,computer vision
A5046253476,programming language
A5080465910,artificial intelligence
A5036483175,data mining
A5055535839,artificial intelligence
A5065494815,artificial intelligence
A5002185269,information retrieval
A5072229035,artificial intelligence
A5044538157,knowledge management
A5000497583,knowledge management
A5021649700,artificial intelligence
A5053988311,artificial intelligence
A5012135966,artificial intelligence
A5060333745,data science
A5044222038,artificial intelligence
A5037779332,operating system
A5067423102,theoretical computer science
A5061470462,operating system
A5077232157,artificial intelligence
A5045565571,artificial intelligence
A5078404504,data mining
A5007123290,artificial intelligence
A5029695974,operating system
A5088547945,operating system
A5028225869,operating system
A5047749008,artificial intelligence
A5020377758,artificial intelligence
A5015034523,machine learning
A5033813017,computer vision
A5082467200,artificial intelligence
A5049397370,computer network
A5055710770,computer network
A5082870599,computer vision
